{"type":"FeatureCollection","name":"co_natural_stream_detail_0p2_x-525_y191_v1","metadata":{"description":"Colorado natural named stream/rivers close-zoom detail tile. Excludes likely human-altered named linework.","version":"v1","gridSizeDegrees":0.2,"tileX":-525,"tileY":191,"bounds":{"west":-105,"south":38.2,"east":-104.80000000000001,"north":38.400000000000006},"source":"C:\\ct-atlas-data\\processed\\geojson\\interpreted\\colorado_cutthroat_huc8_stream_context_named_v1.geojson"},"features":[{"type":"Feature","properties":{"huc8":"11020002","huc8Name":"Upper Arkansas","historic":"yellowfin","current":"introduced","recovery":"recoveryWatch","lineageKey":"yellowfin","lineageLabel":"Yellowfin / Arkansas headwaters historical form","basin":"Upper Arkansas","note":"Atlas model treats Arkansas watershed as Yellowfin historical context","state":"CO","confidence":"HUC8 drainage context / generalized","geometryStatus":"natural_stream_detail_tile_from_full_interpreted_layer","troutSource":"HUC8 lineage assignment v1 / review needed","sourceName":"North Red Creek","name":"North Red Creek","source_id":"158691037","length_km":0.017,"FType":460,"FCode":46003,"atlas_class":"streamriver","display_name":"North Red Creek","stream_role":"natural_stream_detail_context","sourceLayer":"colorado_natural_stream_detail_tiles_v1","sourceLabel":"Colorado natural stream detail tiles v1","sensitivity":"generalized"},"geometry":{"type":"LineString","coordinates":[[-104.99648,38.23012],[-104.99633,38.23022]]}},{"type":"Feature","properties":{"huc8":"11020002","huc8Name":"Upper Arkansas","historic":"yellowfin","current":"introduced","recovery":"recoveryWatch","lineageKey":"yellowfin","lineageLabel":"Yellowfin / Arkansas headwaters historical form","basin":"Upper Arkansas","note":"Atlas model treats Arkansas watershed as Yellowfin historical context","state":"CO","confidence":"HUC8 drainage context / generalized","geometryStatus":"natural_stream_detail_tile_from_full_interpreted_layer","troutSource":"HUC8 lineage assignment v1 / review needed","sourceName":"South Red Creek","name":"South Red Creek","source_id":"158691007","length_km":0.12,"FType":460,"FCode":46003,"atlas_class":"streamriver","display_name":"South Red Creek","stream_role":"natural_stream_detail_context","sourceLayer":"colorado_natural_stream_detail_tiles_v1","sourceLabel":"Colorado natural stream detail tiles v1","sensitivity":"generalized"},"geometry":{"type":"LineString","coordinates":[[-104.99085,38.20267],[-104.9903,38.20363]]}},{"type":"Feature","properties":{"huc8":"11020002","huc8Name":"Upper Arkansas","historic":"yellowfin","current":"introduced","recovery":"recoveryWatch","lineageKey":"yellowfin","lineageLabel":"Yellowfin / Arkansas headwaters historical form","basin":"Upper Arkansas","note":"Atlas model treats Arkansas watershed as Yellowfin historical context","state":"CO","confidence":"HUC8 drainage context / generalized","geometryStatus":"natural_stream_detail_tile_from_full_interpreted_layer","troutSource":"HUC8 lineage assignment v1 / review needed","sourceName":"South Red Creek","name":"South Red Creek","source_id":"158690927","length_km":0.079,"FType":460,"FCode":46003,"atlas_class":"streamriver","display_name":"South Red Creek","stream_role":"natural_stream_detail_context","sourceLayer":"colorado_natural_stream_detail_tiles_v1","sourceLabel":"Colorado natural stream detail tiles v1","sensitivity":"generalized"},"geometry":{"type":"LineString","coordinates":[[-104.99164,38.20156],[-104.99172,38.20212]]}},{"type":"Feature","properties":{"huc8":"11020002","huc8Name":"Upper Arkansas","historic":"yellowfin","current":"introduced","recovery":"recoveryWatch","lineageKey":"yellowfin","lineageLabel":"Yellowfin / Arkansas headwaters historical form","basin":"Upper Arkansas","note":"Atlas model treats Arkansas watershed as Yellowfin historical context","state":"CO","confidence":"HUC8 drainage context / generalized","geometryStatus":"natural_stream_detail_tile_from_full_interpreted_layer","troutSource":"HUC8 lineage assignment v1 / review needed","sourceName":"Red Creek","name":"Red Creek","source_id":"127949860","length_km":2.082,"FType":460,"FCode":46003,"atlas_class":"streamriver","display_name":"Red Creek","stream_role":"natural_stream_detail_context","sourceLayer":"colorado_natural_stream_detail_tiles_v1","sourceLabel":"Colorado natural stream detail tiles v1","sensitivity":"generalized"},"geometry":{"type":"LineString","coordinates":[[-104.98098,38.26158],[-104.97993,38.26542],[-104.97574,38.26591],[-104.97472,38.26807],[-104.97459,38.26994],[-104.96788,38.27411]]}},{"type":"Feature","properties":{"huc8":"11020002","huc8Name":"Upper Arkansas","historic":"yellowfin","current":"introduced","recovery":"recoveryWatch","lineageKey":"yellowfin","lineageLabel":"Yellowfin / Arkansas headwaters historical form","basin":"Upper Arkansas","note":"Atlas model treats Arkansas watershed as Yellowfin historical context","state":"CO","confidence":"HUC8 drainage context / generalized","geometryStatus":"natural_stream_detail_tile_from_full_interpreted_layer","troutSource":"HUC8 lineage assignment v1 / review needed","sourceName":"Beaver Creek","name":"Beaver Creek","source_id":"127969041","length_km":0.81207612,"FType":460,"FCode":46003,"atlas_class":"streamriver","display_name":"Beaver Creek","stream_role":"natural_stream_detail_context","sourceLayer":"colorado_natural_stream_detail_tiles_v1","sourceLabel":"Colorado natural stream detail tiles v1","sensitivity":"generalized"},"geometry":{"type":"LineString","coordinates":[[-104.94928,38.37787],[-104.95078,38.37636],[-104.95432,38.37735],[-104.95701,38.37667]]}},{"type":"Feature","properties":{"huc8":"11020002","huc8Name":"Upper Arkansas","historic":"yellowfin","current":"introduced","recovery":"recoveryWatch","lineageKey":"yellowfin","lineageLabel":"Yellowfin / Arkansas headwaters historical form","basin":"Upper Arkansas","note":"Atlas model treats Arkansas watershed as Yellowfin historical context","state":"CO","confidence":"HUC8 drainage context / generalized","geometryStatus":"natural_stream_detail_tile_from_full_interpreted_layer","troutSource":"HUC8 lineage assignment v1 / review needed","sourceName":"Rush Creek","name":"Rush Creek","source_id":"127947328","length_km":1.013,"FType":460,"FCode":46003,"atlas_class":"streamriver","display_name":"Rush Creek","stream_role":"natural_stream_detail_context","sourceLayer":"colorado_natural_stream_detail_tiles_v1","sourceLabel":"Colorado natural stream detail tiles v1","sensitivity":"generalized"},"geometry":{"type":"LineString","coordinates":[[-104.95208,38.23375],[-104.95125,38.23489],[-104.94956,38.23497],[-104.94915,38.23596],[-104.94307,38.23585]]}},{"type":"Feature","properties":{"huc8":"11020002","huc8Name":"Upper Arkansas","historic":"yellowfin","current":"introduced","recovery":"recoveryWatch","lineageKey":"yellowfin","lineageLabel":"Yellowfin / Arkansas headwaters historical form","basin":"Upper Arkansas","note":"Atlas model treats Arkansas watershed as Yellowfin historical context","state":"CO","confidence":"HUC8 drainage context / generalized","geometryStatus":"natural_stream_detail_tile_from_full_interpreted_layer","troutSource":"HUC8 lineage assignment v1 / review needed","sourceName":"Red Creek","name":"Red Creek","source_id":"127949859","length_km":0.272,"FType":460,"FCode":46003,"atlas_class":"streamriver","display_name":"Red Creek","stream_role":"natural_stream_detail_context","sourceLayer":"colorado_natural_stream_detail_tiles_v1","sourceLabel":"Colorado natural stream detail tiles v1","sensitivity":"generalized"},"geometry":{"type":"LineString","coordinates":[[-104.95056,38.28931],[-104.95202,38.29026],[-104.95205,38.29098]]}},{"type":"Feature","properties":{"huc8":"11020002","huc8Name":"Upper Arkansas","historic":"yellowfin","current":"introduced","recovery":"recoveryWatch","lineageKey":"yellowfin","lineageLabel":"Yellowfin / Arkansas headwaters historical form","basin":"Upper Arkansas","note":"Atlas model treats Arkansas watershed as Yellowfin historical context","state":"CO","confidence":"HUC8 drainage context / generalized","geometryStatus":"natural_stream_detail_tile_from_full_interpreted_layer","troutSource":"HUC8 lineage assignment v1 / review needed","sourceName":"Rush Creek","name":"Rush Creek","source_id":"127947330","length_km":0.276,"FType":460,"FCode":46003,"atlas_class":"streamriver","display_name":"Rush Creek","stream_role":"natural_stream_detail_context","sourceLayer":"colorado_natural_stream_detail_tiles_v1","sourceLabel":"Colorado natural stream detail tiles v1","sensitivity":"generalized"},"geometry":{"type":"LineString","coordinates":[[-104.96512,38.21712],[-104.96349,38.21911]]}},{"type":"Feature","properties":{"huc8":"11020002","huc8Name":"Upper Arkansas","historic":"yellowfin","current":"introduced","recovery":"recoveryWatch","lineageKey":"yellowfin","lineageLabel":"Yellowfin / Arkansas headwaters historical form","basin":"Upper Arkansas","note":"Atlas model treats Arkansas watershed as Yellowfin historical context","state":"CO","confidence":"HUC8 drainage context / generalized","geometryStatus":"natural_stream_detail_tile_from_full_interpreted_layer","troutSource":"HUC8 lineage assignment v1 / review needed","sourceName":"South Red Creek","name":"South Red Creek","source_id":"158690928","length_km":0.198,"FType":460,"FCode":46003,"atlas_class":"streamriver","display_name":"South Red Creek","stream_role":"natural_stream_detail_context","sourceLayer":"colorado_natural_stream_detail_tiles_v1","sourceLabel":"Colorado natural stream detail tiles v1","sensitivity":"generalized"},"geometry":{"type":"LineString","coordinates":[[-104.99321,38.206],[-104.99159,38.20717]]}},{"type":"Feature","properties":{"huc8":"11020002","huc8Name":"Upper Arkansas","historic":"yellowfin","current":"introduced","recovery":"recoveryWatch","lineageKey":"yellowfin","lineageLabel":"Yellowfin / Arkansas headwaters historical form","basin":"Upper Arkansas","note":"Atlas model treats Arkansas watershed as Yellowfin historical context","state":"CO","confidence":"HUC8 drainage context / generalized","geometryStatus":"natural_stream_detail_tile_from_full_interpreted_layer","troutSource":"HUC8 lineage assignment v1 / review needed","sourceName":"Peck Creek","name":"Peck Creek","source_id":"127947357","length_km":0.9,"FType":460,"FCode":46003,"atlas_class":"streamriver","display_name":"Peck Creek","stream_role":"natural_stream_detail_context","sourceLayer":"colorado_natural_stream_detail_tiles_v1","sourceLabel":"Colorado natural stream detail tiles v1","sensitivity":"generalized"},"geometry":{"type":"LineString","coordinates":[[-104.85427,38.22456],[-104.85273,38.22493],[-104.84936,38.2226],[-104.84737,38.22412],[-104.84666,38.2237]]}},{"type":"Feature","properties":{"huc8":"11020002","huc8Name":"Upper Arkansas","historic":"yellowfin","current":"introduced","recovery":"recoveryWatch","lineageKey":"yellowfin","lineageLabel":"Yellowfin / Arkansas headwaters historical form","basin":"Upper Arkansas","note":"Atlas model treats Arkansas watershed as Yellowfin historical context","state":"CO","confidence":"HUC8 drainage context / generalized","geometryStatus":"natural_stream_detail_tile_from_full_interpreted_layer","troutSource":"HUC8 lineage assignment v1 / review needed","sourceName":"Rush Creek","name":"Rush Creek","source_id":"127972689","length_km":0.055,"FType":460,"FCode":46006,"atlas_class":"streamriver","display_name":"Rush Creek","stream_role":"natural_stream_detail_context","sourceLayer":"colorado_natural_stream_detail_tiles_v1","sourceLabel":"Colorado natural stream detail tiles v1","sensitivity":"generalized"},"geometry":{"type":"LineString","coordinates":[[-104.89335,38.2623],[-104.89279,38.26253]]}},{"type":"Feature","properties":{"huc8":"11020002","huc8Name":"Upper Arkansas","historic":"yellowfin","current":"introduced","recovery":"recoveryWatch","lineageKey":"yellowfin","lineageLabel":"Yellowfin / Arkansas headwaters historical form","basin":"Upper Arkansas","note":"Atlas model treats Arkansas watershed as Yellowfin historical context","state":"CO","confidence":"HUC8 drainage context / generalized","geometryStatus":"natural_stream_detail_tile_from_full_interpreted_layer","troutSource":"HUC8 lineage assignment v1 / review needed","sourceName":"Rush Creek","name":"Rush Creek","source_id":"127947323","length_km":0.65,"FType":460,"FCode":46003,"atlas_class":"streamriver","display_name":"Rush Creek","stream_role":"natural_stream_detail_context","sourceLayer":"colorado_natural_stream_detail_tiles_v1","sourceLabel":"Colorado natural stream detail tiles v1","sensitivity":"generalized"},"geometry":{"type":"LineString","coordinates":[[-104.9398,38.23628],[-104.93825,38.23688],[-104.93678,38.23656],[-104.93613,38.23732],[-104.93359,38.23812]]}},{"type":"Feature","properties":{"huc8":"11020002","huc8Name":"Upper Arkansas","historic":"yellowfin","current":"introduced","recovery":"recoveryWatch","lineageKey":"yellowfin","lineageLabel":"Yellowfin / Arkansas headwaters historical form","basin":"Upper Arkansas","note":"Atlas model treats Arkansas watershed as Yellowfin historical context","state":"CO","confidence":"HUC8 drainage context / generalized","geometryStatus":"natural_stream_detail_tile_from_full_interpreted_layer","troutSource":"HUC8 lineage assignment v1 / review needed","sourceName":"Beaver Creek","name":"Beaver Creek","source_id":"127969037","length_km":0.3,"FType":460,"FCode":46003,"atlas_class":"streamriver","display_name":"Beaver Creek","stream_role":"natural_stream_detail_context","sourceLayer":"colorado_natural_stream_detail_tiles_v1","sourceLabel":"Colorado natural stream detail tiles v1","sensitivity":"generalized"},"geometry":{"type":"LineString","coordinates":[[-104.9471,38.37964],[-104.94928,38.37787]]}},{"type":"Feature","properties":{"huc8":"11020002","huc8Name":"Upper Arkansas","historic":"yellowfin","current":"introduced","recovery":"recoveryWatch","lineageKey":"yellowfin","lineageLabel":"Yellowfin / Arkansas headwaters historical form","basin":"Upper Arkansas","note":"Atlas model treats Arkansas watershed as Yellowfin historical context","state":"CO","confidence":"HUC8 drainage context / generalized","geometryStatus":"natural_stream_detail_tile_from_full_interpreted_layer","troutSource":"HUC8 lineage assignment v1 / review needed","sourceName":"Beaver Creek","name":"Beaver Creek","source_id":"127969029","length_km":0.542,"FType":460,"FCode":46003,"atlas_class":"streamriver","display_name":"Beaver Creek","stream_role":"natural_stream_detail_context","sourceLayer":"colorado_natural_stream_detail_tiles_v1","sourceLabel":"Colorado natural stream detail tiles v1","sensitivity":"generalized"},"geometry":{"type":"LineString","coordinates":[[-104.94251,38.39694],[-104.94067,38.3936],[-104.93934,38.39313]]}},{"type":"Feature","properties":{"huc8":"11020002","huc8Name":"Upper Arkansas","historic":"yellowfin","current":"introduced","recovery":"recoveryWatch","lineageKey":"yellowfin","lineageLabel":"Yellowfin / Arkansas headwaters historical form","basin":"Upper Arkansas","note":"Atlas model treats Arkansas watershed as Yellowfin historical context","state":"CO","confidence":"HUC8 drainage context / generalized","geometryStatus":"natural_stream_detail_tile_from_full_interpreted_layer","troutSource":"HUC8 lineage assignment v1 / review needed","sourceName":"Turkey Creek","name":"Turkey Creek","source_id":"127946596","length_km":0.659,"FType":460,"FCode":46003,"atlas_class":"streamriver","display_name":"Turkey Creek","stream_role":"natural_stream_detail_context","sourceLayer":"colorado_natural_stream_detail_tiles_v1","sourceLabel":"Colorado natural stream detail tiles v1","sensitivity":"generalized"},"geometry":{"type":"LineString","coordinates":[[-104.82437,38.31183],[-104.82571,38.30777],[-104.82739,38.30717]]}},{"type":"Feature","properties":{"huc8":"11020002","huc8Name":"Upper Arkansas","historic":"yellowfin","current":"introduced","recovery":"recoveryWatch","lineageKey":"yellowfin","lineageLabel":"Yellowfin / Arkansas headwaters historical form","basin":"Upper Arkansas","note":"Atlas model treats Arkansas watershed as Yellowfin historical context","state":"CO","confidence":"HUC8 drainage context / generalized","geometryStatus":"natural_stream_detail_tile_from_full_interpreted_layer","troutSource":"HUC8 lineage assignment v1 / review needed","sourceName":"Rush Creek","name":"Rush Creek","source_id":"127947339","length_km":0.569,"FType":460,"FCode":46003,"atlas_class":"streamriver","display_name":"Rush Creek","stream_role":"natural_stream_detail_context","sourceLayer":"colorado_natural_stream_detail_tiles_v1","sourceLabel":"Colorado natural stream detail tiles v1","sensitivity":"generalized"},"geometry":{"type":"LineString","coordinates":[[-104.97717,38.20171],[-104.97689,38.20302],[-104.97488,38.20507],[-104.97506,38.20612]]}},{"type":"Feature","properties":{"huc8":"11020002","huc8Name":"Upper Arkansas","historic":"yellowfin","current":"introduced","recovery":"recoveryWatch","lineageKey":"yellowfin","lineageLabel":"Yellowfin / Arkansas headwaters historical form","basin":"Upper Arkansas","note":"Atlas model treats Arkansas watershed as Yellowfin historical context","state":"CO","confidence":"HUC8 drainage context / generalized","geometryStatus":"natural_stream_detail_tile_from_full_interpreted_layer","troutSource":"HUC8 lineage assignment v1 / review needed","sourceName":"Turkey Creek","name":"Turkey Creek","source_id":"127946613","length_km":1.092,"FType":460,"FCode":46003,"atlas_class":"streamriver","display_name":"Turkey Creek","stream_role":"natural_stream_detail_context","sourceLayer":"colorado_natural_stream_detail_tiles_v1","sourceLabel":"Colorado natural stream detail tiles v1","sensitivity":"generalized"},"geometry":{"type":"LineString","coordinates":[[-104.84263,38.37176],[-104.84226,38.37106],[-104.8436,38.3698],[-104.84342,38.36905],[-104.84437,38.36743],[-104.83862,38.36657]]}},{"type":"Feature","properties":{"huc8":"11020002","huc8Name":"Upper Arkansas","historic":"yellowfin","current":"introduced","recovery":"recoveryWatch","lineageKey":"yellowfin","lineageLabel":"Yellowfin / Arkansas headwaters historical form","basin":"Upper Arkansas","note":"Atlas model treats Arkansas watershed as Yellowfin historical context","state":"CO","confidence":"HUC8 drainage context / generalized","geometryStatus":"natural_stream_detail_tile_from_full_interpreted_layer","troutSource":"HUC8 lineage assignment v1 / review needed","sourceName":"Turkey Creek","name":"Turkey Creek","source_id":"127946605","length_km":0.916,"FType":460,"FCode":46003,"atlas_class":"streamriver","display_name":"Turkey Creek","stream_role":"natural_stream_detail_context","sourceLayer":"colorado_natural_stream_detail_tiles_v1","sourceLabel":"Colorado natural stream detail tiles v1","sensitivity":"generalized"},"geometry":{"type":"LineString","coordinates":[[-104.83649,38.36316],[-104.83489,38.3607],[-104.8364,38.35771],[-104.83445,38.35649]]}},{"type":"Feature","properties":{"huc8":"11020002","huc8Name":"Upper Arkansas","historic":"yellowfin","current":"introduced","recovery":"recoveryWatch","lineageKey":"yellowfin","lineageLabel":"Yellowfin / Arkansas headwaters historical form","basin":"Upper Arkansas","note":"Atlas model treats Arkansas watershed as Yellowfin historical context","state":"CO","confidence":"HUC8 drainage context / generalized","geometryStatus":"natural_stream_detail_tile_from_full_interpreted_layer","troutSource":"HUC8 lineage assignment v1 / review needed","sourceName":"South Red Creek","name":"South Red Creek","source_id":"158690950","length_km":1.016,"FType":460,"FCode":46003,"atlas_class":"streamriver","display_name":"South Red Creek","stream_role":"natural_stream_detail_context","sourceLayer":"colorado_natural_stream_detail_tiles_v1","sourceLabel":"Colorado natural stream detail tiles v1","sensitivity":"generalized"},"geometry":{"type":"LineString","coordinates":[[-104.99013,38.22576],[-104.99042,38.22753],[-104.98799,38.22835],[-104.98723,38.23062],[-104.98915,38.23019],[-104.9901,38.23066]]}},{"type":"Feature","properties":{"huc8":"11020002","huc8Name":"Upper Arkansas","historic":"yellowfin","current":"introduced","recovery":"recoveryWatch","lineageKey":"yellowfin","lineageLabel":"Yellowfin / Arkansas headwaters historical form","basin":"Upper Arkansas","note":"Atlas model treats Arkansas watershed as Yellowfin historical context","state":"CO","confidence":"HUC8 drainage context / generalized","geometryStatus":"natural_stream_detail_tile_from_full_interpreted_layer","troutSource":"HUC8 lineage assignment v1 / review needed","sourceName":"Peck Creek","name":"Peck Creek","source_id":"127947364","length_km":0.565,"FType":460,"FCode":46003,"atlas_class":"streamriver","display_name":"Peck Creek","stream_role":"natural_stream_detail_context","sourceLayer":"colorado_natural_stream_detail_tiles_v1","sourceLabel":"Colorado natural stream detail tiles v1","sensitivity":"generalized"},"geometry":{"type":"LineString","coordinates":[[-104.88935,38.20397],[-104.8874,38.2031],[-104.88437,38.20349],[-104.88417,38.20396]]}},{"type":"Feature","properties":{"huc8":"11020002","huc8Name":"Upper Arkansas","historic":"yellowfin","current":"introduced","recovery":"recoveryWatch","lineageKey":"yellowfin","lineageLabel":"Yellowfin / Arkansas headwaters historical form","basin":"Upper Arkansas","note":"Atlas model treats Arkansas watershed as Yellowfin historical context","state":"CO","confidence":"HUC8 drainage context / generalized","geometryStatus":"natural_stream_detail_tile_from_full_interpreted_layer","troutSource":"HUC8 lineage assignment v1 / review needed","sourceName":"Red Creek","name":"Red Creek","source_id":"127949857","length_km":0.927,"FType":460,"FCode":46003,"atlas_class":"streamriver","display_name":"Red Creek","stream_role":"natural_stream_detail_context","sourceLayer":"colorado_natural_stream_detail_tiles_v1","sourceLabel":"Colorado natural stream detail tiles v1","sensitivity":"generalized"},"geometry":{"type":"LineString","coordinates":[[-104.95205,38.29098],[-104.94979,38.29254],[-104.94829,38.29233],[-104.9493,38.2943],[-104.94691,38.29349]]}},{"type":"Feature","properties":{"huc8":"11020002","huc8Name":"Upper Arkansas","historic":"yellowfin","current":"introduced","recovery":"recoveryWatch","lineageKey":"yellowfin","lineageLabel":"Yellowfin / Arkansas headwaters historical form","basin":"Upper Arkansas","note":"Atlas model treats Arkansas watershed as Yellowfin historical context","state":"CO","confidence":"HUC8 drainage context / generalized","geometryStatus":"natural_stream_detail_tile_from_full_interpreted_layer","troutSource":"HUC8 lineage assignment v1 / review needed","sourceName":"Red Creek","name":"Red Creek","source_id":"158690957","length_km":0.317,"FType":460,"FCode":46003,"atlas_class":"streamriver","display_name":"Red Creek","stream_role":"natural_stream_detail_context","sourceLayer":"colorado_natural_stream_detail_tiles_v1","sourceLabel":"Colorado natural stream detail tiles v1","sensitivity":"generalized"},"geometry":{"type":"LineString","coordinates":[[-104.98841,38.24144],[-104.98657,38.24387]]}},{"type":"Feature","properties":{"huc8":"11020002","huc8Name":"Upper Arkansas","historic":"yellowfin","current":"introduced","recovery":"recoveryWatch","lineageKey":"yellowfin","lineageLabel":"Yellowfin / Arkansas headwaters historical form","basin":"Upper Arkansas","note":"Atlas model treats Arkansas watershed as Yellowfin historical context","state":"CO","confidence":"HUC8 drainage context / generalized","geometryStatus":"natural_stream_detail_tile_from_full_interpreted_layer","troutSource":"HUC8 lineage assignment v1 / review needed","sourceName":"Red Creek","name":"Red Creek","source_id":"158690958","length_km":0.041,"FType":460,"FCode":46003,"atlas_class":"streamriver","display_name":"Red Creek","stream_role":"natural_stream_detail_context","sourceLayer":"colorado_natural_stream_detail_tiles_v1","sourceLabel":"Colorado natural stream detail tiles v1","sensitivity":"generalized"},"geometry":{"type":"LineString","coordinates":[[-104.98622,38.24854],[-104.98601,38.24887]]}},{"type":"Feature","properties":{"huc8":"11020002","huc8Name":"Upper Arkansas","historic":"yellowfin","current":"introduced","recovery":"recoveryWatch","lineageKey":"yellowfin","lineageLabel":"Yellowfin / Arkansas headwaters historical form","basin":"Upper Arkansas","note":"Atlas model treats Arkansas watershed as Yellowfin historical context","state":"CO","confidence":"HUC8 drainage context / generalized","geometryStatus":"natural_stream_detail_tile_from_full_interpreted_layer","troutSource":"HUC8 lineage assignment v1 / review needed","sourceName":"Peck Creek","name":"Peck Creek","source_id":"127947371","length_km":0.177,"FType":460,"FCode":46003,"atlas_class":"streamriver","display_name":"Peck Creek","stream_role":"natural_stream_detail_context","sourceLayer":"colorado_natural_stream_detail_tiles_v1","sourceLabel":"Colorado natural stream detail tiles v1","sensitivity":"generalized"},"geometry":{"type":"LineString","coordinates":[[-104.87912,38.20341],[-104.87744,38.20366]]}},{"type":"Feature","properties":{"huc8":"11020002","huc8Name":"Upper Arkansas","historic":"yellowfin","current":"introduced","recovery":"recoveryWatch","lineageKey":"yellowfin","lineageLabel":"Yellowfin / Arkansas headwaters historical form","basin":"Upper Arkansas","note":"Atlas model treats Arkansas watershed as Yellowfin historical context","state":"CO","confidence":"HUC8 drainage context / generalized","geometryStatus":"natural_stream_detail_tile_from_full_interpreted_layer","troutSource":"HUC8 lineage assignment v1 / review needed","sourceName":"Peck Creek","name":"Peck Creek","source_id":"158691499","length_km":0.04,"FType":460,"FCode":46003,"atlas_class":"streamriver","display_name":"Peck Creek","stream_role":"natural_stream_detail_context","sourceLayer":"colorado_natural_stream_detail_tiles_v1","sourceLabel":"Colorado natural stream detail tiles v1","sensitivity":"generalized"},"geometry":{"type":"LineString","coordinates":[[-104.87682,38.20414],[-104.8765,38.2044]]}},{"type":"Feature","properties":{"huc8":"11020002","huc8Name":"Upper Arkansas","historic":"yellowfin","current":"introduced","recovery":"recoveryWatch","lineageKey":"yellowfin","lineageLabel":"Yellowfin / Arkansas headwaters historical form","basin":"Upper Arkansas","note":"Atlas model treats Arkansas watershed as Yellowfin historical context","state":"CO","confidence":"HUC8 drainage context / generalized","geometryStatus":"natural_stream_detail_tile_from_full_interpreted_layer","troutSource":"HUC8 lineage assignment v1 / review needed","sourceName":"Peck Creek","name":"Peck Creek","source_id":"127947375","length_km":0.064,"FType":460,"FCode":46003,"atlas_class":"streamriver","display_name":"Peck Creek","stream_role":"natural_stream_detail_context","sourceLayer":"colorado_natural_stream_detail_tiles_v1","sourceLabel":"Colorado natural stream detail tiles v1","sensitivity":"generalized"},"geometry":{"type":"LineString","coordinates":[[-104.87602,38.20451],[-104.87532,38.20439]]}},{"type":"Feature","properties":{"huc8":"11020002","huc8Name":"Upper Arkansas","historic":"yellowfin","current":"introduced","recovery":"recoveryWatch","lineageKey":"yellowfin","lineageLabel":"Yellowfin / Arkansas headwaters historical form","basin":"Upper Arkansas","note":"Atlas model treats Arkansas watershed as Yellowfin historical context","state":"CO","confidence":"HUC8 drainage context / generalized","geometryStatus":"natural_stream_detail_tile_from_full_interpreted_layer","troutSource":"HUC8 lineage assignment v1 / review needed","sourceName":"Peck Creek","name":"Peck Creek","source_id":"127947376","length_km":0.244,"FType":460,"FCode":46003,"atlas_class":"streamriver","display_name":"Peck Creek","stream_role":"natural_stream_detail_context","sourceLayer":"colorado_natural_stream_detail_tiles_v1","sourceLabel":"Colorado natural stream detail tiles v1","sensitivity":"generalized"},"geometry":{"type":"LineString","coordinates":[[-104.87532,38.20439],[-104.87415,38.20518],[-104.87293,38.2052]]}},{"type":"Feature","properties":{"huc8":"11020002","huc8Name":"Upper Arkansas","historic":"yellowfin","current":"introduced","recovery":"recoveryWatch","lineageKey":"yellowfin","lineageLabel":"Yellowfin / Arkansas headwaters historical form","basin":"Upper Arkansas","note":"Atlas model treats Arkansas watershed as Yellowfin historical context","state":"CO","confidence":"HUC8 drainage context / generalized","geometryStatus":"natural_stream_detail_tile_from_full_interpreted_layer","troutSource":"HUC8 lineage assignment v1 / review needed","sourceName":"Rush Creek","name":"Rush Creek","source_id":"127971333","length_km":0.135,"FType":460,"FCode":46006,"atlas_class":"streamriver","display_name":"Rush Creek","stream_role":"natural_stream_detail_context","sourceLayer":"colorado_natural_stream_detail_tiles_v1","sourceLabel":"Colorado natural stream detail tiles v1","sensitivity":"generalized"},"geometry":{"type":"LineString","coordinates":[[-104.88301,38.27001],[-104.88257,38.27116]]}},{"type":"Feature","properties":{"huc8":"11020002","huc8Name":"Upper Arkansas","historic":"yellowfin","current":"introduced","recovery":"recoveryWatch","lineageKey":"yellowfin","lineageLabel":"Yellowfin / Arkansas headwaters historical form","basin":"Upper Arkansas","note":"Atlas model treats Arkansas watershed as Yellowfin historical context","state":"CO","confidence":"HUC8 drainage context / generalized","geometryStatus":"natural_stream_detail_tile_from_full_interpreted_layer","troutSource":"HUC8 lineage assignment v1 / review needed","sourceName":"Red Creek","name":"Red Creek","source_id":"158690979","length_km":0.331,"FType":460,"FCode":46003,"atlas_class":"streamriver","display_name":"Red Creek","stream_role":"natural_stream_detail_context","sourceLayer":"colorado_natural_stream_detail_tiles_v1","sourceLabel":"Colorado natural stream detail tiles v1","sensitivity":"generalized"},"geometry":{"type":"LineString","coordinates":[[-104.99027,38.2355],[-104.98883,38.23806]]}},{"type":"Feature","properties":{"huc8":"11020002","huc8Name":"Upper Arkansas","historic":"yellowfin","current":"introduced","recovery":"recoveryWatch","lineageKey":"yellowfin","lineageLabel":"Yellowfin / Arkansas headwaters historical form","basin":"Upper Arkansas","note":"Atlas model treats Arkansas watershed as Yellowfin historical context","state":"CO","confidence":"HUC8 drainage context / generalized","geometryStatus":"natural_stream_detail_tile_from_full_interpreted_layer","troutSource":"HUC8 lineage assignment v1 / review needed","sourceName":"Turkey Creek","name":"Turkey Creek","source_id":"127946608","length_km":0.822,"FType":460,"FCode":46003,"atlas_class":"streamriver","display_name":"Turkey Creek","stream_role":"natural_stream_detail_context","sourceLayer":"colorado_natural_stream_detail_tiles_v1","sourceLabel":"Colorado natural stream detail tiles v1","sensitivity":"generalized"},"geometry":{"type":"LineString","coordinates":[[-104.83401,38.3552],[-104.83383,38.35259],[-104.83498,38.35024],[-104.83552,38.35032],[-104.83631,38.34916]]}},{"type":"Feature","properties":{"huc8":"11020002","huc8Name":"Upper Arkansas","historic":"yellowfin","current":"introduced","recovery":"recoveryWatch","lineageKey":"yellowfin","lineageLabel":"Yellowfin / Arkansas headwaters historical form","basin":"Upper Arkansas","note":"Atlas model treats Arkansas watershed as Yellowfin historical context","state":"CO","confidence":"HUC8 drainage context / generalized","geometryStatus":"natural_stream_detail_tile_from_full_interpreted_layer","troutSource":"HUC8 lineage assignment v1 / review needed","sourceName":"Willow Spring Creek","name":"Willow Spring Creek","source_id":"127968588","length_km":1.593,"FType":460,"FCode":46003,"atlas_class":"streamriver","display_name":"Willow Spring Creek","stream_role":"natural_stream_detail_context","sourceLayer":"colorado_natural_stream_detail_tiles_v1","sourceLabel":"Colorado natural stream detail tiles v1","sensitivity":"generalized"},"geometry":{"type":"LineString","coordinates":[[-105.00054,38.32417],[-104.9966,38.3276],[-104.99524,38.32792],[-104.99125,38.3281],[-104.98712,38.32635],[-104.98544,38.32645]]}},{"type":"Feature","properties":{"huc8":"11020002","huc8Name":"Upper Arkansas","historic":"yellowfin","current":"introduced","recovery":"recoveryWatch","lineageKey":"yellowfin","lineageLabel":"Yellowfin / Arkansas headwaters historical form","basin":"Upper Arkansas","note":"Atlas model treats Arkansas watershed as Yellowfin historical context","state":"CO","confidence":"HUC8 drainage context / generalized","geometryStatus":"natural_stream_detail_tile_from_full_interpreted_layer","troutSource":"HUC8 lineage assignment v1 / review needed","sourceName":"Rock Creek","name":"Rock Creek","source_id":"127949328","length_km":0.56149891,"FType":460,"FCode":46003,"atlas_class":"streamriver","display_name":"Rock Creek","stream_role":"natural_stream_detail_context","sourceLayer":"colorado_natural_stream_detail_tiles_v1","sourceLabel":"Colorado natural stream detail tiles v1","sensitivity":"generalized"},"geometry":{"type":"LineString","coordinates":[[-104.80572,38.19783],[-104.80327,38.19845],[-104.803,38.19944],[-104.80184,38.19952],[-104.80183,38.20031]]}},{"type":"Feature","properties":{"huc8":"11020002","huc8Name":"Upper Arkansas","historic":"yellowfin","current":"introduced","recovery":"recoveryWatch","lineageKey":"yellowfin","lineageLabel":"Yellowfin / Arkansas headwaters historical form","basin":"Upper Arkansas","note":"Atlas model treats Arkansas watershed as Yellowfin historical context","state":"CO","confidence":"HUC8 drainage context / generalized","geometryStatus":"natural_stream_detail_tile_from_full_interpreted_layer","troutSource":"HUC8 lineage assignment v1 / review needed","sourceName":"Turkey Creek","name":"Turkey Creek","source_id":"127946590","length_km":0.548,"FType":460,"FCode":46003,"atlas_class":"streamriver","display_name":"Turkey Creek","stream_role":"natural_stream_detail_context","sourceLayer":"colorado_natural_stream_detail_tiles_v1","sourceLabel":"Colorado natural stream detail tiles v1","sensitivity":"generalized"},"geometry":{"type":"LineString","coordinates":[[-104.82739,38.30717],[-104.82941,38.30526],[-104.82701,38.3039]]}},{"type":"Feature","properties":{"huc8":"11020002","huc8Name":"Upper Arkansas","historic":"yellowfin","current":"introduced","recovery":"recoveryWatch","lineageKey":"yellowfin","lineageLabel":"Yellowfin / Arkansas headwaters historical form","basin":"Upper Arkansas","note":"Atlas model treats Arkansas watershed as Yellowfin historical context","state":"CO","confidence":"HUC8 drainage context / generalized","geometryStatus":"natural_stream_detail_tile_from_full_interpreted_layer","troutSource":"HUC8 lineage assignment v1 / review needed","sourceName":"Turkey Creek","name":"Turkey Creek","source_id":"158702728","length_km":0.137,"FType":460,"FCode":46003,"atlas_class":"streamriver","display_name":"Turkey Creek","stream_role":"natural_stream_detail_context","sourceLayer":"colorado_natural_stream_detail_tiles_v1","sourceLabel":"Colorado natural stream detail tiles v1","sensitivity":"generalized"},"geometry":{"type":"LineString","coordinates":[[-104.82492,38.31285],[-104.82437,38.31183]]}},{"type":"Feature","properties":{"huc8":"11020002","huc8Name":"Upper Arkansas","historic":"yellowfin","current":"introduced","recovery":"recoveryWatch","lineageKey":"yellowfin","lineageLabel":"Yellowfin / Arkansas headwaters historical form","basin":"Upper Arkansas","note":"Atlas model treats Arkansas watershed as Yellowfin historical context","state":"CO","confidence":"HUC8 drainage context / generalized","geometryStatus":"natural_stream_detail_tile_from_full_interpreted_layer","troutSource":"HUC8 lineage assignment v1 / review needed","sourceName":"Peck Creek","name":"Peck Creek","source_id":"127947354","length_km":0.53999526,"FType":460,"FCode":46003,"atlas_class":"streamriver","display_name":"Peck Creek","stream_role":"natural_stream_detail_context","sourceLayer":"colorado_natural_stream_detail_tiles_v1","sourceLabel":"Colorado natural stream detail tiles v1","sensitivity":"generalized"},"geometry":{"type":"LineString","coordinates":[[-104.83837,38.225],[-104.83713,38.22465],[-104.83383,38.22721]]}},{"type":"Feature","properties":{"huc8":"11020002","huc8Name":"Upper Arkansas","historic":"yellowfin","current":"introduced","recovery":"recoveryWatch","lineageKey":"yellowfin","lineageLabel":"Yellowfin / Arkansas headwaters historical form","basin":"Upper Arkansas","note":"Atlas model treats Arkansas watershed as Yellowfin historical context","state":"CO","confidence":"HUC8 drainage context / generalized","geometryStatus":"natural_stream_detail_tile_from_full_interpreted_layer","troutSource":"HUC8 lineage assignment v1 / review needed","sourceName":"Peck Creek","name":"Peck Creek","source_id":"127947355","length_km":0.35159779,"FType":460,"FCode":46003,"atlas_class":"streamriver","display_name":"Peck Creek","stream_role":"natural_stream_detail_context","sourceLayer":"colorado_natural_stream_detail_tiles_v1","sourceLabel":"Colorado natural stream detail tiles v1","sensitivity":"generalized"},"geometry":{"type":"LineString","coordinates":[[-104.83383,38.22721],[-104.83142,38.22706],[-104.83014,38.22775]]}},{"type":"Feature","properties":{"huc8":"11020002","huc8Name":"Upper Arkansas","historic":"yellowfin","current":"introduced","recovery":"recoveryWatch","lineageKey":"yellowfin","lineageLabel":"Yellowfin / Arkansas headwaters historical form","basin":"Upper Arkansas","note":"Atlas model treats Arkansas watershed as Yellowfin historical context","state":"CO","confidence":"HUC8 drainage context / generalized","geometryStatus":"natural_stream_detail_tile_from_full_interpreted_layer","troutSource":"HUC8 lineage assignment v1 / review needed","sourceName":"Peck Creek","name":"Peck Creek","source_id":"127947363","length_km":0.547,"FType":460,"FCode":46003,"atlas_class":"streamriver","display_name":"Peck Creek","stream_role":"natural_stream_detail_context","sourceLayer":"colorado_natural_stream_detail_tiles_v1","sourceLabel":"Colorado natural stream detail tiles v1","sensitivity":"generalized"},"geometry":{"type":"LineString","coordinates":[[-104.84666,38.2237],[-104.8444,38.2239],[-104.84559,38.22667]]}},{"type":"Feature","properties":{"huc8":"11020002","huc8Name":"Upper Arkansas","historic":"yellowfin","current":"introduced","recovery":"recoveryWatch","lineageKey":"yellowfin","lineageLabel":"Yellowfin / Arkansas headwaters historical form","basin":"Upper Arkansas","note":"Atlas model treats Arkansas watershed as Yellowfin historical context","state":"CO","confidence":"HUC8 drainage context / generalized","geometryStatus":"natural_stream_detail_tile_from_full_interpreted_layer","troutSource":"HUC8 lineage assignment v1 / review needed","sourceName":"Peck Creek","name":"Peck Creek","source_id":"127947362","length_km":0.791,"FType":460,"FCode":46003,"atlas_class":"streamriver","display_name":"Peck Creek","stream_role":"natural_stream_detail_context","sourceLayer":"colorado_natural_stream_detail_tiles_v1","sourceLabel":"Colorado natural stream detail tiles v1","sensitivity":"generalized"},"geometry":{"type":"LineString","coordinates":[[-104.84559,38.22667],[-104.84457,38.22729],[-104.84372,38.22673],[-104.83996,38.22637],[-104.83837,38.225]]}},{"type":"Feature","properties":{"huc8":"11020002","huc8Name":"Upper Arkansas","historic":"yellowfin","current":"introduced","recovery":"recoveryWatch","lineageKey":"yellowfin","lineageLabel":"Yellowfin / Arkansas headwaters historical form","basin":"Upper Arkansas","note":"Atlas model treats Arkansas watershed as Yellowfin historical context","state":"CO","confidence":"HUC8 drainage context / generalized","geometryStatus":"natural_stream_detail_tile_from_full_interpreted_layer","troutSource":"HUC8 lineage assignment v1 / review needed","sourceName":"South Red Creek","name":"South Red Creek","source_id":"127949968","length_km":0.24,"FType":460,"FCode":46003,"atlas_class":"streamriver","display_name":"South Red Creek","stream_role":"natural_stream_detail_context","sourceLayer":"colorado_natural_stream_detail_tiles_v1","sourceLabel":"Colorado natural stream detail tiles v1","sensitivity":"generalized"},"geometry":{"type":"LineString","coordinates":[[-104.99081,38.19895],[-104.99202,38.19987],[-104.99126,38.20033]]}},{"type":"Feature","properties":{"huc8":"11020002","huc8Name":"Upper Arkansas","historic":"yellowfin","current":"introduced","recovery":"recoveryWatch","lineageKey":"yellowfin","lineageLabel":"Yellowfin / Arkansas headwaters historical form","basin":"Upper Arkansas","note":"Atlas model treats Arkansas watershed as Yellowfin historical context","state":"CO","confidence":"HUC8 drainage context / generalized","geometryStatus":"natural_stream_detail_tile_from_full_interpreted_layer","troutSource":"HUC8 lineage assignment v1 / review needed","sourceName":"Turkey Creek","name":"Turkey Creek","source_id":"127946623","length_km":0.588,"FType":460,"FCode":46003,"atlas_class":"streamriver","display_name":"Turkey Creek","stream_role":"natural_stream_detail_context","sourceLayer":"colorado_natural_stream_detail_tiles_v1","sourceLabel":"Colorado natural stream detail tiles v1","sensitivity":"generalized"},"geometry":{"type":"LineString","coordinates":[[-104.84997,38.40034],[-104.8521,38.39941],[-104.85209,38.39848],[-104.85334,38.39799],[-104.85402,38.39695]]}},{"type":"Feature","properties":{"huc8":"11020002","huc8Name":"Upper Arkansas","historic":"yellowfin","current":"introduced","recovery":"recoveryWatch","lineageKey":"yellowfin","lineageLabel":"Yellowfin / Arkansas headwaters historical form","basin":"Upper Arkansas","note":"Atlas model treats Arkansas watershed as Yellowfin historical context","state":"CO","confidence":"HUC8 drainage context / generalized","geometryStatus":"natural_stream_detail_tile_from_full_interpreted_layer","troutSource":"HUC8 lineage assignment v1 / review needed","sourceName":"North Red Creek","name":"North Red Creek","source_id":"127949909","length_km":0.234,"FType":460,"FCode":46003,"atlas_class":"streamriver","display_name":"North Red Creek","stream_role":"natural_stream_detail_context","sourceLayer":"colorado_natural_stream_detail_tiles_v1","sourceLabel":"Colorado natural stream detail tiles v1","sensitivity":"generalized"},"geometry":{"type":"LineString","coordinates":[[-105.00087,38.22754],[-105.00054,38.22842],[-104.99944,38.22782]]}},{"type":"Feature","properties":{"huc8":"11020002","huc8Name":"Upper Arkansas","historic":"yellowfin","current":"introduced","recovery":"recoveryWatch","lineageKey":"yellowfin","lineageLabel":"Yellowfin / Arkansas headwaters historical form","basin":"Upper Arkansas","note":"Atlas model treats Arkansas watershed as Yellowfin historical context","state":"CO","confidence":"HUC8 drainage context / generalized","geometryStatus":"natural_stream_detail_tile_from_full_interpreted_layer","troutSource":"HUC8 lineage assignment v1 / review needed","sourceName":"South Red Creek","name":"South Red Creek","source_id":"158690983","length_km":0.346,"FType":460,"FCode":46003,"atlas_class":"streamriver","display_name":"South Red Creek","stream_role":"natural_stream_detail_context","sourceLayer":"colorado_natural_stream_detail_tiles_v1","sourceLabel":"Colorado natural stream detail tiles v1","sensitivity":"generalized"},"geometry":{"type":"LineString","coordinates":[[-104.99158,38.20928],[-104.9907,38.21098],[-104.99178,38.21156]]}},{"type":"Feature","properties":{"huc8":"11020002","huc8Name":"Upper Arkansas","historic":"yellowfin","current":"introduced","recovery":"recoveryWatch","lineageKey":"yellowfin","lineageLabel":"Yellowfin / Arkansas headwaters historical form","basin":"Upper Arkansas","note":"Atlas model treats Arkansas watershed as Yellowfin historical context","state":"CO","confidence":"HUC8 drainage context / generalized","geometryStatus":"natural_stream_detail_tile_from_full_interpreted_layer","troutSource":"HUC8 lineage assignment v1 / review needed","sourceName":"South Red Creek","name":"South Red Creek","source_id":"158691039","length_km":0.37,"FType":460,"FCode":46003,"atlas_class":"streamriver","display_name":"South Red Creek","stream_role":"natural_stream_detail_context","sourceLayer":"colorado_natural_stream_detail_tiles_v1","sourceLabel":"Colorado natural stream detail tiles v1","sensitivity":"generalized"},"geometry":{"type":"LineString","coordinates":[[-104.99159,38.20717],[-104.99299,38.2084],[-104.99163,38.20912]]}},{"type":"Feature","properties":{"huc8":"11020002","huc8Name":"Upper Arkansas","historic":"yellowfin","current":"introduced","recovery":"recoveryWatch","lineageKey":"yellowfin","lineageLabel":"Yellowfin / Arkansas headwaters historical form","basin":"Upper Arkansas","note":"Atlas model treats Arkansas watershed as Yellowfin historical context","state":"CO","confidence":"HUC8 drainage context / generalized","geometryStatus":"natural_stream_detail_tile_from_full_interpreted_layer","troutSource":"HUC8 lineage assignment v1 / review needed","sourceName":"South Red Creek","name":"South Red Creek","source_id":"158690947","length_km":0.239,"FType":460,"FCode":46003,"atlas_class":"streamriver","display_name":"South Red Creek","stream_role":"natural_stream_detail_context","sourceLayer":"colorado_natural_stream_detail_tiles_v1","sourceLabel":"Colorado natural stream detail tiles v1","sensitivity":"generalized"},"geometry":{"type":"LineString","coordinates":[[-104.98804,38.22322],[-104.98943,38.22494]]}},{"type":"Feature","properties":{"huc8":"11020002","huc8Name":"Upper Arkansas","historic":"yellowfin","current":"introduced","recovery":"recoveryWatch","lineageKey":"yellowfin","lineageLabel":"Yellowfin / Arkansas headwaters historical form","basin":"Upper Arkansas","note":"Atlas model treats Arkansas watershed as Yellowfin historical context","state":"CO","confidence":"HUC8 drainage context / generalized","geometryStatus":"natural_stream_detail_tile_from_full_interpreted_layer","troutSource":"HUC8 lineage assignment v1 / review needed","sourceName":"South Red Creek","name":"South Red Creek","source_id":"127949955","length_km":0.532,"FType":460,"FCode":46003,"atlas_class":"streamriver","display_name":"South Red Creek","stream_role":"natural_stream_detail_context","sourceLayer":"colorado_natural_stream_detail_tiles_v1","sourceLabel":"Colorado natural stream detail tiles v1","sensitivity":"generalized"},"geometry":{"type":"LineString","coordinates":[[-104.9909,38.23155],[-104.9905,38.23313],[-104.99195,38.23429],[-104.99076,38.23516]]}},{"type":"Feature","properties":{"huc8":"11020002","huc8Name":"Upper Arkansas","historic":"yellowfin","current":"introduced","recovery":"recoveryWatch","lineageKey":"yellowfin","lineageLabel":"Yellowfin / Arkansas headwaters historical form","basin":"Upper Arkansas","note":"Atlas model treats Arkansas watershed as Yellowfin historical context","state":"CO","confidence":"HUC8 drainage context / generalized","geometryStatus":"natural_stream_detail_tile_from_full_interpreted_layer","troutSource":"HUC8 lineage assignment v1 / review needed","sourceName":"Red Creek","name":"Red Creek","source_id":"158690937","length_km":0.077,"FType":460,"FCode":46003,"atlas_class":"streamriver","display_name":"Red Creek","stream_role":"natural_stream_detail_context","sourceLayer":"colorado_natural_stream_detail_tiles_v1","sourceLabel":"Colorado natural stream detail tiles v1","sensitivity":"generalized"},"geometry":{"type":"LineString","coordinates":[[-104.98636,38.24631],[-104.98698,38.2468]]}},{"type":"Feature","properties":{"huc8":"11020002","huc8Name":"Upper Arkansas","historic":"yellowfin","current":"introduced","recovery":"recoveryWatch","lineageKey":"yellowfin","lineageLabel":"Yellowfin / Arkansas headwaters historical form","basin":"Upper Arkansas","note":"Atlas model treats Arkansas watershed as Yellowfin historical context","state":"CO","confidence":"HUC8 drainage context / generalized","geometryStatus":"natural_stream_detail_tile_from_full_interpreted_layer","troutSource":"HUC8 lineage assignment v1 / review needed","sourceName":"Red Creek","name":"Red Creek","source_id":"158690938","length_km":0.224,"FType":460,"FCode":46003,"atlas_class":"streamriver","display_name":"Red Creek","stream_role":"natural_stream_detail_context","sourceLayer":"colorado_natural_stream_detail_tiles_v1","sourceLabel":"Colorado natural stream detail tiles v1","sensitivity":"generalized"},"geometry":{"type":"LineString","coordinates":[[-104.98698,38.2468],[-104.98717,38.24727],[-104.98622,38.24854]]}},{"type":"Feature","properties":{"huc8":"11020002","huc8Name":"Upper Arkansas","historic":"yellowfin","current":"introduced","recovery":"recoveryWatch","lineageKey":"yellowfin","lineageLabel":"Yellowfin / Arkansas headwaters historical form","basin":"Upper Arkansas","note":"Atlas model treats Arkansas watershed as Yellowfin historical context","state":"CO","confidence":"HUC8 drainage context / generalized","geometryStatus":"natural_stream_detail_tile_from_full_interpreted_layer","troutSource":"HUC8 lineage assignment v1 / review needed","sourceName":"Willow Spring Creek","name":"Willow Spring Creek","source_id":"127968583","length_km":0.159,"FType":460,"FCode":46003,"atlas_class":"streamriver","display_name":"Willow Spring Creek","stream_role":"natural_stream_detail_context","sourceLayer":"colorado_natural_stream_detail_tiles_v1","sourceLabel":"Colorado natural stream detail tiles v1","sensitivity":"generalized"},"geometry":{"type":"LineString","coordinates":[[-104.96825,38.33772],[-104.96713,38.33869]]}},{"type":"Feature","properties":{"huc8":"11020002","huc8Name":"Upper Arkansas","historic":"yellowfin","current":"introduced","recovery":"recoveryWatch","lineageKey":"yellowfin","lineageLabel":"Yellowfin / Arkansas headwaters historical form","basin":"Upper Arkansas","note":"Atlas model treats Arkansas watershed as Yellowfin historical context","state":"CO","confidence":"HUC8 drainage context / generalized","geometryStatus":"natural_stream_detail_tile_from_full_interpreted_layer","troutSource":"HUC8 lineage assignment v1 / review needed","sourceName":"Peck Creek","name":"Peck Creek","source_id":"127947368","length_km":0.061,"FType":460,"FCode":46003,"atlas_class":"streamriver","display_name":"Peck Creek","stream_role":"natural_stream_detail_context","sourceLayer":"colorado_natural_stream_detail_tiles_v1","sourceLabel":"Colorado natural stream detail tiles v1","sensitivity":"generalized"},"geometry":{"type":"LineString","coordinates":[[-104.88146,38.2034],[-104.88089,38.20308]]}},{"type":"Feature","properties":{"huc8":"11020002","huc8Name":"Upper Arkansas","historic":"yellowfin","current":"introduced","recovery":"recoveryWatch","lineageKey":"yellowfin","lineageLabel":"Yellowfin / Arkansas headwaters historical form","basin":"Upper Arkansas","note":"Atlas model treats Arkansas watershed as Yellowfin historical context","state":"CO","confidence":"HUC8 drainage context / generalized","geometryStatus":"natural_stream_detail_tile_from_full_interpreted_layer","troutSource":"HUC8 lineage assignment v1 / review needed","sourceName":"Peck Creek","name":"Peck Creek","source_id":"127947369","length_km":0.16,"FType":460,"FCode":46003,"atlas_class":"streamriver","display_name":"Peck Creek","stream_role":"natural_stream_detail_context","sourceLayer":"colorado_natural_stream_detail_tiles_v1","sourceLabel":"Colorado natural stream detail tiles v1","sensitivity":"generalized"},"geometry":{"type":"LineString","coordinates":[[-104.88089,38.20308],[-104.87912,38.20341]]}},{"type":"Feature","properties":{"huc8":"11020002","huc8Name":"Upper Arkansas","historic":"yellowfin","current":"introduced","recovery":"recoveryWatch","lineageKey":"yellowfin","lineageLabel":"Yellowfin / Arkansas headwaters historical form","basin":"Upper Arkansas","note":"Atlas model treats Arkansas watershed as Yellowfin historical context","state":"CO","confidence":"HUC8 drainage context / generalized","geometryStatus":"natural_stream_detail_tile_from_full_interpreted_layer","troutSource":"HUC8 lineage assignment v1 / review needed","sourceName":"Rush Creek","name":"Rush Creek","source_id":"127971342","length_km":0.626,"FType":460,"FCode":46006,"atlas_class":"streamriver","display_name":"Rush Creek","stream_role":"natural_stream_detail_context","sourceLayer":"colorado_natural_stream_detail_tiles_v1","sourceLabel":"Colorado natural stream detail tiles v1","sensitivity":"generalized"},"geometry":{"type":"LineString","coordinates":[[-104.90335,38.25241],[-104.90152,38.25272],[-104.9011,38.25441],[-104.89956,38.25642]]}},{"type":"Feature","properties":{"huc8":"11020002","huc8Name":"Upper Arkansas","historic":"yellowfin","current":"introduced","recovery":"recoveryWatch","lineageKey":"yellowfin","lineageLabel":"Yellowfin / Arkansas headwaters historical form","basin":"Upper Arkansas","note":"Atlas model treats Arkansas watershed as Yellowfin historical context","state":"CO","confidence":"HUC8 drainage context / generalized","geometryStatus":"natural_stream_detail_tile_from_full_interpreted_layer","troutSource":"HUC8 lineage assignment v1 / review needed","sourceName":"Little Red Creek","name":"Little Red Creek","source_id":"127949844","length_km":3.705,"FType":460,"FCode":46003,"atlas_class":"streamriver","display_name":"Little Red Creek","stream_role":"natural_stream_detail_context","sourceLayer":"colorado_natural_stream_detail_tiles_v1","sourceLabel":"Colorado natural stream detail tiles v1","sensitivity":"generalized"},"geometry":{"type":"LineString","coordinates":[[-104.90487,38.28973],[-104.90474,38.29064],[-104.90385,38.291],[-104.90042,38.29054],[-104.8989,38.29254],[-104.89973,38.29371],[-104.89976,38.29492],[-104.89791,38.29512],[-104.89595,38.29636],[-104.89664,38.29834],[-104.89767,38.29927],[-104.89976,38.29988],[-104.8996,38.30091],[-104.89589,38.30248],[-104.89369,38.30437],[-104.89165,38.30483],[-104.89096,38.30589],[-104.88776,38.30694],[-104.88619,38.3064]]}},{"type":"Feature","properties":{"huc8":"11020002","huc8Name":"Upper Arkansas","historic":"yellowfin","current":"introduced","recovery":"recoveryWatch","lineageKey":"yellowfin","lineageLabel":"Yellowfin / Arkansas headwaters historical form","basin":"Upper Arkansas","note":"Atlas model treats Arkansas watershed as Yellowfin historical context","state":"CO","confidence":"HUC8 drainage context / generalized","geometryStatus":"natural_stream_detail_tile_from_full_interpreted_layer","troutSource":"HUC8 lineage assignment v1 / review needed","sourceName":"Peck Creek","name":"Peck Creek","source_id":"127947370","length_km":0.598,"FType":460,"FCode":46003,"atlas_class":"streamriver","display_name":"Peck Creek","stream_role":"natural_stream_detail_context","sourceLayer":"colorado_natural_stream_detail_tiles_v1","sourceLabel":"Colorado natural stream detail tiles v1","sensitivity":"generalized"},"geometry":{"type":"LineString","coordinates":[[-104.86695,38.20837],[-104.86469,38.20924],[-104.86434,38.21082],[-104.86503,38.21229]]}},{"type":"Feature","properties":{"huc8":"11020002","huc8Name":"Upper Arkansas","historic":"yellowfin","current":"introduced","recovery":"recoveryWatch","lineageKey":"yellowfin","lineageLabel":"Yellowfin / Arkansas headwaters historical form","basin":"Upper Arkansas","note":"Atlas model treats Arkansas watershed as Yellowfin historical context","state":"CO","confidence":"HUC8 drainage context / generalized","geometryStatus":"natural_stream_detail_tile_from_full_interpreted_layer","troutSource":"HUC8 lineage assignment v1 / review needed","sourceName":"Rush Creek","name":"Rush Creek","source_id":"127971326","length_km":0.163,"FType":460,"FCode":46006,"atlas_class":"streamriver","display_name":"Rush Creek","stream_role":"natural_stream_detail_context","sourceLayer":"colorado_natural_stream_detail_tiles_v1","sourceLabel":"Colorado natural stream detail tiles v1","sensitivity":"generalized"},"geometry":{"type":"LineString","coordinates":[[-104.87089,38.2864],[-104.87074,38.287],[-104.86971,38.28685]]}},{"type":"Feature","properties":{"huc8":"11020002","huc8Name":"Upper Arkansas","historic":"yellowfin","current":"introduced","recovery":"recoveryWatch","lineageKey":"yellowfin","lineageLabel":"Yellowfin / Arkansas headwaters historical form","basin":"Upper Arkansas","note":"Atlas model treats Arkansas watershed as Yellowfin historical context","state":"CO","confidence":"HUC8 drainage context / generalized","geometryStatus":"natural_stream_detail_tile_from_full_interpreted_layer","troutSource":"HUC8 lineage assignment v1 / review needed","sourceName":"North Red Creek","name":"North Red Creek","source_id":"158690930","length_km":0.049,"FType":460,"FCode":46003,"atlas_class":"streamriver","display_name":"North Red Creek","stream_role":"natural_stream_detail_context","sourceLayer":"colorado_natural_stream_detail_tiles_v1","sourceLabel":"Colorado natural stream detail tiles v1","sensitivity":"generalized"},"geometry":{"type":"LineString","coordinates":[[-104.99795,38.22915],[-104.99783,38.22957]]}},{"type":"Feature","properties":{"huc8":"11020002","huc8Name":"Upper Arkansas","historic":"yellowfin","current":"introduced","recovery":"recoveryWatch","lineageKey":"yellowfin","lineageLabel":"Yellowfin / Arkansas headwaters historical form","basin":"Upper Arkansas","note":"Atlas model treats Arkansas watershed as Yellowfin historical context","state":"CO","confidence":"HUC8 drainage context / generalized","geometryStatus":"natural_stream_detail_tile_from_full_interpreted_layer","troutSource":"HUC8 lineage assignment v1 / review needed","sourceName":"Turkey Creek","name":"Turkey Creek","source_id":"127946601","length_km":1.082,"FType":460,"FCode":46003,"atlas_class":"streamriver","display_name":"Turkey Creek","stream_role":"natural_stream_detail_context","sourceLayer":"colorado_natural_stream_detail_tiles_v1","sourceLabel":"Colorado natural stream detail tiles v1","sensitivity":"generalized"},"geometry":{"type":"LineString","coordinates":[[-104.81981,38.32807],[-104.82236,38.32642],[-104.82366,38.32352],[-104.8207,38.32217],[-104.82089,38.32121]]}},{"type":"Feature","properties":{"huc8":"11020002","huc8Name":"Upper Arkansas","historic":"yellowfin","current":"introduced","recovery":"recoveryWatch","lineageKey":"yellowfin","lineageLabel":"Yellowfin / Arkansas headwaters historical form","basin":"Upper Arkansas","note":"Atlas model treats Arkansas watershed as Yellowfin historical context","state":"CO","confidence":"HUC8 drainage context / generalized","geometryStatus":"natural_stream_detail_tile_from_full_interpreted_layer","troutSource":"HUC8 lineage assignment v1 / review needed","sourceName":"Turkey Creek","name":"Turkey Creek","source_id":"127946594","length_km":0.517,"FType":460,"FCode":46003,"atlas_class":"streamriver","display_name":"Turkey Creek","stream_role":"natural_stream_detail_context","sourceLayer":"colorado_natural_stream_detail_tiles_v1","sourceLabel":"Colorado natural stream detail tiles v1","sensitivity":"generalized"},"geometry":{"type":"LineString","coordinates":[[-104.8285,38.29578],[-104.82828,38.29493],[-104.82925,38.29359],[-104.82955,38.29145]]}},{"type":"Feature","properties":{"huc8":"11020002","huc8Name":"Upper Arkansas","historic":"yellowfin","current":"introduced","recovery":"recoveryWatch","lineageKey":"yellowfin","lineageLabel":"Yellowfin / Arkansas headwaters historical form","basin":"Upper Arkansas","note":"Atlas model treats Arkansas watershed as Yellowfin historical context","state":"CO","confidence":"HUC8 drainage context / generalized","geometryStatus":"natural_stream_detail_tile_from_full_interpreted_layer","troutSource":"HUC8 lineage assignment v1 / review needed","sourceName":"Turkey Creek","name":"Turkey Creek","source_id":"127946592","length_km":0.518,"FType":460,"FCode":46003,"atlas_class":"streamriver","display_name":"Turkey Creek","stream_role":"natural_stream_detail_context","sourceLayer":"colorado_natural_stream_detail_tiles_v1","sourceLabel":"Colorado natural stream detail tiles v1","sensitivity":"generalized"},"geometry":{"type":"LineString","coordinates":[[-104.82701,38.3039],[-104.82704,38.30234],[-104.83072,38.30159]]}},{"type":"Feature","properties":{"huc8":"11020002","huc8Name":"Upper Arkansas","historic":"yellowfin","current":"introduced","recovery":"recoveryWatch","lineageKey":"yellowfin","lineageLabel":"Yellowfin / Arkansas headwaters historical form","basin":"Upper Arkansas","note":"Atlas model treats Arkansas watershed as Yellowfin historical context","state":"CO","confidence":"HUC8 drainage context / generalized","geometryStatus":"natural_stream_detail_tile_from_full_interpreted_layer","troutSource":"HUC8 lineage assignment v1 / review needed","sourceName":"Peck Creek","name":"Peck Creek","source_id":"127947347","length_km":0.29949996,"FType":460,"FCode":46003,"atlas_class":"streamriver","display_name":"Peck Creek","stream_role":"natural_stream_detail_context","sourceLayer":"colorado_natural_stream_detail_tiles_v1","sourceLabel":"Colorado natural stream detail tiles v1","sensitivity":"generalized"},"geometry":{"type":"LineString","coordinates":[[-104.81526,38.24441],[-104.81455,38.24572],[-104.81303,38.24567]]}},{"type":"Feature","properties":{"huc8":"11020002","huc8Name":"Upper Arkansas","historic":"yellowfin","current":"introduced","recovery":"recoveryWatch","lineageKey":"yellowfin","lineageLabel":"Yellowfin / Arkansas headwaters historical form","basin":"Upper Arkansas","note":"Atlas model treats Arkansas watershed as Yellowfin historical context","state":"CO","confidence":"HUC8 drainage context / generalized","geometryStatus":"natural_stream_detail_tile_from_full_interpreted_layer","troutSource":"HUC8 lineage assignment v1 / review needed","sourceName":"South Red Creek","name":"South Red Creek","source_id":"158690943","length_km":0.415,"FType":460,"FCode":46003,"atlas_class":"streamriver","display_name":"South Red Creek","stream_role":"natural_stream_detail_context","sourceLayer":"colorado_natural_stream_detail_tiles_v1","sourceLabel":"Colorado natural stream detail tiles v1","sensitivity":"generalized"},"geometry":{"type":"LineString","coordinates":[[-104.98953,38.21791],[-104.98786,38.22135]]}},{"type":"Feature","properties":{"huc8":"11020002","huc8Name":"Upper Arkansas","historic":"yellowfin","current":"introduced","recovery":"recoveryWatch","lineageKey":"yellowfin","lineageLabel":"Yellowfin / Arkansas headwaters historical form","basin":"Upper Arkansas","note":"Atlas model treats Arkansas watershed as Yellowfin historical context","state":"CO","confidence":"HUC8 drainage context / generalized","geometryStatus":"natural_stream_detail_tile_from_full_interpreted_layer","troutSource":"HUC8 lineage assignment v1 / review needed","sourceName":"Rush Creek","name":"Rush Creek","source_id":"127947337","length_km":0.091,"FType":460,"FCode":46003,"atlas_class":"streamriver","display_name":"Rush Creek","stream_role":"natural_stream_detail_context","sourceLayer":"colorado_natural_stream_detail_tiles_v1","sourceLabel":"Colorado natural stream detail tiles v1","sensitivity":"generalized"},"geometry":{"type":"LineString","coordinates":[[-104.97432,38.20703],[-104.97378,38.20769]]}},{"type":"Feature","properties":{"huc8":"11020002","huc8Name":"Upper Arkansas","historic":"yellowfin","current":"introduced","recovery":"recoveryWatch","lineageKey":"yellowfin","lineageLabel":"Yellowfin / Arkansas headwaters historical form","basin":"Upper Arkansas","note":"Atlas model treats Arkansas watershed as Yellowfin historical context","state":"CO","confidence":"HUC8 drainage context / generalized","geometryStatus":"natural_stream_detail_tile_from_full_interpreted_layer","troutSource":"HUC8 lineage assignment v1 / review needed","sourceName":"Red Creek","name":"Red Creek","source_id":"158690939","length_km":0.058,"FType":460,"FCode":46003,"atlas_class":"streamriver","display_name":"Red Creek","stream_role":"natural_stream_detail_context","sourceLayer":"colorado_natural_stream_detail_tiles_v1","sourceLabel":"Colorado natural stream detail tiles v1","sensitivity":"generalized"},"geometry":{"type":"LineString","coordinates":[[-104.99076,38.23516],[-104.99027,38.2355]]}},{"type":"Feature","properties":{"huc8":"11020002","huc8Name":"Upper Arkansas","historic":"yellowfin","current":"introduced","recovery":"recoveryWatch","lineageKey":"yellowfin","lineageLabel":"Yellowfin / Arkansas headwaters historical form","basin":"Upper Arkansas","note":"Atlas model treats Arkansas watershed as Yellowfin historical context","state":"CO","confidence":"HUC8 drainage context / generalized","geometryStatus":"natural_stream_detail_tile_from_full_interpreted_layer","troutSource":"HUC8 lineage assignment v1 / review needed","sourceName":"Red Creek","name":"Red Creek","source_id":"158691015","length_km":0.171,"FType":460,"FCode":46003,"atlas_class":"streamriver","display_name":"Red Creek","stream_role":"natural_stream_detail_context","sourceLayer":"colorado_natural_stream_detail_tiles_v1","sourceLabel":"Colorado natural stream detail tiles v1","sensitivity":"generalized"},"geometry":{"type":"LineString","coordinates":[[-104.98883,38.23898],[-104.98898,38.24047]]}},{"type":"Feature","properties":{"huc8":"11020002","huc8Name":"Upper Arkansas","historic":"yellowfin","current":"introduced","recovery":"recoveryWatch","lineageKey":"yellowfin","lineageLabel":"Yellowfin / Arkansas headwaters historical form","basin":"Upper Arkansas","note":"Atlas model treats Arkansas watershed as Yellowfin historical context","state":"CO","confidence":"HUC8 drainage context / generalized","geometryStatus":"natural_stream_detail_tile_from_full_interpreted_layer","troutSource":"HUC8 lineage assignment v1 / review needed","sourceName":"Red Creek","name":"Red Creek","source_id":"158691014","length_km":0.103,"FType":460,"FCode":46003,"atlas_class":"streamriver","display_name":"Red Creek","stream_role":"natural_stream_detail_context","sourceLayer":"colorado_natural_stream_detail_tiles_v1","sourceLabel":"Colorado natural stream detail tiles v1","sensitivity":"generalized"},"geometry":{"type":"LineString","coordinates":[[-104.98883,38.23806],[-104.98883,38.23898]]}},{"type":"Feature","properties":{"huc8":"11020002","huc8Name":"Upper Arkansas","historic":"yellowfin","current":"introduced","recovery":"recoveryWatch","lineageKey":"yellowfin","lineageLabel":"Yellowfin / Arkansas headwaters historical form","basin":"Upper Arkansas","note":"Atlas model treats Arkansas watershed as Yellowfin historical context","state":"CO","confidence":"HUC8 drainage context / generalized","geometryStatus":"natural_stream_detail_tile_from_full_interpreted_layer","troutSource":"HUC8 lineage assignment v1 / review needed","sourceName":"Red Creek","name":"Red Creek","source_id":"158690956","length_km":0.119,"FType":460,"FCode":46003,"atlas_class":"streamriver","display_name":"Red Creek","stream_role":"natural_stream_detail_context","sourceLayer":"colorado_natural_stream_detail_tiles_v1","sourceLabel":"Colorado natural stream detail tiles v1","sensitivity":"generalized"},"geometry":{"type":"LineString","coordinates":[[-104.98898,38.24047],[-104.98841,38.24144]]}},{"type":"Feature","properties":{"huc8":"11020002","huc8Name":"Upper Arkansas","historic":"yellowfin","current":"introduced","recovery":"recoveryWatch","lineageKey":"yellowfin","lineageLabel":"Yellowfin / Arkansas headwaters historical form","basin":"Upper Arkansas","note":"Atlas model treats Arkansas watershed as Yellowfin historical context","state":"CO","confidence":"HUC8 drainage context / generalized","geometryStatus":"natural_stream_detail_tile_from_full_interpreted_layer","troutSource":"HUC8 lineage assignment v1 / review needed","sourceName":"Rush Creek","name":"Rush Creek","source_id":"158702724","length_km":0.867,"FType":460,"FCode":46006,"atlas_class":"streamriver","display_name":"Rush Creek","stream_role":"natural_stream_detail_context","sourceLayer":"colorado_natural_stream_detail_tiles_v1","sourceLabel":"Colorado natural stream detail tiles v1","sensitivity":"generalized"},"geometry":{"type":"LineString","coordinates":[[-104.87205,38.29331],[-104.87053,38.29443],[-104.87137,38.29515],[-104.87088,38.29738],[-104.87024,38.29758],[-104.86962,38.29679],[-104.86835,38.29733]]}},{"type":"Feature","properties":{"huc8":"11020002","huc8Name":"Upper Arkansas","historic":"yellowfin","current":"introduced","recovery":"recoveryWatch","lineageKey":"yellowfin","lineageLabel":"Yellowfin / Arkansas headwaters historical form","basin":"Upper Arkansas","note":"Atlas model treats Arkansas watershed as Yellowfin historical context","state":"CO","confidence":"HUC8 drainage context / generalized","geometryStatus":"natural_stream_detail_tile_from_full_interpreted_layer","troutSource":"HUC8 lineage assignment v1 / review needed","sourceName":"Peck Creek","name":"Peck Creek","source_id":"127947396","length_km":0.372,"FType":460,"FCode":46003,"atlas_class":"streamriver","display_name":"Peck Creek","stream_role":"natural_stream_detail_context","sourceLayer":"colorado_natural_stream_detail_tiles_v1","sourceLabel":"Colorado natural stream detail tiles v1","sensitivity":"generalized"},"geometry":{"type":"LineString","coordinates":[[-104.90197,38.19951],[-104.89892,38.20153]]}},{"type":"Feature","properties":{"huc8":"11020002","huc8Name":"Upper Arkansas","historic":"yellowfin","current":"introduced","recovery":"recoveryWatch","lineageKey":"yellowfin","lineageLabel":"Yellowfin / Arkansas headwaters historical form","basin":"Upper Arkansas","note":"Atlas model treats Arkansas watershed as Yellowfin historical context","state":"CO","confidence":"HUC8 drainage context / generalized","geometryStatus":"natural_stream_detail_tile_from_full_interpreted_layer","troutSource":"HUC8 lineage assignment v1 / review needed","sourceName":"Red Creek","name":"Red Creek","source_id":"127949853","length_km":0.42,"FType":460,"FCode":46003,"atlas_class":"streamriver","display_name":"Red Creek","stream_role":"natural_stream_detail_context","sourceLayer":"colorado_natural_stream_detail_tiles_v1","sourceLabel":"Colorado natural stream detail tiles v1","sensitivity":"generalized"},"geometry":{"type":"LineString","coordinates":[[-104.94691,38.29349],[-104.94604,38.29373],[-104.94556,38.29482],[-104.94588,38.29664]]}},{"type":"Feature","properties":{"huc8":"11020002","huc8Name":"Upper Arkansas","historic":"yellowfin","current":"introduced","recovery":"recoveryWatch","lineageKey":"yellowfin","lineageLabel":"Yellowfin / Arkansas headwaters historical form","basin":"Upper Arkansas","note":"Atlas model treats Arkansas watershed as Yellowfin historical context","state":"CO","confidence":"HUC8 drainage context / generalized","geometryStatus":"natural_stream_detail_tile_from_full_interpreted_layer","troutSource":"HUC8 lineage assignment v1 / review needed","sourceName":"Turkey Creek","name":"Turkey Creek","source_id":"127946611","length_km":2.769,"FType":460,"FCode":46003,"atlas_class":"streamriver","display_name":"Turkey Creek","stream_role":"natural_stream_detail_context","sourceLayer":"colorado_natural_stream_detail_tiles_v1","sourceLabel":"Colorado natural stream detail tiles v1","sensitivity":"generalized"},"geometry":{"type":"LineString","coordinates":[[-104.83189,38.34593],[-104.82944,38.34621],[-104.82674,38.345],[-104.82712,38.34398],[-104.82617,38.34377],[-104.8284,38.34195],[-104.82873,38.34025],[-104.82585,38.33998],[-104.82337,38.34179],[-104.82171,38.34127],[-104.82177,38.34002],[-104.82298,38.33851],[-104.82253,38.33801],[-104.82284,38.33763],[-104.82141,38.33546],[-104.8205,38.33518]]}},{"type":"Feature","properties":{"huc8":"11020002","huc8Name":"Upper Arkansas","historic":"yellowfin","current":"introduced","recovery":"recoveryWatch","lineageKey":"yellowfin","lineageLabel":"Yellowfin / Arkansas headwaters historical form","basin":"Upper Arkansas","note":"Atlas model treats Arkansas watershed as Yellowfin historical context","state":"CO","confidence":"HUC8 drainage context / generalized","geometryStatus":"natural_stream_detail_tile_from_full_interpreted_layer","troutSource":"HUC8 lineage assignment v1 / review needed","sourceName":"Red Creek","name":"Red Creek","source_id":"127949862","length_km":0.505,"FType":460,"FCode":46003,"atlas_class":"streamriver","display_name":"Red Creek","stream_role":"natural_stream_detail_context","sourceLayer":"colorado_natural_stream_detail_tiles_v1","sourceLabel":"Colorado natural stream detail tiles v1","sensitivity":"generalized"},"geometry":{"type":"LineString","coordinates":[[-104.98194,38.25754],[-104.98187,38.25833],[-104.98052,38.25956],[-104.98098,38.26158]]}},{"type":"Feature","properties":{"huc8":"11020002","huc8Name":"Upper Arkansas","historic":"yellowfin","current":"introduced","recovery":"recoveryWatch","lineageKey":"yellowfin","lineageLabel":"Yellowfin / Arkansas headwaters historical form","basin":"Upper Arkansas","note":"Atlas model treats Arkansas watershed as Yellowfin historical context","state":"CO","confidence":"HUC8 drainage context / generalized","geometryStatus":"natural_stream_detail_tile_from_full_interpreted_layer","troutSource":"HUC8 lineage assignment v1 / review needed","sourceName":"Rush Creek","name":"Rush Creek","source_id":"127947334","length_km":0.119,"FType":460,"FCode":46003,"atlas_class":"streamriver","display_name":"Rush Creek","stream_role":"natural_stream_detail_context","sourceLayer":"colorado_natural_stream_detail_tiles_v1","sourceLabel":"Colorado natural stream detail tiles v1","sensitivity":"generalized"},"geometry":{"type":"LineString","coordinates":[[-104.96583,38.21622],[-104.96512,38.21712]]}},{"type":"Feature","properties":{"huc8":"11020002","huc8Name":"Upper Arkansas","historic":"yellowfin","current":"introduced","recovery":"recoveryWatch","lineageKey":"yellowfin","lineageLabel":"Yellowfin / Arkansas headwaters historical form","basin":"Upper Arkansas","note":"Atlas model treats Arkansas watershed as Yellowfin historical context","state":"CO","confidence":"HUC8 drainage context / generalized","geometryStatus":"natural_stream_detail_tile_from_full_interpreted_layer","troutSource":"HUC8 lineage assignment v1 / review needed","sourceName":"Rush Creek","name":"Rush Creek","source_id":"127947329","length_km":1.81,"FType":460,"FCode":46003,"atlas_class":"streamriver","display_name":"Rush Creek","stream_role":"natural_stream_detail_context","sourceLayer":"colorado_natural_stream_detail_tiles_v1","sourceLabel":"Colorado natural stream detail tiles v1","sensitivity":"generalized"},"geometry":{"type":"LineString","coordinates":[[-104.96008,38.21998],[-104.95883,38.22089],[-104.95793,38.22268],[-104.95813,38.22332],[-104.95674,38.22516],[-104.95518,38.22641],[-104.95398,38.23074],[-104.95195,38.23296],[-104.95208,38.23375]]}},{"type":"Feature","properties":{"huc8":"11020002","huc8Name":"Upper Arkansas","historic":"yellowfin","current":"introduced","recovery":"recoveryWatch","lineageKey":"yellowfin","lineageLabel":"Yellowfin / Arkansas headwaters historical form","basin":"Upper Arkansas","note":"Atlas model treats Arkansas watershed as Yellowfin historical context","state":"CO","confidence":"HUC8 drainage context / generalized","geometryStatus":"natural_stream_detail_tile_from_full_interpreted_layer","troutSource":"HUC8 lineage assignment v1 / review needed","sourceName":"Willow Spring Creek","name":"Willow Spring Creek","source_id":"127972854","length_km":0.15,"FType":460,"FCode":46006,"atlas_class":"streamriver","display_name":"Willow Spring Creek","stream_role":"natural_stream_detail_context","sourceLayer":"colorado_natural_stream_detail_tiles_v1","sourceLabel":"Colorado natural stream detail tiles v1","sensitivity":"generalized"},"geometry":{"type":"LineString","coordinates":[[-104.95116,38.3477],[-104.95171,38.34887]]}},{"type":"Feature","properties":{"huc8":"11020002","huc8Name":"Upper Arkansas","historic":"yellowfin","current":"introduced","recovery":"recoveryWatch","lineageKey":"yellowfin","lineageLabel":"Yellowfin / Arkansas headwaters historical form","basin":"Upper Arkansas","note":"Atlas model treats Arkansas watershed as Yellowfin historical context","state":"CO","confidence":"HUC8 drainage context / generalized","geometryStatus":"natural_stream_detail_tile_from_full_interpreted_layer","troutSource":"HUC8 lineage assignment v1 / review needed","sourceName":"Willow Spring Creek","name":"Willow Spring Creek","source_id":"127972850","length_km":0.206,"FType":460,"FCode":46006,"atlas_class":"streamriver","display_name":"Willow Spring Creek","stream_role":"natural_stream_detail_context","sourceLayer":"colorado_natural_stream_detail_tiles_v1","sourceLabel":"Colorado natural stream detail tiles v1","sensitivity":"generalized"},"geometry":{"type":"LineString","coordinates":[[-104.95171,38.34887],[-104.94999,38.34763]]}},{"type":"Feature","properties":{"huc8":"11020002","huc8Name":"Upper Arkansas","historic":"yellowfin","current":"introduced","recovery":"recoveryWatch","lineageKey":"yellowfin","lineageLabel":"Yellowfin / Arkansas headwaters historical form","basin":"Upper Arkansas","note":"Atlas model treats Arkansas watershed as Yellowfin historical context","state":"CO","confidence":"HUC8 drainage context / generalized","geometryStatus":"natural_stream_detail_tile_from_full_interpreted_layer","troutSource":"HUC8 lineage assignment v1 / review needed","sourceName":"Rush Creek","name":"Rush Creek","source_id":"127971346","length_km":0.603,"FType":460,"FCode":46006,"atlas_class":"streamriver","display_name":"Rush Creek","stream_role":"natural_stream_detail_context","sourceLayer":"colorado_natural_stream_detail_tiles_v1","sourceLabel":"Colorado natural stream detail tiles v1","sensitivity":"generalized"},"geometry":{"type":"LineString","coordinates":[[-104.90822,38.24971],[-104.90568,38.2504],[-104.9052,38.25211],[-104.90335,38.25241]]}},{"type":"Feature","properties":{"huc8":"11020002","huc8Name":"Upper Arkansas","historic":"yellowfin","current":"introduced","recovery":"recoveryWatch","lineageKey":"yellowfin","lineageLabel":"Yellowfin / Arkansas headwaters historical form","basin":"Upper Arkansas","note":"Atlas model treats Arkansas watershed as Yellowfin historical context","state":"CO","confidence":"HUC8 drainage context / generalized","geometryStatus":"natural_stream_detail_tile_from_full_interpreted_layer","troutSource":"HUC8 lineage assignment v1 / review needed","sourceName":"South Red Creek","name":"South Red Creek","source_id":"158690926","length_km":0.16,"FType":460,"FCode":46003,"atlas_class":"streamriver","display_name":"South Red Creek","stream_role":"natural_stream_detail_context","sourceLayer":"colorado_natural_stream_detail_tiles_v1","sourceLabel":"Colorado natural stream detail tiles v1","sensitivity":"generalized"},"geometry":{"type":"LineString","coordinates":[[-104.99113,38.20062],[-104.99081,38.20126],[-104.99164,38.20156]]}},{"type":"Feature","properties":{"huc8":"11020002","huc8Name":"Upper Arkansas","historic":"yellowfin","current":"introduced","recovery":"recoveryWatch","lineageKey":"yellowfin","lineageLabel":"Yellowfin / Arkansas headwaters historical form","basin":"Upper Arkansas","note":"Atlas model treats Arkansas watershed as Yellowfin historical context","state":"CO","confidence":"HUC8 drainage context / generalized","geometryStatus":"natural_stream_detail_tile_from_full_interpreted_layer","troutSource":"HUC8 lineage assignment v1 / review needed","sourceName":"Peck Creek","name":"Peck Creek","source_id":"127947377","length_km":0.438,"FType":460,"FCode":46003,"atlas_class":"streamriver","display_name":"Peck Creek","stream_role":"natural_stream_detail_context","sourceLayer":"colorado_natural_stream_detail_tiles_v1","sourceLabel":"Colorado natural stream detail tiles v1","sensitivity":"generalized"},"geometry":{"type":"LineString","coordinates":[[-104.87293,38.2052],[-104.87085,38.20515],[-104.86939,38.207]]}},{"type":"Feature","properties":{"huc8":"11020002","huc8Name":"Upper Arkansas","historic":"yellowfin","current":"introduced","recovery":"recoveryWatch","lineageKey":"yellowfin","lineageLabel":"Yellowfin / Arkansas headwaters historical form","basin":"Upper Arkansas","note":"Atlas model treats Arkansas watershed as Yellowfin historical context","state":"CO","confidence":"HUC8 drainage context / generalized","geometryStatus":"natural_stream_detail_tile_from_full_interpreted_layer","troutSource":"HUC8 lineage assignment v1 / review needed","sourceName":"Rush Creek","name":"Rush Creek","source_id":"127972686","length_km":0.47,"FType":460,"FCode":46006,"atlas_class":"streamriver","display_name":"Rush Creek","stream_role":"natural_stream_detail_context","sourceLayer":"colorado_natural_stream_detail_tiles_v1","sourceLabel":"Colorado natural stream detail tiles v1","sensitivity":"generalized"},"geometry":{"type":"LineString","coordinates":[[-104.8925,38.26314],[-104.8919,38.26392],[-104.89052,38.26416],[-104.8901,38.26627]]}},{"type":"Feature","properties":{"huc8":"11020002","huc8Name":"Upper Arkansas","historic":"yellowfin","current":"introduced","recovery":"recoveryWatch","lineageKey":"yellowfin","lineageLabel":"Yellowfin / Arkansas headwaters historical form","basin":"Upper Arkansas","note":"Atlas model treats Arkansas watershed as Yellowfin historical context","state":"CO","confidence":"HUC8 drainage context / generalized","geometryStatus":"natural_stream_detail_tile_from_full_interpreted_layer","troutSource":"HUC8 lineage assignment v1 / review needed","sourceName":"Peck Creek","name":"Peck Creek","source_id":"127947348","length_km":0.31093869,"FType":460,"FCode":46003,"atlas_class":"streamriver","display_name":"Peck Creek","stream_role":"natural_stream_detail_context","sourceLayer":"colorado_natural_stream_detail_tiles_v1","sourceLabel":"Colorado natural stream detail tiles v1","sensitivity":"generalized"},"geometry":{"type":"LineString","coordinates":[[-104.81691,38.24254],[-104.81591,38.24263],[-104.81526,38.24441]]}},{"type":"Feature","properties":{"huc8":"11020002","huc8Name":"Upper Arkansas","historic":"yellowfin","current":"introduced","recovery":"recoveryWatch","lineageKey":"yellowfin","lineageLabel":"Yellowfin / Arkansas headwaters historical form","basin":"Upper Arkansas","note":"Atlas model treats Arkansas watershed as Yellowfin historical context","state":"CO","confidence":"HUC8 drainage context / generalized","geometryStatus":"natural_stream_detail_tile_from_full_interpreted_layer","troutSource":"HUC8 lineage assignment v1 / review needed","sourceName":"Turkey Creek","name":"Turkey Creek","source_id":"127946617","length_km":0.814,"FType":460,"FCode":46003,"atlas_class":"streamriver","display_name":"Turkey Creek","stream_role":"natural_stream_detail_context","sourceLayer":"colorado_natural_stream_detail_tiles_v1","sourceLabel":"Colorado natural stream detail tiles v1","sensitivity":"generalized"},"geometry":{"type":"LineString","coordinates":[[-104.85402,38.39695],[-104.85453,38.39303],[-104.85174,38.39083]]}},{"type":"Feature","properties":{"huc8":"11020002","huc8Name":"Upper Arkansas","historic":"yellowfin","current":"introduced","recovery":"recoveryWatch","lineageKey":"yellowfin","lineageLabel":"Yellowfin / Arkansas headwaters historical form","basin":"Upper Arkansas","note":"Atlas model treats Arkansas watershed as Yellowfin historical context","state":"CO","confidence":"HUC8 drainage context / generalized","geometryStatus":"natural_stream_detail_tile_from_full_interpreted_layer","troutSource":"HUC8 lineage assignment v1 / review needed","sourceName":"Turkey Creek","name":"Turkey Creek","source_id":"127946618","length_km":0.111,"FType":460,"FCode":46003,"atlas_class":"streamriver","display_name":"Turkey Creek","stream_role":"natural_stream_detail_context","sourceLayer":"colorado_natural_stream_detail_tiles_v1","sourceLabel":"Colorado natural stream detail tiles v1","sensitivity":"generalized"},"geometry":{"type":"LineString","coordinates":[[-104.85174,38.39083],[-104.85072,38.39042]]}},{"type":"Feature","properties":{"huc8":"11020002","huc8Name":"Upper Arkansas","historic":"yellowfin","current":"introduced","recovery":"recoveryWatch","lineageKey":"yellowfin","lineageLabel":"Yellowfin / Arkansas headwaters historical form","basin":"Upper Arkansas","note":"Atlas model treats Arkansas watershed as Yellowfin historical context","state":"CO","confidence":"HUC8 drainage context / generalized","geometryStatus":"natural_stream_detail_tile_from_full_interpreted_layer","troutSource":"HUC8 lineage assignment v1 / review needed","sourceName":"Turkey Creek","name":"Turkey Creek","source_id":"127946622","length_km":0.686,"FType":460,"FCode":46003,"atlas_class":"streamriver","display_name":"Turkey Creek","stream_role":"natural_stream_detail_context","sourceLayer":"colorado_natural_stream_detail_tiles_v1","sourceLabel":"Colorado natural stream detail tiles v1","sensitivity":"generalized"},"geometry":{"type":"LineString","coordinates":[[-104.84903,38.38439],[-104.85056,38.38164],[-104.8497,38.38073],[-104.8499,38.37903]]}},{"type":"Feature","properties":{"huc8":"11020002","huc8Name":"Upper Arkansas","historic":"yellowfin","current":"introduced","recovery":"recoveryWatch","lineageKey":"yellowfin","lineageLabel":"Yellowfin / Arkansas headwaters historical form","basin":"Upper Arkansas","note":"Atlas model treats Arkansas watershed as Yellowfin historical context","state":"CO","confidence":"HUC8 drainage context / generalized","geometryStatus":"natural_stream_detail_tile_from_full_interpreted_layer","troutSource":"HUC8 lineage assignment v1 / review needed","sourceName":"Peck Creek","name":"Peck Creek","source_id":"127947361","length_km":0.557,"FType":460,"FCode":46003,"atlas_class":"streamriver","display_name":"Peck Creek","stream_role":"natural_stream_detail_context","sourceLayer":"colorado_natural_stream_detail_tiles_v1","sourceLabel":"Colorado natural stream detail tiles v1","sensitivity":"generalized"},"geometry":{"type":"LineString","coordinates":[[-104.86394,38.21561],[-104.86364,38.21637],[-104.86116,38.21656],[-104.85918,38.21807]]}},{"type":"Feature","properties":{"huc8":"11020002","huc8Name":"Upper Arkansas","historic":"yellowfin","current":"introduced","recovery":"recoveryWatch","lineageKey":"yellowfin","lineageLabel":"Yellowfin / Arkansas headwaters historical form","basin":"Upper Arkansas","note":"Atlas model treats Arkansas watershed as Yellowfin historical context","state":"CO","confidence":"HUC8 drainage context / generalized","geometryStatus":"natural_stream_detail_tile_from_full_interpreted_layer","troutSource":"HUC8 lineage assignment v1 / review needed","sourceName":"Turkey Creek","name":"Turkey Creek","source_id":"158702540","length_km":0.505,"FType":460,"FCode":46003,"atlas_class":"streamriver","display_name":"Turkey Creek","stream_role":"natural_stream_detail_context","sourceLayer":"colorado_natural_stream_detail_tiles_v1","sourceLabel":"Colorado natural stream detail tiles v1","sensitivity":"generalized"},"geometry":{"type":"LineString","coordinates":[[-104.82558,38.31668],[-104.824,38.31497],[-104.82492,38.31285]]}},{"type":"Feature","properties":{"huc8":"11020002","huc8Name":"Upper Arkansas","historic":"yellowfin","current":"introduced","recovery":"recoveryWatch","lineageKey":"yellowfin","lineageLabel":"Yellowfin / Arkansas headwaters historical form","basin":"Upper Arkansas","note":"Atlas model treats Arkansas watershed as Yellowfin historical context","state":"CO","confidence":"HUC8 drainage context / generalized","geometryStatus":"natural_stream_detail_tile_from_full_interpreted_layer","troutSource":"HUC8 lineage assignment v1 / review needed","sourceName":"Rush Creek","name":"Rush Creek","source_id":"127971339","length_km":0.715,"FType":460,"FCode":46006,"atlas_class":"streamriver","display_name":"Rush Creek","stream_role":"natural_stream_detail_context","sourceLayer":"colorado_natural_stream_detail_tiles_v1","sourceLabel":"Colorado natural stream detail tiles v1","sensitivity":"generalized"},"geometry":{"type":"LineString","coordinates":[[-104.91606,38.24747],[-104.91416,38.24894],[-104.91387,38.2501],[-104.91169,38.25031],[-104.91013,38.24982]]}},{"type":"Feature","properties":{"huc8":"11020002","huc8Name":"Upper Arkansas","historic":"yellowfin","current":"introduced","recovery":"recoveryWatch","lineageKey":"yellowfin","lineageLabel":"Yellowfin / Arkansas headwaters historical form","basin":"Upper Arkansas","note":"Atlas model treats Arkansas watershed as Yellowfin historical context","state":"CO","confidence":"HUC8 drainage context / generalized","geometryStatus":"natural_stream_detail_tile_from_full_interpreted_layer","troutSource":"HUC8 lineage assignment v1 / review needed","sourceName":"Peck Creek","name":"Peck Creek","source_id":"127947398","length_km":0.55,"FType":460,"FCode":46003,"atlas_class":"streamriver","display_name":"Peck Creek","stream_role":"natural_stream_detail_context","sourceLayer":"colorado_natural_stream_detail_tiles_v1","sourceLabel":"Colorado natural stream detail tiles v1","sensitivity":"generalized"},"geometry":{"type":"LineString","coordinates":[[-104.8942,38.20171],[-104.89031,38.20249],[-104.88935,38.20397]]}},{"type":"Feature","properties":{"huc8":"11020002","huc8Name":"Upper Arkansas","historic":"yellowfin","current":"introduced","recovery":"recoveryWatch","lineageKey":"yellowfin","lineageLabel":"Yellowfin / Arkansas headwaters historical form","basin":"Upper Arkansas","note":"Atlas model treats Arkansas watershed as Yellowfin historical context","state":"CO","confidence":"HUC8 drainage context / generalized","geometryStatus":"natural_stream_detail_tile_from_full_interpreted_layer","troutSource":"HUC8 lineage assignment v1 / review needed","sourceName":"Beaver Creek","name":"Beaver Creek","source_id":"127969024","length_km":0.407,"FType":460,"FCode":46003,"atlas_class":"streamriver","display_name":"Beaver Creek","stream_role":"natural_stream_detail_context","sourceLayer":"colorado_natural_stream_detail_tiles_v1","sourceLabel":"Colorado natural stream detail tiles v1","sensitivity":"generalized"},"geometry":{"type":"LineString","coordinates":[[-104.94474,38.382],[-104.94481,38.38092],[-104.94593,38.37969],[-104.9471,38.37964]]}},{"type":"Feature","properties":{"huc8":"11020002","huc8Name":"Upper Arkansas","historic":"yellowfin","current":"introduced","recovery":"recoveryWatch","lineageKey":"yellowfin","lineageLabel":"Yellowfin / Arkansas headwaters historical form","basin":"Upper Arkansas","note":"Atlas model treats Arkansas watershed as Yellowfin historical context","state":"CO","confidence":"HUC8 drainage context / generalized","geometryStatus":"natural_stream_detail_tile_from_full_interpreted_layer","troutSource":"HUC8 lineage assignment v1 / review needed","sourceName":"North Red Creek","name":"North Red Creek","source_id":"127949906","length_km":0.379,"FType":460,"FCode":46003,"atlas_class":"streamriver","display_name":"North Red Creek","stream_role":"natural_stream_detail_context","sourceLayer":"colorado_natural_stream_detail_tiles_v1","sourceLabel":"Colorado natural stream detail tiles v1","sensitivity":"generalized"},"geometry":{"type":"LineString","coordinates":[[-104.99944,38.22782],[-104.99902,38.22813],[-104.99926,38.22917],[-104.99826,38.22858],[-104.99795,38.22915]]}},{"type":"Feature","properties":{"huc8":"11020002","huc8Name":"Upper Arkansas","historic":"yellowfin","current":"introduced","recovery":"recoveryWatch","lineageKey":"yellowfin","lineageLabel":"Yellowfin / Arkansas headwaters historical form","basin":"Upper Arkansas","note":"Atlas model treats Arkansas watershed as Yellowfin historical context","state":"CO","confidence":"HUC8 drainage context / generalized","geometryStatus":"natural_stream_detail_tile_from_full_interpreted_layer","troutSource":"HUC8 lineage assignment v1 / review needed","sourceName":"South Red Creek","name":"South Red Creek","source_id":"158690922","length_km":0.582,"FType":460,"FCode":46003,"atlas_class":"streamriver","display_name":"South Red Creek","stream_role":"natural_stream_detail_context","sourceLayer":"colorado_natural_stream_detail_tiles_v1","sourceLabel":"Colorado natural stream detail tiles v1","sensitivity":"generalized"},"geometry":{"type":"LineString","coordinates":[[-104.99042,38.20413],[-104.99256,38.20445],[-104.99311,38.20514],[-104.99198,38.20549],[-104.99321,38.206]]}},{"type":"Feature","properties":{"huc8":"11020002","huc8Name":"Upper Arkansas","historic":"yellowfin","current":"introduced","recovery":"recoveryWatch","lineageKey":"yellowfin","lineageLabel":"Yellowfin / Arkansas headwaters historical form","basin":"Upper Arkansas","note":"Atlas model treats Arkansas watershed as Yellowfin historical context","state":"CO","confidence":"HUC8 drainage context / generalized","geometryStatus":"natural_stream_detail_tile_from_full_interpreted_layer","troutSource":"HUC8 lineage assignment v1 / review needed","sourceName":"Peck Creek","name":"Peck Creek","source_id":"127947346","length_km":0.56617599,"FType":460,"FCode":46003,"atlas_class":"streamriver","display_name":"Peck Creek","stream_role":"natural_stream_detail_context","sourceLayer":"colorado_natural_stream_detail_tiles_v1","sourceLabel":"Colorado natural stream detail tiles v1","sensitivity":"generalized"},"geometry":{"type":"LineString","coordinates":[[-104.81303,38.24567],[-104.81083,38.24621],[-104.81148,38.24935]]}},{"type":"Feature","properties":{"huc8":"11020002","huc8Name":"Upper Arkansas","historic":"yellowfin","current":"introduced","recovery":"recoveryWatch","lineageKey":"yellowfin","lineageLabel":"Yellowfin / Arkansas headwaters historical form","basin":"Upper Arkansas","note":"Atlas model treats Arkansas watershed as Yellowfin historical context","state":"CO","confidence":"HUC8 drainage context / generalized","geometryStatus":"natural_stream_detail_tile_from_full_interpreted_layer","troutSource":"HUC8 lineage assignment v1 / review needed","sourceName":"North Red Creek","name":"North Red Creek","source_id":"158691011","length_km":0.138,"FType":460,"FCode":46003,"atlas_class":"streamriver","display_name":"North Red Creek","stream_role":"natural_stream_detail_context","sourceLayer":"colorado_natural_stream_detail_tiles_v1","sourceLabel":"Colorado natural stream detail tiles v1","sensitivity":"generalized"},"geometry":{"type":"LineString","coordinates":[[-104.99783,38.22957],[-104.99648,38.23012]]}},{"type":"Feature","properties":{"huc8":"11020002","huc8Name":"Upper Arkansas","historic":"yellowfin","current":"introduced","recovery":"recoveryWatch","lineageKey":"yellowfin","lineageLabel":"Yellowfin / Arkansas headwaters historical form","basin":"Upper Arkansas","note":"Atlas model treats Arkansas watershed as Yellowfin historical context","state":"CO","confidence":"HUC8 drainage context / generalized","geometryStatus":"natural_stream_detail_tile_from_full_interpreted_layer","troutSource":"HUC8 lineage assignment v1 / review needed","sourceName":"North Red Creek","name":"North Red Creek","source_id":"158691038","length_km":0.148,"FType":460,"FCode":46003,"atlas_class":"streamriver","display_name":"North Red Creek","stream_role":"natural_stream_detail_context","sourceLayer":"colorado_natural_stream_detail_tiles_v1","sourceLabel":"Colorado natural stream detail tiles v1","sensitivity":"generalized"},"geometry":{"type":"LineString","coordinates":[[-104.99633,38.23022],[-104.99538,38.23126]]}},{"type":"Feature","properties":{"huc8":"11020002","huc8Name":"Upper Arkansas","historic":"yellowfin","current":"introduced","recovery":"recoveryWatch","lineageKey":"yellowfin","lineageLabel":"Yellowfin / Arkansas headwaters historical form","basin":"Upper Arkansas","note":"Atlas model treats Arkansas watershed as Yellowfin historical context","state":"CO","confidence":"HUC8 drainage context / generalized","geometryStatus":"natural_stream_detail_tile_from_full_interpreted_layer","troutSource":"HUC8 lineage assignment v1 / review needed","sourceName":"Rush Creek","name":"Rush Creek","source_id":"127947340","length_km":0.884,"FType":460,"FCode":46003,"atlas_class":"streamriver","display_name":"Rush Creek","stream_role":"natural_stream_detail_context","sourceLayer":"colorado_natural_stream_detail_tiles_v1","sourceLabel":"Colorado natural stream detail tiles v1","sensitivity":"generalized"},"geometry":{"type":"LineString","coordinates":[[-104.97771,38.19431],[-104.97796,38.19514],[-104.97683,38.19776],[-104.97717,38.20171]]}},{"type":"Feature","properties":{"huc8":"11020002","huc8Name":"Upper Arkansas","historic":"yellowfin","current":"introduced","recovery":"recoveryWatch","lineageKey":"yellowfin","lineageLabel":"Yellowfin / Arkansas headwaters historical form","basin":"Upper Arkansas","note":"Atlas model treats Arkansas watershed as Yellowfin historical context","state":"CO","confidence":"HUC8 drainage context / generalized","geometryStatus":"natural_stream_detail_tile_from_full_interpreted_layer","troutSource":"HUC8 lineage assignment v1 / review needed","sourceName":"South Red Creek","name":"South Red Creek","source_id":"127949958","length_km":0.111,"FType":460,"FCode":46003,"atlas_class":"streamriver","display_name":"South Red Creek","stream_role":"natural_stream_detail_context","sourceLayer":"colorado_natural_stream_detail_tiles_v1","sourceLabel":"Colorado natural stream detail tiles v1","sensitivity":"generalized"},"geometry":{"type":"LineString","coordinates":[[-104.98943,38.22494],[-104.99013,38.22576]]}},{"type":"Feature","properties":{"huc8":"11020002","huc8Name":"Upper Arkansas","historic":"yellowfin","current":"introduced","recovery":"recoveryWatch","lineageKey":"yellowfin","lineageLabel":"Yellowfin / Arkansas headwaters historical form","basin":"Upper Arkansas","note":"Atlas model treats Arkansas watershed as Yellowfin historical context","state":"CO","confidence":"HUC8 drainage context / generalized","geometryStatus":"natural_stream_detail_tile_from_full_interpreted_layer","troutSource":"HUC8 lineage assignment v1 / review needed","sourceName":"Rush Creek","name":"Rush Creek","source_id":"127947336","length_km":0.402,"FType":460,"FCode":46003,"atlas_class":"streamriver","display_name":"Rush Creek","stream_role":"natural_stream_detail_context","sourceLayer":"colorado_natural_stream_detail_tiles_v1","sourceLabel":"Colorado natural stream detail tiles v1","sensitivity":"generalized"},"geometry":{"type":"LineString","coordinates":[[-104.97378,38.20769],[-104.97277,38.21033],[-104.97195,38.21046]]}},{"type":"Feature","properties":{"huc8":"11020002","huc8Name":"Upper Arkansas","historic":"yellowfin","current":"introduced","recovery":"recoveryWatch","lineageKey":"yellowfin","lineageLabel":"Yellowfin / Arkansas headwaters historical form","basin":"Upper Arkansas","note":"Atlas model treats Arkansas watershed as Yellowfin historical context","state":"CO","confidence":"HUC8 drainage context / generalized","geometryStatus":"natural_stream_detail_tile_from_full_interpreted_layer","troutSource":"HUC8 lineage assignment v1 / review needed","sourceName":"Rush Creek","name":"Rush Creek","source_id":"127947335","length_km":0.942,"FType":460,"FCode":46003,"atlas_class":"streamriver","display_name":"Rush Creek","stream_role":"natural_stream_detail_context","sourceLayer":"colorado_natural_stream_detail_tiles_v1","sourceLabel":"Colorado natural stream detail tiles v1","sensitivity":"generalized"},"geometry":{"type":"LineString","coordinates":[[-104.97195,38.21046],[-104.97082,38.21063],[-104.96951,38.21234],[-104.96688,38.21373],[-104.96707,38.21504],[-104.96583,38.21622]]}},{"type":"Feature","properties":{"huc8":"11020002","huc8Name":"Upper Arkansas","historic":"yellowfin","current":"introduced","recovery":"recoveryWatch","lineageKey":"yellowfin","lineageLabel":"Yellowfin / Arkansas headwaters historical form","basin":"Upper Arkansas","note":"Atlas model treats Arkansas watershed as Yellowfin historical context","state":"CO","confidence":"HUC8 drainage context / generalized","geometryStatus":"natural_stream_detail_tile_from_full_interpreted_layer","troutSource":"HUC8 lineage assignment v1 / review needed","sourceName":"North Red Creek","name":"North Red Creek","source_id":"158691006","length_km":0.606,"FType":460,"FCode":46003,"atlas_class":"streamriver","display_name":"North Red Creek","stream_role":"natural_stream_detail_context","sourceLayer":"colorado_natural_stream_detail_tiles_v1","sourceLabel":"Colorado natural stream detail tiles v1","sensitivity":"generalized"},"geometry":{"type":"LineString","coordinates":[[-104.99528,38.23256],[-104.9952,38.23319],[-104.99434,38.23353],[-104.99417,38.23472],[-104.99076,38.23516]]}},{"type":"Feature","properties":{"huc8":"11020002","huc8Name":"Upper Arkansas","historic":"yellowfin","current":"introduced","recovery":"recoveryWatch","lineageKey":"yellowfin","lineageLabel":"Yellowfin / Arkansas headwaters historical form","basin":"Upper Arkansas","note":"Atlas model treats Arkansas watershed as Yellowfin historical context","state":"CO","confidence":"HUC8 drainage context / generalized","geometryStatus":"natural_stream_detail_tile_from_full_interpreted_layer","troutSource":"HUC8 lineage assignment v1 / review needed","sourceName":"Beaver Creek","name":"Beaver Creek","source_id":"127969044","length_km":0.3904892,"FType":460,"FCode":46003,"atlas_class":"streamriver","display_name":"Beaver Creek","stream_role":"natural_stream_detail_context","sourceLayer":"colorado_natural_stream_detail_tiles_v1","sourceLabel":"Colorado natural stream detail tiles v1","sensitivity":"generalized"},"geometry":{"type":"LineString","coordinates":[[-104.95716,38.37542],[-104.95662,38.3738],[-104.95865,38.3733]]}},{"type":"Feature","properties":{"huc8":"11020002","huc8Name":"Upper Arkansas","historic":"yellowfin","current":"introduced","recovery":"recoveryWatch","lineageKey":"yellowfin","lineageLabel":"Yellowfin / Arkansas headwaters historical form","basin":"Upper Arkansas","note":"Atlas model treats Arkansas watershed as Yellowfin historical context","state":"CO","confidence":"HUC8 drainage context / generalized","geometryStatus":"natural_stream_detail_tile_from_full_interpreted_layer","troutSource":"HUC8 lineage assignment v1 / review needed","sourceName":"Willow Spring Creek","name":"Willow Spring Creek","source_id":"127968579","length_km":0.496,"FType":460,"FCode":46003,"atlas_class":"streamriver","display_name":"Willow Spring Creek","stream_role":"natural_stream_detail_context","sourceLayer":"colorado_natural_stream_detail_tiles_v1","sourceLabel":"Colorado natural stream detail tiles v1","sensitivity":"generalized"},"geometry":{"type":"LineString","coordinates":[[-104.95441,38.34465],[-104.951,38.34671],[-104.95116,38.3477]]}},{"type":"Feature","properties":{"huc8":"11020002","huc8Name":"Upper Arkansas","historic":"yellowfin","current":"introduced","recovery":"recoveryWatch","lineageKey":"yellowfin","lineageLabel":"Yellowfin / Arkansas headwaters historical form","basin":"Upper Arkansas","note":"Atlas model treats Arkansas watershed as Yellowfin historical context","state":"CO","confidence":"HUC8 drainage context / generalized","geometryStatus":"natural_stream_detail_tile_from_full_interpreted_layer","troutSource":"HUC8 lineage assignment v1 / review needed","sourceName":"Beaver Creek","name":"Beaver Creek","source_id":"127946640","length_km":0.95220261,"FType":460,"FCode":46003,"atlas_class":"streamriver","display_name":"Beaver Creek","stream_role":"natural_stream_detail_context","sourceLayer":"colorado_natural_stream_detail_tiles_v1","sourceLabel":"Colorado natural stream detail tiles v1","sensitivity":"generalized"},"geometry":{"type":"LineString","coordinates":[[-104.95865,38.3733],[-104.96288,38.37467],[-104.9678,38.37177]]}},{"type":"Feature","properties":{"huc8":"11020002","huc8Name":"Upper Arkansas","historic":"yellowfin","current":"introduced","recovery":"recoveryWatch","lineageKey":"yellowfin","lineageLabel":"Yellowfin / Arkansas headwaters historical form","basin":"Upper Arkansas","note":"Atlas model treats Arkansas watershed as Yellowfin historical context","state":"CO","confidence":"HUC8 drainage context / generalized","geometryStatus":"natural_stream_detail_tile_from_full_interpreted_layer","troutSource":"HUC8 lineage assignment v1 / review needed","sourceName":"Rush Creek","name":"Rush Creek","source_id":"127947326","length_km":0.17,"FType":460,"FCode":46003,"atlas_class":"streamriver","display_name":"Rush Creek","stream_role":"natural_stream_detail_context","sourceLayer":"colorado_natural_stream_detail_tiles_v1","sourceLabel":"Colorado natural stream detail tiles v1","sensitivity":"generalized"},"geometry":{"type":"LineString","coordinates":[[-104.94164,38.23583],[-104.9398,38.23628]]}},{"type":"Feature","properties":{"huc8":"11020002","huc8Name":"Upper Arkansas","historic":"yellowfin","current":"introduced","recovery":"recoveryWatch","lineageKey":"yellowfin","lineageLabel":"Yellowfin / Arkansas headwaters historical form","basin":"Upper Arkansas","note":"Atlas model treats Arkansas watershed as Yellowfin historical context","state":"CO","confidence":"HUC8 drainage context / generalized","geometryStatus":"natural_stream_detail_tile_from_full_interpreted_layer","troutSource":"HUC8 lineage assignment v1 / review needed","sourceName":"Beaver Creek","name":"Beaver Creek","source_id":"127969028","length_km":1.306,"FType":460,"FCode":46003,"atlas_class":"streamriver","display_name":"Beaver Creek","stream_role":"natural_stream_detail_context","sourceLayer":"colorado_natural_stream_detail_tiles_v1","sourceLabel":"Colorado natural stream detail tiles v1","sensitivity":"generalized"},"geometry":{"type":"LineString","coordinates":[[-104.9404,38.39056],[-104.94209,38.38682],[-104.94496,38.38633],[-104.94518,38.38485],[-104.94627,38.38317],[-104.94474,38.382]]}},{"type":"Feature","properties":{"huc8":"11020002","huc8Name":"Upper Arkansas","historic":"yellowfin","current":"introduced","recovery":"recoveryWatch","lineageKey":"yellowfin","lineageLabel":"Yellowfin / Arkansas headwaters historical form","basin":"Upper Arkansas","note":"Atlas model treats Arkansas watershed as Yellowfin historical context","state":"CO","confidence":"HUC8 drainage context / generalized","geometryStatus":"natural_stream_detail_tile_from_full_interpreted_layer","troutSource":"HUC8 lineage assignment v1 / review needed","sourceName":"Beaver Creek","name":"Beaver Creek","source_id":"127969002","length_km":0.232,"FType":460,"FCode":46003,"atlas_class":"streamriver","display_name":"Beaver Creek","stream_role":"natural_stream_detail_context","sourceLayer":"colorado_natural_stream_detail_tiles_v1","sourceLabel":"Colorado natural stream detail tiles v1","sensitivity":"generalized"},"geometry":{"type":"LineString","coordinates":[[-104.9418,38.40089],[-104.9441,38.39988]]}},{"type":"Feature","properties":{"huc8":"11020002","huc8Name":"Upper Arkansas","historic":"yellowfin","current":"introduced","recovery":"recoveryWatch","lineageKey":"yellowfin","lineageLabel":"Yellowfin / Arkansas headwaters historical form","basin":"Upper Arkansas","note":"Atlas model treats Arkansas watershed as Yellowfin historical context","state":"CO","confidence":"HUC8 drainage context / generalized","geometryStatus":"natural_stream_detail_tile_from_full_interpreted_layer","troutSource":"HUC8 lineage assignment v1 / review needed","sourceName":"Rush Creek","name":"Rush Creek","source_id":"127971344","length_km":0.171,"FType":460,"FCode":46006,"atlas_class":"streamriver","display_name":"Rush Creek","stream_role":"natural_stream_detail_context","sourceLayer":"colorado_natural_stream_detail_tiles_v1","sourceLabel":"Colorado natural stream detail tiles v1","sensitivity":"generalized"},"geometry":{"type":"LineString","coordinates":[[-104.91013,38.24982],[-104.90822,38.24971]]}},{"type":"Feature","properties":{"huc8":"11020002","huc8Name":"Upper Arkansas","historic":"yellowfin","current":"introduced","recovery":"recoveryWatch","lineageKey":"yellowfin","lineageLabel":"Yellowfin / Arkansas headwaters historical form","basin":"Upper Arkansas","note":"Atlas model treats Arkansas watershed as Yellowfin historical context","state":"CO","confidence":"HUC8 drainage context / generalized","geometryStatus":"natural_stream_detail_tile_from_full_interpreted_layer","troutSource":"HUC8 lineage assignment v1 / review needed","sourceName":"Little Red Creek","name":"Little Red Creek","source_id":"127949847","length_km":1.982,"FType":460,"FCode":46003,"atlas_class":"streamriver","display_name":"Little Red Creek","stream_role":"natural_stream_detail_context","sourceLayer":"colorado_natural_stream_detail_tiles_v1","sourceLabel":"Colorado natural stream detail tiles v1","sensitivity":"generalized"},"geometry":{"type":"LineString","coordinates":[[-104.91422,38.27598],[-104.91167,38.2771],[-104.90622,38.28206],[-104.90602,38.28442],[-104.9037,38.28688],[-104.90383,38.28902],[-104.90487,38.28973]]}},{"type":"Feature","properties":{"huc8":"11020002","huc8Name":"Upper Arkansas","historic":"yellowfin","current":"introduced","recovery":"recoveryWatch","lineageKey":"yellowfin","lineageLabel":"Yellowfin / Arkansas headwaters historical form","basin":"Upper Arkansas","note":"Atlas model treats Arkansas watershed as Yellowfin historical context","state":"CO","confidence":"HUC8 drainage context / generalized","geometryStatus":"natural_stream_detail_tile_from_full_interpreted_layer","troutSource":"HUC8 lineage assignment v1 / review needed","sourceName":"Rush Creek","name":"Rush Creek","source_id":"127971335","length_km":0.18,"FType":460,"FCode":46006,"atlas_class":"streamriver","display_name":"Rush Creek","stream_role":"natural_stream_detail_context","sourceLayer":"colorado_natural_stream_detail_tiles_v1","sourceLabel":"Colorado natural stream detail tiles v1","sensitivity":"generalized"},"geometry":{"type":"LineString","coordinates":[[-104.88475,38.26947],[-104.88301,38.27001]]}},{"type":"Feature","properties":{"huc8":"11020002","huc8Name":"Upper Arkansas","historic":"yellowfin","current":"introduced","recovery":"recoveryWatch","lineageKey":"yellowfin","lineageLabel":"Yellowfin / Arkansas headwaters historical form","basin":"Upper Arkansas","note":"Atlas model treats Arkansas watershed as Yellowfin historical context","state":"CO","confidence":"HUC8 drainage context / generalized","geometryStatus":"natural_stream_detail_tile_from_full_interpreted_layer","troutSource":"HUC8 lineage assignment v1 / review needed","sourceName":"Rush Creek","name":"Rush Creek","source_id":"127971327","length_km":2.638,"FType":460,"FCode":46006,"atlas_class":"streamriver","display_name":"Rush Creek","stream_role":"natural_stream_detail_context","sourceLayer":"colorado_natural_stream_detail_tiles_v1","sourceLabel":"Colorado natural stream detail tiles v1","sensitivity":"generalized"},"geometry":{"type":"LineString","coordinates":[[-104.88257,38.27116],[-104.88107,38.27366],[-104.8789,38.27539],[-104.87326,38.27627],[-104.87277,38.27767],[-104.87182,38.27849],[-104.87053,38.28233],[-104.86904,38.28215],[-104.8682,38.28335],[-104.8698,38.28373],[-104.87065,38.28454],[-104.87089,38.2864]]}},{"type":"Feature","properties":{"huc8":"11020002","huc8Name":"Upper Arkansas","historic":"yellowfin","current":"introduced","recovery":"recoveryWatch","lineageKey":"yellowfin","lineageLabel":"Yellowfin / Arkansas headwaters historical form","basin":"Upper Arkansas","note":"Atlas model treats Arkansas watershed as Yellowfin historical context","state":"CO","confidence":"HUC8 drainage context / generalized","geometryStatus":"natural_stream_detail_tile_from_full_interpreted_layer","troutSource":"HUC8 lineage assignment v1 / review needed","sourceName":"Rush Creek","name":"Rush Creek","source_id":"127971323","length_km":1.117,"FType":460,"FCode":46006,"atlas_class":"streamriver","display_name":"Rush Creek","stream_role":"natural_stream_detail_context","sourceLayer":"colorado_natural_stream_detail_tiles_v1","sourceLabel":"Colorado natural stream detail tiles v1","sensitivity":"generalized"},"geometry":{"type":"LineString","coordinates":[[-104.86905,38.28734],[-104.86697,38.28845],[-104.86781,38.28904],[-104.87022,38.28866],[-104.8699,38.29026],[-104.87053,38.29086],[-104.87361,38.29068]]}},{"type":"Feature","properties":{"huc8":"11020002","huc8Name":"Upper Arkansas","historic":"yellowfin","current":"introduced","recovery":"recoveryWatch","lineageKey":"yellowfin","lineageLabel":"Yellowfin / Arkansas headwaters historical form","basin":"Upper Arkansas","note":"Atlas model treats Arkansas watershed as Yellowfin historical context","state":"CO","confidence":"HUC8 drainage context / generalized","geometryStatus":"natural_stream_detail_tile_from_full_interpreted_layer","troutSource":"HUC8 lineage assignment v1 / review needed","sourceName":"Rush Creek","name":"Rush Creek","source_id":"127947327","length_km":0.124,"FType":460,"FCode":46003,"atlas_class":"streamriver","display_name":"Rush Creek","stream_role":"natural_stream_detail_context","sourceLayer":"colorado_natural_stream_detail_tiles_v1","sourceLabel":"Colorado natural stream detail tiles v1","sensitivity":"generalized"},"geometry":{"type":"LineString","coordinates":[[-104.94307,38.23585],[-104.94164,38.23583]]}},{"type":"Feature","properties":{"huc8":"11020002","huc8Name":"Upper Arkansas","historic":"yellowfin","current":"introduced","recovery":"recoveryWatch","lineageKey":"yellowfin","lineageLabel":"Yellowfin / Arkansas headwaters historical form","basin":"Upper Arkansas","note":"Atlas model treats Arkansas watershed as Yellowfin historical context","state":"CO","confidence":"HUC8 drainage context / generalized","geometryStatus":"natural_stream_detail_tile_from_full_interpreted_layer","troutSource":"HUC8 lineage assignment v1 / review needed","sourceName":"Red Creek","name":"Red Creek","source_id":"127949851","length_km":0.417,"FType":460,"FCode":46003,"atlas_class":"streamriver","display_name":"Red Creek","stream_role":"natural_stream_detail_context","sourceLayer":"colorado_natural_stream_detail_tiles_v1","sourceLabel":"Colorado natural stream detail tiles v1","sensitivity":"generalized"},"geometry":{"type":"LineString","coordinates":[[-104.94588,38.29664],[-104.94281,38.29935]]}},{"type":"Feature","properties":{"huc8":"11020002","huc8Name":"Upper Arkansas","historic":"yellowfin","current":"introduced","recovery":"recoveryWatch","lineageKey":"yellowfin","lineageLabel":"Yellowfin / Arkansas headwaters historical form","basin":"Upper Arkansas","note":"Atlas model treats Arkansas watershed as Yellowfin historical context","state":"CO","confidence":"HUC8 drainage context / generalized","geometryStatus":"natural_stream_detail_tile_from_full_interpreted_layer","troutSource":"HUC8 lineage assignment v1 / review needed","sourceName":"Peck Creek","name":"Peck Creek","source_id":"127947360","length_km":0.319,"FType":460,"FCode":46003,"atlas_class":"streamriver","display_name":"Peck Creek","stream_role":"natural_stream_detail_context","sourceLayer":"colorado_natural_stream_detail_tiles_v1","sourceLabel":"Colorado natural stream detail tiles v1","sensitivity":"generalized"},"geometry":{"type":"LineString","coordinates":[[-104.85918,38.21807],[-104.8582,38.21933],[-104.85818,38.22069]]}},{"type":"Feature","properties":{"huc8":"11020002","huc8Name":"Upper Arkansas","historic":"yellowfin","current":"introduced","recovery":"recoveryWatch","lineageKey":"yellowfin","lineageLabel":"Yellowfin / Arkansas headwaters historical form","basin":"Upper Arkansas","note":"Atlas model treats Arkansas watershed as Yellowfin historical context","state":"CO","confidence":"HUC8 drainage context / generalized","geometryStatus":"natural_stream_detail_tile_from_full_interpreted_layer","troutSource":"HUC8 lineage assignment v1 / review needed","sourceName":"Rush Creek","name":"Rush Creek","source_id":"127971340","length_km":0.378,"FType":460,"FCode":46006,"atlas_class":"streamriver","display_name":"Rush Creek","stream_role":"natural_stream_detail_context","sourceLayer":"colorado_natural_stream_detail_tiles_v1","sourceLabel":"Colorado natural stream detail tiles v1","sensitivity":"generalized"},"geometry":{"type":"LineString","coordinates":[[-104.89956,38.25642],[-104.89633,38.25862]]}},{"type":"Feature","properties":{"huc8":"11020002","huc8Name":"Upper Arkansas","historic":"yellowfin","current":"introduced","recovery":"recoveryWatch","lineageKey":"yellowfin","lineageLabel":"Yellowfin / Arkansas headwaters historical form","basin":"Upper Arkansas","note":"Atlas model treats Arkansas watershed as Yellowfin historical context","state":"CO","confidence":"HUC8 drainage context / generalized","geometryStatus":"natural_stream_detail_tile_from_full_interpreted_layer","troutSource":"HUC8 lineage assignment v1 / review needed","sourceName":"Peck Creek","name":"Peck Creek","source_id":"127947378","length_km":0.301,"FType":460,"FCode":46003,"atlas_class":"streamriver","display_name":"Peck Creek","stream_role":"natural_stream_detail_context","sourceLayer":"colorado_natural_stream_detail_tiles_v1","sourceLabel":"Colorado natural stream detail tiles v1","sensitivity":"generalized"},"geometry":{"type":"LineString","coordinates":[[-104.86939,38.207],[-104.8693,38.20756],[-104.86695,38.20837]]}},{"type":"Feature","properties":{"huc8":"11020002","huc8Name":"Upper Arkansas","historic":"yellowfin","current":"introduced","recovery":"recoveryWatch","lineageKey":"yellowfin","lineageLabel":"Yellowfin / Arkansas headwaters historical form","basin":"Upper Arkansas","note":"Atlas model treats Arkansas watershed as Yellowfin historical context","state":"CO","confidence":"HUC8 drainage context / generalized","geometryStatus":"natural_stream_detail_tile_from_full_interpreted_layer","troutSource":"HUC8 lineage assignment v1 / review needed","sourceName":"Peck Creek","name":"Peck Creek","source_id":"127947353","length_km":0.74481732,"FType":460,"FCode":46003,"atlas_class":"streamriver","display_name":"Peck Creek","stream_role":"natural_stream_detail_context","sourceLayer":"colorado_natural_stream_detail_tiles_v1","sourceLabel":"Colorado natural stream detail tiles v1","sensitivity":"generalized"},"geometry":{"type":"LineString","coordinates":[[-104.82803,38.23014],[-104.82715,38.23205],[-104.82422,38.23471],[-104.82445,38.23575]]}},{"type":"Feature","properties":{"huc8":"11020002","huc8Name":"Upper Arkansas","historic":"yellowfin","current":"introduced","recovery":"recoveryWatch","lineageKey":"yellowfin","lineageLabel":"Yellowfin / Arkansas headwaters historical form","basin":"Upper Arkansas","note":"Atlas model treats Arkansas watershed as Yellowfin historical context","state":"CO","confidence":"HUC8 drainage context / generalized","geometryStatus":"natural_stream_detail_tile_from_full_interpreted_layer","troutSource":"HUC8 lineage assignment v1 / review needed","sourceName":"Turkey Creek","name":"Turkey Creek","source_id":"127946593","length_km":0.711,"FType":460,"FCode":46003,"atlas_class":"streamriver","display_name":"Turkey Creek","stream_role":"natural_stream_detail_context","sourceLayer":"colorado_natural_stream_detail_tiles_v1","sourceLabel":"Colorado natural stream detail tiles v1","sensitivity":"generalized"},"geometry":{"type":"LineString","coordinates":[[-104.83072,38.30159],[-104.8306,38.30046],[-104.82948,38.29896],[-104.82937,38.29679],[-104.8285,38.29578]]}},{"type":"Feature","properties":{"huc8":"11020002","huc8Name":"Upper Arkansas","historic":"yellowfin","current":"introduced","recovery":"recoveryWatch","lineageKey":"yellowfin","lineageLabel":"Yellowfin / Arkansas headwaters historical form","basin":"Upper Arkansas","note":"Atlas model treats Arkansas watershed as Yellowfin historical context","state":"CO","confidence":"HUC8 drainage context / generalized","geometryStatus":"natural_stream_detail_tile_from_full_interpreted_layer","troutSource":"HUC8 lineage assignment v1 / review needed","sourceName":"Rush Creek","name":"Rush Creek","source_id":"127971331","length_km":0.758,"FType":460,"FCode":46006,"atlas_class":"streamriver","display_name":"Rush Creek","stream_role":"natural_stream_detail_context","sourceLayer":"colorado_natural_stream_detail_tiles_v1","sourceLabel":"Colorado natural stream detail tiles v1","sensitivity":"generalized"},"geometry":{"type":"LineString","coordinates":[[-104.8901,38.26627],[-104.88897,38.26784],[-104.88791,38.26662],[-104.88708,38.26658],[-104.88622,38.26801],[-104.88631,38.26903]]}},{"type":"Feature","properties":{"huc8":"11020002","huc8Name":"Upper Arkansas","historic":"yellowfin","current":"introduced","recovery":"recoveryWatch","lineageKey":"yellowfin","lineageLabel":"Yellowfin / Arkansas headwaters historical form","basin":"Upper Arkansas","note":"Atlas model treats Arkansas watershed as Yellowfin historical context","state":"CO","confidence":"HUC8 drainage context / generalized","geometryStatus":"natural_stream_detail_tile_from_full_interpreted_layer","troutSource":"HUC8 lineage assignment v1 / review needed","sourceName":"Turkey Creek","name":"Turkey Creek","source_id":"127946615","length_km":0.425,"FType":460,"FCode":46003,"atlas_class":"streamriver","display_name":"Turkey Creek","stream_role":"natural_stream_detail_context","sourceLayer":"colorado_natural_stream_detail_tiles_v1","sourceLabel":"Colorado natural stream detail tiles v1","sensitivity":"generalized"},"geometry":{"type":"LineString","coordinates":[[-104.8499,38.37903],[-104.85047,38.37735],[-104.84813,38.37678]]}},{"type":"Feature","properties":{"huc8":"11020002","huc8Name":"Upper Arkansas","historic":"yellowfin","current":"introduced","recovery":"recoveryWatch","lineageKey":"yellowfin","lineageLabel":"Yellowfin / Arkansas headwaters historical form","basin":"Upper Arkansas","note":"Atlas model treats Arkansas watershed as Yellowfin historical context","state":"CO","confidence":"HUC8 drainage context / generalized","geometryStatus":"natural_stream_detail_tile_from_full_interpreted_layer","troutSource":"HUC8 lineage assignment v1 / review needed","sourceName":"Peck Creek","name":"Peck Creek","source_id":"127947365","length_km":0.295,"FType":460,"FCode":46003,"atlas_class":"streamriver","display_name":"Peck Creek","stream_role":"natural_stream_detail_context","sourceLayer":"colorado_natural_stream_detail_tiles_v1","sourceLabel":"Colorado natural stream detail tiles v1","sensitivity":"generalized"},"geometry":{"type":"LineString","coordinates":[[-104.88417,38.20396],[-104.8834,38.20435],[-104.88146,38.2034]]}},{"type":"Feature","properties":{"huc8":"11020002","huc8Name":"Upper Arkansas","historic":"yellowfin","current":"introduced","recovery":"recoveryWatch","lineageKey":"yellowfin","lineageLabel":"Yellowfin / Arkansas headwaters historical form","basin":"Upper Arkansas","note":"Atlas model treats Arkansas watershed as Yellowfin historical context","state":"CO","confidence":"HUC8 drainage context / generalized","geometryStatus":"natural_stream_detail_tile_from_full_interpreted_layer","troutSource":"HUC8 lineage assignment v1 / review needed","sourceName":"Peck Creek","name":"Peck Creek","source_id":"127947373","length_km":0.077,"FType":460,"FCode":46003,"atlas_class":"streamriver","display_name":"Peck Creek","stream_role":"natural_stream_detail_context","sourceLayer":"colorado_natural_stream_detail_tiles_v1","sourceLabel":"Colorado natural stream detail tiles v1","sensitivity":"generalized"},"geometry":{"type":"LineString","coordinates":[[-104.87744,38.20366],[-104.87682,38.20414]]}},{"type":"Feature","properties":{"huc8":"11020002","huc8Name":"Upper Arkansas","historic":"yellowfin","current":"introduced","recovery":"recoveryWatch","lineageKey":"yellowfin","lineageLabel":"Yellowfin / Arkansas headwaters historical form","basin":"Upper Arkansas","note":"Atlas model treats Arkansas watershed as Yellowfin historical context","state":"CO","confidence":"HUC8 drainage context / generalized","geometryStatus":"natural_stream_detail_tile_from_full_interpreted_layer","troutSource":"HUC8 lineage assignment v1 / review needed","sourceName":"Rush Creek","name":"Rush Creek","source_id":"127971348","length_km":1.284,"FType":460,"FCode":46006,"atlas_class":"streamriver","display_name":"Rush Creek","stream_role":"natural_stream_detail_context","sourceLayer":"colorado_natural_stream_detail_tiles_v1","sourceLabel":"Colorado natural stream detail tiles v1","sensitivity":"generalized"},"geometry":{"type":"LineString","coordinates":[[-104.9282,38.24376],[-104.92772,38.24443],[-104.92538,38.24483],[-104.92187,38.24818],[-104.92006,38.24776],[-104.91871,38.24828],[-104.91703,38.24755]]}},{"type":"Feature","properties":{"huc8":"11020002","huc8Name":"Upper Arkansas","historic":"yellowfin","current":"introduced","recovery":"recoveryWatch","lineageKey":"yellowfin","lineageLabel":"Yellowfin / Arkansas headwaters historical form","basin":"Upper Arkansas","note":"Atlas model treats Arkansas watershed as Yellowfin historical context","state":"CO","confidence":"HUC8 drainage context / generalized","geometryStatus":"natural_stream_detail_tile_from_full_interpreted_layer","troutSource":"HUC8 lineage assignment v1 / review needed","sourceName":"Rush Creek","name":"Rush Creek","source_id":"127971349","length_km":0.085,"FType":460,"FCode":46006,"atlas_class":"streamriver","display_name":"Rush Creek","stream_role":"natural_stream_detail_context","sourceLayer":"colorado_natural_stream_detail_tiles_v1","sourceLabel":"Colorado natural stream detail tiles v1","sensitivity":"generalized"},"geometry":{"type":"LineString","coordinates":[[-104.91703,38.24755],[-104.91606,38.24747]]}},{"type":"Feature","properties":{"huc8":"11020002","huc8Name":"Upper Arkansas","historic":"yellowfin","current":"introduced","recovery":"recoveryWatch","lineageKey":"yellowfin","lineageLabel":"Yellowfin / Arkansas headwaters historical form","basin":"Upper Arkansas","note":"Atlas model treats Arkansas watershed as Yellowfin historical context","state":"CO","confidence":"HUC8 drainage context / generalized","geometryStatus":"natural_stream_detail_tile_from_full_interpreted_layer","troutSource":"HUC8 lineage assignment v1 / review needed","sourceName":"Willow Spring Creek","name":"Willow Spring Creek","source_id":"127968585","length_km":0.584,"FType":460,"FCode":46003,"atlas_class":"streamriver","display_name":"Willow Spring Creek","stream_role":"natural_stream_detail_context","sourceLayer":"colorado_natural_stream_detail_tiles_v1","sourceLabel":"Colorado natural stream detail tiles v1","sensitivity":"generalized"},"geometry":{"type":"LineString","coordinates":[[-104.96713,38.33869],[-104.96154,38.34023],[-104.96122,38.33989]]}},{"type":"Feature","properties":{"huc8":"11020002","huc8Name":"Upper Arkansas","historic":"yellowfin","current":"introduced","recovery":"recoveryWatch","lineageKey":"yellowfin","lineageLabel":"Yellowfin / Arkansas headwaters historical form","basin":"Upper Arkansas","note":"Atlas model treats Arkansas watershed as Yellowfin historical context","state":"CO","confidence":"HUC8 drainage context / generalized","geometryStatus":"natural_stream_detail_tile_from_full_interpreted_layer","troutSource":"HUC8 lineage assignment v1 / review needed","sourceName":"Willow Spring Creek","name":"Willow Spring Creek","source_id":"127968581","length_km":1.063,"FType":460,"FCode":46003,"atlas_class":"streamriver","display_name":"Willow Spring Creek","stream_role":"natural_stream_detail_context","sourceLayer":"colorado_natural_stream_detail_tiles_v1","sourceLabel":"Colorado natural stream detail tiles v1","sensitivity":"generalized"},"geometry":{"type":"LineString","coordinates":[[-104.96122,38.33989],[-104.96022,38.33991],[-104.95967,38.34067],[-104.9579,38.34135],[-104.95925,38.34254],[-104.95842,38.34326],[-104.95441,38.34465]]}},{"type":"Feature","properties":{"huc8":"11020002","huc8Name":"Upper Arkansas","historic":"yellowfin","current":"introduced","recovery":"recoveryWatch","lineageKey":"yellowfin","lineageLabel":"Yellowfin / Arkansas headwaters historical form","basin":"Upper Arkansas","note":"Atlas model treats Arkansas watershed as Yellowfin historical context","state":"CO","confidence":"HUC8 drainage context / generalized","geometryStatus":"natural_stream_detail_tile_from_full_interpreted_layer","troutSource":"HUC8 lineage assignment v1 / review needed","sourceName":"South Red Creek","name":"South Red Creek","source_id":"158691008","length_km":0.058,"FType":460,"FCode":46003,"atlas_class":"streamriver","display_name":"South Red Creek","stream_role":"natural_stream_detail_context","sourceLayer":"colorado_natural_stream_detail_tiles_v1","sourceLabel":"Colorado natural stream detail tiles v1","sensitivity":"generalized"},"geometry":{"type":"LineString","coordinates":[[-104.9903,38.20363],[-104.99042,38.20413]]}},{"type":"Feature","properties":{"huc8":"11020002","huc8Name":"Upper Arkansas","historic":"yellowfin","current":"introduced","recovery":"recoveryWatch","lineageKey":"yellowfin","lineageLabel":"Yellowfin / Arkansas headwaters historical form","basin":"Upper Arkansas","note":"Atlas model treats Arkansas watershed as Yellowfin historical context","state":"CO","confidence":"HUC8 drainage context / generalized","geometryStatus":"natural_stream_detail_tile_from_full_interpreted_layer","troutSource":"HUC8 lineage assignment v1 / review needed","sourceName":"Peck Creek","name":"Peck Creek","source_id":"127947394","length_km":0.067,"FType":460,"FCode":46003,"atlas_class":"streamriver","display_name":"Peck Creek","stream_role":"natural_stream_detail_context","sourceLayer":"colorado_natural_stream_detail_tiles_v1","sourceLabel":"Colorado natural stream detail tiles v1","sensitivity":"generalized"},"geometry":{"type":"LineString","coordinates":[[-104.89892,38.20153],[-104.89924,38.20206]]}},{"type":"Feature","properties":{"huc8":"11020002","huc8Name":"Upper Arkansas","historic":"yellowfin","current":"introduced","recovery":"recoveryWatch","lineageKey":"yellowfin","lineageLabel":"Yellowfin / Arkansas headwaters historical form","basin":"Upper Arkansas","note":"Atlas model treats Arkansas watershed as Yellowfin historical context","state":"CO","confidence":"HUC8 drainage context / generalized","geometryStatus":"natural_stream_detail_tile_from_full_interpreted_layer","troutSource":"HUC8 lineage assignment v1 / review needed","sourceName":"Peck Creek","name":"Peck Creek","source_id":"127947392","length_km":0.073,"FType":460,"FCode":46003,"atlas_class":"streamriver","display_name":"Peck Creek","stream_role":"natural_stream_detail_context","sourceLayer":"colorado_natural_stream_detail_tiles_v1","sourceLabel":"Colorado natural stream detail tiles v1","sensitivity":"generalized"},"geometry":{"type":"LineString","coordinates":[[-104.89924,38.20206],[-104.8989,38.20263]]}},{"type":"Feature","properties":{"huc8":"11020002","huc8Name":"Upper Arkansas","historic":"yellowfin","current":"introduced","recovery":"recoveryWatch","lineageKey":"yellowfin","lineageLabel":"Yellowfin / Arkansas headwaters historical form","basin":"Upper Arkansas","note":"Atlas model treats Arkansas watershed as Yellowfin historical context","state":"CO","confidence":"HUC8 drainage context / generalized","geometryStatus":"natural_stream_detail_tile_from_full_interpreted_layer","troutSource":"HUC8 lineage assignment v1 / review needed","sourceName":"Peck Creek","name":"Peck Creek","source_id":"127947390","length_km":0.389,"FType":460,"FCode":46003,"atlas_class":"streamriver","display_name":"Peck Creek","stream_role":"natural_stream_detail_context","sourceLayer":"colorado_natural_stream_detail_tiles_v1","sourceLabel":"Colorado natural stream detail tiles v1","sensitivity":"generalized"},"geometry":{"type":"LineString","coordinates":[[-104.8989,38.20263],[-104.89839,38.20292],[-104.89502,38.20197]]}},{"type":"Feature","properties":{"huc8":"11020002","huc8Name":"Upper Arkansas","historic":"yellowfin","current":"introduced","recovery":"recoveryWatch","lineageKey":"yellowfin","lineageLabel":"Yellowfin / Arkansas headwaters historical form","basin":"Upper Arkansas","note":"Atlas model treats Arkansas watershed as Yellowfin historical context","state":"CO","confidence":"HUC8 drainage context / generalized","geometryStatus":"natural_stream_detail_tile_from_full_interpreted_layer","troutSource":"HUC8 lineage assignment v1 / review needed","sourceName":"Peck Creek","name":"Peck Creek","source_id":"127947397","length_km":0.078,"FType":460,"FCode":46003,"atlas_class":"streamriver","display_name":"Peck Creek","stream_role":"natural_stream_detail_context","sourceLayer":"colorado_natural_stream_detail_tiles_v1","sourceLabel":"Colorado natural stream detail tiles v1","sensitivity":"generalized"},"geometry":{"type":"LineString","coordinates":[[-104.89502,38.20197],[-104.8942,38.20171]]}},{"type":"Feature","properties":{"huc8":"11020002","huc8Name":"Upper Arkansas","historic":"yellowfin","current":"introduced","recovery":"recoveryWatch","lineageKey":"yellowfin","lineageLabel":"Yellowfin / Arkansas headwaters historical form","basin":"Upper Arkansas","note":"Atlas model treats Arkansas watershed as Yellowfin historical context","state":"CO","confidence":"HUC8 drainage context / generalized","geometryStatus":"natural_stream_detail_tile_from_full_interpreted_layer","troutSource":"HUC8 lineage assignment v1 / review needed","sourceName":"Rush Creek","name":"Rush Creek","source_id":"127947322","length_km":0.207,"FType":460,"FCode":46003,"atlas_class":"streamriver","display_name":"Rush Creek","stream_role":"natural_stream_detail_context","sourceLayer":"colorado_natural_stream_detail_tiles_v1","sourceLabel":"Colorado natural stream detail tiles v1","sensitivity":"generalized"},"geometry":{"type":"LineString","coordinates":[[-104.92859,38.24247],[-104.92772,38.24295],[-104.9282,38.24376]]}},{"type":"Feature","properties":{"huc8":"11020002","huc8Name":"Upper Arkansas","historic":"yellowfin","current":"introduced","recovery":"recoveryWatch","lineageKey":"yellowfin","lineageLabel":"Yellowfin / Arkansas headwaters historical form","basin":"Upper Arkansas","note":"Atlas model treats Arkansas watershed as Yellowfin historical context","state":"CO","confidence":"HUC8 drainage context / generalized","geometryStatus":"natural_stream_detail_tile_from_full_interpreted_layer","troutSource":"HUC8 lineage assignment v1 / review needed","sourceName":"Peck Creek","name":"Peck Creek","source_id":"127947356","length_km":0.48938773,"FType":460,"FCode":46003,"atlas_class":"streamriver","display_name":"Peck Creek","stream_role":"natural_stream_detail_context","sourceLayer":"colorado_natural_stream_detail_tiles_v1","sourceLabel":"Colorado natural stream detail tiles v1","sensitivity":"generalized"},"geometry":{"type":"LineString","coordinates":[[-104.83014,38.22775],[-104.82986,38.22859],[-104.83037,38.2301],[-104.82803,38.23014]]}},{"type":"Feature","properties":{"huc8":"11020002","huc8Name":"Upper Arkansas","historic":"yellowfin","current":"introduced","recovery":"recoveryWatch","lineageKey":"yellowfin","lineageLabel":"Yellowfin / Arkansas headwaters historical form","basin":"Upper Arkansas","note":"Atlas model treats Arkansas watershed as Yellowfin historical context","state":"CO","confidence":"HUC8 drainage context / generalized","geometryStatus":"natural_stream_detail_tile_from_full_interpreted_layer","troutSource":"HUC8 lineage assignment v1 / review needed","sourceName":"Turkey Creek","name":"Turkey Creek","source_id":"127946604","length_km":0.262,"FType":460,"FCode":46003,"atlas_class":"streamriver","display_name":"Turkey Creek","stream_role":"natural_stream_detail_context","sourceLayer":"colorado_natural_stream_detail_tiles_v1","sourceLabel":"Colorado natural stream detail tiles v1","sensitivity":"generalized"},"geometry":{"type":"LineString","coordinates":[[-104.8241,38.31818],[-104.82539,38.31773],[-104.82558,38.31668]]}},{"type":"Feature","properties":{"huc8":"11020002","huc8Name":"Upper Arkansas","historic":"yellowfin","current":"introduced","recovery":"recoveryWatch","lineageKey":"yellowfin","lineageLabel":"Yellowfin / Arkansas headwaters historical form","basin":"Upper Arkansas","note":"Atlas model treats Arkansas watershed as Yellowfin historical context","state":"CO","confidence":"HUC8 drainage context / generalized","geometryStatus":"natural_stream_detail_tile_from_full_interpreted_layer","troutSource":"HUC8 lineage assignment v1 / review needed","sourceName":"Turkey Creek","name":"Turkey Creek","source_id":"127946603","length_km":0.636,"FType":460,"FCode":46003,"atlas_class":"streamriver","display_name":"Turkey Creek","stream_role":"natural_stream_detail_context","sourceLayer":"colorado_natural_stream_detail_tiles_v1","sourceLabel":"Colorado natural stream detail tiles v1","sensitivity":"generalized"},"geometry":{"type":"LineString","coordinates":[[-104.82089,38.32121],[-104.82265,38.32155],[-104.82283,38.31962],[-104.8241,38.31818]]}},{"type":"Feature","properties":{"huc8":"11020002","huc8Name":"Upper Arkansas","historic":"yellowfin","current":"introduced","recovery":"recoveryWatch","lineageKey":"yellowfin","lineageLabel":"Yellowfin / Arkansas headwaters historical form","basin":"Upper Arkansas","note":"Atlas model treats Arkansas watershed as Yellowfin historical context","state":"CO","confidence":"HUC8 drainage context / generalized","geometryStatus":"natural_stream_detail_tile_from_full_interpreted_layer","troutSource":"HUC8 lineage assignment v1 / review needed","sourceName":"South Red Creek","name":"South Red Creek","source_id":"158691021","length_km":0.916,"FType":460,"FCode":46003,"atlas_class":"streamriver","display_name":"South Red Creek","stream_role":"natural_stream_detail_context","sourceLayer":"colorado_natural_stream_detail_tiles_v1","sourceLabel":"Colorado natural stream detail tiles v1","sensitivity":"generalized"},"geometry":{"type":"LineString","coordinates":[[-104.99178,38.21156],[-104.99166,38.21196],[-104.98977,38.21209],[-104.99082,38.21296],[-104.99017,38.21344],[-104.99073,38.21436],[-104.99062,38.2163],[-104.98982,38.21722]]}},{"type":"Feature","properties":{"huc8":"11020002","huc8Name":"Upper Arkansas","historic":"yellowfin","current":"introduced","recovery":"recoveryWatch","lineageKey":"yellowfin","lineageLabel":"Yellowfin / Arkansas headwaters historical form","basin":"Upper Arkansas","note":"Atlas model treats Arkansas watershed as Yellowfin historical context","state":"CO","confidence":"HUC8 drainage context / generalized","geometryStatus":"natural_stream_detail_tile_from_full_interpreted_layer","troutSource":"HUC8 lineage assignment v1 / review needed","sourceName":"Red Creek","name":"Red Creek","source_id":"127949867","length_km":0.32,"FType":460,"FCode":46003,"atlas_class":"streamriver","display_name":"Red Creek","stream_role":"natural_stream_detail_context","sourceLayer":"colorado_natural_stream_detail_tiles_v1","sourceLabel":"Colorado natural stream detail tiles v1","sensitivity":"generalized"},"geometry":{"type":"LineString","coordinates":[[-104.98657,38.24387],[-104.98564,38.24511],[-104.98636,38.24631]]}},{"type":"Feature","properties":{"huc8":"11020002","huc8Name":"Upper Arkansas","historic":"yellowfin","current":"introduced","recovery":"recoveryWatch","lineageKey":"yellowfin","lineageLabel":"Yellowfin / Arkansas headwaters historical form","basin":"Upper Arkansas","note":"Atlas model treats Arkansas watershed as Yellowfin historical context","state":"CO","confidence":"HUC8 drainage context / generalized","geometryStatus":"natural_stream_detail_tile_from_full_interpreted_layer","troutSource":"HUC8 lineage assignment v1 / review needed","sourceName":"Red Creek","name":"Red Creek","source_id":"158690959","length_km":1.156,"FType":460,"FCode":46003,"atlas_class":"streamriver","display_name":"Red Creek","stream_role":"natural_stream_detail_context","sourceLayer":"colorado_natural_stream_detail_tiles_v1","sourceLabel":"Colorado natural stream detail tiles v1","sensitivity":"generalized"},"geometry":{"type":"LineString","coordinates":[[-104.98601,38.24887],[-104.98061,38.25554],[-104.98194,38.25754]]}},{"type":"Feature","properties":{"huc8":"11020002","huc8Name":"Upper Arkansas","historic":"yellowfin","current":"introduced","recovery":"recoveryWatch","lineageKey":"yellowfin","lineageLabel":"Yellowfin / Arkansas headwaters historical form","basin":"Upper Arkansas","note":"Atlas model treats Arkansas watershed as Yellowfin historical context","state":"CO","confidence":"HUC8 drainage context / generalized","geometryStatus":"natural_stream_detail_tile_from_full_interpreted_layer","troutSource":"HUC8 lineage assignment v1 / review needed","sourceName":"Willow Spring Creek","name":"Willow Spring Creek","source_id":"127972557","length_km":0.422,"FType":460,"FCode":46006,"atlas_class":"streamriver","display_name":"Willow Spring Creek","stream_role":"natural_stream_detail_context","sourceLayer":"colorado_natural_stream_detail_tiles_v1","sourceLabel":"Colorado natural stream detail tiles v1","sensitivity":"generalized"},"geometry":{"type":"LineString","coordinates":[[-104.94999,38.34763],[-104.95,38.34537],[-104.94878,38.34447]]}},{"type":"Feature","properties":{"huc8":"11020002","huc8Name":"Upper Arkansas","historic":"yellowfin","current":"introduced","recovery":"recoveryWatch","lineageKey":"yellowfin","lineageLabel":"Yellowfin / Arkansas headwaters historical form","basin":"Upper Arkansas","note":"Atlas model treats Arkansas watershed as Yellowfin historical context","state":"CO","confidence":"HUC8 drainage context / generalized","geometryStatus":"natural_stream_detail_tile_from_full_interpreted_layer","troutSource":"HUC8 lineage assignment v1 / review needed","sourceName":"Beaver Creek","name":"Beaver Creek","source_id":"127946641","length_km":0.1437012,"FType":460,"FCode":46003,"atlas_class":"streamriver","display_name":"Beaver Creek","stream_role":"natural_stream_detail_context","sourceLayer":"colorado_natural_stream_detail_tiles_v1","sourceLabel":"Colorado natural stream detail tiles v1","sensitivity":"generalized"},"geometry":{"type":"LineString","coordinates":[[-104.95701,38.37667],[-104.95716,38.37542]]}},{"type":"Feature","properties":{"huc8":"11020002","huc8Name":"Upper Arkansas","historic":"yellowfin","current":"introduced","recovery":"recoveryWatch","lineageKey":"yellowfin","lineageLabel":"Yellowfin / Arkansas headwaters historical form","basin":"Upper Arkansas","note":"Atlas model treats Arkansas watershed as Yellowfin historical context","state":"CO","confidence":"HUC8 drainage context / generalized","geometryStatus":"natural_stream_detail_tile_from_full_interpreted_layer","troutSource":"HUC8 lineage assignment v1 / review needed","sourceName":"Rock Creek","name":"Rock Creek","source_id":"127949326","length_km":0.73747329,"FType":460,"FCode":46003,"atlas_class":"streamriver","display_name":"Rock Creek","stream_role":"natural_stream_detail_context","sourceLayer":"colorado_natural_stream_detail_tiles_v1","sourceLabel":"Colorado natural stream detail tiles v1","sensitivity":"generalized"},"geometry":{"type":"LineString","coordinates":[[-104.80183,38.20031],[-104.80229,38.20259],[-104.7999,38.20244],[-104.79868,38.204]]}},{"type":"Feature","properties":{"huc8":"11020002","huc8Name":"Upper Arkansas","historic":"yellowfin","current":"introduced","recovery":"recoveryWatch","lineageKey":"yellowfin","lineageLabel":"Yellowfin / Arkansas headwaters historical form","basin":"Upper Arkansas","note":"Atlas model treats Arkansas watershed as Yellowfin historical context","state":"CO","confidence":"HUC8 drainage context / generalized","geometryStatus":"natural_stream_detail_tile_from_full_interpreted_layer","troutSource":"HUC8 lineage assignment v1 / review needed","sourceName":"Turkey Creek","name":"Turkey Creek","source_id":"127946610","length_km":0.634,"FType":460,"FCode":46003,"atlas_class":"streamriver","display_name":"Turkey Creek","stream_role":"natural_stream_detail_context","sourceLayer":"colorado_natural_stream_detail_tiles_v1","sourceLabel":"Colorado natural stream detail tiles v1","sensitivity":"generalized"},"geometry":{"type":"LineString","coordinates":[[-104.83631,38.34916],[-104.83338,38.34615],[-104.83189,38.34593]]}},{"type":"Feature","properties":{"huc8":"11020002","huc8Name":"Upper Arkansas","historic":"yellowfin","current":"introduced","recovery":"recoveryWatch","lineageKey":"yellowfin","lineageLabel":"Yellowfin / Arkansas headwaters historical form","basin":"Upper Arkansas","note":"Atlas model treats Arkansas watershed as Yellowfin historical context","state":"CO","confidence":"HUC8 drainage context / generalized","geometryStatus":"natural_stream_detail_tile_from_full_interpreted_layer","troutSource":"HUC8 lineage assignment v1 / review needed","sourceName":"Turkey Creek","name":"Turkey Creek","source_id":"127946612","length_km":0.475,"FType":460,"FCode":46003,"atlas_class":"streamriver","display_name":"Turkey Creek","stream_role":"natural_stream_detail_context","sourceLayer":"colorado_natural_stream_detail_tiles_v1","sourceLabel":"Colorado natural stream detail tiles v1","sensitivity":"generalized"},"geometry":{"type":"LineString","coordinates":[[-104.83862,38.36657],[-104.83656,38.3649],[-104.83649,38.36316]]}},{"type":"Feature","properties":{"huc8":"11020002","huc8Name":"Upper Arkansas","historic":"yellowfin","current":"introduced","recovery":"recoveryWatch","lineageKey":"yellowfin","lineageLabel":"Yellowfin / Arkansas headwaters historical form","basin":"Upper Arkansas","note":"Atlas model treats Arkansas watershed as Yellowfin historical context","state":"CO","confidence":"HUC8 drainage context / generalized","geometryStatus":"natural_stream_detail_tile_from_full_interpreted_layer","troutSource":"HUC8 lineage assignment v1 / review needed","sourceName":"Turkey Creek","name":"Turkey Creek","source_id":"127946606","length_km":0.157,"FType":460,"FCode":46003,"atlas_class":"streamriver","display_name":"Turkey Creek","stream_role":"natural_stream_detail_context","sourceLayer":"colorado_natural_stream_detail_tiles_v1","sourceLabel":"Colorado natural stream detail tiles v1","sensitivity":"generalized"},"geometry":{"type":"LineString","coordinates":[[-104.83445,38.35649],[-104.83401,38.3552]]}},{"type":"Feature","properties":{"huc8":"11020002","huc8Name":"Upper Arkansas","historic":"yellowfin","current":"introduced","recovery":"recoveryWatch","lineageKey":"yellowfin","lineageLabel":"Yellowfin / Arkansas headwaters historical form","basin":"Upper Arkansas","note":"Atlas model treats Arkansas watershed as Yellowfin historical context","state":"CO","confidence":"HUC8 drainage context / generalized","geometryStatus":"natural_stream_detail_tile_from_full_interpreted_layer","troutSource":"HUC8 lineage assignment v1 / review needed","sourceName":"Peck Creek","name":"Peck Creek","source_id":"127947351","length_km":0.28835205,"FType":460,"FCode":46003,"atlas_class":"streamriver","display_name":"Peck Creek","stream_role":"natural_stream_detail_context","sourceLayer":"colorado_natural_stream_detail_tiles_v1","sourceLabel":"Colorado natural stream detail tiles v1","sensitivity":"generalized"},"geometry":{"type":"LineString","coordinates":[[-104.82445,38.23575],[-104.82383,38.23819]]}},{"type":"Feature","properties":{"huc8":"11020002","huc8Name":"Upper Arkansas","historic":"yellowfin","current":"introduced","recovery":"recoveryWatch","lineageKey":"yellowfin","lineageLabel":"Yellowfin / Arkansas headwaters historical form","basin":"Upper Arkansas","note":"Atlas model treats Arkansas watershed as Yellowfin historical context","state":"CO","confidence":"HUC8 drainage context / generalized","geometryStatus":"natural_stream_detail_tile_from_full_interpreted_layer","troutSource":"HUC8 lineage assignment v1 / review needed","sourceName":"Turkey Creek","name":"Turkey Creek","source_id":"127946600","length_km":1.113,"FType":460,"FCode":46003,"atlas_class":"streamriver","display_name":"Turkey Creek","stream_role":"natural_stream_detail_context","sourceLayer":"colorado_natural_stream_detail_tiles_v1","sourceLabel":"Colorado natural stream detail tiles v1","sensitivity":"generalized"},"geometry":{"type":"LineString","coordinates":[[-104.82014,38.33402],[-104.82083,38.33297],[-104.82267,38.33348],[-104.82286,38.33133],[-104.82338,38.33098],[-104.82188,38.32903],[-104.81981,38.32807]]}},{"type":"Feature","properties":{"huc8":"11020002","huc8Name":"Upper Arkansas","historic":"yellowfin","current":"introduced","recovery":"recoveryWatch","lineageKey":"yellowfin","lineageLabel":"Yellowfin / Arkansas headwaters historical form","basin":"Upper Arkansas","note":"Atlas model treats Arkansas watershed as Yellowfin historical context","state":"CO","confidence":"HUC8 drainage context / generalized","geometryStatus":"natural_stream_detail_tile_from_full_interpreted_layer","troutSource":"HUC8 lineage assignment v1 / review needed","sourceName":"Turkey Creek","name":"Turkey Creek","source_id":"127946621","length_km":0.72,"FType":460,"FCode":46003,"atlas_class":"streamriver","display_name":"Turkey Creek","stream_role":"natural_stream_detail_context","sourceLayer":"colorado_natural_stream_detail_tiles_v1","sourceLabel":"Colorado natural stream detail tiles v1","sensitivity":"generalized"},"geometry":{"type":"LineString","coordinates":[[-104.85072,38.39042],[-104.85078,38.38762],[-104.84987,38.38674],[-104.84903,38.38439]]}},{"type":"Feature","properties":{"huc8":"11020002","huc8Name":"Upper Arkansas","historic":"yellowfin","current":"introduced","recovery":"recoveryWatch","lineageKey":"yellowfin","lineageLabel":"Yellowfin / Arkansas headwaters historical form","basin":"Upper Arkansas","note":"Atlas model treats Arkansas watershed as Yellowfin historical context","state":"CO","confidence":"HUC8 drainage context / generalized","geometryStatus":"natural_stream_detail_tile_from_full_interpreted_layer","troutSource":"HUC8 lineage assignment v1 / review needed","sourceName":"Peck Creek","name":"Peck Creek","source_id":"127947359","length_km":0.646,"FType":460,"FCode":46003,"atlas_class":"streamriver","display_name":"Peck Creek","stream_role":"natural_stream_detail_context","sourceLayer":"colorado_natural_stream_detail_tiles_v1","sourceLabel":"Colorado natural stream detail tiles v1","sensitivity":"generalized"},"geometry":{"type":"LineString","coordinates":[[-104.85818,38.22069],[-104.85749,38.22227],[-104.85551,38.22242],[-104.85427,38.22456]]}},{"type":"Feature","properties":{"huc8":"11020002","huc8Name":"Upper Arkansas","historic":"yellowfin","current":"introduced","recovery":"recoveryWatch","lineageKey":"yellowfin","lineageLabel":"Yellowfin / Arkansas headwaters historical form","basin":"Upper Arkansas","note":"Atlas model treats Arkansas watershed as Yellowfin historical context","state":"CO","confidence":"HUC8 drainage context / generalized","geometryStatus":"natural_stream_detail_tile_from_full_interpreted_layer","troutSource":"HUC8 lineage assignment v1 / review needed","sourceName":"South Red Creek","name":"South Red Creek","source_id":"158690988","length_km":0.048,"FType":460,"FCode":46003,"atlas_class":"streamriver","display_name":"South Red Creek","stream_role":"natural_stream_detail_context","sourceLayer":"colorado_natural_stream_detail_tiles_v1","sourceLabel":"Colorado natural stream detail tiles v1","sensitivity":"generalized"},"geometry":{"type":"LineString","coordinates":[[-104.99172,38.20212],[-104.99127,38.20237]]}},{"type":"Feature","properties":{"huc8":"11020002","huc8Name":"Upper Arkansas","historic":"yellowfin","current":"introduced","recovery":"recoveryWatch","lineageKey":"yellowfin","lineageLabel":"Yellowfin / Arkansas headwaters historical form","basin":"Upper Arkansas","note":"Atlas model treats Arkansas watershed as Yellowfin historical context","state":"CO","confidence":"HUC8 drainage context / generalized","geometryStatus":"natural_stream_detail_tile_from_full_interpreted_layer","troutSource":"HUC8 lineage assignment v1 / review needed","sourceName":"Turkey Creek","name":"Turkey Creek","source_id":"127946616","length_km":1.018,"FType":460,"FCode":46003,"atlas_class":"streamriver","display_name":"Turkey Creek","stream_role":"natural_stream_detail_context","sourceLayer":"colorado_natural_stream_detail_tiles_v1","sourceLabel":"Colorado natural stream detail tiles v1","sensitivity":"generalized"},"geometry":{"type":"LineString","coordinates":[[-104.84813,38.37678],[-104.84592,38.37613],[-104.8457,38.37521],[-104.84474,38.37547],[-104.84432,38.37439],[-104.84507,38.37353],[-104.84284,38.37248],[-104.84263,38.37176]]}},{"type":"Feature","properties":{"huc8":"11020002","huc8Name":"Upper Arkansas","historic":"yellowfin","current":"introduced","recovery":"recoveryWatch","lineageKey":"yellowfin","lineageLabel":"Yellowfin / Arkansas headwaters historical form","basin":"Upper Arkansas","note":"Atlas model treats Arkansas watershed as Yellowfin historical context","state":"CO","confidence":"HUC8 drainage context / generalized","geometryStatus":"natural_stream_detail_tile_from_full_interpreted_layer","troutSource":"HUC8 lineage assignment v1 / review needed","sourceName":"North Red Creek","name":"North Red Creek","source_id":"158691012","length_km":0.022,"FType":460,"FCode":46003,"atlas_class":"streamriver","display_name":"North Red Creek","stream_role":"natural_stream_detail_context","sourceLayer":"colorado_natural_stream_detail_tiles_v1","sourceLabel":"Colorado natural stream detail tiles v1","sensitivity":"generalized"},"geometry":{"type":"LineString","coordinates":[[-104.99529,38.23237],[-104.99528,38.23256]]}},{"type":"Feature","properties":{"huc8":"11020002","huc8Name":"Upper Arkansas","historic":"yellowfin","current":"introduced","recovery":"recoveryWatch","lineageKey":"yellowfin","lineageLabel":"Yellowfin / Arkansas headwaters historical form","basin":"Upper Arkansas","note":"Atlas model treats Arkansas watershed as Yellowfin historical context","state":"CO","confidence":"HUC8 drainage context / generalized","geometryStatus":"natural_stream_detail_tile_from_full_interpreted_layer","troutSource":"HUC8 lineage assignment v1 / review needed","sourceName":"North Red Creek","name":"North Red Creek","source_id":"158691016","length_km":0.126,"FType":460,"FCode":46003,"atlas_class":"streamriver","display_name":"North Red Creek","stream_role":"natural_stream_detail_context","sourceLayer":"colorado_natural_stream_detail_tiles_v1","sourceLabel":"Colorado natural stream detail tiles v1","sensitivity":"generalized"},"geometry":{"type":"LineString","coordinates":[[-104.99538,38.23126],[-104.99529,38.23237]]}},{"type":"Feature","properties":{"huc8":"11020002","huc8Name":"Upper Arkansas","historic":"yellowfin","current":"introduced","recovery":"recoveryWatch","lineageKey":"yellowfin","lineageLabel":"Yellowfin / Arkansas headwaters historical form","basin":"Upper Arkansas","note":"Atlas model treats Arkansas watershed as Yellowfin historical context","state":"CO","confidence":"HUC8 drainage context / generalized","geometryStatus":"natural_stream_detail_tile_from_full_interpreted_layer","troutSource":"HUC8 lineage assignment v1 / review needed","sourceName":"Peck Creek","name":"Peck Creek","source_id":"127947367","length_km":0.388,"FType":460,"FCode":46003,"atlas_class":"streamriver","display_name":"Peck Creek","stream_role":"natural_stream_detail_context","sourceLayer":"colorado_natural_stream_detail_tiles_v1","sourceLabel":"Colorado natural stream detail tiles v1","sensitivity":"generalized"},"geometry":{"type":"LineString","coordinates":[[-104.86503,38.21229],[-104.86394,38.21561]]}},{"type":"Feature","properties":{"huc8":"11020002","huc8Name":"Upper Arkansas","historic":"yellowfin","current":"introduced","recovery":"recoveryWatch","lineageKey":"yellowfin","lineageLabel":"Yellowfin / Arkansas headwaters historical form","basin":"Upper Arkansas","note":"Atlas model treats Arkansas watershed as Yellowfin historical context","state":"CO","confidence":"HUC8 drainage context / generalized","geometryStatus":"natural_stream_detail_tile_from_full_interpreted_layer","troutSource":"HUC8 lineage assignment v1 / review needed","sourceName":"Willow Spring Creek","name":"Willow Spring Creek","source_id":"127968586","length_km":2.169,"FType":460,"FCode":46003,"atlas_class":"streamriver","display_name":"Willow Spring Creek","stream_role":"natural_stream_detail_context","sourceLayer":"colorado_natural_stream_detail_tiles_v1","sourceLabel":"Colorado natural stream detail tiles v1","sensitivity":"generalized"},"geometry":{"type":"LineString","coordinates":[[-104.98497,38.32663],[-104.97701,38.32911],[-104.97198,38.33161],[-104.97003,38.33332],[-104.97102,38.33533],[-104.96914,38.33647],[-104.96825,38.33772]]}},{"type":"Feature","properties":{"huc8":"11020002","huc8Name":"Upper Arkansas","historic":"yellowfin","current":"introduced","recovery":"recoveryWatch","lineageKey":"yellowfin","lineageLabel":"Yellowfin / Arkansas headwaters historical form","basin":"Upper Arkansas","note":"Atlas model treats Arkansas watershed as Yellowfin historical context","state":"CO","confidence":"HUC8 drainage context / generalized","geometryStatus":"natural_stream_detail_tile_from_full_interpreted_layer","troutSource":"HUC8 lineage assignment v1 / review needed","sourceName":"Rush Creek","name":"Rush Creek","source_id":"127947338","length_km":0.172,"FType":460,"FCode":46003,"atlas_class":"streamriver","display_name":"Rush Creek","stream_role":"natural_stream_detail_context","sourceLayer":"colorado_natural_stream_detail_tiles_v1","sourceLabel":"Colorado natural stream detail tiles v1","sensitivity":"generalized"},"geometry":{"type":"LineString","coordinates":[[-104.97506,38.20612],[-104.97527,38.20683],[-104.97432,38.20703]]}},{"type":"Feature","properties":{"huc8":"11020002","huc8Name":"Upper Arkansas","historic":"yellowfin","current":"introduced","recovery":"recoveryWatch","lineageKey":"yellowfin","lineageLabel":"Yellowfin / Arkansas headwaters historical form","basin":"Upper Arkansas","note":"Atlas model treats Arkansas watershed as Yellowfin historical context","state":"CO","confidence":"HUC8 drainage context / generalized","geometryStatus":"natural_stream_detail_tile_from_full_interpreted_layer","troutSource":"HUC8 lineage assignment v1 / review needed","sourceName":"South Red Creek","name":"South Red Creek","source_id":"158691040","length_km":0.018,"FType":460,"FCode":46003,"atlas_class":"streamriver","display_name":"South Red Creek","stream_role":"natural_stream_detail_context","sourceLayer":"colorado_natural_stream_detail_tiles_v1","sourceLabel":"Colorado natural stream detail tiles v1","sensitivity":"generalized"},"geometry":{"type":"LineString","coordinates":[[-104.99163,38.20912],[-104.99158,38.20928]]}},{"type":"Feature","properties":{"huc8":"11020002","huc8Name":"Upper Arkansas","historic":"yellowfin","current":"introduced","recovery":"recoveryWatch","lineageKey":"yellowfin","lineageLabel":"Yellowfin / Arkansas headwaters historical form","basin":"Upper Arkansas","note":"Atlas model treats Arkansas watershed as Yellowfin historical context","state":"CO","confidence":"HUC8 drainage context / generalized","geometryStatus":"natural_stream_detail_tile_from_full_interpreted_layer","troutSource":"HUC8 lineage assignment v1 / review needed","sourceName":"South Red Creek","name":"South Red Creek","source_id":"158691022","length_km":0.082,"FType":460,"FCode":46003,"atlas_class":"streamriver","display_name":"South Red Creek","stream_role":"natural_stream_detail_context","sourceLayer":"colorado_natural_stream_detail_tiles_v1","sourceLabel":"Colorado natural stream detail tiles v1","sensitivity":"generalized"},"geometry":{"type":"LineString","coordinates":[[-104.98982,38.21722],[-104.98953,38.21791]]}},{"type":"Feature","properties":{"huc8":"11020002","huc8Name":"Upper Arkansas","historic":"yellowfin","current":"introduced","recovery":"recoveryWatch","lineageKey":"yellowfin","lineageLabel":"Yellowfin / Arkansas headwaters historical form","basin":"Upper Arkansas","note":"Atlas model treats Arkansas watershed as Yellowfin historical context","state":"CO","confidence":"HUC8 drainage context / generalized","geometryStatus":"natural_stream_detail_tile_from_full_interpreted_layer","troutSource":"HUC8 lineage assignment v1 / review needed","sourceName":"South Red Creek","name":"South Red Creek","source_id":"158690946","length_km":0.218,"FType":460,"FCode":46003,"atlas_class":"streamriver","display_name":"South Red Creek","stream_role":"natural_stream_detail_context","sourceLayer":"colorado_natural_stream_detail_tiles_v1","sourceLabel":"Colorado natural stream detail tiles v1","sensitivity":"generalized"},"geometry":{"type":"LineString","coordinates":[[-104.98786,38.22135],[-104.98804,38.22322]]}},{"type":"Feature","properties":{"huc8":"11020002","huc8Name":"Upper Arkansas","historic":"yellowfin","current":"introduced","recovery":"recoveryWatch","lineageKey":"yellowfin","lineageLabel":"Yellowfin / Arkansas headwaters historical form","basin":"Upper Arkansas","note":"Atlas model treats Arkansas watershed as Yellowfin historical context","state":"CO","confidence":"HUC8 drainage context / generalized","geometryStatus":"natural_stream_detail_tile_from_full_interpreted_layer","troutSource":"HUC8 lineage assignment v1 / review needed","sourceName":"Peck Creek","name":"Peck Creek","source_id":"158702678","length_km":1.0867725,"FType":460,"FCode":46003,"atlas_class":"streamriver","display_name":"Peck Creek","stream_role":"natural_stream_detail_context","sourceLayer":"colorado_natural_stream_detail_tiles_v1","sourceLabel":"Colorado natural stream detail tiles v1","sensitivity":"generalized"},"geometry":{"type":"LineString","coordinates":[[-104.80125,38.25593],[-104.80008,38.25735],[-104.80058,38.25901],[-104.79718,38.258],[-104.79463,38.25885],[-104.79334,38.25852]]}},{"type":"Feature","properties":{"huc8":"11020002","huc8Name":"Upper Arkansas","historic":"yellowfin","current":"introduced","recovery":"recoveryWatch","lineageKey":"yellowfin","lineageLabel":"Yellowfin / Arkansas headwaters historical form","basin":"Upper Arkansas","note":"Atlas model treats Arkansas watershed as Yellowfin historical context","state":"CO","confidence":"HUC8 drainage context / generalized","geometryStatus":"natural_stream_detail_tile_from_full_interpreted_layer","troutSource":"HUC8 lineage assignment v1 / review needed","sourceName":"South Red Creek","name":"South Red Creek","source_id":"158690989","length_km":0.051,"FType":460,"FCode":46003,"atlas_class":"streamriver","display_name":"South Red Creek","stream_role":"natural_stream_detail_context","sourceLayer":"colorado_natural_stream_detail_tiles_v1","sourceLabel":"Colorado natural stream detail tiles v1","sensitivity":"generalized"},"geometry":{"type":"LineString","coordinates":[[-104.99127,38.20237],[-104.99085,38.20267]]}},{"type":"Feature","properties":{"huc8":"11020002","huc8Name":"Upper Arkansas","historic":"yellowfin","current":"introduced","recovery":"recoveryWatch","lineageKey":"yellowfin","lineageLabel":"Yellowfin / Arkansas headwaters historical form","basin":"Upper Arkansas","note":"Atlas model treats Arkansas watershed as Yellowfin historical context","state":"CO","confidence":"HUC8 drainage context / generalized","geometryStatus":"natural_stream_detail_tile_from_full_interpreted_layer","troutSource":"HUC8 lineage assignment v1 / review needed","sourceName":"South Red Creek","name":"South Red Creek","source_id":"158690951","length_km":0.123,"FType":460,"FCode":46003,"atlas_class":"streamriver","display_name":"South Red Creek","stream_role":"natural_stream_detail_context","sourceLayer":"colorado_natural_stream_detail_tiles_v1","sourceLabel":"Colorado natural stream detail tiles v1","sensitivity":"generalized"},"geometry":{"type":"LineString","coordinates":[[-104.9901,38.23066],[-104.9909,38.23155]]}},{"type":"Feature","properties":{"huc8":"11020002","huc8Name":"Upper Arkansas","historic":"yellowfin","current":"introduced","recovery":"recoveryWatch","lineageKey":"yellowfin","lineageLabel":"Yellowfin / Arkansas headwaters historical form","basin":"Upper Arkansas","note":"Atlas model treats Arkansas watershed as Yellowfin historical context","state":"CO","confidence":"HUC8 drainage context / generalized","geometryStatus":"natural_stream_detail_tile_from_full_interpreted_layer","troutSource":"HUC8 lineage assignment v1 / review needed","sourceName":"South Red Creek","name":"South Red Creek","source_id":"127949967","length_km":0.034,"FType":460,"FCode":46003,"atlas_class":"streamriver","display_name":"South Red Creek","stream_role":"natural_stream_detail_context","sourceLayer":"colorado_natural_stream_detail_tiles_v1","sourceLabel":"Colorado natural stream detail tiles v1","sensitivity":"generalized"},"geometry":{"type":"LineString","coordinates":[[-104.99126,38.20033],[-104.99113,38.20062]]}},{"type":"Feature","properties":{"huc8":"11020002","huc8Name":"Upper Arkansas","historic":"yellowfin","current":"introduced","recovery":"recoveryWatch","lineageKey":"yellowfin","lineageLabel":"Yellowfin / Arkansas headwaters historical form","basin":"Upper Arkansas","note":"Atlas model treats Arkansas watershed as Yellowfin historical context","state":"CO","confidence":"HUC8 drainage context / generalized","geometryStatus":"natural_stream_detail_tile_from_full_interpreted_layer","troutSource":"HUC8 lineage assignment v1 / review needed","sourceName":"Rush Creek","name":"Rush Creek","source_id":"127971330","length_km":0.18,"FType":460,"FCode":46006,"atlas_class":"streamriver","display_name":"Rush Creek","stream_role":"natural_stream_detail_context","sourceLayer":"colorado_natural_stream_detail_tiles_v1","sourceLabel":"Colorado natural stream detail tiles v1","sensitivity":"generalized"},"geometry":{"type":"LineString","coordinates":[[-104.88631,38.26903],[-104.88605,38.26947],[-104.88475,38.26947]]}},{"type":"Feature","properties":{"huc8":"11020002","huc8Name":"Upper Arkansas","historic":"yellowfin","current":"introduced","recovery":"recoveryWatch","lineageKey":"yellowfin","lineageLabel":"Yellowfin / Arkansas headwaters historical form","basin":"Upper Arkansas","note":"Atlas model treats Arkansas watershed as Yellowfin historical context","state":"CO","confidence":"HUC8 drainage context / generalized","geometryStatus":"natural_stream_detail_tile_from_full_interpreted_layer","troutSource":"HUC8 lineage assignment v1 / review needed","sourceName":"Rush Creek","name":"Rush Creek","source_id":"158702525","length_km":0.354,"FType":460,"FCode":46006,"atlas_class":"streamriver","display_name":"Rush Creek","stream_role":"natural_stream_detail_context","sourceLayer":"colorado_natural_stream_detail_tiles_v1","sourceLabel":"Colorado natural stream detail tiles v1","sensitivity":"generalized"},"geometry":{"type":"LineString","coordinates":[[-104.87361,38.29068],[-104.87334,38.29254],[-104.87205,38.29331]]}},{"type":"Feature","properties":{"huc8":"11020002","huc8Name":"Upper Arkansas","historic":"yellowfin","current":"introduced","recovery":"recoveryWatch","lineageKey":"yellowfin","lineageLabel":"Yellowfin / Arkansas headwaters historical form","basin":"Upper Arkansas","note":"Atlas model treats Arkansas watershed as Yellowfin historical context","state":"CO","confidence":"HUC8 drainage context / generalized","geometryStatus":"natural_stream_detail_tile_from_full_interpreted_layer","troutSource":"HUC8 lineage assignment v1 / review needed","sourceName":"Peck Creek","name":"Peck Creek","source_id":"127947349","length_km":1.13947185,"FType":460,"FCode":46003,"atlas_class":"streamriver","display_name":"Peck Creek","stream_role":"natural_stream_detail_context","sourceLayer":"colorado_natural_stream_detail_tiles_v1","sourceLabel":"Colorado natural stream detail tiles v1","sensitivity":"generalized"},"geometry":{"type":"LineString","coordinates":[[-104.82383,38.23819],[-104.82361,38.24004],[-104.82266,38.2414],[-104.82048,38.24119],[-104.81876,38.24358],[-104.81764,38.2435],[-104.81691,38.24254]]}},{"type":"Feature","properties":{"huc8":"11020002","huc8Name":"Upper Arkansas","historic":"yellowfin","current":"introduced","recovery":"recoveryWatch","lineageKey":"yellowfin","lineageLabel":"Yellowfin / Arkansas headwaters historical form","basin":"Upper Arkansas","note":"Atlas model treats Arkansas watershed as Yellowfin historical context","state":"CO","confidence":"HUC8 drainage context / generalized","geometryStatus":"natural_stream_detail_tile_from_full_interpreted_layer","troutSource":"HUC8 lineage assignment v1 / review needed","sourceName":"Peck Creek","name":"Peck Creek","source_id":"158702507","length_km":1.5695963,"FType":460,"FCode":46003,"atlas_class":"streamriver","display_name":"Peck Creek","stream_role":"natural_stream_detail_context","sourceLayer":"colorado_natural_stream_detail_tiles_v1","sourceLabel":"Colorado natural stream detail tiles v1","sensitivity":"generalized"},"geometry":{"type":"LineString","coordinates":[[-104.81148,38.24935],[-104.81139,38.25051],[-104.80909,38.24985],[-104.80709,38.2507],[-104.80556,38.25241],[-104.80473,38.25537],[-104.80214,38.25462],[-104.80125,38.25593]]}},{"type":"Feature","properties":{"huc8":"11020002","huc8Name":"Upper Arkansas","historic":"yellowfin","current":"introduced","recovery":"recoveryWatch","lineageKey":"yellowfin","lineageLabel":"Yellowfin / Arkansas headwaters historical form","basin":"Upper Arkansas","note":"Atlas model treats Arkansas watershed as Yellowfin historical context","state":"CO","confidence":"HUC8 drainage context / generalized","geometryStatus":"natural_stream_detail_tile_from_full_interpreted_layer","troutSource":"HUC8 lineage assignment v1 / review needed","sourceName":"Turkey Creek","name":"Turkey Creek","source_id":"127946599","length_km":0.134,"FType":460,"FCode":46003,"atlas_class":"streamriver","display_name":"Turkey Creek","stream_role":"natural_stream_detail_context","sourceLayer":"colorado_natural_stream_detail_tiles_v1","sourceLabel":"Colorado natural stream detail tiles v1","sensitivity":"generalized"},"geometry":{"type":"LineString","coordinates":[[-104.8205,38.33518],[-104.82014,38.33402]]}},{"type":"Feature","properties":{"huc8":"11020002","huc8Name":"Upper Arkansas","historic":"yellowfin","current":"introduced","recovery":"recoveryWatch","lineageKey":"yellowfin","lineageLabel":"Yellowfin / Arkansas headwaters historical form","basin":"Upper Arkansas","note":"Atlas model treats Arkansas watershed as Yellowfin historical context","state":"CO","confidence":"HUC8 drainage context / generalized","geometryStatus":"natural_stream_detail_tile_from_full_interpreted_layer","troutSource":"HUC8 lineage assignment v1 / review needed","sourceName":"Rush Creek","name":"Rush Creek","source_id":"127947331","length_km":0.187,"FType":460,"FCode":46003,"atlas_class":"streamriver","display_name":"Rush Creek","stream_role":"natural_stream_detail_context","sourceLayer":"colorado_natural_stream_detail_tiles_v1","sourceLabel":"Colorado natural stream detail tiles v1","sensitivity":"generalized"},"geometry":{"type":"LineString","coordinates":[[-104.96349,38.21911],[-104.96151,38.2196]]}},{"type":"Feature","properties":{"huc8":"11020002","huc8Name":"Upper Arkansas","historic":"yellowfin","current":"introduced","recovery":"recoveryWatch","lineageKey":"yellowfin","lineageLabel":"Yellowfin / Arkansas headwaters historical form","basin":"Upper Arkansas","note":"Atlas model treats Arkansas watershed as Yellowfin historical context","state":"CO","confidence":"HUC8 drainage context / generalized","geometryStatus":"natural_stream_detail_tile_from_full_interpreted_layer","troutSource":"HUC8 lineage assignment v1 / review needed","sourceName":"Rush Creek","name":"Rush Creek","source_id":"127947332","length_km":0.133,"FType":460,"FCode":46003,"atlas_class":"streamriver","display_name":"Rush Creek","stream_role":"natural_stream_detail_context","sourceLayer":"colorado_natural_stream_detail_tiles_v1","sourceLabel":"Colorado natural stream detail tiles v1","sensitivity":"generalized"},"geometry":{"type":"LineString","coordinates":[[-104.96151,38.2196],[-104.96008,38.21998]]}},{"type":"Feature","properties":{"huc8":"11020002","huc8Name":"Upper Arkansas","historic":"yellowfin","current":"introduced","recovery":"recoveryWatch","lineageKey":"yellowfin","lineageLabel":"Yellowfin / Arkansas headwaters historical form","basin":"Upper Arkansas","note":"Atlas model treats Arkansas watershed as Yellowfin historical context","state":"CO","confidence":"HUC8 drainage context / generalized","geometryStatus":"natural_stream_detail_tile_from_full_interpreted_layer","troutSource":"HUC8 lineage assignment v1 / review needed","sourceName":"Rush Creek","name":"Rush Creek","source_id":"127947324","length_km":0.707,"FType":460,"FCode":46003,"atlas_class":"streamriver","display_name":"Rush Creek","stream_role":"natural_stream_detail_context","sourceLayer":"colorado_natural_stream_detail_tiles_v1","sourceLabel":"Colorado natural stream detail tiles v1","sensitivity":"generalized"},"geometry":{"type":"LineString","coordinates":[[-104.93359,38.23812],[-104.93168,38.23907],[-104.93095,38.24071],[-104.92859,38.24247]]}},{"type":"Feature","properties":{"huc8":"11020002","huc8Name":"Upper Arkansas","historic":"yellowfin","current":"introduced","recovery":"recoveryWatch","lineageKey":"yellowfin","lineageLabel":"Yellowfin / Arkansas headwaters historical form","basin":"Upper Arkansas","note":"Atlas model treats Arkansas watershed as Yellowfin historical context","state":"CO","confidence":"HUC8 drainage context / generalized","geometryStatus":"natural_stream_detail_tile_from_full_interpreted_layer","troutSource":"HUC8 lineage assignment v1 / review needed","sourceName":"Little Red Creek","name":"Little Red Creek","source_id":"127949845","length_km":0.341,"FType":460,"FCode":46003,"atlas_class":"streamriver","display_name":"Little Red Creek","stream_role":"natural_stream_detail_context","sourceLayer":"colorado_natural_stream_detail_tiles_v1","sourceLabel":"Colorado natural stream detail tiles v1","sensitivity":"generalized"},"geometry":{"type":"LineString","coordinates":[[-104.88619,38.3064],[-104.88274,38.30746]]}},{"type":"Feature","properties":{"huc8":"11020002","huc8Name":"Upper Arkansas","historic":"yellowfin","current":"introduced","recovery":"recoveryWatch","lineageKey":"yellowfin","lineageLabel":"Yellowfin / Arkansas headwaters historical form","basin":"Upper Arkansas","note":"Atlas model treats Arkansas watershed as Yellowfin historical context","state":"CO","confidence":"HUC8 drainage context / generalized","geometryStatus":"natural_stream_detail_tile_from_full_interpreted_layer","troutSource":"HUC8 lineage assignment v1 / review needed","sourceName":"Rush Creek","name":"Rush Creek","source_id":"127972587","length_km":1.072,"FType":460,"FCode":46006,"atlas_class":"streamriver","display_name":"Rush Creek","stream_role":"natural_stream_detail_context","sourceLayer":"colorado_natural_stream_detail_tiles_v1","sourceLabel":"Colorado natural stream detail tiles v1","sensitivity":"generalized"},"geometry":{"type":"LineString","coordinates":[[-104.86835,38.29733],[-104.86722,38.29771],[-104.86717,38.29612],[-104.86323,38.29543],[-104.86136,38.29569],[-104.85995,38.29505]]}},{"type":"Feature","properties":{"huc8":"11020002","huc8Name":"Upper Arkansas","historic":"yellowfin","current":"introduced","recovery":"recoveryWatch","lineageKey":"yellowfin","lineageLabel":"Yellowfin / Arkansas headwaters historical form","basin":"Upper Arkansas","note":"Atlas model treats Arkansas watershed as Yellowfin historical context","state":"CO","confidence":"HUC8 drainage context / generalized","geometryStatus":"natural_stream_detail_tile_from_full_interpreted_layer","troutSource":"HUC8 lineage assignment v1 / review needed","sourceName":"Beaver Creek","name":"Beaver Creek","source_id":"127946645","length_km":0.366,"FType":460,"FCode":46003,"atlas_class":"streamriver","display_name":"Beaver Creek","stream_role":"natural_stream_detail_context","sourceLayer":"colorado_natural_stream_detail_tiles_v1","sourceLabel":"Colorado natural stream detail tiles v1","sensitivity":"generalized"},"geometry":{"type":"LineString","coordinates":[[-104.9441,38.39988],[-104.94369,38.39837],[-104.94251,38.39694]]}},{"type":"Feature","properties":{"huc8":"11020002","huc8Name":"Upper Arkansas","historic":"yellowfin","current":"introduced","recovery":"recoveryWatch","lineageKey":"yellowfin","lineageLabel":"Yellowfin / Arkansas headwaters historical form","basin":"Upper Arkansas","note":"Atlas model treats Arkansas watershed as Yellowfin historical context","state":"CO","confidence":"HUC8 drainage context / generalized","geometryStatus":"natural_stream_detail_tile_from_full_interpreted_layer","troutSource":"HUC8 lineage assignment v1 / review needed","sourceName":"Rush Creek","name":"Rush Creek","source_id":"127971336","length_km":0.546,"FType":460,"FCode":46006,"atlas_class":"streamriver","display_name":"Rush Creek","stream_role":"natural_stream_detail_context","sourceLayer":"colorado_natural_stream_detail_tiles_v1","sourceLabel":"Colorado natural stream detail tiles v1","sensitivity":"generalized"},"geometry":{"type":"LineString","coordinates":[[-104.89633,38.25862],[-104.89541,38.2616],[-104.89335,38.2623]]}},{"type":"Feature","properties":{"huc8":"11020002","huc8Name":"Upper Arkansas","historic":"yellowfin","current":"introduced","recovery":"recoveryWatch","lineageKey":"yellowfin","lineageLabel":"Yellowfin / Arkansas headwaters historical form","basin":"Upper Arkansas","note":"Atlas model treats Arkansas watershed as Yellowfin historical context","state":"CO","confidence":"HUC8 drainage context / generalized","geometryStatus":"natural_stream_detail_tile_from_full_interpreted_layer","troutSource":"HUC8 lineage assignment v1 / review needed","sourceName":"Beaver Creek","name":"Beaver Creek","source_id":"127969025","length_km":0.436,"FType":460,"FCode":46003,"atlas_class":"streamriver","display_name":"Beaver Creek","stream_role":"natural_stream_detail_context","sourceLayer":"colorado_natural_stream_detail_tiles_v1","sourceLabel":"Colorado natural stream detail tiles v1","sensitivity":"generalized"},"geometry":{"type":"LineString","coordinates":[[-104.93934,38.39313],[-104.93875,38.39216],[-104.94049,38.39158],[-104.9404,38.39056]]}},{"type":"Feature","properties":{"huc8":"11020002","huc8Name":"Upper Arkansas","historic":"yellowfin","current":"introduced","recovery":"recoveryWatch","lineageKey":"yellowfin","lineageLabel":"Yellowfin / Arkansas headwaters historical form","basin":"Upper Arkansas","note":"Atlas model treats Arkansas watershed as Yellowfin historical context","state":"CO","confidence":"HUC8 drainage context / generalized","geometryStatus":"natural_stream_detail_tile_from_full_interpreted_layer","troutSource":"HUC8 lineage assignment v1 / review needed","sourceName":"Peck Creek","name":"Peck Creek","source_id":"158691500","length_km":0.046,"FType":460,"FCode":46003,"atlas_class":"streamriver","display_name":"Peck Creek","stream_role":"natural_stream_detail_context","sourceLayer":"colorado_natural_stream_detail_tiles_v1","sourceLabel":"Colorado natural stream detail tiles v1","sensitivity":"generalized"},"geometry":{"type":"LineString","coordinates":[[-104.8765,38.2044],[-104.87602,38.20451]]}}]}