{"type":"FeatureCollection","name":"co_natural_stream_detail_0p2_x-536_y199_v1","metadata":{"description":"Colorado natural named stream/rivers close-zoom detail tile. Excludes likely human-altered named linework.","version":"v1","gridSizeDegrees":0.2,"tileX":-536,"tileY":199,"bounds":{"west":-107.2,"south":39.800000000000004,"east":-107,"north":40},"source":"C:\\ct-atlas-data\\processed\\geojson\\interpreted\\colorado_cutthroat_huc8_stream_context_named_v1.geojson"},"features":[{"type":"Feature","properties":{"huc8":"14010001","huc8Name":"Colorado Headwaters","historic":"coloradoRiver","current":"introduced","recovery":"recoveryWatch","lineageKey":"coloradoRiver","lineageLabel":"Colorado River green lineage","basin":"Colorado Headwaters","note":"Upper Colorado green-lineage context","state":"CO","confidence":"HUC8 drainage context / generalized","geometryStatus":"natural_stream_detail_tile_from_full_interpreted_layer","troutSource":"HUC8 lineage assignment v1 / review needed","sourceName":"Poison Creek","name":"Poison Creek","source_id":"162757566","length_km":1.28593001,"FType":460,"FCode":46006,"atlas_class":"streamriver","display_name":"Poison Creek","stream_role":"natural_stream_detail_context","sourceLayer":"colorado_natural_stream_detail_tiles_v1","sourceLabel":"Colorado natural stream detail tiles v1","sensitivity":"generalized"},"geometry":{"type":"LineString","coordinates":[[-107.06574,39.83379],[-107.06011,39.83322],[-107.05831,39.83219],[-107.05517,39.83264],[-107.05388,39.83183],[-107.05347,39.83037]]}},{"type":"Feature","properties":{"huc8":"14010001","huc8Name":"Colorado Headwaters","historic":"coloradoRiver","current":"introduced","recovery":"recoveryWatch","lineageKey":"coloradoRiver","lineageLabel":"Colorado River green lineage","basin":"Colorado Headwaters","note":"Upper Colorado green-lineage context","state":"CO","confidence":"HUC8 drainage context / generalized","geometryStatus":"natural_stream_detail_tile_from_full_interpreted_layer","troutSource":"HUC8 lineage assignment v1 / review needed","sourceName":"West Fork Red Dirt Creek","name":"West Fork Red Dirt Creek","source_id":"162751655","length_km":0.23372228,"FType":460,"FCode":46006,"atlas_class":"streamriver","display_name":"West Fork Red Dirt Creek","stream_role":"natural_stream_detail_context","sourceLayer":"colorado_natural_stream_detail_tiles_v1","sourceLabel":"Colorado natural stream detail tiles v1","sensitivity":"generalized"},"geometry":{"type":"LineString","coordinates":[[-107.07022,39.84225],[-107.06807,39.84348]]}},{"type":"Feature","properties":{"huc8":"14010001","huc8Name":"Colorado Headwaters","historic":"coloradoRiver","current":"introduced","recovery":"recoveryWatch","lineageKey":"coloradoRiver","lineageLabel":"Colorado River green lineage","basin":"Colorado Headwaters","note":"Upper Colorado green-lineage context","state":"CO","confidence":"HUC8 drainage context / generalized","geometryStatus":"natural_stream_detail_tile_from_full_interpreted_layer","troutSource":"HUC8 lineage assignment v1 / review needed","sourceName":"East Fork Red Dirt Creek","name":"East Fork Red Dirt Creek","source_id":"88885937","length_km":0.354,"FType":460,"FCode":46006,"atlas_class":"streamriver","display_name":"East Fork Red Dirt Creek","stream_role":"natural_stream_detail_context","sourceLayer":"colorado_natural_stream_detail_tiles_v1","sourceLabel":"Colorado natural stream detail tiles v1","sensitivity":"generalized"},"geometry":{"type":"LineString","coordinates":[[-107.04657,39.85886],[-107.04452,39.85836],[-107.04323,39.85726]]}},{"type":"Feature","properties":{"huc8":"14010001","huc8Name":"Colorado Headwaters","historic":"coloradoRiver","current":"introduced","recovery":"recoveryWatch","lineageKey":"coloradoRiver","lineageLabel":"Colorado River green lineage","basin":"Colorado Headwaters","note":"Upper Colorado green-lineage context","state":"CO","confidence":"HUC8 drainage context / generalized","geometryStatus":"natural_stream_detail_tile_from_full_interpreted_layer","troutSource":"HUC8 lineage assignment v1 / review needed","sourceName":"East Fork Red Dirt Creek","name":"East Fork Red Dirt Creek","source_id":"162757757","length_km":0.0369294,"FType":460,"FCode":46006,"atlas_class":"streamriver","display_name":"East Fork Red Dirt Creek","stream_role":"natural_stream_detail_context","sourceLayer":"colorado_natural_stream_detail_tiles_v1","sourceLabel":"Colorado natural stream detail tiles v1","sensitivity":"generalized"},"geometry":{"type":"LineString","coordinates":[[-107.05704,39.8646],[-107.05683,39.86431]]}},{"type":"Feature","properties":{"huc8":"14010001","huc8Name":"Colorado Headwaters","historic":"coloradoRiver","current":"introduced","recovery":"recoveryWatch","lineageKey":"coloradoRiver","lineageLabel":"Colorado River green lineage","basin":"Colorado Headwaters","note":"Upper Colorado green-lineage context","state":"CO","confidence":"HUC8 drainage context / generalized","geometryStatus":"natural_stream_detail_tile_from_full_interpreted_layer","troutSource":"HUC8 lineage assignment v1 / review needed","sourceName":"West Fork Red Dirt Creek","name":"West Fork Red Dirt Creek","source_id":"162757449","length_km":0.1584324,"FType":460,"FCode":46006,"atlas_class":"streamriver","display_name":"West Fork Red Dirt Creek","stream_role":"natural_stream_detail_context","sourceLayer":"colorado_natural_stream_detail_tiles_v1","sourceLabel":"Colorado natural stream detail tiles v1","sensitivity":"generalized"},"geometry":{"type":"LineString","coordinates":[[-107.04427,39.84143],[-107.04262,39.84084]]}},{"type":"Feature","properties":{"huc8":"14010001","huc8Name":"Colorado Headwaters","historic":"coloradoRiver","current":"introduced","recovery":"recoveryWatch","lineageKey":"coloradoRiver","lineageLabel":"Colorado River green lineage","basin":"Colorado Headwaters","note":"Upper Colorado green-lineage context","state":"CO","confidence":"HUC8 drainage context / generalized","geometryStatus":"natural_stream_detail_tile_from_full_interpreted_layer","troutSource":"HUC8 lineage assignment v1 / review needed","sourceName":"Deer Creek","name":"Deer Creek","source_id":"88847055","length_km":5.20899631,"FType":460,"FCode":46003,"atlas_class":"streamriver","display_name":"Deer Creek","stream_role":"natural_stream_detail_context","sourceLayer":"colorado_natural_stream_detail_tiles_v1","sourceLabel":"Colorado natural stream detail tiles v1","sensitivity":"generalized"},"geometry":{"type":"LineString","coordinates":[[-107.04307,39.89],[-107.04009,39.88915],[-107.03498,39.88635],[-107.02918,39.8842],[-107.02515,39.88295],[-107.01677,39.88258],[-107.01243,39.88014],[-107.00156,39.87824],[-106.99644,39.87442],[-106.99345,39.87317],[-106.98876,39.87294]]}},{"type":"Feature","properties":{"huc8":"14010001","huc8Name":"Colorado Headwaters","historic":"coloradoRiver","current":"introduced","recovery":"recoveryWatch","lineageKey":"coloradoRiver","lineageLabel":"Colorado River green lineage","basin":"Colorado Headwaters","note":"Upper Colorado green-lineage context","state":"CO","confidence":"HUC8 drainage context / generalized","geometryStatus":"natural_stream_detail_tile_from_full_interpreted_layer","troutSource":"HUC8 lineage assignment v1 / review needed","sourceName":"East Fork Red Dirt Creek","name":"East Fork Red Dirt Creek","source_id":"88885881","length_km":0.64801766,"FType":460,"FCode":46006,"atlas_class":"streamriver","display_name":"East Fork Red Dirt Creek","stream_role":"natural_stream_detail_context","sourceLayer":"colorado_natural_stream_detail_tiles_v1","sourceLabel":"Colorado natural stream detail tiles v1","sensitivity":"generalized"},"geometry":{"type":"LineString","coordinates":[[-107.10136,39.87205],[-107.09944,39.87292],[-107.09431,39.87375]]}},{"type":"Feature","properties":{"huc8":"14010001","huc8Name":"Colorado Headwaters","historic":"coloradoRiver","current":"introduced","recovery":"recoveryWatch","lineageKey":"coloradoRiver","lineageLabel":"Colorado River green lineage","basin":"Colorado Headwaters","note":"Upper Colorado green-lineage context","state":"CO","confidence":"HUC8 drainage context / generalized","geometryStatus":"natural_stream_detail_tile_from_full_interpreted_layer","troutSource":"HUC8 lineage assignment v1 / review needed","sourceName":"West Fork Red Dirt Creek","name":"West Fork Red Dirt Creek","source_id":"162752585","length_km":0.23891171,"FType":460,"FCode":46006,"atlas_class":"streamriver","display_name":"West Fork Red Dirt Creek","stream_role":"natural_stream_detail_context","sourceLayer":"colorado_natural_stream_detail_tiles_v1","sourceLabel":"Colorado natural stream detail tiles v1","sensitivity":"generalized"},"geometry":{"type":"LineString","coordinates":[[-107.10402,39.85341],[-107.10224,39.85187]]}},{"type":"Feature","properties":{"huc8":"14010001","huc8Name":"Colorado Headwaters","historic":"coloradoRiver","current":"introduced","recovery":"recoveryWatch","lineageKey":"coloradoRiver","lineageLabel":"Colorado River green lineage","basin":"Colorado Headwaters","note":"Upper Colorado green-lineage context","state":"CO","confidence":"HUC8 drainage context / generalized","geometryStatus":"natural_stream_detail_tile_from_full_interpreted_layer","troutSource":"HUC8 lineage assignment v1 / review needed","sourceName":"West Fork Red Dirt Creek","name":"West Fork Red Dirt Creek","source_id":"162753909","length_km":0.17773274,"FType":460,"FCode":46006,"atlas_class":"streamriver","display_name":"West Fork Red Dirt Creek","stream_role":"natural_stream_detail_context","sourceLayer":"colorado_natural_stream_detail_tiles_v1","sourceLabel":"Colorado natural stream detail tiles v1","sensitivity":"generalized"},"geometry":{"type":"LineString","coordinates":[[-107.07224,39.84187],[-107.07022,39.84225]]}},{"type":"Feature","properties":{"huc8":"14010001","huc8Name":"Colorado Headwaters","historic":"coloradoRiver","current":"introduced","recovery":"recoveryWatch","lineageKey":"coloradoRiver","lineageLabel":"Colorado River green lineage","basin":"Colorado Headwaters","note":"Upper Colorado green-lineage context","state":"CO","confidence":"HUC8 drainage context / generalized","geometryStatus":"natural_stream_detail_tile_from_full_interpreted_layer","troutSource":"HUC8 lineage assignment v1 / review needed","sourceName":"West Fork Red Dirt Creek","name":"West Fork Red Dirt Creek","source_id":"162757624","length_km":0.18795404,"FType":460,"FCode":46006,"atlas_class":"streamriver","display_name":"West Fork Red Dirt Creek","stream_role":"natural_stream_detail_context","sourceLayer":"colorado_natural_stream_detail_tiles_v1","sourceLabel":"Colorado natural stream detail tiles v1","sensitivity":"generalized"},"geometry":{"type":"LineString","coordinates":[[-107.0492,39.84284],[-107.04755,39.84179]]}},{"type":"Feature","properties":{"huc8":"14010001","huc8Name":"Colorado Headwaters","historic":"coloradoRiver","current":"introduced","recovery":"recoveryWatch","lineageKey":"coloradoRiver","lineageLabel":"Colorado River green lineage","basin":"Colorado Headwaters","note":"Upper Colorado green-lineage context","state":"CO","confidence":"HUC8 drainage context / generalized","geometryStatus":"natural_stream_detail_tile_from_full_interpreted_layer","troutSource":"HUC8 lineage assignment v1 / review needed","sourceName":"East Fork Red Dirt Creek","name":"East Fork Red Dirt Creek","source_id":"162757648","length_km":0.134,"FType":460,"FCode":46006,"atlas_class":"streamriver","display_name":"East Fork Red Dirt Creek","stream_role":"natural_stream_detail_context","sourceLayer":"colorado_natural_stream_detail_tiles_v1","sourceLabel":"Colorado natural stream detail tiles v1","sensitivity":"generalized"},"geometry":{"type":"LineString","coordinates":[[-107.04323,39.85726],[-107.04206,39.85647]]}},{"type":"Feature","properties":{"huc8":"14010001","huc8Name":"Colorado Headwaters","historic":"coloradoRiver","current":"introduced","recovery":"recoveryWatch","lineageKey":"coloradoRiver","lineageLabel":"Colorado River green lineage","basin":"Colorado Headwaters","note":"Upper Colorado green-lineage context","state":"CO","confidence":"HUC8 drainage context / generalized","geometryStatus":"natural_stream_detail_tile_from_full_interpreted_layer","troutSource":"HUC8 lineage assignment v1 / review needed","sourceName":"East Fork Red Dirt Creek","name":"East Fork Red Dirt Creek","source_id":"162750606","length_km":0.14795457,"FType":460,"FCode":46006,"atlas_class":"streamriver","display_name":"East Fork Red Dirt Creek","stream_role":"natural_stream_detail_context","sourceLayer":"colorado_natural_stream_detail_tiles_v1","sourceLabel":"Colorado natural stream detail tiles v1","sensitivity":"generalized"},"geometry":{"type":"LineString","coordinates":[[-107.07339,39.86857],[-107.07194,39.86927]]}},{"type":"Feature","properties":{"huc8":"14010001","huc8Name":"Colorado Headwaters","historic":"coloradoRiver","current":"introduced","recovery":"recoveryWatch","lineageKey":"coloradoRiver","lineageLabel":"Colorado River green lineage","basin":"Colorado Headwaters","note":"Upper Colorado green-lineage context","state":"CO","confidence":"HUC8 drainage context / generalized","geometryStatus":"natural_stream_detail_tile_from_full_interpreted_layer","troutSource":"HUC8 lineage assignment v1 / review needed","sourceName":"West Fork Red Dirt Creek","name":"West Fork Red Dirt Creek","source_id":"162752586","length_km":0.28666706,"FType":460,"FCode":46006,"atlas_class":"streamriver","display_name":"West Fork Red Dirt Creek","stream_role":"natural_stream_detail_context","sourceLayer":"colorado_natural_stream_detail_tiles_v1","sourceLabel":"Colorado natural stream detail tiles v1","sensitivity":"generalized"},"geometry":{"type":"LineString","coordinates":[[-107.10224,39.85187],[-107.09905,39.85177]]}},{"type":"Feature","properties":{"huc8":"14010001","huc8Name":"Colorado Headwaters","historic":"coloradoRiver","current":"introduced","recovery":"recoveryWatch","lineageKey":"coloradoRiver","lineageLabel":"Colorado River green lineage","basin":"Colorado Headwaters","note":"Upper Colorado green-lineage context","state":"CO","confidence":"HUC8 drainage context / generalized","geometryStatus":"natural_stream_detail_tile_from_full_interpreted_layer","troutSource":"HUC8 lineage assignment v1 / review needed","sourceName":"West Fork Red Dirt Creek","name":"West Fork Red Dirt Creek","source_id":"162757782","length_km":0.26882434,"FType":460,"FCode":46006,"atlas_class":"streamriver","display_name":"West Fork Red Dirt Creek","stream_role":"natural_stream_detail_context","sourceLayer":"colorado_natural_stream_detail_tiles_v1","sourceLabel":"Colorado natural stream detail tiles v1","sensitivity":"generalized"},"geometry":{"type":"LineString","coordinates":[[-107.05735,39.84418],[-107.05559,39.8439],[-107.05443,39.84434]]}},{"type":"Feature","properties":{"huc8":"14010001","huc8Name":"Colorado Headwaters","historic":"coloradoRiver","current":"introduced","recovery":"recoveryWatch","lineageKey":"coloradoRiver","lineageLabel":"Colorado River green lineage","basin":"Colorado Headwaters","note":"Upper Colorado green-lineage context","state":"CO","confidence":"HUC8 drainage context / generalized","geometryStatus":"natural_stream_detail_tile_from_full_interpreted_layer","troutSource":"HUC8 lineage assignment v1 / review needed","sourceName":"East Fork Red Dirt Creek","name":"East Fork Red Dirt Creek","source_id":"88885991","length_km":0.155,"FType":460,"FCode":46006,"atlas_class":"streamriver","display_name":"East Fork Red Dirt Creek","stream_role":"natural_stream_detail_context","sourceLayer":"colorado_natural_stream_detail_tiles_v1","sourceLabel":"Colorado natural stream detail tiles v1","sensitivity":"generalized"},"geometry":{"type":"LineString","coordinates":[[-107.02574,39.84924],[-107.0249,39.84806]]}},{"type":"Feature","properties":{"huc8":"14010001","huc8Name":"Colorado Headwaters","historic":"coloradoRiver","current":"introduced","recovery":"recoveryWatch","lineageKey":"coloradoRiver","lineageLabel":"Colorado River green lineage","basin":"Colorado Headwaters","note":"Upper Colorado green-lineage context","state":"CO","confidence":"HUC8 drainage context / generalized","geometryStatus":"natural_stream_detail_tile_from_full_interpreted_layer","troutSource":"HUC8 lineage assignment v1 / review needed","sourceName":"East Fork Red Dirt Creek","name":"East Fork Red Dirt Creek","source_id":"162750573","length_km":0.90522052,"FType":460,"FCode":46006,"atlas_class":"streamriver","display_name":"East Fork Red Dirt Creek","stream_role":"natural_stream_detail_context","sourceLayer":"colorado_natural_stream_detail_tiles_v1","sourceLabel":"Colorado natural stream detail tiles v1","sensitivity":"generalized"},"geometry":{"type":"LineString","coordinates":[[-107.0829,39.87142],[-107.0816,39.8703],[-107.07851,39.86915],[-107.07339,39.86857]]}},{"type":"Feature","properties":{"huc8":"14010001","huc8Name":"Colorado Headwaters","historic":"coloradoRiver","current":"introduced","recovery":"recoveryWatch","lineageKey":"coloradoRiver","lineageLabel":"Colorado River green lineage","basin":"Colorado Headwaters","note":"Upper Colorado green-lineage context","state":"CO","confidence":"HUC8 drainage context / generalized","geometryStatus":"natural_stream_detail_tile_from_full_interpreted_layer","troutSource":"HUC8 lineage assignment v1 / review needed","sourceName":"East Fork Red Dirt Creek","name":"East Fork Red Dirt Creek","source_id":"88886063","length_km":0.495,"FType":460,"FCode":46006,"atlas_class":"streamriver","display_name":"East Fork Red Dirt Creek","stream_role":"natural_stream_detail_context","sourceLayer":"colorado_natural_stream_detail_tiles_v1","sourceLabel":"Colorado natural stream detail tiles v1","sensitivity":"generalized"},"geometry":{"type":"LineString","coordinates":[[-107.02131,39.8389],[-107.01981,39.83634],[-107.01834,39.83524]]}},{"type":"Feature","properties":{"huc8":"14010001","huc8Name":"Colorado Headwaters","historic":"coloradoRiver","current":"introduced","recovery":"recoveryWatch","lineageKey":"coloradoRiver","lineageLabel":"Colorado River green lineage","basin":"Colorado Headwaters","note":"Upper Colorado green-lineage context","state":"CO","confidence":"HUC8 drainage context / generalized","geometryStatus":"natural_stream_detail_tile_from_full_interpreted_layer","troutSource":"HUC8 lineage assignment v1 / review needed","sourceName":"West Fork Red Dirt Creek","name":"West Fork Red Dirt Creek","source_id":"162751254","length_km":1.08028285,"FType":460,"FCode":46006,"atlas_class":"streamriver","display_name":"West Fork Red Dirt Creek","stream_role":"natural_stream_detail_context","sourceLayer":"colorado_natural_stream_detail_tiles_v1","sourceLabel":"Colorado natural stream detail tiles v1","sensitivity":"generalized"},"geometry":{"type":"LineString","coordinates":[[-107.06807,39.84348],[-107.06602,39.8438],[-107.06372,39.84259],[-107.06211,39.84418],[-107.05735,39.84418]]}},{"type":"Feature","properties":{"huc8":"14010001","huc8Name":"Colorado Headwaters","historic":"coloradoRiver","current":"introduced","recovery":"recoveryWatch","lineageKey":"coloradoRiver","lineageLabel":"Colorado River green lineage","basin":"Colorado Headwaters","note":"Upper Colorado green-lineage context","state":"CO","confidence":"HUC8 drainage context / generalized","geometryStatus":"natural_stream_detail_tile_from_full_interpreted_layer","troutSource":"HUC8 lineage assignment v1 / review needed","sourceName":"East Fork Red Dirt Creek","name":"East Fork Red Dirt Creek","source_id":"162757720","length_km":0.073,"FType":460,"FCode":46006,"atlas_class":"streamriver","display_name":"East Fork Red Dirt Creek","stream_role":"natural_stream_detail_context","sourceLayer":"colorado_natural_stream_detail_tiles_v1","sourceLabel":"Colorado natural stream detail tiles v1","sensitivity":"generalized"},"geometry":{"type":"LineString","coordinates":[[-107.02312,39.84228],[-107.02266,39.84173]]}},{"type":"Feature","properties":{"huc8":"14010001","huc8Name":"Colorado Headwaters","historic":"coloradoRiver","current":"introduced","recovery":"recoveryWatch","lineageKey":"coloradoRiver","lineageLabel":"Colorado River green lineage","basin":"Colorado Headwaters","note":"Upper Colorado green-lineage context","state":"CO","confidence":"HUC8 drainage context / generalized","geometryStatus":"natural_stream_detail_tile_from_full_interpreted_layer","troutSource":"HUC8 lineage assignment v1 / review needed","sourceName":"East Fork Red Dirt Creek","name":"East Fork Red Dirt Creek","source_id":"88885969","length_km":0.172,"FType":460,"FCode":46006,"atlas_class":"streamriver","display_name":"East Fork Red Dirt Creek","stream_role":"natural_stream_detail_context","sourceLayer":"colorado_natural_stream_detail_tiles_v1","sourceLabel":"Colorado natural stream detail tiles v1","sensitivity":"generalized"},"geometry":{"type":"LineString","coordinates":[[-107.03469,39.85358],[-107.03311,39.85262]]}},{"type":"Feature","properties":{"huc8":"14010001","huc8Name":"Colorado Headwaters","historic":"coloradoRiver","current":"introduced","recovery":"recoveryWatch","lineageKey":"coloradoRiver","lineageLabel":"Colorado River green lineage","basin":"Colorado Headwaters","note":"Upper Colorado green-lineage context","state":"CO","confidence":"HUC8 drainage context / generalized","geometryStatus":"natural_stream_detail_tile_from_full_interpreted_layer","troutSource":"HUC8 lineage assignment v1 / review needed","sourceName":"West Fork Red Dirt Creek","name":"West Fork Red Dirt Creek","source_id":"162753532","length_km":0.21774874,"FType":460,"FCode":46006,"atlas_class":"streamriver","display_name":"West Fork Red Dirt Creek","stream_role":"natural_stream_detail_context","sourceLayer":"colorado_natural_stream_detail_tiles_v1","sourceLabel":"Colorado natural stream detail tiles v1","sensitivity":"generalized"},"geometry":{"type":"LineString","coordinates":[[-107.0872,39.8425],[-107.08486,39.84173]]}},{"type":"Feature","properties":{"huc8":"14010001","huc8Name":"Colorado Headwaters","historic":"coloradoRiver","current":"introduced","recovery":"recoveryWatch","lineageKey":"coloradoRiver","lineageLabel":"Colorado River green lineage","basin":"Colorado Headwaters","note":"Upper Colorado green-lineage context","state":"CO","confidence":"HUC8 drainage context / generalized","geometryStatus":"natural_stream_detail_tile_from_full_interpreted_layer","troutSource":"HUC8 lineage assignment v1 / review needed","sourceName":"West Fork Red Dirt Creek","name":"West Fork Red Dirt Creek","source_id":"162763475","length_km":0.12527819,"FType":460,"FCode":46006,"atlas_class":"streamriver","display_name":"West Fork Red Dirt Creek","stream_role":"natural_stream_detail_context","sourceLayer":"colorado_natural_stream_detail_tiles_v1","sourceLabel":"Colorado natural stream detail tiles v1","sensitivity":"generalized"},"geometry":{"type":"LineString","coordinates":[[-107.01514,39.83113],[-107.01374,39.83082]]}},{"type":"Feature","properties":{"huc8":"14010001","huc8Name":"Colorado Headwaters","historic":"coloradoRiver","current":"introduced","recovery":"recoveryWatch","lineageKey":"coloradoRiver","lineageLabel":"Colorado River green lineage","basin":"Colorado Headwaters","note":"Upper Colorado green-lineage context","state":"CO","confidence":"HUC8 drainage context / generalized","geometryStatus":"natural_stream_detail_tile_from_full_interpreted_layer","troutSource":"HUC8 lineage assignment v1 / review needed","sourceName":"East Fork Red Dirt Creek","name":"East Fork Red Dirt Creek","source_id":"88886087","length_km":0.644,"FType":460,"FCode":46006,"atlas_class":"streamriver","display_name":"East Fork Red Dirt Creek","stream_role":"natural_stream_detail_context","sourceLayer":"colorado_natural_stream_detail_tiles_v1","sourceLabel":"Colorado natural stream detail tiles v1","sensitivity":"generalized"},"geometry":{"type":"LineString","coordinates":[[-107.01834,39.83524],[-107.0159,39.83232],[-107.01374,39.83082]]}},{"type":"Feature","properties":{"huc8":"14010001","huc8Name":"Colorado Headwaters","historic":"coloradoRiver","current":"introduced","recovery":"recoveryWatch","lineageKey":"coloradoRiver","lineageLabel":"Colorado River green lineage","basin":"Colorado Headwaters","note":"Upper Colorado green-lineage context","state":"CO","confidence":"HUC8 drainage context / generalized","geometryStatus":"natural_stream_detail_tile_from_full_interpreted_layer","troutSource":"HUC8 lineage assignment v1 / review needed","sourceName":"East Fork Red Dirt Creek","name":"East Fork Red Dirt Creek","source_id":"162757637","length_km":0.142,"FType":460,"FCode":46006,"atlas_class":"streamriver","display_name":"East Fork Red Dirt Creek","stream_role":"natural_stream_detail_context","sourceLayer":"colorado_natural_stream_detail_tiles_v1","sourceLabel":"Colorado natural stream detail tiles v1","sensitivity":"generalized"},"geometry":{"type":"LineString","coordinates":[[-107.02266,39.84173],[-107.02202,39.84056]]}},{"type":"Feature","properties":{"huc8":"14010001","huc8Name":"Colorado Headwaters","historic":"coloradoRiver","current":"introduced","recovery":"recoveryWatch","lineageKey":"coloradoRiver","lineageLabel":"Colorado River green lineage","basin":"Colorado Headwaters","note":"Upper Colorado green-lineage context","state":"CO","confidence":"HUC8 drainage context / generalized","geometryStatus":"natural_stream_detail_tile_from_full_interpreted_layer","troutSource":"HUC8 lineage assignment v1 / review needed","sourceName":"East Fork Red Dirt Creek","name":"East Fork Red Dirt Creek","source_id":"162757529","length_km":0.056,"FType":460,"FCode":46006,"atlas_class":"streamriver","display_name":"East Fork Red Dirt Creek","stream_role":"natural_stream_detail_context","sourceLayer":"colorado_natural_stream_detail_tiles_v1","sourceLabel":"Colorado natural stream detail tiles v1","sensitivity":"generalized"},"geometry":{"type":"LineString","coordinates":[[-107.0249,39.84806],[-107.02504,39.84758]]}},{"type":"Feature","properties":{"huc8":"14010001","huc8Name":"Colorado Headwaters","historic":"coloradoRiver","current":"introduced","recovery":"recoveryWatch","lineageKey":"coloradoRiver","lineageLabel":"Colorado River green lineage","basin":"Colorado Headwaters","note":"Upper Colorado green-lineage context","state":"CO","confidence":"HUC8 drainage context / generalized","geometryStatus":"natural_stream_detail_tile_from_full_interpreted_layer","troutSource":"HUC8 lineage assignment v1 / review needed","sourceName":"East Fork Red Dirt Creek","name":"East Fork Red Dirt Creek","source_id":"162757571","length_km":0.3710012,"FType":460,"FCode":46006,"atlas_class":"streamriver","display_name":"East Fork Red Dirt Creek","stream_role":"natural_stream_detail_context","sourceLayer":"colorado_natural_stream_detail_tiles_v1","sourceLabel":"Colorado natural stream detail tiles v1","sensitivity":"generalized"},"geometry":{"type":"LineString","coordinates":[[-107.05663,39.87013],[-107.05704,39.86695]]}},{"type":"Feature","properties":{"huc8":"14010001","huc8Name":"Colorado Headwaters","historic":"coloradoRiver","current":"introduced","recovery":"recoveryWatch","lineageKey":"coloradoRiver","lineageLabel":"Colorado River green lineage","basin":"Colorado Headwaters","note":"Upper Colorado green-lineage context","state":"CO","confidence":"HUC8 drainage context / generalized","geometryStatus":"natural_stream_detail_tile_from_full_interpreted_layer","troutSource":"HUC8 lineage assignment v1 / review needed","sourceName":"West Fork Red Dirt Creek","name":"West Fork Red Dirt Creek","source_id":"162757450","length_km":0.48458714,"FType":460,"FCode":46006,"atlas_class":"streamriver","display_name":"West Fork Red Dirt Creek","stream_role":"natural_stream_detail_context","sourceLayer":"colorado_natural_stream_detail_tiles_v1","sourceLabel":"Colorado natural stream detail tiles v1","sensitivity":"generalized"},"geometry":{"type":"LineString","coordinates":[[-107.04262,39.84084],[-107.03819,39.83827]]}},{"type":"Feature","properties":{"huc8":"14010001","huc8Name":"Colorado Headwaters","historic":"coloradoRiver","current":"introduced","recovery":"recoveryWatch","lineageKey":"coloradoRiver","lineageLabel":"Colorado River green lineage","basin":"Colorado Headwaters","note":"Upper Colorado green-lineage context","state":"CO","confidence":"HUC8 drainage context / generalized","geometryStatus":"natural_stream_detail_tile_from_full_interpreted_layer","troutSource":"HUC8 lineage assignment v1 / review needed","sourceName":"Willow Creek","name":"Willow Creek","source_id":"162751259","length_km":0.59030163,"FType":460,"FCode":46003,"atlas_class":"streamriver","display_name":"Willow Creek","stream_role":"natural_stream_detail_context","sourceLayer":"colorado_natural_stream_detail_tiles_v1","sourceLabel":"Colorado natural stream detail tiles v1","sensitivity":"generalized"},"geometry":{"type":"LineString","coordinates":[[-107.08123,39.83319],[-107.07734,39.82905]]}},{"type":"Feature","properties":{"huc8":"14010001","huc8Name":"Colorado Headwaters","historic":"coloradoRiver","current":"introduced","recovery":"recoveryWatch","lineageKey":"coloradoRiver","lineageLabel":"Colorado River green lineage","basin":"Colorado Headwaters","note":"Upper Colorado green-lineage context","state":"CO","confidence":"HUC8 drainage context / generalized","geometryStatus":"natural_stream_detail_tile_from_full_interpreted_layer","troutSource":"HUC8 lineage assignment v1 / review needed","sourceName":"Camp Creek","name":"Camp Creek","source_id":"88855595","length_km":0.63104496,"FType":460,"FCode":46006,"atlas_class":"streamriver","display_name":"Camp Creek","stream_role":"natural_stream_detail_context","sourceLayer":"colorado_natural_stream_detail_tiles_v1","sourceLabel":"Colorado natural stream detail tiles v1","sensitivity":"generalized"},"geometry":{"type":"LineString","coordinates":[[-107.06051,39.89243],[-107.06088,39.89404],[-107.05924,39.89776]]}},{"type":"Feature","properties":{"huc8":"14010001","huc8Name":"Colorado Headwaters","historic":"coloradoRiver","current":"introduced","recovery":"recoveryWatch","lineageKey":"coloradoRiver","lineageLabel":"Colorado River green lineage","basin":"Colorado Headwaters","note":"Upper Colorado green-lineage context","state":"CO","confidence":"HUC8 drainage context / generalized","geometryStatus":"natural_stream_detail_tile_from_full_interpreted_layer","troutSource":"HUC8 lineage assignment v1 / review needed","sourceName":"West Fork Red Dirt Creek","name":"West Fork Red Dirt Creek","source_id":"162757748","length_km":0.32601079,"FType":460,"FCode":46006,"atlas_class":"streamriver","display_name":"West Fork Red Dirt Creek","stream_role":"natural_stream_detail_context","sourceLayer":"colorado_natural_stream_detail_tiles_v1","sourceLabel":"Colorado natural stream detail tiles v1","sensitivity":"generalized"},"geometry":{"type":"LineString","coordinates":[[-107.03341,39.83434],[-107.03028,39.8327]]}},{"type":"Feature","properties":{"huc8":"14010001","huc8Name":"Colorado Headwaters","historic":"coloradoRiver","current":"introduced","recovery":"recoveryWatch","lineageKey":"coloradoRiver","lineageLabel":"Colorado River green lineage","basin":"Colorado Headwaters","note":"Upper Colorado green-lineage context","state":"CO","confidence":"HUC8 drainage context / generalized","geometryStatus":"natural_stream_detail_tile_from_full_interpreted_layer","troutSource":"HUC8 lineage assignment v1 / review needed","sourceName":"East Fork Red Dirt Creek","name":"East Fork Red Dirt Creek","source_id":"88885927","length_km":0.129,"FType":460,"FCode":46006,"atlas_class":"streamriver","display_name":"East Fork Red Dirt Creek","stream_role":"natural_stream_detail_context","sourceLayer":"colorado_natural_stream_detail_tiles_v1","sourceLabel":"Colorado natural stream detail tiles v1","sensitivity":"generalized"},"geometry":{"type":"LineString","coordinates":[[-107.04936,39.86003],[-107.04815,39.85936]]}},{"type":"Feature","properties":{"huc8":"14010001","huc8Name":"Colorado Headwaters","historic":"coloradoRiver","current":"introduced","recovery":"recoveryWatch","lineageKey":"coloradoRiver","lineageLabel":"Colorado River green lineage","basin":"Colorado Headwaters","note":"Upper Colorado green-lineage context","state":"CO","confidence":"HUC8 drainage context / generalized","geometryStatus":"natural_stream_detail_tile_from_full_interpreted_layer","troutSource":"HUC8 lineage assignment v1 / review needed","sourceName":"Canard Creek","name":"Canard Creek","source_id":"162756717","length_km":0.68861621,"FType":460,"FCode":46003,"atlas_class":"streamriver","display_name":"Canard Creek","stream_role":"natural_stream_detail_context","sourceLayer":"colorado_natural_stream_detail_tiles_v1","sourceLabel":"Colorado natural stream detail tiles v1","sensitivity":"generalized"},"geometry":{"type":"LineString","coordinates":[[-107.04735,39.87499],[-107.04855,39.88104]]}},{"type":"Feature","properties":{"huc8":"14010001","huc8Name":"Colorado Headwaters","historic":"coloradoRiver","current":"introduced","recovery":"recoveryWatch","lineageKey":"coloradoRiver","lineageLabel":"Colorado River green lineage","basin":"Colorado Headwaters","note":"Upper Colorado green-lineage context","state":"CO","confidence":"HUC8 drainage context / generalized","geometryStatus":"natural_stream_detail_tile_from_full_interpreted_layer","troutSource":"HUC8 lineage assignment v1 / review needed","sourceName":"East Fork Red Dirt Creek","name":"East Fork Red Dirt Creek","source_id":"162757622","length_km":0.092,"FType":460,"FCode":46006,"atlas_class":"streamriver","display_name":"East Fork Red Dirt Creek","stream_role":"natural_stream_detail_context","sourceLayer":"colorado_natural_stream_detail_tiles_v1","sourceLabel":"Colorado natural stream detail tiles v1","sensitivity":"generalized"},"geometry":{"type":"LineString","coordinates":[[-107.02382,39.84324],[-107.02334,39.84251]]}},{"type":"Feature","properties":{"huc8":"14010001","huc8Name":"Colorado Headwaters","historic":"coloradoRiver","current":"introduced","recovery":"recoveryWatch","lineageKey":"coloradoRiver","lineageLabel":"Colorado River green lineage","basin":"Colorado Headwaters","note":"Upper Colorado green-lineage context","state":"CO","confidence":"HUC8 drainage context / generalized","geometryStatus":"natural_stream_detail_tile_from_full_interpreted_layer","troutSource":"HUC8 lineage assignment v1 / review needed","sourceName":"Trail Creek","name":"Trail Creek","source_id":"88855579","length_km":0.31631141,"FType":460,"FCode":46006,"atlas_class":"streamriver","display_name":"Trail Creek","stream_role":"natural_stream_detail_context","sourceLayer":"colorado_natural_stream_detail_tiles_v1","sourceLabel":"Colorado natural stream detail tiles v1","sensitivity":"generalized"},"geometry":{"type":"LineString","coordinates":[[-107.05861,39.89822],[-107.05592,39.90013]]}},{"type":"Feature","properties":{"huc8":"14010001","huc8Name":"Colorado Headwaters","historic":"coloradoRiver","current":"introduced","recovery":"recoveryWatch","lineageKey":"coloradoRiver","lineageLabel":"Colorado River green lineage","basin":"Colorado Headwaters","note":"Upper Colorado green-lineage context","state":"CO","confidence":"HUC8 drainage context / generalized","geometryStatus":"natural_stream_detail_tile_from_full_interpreted_layer","troutSource":"HUC8 lineage assignment v1 / review needed","sourceName":"East Fork Red Dirt Creek","name":"East Fork Red Dirt Creek","source_id":"162753182","length_km":0.38599819,"FType":460,"FCode":46003,"atlas_class":"streamriver","display_name":"East Fork Red Dirt Creek","stream_role":"natural_stream_detail_context","sourceLayer":"colorado_natural_stream_detail_tiles_v1","sourceLabel":"Colorado natural stream detail tiles v1","sensitivity":"generalized"},"geometry":{"type":"LineString","coordinates":[[-107.10495,39.87088],[-107.10385,39.87189],[-107.10136,39.87205]]}},{"type":"Feature","properties":{"huc8":"14010001","huc8Name":"Colorado Headwaters","historic":"coloradoRiver","current":"introduced","recovery":"recoveryWatch","lineageKey":"coloradoRiver","lineageLabel":"Colorado River green lineage","basin":"Colorado Headwaters","note":"Upper Colorado green-lineage context","state":"CO","confidence":"HUC8 drainage context / generalized","geometryStatus":"natural_stream_detail_tile_from_full_interpreted_layer","troutSource":"HUC8 lineage assignment v1 / review needed","sourceName":"Turret Creek","name":"Turret Creek","source_id":"88887519","length_km":0.149,"FType":460,"FCode":46006,"atlas_class":"streamriver","display_name":"Turret Creek","stream_role":"natural_stream_detail_context","sourceLayer":"colorado_natural_stream_detail_tiles_v1","sourceLabel":"Colorado natural stream detail tiles v1","sensitivity":"generalized"},"geometry":{"type":"LineString","coordinates":[[-107.18311,39.87543],[-107.18367,39.8742]]}},{"type":"Feature","properties":{"huc8":"14010001","huc8Name":"Colorado Headwaters","historic":"coloradoRiver","current":"introduced","recovery":"recoveryWatch","lineageKey":"coloradoRiver","lineageLabel":"Colorado River green lineage","basin":"Colorado Headwaters","note":"Upper Colorado green-lineage context","state":"CO","confidence":"HUC8 drainage context / generalized","geometryStatus":"natural_stream_detail_tile_from_full_interpreted_layer","troutSource":"HUC8 lineage assignment v1 / review needed","sourceName":"Turret Creek","name":"Turret Creek","source_id":"88887539","length_km":0.882,"FType":460,"FCode":46006,"atlas_class":"streamriver","display_name":"Turret Creek","stream_role":"natural_stream_detail_context","sourceLayer":"colorado_natural_stream_detail_tiles_v1","sourceLabel":"Colorado natural stream detail tiles v1","sensitivity":"generalized"},"geometry":{"type":"LineString","coordinates":[[-107.18367,39.8742],[-107.18376,39.87143],[-107.18051,39.87078],[-107.17808,39.8693]]}},{"type":"Feature","properties":{"huc8":"14010001","huc8Name":"Colorado Headwaters","historic":"coloradoRiver","current":"introduced","recovery":"recoveryWatch","lineageKey":"coloradoRiver","lineageLabel":"Colorado River green lineage","basin":"Colorado Headwaters","note":"Upper Colorado green-lineage context","state":"CO","confidence":"HUC8 drainage context / generalized","geometryStatus":"natural_stream_detail_tile_from_full_interpreted_layer","troutSource":"HUC8 lineage assignment v1 / review needed","sourceName":"Turret Creek","name":"Turret Creek","source_id":"162756987","length_km":0.88,"FType":460,"FCode":46006,"atlas_class":"streamriver","display_name":"Turret Creek","stream_role":"natural_stream_detail_context","sourceLayer":"colorado_natural_stream_detail_tiles_v1","sourceLabel":"Colorado natural stream detail tiles v1","sensitivity":"generalized"},"geometry":{"type":"LineString","coordinates":[[-107.18198,39.88279],[-107.18118,39.88062],[-107.18254,39.8783],[-107.18311,39.87543]]}},{"type":"Feature","properties":{"huc8":"14010001","huc8Name":"Colorado Headwaters","historic":"coloradoRiver","current":"introduced","recovery":"recoveryWatch","lineageKey":"coloradoRiver","lineageLabel":"Colorado River green lineage","basin":"Colorado Headwaters","note":"Upper Colorado green-lineage context","state":"CO","confidence":"HUC8 drainage context / generalized","geometryStatus":"natural_stream_detail_tile_from_full_interpreted_layer","troutSource":"HUC8 lineage assignment v1 / review needed","sourceName":"Turret Creek","name":"Turret Creek","source_id":"162750555","length_km":0.114,"FType":460,"FCode":46006,"atlas_class":"streamriver","display_name":"Turret Creek","stream_role":"natural_stream_detail_context","sourceLayer":"colorado_natural_stream_detail_tiles_v1","sourceLabel":"Colorado natural stream detail tiles v1","sensitivity":"generalized"},"geometry":{"type":"LineString","coordinates":[[-107.17808,39.8693],[-107.1772,39.86855]]}},{"type":"Feature","properties":{"huc8":"14010001","huc8Name":"Colorado Headwaters","historic":"coloradoRiver","current":"introduced","recovery":"recoveryWatch","lineageKey":"coloradoRiver","lineageLabel":"Colorado River green lineage","basin":"Colorado Headwaters","note":"Upper Colorado green-lineage context","state":"CO","confidence":"HUC8 drainage context / generalized","geometryStatus":"natural_stream_detail_tile_from_full_interpreted_layer","troutSource":"HUC8 lineage assignment v1 / review needed","sourceName":"Turret Creek","name":"Turret Creek","source_id":"88887709","length_km":0.41716115,"FType":460,"FCode":46006,"atlas_class":"streamriver","display_name":"Turret Creek","stream_role":"natural_stream_detail_context","sourceLayer":"colorado_natural_stream_detail_tiles_v1","sourceLabel":"Colorado natural stream detail tiles v1","sensitivity":"generalized"},"geometry":{"type":"LineString","coordinates":[[-107.18449,39.83374],[-107.18537,39.83017]]}},{"type":"Feature","properties":{"huc8":"14010001","huc8Name":"Colorado Headwaters","historic":"coloradoRiver","current":"introduced","recovery":"recoveryWatch","lineageKey":"coloradoRiver","lineageLabel":"Colorado River green lineage","basin":"Colorado Headwaters","note":"Upper Colorado green-lineage context","state":"CO","confidence":"HUC8 drainage context / generalized","geometryStatus":"natural_stream_detail_tile_from_full_interpreted_layer","troutSource":"HUC8 lineage assignment v1 / review needed","sourceName":"Turret Creek","name":"Turret Creek","source_id":"88887717","length_km":0.60217827,"FType":460,"FCode":46006,"atlas_class":"streamriver","display_name":"Turret Creek","stream_role":"natural_stream_detail_context","sourceLayer":"colorado_natural_stream_detail_tiles_v1","sourceLabel":"Colorado natural stream detail tiles v1","sensitivity":"generalized"},"geometry":{"type":"LineString","coordinates":[[-107.18537,39.83017],[-107.18601,39.82489]]}},{"type":"Feature","properties":{"huc8":"14010001","huc8Name":"Colorado Headwaters","historic":"coloradoRiver","current":"introduced","recovery":"recoveryWatch","lineageKey":"coloradoRiver","lineageLabel":"Colorado River green lineage","basin":"Colorado Headwaters","note":"Upper Colorado green-lineage context","state":"CO","confidence":"HUC8 drainage context / generalized","geometryStatus":"natural_stream_detail_tile_from_full_interpreted_layer","troutSource":"HUC8 lineage assignment v1 / review needed","sourceName":"Turret Creek","name":"Turret Creek","source_id":"162751060","length_km":0.20154187,"FType":460,"FCode":46006,"atlas_class":"streamriver","display_name":"Turret Creek","stream_role":"natural_stream_detail_context","sourceLayer":"colorado_natural_stream_detail_tiles_v1","sourceLabel":"Colorado natural stream detail tiles v1","sensitivity":"generalized"},"geometry":{"type":"LineString","coordinates":[[-107.18379,39.81832],[-107.18305,39.81662]]}},{"type":"Feature","properties":{"huc8":"14010001","huc8Name":"Colorado Headwaters","historic":"coloradoRiver","current":"introduced","recovery":"recoveryWatch","lineageKey":"coloradoRiver","lineageLabel":"Colorado River green lineage","basin":"Colorado Headwaters","note":"Upper Colorado green-lineage context","state":"CO","confidence":"HUC8 drainage context / generalized","geometryStatus":"natural_stream_detail_tile_from_full_interpreted_layer","troutSource":"HUC8 lineage assignment v1 / review needed","sourceName":"Sweetwater Creek","name":"Sweetwater Creek","source_id":"162752583","length_km":0.63226743,"FType":460,"FCode":46006,"atlas_class":"streamriver","display_name":"Sweetwater Creek","stream_role":"natural_stream_detail_context","sourceLayer":"colorado_natural_stream_detail_tiles_v1","sourceLabel":"Colorado natural stream detail tiles v1","sensitivity":"generalized"},"geometry":{"type":"LineString","coordinates":[[-107.19942,39.81701],[-107.19255,39.81499]]}},{"type":"Feature","properties":{"huc8":"14010001","huc8Name":"Colorado Headwaters","historic":"coloradoRiver","current":"introduced","recovery":"recoveryWatch","lineageKey":"coloradoRiver","lineageLabel":"Colorado River green lineage","basin":"Colorado Headwaters","note":"Upper Colorado green-lineage context","state":"CO","confidence":"HUC8 drainage context / generalized","geometryStatus":"natural_stream_detail_tile_from_full_interpreted_layer","troutSource":"HUC8 lineage assignment v1 / review needed","sourceName":"Turret Creek","name":"Turret Creek","source_id":"162750588","length_km":0.5727723,"FType":460,"FCode":46006,"atlas_class":"streamriver","display_name":"Turret Creek","stream_role":"natural_stream_detail_context","sourceLayer":"colorado_natural_stream_detail_tiles_v1","sourceLabel":"Colorado natural stream detail tiles v1","sensitivity":"generalized"},"geometry":{"type":"LineString","coordinates":[[-107.18282,39.81574],[-107.18316,39.81353],[-107.18461,39.8123],[-107.18466,39.81113]]}},{"type":"Feature","properties":{"huc8":"14010001","huc8Name":"Colorado Headwaters","historic":"coloradoRiver","current":"introduced","recovery":"recoveryWatch","lineageKey":"coloradoRiver","lineageLabel":"Colorado River green lineage","basin":"Colorado Headwaters","note":"Upper Colorado green-lineage context","state":"CO","confidence":"HUC8 drainage context / generalized","geometryStatus":"natural_stream_detail_tile_from_full_interpreted_layer","troutSource":"HUC8 lineage assignment v1 / review needed","sourceName":"Sweetwater Creek","name":"Sweetwater Creek","source_id":"162760841","length_km":0.415149,"FType":460,"FCode":46006,"atlas_class":"streamriver","display_name":"Sweetwater Creek","stream_role":"natural_stream_detail_context","sourceLayer":"colorado_natural_stream_detail_tiles_v1","sourceLabel":"Colorado natural stream detail tiles v1","sensitivity":"generalized"},"geometry":{"type":"LineString","coordinates":[[-107.19255,39.81499],[-107.18817,39.8135]]}},{"type":"Feature","properties":{"huc8":"14010001","huc8Name":"Colorado Headwaters","historic":"coloradoRiver","current":"introduced","recovery":"recoveryWatch","lineageKey":"coloradoRiver","lineageLabel":"Colorado River green lineage","basin":"Colorado Headwaters","note":"Upper Colorado green-lineage context","state":"CO","confidence":"HUC8 drainage context / generalized","geometryStatus":"natural_stream_detail_tile_from_full_interpreted_layer","troutSource":"HUC8 lineage assignment v1 / review needed","sourceName":"Turret Creek","name":"Turret Creek","source_id":"162751189","length_km":0.33144162,"FType":460,"FCode":46006,"atlas_class":"streamriver","display_name":"Turret Creek","stream_role":"natural_stream_detail_context","sourceLayer":"colorado_natural_stream_detail_tiles_v1","sourceLabel":"Colorado natural stream detail tiles v1","sensitivity":"generalized"},"geometry":{"type":"LineString","coordinates":[[-107.18569,39.82143],[-107.18375,39.81914]]}},{"type":"Feature","properties":{"huc8":"14010001","huc8Name":"Colorado Headwaters","historic":"coloradoRiver","current":"introduced","recovery":"recoveryWatch","lineageKey":"coloradoRiver","lineageLabel":"Colorado River green lineage","basin":"Colorado Headwaters","note":"Upper Colorado green-lineage context","state":"CO","confidence":"HUC8 drainage context / generalized","geometryStatus":"natural_stream_detail_tile_from_full_interpreted_layer","troutSource":"HUC8 lineage assignment v1 / review needed","sourceName":"Sweetwater Creek","name":"Sweetwater Creek","source_id":"162760842","length_km":0.44372321,"FType":460,"FCode":46006,"atlas_class":"streamriver","display_name":"Sweetwater Creek","stream_role":"natural_stream_detail_context","sourceLayer":"colorado_natural_stream_detail_tiles_v1","sourceLabel":"Colorado natural stream detail tiles v1","sensitivity":"generalized"},"geometry":{"type":"LineString","coordinates":[[-107.18817,39.8135],[-107.1859,39.81288],[-107.18466,39.81113]]}},{"type":"Feature","properties":{"huc8":"14010001","huc8Name":"Colorado Headwaters","historic":"coloradoRiver","current":"introduced","recovery":"recoveryWatch","lineageKey":"coloradoRiver","lineageLabel":"Colorado River green lineage","basin":"Colorado Headwaters","note":"Upper Colorado green-lineage context","state":"CO","confidence":"HUC8 drainage context / generalized","geometryStatus":"natural_stream_detail_tile_from_full_interpreted_layer","troutSource":"HUC8 lineage assignment v1 / review needed","sourceName":"Turret Creek","name":"Turret Creek","source_id":"162750553","length_km":0.09588716,"FType":460,"FCode":46006,"atlas_class":"streamriver","display_name":"Turret Creek","stream_role":"natural_stream_detail_context","sourceLayer":"colorado_natural_stream_detail_tiles_v1","sourceLabel":"Colorado natural stream detail tiles v1","sensitivity":"generalized"},"geometry":{"type":"LineString","coordinates":[[-107.18375,39.81914],[-107.18379,39.81832]]}},{"type":"Feature","properties":{"huc8":"14010001","huc8Name":"Colorado Headwaters","historic":"coloradoRiver","current":"introduced","recovery":"recoveryWatch","lineageKey":"coloradoRiver","lineageLabel":"Colorado River green lineage","basin":"Colorado Headwaters","note":"Upper Colorado green-lineage context","state":"CO","confidence":"HUC8 drainage context / generalized","geometryStatus":"natural_stream_detail_tile_from_full_interpreted_layer","troutSource":"HUC8 lineage assignment v1 / review needed","sourceName":"Turret Creek","name":"Turret Creek","source_id":"88887699","length_km":0.01988671,"FType":460,"FCode":46006,"atlas_class":"streamriver","display_name":"Turret Creek","stream_role":"natural_stream_detail_context","sourceLayer":"colorado_natural_stream_detail_tiles_v1","sourceLabel":"Colorado natural stream detail tiles v1","sensitivity":"generalized"},"geometry":{"type":"LineString","coordinates":[[-107.18434,39.83387],[-107.18449,39.83374]]}},{"type":"Feature","properties":{"huc8":"14010001","huc8Name":"Colorado Headwaters","historic":"coloradoRiver","current":"introduced","recovery":"recoveryWatch","lineageKey":"coloradoRiver","lineageLabel":"Colorado River green lineage","basin":"Colorado Headwaters","note":"Upper Colorado green-lineage context","state":"CO","confidence":"HUC8 drainage context / generalized","geometryStatus":"natural_stream_detail_tile_from_full_interpreted_layer","troutSource":"HUC8 lineage assignment v1 / review needed","sourceName":"Turret Creek","name":"Turret Creek","source_id":"162751188","length_km":0.41661439,"FType":460,"FCode":46006,"atlas_class":"streamriver","display_name":"Turret Creek","stream_role":"natural_stream_detail_context","sourceLayer":"colorado_natural_stream_detail_tiles_v1","sourceLabel":"Colorado natural stream detail tiles v1","sensitivity":"generalized"},"geometry":{"type":"LineString","coordinates":[[-107.18601,39.82489],[-107.18611,39.82316],[-107.18536,39.82178],[-107.18569,39.82143]]}},{"type":"Feature","properties":{"huc8":"14010001","huc8Name":"Colorado Headwaters","historic":"coloradoRiver","current":"introduced","recovery":"recoveryWatch","lineageKey":"coloradoRiver","lineageLabel":"Colorado River green lineage","basin":"Colorado Headwaters","note":"Upper Colorado green-lineage context","state":"CO","confidence":"HUC8 drainage context / generalized","geometryStatus":"natural_stream_detail_tile_from_full_interpreted_layer","troutSource":"HUC8 lineage assignment v1 / review needed","sourceName":"Turret Creek","name":"Turret Creek","source_id":"162752124","length_km":0.92818399,"FType":460,"FCode":46006,"atlas_class":"streamriver","display_name":"Turret Creek","stream_role":"natural_stream_detail_context","sourceLayer":"colorado_natural_stream_detail_tiles_v1","sourceLabel":"Colorado natural stream detail tiles v1","sensitivity":"generalized"},"geometry":{"type":"LineString","coordinates":[[-107.17607,39.83914],[-107.18257,39.83553],[-107.18434,39.83387]]}},{"type":"Feature","properties":{"huc8":"14010001","huc8Name":"Colorado Headwaters","historic":"coloradoRiver","current":"introduced","recovery":"recoveryWatch","lineageKey":"coloradoRiver","lineageLabel":"Colorado River green lineage","basin":"Colorado Headwaters","note":"Upper Colorado green-lineage context","state":"CO","confidence":"HUC8 drainage context / generalized","geometryStatus":"natural_stream_detail_tile_from_full_interpreted_layer","troutSource":"HUC8 lineage assignment v1 / review needed","sourceName":"Turret Creek","name":"Turret Creek","source_id":"162751061","length_km":0.09051668,"FType":460,"FCode":46006,"atlas_class":"streamriver","display_name":"Turret Creek","stream_role":"natural_stream_detail_context","sourceLayer":"colorado_natural_stream_detail_tiles_v1","sourceLabel":"Colorado natural stream detail tiles v1","sensitivity":"generalized"},"geometry":{"type":"LineString","coordinates":[[-107.18302,39.81653],[-107.18282,39.81574]]}},{"type":"Feature","properties":{"huc8":"14010001","huc8Name":"Colorado Headwaters","historic":"coloradoRiver","current":"introduced","recovery":"recoveryWatch","lineageKey":"coloradoRiver","lineageLabel":"Colorado River green lineage","basin":"Colorado Headwaters","note":"Upper Colorado green-lineage context","state":"CO","confidence":"HUC8 drainage context / generalized","geometryStatus":"natural_stream_detail_tile_from_full_interpreted_layer","troutSource":"HUC8 lineage assignment v1 / review needed","sourceName":"Sweetwater Creek","name":"Sweetwater Creek","source_id":"162752582","length_km":0.26906522,"FType":460,"FCode":46006,"atlas_class":"streamriver","display_name":"Sweetwater Creek","stream_role":"natural_stream_detail_context","sourceLayer":"colorado_natural_stream_detail_tiles_v1","sourceLabel":"Colorado natural stream detail tiles v1","sensitivity":"generalized"},"geometry":{"type":"LineString","coordinates":[[-107.20218,39.81788],[-107.19942,39.81701]]}},{"type":"Feature","properties":{"huc8":"14010001","huc8Name":"Colorado Headwaters","historic":"coloradoRiver","current":"introduced","recovery":"recoveryWatch","lineageKey":"coloradoRiver","lineageLabel":"Colorado River green lineage","basin":"Colorado Headwaters","note":"Upper Colorado green-lineage context","state":"CO","confidence":"HUC8 drainage context / generalized","geometryStatus":"natural_stream_detail_tile_from_full_interpreted_layer","troutSource":"HUC8 lineage assignment v1 / review needed","sourceName":"Red Dirt Creek","name":"Red Dirt Creek","source_id":"162757665","length_km":0.19379574,"FType":460,"FCode":46006,"atlas_class":"streamriver","display_name":"Red Dirt Creek","stream_role":"natural_stream_detail_context","sourceLayer":"colorado_natural_stream_detail_tiles_v1","sourceLabel":"Colorado natural stream detail tiles v1","sensitivity":"generalized"},"geometry":{"type":"LineString","coordinates":[[-107.00085,39.81741],[-106.99973,39.81598]]}},{"type":"Feature","properties":{"huc8":"14010001","huc8Name":"Colorado Headwaters","historic":"coloradoRiver","current":"introduced","recovery":"recoveryWatch","lineageKey":"coloradoRiver","lineageLabel":"Colorado River green lineage","basin":"Colorado Headwaters","note":"Upper Colorado green-lineage context","state":"CO","confidence":"HUC8 drainage context / generalized","geometryStatus":"natural_stream_detail_tile_from_full_interpreted_layer","troutSource":"HUC8 lineage assignment v1 / review needed","sourceName":"Red Dirt Creek","name":"Red Dirt Creek","source_id":"88886225","length_km":0.034,"FType":460,"FCode":46006,"atlas_class":"streamriver","display_name":"Red Dirt Creek","stream_role":"natural_stream_detail_context","sourceLayer":"colorado_natural_stream_detail_tiles_v1","sourceLabel":"Colorado natural stream detail tiles v1","sensitivity":"generalized"},"geometry":{"type":"LineString","coordinates":[[-107.00109,39.81765],[-107.00085,39.81741]]}},{"type":"Feature","properties":{"huc8":"14010001","huc8Name":"Colorado Headwaters","historic":"coloradoRiver","current":"introduced","recovery":"recoveryWatch","lineageKey":"coloradoRiver","lineageLabel":"Colorado River green lineage","basin":"Colorado Headwaters","note":"Upper Colorado green-lineage context","state":"CO","confidence":"HUC8 drainage context / generalized","geometryStatus":"natural_stream_detail_tile_from_full_interpreted_layer","troutSource":"HUC8 lineage assignment v1 / review needed","sourceName":"Middle Fork Derby Creek","name":"Middle Fork Derby Creek","source_id":"88891783","length_km":1.01318253,"FType":460,"FCode":46006,"atlas_class":"streamriver","display_name":"Middle Fork Derby Creek","stream_role":"natural_stream_detail_context","sourceLayer":"colorado_natural_stream_detail_tiles_v1","sourceLabel":"Colorado natural stream detail tiles v1","sensitivity":"generalized"},"geometry":{"type":"LineString","coordinates":[[-107.16133,39.9663],[-107.16019,39.96529],[-107.15916,39.9627],[-107.15722,39.9607],[-107.1564,39.95848]]}},{"type":"Feature","properties":{"huc8":"14010001","huc8Name":"Colorado Headwaters","historic":"coloradoRiver","current":"introduced","recovery":"recoveryWatch","lineageKey":"coloradoRiver","lineageLabel":"Colorado River green lineage","basin":"Colorado Headwaters","note":"Upper Colorado green-lineage context","state":"CO","confidence":"HUC8 drainage context / generalized","geometryStatus":"natural_stream_detail_tile_from_full_interpreted_layer","troutSource":"HUC8 lineage assignment v1 / review needed","sourceName":"East Fork Sheep Creek","name":"East Fork Sheep Creek","source_id":"162760719","length_km":0.46687328,"FType":460,"FCode":46003,"atlas_class":"streamriver","display_name":"East Fork Sheep Creek","stream_role":"natural_stream_detail_context","sourceLayer":"colorado_natural_stream_detail_tiles_v1","sourceLabel":"Colorado natural stream detail tiles v1","sensitivity":"generalized"},"geometry":{"type":"LineString","coordinates":[[-107.0834,39.80493],[-107.08634,39.80152]]}},{"type":"Feature","properties":{"huc8":"14010001","huc8Name":"Colorado Headwaters","historic":"coloradoRiver","current":"introduced","recovery":"recoveryWatch","lineageKey":"coloradoRiver","lineageLabel":"Colorado River green lineage","basin":"Colorado Headwaters","note":"Upper Colorado green-lineage context","state":"CO","confidence":"HUC8 drainage context / generalized","geometryStatus":"natural_stream_detail_tile_from_full_interpreted_layer","troutSource":"HUC8 lineage assignment v1 / review needed","sourceName":"Horse Creek","name":"Horse Creek","source_id":"88886141","length_km":0.08863063,"FType":460,"FCode":46006,"atlas_class":"streamriver","display_name":"Horse Creek","stream_role":"natural_stream_detail_context","sourceLayer":"colorado_natural_stream_detail_tiles_v1","sourceLabel":"Colorado natural stream detail tiles v1","sensitivity":"generalized"},"geometry":{"type":"LineString","coordinates":[[-107.08634,39.82647],[-107.086,39.82574]]}},{"type":"Feature","properties":{"huc8":"14010001","huc8Name":"Colorado Headwaters","historic":"coloradoRiver","current":"introduced","recovery":"recoveryWatch","lineageKey":"coloradoRiver","lineageLabel":"Colorado River green lineage","basin":"Colorado Headwaters","note":"Upper Colorado green-lineage context","state":"CO","confidence":"HUC8 drainage context / generalized","geometryStatus":"natural_stream_detail_tile_from_full_interpreted_layer","troutSource":"HUC8 lineage assignment v1 / review needed","sourceName":"Horse Creek","name":"Horse Creek","source_id":"88886209","length_km":0.66467643,"FType":460,"FCode":46006,"atlas_class":"streamriver","display_name":"Horse Creek","stream_role":"natural_stream_detail_context","sourceLayer":"colorado_natural_stream_detail_tiles_v1","sourceLabel":"Colorado natural stream detail tiles v1","sensitivity":"generalized"},"geometry":{"type":"LineString","coordinates":[[-107.08369,39.82187],[-107.07773,39.81826]]}},{"type":"Feature","properties":{"huc8":"14010001","huc8Name":"Colorado Headwaters","historic":"coloradoRiver","current":"introduced","recovery":"recoveryWatch","lineageKey":"coloradoRiver","lineageLabel":"Colorado River green lineage","basin":"Colorado Headwaters","note":"Upper Colorado green-lineage context","state":"CO","confidence":"HUC8 drainage context / generalized","geometryStatus":"natural_stream_detail_tile_from_full_interpreted_layer","troutSource":"HUC8 lineage assignment v1 / review needed","sourceName":"East Fork Sheep Creek","name":"East Fork Sheep Creek","source_id":"162760939","length_km":0.20427441,"FType":460,"FCode":46003,"atlas_class":"streamriver","display_name":"East Fork Sheep Creek","stream_role":"natural_stream_detail_context","sourceLayer":"colorado_natural_stream_detail_tiles_v1","sourceLabel":"Colorado natural stream detail tiles v1","sensitivity":"generalized"},"geometry":{"type":"LineString","coordinates":[[-107.08194,39.81091],[-107.0797,39.81043]]}},{"type":"Feature","properties":{"huc8":"14010001","huc8Name":"Colorado Headwaters","historic":"coloradoRiver","current":"introduced","recovery":"recoveryWatch","lineageKey":"coloradoRiver","lineageLabel":"Colorado River green lineage","basin":"Colorado Headwaters","note":"Upper Colorado green-lineage context","state":"CO","confidence":"HUC8 drainage context / generalized","geometryStatus":"natural_stream_detail_tile_from_full_interpreted_layer","troutSource":"HUC8 lineage assignment v1 / review needed","sourceName":"Sweetwater Creek","name":"Sweetwater Creek","source_id":"88887827","length_km":0.05283856,"FType":460,"FCode":46006,"atlas_class":"streamriver","display_name":"Sweetwater Creek","stream_role":"natural_stream_detail_context","sourceLayer":"colorado_natural_stream_detail_tiles_v1","sourceLabel":"Colorado natural stream detail tiles v1","sensitivity":"generalized"},"geometry":{"type":"LineString","coordinates":[[-107.17587,39.80674],[-107.17531,39.80659]]}},{"type":"Feature","properties":{"huc8":"14010001","huc8Name":"Colorado Headwaters","historic":"coloradoRiver","current":"introduced","recovery":"recoveryWatch","lineageKey":"coloradoRiver","lineageLabel":"Colorado River green lineage","basin":"Colorado Headwaters","note":"Upper Colorado green-lineage context","state":"CO","confidence":"HUC8 drainage context / generalized","geometryStatus":"natural_stream_detail_tile_from_full_interpreted_layer","troutSource":"HUC8 lineage assignment v1 / review needed","sourceName":"Sweetwater Creek","name":"Sweetwater Creek","source_id":"88887823","length_km":0.34776219,"FType":460,"FCode":46006,"atlas_class":"streamriver","display_name":"Sweetwater Creek","stream_role":"natural_stream_detail_context","sourceLayer":"colorado_natural_stream_detail_tiles_v1","sourceLabel":"Colorado natural stream detail tiles v1","sensitivity":"generalized"},"geometry":{"type":"LineString","coordinates":[[-107.17895,39.80848],[-107.17587,39.80674]]}},{"type":"Feature","properties":{"huc8":"14010001","huc8Name":"Colorado Headwaters","historic":"coloradoRiver","current":"introduced","recovery":"recoveryWatch","lineageKey":"coloradoRiver","lineageLabel":"Colorado River green lineage","basin":"Colorado Headwaters","note":"Upper Colorado green-lineage context","state":"CO","confidence":"HUC8 drainage context / generalized","geometryStatus":"natural_stream_detail_tile_from_full_interpreted_layer","troutSource":"HUC8 lineage assignment v1 / review needed","sourceName":"Sweetwater Creek","name":"Sweetwater Creek","source_id":"88887843","length_km":0.6162419,"FType":460,"FCode":46006,"atlas_class":"streamriver","display_name":"Sweetwater Creek","stream_role":"natural_stream_detail_context","sourceLayer":"colorado_natural_stream_detail_tiles_v1","sourceLabel":"Colorado natural stream detail tiles v1","sensitivity":"generalized"},"geometry":{"type":"LineString","coordinates":[[-107.17531,39.80659],[-107.17155,39.80563],[-107.17058,39.80351]]}},{"type":"Feature","properties":{"huc8":"14010001","huc8Name":"Colorado Headwaters","historic":"coloradoRiver","current":"introduced","recovery":"recoveryWatch","lineageKey":"coloradoRiver","lineageLabel":"Colorado River green lineage","basin":"Colorado Headwaters","note":"Upper Colorado green-lineage context","state":"CO","confidence":"HUC8 drainage context / generalized","geometryStatus":"natural_stream_detail_tile_from_full_interpreted_layer","troutSource":"HUC8 lineage assignment v1 / review needed","sourceName":"Sweetwater Creek","name":"Sweetwater Creek","source_id":"88887815","length_km":0.58175549,"FType":460,"FCode":46006,"atlas_class":"streamriver","display_name":"Sweetwater Creek","stream_role":"natural_stream_detail_context","sourceLayer":"colorado_natural_stream_detail_tiles_v1","sourceLabel":"Colorado natural stream detail tiles v1","sensitivity":"generalized"},"geometry":{"type":"LineString","coordinates":[[-107.18466,39.81113],[-107.17895,39.80848]]}},{"type":"Feature","properties":{"huc8":"14010001","huc8Name":"Colorado Headwaters","historic":"coloradoRiver","current":"introduced","recovery":"recoveryWatch","lineageKey":"coloradoRiver","lineageLabel":"Colorado River green lineage","basin":"Colorado Headwaters","note":"Upper Colorado green-lineage context","state":"CO","confidence":"HUC8 drainage context / generalized","geometryStatus":"natural_stream_detail_tile_from_full_interpreted_layer","troutSource":"HUC8 lineage assignment v1 / review needed","sourceName":"Hack Creek","name":"Hack Creek","source_id":"162751193","length_km":0.2085241,"FType":460,"FCode":46006,"atlas_class":"streamriver","display_name":"Hack Creek","stream_role":"natural_stream_detail_context","sourceLayer":"colorado_natural_stream_detail_tiles_v1","sourceLabel":"Colorado natural stream detail tiles v1","sensitivity":"generalized"},"geometry":{"type":"LineString","coordinates":[[-107.1339,39.81293],[-107.13351,39.8111]]}},{"type":"Feature","properties":{"huc8":"14010001","huc8Name":"Colorado Headwaters","historic":"coloradoRiver","current":"introduced","recovery":"recoveryWatch","lineageKey":"coloradoRiver","lineageLabel":"Colorado River green lineage","basin":"Colorado Headwaters","note":"Upper Colorado green-lineage context","state":"CO","confidence":"HUC8 drainage context / generalized","geometryStatus":"natural_stream_detail_tile_from_full_interpreted_layer","troutSource":"HUC8 lineage assignment v1 / review needed","sourceName":"Sweetwater Creek","name":"Sweetwater Creek","source_id":"88887861","length_km":0.08305198,"FType":460,"FCode":46006,"atlas_class":"streamriver","display_name":"Sweetwater Creek","stream_role":"natural_stream_detail_context","sourceLayer":"colorado_natural_stream_detail_tiles_v1","sourceLabel":"Colorado natural stream detail tiles v1","sensitivity":"generalized"},"geometry":{"type":"LineString","coordinates":[[-107.16018,39.79975],[-107.15942,39.80019]]}},{"type":"Feature","properties":{"huc8":"14010001","huc8Name":"Colorado Headwaters","historic":"coloradoRiver","current":"introduced","recovery":"recoveryWatch","lineageKey":"coloradoRiver","lineageLabel":"Colorado River green lineage","basin":"Colorado Headwaters","note":"Upper Colorado green-lineage context","state":"CO","confidence":"HUC8 drainage context / generalized","geometryStatus":"natural_stream_detail_tile_from_full_interpreted_layer","troutSource":"HUC8 lineage assignment v1 / review needed","sourceName":"Sweetwater Creek","name":"Sweetwater Creek","source_id":"88887869","length_km":0.26649215,"FType":460,"FCode":46006,"atlas_class":"streamriver","display_name":"Sweetwater Creek","stream_role":"natural_stream_detail_context","sourceLayer":"colorado_natural_stream_detail_tiles_v1","sourceLabel":"Colorado natural stream detail tiles v1","sensitivity":"generalized"},"geometry":{"type":"LineString","coordinates":[[-107.15942,39.80019],[-107.15695,39.79908]]}},{"type":"Feature","properties":{"huc8":"14010001","huc8Name":"Colorado Headwaters","historic":"coloradoRiver","current":"introduced","recovery":"recoveryWatch","lineageKey":"coloradoRiver","lineageLabel":"Colorado River green lineage","basin":"Colorado Headwaters","note":"Upper Colorado green-lineage context","state":"CO","confidence":"HUC8 drainage context / generalized","geometryStatus":"natural_stream_detail_tile_from_full_interpreted_layer","troutSource":"HUC8 lineage assignment v1 / review needed","sourceName":"West Fork Red Dirt Creek","name":"West Fork Red Dirt Creek","source_id":"162757783","length_km":0.33263652,"FType":460,"FCode":46006,"atlas_class":"streamriver","display_name":"West Fork Red Dirt Creek","stream_role":"natural_stream_detail_context","sourceLayer":"colorado_natural_stream_detail_tiles_v1","sourceLabel":"Colorado natural stream detail tiles v1","sensitivity":"generalized"},"geometry":{"type":"LineString","coordinates":[[-107.05443,39.84434],[-107.05069,39.84475]]}},{"type":"Feature","properties":{"huc8":"14010001","huc8Name":"Colorado Headwaters","historic":"coloradoRiver","current":"introduced","recovery":"recoveryWatch","lineageKey":"coloradoRiver","lineageLabel":"Colorado River green lineage","basin":"Colorado Headwaters","note":"Upper Colorado green-lineage context","state":"CO","confidence":"HUC8 drainage context / generalized","geometryStatus":"natural_stream_detail_tile_from_full_interpreted_layer","troutSource":"HUC8 lineage assignment v1 / review needed","sourceName":"East Fork Red Dirt Creek","name":"East Fork Red Dirt Creek","source_id":"162757651","length_km":0.394,"FType":460,"FCode":46006,"atlas_class":"streamriver","display_name":"East Fork Red Dirt Creek","stream_role":"natural_stream_detail_context","sourceLayer":"colorado_natural_stream_detail_tiles_v1","sourceLabel":"Colorado natural stream detail tiles v1","sensitivity":"generalized"},"geometry":{"type":"LineString","coordinates":[[-107.03897,39.85489],[-107.03469,39.85358]]}},{"type":"Feature","properties":{"huc8":"14010001","huc8Name":"Colorado Headwaters","historic":"coloradoRiver","current":"introduced","recovery":"recoveryWatch","lineageKey":"coloradoRiver","lineageLabel":"Colorado River green lineage","basin":"Colorado Headwaters","note":"Upper Colorado green-lineage context","state":"CO","confidence":"HUC8 drainage context / generalized","geometryStatus":"natural_stream_detail_tile_from_full_interpreted_layer","troutSource":"HUC8 lineage assignment v1 / review needed","sourceName":"West Fork Red Dirt Creek","name":"West Fork Red Dirt Creek","source_id":"162757698","length_km":0.1849685,"FType":460,"FCode":46006,"atlas_class":"streamriver","display_name":"West Fork Red Dirt Creek","stream_role":"natural_stream_detail_context","sourceLayer":"colorado_natural_stream_detail_tiles_v1","sourceLabel":"Colorado natural stream detail tiles v1","sensitivity":"generalized"},"geometry":{"type":"LineString","coordinates":[[-107.05022,39.8443],[-107.0492,39.84284]]}},{"type":"Feature","properties":{"huc8":"14010001","huc8Name":"Colorado Headwaters","historic":"coloradoRiver","current":"introduced","recovery":"recoveryWatch","lineageKey":"coloradoRiver","lineageLabel":"Colorado River green lineage","basin":"Colorado Headwaters","note":"Upper Colorado green-lineage context","state":"CO","confidence":"HUC8 drainage context / generalized","geometryStatus":"natural_stream_detail_tile_from_full_interpreted_layer","troutSource":"HUC8 lineage assignment v1 / review needed","sourceName":"Canard Creek","name":"Canard Creek","source_id":"88855609","length_km":0.59777635,"FType":460,"FCode":46003,"atlas_class":"streamriver","display_name":"Canard Creek","stream_role":"natural_stream_detail_context","sourceLayer":"colorado_natural_stream_detail_tiles_v1","sourceLabel":"Colorado natural stream detail tiles v1","sensitivity":"generalized"},"geometry":{"type":"LineString","coordinates":[[-107.04398,39.89035],[-107.04219,39.89109],[-107.04295,39.89465]]}},{"type":"Feature","properties":{"huc8":"14010001","huc8Name":"Colorado Headwaters","historic":"coloradoRiver","current":"introduced","recovery":"recoveryWatch","lineageKey":"coloradoRiver","lineageLabel":"Colorado River green lineage","basin":"Colorado Headwaters","note":"Upper Colorado green-lineage context","state":"CO","confidence":"HUC8 drainage context / generalized","geometryStatus":"natural_stream_detail_tile_from_full_interpreted_layer","troutSource":"HUC8 lineage assignment v1 / review needed","sourceName":"East Fork Red Dirt Creek","name":"East Fork Red Dirt Creek","source_id":"162757446","length_km":0.15331397,"FType":460,"FCode":46006,"atlas_class":"streamriver","display_name":"East Fork Red Dirt Creek","stream_role":"natural_stream_detail_context","sourceLayer":"colorado_natural_stream_detail_tiles_v1","sourceLabel":"Colorado natural stream detail tiles v1","sensitivity":"generalized"},"geometry":{"type":"LineString","coordinates":[[-107.05581,39.86348],[-107.05426,39.86279]]}},{"type":"Feature","properties":{"huc8":"14010001","huc8Name":"Colorado Headwaters","historic":"coloradoRiver","current":"introduced","recovery":"recoveryWatch","lineageKey":"coloradoRiver","lineageLabel":"Colorado River green lineage","basin":"Colorado Headwaters","note":"Upper Colorado green-lineage context","state":"CO","confidence":"HUC8 drainage context / generalized","geometryStatus":"natural_stream_detail_tile_from_full_interpreted_layer","troutSource":"HUC8 lineage assignment v1 / review needed","sourceName":"West Fork Red Dirt Creek","name":"West Fork Red Dirt Creek","source_id":"88886059","length_km":0.07168439,"FType":460,"FCode":46006,"atlas_class":"streamriver","display_name":"West Fork Red Dirt Creek","stream_role":"natural_stream_detail_context","sourceLayer":"colorado_natural_stream_detail_tiles_v1","sourceLabel":"Colorado natural stream detail tiles v1","sensitivity":"generalized"},"geometry":{"type":"LineString","coordinates":[[-107.03502,39.83565],[-107.03456,39.83513]]}},{"type":"Feature","properties":{"huc8":"14010001","huc8Name":"Colorado Headwaters","historic":"coloradoRiver","current":"introduced","recovery":"recoveryWatch","lineageKey":"coloradoRiver","lineageLabel":"Colorado River green lineage","basin":"Colorado Headwaters","note":"Upper Colorado green-lineage context","state":"CO","confidence":"HUC8 drainage context / generalized","geometryStatus":"natural_stream_detail_tile_from_full_interpreted_layer","troutSource":"HUC8 lineage assignment v1 / review needed","sourceName":"Canard Creek","name":"Canard Creek","source_id":"162756649","length_km":0.85360058,"FType":460,"FCode":46003,"atlas_class":"streamriver","display_name":"Canard Creek","stream_role":"natural_stream_detail_context","sourceLayer":"colorado_natural_stream_detail_tiles_v1","sourceLabel":"Colorado natural stream detail tiles v1","sensitivity":"generalized"},"geometry":{"type":"LineString","coordinates":[[-107.04817,39.88385],[-107.04712,39.88741],[-107.04398,39.89035]]}},{"type":"Feature","properties":{"huc8":"14010001","huc8Name":"Colorado Headwaters","historic":"coloradoRiver","current":"introduced","recovery":"recoveryWatch","lineageKey":"coloradoRiver","lineageLabel":"Colorado River green lineage","basin":"Colorado Headwaters","note":"Upper Colorado green-lineage context","state":"CO","confidence":"HUC8 drainage context / generalized","geometryStatus":"natural_stream_detail_tile_from_full_interpreted_layer","troutSource":"HUC8 lineage assignment v1 / review needed","sourceName":"East Fork Red Dirt Creek","name":"East Fork Red Dirt Creek","source_id":"162757638","length_km":0.17646278,"FType":460,"FCode":46006,"atlas_class":"streamriver","display_name":"East Fork Red Dirt Creek","stream_role":"natural_stream_detail_context","sourceLayer":"colorado_natural_stream_detail_tiles_v1","sourceLabel":"Colorado natural stream detail tiles v1","sensitivity":"generalized"},"geometry":{"type":"LineString","coordinates":[[-107.02202,39.84056],[-107.02151,39.83907]]}},{"type":"Feature","properties":{"huc8":"14010001","huc8Name":"Colorado Headwaters","historic":"coloradoRiver","current":"introduced","recovery":"recoveryWatch","lineageKey":"coloradoRiver","lineageLabel":"Colorado River green lineage","basin":"Colorado Headwaters","note":"Upper Colorado green-lineage context","state":"CO","confidence":"HUC8 drainage context / generalized","geometryStatus":"natural_stream_detail_tile_from_full_interpreted_layer","troutSource":"HUC8 lineage assignment v1 / review needed","sourceName":"Canard Creek","name":"Canard Creek","source_id":"162756718","length_km":0.32947611,"FType":460,"FCode":46003,"atlas_class":"streamriver","display_name":"Canard Creek","stream_role":"natural_stream_detail_context","sourceLayer":"colorado_natural_stream_detail_tiles_v1","sourceLabel":"Colorado natural stream detail tiles v1","sensitivity":"generalized"},"geometry":{"type":"LineString","coordinates":[[-107.04855,39.88104],[-107.04888,39.88178],[-107.04817,39.88385]]}},{"type":"Feature","properties":{"huc8":"14010001","huc8Name":"Colorado Headwaters","historic":"coloradoRiver","current":"introduced","recovery":"recoveryWatch","lineageKey":"coloradoRiver","lineageLabel":"Colorado River green lineage","basin":"Colorado Headwaters","note":"Upper Colorado green-lineage context","state":"CO","confidence":"HUC8 drainage context / generalized","geometryStatus":"natural_stream_detail_tile_from_full_interpreted_layer","troutSource":"HUC8 lineage assignment v1 / review needed","sourceName":"West Fork Red Dirt Creek","name":"West Fork Red Dirt Creek","source_id":"162757542","length_km":0.16229052,"FType":460,"FCode":46006,"atlas_class":"streamriver","display_name":"West Fork Red Dirt Creek","stream_role":"natural_stream_detail_context","sourceLayer":"colorado_natural_stream_detail_tiles_v1","sourceLabel":"Colorado natural stream detail tiles v1","sensitivity":"generalized"},"geometry":{"type":"LineString","coordinates":[[-107.04613,39.8416],[-107.04427,39.84143]]}},{"type":"Feature","properties":{"huc8":"14010001","huc8Name":"Colorado Headwaters","historic":"coloradoRiver","current":"introduced","recovery":"recoveryWatch","lineageKey":"coloradoRiver","lineageLabel":"Colorado River green lineage","basin":"Colorado Headwaters","note":"Upper Colorado green-lineage context","state":"CO","confidence":"HUC8 drainage context / generalized","geometryStatus":"natural_stream_detail_tile_from_full_interpreted_layer","troutSource":"HUC8 lineage assignment v1 / review needed","sourceName":"East Fork Red Dirt Creek","name":"East Fork Red Dirt Creek","source_id":"88885905","length_km":0.27084711,"FType":460,"FCode":46006,"atlas_class":"streamriver","display_name":"East Fork Red Dirt Creek","stream_role":"natural_stream_detail_context","sourceLayer":"colorado_natural_stream_detail_tiles_v1","sourceLabel":"Colorado natural stream detail tiles v1","sensitivity":"generalized"},"geometry":{"type":"LineString","coordinates":[[-107.05704,39.86695],[-107.05704,39.8646]]}},{"type":"Feature","properties":{"huc8":"14010001","huc8Name":"Colorado Headwaters","historic":"coloradoRiver","current":"introduced","recovery":"recoveryWatch","lineageKey":"coloradoRiver","lineageLabel":"Colorado River green lineage","basin":"Colorado Headwaters","note":"Upper Colorado green-lineage context","state":"CO","confidence":"HUC8 drainage context / generalized","geometryStatus":"natural_stream_detail_tile_from_full_interpreted_layer","troutSource":"HUC8 lineage assignment v1 / review needed","sourceName":"West Fork Red Dirt Creek","name":"West Fork Red Dirt Creek","source_id":"162757612","length_km":0.18528558,"FType":460,"FCode":46006,"atlas_class":"streamriver","display_name":"West Fork Red Dirt Creek","stream_role":"natural_stream_detail_context","sourceLayer":"colorado_natural_stream_detail_tiles_v1","sourceLabel":"Colorado natural stream detail tiles v1","sensitivity":"generalized"},"geometry":{"type":"LineString","coordinates":[[-107.03028,39.8327],[-107.02855,39.83173]]}},{"type":"Feature","properties":{"huc8":"14010001","huc8Name":"Colorado Headwaters","historic":"coloradoRiver","current":"introduced","recovery":"recoveryWatch","lineageKey":"coloradoRiver","lineageLabel":"Colorado River green lineage","basin":"Colorado Headwaters","note":"Upper Colorado green-lineage context","state":"CO","confidence":"HUC8 drainage context / generalized","geometryStatus":"natural_stream_detail_tile_from_full_interpreted_layer","troutSource":"HUC8 lineage assignment v1 / review needed","sourceName":"East Fork Red Dirt Creek","name":"East Fork Red Dirt Creek","source_id":"162757626","length_km":0.044,"FType":460,"FCode":46006,"atlas_class":"streamriver","display_name":"East Fork Red Dirt Creek","stream_role":"natural_stream_detail_context","sourceLayer":"colorado_natural_stream_detail_tiles_v1","sourceLabel":"Colorado natural stream detail tiles v1","sensitivity":"generalized"},"geometry":{"type":"LineString","coordinates":[[-107.02515,39.84654],[-107.02516,39.84616]]}},{"type":"Feature","properties":{"huc8":"14010001","huc8Name":"Colorado Headwaters","historic":"coloradoRiver","current":"introduced","recovery":"recoveryWatch","lineageKey":"coloradoRiver","lineageLabel":"Colorado River green lineage","basin":"Colorado Headwaters","note":"Upper Colorado green-lineage context","state":"CO","confidence":"HUC8 drainage context / generalized","geometryStatus":"natural_stream_detail_tile_from_full_interpreted_layer","troutSource":"HUC8 lineage assignment v1 / review needed","sourceName":"West Fork Red Dirt Creek","name":"West Fork Red Dirt Creek","source_id":"162757697","length_km":0.06493773,"FType":460,"FCode":46006,"atlas_class":"streamriver","display_name":"West Fork Red Dirt Creek","stream_role":"natural_stream_detail_context","sourceLayer":"colorado_natural_stream_detail_tiles_v1","sourceLabel":"Colorado natural stream detail tiles v1","sensitivity":"generalized"},"geometry":{"type":"LineString","coordinates":[[-107.05069,39.84475],[-107.05022,39.8443]]}},{"type":"Feature","properties":{"huc8":"14010001","huc8Name":"Colorado Headwaters","historic":"coloradoRiver","current":"introduced","recovery":"recoveryWatch","lineageKey":"coloradoRiver","lineageLabel":"Colorado River green lineage","basin":"Colorado Headwaters","note":"Upper Colorado green-lineage context","state":"CO","confidence":"HUC8 drainage context / generalized","geometryStatus":"natural_stream_detail_tile_from_full_interpreted_layer","troutSource":"HUC8 lineage assignment v1 / review needed","sourceName":"West Fork Sheep Creek","name":"West Fork Sheep Creek","source_id":"162750554","length_km":0.39875772,"FType":460,"FCode":46006,"atlas_class":"streamriver","display_name":"West Fork Sheep Creek","stream_role":"natural_stream_detail_context","sourceLayer":"colorado_natural_stream_detail_tiles_v1","sourceLabel":"Colorado natural stream detail tiles v1","sensitivity":"generalized"},"geometry":{"type":"LineString","coordinates":[[-107.12179,39.82173],[-107.12132,39.81968],[-107.12012,39.81864]]}},{"type":"Feature","properties":{"huc8":"14010001","huc8Name":"Colorado Headwaters","historic":"coloradoRiver","current":"introduced","recovery":"recoveryWatch","lineageKey":"coloradoRiver","lineageLabel":"Colorado River green lineage","basin":"Colorado Headwaters","note":"Upper Colorado green-lineage context","state":"CO","confidence":"HUC8 drainage context / generalized","geometryStatus":"natural_stream_detail_tile_from_full_interpreted_layer","troutSource":"HUC8 lineage assignment v1 / review needed","sourceName":"West Fork Sheep Creek","name":"West Fork Sheep Creek","source_id":"162750140","length_km":0.27242345,"FType":460,"FCode":46006,"atlas_class":"streamriver","display_name":"West Fork Sheep Creek","stream_role":"natural_stream_detail_context","sourceLayer":"colorado_natural_stream_detail_tiles_v1","sourceLabel":"Colorado natural stream detail tiles v1","sensitivity":"generalized"},"geometry":{"type":"LineString","coordinates":[[-107.1221,39.82409],[-107.12179,39.82173]]}},{"type":"Feature","properties":{"huc8":"14010001","huc8Name":"Colorado Headwaters","historic":"coloradoRiver","current":"introduced","recovery":"recoveryWatch","lineageKey":"coloradoRiver","lineageLabel":"Colorado River green lineage","basin":"Colorado Headwaters","note":"Upper Colorado green-lineage context","state":"CO","confidence":"HUC8 drainage context / generalized","geometryStatus":"natural_stream_detail_tile_from_full_interpreted_layer","troutSource":"HUC8 lineage assignment v1 / review needed","sourceName":"Hack Creek","name":"Hack Creek","source_id":"88887853","length_km":0.29870386,"FType":460,"FCode":46006,"atlas_class":"streamriver","display_name":"Hack Creek","stream_role":"natural_stream_detail_context","sourceLayer":"colorado_natural_stream_detail_tiles_v1","sourceLabel":"Colorado natural stream detail tiles v1","sensitivity":"generalized"},"geometry":{"type":"LineString","coordinates":[[-107.1315,39.80535],[-107.13179,39.80273]]}},{"type":"Feature","properties":{"huc8":"14010001","huc8Name":"Colorado Headwaters","historic":"coloradoRiver","current":"introduced","recovery":"recoveryWatch","lineageKey":"coloradoRiver","lineageLabel":"Colorado River green lineage","basin":"Colorado Headwaters","note":"Upper Colorado green-lineage context","state":"CO","confidence":"HUC8 drainage context / generalized","geometryStatus":"natural_stream_detail_tile_from_full_interpreted_layer","troutSource":"HUC8 lineage assignment v1 / review needed","sourceName":"West Fork Red Dirt Creek","name":"West Fork Red Dirt Creek","source_id":"162760809","length_km":0.29380735,"FType":460,"FCode":46003,"atlas_class":"streamriver","display_name":"West Fork Red Dirt Creek","stream_role":"natural_stream_detail_context","sourceLayer":"colorado_natural_stream_detail_tiles_v1","sourceLabel":"Colorado natural stream detail tiles v1","sensitivity":"generalized"},"geometry":{"type":"LineString","coordinates":[[-107.11677,39.85269],[-107.11496,39.85254],[-107.11378,39.85177]]}},{"type":"Feature","properties":{"huc8":"14010001","huc8Name":"Colorado Headwaters","historic":"coloradoRiver","current":"introduced","recovery":"recoveryWatch","lineageKey":"coloradoRiver","lineageLabel":"Colorado River green lineage","basin":"Colorado Headwaters","note":"Upper Colorado green-lineage context","state":"CO","confidence":"HUC8 drainage context / generalized","geometryStatus":"natural_stream_detail_tile_from_full_interpreted_layer","troutSource":"HUC8 lineage assignment v1 / review needed","sourceName":"West Fork Sheep Creek","name":"West Fork Sheep Creek","source_id":"88886383","length_km":0.61169923,"FType":460,"FCode":46006,"atlas_class":"streamriver","display_name":"West Fork Sheep Creek","stream_role":"natural_stream_detail_context","sourceLayer":"colorado_natural_stream_detail_tiles_v1","sourceLabel":"Colorado natural stream detail tiles v1","sensitivity":"generalized"},"geometry":{"type":"LineString","coordinates":[[-107.11219,39.80256],[-107.11183,39.80128],[-107.1093,39.79942],[-107.1086,39.79813]]}},{"type":"Feature","properties":{"huc8":"14010001","huc8Name":"Colorado Headwaters","historic":"coloradoRiver","current":"introduced","recovery":"recoveryWatch","lineageKey":"coloradoRiver","lineageLabel":"Colorado River green lineage","basin":"Colorado Headwaters","note":"Upper Colorado green-lineage context","state":"CO","confidence":"HUC8 drainage context / generalized","geometryStatus":"natural_stream_detail_tile_from_full_interpreted_layer","troutSource":"HUC8 lineage assignment v1 / review needed","sourceName":"Turret Creek","name":"Turret Creek","source_id":"162752427","length_km":0.255,"FType":460,"FCode":46006,"atlas_class":"streamriver","display_name":"Turret Creek","stream_role":"natural_stream_detail_context","sourceLayer":"colorado_natural_stream_detail_tiles_v1","sourceLabel":"Colorado natural stream detail tiles v1","sensitivity":"generalized"},"geometry":{"type":"LineString","coordinates":[[-107.1772,39.86855],[-107.17595,39.86656]]}},{"type":"Feature","properties":{"huc8":"14010001","huc8Name":"Colorado Headwaters","historic":"coloradoRiver","current":"introduced","recovery":"recoveryWatch","lineageKey":"coloradoRiver","lineageLabel":"Colorado River green lineage","basin":"Colorado Headwaters","note":"Upper Colorado green-lineage context","state":"CO","confidence":"HUC8 drainage context / generalized","geometryStatus":"natural_stream_detail_tile_from_full_interpreted_layer","troutSource":"HUC8 lineage assignment v1 / review needed","sourceName":"Turret Creek","name":"Turret Creek","source_id":"162750418","length_km":0.34060806,"FType":460,"FCode":46006,"atlas_class":"streamriver","display_name":"Turret Creek","stream_role":"natural_stream_detail_context","sourceLayer":"colorado_natural_stream_detail_tiles_v1","sourceLabel":"Colorado natural stream detail tiles v1","sensitivity":"generalized"},"geometry":{"type":"LineString","coordinates":[[-107.1705,39.84545],[-107.17335,39.84343]]}},{"type":"Feature","properties":{"huc8":"14010001","huc8Name":"Colorado Headwaters","historic":"coloradoRiver","current":"introduced","recovery":"recoveryWatch","lineageKey":"coloradoRiver","lineageLabel":"Colorado River green lineage","basin":"Colorado Headwaters","note":"Upper Colorado green-lineage context","state":"CO","confidence":"HUC8 drainage context / generalized","geometryStatus":"natural_stream_detail_tile_from_full_interpreted_layer","troutSource":"HUC8 lineage assignment v1 / review needed","sourceName":"Turret Creek","name":"Turret Creek","source_id":"162751253","length_km":0.29968224,"FType":460,"FCode":46006,"atlas_class":"streamriver","display_name":"Turret Creek","stream_role":"natural_stream_detail_context","sourceLayer":"colorado_natural_stream_detail_tiles_v1","sourceLabel":"Colorado natural stream detail tiles v1","sensitivity":"generalized"},"geometry":{"type":"LineString","coordinates":[[-107.16984,39.84798],[-107.1705,39.84545]]}},{"type":"Feature","properties":{"huc8":"14010001","huc8Name":"Colorado Headwaters","historic":"coloradoRiver","current":"introduced","recovery":"recoveryWatch","lineageKey":"coloradoRiver","lineageLabel":"Colorado River green lineage","basin":"Colorado Headwaters","note":"Upper Colorado green-lineage context","state":"CO","confidence":"HUC8 drainage context / generalized","geometryStatus":"natural_stream_detail_tile_from_full_interpreted_layer","troutSource":"HUC8 lineage assignment v1 / review needed","sourceName":"Turret Creek","name":"Turret Creek","source_id":"162753968","length_km":0.07492903,"FType":460,"FCode":46006,"atlas_class":"streamriver","display_name":"Turret Creek","stream_role":"natural_stream_detail_context","sourceLayer":"colorado_natural_stream_detail_tiles_v1","sourceLabel":"Colorado natural stream detail tiles v1","sensitivity":"generalized"},"geometry":{"type":"LineString","coordinates":[[-107.16787,39.85688],[-107.16814,39.85628]]}},{"type":"Feature","properties":{"huc8":"14010001","huc8Name":"Colorado Headwaters","historic":"coloradoRiver","current":"introduced","recovery":"recoveryWatch","lineageKey":"coloradoRiver","lineageLabel":"Colorado River green lineage","basin":"Colorado Headwaters","note":"Upper Colorado green-lineage context","state":"CO","confidence":"HUC8 drainage context / generalized","geometryStatus":"natural_stream_detail_tile_from_full_interpreted_layer","troutSource":"HUC8 lineage assignment v1 / review needed","sourceName":"Turret Creek","name":"Turret Creek","source_id":"162752840","length_km":0.06769264,"FType":460,"FCode":46006,"atlas_class":"streamriver","display_name":"Turret Creek","stream_role":"natural_stream_detail_context","sourceLayer":"colorado_natural_stream_detail_tiles_v1","sourceLabel":"Colorado natural stream detail tiles v1","sensitivity":"generalized"},"geometry":{"type":"LineString","coordinates":[[-107.17518,39.84128],[-107.1757,39.84083]]}},{"type":"Feature","properties":{"huc8":"14010001","huc8Name":"Colorado Headwaters","historic":"coloradoRiver","current":"introduced","recovery":"recoveryWatch","lineageKey":"coloradoRiver","lineageLabel":"Colorado River green lineage","basin":"Colorado Headwaters","note":"Upper Colorado green-lineage context","state":"CO","confidence":"HUC8 drainage context / generalized","geometryStatus":"natural_stream_detail_tile_from_full_interpreted_layer","troutSource":"HUC8 lineage assignment v1 / review needed","sourceName":"Turret Creek","name":"Turret Creek","source_id":"162751531","length_km":0.03854399,"FType":460,"FCode":46006,"atlas_class":"streamriver","display_name":"Turret Creek","stream_role":"natural_stream_detail_context","sourceLayer":"colorado_natural_stream_detail_tiles_v1","sourceLabel":"Colorado natural stream detail tiles v1","sensitivity":"generalized"},"geometry":{"type":"LineString","coordinates":[[-107.1683,39.85791],[-107.16806,39.85762]]}},{"type":"Feature","properties":{"huc8":"14010001","huc8Name":"Colorado Headwaters","historic":"coloradoRiver","current":"introduced","recovery":"recoveryWatch","lineageKey":"coloradoRiver","lineageLabel":"Colorado River green lineage","basin":"Colorado Headwaters","note":"Upper Colorado green-lineage context","state":"CO","confidence":"HUC8 drainage context / generalized","geometryStatus":"natural_stream_detail_tile_from_full_interpreted_layer","troutSource":"HUC8 lineage assignment v1 / review needed","sourceName":"Turret Creek","name":"Turret Creek","source_id":"162750419","length_km":0.11251813,"FType":460,"FCode":46006,"atlas_class":"streamriver","display_name":"Turret Creek","stream_role":"natural_stream_detail_context","sourceLayer":"colorado_natural_stream_detail_tiles_v1","sourceLabel":"Colorado natural stream detail tiles v1","sensitivity":"generalized"},"geometry":{"type":"LineString","coordinates":[[-107.17335,39.84343],[-107.17412,39.84264]]}},{"type":"Feature","properties":{"huc8":"14010001","huc8Name":"Colorado Headwaters","historic":"coloradoRiver","current":"introduced","recovery":"recoveryWatch","lineageKey":"coloradoRiver","lineageLabel":"Colorado River green lineage","basin":"Colorado Headwaters","note":"Upper Colorado green-lineage context","state":"CO","confidence":"HUC8 drainage context / generalized","geometryStatus":"natural_stream_detail_tile_from_full_interpreted_layer","troutSource":"HUC8 lineage assignment v1 / review needed","sourceName":"West Fork Sheep Creek","name":"West Fork Sheep Creek","source_id":"162753969","length_km":0.298,"FType":460,"FCode":46003,"atlas_class":"streamriver","display_name":"West Fork Sheep Creek","stream_role":"natural_stream_detail_context","sourceLayer":"colorado_natural_stream_detail_tiles_v1","sourceLabel":"Colorado natural stream detail tiles v1","sensitivity":"generalized"},"geometry":{"type":"LineString","coordinates":[[-107.13255,39.84924],[-107.1355,39.84781]]}},{"type":"Feature","properties":{"huc8":"14010001","huc8Name":"Colorado Headwaters","historic":"coloradoRiver","current":"introduced","recovery":"recoveryWatch","lineageKey":"coloradoRiver","lineageLabel":"Colorado River green lineage","basin":"Colorado Headwaters","note":"Upper Colorado green-lineage context","state":"CO","confidence":"HUC8 drainage context / generalized","geometryStatus":"natural_stream_detail_tile_from_full_interpreted_layer","troutSource":"HUC8 lineage assignment v1 / review needed","sourceName":"Turret Creek","name":"Turret Creek","source_id":"162753967","length_km":0.08581936,"FType":460,"FCode":46006,"atlas_class":"streamriver","display_name":"Turret Creek","stream_role":"natural_stream_detail_context","sourceLayer":"colorado_natural_stream_detail_tiles_v1","sourceLabel":"Colorado natural stream detail tiles v1","sensitivity":"generalized"},"geometry":{"type":"LineString","coordinates":[[-107.16806,39.85762],[-107.16787,39.85688]]}},{"type":"Feature","properties":{"huc8":"14010001","huc8Name":"Colorado Headwaters","historic":"coloradoRiver","current":"introduced","recovery":"recoveryWatch","lineageKey":"coloradoRiver","lineageLabel":"Colorado River green lineage","basin":"Colorado Headwaters","note":"Upper Colorado green-lineage context","state":"CO","confidence":"HUC8 drainage context / generalized","geometryStatus":"natural_stream_detail_tile_from_full_interpreted_layer","troutSource":"HUC8 lineage assignment v1 / review needed","sourceName":"Turret Creek","name":"Turret Creek","source_id":"162751252","length_km":0.0517972,"FType":460,"FCode":46006,"atlas_class":"streamriver","display_name":"Turret Creek","stream_role":"natural_stream_detail_context","sourceLayer":"colorado_natural_stream_detail_tiles_v1","sourceLabel":"Colorado natural stream detail tiles v1","sensitivity":"generalized"},"geometry":{"type":"LineString","coordinates":[[-107.17028,39.84829],[-107.16984,39.84798]]}},{"type":"Feature","properties":{"huc8":"14010001","huc8Name":"Colorado Headwaters","historic":"coloradoRiver","current":"introduced","recovery":"recoveryWatch","lineageKey":"coloradoRiver","lineageLabel":"Colorado River green lineage","basin":"Colorado Headwaters","note":"Upper Colorado green-lineage context","state":"CO","confidence":"HUC8 drainage context / generalized","geometryStatus":"natural_stream_detail_tile_from_full_interpreted_layer","troutSource":"HUC8 lineage assignment v1 / review needed","sourceName":"Turret Creek","name":"Turret Creek","source_id":"162753573","length_km":0.22242193,"FType":460,"FCode":46006,"atlas_class":"streamriver","display_name":"Turret Creek","stream_role":"natural_stream_detail_context","sourceLayer":"colorado_natural_stream_detail_tiles_v1","sourceLabel":"Colorado natural stream detail tiles v1","sensitivity":"generalized"},"geometry":{"type":"LineString","coordinates":[[-107.17165,39.86125],[-107.17088,39.86034]]}},{"type":"Feature","properties":{"huc8":"14010001","huc8Name":"Colorado Headwaters","historic":"coloradoRiver","current":"introduced","recovery":"recoveryWatch","lineageKey":"coloradoRiver","lineageLabel":"Colorado River green lineage","basin":"Colorado Headwaters","note":"Upper Colorado green-lineage context","state":"CO","confidence":"HUC8 drainage context / generalized","geometryStatus":"natural_stream_detail_tile_from_full_interpreted_layer","troutSource":"HUC8 lineage assignment v1 / review needed","sourceName":"Turret Creek","name":"Turret Creek","source_id":"88887671","length_km":0.18260144,"FType":460,"FCode":46006,"atlas_class":"streamriver","display_name":"Turret Creek","stream_role":"natural_stream_detail_context","sourceLayer":"colorado_natural_stream_detail_tiles_v1","sourceLabel":"Colorado natural stream detail tiles v1","sensitivity":"generalized"},"geometry":{"type":"LineString","coordinates":[[-107.17412,39.84264],[-107.17518,39.84128]]}},{"type":"Feature","properties":{"huc8":"14010001","huc8Name":"Colorado Headwaters","historic":"coloradoRiver","current":"introduced","recovery":"recoveryWatch","lineageKey":"coloradoRiver","lineageLabel":"Colorado River green lineage","basin":"Colorado Headwaters","note":"Upper Colorado green-lineage context","state":"CO","confidence":"HUC8 drainage context / generalized","geometryStatus":"natural_stream_detail_tile_from_full_interpreted_layer","troutSource":"HUC8 lineage assignment v1 / review needed","sourceName":"Turret Creek","name":"Turret Creek","source_id":"162750417","length_km":0.46587344,"FType":460,"FCode":46006,"atlas_class":"streamriver","display_name":"Turret Creek","stream_role":"natural_stream_detail_context","sourceLayer":"colorado_natural_stream_detail_tiles_v1","sourceLabel":"Colorado natural stream detail tiles v1","sensitivity":"generalized"},"geometry":{"type":"LineString","coordinates":[[-107.16985,39.85206],[-107.17086,39.84898],[-107.17028,39.84829]]}},{"type":"Feature","properties":{"huc8":"14010001","huc8Name":"Colorado Headwaters","historic":"coloradoRiver","current":"introduced","recovery":"recoveryWatch","lineageKey":"coloradoRiver","lineageLabel":"Colorado River green lineage","basin":"Colorado Headwaters","note":"Upper Colorado green-lineage context","state":"CO","confidence":"HUC8 drainage context / generalized","geometryStatus":"natural_stream_detail_tile_from_full_interpreted_layer","troutSource":"HUC8 lineage assignment v1 / review needed","sourceName":"Turret Creek","name":"Turret Creek","source_id":"162752841","length_km":0.19764121,"FType":460,"FCode":46006,"atlas_class":"streamriver","display_name":"Turret Creek","stream_role":"natural_stream_detail_context","sourceLayer":"colorado_natural_stream_detail_tiles_v1","sourceLabel":"Colorado natural stream detail tiles v1","sensitivity":"generalized"},"geometry":{"type":"LineString","coordinates":[[-107.1757,39.84083],[-107.17607,39.83914]]}},{"type":"Feature","properties":{"huc8":"14010001","huc8Name":"Colorado Headwaters","historic":"coloradoRiver","current":"introduced","recovery":"recoveryWatch","lineageKey":"coloradoRiver","lineageLabel":"Colorado River green lineage","basin":"Colorado Headwaters","note":"Upper Colorado green-lineage context","state":"CO","confidence":"HUC8 drainage context / generalized","geometryStatus":"natural_stream_detail_tile_from_full_interpreted_layer","troutSource":"HUC8 lineage assignment v1 / review needed","sourceName":"Turret Creek","name":"Turret Creek","source_id":"162753966","length_km":0.11382581,"FType":460,"FCode":46006,"atlas_class":"streamriver","display_name":"Turret Creek","stream_role":"natural_stream_detail_context","sourceLayer":"colorado_natural_stream_detail_tiles_v1","sourceLabel":"Colorado natural stream detail tiles v1","sensitivity":"generalized"},"geometry":{"type":"LineString","coordinates":[[-107.16947,39.8535],[-107.16963,39.85249]]}},{"type":"Feature","properties":{"huc8":"14010001","huc8Name":"Colorado Headwaters","historic":"coloradoRiver","current":"introduced","recovery":"recoveryWatch","lineageKey":"coloradoRiver","lineageLabel":"Colorado River green lineage","basin":"Colorado Headwaters","note":"Upper Colorado green-lineage context","state":"CO","confidence":"HUC8 drainage context / generalized","geometryStatus":"natural_stream_detail_tile_from_full_interpreted_layer","troutSource":"HUC8 lineage assignment v1 / review needed","sourceName":"Turret Creek","name":"Turret Creek","source_id":"162750416","length_km":0.0520765,"FType":460,"FCode":46006,"atlas_class":"streamriver","display_name":"Turret Creek","stream_role":"natural_stream_detail_context","sourceLayer":"colorado_natural_stream_detail_tiles_v1","sourceLabel":"Colorado natural stream detail tiles v1","sensitivity":"generalized"},"geometry":{"type":"LineString","coordinates":[[-107.16963,39.85249],[-107.16985,39.85206]]}},{"type":"Feature","properties":{"huc8":"14010001","huc8Name":"Colorado Headwaters","historic":"coloradoRiver","current":"introduced","recovery":"recoveryWatch","lineageKey":"coloradoRiver","lineageLabel":"Colorado River green lineage","basin":"Colorado Headwaters","note":"Upper Colorado green-lineage context","state":"CO","confidence":"HUC8 drainage context / generalized","geometryStatus":"natural_stream_detail_tile_from_full_interpreted_layer","troutSource":"HUC8 lineage assignment v1 / review needed","sourceName":"Turret Creek","name":"Turret Creek","source_id":"162753574","length_km":0.37269361,"FType":460,"FCode":46006,"atlas_class":"streamriver","display_name":"Turret Creek","stream_role":"natural_stream_detail_context","sourceLayer":"colorado_natural_stream_detail_tiles_v1","sourceLabel":"Colorado natural stream detail tiles v1","sensitivity":"generalized"},"geometry":{"type":"LineString","coordinates":[[-107.17088,39.86034],[-107.1683,39.85791]]}},{"type":"Feature","properties":{"huc8":"14010001","huc8Name":"Colorado Headwaters","historic":"coloradoRiver","current":"introduced","recovery":"recoveryWatch","lineageKey":"coloradoRiver","lineageLabel":"Colorado River green lineage","basin":"Colorado Headwaters","note":"Upper Colorado green-lineage context","state":"CO","confidence":"HUC8 drainage context / generalized","geometryStatus":"natural_stream_detail_tile_from_full_interpreted_layer","troutSource":"HUC8 lineage assignment v1 / review needed","sourceName":"Turret Creek","name":"Turret Creek","source_id":"162753965","length_km":0.223433,"FType":460,"FCode":46006,"atlas_class":"streamriver","display_name":"Turret Creek","stream_role":"natural_stream_detail_context","sourceLayer":"colorado_natural_stream_detail_tiles_v1","sourceLabel":"Colorado natural stream detail tiles v1","sensitivity":"generalized"},"geometry":{"type":"LineString","coordinates":[[-107.16841,39.85522],[-107.16947,39.8535]]}},{"type":"Feature","properties":{"huc8":"14010001","huc8Name":"Colorado Headwaters","historic":"coloradoRiver","current":"introduced","recovery":"recoveryWatch","lineageKey":"coloradoRiver","lineageLabel":"Colorado River green lineage","basin":"Colorado Headwaters","note":"Upper Colorado green-lineage context","state":"CO","confidence":"HUC8 drainage context / generalized","geometryStatus":"natural_stream_detail_tile_from_full_interpreted_layer","troutSource":"HUC8 lineage assignment v1 / review needed","sourceName":"Turret Creek","name":"Turret Creek","source_id":"162753547","length_km":0.1280045,"FType":460,"FCode":46006,"atlas_class":"streamriver","display_name":"Turret Creek","stream_role":"natural_stream_detail_context","sourceLayer":"colorado_natural_stream_detail_tiles_v1","sourceLabel":"Colorado natural stream detail tiles v1","sensitivity":"generalized"},"geometry":{"type":"LineString","coordinates":[[-107.16814,39.85628],[-107.16841,39.85522]]}},{"type":"Feature","properties":{"huc8":"14010001","huc8Name":"Colorado Headwaters","historic":"coloradoRiver","current":"introduced","recovery":"recoveryWatch","lineageKey":"coloradoRiver","lineageLabel":"Colorado River green lineage","basin":"Colorado Headwaters","note":"Upper Colorado green-lineage context","state":"CO","confidence":"HUC8 drainage context / generalized","geometryStatus":"natural_stream_detail_tile_from_full_interpreted_layer","troutSource":"HUC8 lineage assignment v1 / review needed","sourceName":"Turret Creek","name":"Turret Creek","source_id":"162750601","length_km":0.10641694,"FType":460,"FCode":46006,"atlas_class":"streamriver","display_name":"Turret Creek","stream_role":"natural_stream_detail_context","sourceLayer":"colorado_natural_stream_detail_tiles_v1","sourceLabel":"Colorado natural stream detail tiles v1","sensitivity":"generalized"},"geometry":{"type":"LineString","coordinates":[[-107.17219,39.86196],[-107.17165,39.86125]]}},{"type":"Feature","properties":{"huc8":"14010001","huc8Name":"Colorado Headwaters","historic":"coloradoRiver","current":"introduced","recovery":"recoveryWatch","lineageKey":"coloradoRiver","lineageLabel":"Colorado River green lineage","basin":"Colorado Headwaters","note":"Upper Colorado green-lineage context","state":"CO","confidence":"HUC8 drainage context / generalized","geometryStatus":"natural_stream_detail_tile_from_full_interpreted_layer","troutSource":"HUC8 lineage assignment v1 / review needed","sourceName":"Turret Creek","name":"Turret Creek","source_id":"162752428","length_km":0.175,"FType":460,"FCode":46006,"atlas_class":"streamriver","display_name":"Turret Creek","stream_role":"natural_stream_detail_context","sourceLayer":"colorado_natural_stream_detail_tiles_v1","sourceLabel":"Colorado natural stream detail tiles v1","sensitivity":"generalized"},"geometry":{"type":"LineString","coordinates":[[-107.17595,39.86656],[-107.17609,39.8656],[-107.17538,39.86542]]}},{"type":"Feature","properties":{"huc8":"14010001","huc8Name":"Colorado Headwaters","historic":"coloradoRiver","current":"introduced","recovery":"recoveryWatch","lineageKey":"coloradoRiver","lineageLabel":"Colorado River green lineage","basin":"Colorado Headwaters","note":"Upper Colorado green-lineage context","state":"CO","confidence":"HUC8 drainage context / generalized","geometryStatus":"natural_stream_detail_tile_from_full_interpreted_layer","troutSource":"HUC8 lineage assignment v1 / review needed","sourceName":"Turret Creek","name":"Turret Creek","source_id":"88887585","length_km":0.733,"FType":460,"FCode":46006,"atlas_class":"streamriver","display_name":"Turret Creek","stream_role":"natural_stream_detail_context","sourceLayer":"colorado_natural_stream_detail_tiles_v1","sourceLabel":"Colorado natural stream detail tiles v1","sensitivity":"generalized"},"geometry":{"type":"LineString","coordinates":[[-107.17538,39.86542],[-107.17577,39.8643],[-107.17512,39.86421],[-107.17432,39.86235],[-107.17219,39.86196]]}},{"type":"Feature","properties":{"huc8":"14010001","huc8Name":"Colorado Headwaters","historic":"coloradoRiver","current":"introduced","recovery":"recoveryWatch","lineageKey":"coloradoRiver","lineageLabel":"Colorado River green lineage","basin":"Colorado Headwaters","note":"Upper Colorado green-lineage context","state":"CO","confidence":"HUC8 drainage context / generalized","geometryStatus":"natural_stream_detail_tile_from_full_interpreted_layer","troutSource":"HUC8 lineage assignment v1 / review needed","sourceName":"West Fork Sheep Creek","name":"West Fork Sheep Creek","source_id":"{7B5EBD8E-F4C8-4B61-82F3-8791BF0DFDDD}","length_km":0.02155788,"FType":460,"FCode":46003,"atlas_class":"streamriver","display_name":"West Fork Sheep Creek","stream_role":"natural_stream_detail_context","sourceLayer":"colorado_natural_stream_detail_tiles_v1","sourceLabel":"Colorado natural stream detail tiles v1","sensitivity":"generalized"},"geometry":{"type":"LineString","coordinates":[[-107.13615,39.84763],[-107.13636,39.84753]]}},{"type":"Feature","properties":{"huc8":"14010001","huc8Name":"Colorado Headwaters","historic":"coloradoRiver","current":"introduced","recovery":"recoveryWatch","lineageKey":"coloradoRiver","lineageLabel":"Colorado River green lineage","basin":"Colorado Headwaters","note":"Upper Colorado green-lineage context","state":"CO","confidence":"HUC8 drainage context / generalized","geometryStatus":"natural_stream_detail_tile_from_full_interpreted_layer","troutSource":"HUC8 lineage assignment v1 / review needed","sourceName":"Turret Creek","name":"Turret Creek","source_id":"{4C417805-BA72-44F3-B171-7C42676E2E1C}","length_km":0.01063548,"FType":460,"FCode":46006,"atlas_class":"streamriver","display_name":"Turret Creek","stream_role":"natural_stream_detail_context","sourceLayer":"colorado_natural_stream_detail_tiles_v1","sourceLabel":"Colorado natural stream detail tiles v1","sensitivity":"generalized"},"geometry":{"type":"LineString","coordinates":[[-107.18305,39.81662],[-107.18302,39.81653]]}},{"type":"Feature","properties":{"huc8":"14010001","huc8Name":"Colorado Headwaters","historic":"coloradoRiver","current":"introduced","recovery":"recoveryWatch","lineageKey":"coloradoRiver","lineageLabel":"Colorado River green lineage","basin":"Colorado Headwaters","note":"Upper Colorado green-lineage context","state":"CO","confidence":"HUC8 drainage context / generalized","geometryStatus":"natural_stream_detail_tile_from_full_interpreted_layer","troutSource":"HUC8 lineage assignment v1 / review needed","sourceName":"Dry Fork Cabin Creek","name":"Dry Fork Cabin Creek","source_id":"162756680","length_km":0.42511853,"FType":460,"FCode":46003,"atlas_class":"streamriver","display_name":"Dry Fork Cabin Creek","stream_role":"natural_stream_detail_context","sourceLayer":"colorado_natural_stream_detail_tiles_v1","sourceLabel":"Colorado natural stream detail tiles v1","sensitivity":"generalized"},"geometry":{"type":"LineString","coordinates":[[-107.05709,39.93713],[-107.05477,39.93391]]}},{"type":"Feature","properties":{"huc8":"14010001","huc8Name":"Colorado Headwaters","historic":"coloradoRiver","current":"introduced","recovery":"recoveryWatch","lineageKey":"coloradoRiver","lineageLabel":"Colorado River green lineage","basin":"Colorado Headwaters","note":"Upper Colorado green-lineage context","state":"CO","confidence":"HUC8 drainage context / generalized","geometryStatus":"natural_stream_detail_tile_from_full_interpreted_layer","troutSource":"HUC8 lineage assignment v1 / review needed","sourceName":"Derby Creek","name":"Derby Creek","source_id":"162756754","length_km":1.03466601,"FType":460,"FCode":46006,"atlas_class":"streamriver","display_name":"Derby Creek","stream_role":"natural_stream_detail_context","sourceLayer":"colorado_natural_stream_detail_tiles_v1","sourceLabel":"Colorado natural stream detail tiles v1","sensitivity":"generalized"},"geometry":{"type":"LineString","coordinates":[[-107.04717,39.91743],[-107.0427,39.91576],[-107.03857,39.91158]]}},{"type":"Feature","properties":{"huc8":"14010001","huc8Name":"Colorado Headwaters","historic":"coloradoRiver","current":"introduced","recovery":"recoveryWatch","lineageKey":"coloradoRiver","lineageLabel":"Colorado River green lineage","basin":"Colorado Headwaters","note":"Upper Colorado green-lineage context","state":"CO","confidence":"HUC8 drainage context / generalized","geometryStatus":"natural_stream_detail_tile_from_full_interpreted_layer","troutSource":"HUC8 lineage assignment v1 / review needed","sourceName":"North Fork Derby Creek","name":"North Fork Derby Creek","source_id":"88855323","length_km":0.06912822,"FType":460,"FCode":46006,"atlas_class":"streamriver","display_name":"North Fork Derby Creek","stream_role":"natural_stream_detail_context","sourceLayer":"colorado_natural_stream_detail_tiles_v1","sourceLabel":"Colorado natural stream detail tiles v1","sensitivity":"generalized"},"geometry":{"type":"LineString","coordinates":[[-107.07806,39.96287],[-107.0778,39.96229]]}},{"type":"Feature","properties":{"huc8":"14010001","huc8Name":"Colorado Headwaters","historic":"coloradoRiver","current":"introduced","recovery":"recoveryWatch","lineageKey":"coloradoRiver","lineageLabel":"Colorado River green lineage","basin":"Colorado Headwaters","note":"Upper Colorado green-lineage context","state":"CO","confidence":"HUC8 drainage context / generalized","geometryStatus":"natural_stream_detail_tile_from_full_interpreted_layer","troutSource":"HUC8 lineage assignment v1 / review needed","sourceName":"North Fork Derby Creek","name":"North Fork Derby Creek","source_id":"162755991","length_km":0.73738259,"FType":460,"FCode":46006,"atlas_class":"streamriver","display_name":"North Fork Derby Creek","stream_role":"natural_stream_detail_context","sourceLayer":"colorado_natural_stream_detail_tiles_v1","sourceLabel":"Colorado natural stream detail tiles v1","sensitivity":"generalized"},"geometry":{"type":"LineString","coordinates":[[-107.0929,39.97265],[-107.09282,39.9721],[-107.09149,39.97204],[-107.0901,39.97047],[-107.08752,39.97039],[-107.08672,39.96977]]}},{"type":"Feature","properties":{"huc8":"14010001","huc8Name":"Colorado Headwaters","historic":"coloradoRiver","current":"introduced","recovery":"recoveryWatch","lineageKey":"coloradoRiver","lineageLabel":"Colorado River green lineage","basin":"Colorado Headwaters","note":"Upper Colorado green-lineage context","state":"CO","confidence":"HUC8 drainage context / generalized","geometryStatus":"natural_stream_detail_tile_from_full_interpreted_layer","troutSource":"HUC8 lineage assignment v1 / review needed","sourceName":"Cabin Creek","name":"Cabin Creek","source_id":"88855273","length_km":0.48370364,"FType":460,"FCode":46003,"atlas_class":"streamriver","display_name":"Cabin Creek","stream_role":"natural_stream_detail_context","sourceLayer":"colorado_natural_stream_detail_tiles_v1","sourceLabel":"Colorado natural stream detail tiles v1","sensitivity":"generalized"},"geometry":{"type":"LineString","coordinates":[[-107.06127,39.97292],[-107.06236,39.96988],[-107.06206,39.9688]]}},{"type":"Feature","properties":{"huc8":"14010001","huc8Name":"Colorado Headwaters","historic":"coloradoRiver","current":"introduced","recovery":"recoveryWatch","lineageKey":"coloradoRiver","lineageLabel":"Colorado River green lineage","basin":"Colorado Headwaters","note":"Upper Colorado green-lineage context","state":"CO","confidence":"HUC8 drainage context / generalized","geometryStatus":"natural_stream_detail_tile_from_full_interpreted_layer","troutSource":"HUC8 lineage assignment v1 / review needed","sourceName":"North Fork Cedar Creek","name":"North Fork Cedar Creek","source_id":"88846401","length_km":1.09957039,"FType":460,"FCode":46006,"atlas_class":"streamriver","display_name":"North Fork Cedar Creek","stream_role":"natural_stream_detail_context","sourceLayer":"colorado_natural_stream_detail_tiles_v1","sourceLabel":"Colorado natural stream detail tiles v1","sensitivity":"generalized"},"geometry":{"type":"LineString","coordinates":[[-107.00966,39.98452],[-107.00261,39.98453],[-106.99773,39.98248]]}},{"type":"Feature","properties":{"huc8":"14010001","huc8Name":"Colorado Headwaters","historic":"coloradoRiver","current":"introduced","recovery":"recoveryWatch","lineageKey":"coloradoRiver","lineageLabel":"Colorado River green lineage","basin":"Colorado Headwaters","note":"Upper Colorado green-lineage context","state":"CO","confidence":"HUC8 drainage context / generalized","geometryStatus":"natural_stream_detail_tile_from_full_interpreted_layer","troutSource":"HUC8 lineage assignment v1 / review needed","sourceName":"South Fork Derby Creek","name":"South Fork Derby Creek","source_id":"162756744","length_km":0.85121677,"FType":460,"FCode":46006,"atlas_class":"streamriver","display_name":"South Fork Derby Creek","stream_role":"natural_stream_detail_context","sourceLayer":"colorado_natural_stream_detail_tiles_v1","sourceLabel":"Colorado natural stream detail tiles v1","sensitivity":"generalized"},"geometry":{"type":"LineString","coordinates":[[-107.08305,39.89992],[-107.07821,39.89989],[-107.07648,39.89911],[-107.07412,39.90019]]}},{"type":"Feature","properties":{"huc8":"14010001","huc8Name":"Colorado Headwaters","historic":"coloradoRiver","current":"introduced","recovery":"recoveryWatch","lineageKey":"coloradoRiver","lineageLabel":"Colorado River green lineage","basin":"Colorado Headwaters","note":"Upper Colorado green-lineage context","state":"CO","confidence":"HUC8 drainage context / generalized","geometryStatus":"natural_stream_detail_tile_from_full_interpreted_layer","troutSource":"HUC8 lineage assignment v1 / review needed","sourceName":"Cabin Creek","name":"Cabin Creek","source_id":"162755986","length_km":0.31512387,"FType":460,"FCode":46006,"atlas_class":"streamriver","display_name":"Cabin Creek","stream_role":"natural_stream_detail_context","sourceLayer":"colorado_natural_stream_detail_tiles_v1","sourceLabel":"Colorado natural stream detail tiles v1","sensitivity":"generalized"},"geometry":{"type":"LineString","coordinates":[[-107.05653,39.96272],[-107.05284,39.96244]]}},{"type":"Feature","properties":{"huc8":"14010001","huc8Name":"Colorado Headwaters","historic":"coloradoRiver","current":"introduced","recovery":"recoveryWatch","lineageKey":"coloradoRiver","lineageLabel":"Colorado River green lineage","basin":"Colorado Headwaters","note":"Upper Colorado green-lineage context","state":"CO","confidence":"HUC8 drainage context / generalized","geometryStatus":"natural_stream_detail_tile_from_full_interpreted_layer","troutSource":"HUC8 lineage assignment v1 / review needed","sourceName":"Middle Fork Derby Creek","name":"Middle Fork Derby Creek","source_id":"162756913","length_km":0.07,"FType":460,"FCode":46006,"atlas_class":"streamriver","display_name":"Middle Fork Derby Creek","stream_role":"natural_stream_detail_context","sourceLayer":"colorado_natural_stream_detail_tiles_v1","sourceLabel":"Colorado natural stream detail tiles v1","sensitivity":"generalized"},"geometry":{"type":"LineString","coordinates":[[-107.07616,39.93375],[-107.0755,39.93338]]}},{"type":"Feature","properties":{"huc8":"14010001","huc8Name":"Colorado Headwaters","historic":"coloradoRiver","current":"introduced","recovery":"recoveryWatch","lineageKey":"coloradoRiver","lineageLabel":"Colorado River green lineage","basin":"Colorado Headwaters","note":"Upper Colorado green-lineage context","state":"CO","confidence":"HUC8 drainage context / generalized","geometryStatus":"natural_stream_detail_tile_from_full_interpreted_layer","troutSource":"HUC8 lineage assignment v1 / review needed","sourceName":"North Fork Derby Creek","name":"North Fork Derby Creek","source_id":"162755967","length_km":0.27970628,"FType":460,"FCode":46006,"atlas_class":"streamriver","display_name":"North Fork Derby Creek","stream_role":"natural_stream_detail_context","sourceLayer":"colorado_natural_stream_detail_tiles_v1","sourceLabel":"Colorado natural stream detail tiles v1","sensitivity":"generalized"},"geometry":{"type":"LineString","coordinates":[[-107.10541,39.99586],[-107.10632,39.99352]]}},{"type":"Feature","properties":{"huc8":"14010001","huc8Name":"Colorado Headwaters","historic":"coloradoRiver","current":"introduced","recovery":"recoveryWatch","lineageKey":"coloradoRiver","lineageLabel":"Colorado River green lineage","basin":"Colorado Headwaters","note":"Upper Colorado green-lineage context","state":"CO","confidence":"HUC8 drainage context / generalized","geometryStatus":"natural_stream_detail_tile_from_full_interpreted_layer","troutSource":"HUC8 lineage assignment v1 / review needed","sourceName":"Derby Creek","name":"Derby Creek","source_id":"162756725","length_km":0.17895219,"FType":460,"FCode":46006,"atlas_class":"streamriver","display_name":"Derby Creek","stream_role":"natural_stream_detail_context","sourceLayer":"colorado_natural_stream_detail_tiles_v1","sourceLabel":"Colorado natural stream detail tiles v1","sensitivity":"generalized"},"geometry":{"type":"LineString","coordinates":[[-107.05217,39.91878],[-107.05028,39.91811]]}},{"type":"Feature","properties":{"huc8":"14010001","huc8Name":"Colorado Headwaters","historic":"coloradoRiver","current":"introduced","recovery":"recoveryWatch","lineageKey":"coloradoRiver","lineageLabel":"Colorado River green lineage","basin":"Colorado Headwaters","note":"Upper Colorado green-lineage context","state":"CO","confidence":"HUC8 drainage context / generalized","geometryStatus":"natural_stream_detail_tile_from_full_interpreted_layer","troutSource":"HUC8 lineage assignment v1 / review needed","sourceName":"Cabin Creek","name":"Cabin Creek","source_id":"162755869","length_km":0.34670884,"FType":460,"FCode":46006,"atlas_class":"streamriver","display_name":"Cabin Creek","stream_role":"natural_stream_detail_context","sourceLayer":"colorado_natural_stream_detail_tiles_v1","sourceLabel":"Colorado natural stream detail tiles v1","sensitivity":"generalized"},"geometry":{"type":"LineString","coordinates":[[-107.06206,39.9688],[-107.06136,39.96584]]}},{"type":"Feature","properties":{"huc8":"14010001","huc8Name":"Colorado Headwaters","historic":"coloradoRiver","current":"introduced","recovery":"recoveryWatch","lineageKey":"coloradoRiver","lineageLabel":"Colorado River green lineage","basin":"Colorado Headwaters","note":"Upper Colorado green-lineage context","state":"CO","confidence":"HUC8 drainage context / generalized","geometryStatus":"natural_stream_detail_tile_from_full_interpreted_layer","troutSource":"HUC8 lineage assignment v1 / review needed","sourceName":"North Fork Derby Creek","name":"North Fork Derby Creek","source_id":"162755884","length_km":0.15277778,"FType":460,"FCode":46006,"atlas_class":"streamriver","display_name":"North Fork Derby Creek","stream_role":"natural_stream_detail_context","sourceLayer":"colorado_natural_stream_detail_tiles_v1","sourceLabel":"Colorado natural stream detail tiles v1","sensitivity":"generalized"},"geometry":{"type":"LineString","coordinates":[[-107.1068,39.98244],[-107.10537,39.98184]]}},{"type":"Feature","properties":{"huc8":"14010001","huc8Name":"Colorado Headwaters","historic":"coloradoRiver","current":"introduced","recovery":"recoveryWatch","lineageKey":"coloradoRiver","lineageLabel":"Colorado River green lineage","basin":"Colorado Headwaters","note":"Upper Colorado green-lineage context","state":"CO","confidence":"HUC8 drainage context / generalized","geometryStatus":"natural_stream_detail_tile_from_full_interpreted_layer","troutSource":"HUC8 lineage assignment v1 / review needed","sourceName":"North Fork Derby Creek","name":"North Fork Derby Creek","source_id":"162756101","length_km":0.15454624,"FType":460,"FCode":46006,"atlas_class":"streamriver","display_name":"North Fork Derby Creek","stream_role":"natural_stream_detail_context","sourceLayer":"colorado_natural_stream_detail_tiles_v1","sourceLabel":"Colorado natural stream detail tiles v1","sensitivity":"generalized"},"geometry":{"type":"LineString","coordinates":[[-107.07062,39.95068],[-107.07055,39.94937]]}},{"type":"Feature","properties":{"huc8":"14010001","huc8Name":"Colorado Headwaters","historic":"coloradoRiver","current":"introduced","recovery":"recoveryWatch","lineageKey":"coloradoRiver","lineageLabel":"Colorado River green lineage","basin":"Colorado Headwaters","note":"Upper Colorado green-lineage context","state":"CO","confidence":"HUC8 drainage context / generalized","geometryStatus":"natural_stream_detail_tile_from_full_interpreted_layer","troutSource":"HUC8 lineage assignment v1 / review needed","sourceName":"South Fork Derby Creek","name":"South Fork Derby Creek","source_id":"162756792","length_km":0.34115965,"FType":460,"FCode":46006,"atlas_class":"streamriver","display_name":"South Fork Derby Creek","stream_role":"natural_stream_detail_context","sourceLayer":"colorado_natural_stream_detail_tiles_v1","sourceLabel":"Colorado natural stream detail tiles v1","sensitivity":"generalized"},"geometry":{"type":"LineString","coordinates":[[-107.09134,39.89983],[-107.08759,39.89973]]}},{"type":"Feature","properties":{"huc8":"14010001","huc8Name":"Colorado Headwaters","historic":"coloradoRiver","current":"introduced","recovery":"recoveryWatch","lineageKey":"coloradoRiver","lineageLabel":"Colorado River green lineage","basin":"Colorado Headwaters","note":"Upper Colorado green-lineage context","state":"CO","confidence":"HUC8 drainage context / generalized","geometryStatus":"natural_stream_detail_tile_from_full_interpreted_layer","troutSource":"HUC8 lineage assignment v1 / review needed","sourceName":"South Fork Derby Creek","name":"South Fork Derby Creek","source_id":"162757012","length_km":0.46032887,"FType":460,"FCode":46006,"atlas_class":"streamriver","display_name":"South Fork Derby Creek","stream_role":"natural_stream_detail_context","sourceLayer":"colorado_natural_stream_detail_tiles_v1","sourceLabel":"Colorado natural stream detail tiles v1","sensitivity":"generalized"},"geometry":{"type":"LineString","coordinates":[[-107.10341,39.90068],[-107.09981,39.90061],[-107.09847,39.90126]]}},{"type":"Feature","properties":{"huc8":"14010001","huc8Name":"Colorado Headwaters","historic":"coloradoRiver","current":"introduced","recovery":"recoveryWatch","lineageKey":"coloradoRiver","lineageLabel":"Colorado River green lineage","basin":"Colorado Headwaters","note":"Upper Colorado green-lineage context","state":"CO","confidence":"HUC8 drainage context / generalized","geometryStatus":"natural_stream_detail_tile_from_full_interpreted_layer","troutSource":"HUC8 lineage assignment v1 / review needed","sourceName":"North Fork Cedar Creek","name":"North Fork Cedar Creek","source_id":"88855191","length_km":0.13929271,"FType":460,"FCode":46006,"atlas_class":"streamriver","display_name":"North Fork Cedar Creek","stream_role":"natural_stream_detail_context","sourceLayer":"colorado_natural_stream_detail_tiles_v1","sourceLabel":"Colorado natural stream detail tiles v1","sensitivity":"generalized"},"geometry":{"type":"LineString","coordinates":[[-107.01098,39.98502],[-107.00966,39.98452]]}},{"type":"Feature","properties":{"huc8":"14010001","huc8Name":"Colorado Headwaters","historic":"coloradoRiver","current":"introduced","recovery":"recoveryWatch","lineageKey":"coloradoRiver","lineageLabel":"Colorado River green lineage","basin":"Colorado Headwaters","note":"Upper Colorado green-lineage context","state":"CO","confidence":"HUC8 drainage context / generalized","geometryStatus":"natural_stream_detail_tile_from_full_interpreted_layer","troutSource":"HUC8 lineage assignment v1 / review needed","sourceName":"Derby Creek","name":"Derby Creek","source_id":"88855571","length_km":2.58358556,"FType":460,"FCode":46006,"atlas_class":"streamriver","display_name":"Derby Creek","stream_role":"natural_stream_detail_context","sourceLayer":"colorado_natural_stream_detail_tiles_v1","sourceLabel":"Colorado natural stream detail tiles v1","sensitivity":"generalized"},"geometry":{"type":"LineString","coordinates":[[-107.02566,39.90809],[-107.01538,39.9075],[-107.01081,39.90577],[-107.0088,39.90378],[-107.00499,39.90192],[-107.00017,39.90025],[-106.99933,39.90048]]}},{"type":"Feature","properties":{"huc8":"14010001","huc8Name":"Colorado Headwaters","historic":"coloradoRiver","current":"introduced","recovery":"recoveryWatch","lineageKey":"coloradoRiver","lineageLabel":"Colorado River green lineage","basin":"Colorado Headwaters","note":"Upper Colorado green-lineage context","state":"CO","confidence":"HUC8 drainage context / generalized","geometryStatus":"natural_stream_detail_tile_from_full_interpreted_layer","troutSource":"HUC8 lineage assignment v1 / review needed","sourceName":"Middle Fork Derby Creek","name":"Middle Fork Derby Creek","source_id":"88855451","length_km":0.041,"FType":460,"FCode":46006,"atlas_class":"streamriver","display_name":"Middle Fork Derby Creek","stream_role":"natural_stream_detail_context","sourceLayer":"colorado_natural_stream_detail_tiles_v1","sourceLabel":"Colorado natural stream detail tiles v1","sensitivity":"generalized"},"geometry":{"type":"LineString","coordinates":[[-107.06953,39.93008],[-107.06914,39.92987]]}},{"type":"Feature","properties":{"huc8":"14010001","huc8Name":"Colorado Headwaters","historic":"coloradoRiver","current":"introduced","recovery":"recoveryWatch","lineageKey":"coloradoRiver","lineageLabel":"Colorado River green lineage","basin":"Colorado Headwaters","note":"Upper Colorado green-lineage context","state":"CO","confidence":"HUC8 drainage context / generalized","geometryStatus":"natural_stream_detail_tile_from_full_interpreted_layer","troutSource":"HUC8 lineage assignment v1 / review needed","sourceName":"North Fork Derby Creek","name":"North Fork Derby Creek","source_id":"162756192","length_km":0.22814469,"FType":460,"FCode":46006,"atlas_class":"streamriver","display_name":"North Fork Derby Creek","stream_role":"natural_stream_detail_context","sourceLayer":"colorado_natural_stream_detail_tiles_v1","sourceLabel":"Colorado natural stream detail tiles v1","sensitivity":"generalized"},"geometry":{"type":"LineString","coordinates":[[-107.10145,39.97853],[-107.09988,39.97709]]}},{"type":"Feature","properties":{"huc8":"14010001","huc8Name":"Colorado Headwaters","historic":"coloradoRiver","current":"introduced","recovery":"recoveryWatch","lineageKey":"coloradoRiver","lineageLabel":"Colorado River green lineage","basin":"Colorado Headwaters","note":"Upper Colorado green-lineage context","state":"CO","confidence":"HUC8 drainage context / generalized","geometryStatus":"natural_stream_detail_tile_from_full_interpreted_layer","troutSource":"HUC8 lineage assignment v1 / review needed","sourceName":"North Fork Derby Creek","name":"North Fork Derby Creek","source_id":"162756213","length_km":0.03920579,"FType":460,"FCode":46006,"atlas_class":"streamriver","display_name":"North Fork Derby Creek","stream_role":"natural_stream_detail_context","sourceLayer":"colorado_natural_stream_detail_tiles_v1","sourceLabel":"Colorado natural stream detail tiles v1","sensitivity":"generalized"},"geometry":{"type":"LineString","coordinates":[[-107.06283,39.93802],[-107.06258,39.93772]]}},{"type":"Feature","properties":{"huc8":"14010001","huc8Name":"Colorado Headwaters","historic":"coloradoRiver","current":"introduced","recovery":"recoveryWatch","lineageKey":"coloradoRiver","lineageLabel":"Colorado River green lineage","basin":"Colorado Headwaters","note":"Upper Colorado green-lineage context","state":"CO","confidence":"HUC8 drainage context / generalized","geometryStatus":"natural_stream_detail_tile_from_full_interpreted_layer","troutSource":"HUC8 lineage assignment v1 / review needed","sourceName":"Derby Creek","name":"Derby Creek","source_id":"162756805","length_km":0.36975516,"FType":460,"FCode":46006,"atlas_class":"streamriver","display_name":"Derby Creek","stream_role":"natural_stream_detail_context","sourceLayer":"colorado_natural_stream_detail_tiles_v1","sourceLabel":"Colorado natural stream detail tiles v1","sensitivity":"generalized"},"geometry":{"type":"LineString","coordinates":[[-107.05662,39.92232],[-107.05391,39.91986]]}},{"type":"Feature","properties":{"huc8":"14010001","huc8Name":"Colorado Headwaters","historic":"coloradoRiver","current":"introduced","recovery":"recoveryWatch","lineageKey":"coloradoRiver","lineageLabel":"Colorado River green lineage","basin":"Colorado Headwaters","note":"Upper Colorado green-lineage context","state":"CO","confidence":"HUC8 drainage context / generalized","geometryStatus":"natural_stream_detail_tile_from_full_interpreted_layer","troutSource":"HUC8 lineage assignment v1 / review needed","sourceName":"South Fork Derby Creek","name":"South Fork Derby Creek","source_id":"88855553","length_km":0.14489684,"FType":460,"FCode":46006,"atlas_class":"streamriver","display_name":"South Fork Derby Creek","stream_role":"natural_stream_detail_context","sourceLayer":"colorado_natural_stream_detail_tiles_v1","sourceLabel":"Colorado natural stream detail tiles v1","sensitivity":"generalized"},"geometry":{"type":"LineString","coordinates":[[-107.09769,39.90061],[-107.09616,39.9002]]}},{"type":"Feature","properties":{"huc8":"14010001","huc8Name":"Colorado Headwaters","historic":"coloradoRiver","current":"introduced","recovery":"recoveryWatch","lineageKey":"coloradoRiver","lineageLabel":"Colorado River green lineage","basin":"Colorado Headwaters","note":"Upper Colorado green-lineage context","state":"CO","confidence":"HUC8 drainage context / generalized","geometryStatus":"natural_stream_detail_tile_from_full_interpreted_layer","troutSource":"HUC8 lineage assignment v1 / review needed","sourceName":"Derby Creek","name":"Derby Creek","source_id":"162756997","length_km":0.03611226,"FType":460,"FCode":46006,"atlas_class":"streamriver","display_name":"Derby Creek","stream_role":"natural_stream_detail_context","sourceLayer":"colorado_natural_stream_detail_tiles_v1","sourceLabel":"Colorado natural stream detail tiles v1","sensitivity":"generalized"},"geometry":{"type":"LineString","coordinates":[[-107.05697,39.92249],[-107.05662,39.92232]]}},{"type":"Feature","properties":{"huc8":"14010001","huc8Name":"Colorado Headwaters","historic":"coloradoRiver","current":"introduced","recovery":"recoveryWatch","lineageKey":"coloradoRiver","lineageLabel":"Colorado River green lineage","basin":"Colorado Headwaters","note":"Upper Colorado green-lineage context","state":"CO","confidence":"HUC8 drainage context / generalized","geometryStatus":"natural_stream_detail_tile_from_full_interpreted_layer","troutSource":"HUC8 lineage assignment v1 / review needed","sourceName":"North Fork Derby Creek","name":"North Fork Derby Creek","source_id":"162756042","length_km":0.29612372,"FType":460,"FCode":46006,"atlas_class":"streamriver","display_name":"North Fork Derby Creek","stream_role":"natural_stream_detail_context","sourceLayer":"colorado_natural_stream_detail_tiles_v1","sourceLabel":"Colorado natural stream detail tiles v1","sensitivity":"generalized"},"geometry":{"type":"LineString","coordinates":[[-107.09499,39.97482],[-107.09399,39.97427],[-107.09348,39.97343],[-107.09376,39.97295]]}},{"type":"Feature","properties":{"huc8":"14010001","huc8Name":"Colorado Headwaters","historic":"coloradoRiver","current":"introduced","recovery":"recoveryWatch","lineageKey":"coloradoRiver","lineageLabel":"Colorado River green lineage","basin":"Colorado Headwaters","note":"Upper Colorado green-lineage context","state":"CO","confidence":"HUC8 drainage context / generalized","geometryStatus":"natural_stream_detail_tile_from_full_interpreted_layer","troutSource":"HUC8 lineage assignment v1 / review needed","sourceName":"Middle Fork Derby Creek","name":"Middle Fork Derby Creek","source_id":"88855425","length_km":0.216,"FType":460,"FCode":46006,"atlas_class":"streamriver","display_name":"Middle Fork Derby Creek","stream_role":"natural_stream_detail_context","sourceLayer":"colorado_natural_stream_detail_tiles_v1","sourceLabel":"Colorado natural stream detail tiles v1","sensitivity":"generalized"},"geometry":{"type":"LineString","coordinates":[[-107.09949,39.93807],[-107.0971,39.93798]]}},{"type":"Feature","properties":{"huc8":"14010001","huc8Name":"Colorado Headwaters","historic":"coloradoRiver","current":"introduced","recovery":"recoveryWatch","lineageKey":"coloradoRiver","lineageLabel":"Colorado River green lineage","basin":"Colorado Headwaters","note":"Upper Colorado green-lineage context","state":"CO","confidence":"HUC8 drainage context / generalized","geometryStatus":"natural_stream_detail_tile_from_full_interpreted_layer","troutSource":"HUC8 lineage assignment v1 / review needed","sourceName":"South Fork Derby Creek","name":"South Fork Derby Creek","source_id":"88855537","length_km":1.37975005,"FType":460,"FCode":46006,"atlas_class":"streamriver","display_name":"South Fork Derby Creek","stream_role":"natural_stream_detail_context","sourceLayer":"colorado_natural_stream_detail_tiles_v1","sourceLabel":"Colorado natural stream detail tiles v1","sensitivity":"generalized"},"geometry":{"type":"LineString","coordinates":[[-107.13487,39.90327],[-107.12939,39.90124],[-107.1275,39.90143],[-107.12017,39.90024]]}},{"type":"Feature","properties":{"huc8":"14010001","huc8Name":"Colorado Headwaters","historic":"coloradoRiver","current":"introduced","recovery":"recoveryWatch","lineageKey":"coloradoRiver","lineageLabel":"Colorado River green lineage","basin":"Colorado Headwaters","note":"Upper Colorado green-lineage context","state":"CO","confidence":"HUC8 drainage context / generalized","geometryStatus":"natural_stream_detail_tile_from_full_interpreted_layer","troutSource":"HUC8 lineage assignment v1 / review needed","sourceName":"North Fork Derby Creek","name":"North Fork Derby Creek","source_id":"88855381","length_km":0.87831194,"FType":460,"FCode":46006,"atlas_class":"streamriver","display_name":"North Fork Derby Creek","stream_role":"natural_stream_detail_context","sourceLayer":"colorado_natural_stream_detail_tiles_v1","sourceLabel":"Colorado natural stream detail tiles v1","sensitivity":"generalized"},"geometry":{"type":"LineString","coordinates":[[-107.07055,39.94937],[-107.06857,39.94459],[-107.06623,39.94247]]}},{"type":"Feature","properties":{"huc8":"14010001","huc8Name":"Colorado Headwaters","historic":"coloradoRiver","current":"introduced","recovery":"recoveryWatch","lineageKey":"coloradoRiver","lineageLabel":"Colorado River green lineage","basin":"Colorado Headwaters","note":"Upper Colorado green-lineage context","state":"CO","confidence":"HUC8 drainage context / generalized","geometryStatus":"natural_stream_detail_tile_from_full_interpreted_layer","troutSource":"HUC8 lineage assignment v1 / review needed","sourceName":"Middle Fork Derby Creek","name":"Middle Fork Derby Creek","source_id":"88855419","length_km":0.006,"FType":460,"FCode":46006,"atlas_class":"streamriver","display_name":"Middle Fork Derby Creek","stream_role":"natural_stream_detail_context","sourceLayer":"colorado_natural_stream_detail_tiles_v1","sourceLabel":"Colorado natural stream detail tiles v1","sensitivity":"generalized"},"geometry":{"type":"LineString","coordinates":[[-107.09956,39.93806],[-107.09949,39.93807]]}},{"type":"Feature","properties":{"huc8":"14010001","huc8Name":"Colorado Headwaters","historic":"coloradoRiver","current":"introduced","recovery":"recoveryWatch","lineageKey":"coloradoRiver","lineageLabel":"Colorado River green lineage","basin":"Colorado Headwaters","note":"Upper Colorado green-lineage context","state":"CO","confidence":"HUC8 drainage context / generalized","geometryStatus":"natural_stream_detail_tile_from_full_interpreted_layer","troutSource":"HUC8 lineage assignment v1 / review needed","sourceName":"Cabin Creek","name":"Cabin Creek","source_id":"162755985","length_km":0.36418982,"FType":460,"FCode":46006,"atlas_class":"streamriver","display_name":"Cabin Creek","stream_role":"natural_stream_detail_context","sourceLayer":"colorado_natural_stream_detail_tiles_v1","sourceLabel":"Colorado natural stream detail tiles v1","sensitivity":"generalized"},"geometry":{"type":"LineString","coordinates":[[-107.06029,39.96405],[-107.05653,39.96272]]}},{"type":"Feature","properties":{"huc8":"14010001","huc8Name":"Colorado Headwaters","historic":"coloradoRiver","current":"introduced","recovery":"recoveryWatch","lineageKey":"coloradoRiver","lineageLabel":"Colorado River green lineage","basin":"Colorado Headwaters","note":"Upper Colorado green-lineage context","state":"CO","confidence":"HUC8 drainage context / generalized","geometryStatus":"natural_stream_detail_tile_from_full_interpreted_layer","troutSource":"HUC8 lineage assignment v1 / review needed","sourceName":"Canard Creek","name":"Canard Creek","source_id":"162756764","length_km":0.53408366,"FType":460,"FCode":46006,"atlas_class":"streamriver","display_name":"Canard Creek","stream_role":"natural_stream_detail_context","sourceLayer":"colorado_natural_stream_detail_tiles_v1","sourceLabel":"Colorado natural stream detail tiles v1","sensitivity":"generalized"},"geometry":{"type":"LineString","coordinates":[[-107.03088,39.90721],[-107.02671,39.90693],[-107.02566,39.90809]]}},{"type":"Feature","properties":{"huc8":"14010001","huc8Name":"Colorado Headwaters","historic":"coloradoRiver","current":"introduced","recovery":"recoveryWatch","lineageKey":"coloradoRiver","lineageLabel":"Colorado River green lineage","basin":"Colorado Headwaters","note":"Upper Colorado green-lineage context","state":"CO","confidence":"HUC8 drainage context / generalized","geometryStatus":"natural_stream_detail_tile_from_full_interpreted_layer","troutSource":"HUC8 lineage assignment v1 / review needed","sourceName":"Derby Creek","name":"Derby Creek","source_id":"88855465","length_km":0.04426758,"FType":460,"FCode":46006,"atlas_class":"streamriver","display_name":"Derby Creek","stream_role":"natural_stream_detail_context","sourceLayer":"colorado_natural_stream_detail_tiles_v1","sourceLabel":"Colorado natural stream detail tiles v1","sensitivity":"generalized"},"geometry":{"type":"LineString","coordinates":[[-107.06223,39.92905],[-107.06187,39.92877]]}},{"type":"Feature","properties":{"huc8":"14010001","huc8Name":"Colorado Headwaters","historic":"coloradoRiver","current":"introduced","recovery":"recoveryWatch","lineageKey":"coloradoRiver","lineageLabel":"Colorado River green lineage","basin":"Colorado Headwaters","note":"Upper Colorado green-lineage context","state":"CO","confidence":"HUC8 drainage context / generalized","geometryStatus":"natural_stream_detail_tile_from_full_interpreted_layer","troutSource":"HUC8 lineage assignment v1 / review needed","sourceName":"Derby Creek","name":"Derby Creek","source_id":"162757010","length_km":0.0508275,"FType":460,"FCode":46006,"atlas_class":"streamriver","display_name":"Derby Creek","stream_role":"natural_stream_detail_context","sourceLayer":"colorado_natural_stream_detail_tiles_v1","sourceLabel":"Colorado natural stream detail tiles v1","sensitivity":"generalized"},"geometry":{"type":"LineString","coordinates":[[-107.04776,39.91735],[-107.04717,39.91743]]}},{"type":"Feature","properties":{"huc8":"14010001","huc8Name":"Colorado Headwaters","historic":"coloradoRiver","current":"introduced","recovery":"recoveryWatch","lineageKey":"coloradoRiver","lineageLabel":"Colorado River green lineage","basin":"Colorado Headwaters","note":"Upper Colorado green-lineage context","state":"CO","confidence":"HUC8 drainage context / generalized","geometryStatus":"natural_stream_detail_tile_from_full_interpreted_layer","troutSource":"HUC8 lineage assignment v1 / review needed","sourceName":"South Fork Derby Creek","name":"South Fork Derby Creek","source_id":"88855511","length_km":0.35950563,"FType":460,"FCode":46006,"atlas_class":"streamriver","display_name":"South Fork Derby Creek","stream_role":"natural_stream_detail_context","sourceLayer":"colorado_natural_stream_detail_tiles_v1","sourceLabel":"Colorado natural stream detail tiles v1","sensitivity":"generalized"},"geometry":{"type":"LineString","coordinates":[[-107.0418,39.90955],[-107.03857,39.91158]]}},{"type":"Feature","properties":{"huc8":"14010001","huc8Name":"Colorado Headwaters","historic":"coloradoRiver","current":"introduced","recovery":"recoveryWatch","lineageKey":"coloradoRiver","lineageLabel":"Colorado River green lineage","basin":"Colorado Headwaters","note":"Upper Colorado green-lineage context","state":"CO","confidence":"HUC8 drainage context / generalized","geometryStatus":"natural_stream_detail_tile_from_full_interpreted_layer","troutSource":"HUC8 lineage assignment v1 / review needed","sourceName":"Cedar Creek","name":"Cedar Creek","source_id":"162756105","length_km":0.39243429,"FType":460,"FCode":46006,"atlas_class":"streamriver","display_name":"Cedar Creek","stream_role":"natural_stream_detail_context","sourceLayer":"colorado_natural_stream_detail_tiles_v1","sourceLabel":"Colorado natural stream detail tiles v1","sensitivity":"generalized"},"geometry":{"type":"LineString","coordinates":[[-107.00671,39.9513],[-107.00244,39.95033]]}},{"type":"Feature","properties":{"huc8":"14010001","huc8Name":"Colorado Headwaters","historic":"coloradoRiver","current":"introduced","recovery":"recoveryWatch","lineageKey":"coloradoRiver","lineageLabel":"Colorado River green lineage","basin":"Colorado Headwaters","note":"Upper Colorado green-lineage context","state":"CO","confidence":"HUC8 drainage context / generalized","geometryStatus":"natural_stream_detail_tile_from_full_interpreted_layer","troutSource":"HUC8 lineage assignment v1 / review needed","sourceName":"North Fork Derby Creek","name":"North Fork Derby Creek","source_id":"88855241","length_km":0.0894628,"FType":460,"FCode":46006,"atlas_class":"streamriver","display_name":"North Fork Derby Creek","stream_role":"natural_stream_detail_context","sourceLayer":"colorado_natural_stream_detail_tiles_v1","sourceLabel":"Colorado natural stream detail tiles v1","sensitivity":"generalized"},"geometry":{"type":"LineString","coordinates":[[-107.0992,39.97704],[-107.09831,39.97669]]}},{"type":"Feature","properties":{"huc8":"14010001","huc8Name":"Colorado Headwaters","historic":"coloradoRiver","current":"introduced","recovery":"recoveryWatch","lineageKey":"coloradoRiver","lineageLabel":"Colorado River green lineage","basin":"Colorado Headwaters","note":"Upper Colorado green-lineage context","state":"CO","confidence":"HUC8 drainage context / generalized","geometryStatus":"natural_stream_detail_tile_from_full_interpreted_layer","troutSource":"HUC8 lineage assignment v1 / review needed","sourceName":"South Fork Derby Creek","name":"South Fork Derby Creek","source_id":"162756745","length_km":1.10877892,"FType":460,"FCode":46006,"atlas_class":"streamriver","display_name":"South Fork Derby Creek","stream_role":"natural_stream_detail_context","sourceLayer":"colorado_natural_stream_detail_tiles_v1","sourceLabel":"Colorado natural stream detail tiles v1","sensitivity":"generalized"},"geometry":{"type":"LineString","coordinates":[[-107.07412,39.90019],[-107.06667,39.89853],[-107.06173,39.89926]]}},{"type":"Feature","properties":{"huc8":"14010001","huc8Name":"Colorado Headwaters","historic":"coloradoRiver","current":"introduced","recovery":"recoveryWatch","lineageKey":"coloradoRiver","lineageLabel":"Colorado River green lineage","basin":"Colorado Headwaters","note":"Upper Colorado green-lineage context","state":"CO","confidence":"HUC8 drainage context / generalized","geometryStatus":"natural_stream_detail_tile_from_full_interpreted_layer","troutSource":"HUC8 lineage assignment v1 / review needed","sourceName":"Canard Creek","name":"Canard Creek","source_id":"162756910","length_km":0.17425216,"FType":460,"FCode":46006,"atlas_class":"streamriver","display_name":"Canard Creek","stream_role":"natural_stream_detail_context","sourceLayer":"colorado_natural_stream_detail_tiles_v1","sourceLabel":"Colorado natural stream detail tiles v1","sensitivity":"generalized"},"geometry":{"type":"LineString","coordinates":[[-107.03326,39.90669],[-107.03135,39.9072]]}},{"type":"Feature","properties":{"huc8":"14010001","huc8Name":"Colorado Headwaters","historic":"coloradoRiver","current":"introduced","recovery":"recoveryWatch","lineageKey":"coloradoRiver","lineageLabel":"Colorado River green lineage","basin":"Colorado Headwaters","note":"Upper Colorado green-lineage context","state":"CO","confidence":"HUC8 drainage context / generalized","geometryStatus":"natural_stream_detail_tile_from_full_interpreted_layer","troutSource":"HUC8 lineage assignment v1 / review needed","sourceName":"Derby Creek","name":"Derby Creek","source_id":"162756806","length_km":0.20195708,"FType":460,"FCode":46006,"atlas_class":"streamriver","display_name":"Derby Creek","stream_role":"natural_stream_detail_context","sourceLayer":"colorado_natural_stream_detail_tiles_v1","sourceLabel":"Colorado natural stream detail tiles v1","sensitivity":"generalized"},"geometry":{"type":"LineString","coordinates":[[-107.05391,39.91986],[-107.05217,39.91878]]}},{"type":"Feature","properties":{"huc8":"14010001","huc8Name":"Colorado Headwaters","historic":"coloradoRiver","current":"introduced","recovery":"recoveryWatch","lineageKey":"coloradoRiver","lineageLabel":"Colorado River green lineage","basin":"Colorado Headwaters","note":"Upper Colorado green-lineage context","state":"CO","confidence":"HUC8 drainage context / generalized","geometryStatus":"natural_stream_detail_tile_from_full_interpreted_layer","troutSource":"HUC8 lineage assignment v1 / review needed","sourceName":"Sunnyside Creek","name":"Sunnyside Creek","source_id":"162756010","length_km":0.76452783,"FType":460,"FCode":46006,"atlas_class":"streamriver","display_name":"Sunnyside Creek","stream_role":"natural_stream_detail_context","sourceLayer":"colorado_natural_stream_detail_tiles_v1","sourceLabel":"Colorado natural stream detail tiles v1","sensitivity":"generalized"},"geometry":{"type":"LineString","coordinates":[[-107.02364,39.99332],[-107.01922,39.99238],[-107.01491,39.99259]]}},{"type":"Feature","properties":{"huc8":"14010001","huc8Name":"Colorado Headwaters","historic":"coloradoRiver","current":"introduced","recovery":"recoveryWatch","lineageKey":"coloradoRiver","lineageLabel":"Colorado River green lineage","basin":"Colorado Headwaters","note":"Upper Colorado green-lineage context","state":"CO","confidence":"HUC8 drainage context / generalized","geometryStatus":"natural_stream_detail_tile_from_full_interpreted_layer","troutSource":"HUC8 lineage assignment v1 / review needed","sourceName":"South Fork Derby Creek","name":"South Fork Derby Creek","source_id":"88855559","length_km":0.07402654,"FType":460,"FCode":46006,"atlas_class":"streamriver","display_name":"South Fork Derby Creek","stream_role":"natural_stream_detail_context","sourceLayer":"colorado_natural_stream_detail_tiles_v1","sourceLabel":"Colorado natural stream detail tiles v1","sensitivity":"generalized"},"geometry":{"type":"LineString","coordinates":[[-107.11739,39.89981],[-107.11656,39.89962]]}},{"type":"Feature","properties":{"huc8":"14010001","huc8Name":"Colorado Headwaters","historic":"coloradoRiver","current":"introduced","recovery":"recoveryWatch","lineageKey":"coloradoRiver","lineageLabel":"Colorado River green lineage","basin":"Colorado Headwaters","note":"Upper Colorado green-lineage context","state":"CO","confidence":"HUC8 drainage context / generalized","geometryStatus":"natural_stream_detail_tile_from_full_interpreted_layer","troutSource":"HUC8 lineage assignment v1 / review needed","sourceName":"Canard Creek","name":"Canard Creek","source_id":"162757038","length_km":0.25022724,"FType":460,"FCode":46006,"atlas_class":"streamriver","display_name":"Canard Creek","stream_role":"natural_stream_detail_context","sourceLayer":"colorado_natural_stream_detail_tiles_v1","sourceLabel":"Colorado natural stream detail tiles v1","sensitivity":"generalized"},"geometry":{"type":"LineString","coordinates":[[-107.03812,39.90536],[-107.03554,39.9064]]}},{"type":"Feature","properties":{"huc8":"14010001","huc8Name":"Colorado Headwaters","historic":"coloradoRiver","current":"introduced","recovery":"recoveryWatch","lineageKey":"coloradoRiver","lineageLabel":"Colorado River green lineage","basin":"Colorado Headwaters","note":"Upper Colorado green-lineage context","state":"CO","confidence":"HUC8 drainage context / generalized","geometryStatus":"natural_stream_detail_tile_from_full_interpreted_layer","troutSource":"HUC8 lineage assignment v1 / review needed","sourceName":"Cabin Creek","name":"Cabin Creek","source_id":"162755449","length_km":0.52372093,"FType":460,"FCode":46007,"atlas_class":"streamriver","display_name":"Cabin Creek","stream_role":"natural_stream_detail_context","sourceLayer":"colorado_natural_stream_detail_tiles_v1","sourceLabel":"Colorado natural stream detail tiles v1","sensitivity":"generalized"},"geometry":{"type":"LineString","coordinates":[[-107.05985,39.97885],[-107.06093,39.97428]]}},{"type":"Feature","properties":{"huc8":"14010001","huc8Name":"Colorado Headwaters","historic":"coloradoRiver","current":"introduced","recovery":"recoveryWatch","lineageKey":"coloradoRiver","lineageLabel":"Colorado River green lineage","basin":"Colorado Headwaters","note":"Upper Colorado green-lineage context","state":"CO","confidence":"HUC8 drainage context / generalized","geometryStatus":"natural_stream_detail_tile_from_full_interpreted_layer","troutSource":"HUC8 lineage assignment v1 / review needed","sourceName":"Middle Fork Derby Creek","name":"Middle Fork Derby Creek","source_id":"88891793","length_km":0.79697221,"FType":460,"FCode":46006,"atlas_class":"streamriver","display_name":"Middle Fork Derby Creek","stream_role":"natural_stream_detail_context","sourceLayer":"colorado_natural_stream_detail_tiles_v1","sourceLabel":"Colorado natural stream detail tiles v1","sensitivity":"generalized"},"geometry":{"type":"LineString","coordinates":[[-107.15461,39.95324],[-107.15386,39.95212],[-107.15196,39.95153],[-107.15095,39.95044],[-107.14731,39.9499]]}},{"type":"Feature","properties":{"huc8":"14010001","huc8Name":"Colorado Headwaters","historic":"coloradoRiver","current":"introduced","recovery":"recoveryWatch","lineageKey":"coloradoRiver","lineageLabel":"Colorado River green lineage","basin":"Colorado Headwaters","note":"Upper Colorado green-lineage context","state":"CO","confidence":"HUC8 drainage context / generalized","geometryStatus":"natural_stream_detail_tile_from_full_interpreted_layer","troutSource":"HUC8 lineage assignment v1 / review needed","sourceName":"South Fork Derby Creek","name":"South Fork Derby Creek","source_id":"88891843","length_km":0.25340277,"FType":460,"FCode":46006,"atlas_class":"streamriver","display_name":"South Fork Derby Creek","stream_role":"natural_stream_detail_context","sourceLayer":"colorado_natural_stream_detail_tiles_v1","sourceLabel":"Colorado natural stream detail tiles v1","sensitivity":"generalized"},"geometry":{"type":"LineString","coordinates":[[-107.16393,39.91503],[-107.16273,39.91299]]}},{"type":"Feature","properties":{"huc8":"14010001","huc8Name":"Colorado Headwaters","historic":"coloradoRiver","current":"introduced","recovery":"recoveryWatch","lineageKey":"coloradoRiver","lineageLabel":"Colorado River green lineage","basin":"Colorado Headwaters","note":"Upper Colorado green-lineage context","state":"CO","confidence":"HUC8 drainage context / generalized","geometryStatus":"natural_stream_detail_tile_from_full_interpreted_layer","troutSource":"HUC8 lineage assignment v1 / review needed","sourceName":"South Fork Derby Creek","name":"South Fork Derby Creek","source_id":"88891841","length_km":0.44483066,"FType":460,"FCode":46003,"atlas_class":"streamriver","display_name":"South Fork Derby Creek","stream_role":"natural_stream_detail_context","sourceLayer":"colorado_natural_stream_detail_tiles_v1","sourceLabel":"Colorado natural stream detail tiles v1","sensitivity":"generalized"},"geometry":{"type":"LineString","coordinates":[[-107.16932,39.91745],[-107.1669,39.917],[-107.16507,39.91565]]}},{"type":"Feature","properties":{"huc8":"14010001","huc8Name":"Colorado Headwaters","historic":"coloradoRiver","current":"introduced","recovery":"recoveryWatch","lineageKey":"coloradoRiver","lineageLabel":"Colorado River green lineage","basin":"Colorado Headwaters","note":"Upper Colorado green-lineage context","state":"CO","confidence":"HUC8 drainage context / generalized","geometryStatus":"natural_stream_detail_tile_from_full_interpreted_layer","troutSource":"HUC8 lineage assignment v1 / review needed","sourceName":"South Fork Derby Creek","name":"South Fork Derby Creek","source_id":"88891851","length_km":0.11458394,"FType":460,"FCode":46006,"atlas_class":"streamriver","display_name":"South Fork Derby Creek","stream_role":"natural_stream_detail_context","sourceLayer":"colorado_natural_stream_detail_tiles_v1","sourceLabel":"Colorado natural stream detail tiles v1","sensitivity":"generalized"},"geometry":{"type":"LineString","coordinates":[[-107.16001,39.91038],[-107.15881,39.90993]]}},{"type":"Feature","properties":{"huc8":"14010001","huc8Name":"Colorado Headwaters","historic":"coloradoRiver","current":"introduced","recovery":"recoveryWatch","lineageKey":"coloradoRiver","lineageLabel":"Colorado River green lineage","basin":"Colorado Headwaters","note":"Upper Colorado green-lineage context","state":"CO","confidence":"HUC8 drainage context / generalized","geometryStatus":"natural_stream_detail_tile_from_full_interpreted_layer","troutSource":"HUC8 lineage assignment v1 / review needed","sourceName":"Turret Creek","name":"Turret Creek","source_id":"162756875","length_km":0.31915684,"FType":460,"FCode":46003,"atlas_class":"streamriver","display_name":"Turret Creek","stream_role":"natural_stream_detail_context","sourceLayer":"colorado_natural_stream_detail_tiles_v1","sourceLabel":"Colorado natural stream detail tiles v1","sensitivity":"generalized"},"geometry":{"type":"LineString","coordinates":[[-107.19118,39.90151],[-107.19261,39.89896]]}},{"type":"Feature","properties":{"huc8":"14010001","huc8Name":"Colorado Headwaters","historic":"coloradoRiver","current":"introduced","recovery":"recoveryWatch","lineageKey":"coloradoRiver","lineageLabel":"Colorado River green lineage","basin":"Colorado Headwaters","note":"Upper Colorado green-lineage context","state":"CO","confidence":"HUC8 drainage context / generalized","geometryStatus":"natural_stream_detail_tile_from_full_interpreted_layer","troutSource":"HUC8 lineage assignment v1 / review needed","sourceName":"South Fork Derby Creek","name":"South Fork Derby Creek","source_id":"88891855","length_km":0.58627393,"FType":460,"FCode":46006,"atlas_class":"streamriver","display_name":"South Fork Derby Creek","stream_role":"natural_stream_detail_context","sourceLayer":"colorado_natural_stream_detail_tiles_v1","sourceLabel":"Colorado natural stream detail tiles v1","sensitivity":"generalized"},"geometry":{"type":"LineString","coordinates":[[-107.15406,39.90766],[-107.15255,39.90617],[-107.14852,39.90518]]}},{"type":"Feature","properties":{"huc8":"14010001","huc8Name":"Colorado Headwaters","historic":"coloradoRiver","current":"introduced","recovery":"recoveryWatch","lineageKey":"coloradoRiver","lineageLabel":"Colorado River green lineage","basin":"Colorado Headwaters","note":"Upper Colorado green-lineage context","state":"CO","confidence":"HUC8 drainage context / generalized","geometryStatus":"natural_stream_detail_tile_from_full_interpreted_layer","troutSource":"HUC8 lineage assignment v1 / review needed","sourceName":"Turret Creek","name":"Turret Creek","source_id":"88891915","length_km":0.10243501,"FType":460,"FCode":46006,"atlas_class":"streamriver","display_name":"Turret Creek","stream_role":"natural_stream_detail_context","sourceLayer":"colorado_natural_stream_detail_tiles_v1","sourceLabel":"Colorado natural stream detail tiles v1","sensitivity":"generalized"},"geometry":{"type":"LineString","coordinates":[[-107.18279,39.88368],[-107.18215,39.88297]]}},{"type":"Feature","properties":{"huc8":"14010001","huc8Name":"Colorado Headwaters","historic":"coloradoRiver","current":"introduced","recovery":"recoveryWatch","lineageKey":"coloradoRiver","lineageLabel":"Colorado River green lineage","basin":"Colorado Headwaters","note":"Upper Colorado green-lineage context","state":"CO","confidence":"HUC8 drainage context / generalized","geometryStatus":"natural_stream_detail_tile_from_full_interpreted_layer","troutSource":"HUC8 lineage assignment v1 / review needed","sourceName":"Turret Creek","name":"Turret Creek","source_id":"162756676","length_km":0.21303032,"FType":460,"FCode":46006,"atlas_class":"streamriver","display_name":"Turret Creek","stream_role":"natural_stream_detail_context","sourceLayer":"colorado_natural_stream_detail_tiles_v1","sourceLabel":"Colorado natural stream detail tiles v1","sensitivity":"generalized"},"geometry":{"type":"LineString","coordinates":[[-107.18421,39.88495],[-107.18279,39.88368]]}},{"type":"Feature","properties":{"huc8":"14010001","huc8Name":"Colorado Headwaters","historic":"coloradoRiver","current":"introduced","recovery":"recoveryWatch","lineageKey":"coloradoRiver","lineageLabel":"Colorado River green lineage","basin":"Colorado Headwaters","note":"Upper Colorado green-lineage context","state":"CO","confidence":"HUC8 drainage context / generalized","geometryStatus":"natural_stream_detail_tile_from_full_interpreted_layer","troutSource":"HUC8 lineage assignment v1 / review needed","sourceName":"Turret Creek","name":"Turret Creek","source_id":"162756737","length_km":0.08699569,"FType":460,"FCode":46006,"atlas_class":"streamriver","display_name":"Turret Creek","stream_role":"natural_stream_detail_context","sourceLayer":"colorado_natural_stream_detail_tiles_v1","sourceLabel":"Colorado natural stream detail tiles v1","sensitivity":"generalized"},"geometry":{"type":"LineString","coordinates":[[-107.18749,39.89316],[-107.18712,39.89252]]}},{"type":"Feature","properties":{"huc8":"14010001","huc8Name":"Colorado Headwaters","historic":"coloradoRiver","current":"introduced","recovery":"recoveryWatch","lineageKey":"coloradoRiver","lineageLabel":"Colorado River green lineage","basin":"Colorado Headwaters","note":"Upper Colorado green-lineage context","state":"CO","confidence":"HUC8 drainage context / generalized","geometryStatus":"natural_stream_detail_tile_from_full_interpreted_layer","troutSource":"HUC8 lineage assignment v1 / review needed","sourceName":"Turret Creek","name":"Turret Creek","source_id":"162756761","length_km":0.024,"FType":460,"FCode":46006,"atlas_class":"streamriver","display_name":"Turret Creek","stream_role":"natural_stream_detail_context","sourceLayer":"colorado_natural_stream_detail_tiles_v1","sourceLabel":"Colorado natural stream detail tiles v1","sensitivity":"generalized"},"geometry":{"type":"LineString","coordinates":[[-107.18215,39.88297],[-107.18198,39.88279]]}},{"type":"Feature","properties":{"huc8":"14010001","huc8Name":"Colorado Headwaters","historic":"coloradoRiver","current":"introduced","recovery":"recoveryWatch","lineageKey":"coloradoRiver","lineageLabel":"Colorado River green lineage","basin":"Colorado Headwaters","note":"Upper Colorado green-lineage context","state":"CO","confidence":"HUC8 drainage context / generalized","geometryStatus":"natural_stream_detail_tile_from_full_interpreted_layer","troutSource":"HUC8 lineage assignment v1 / review needed","sourceName":"Turret Creek","name":"Turret Creek","source_id":"162756675","length_km":0.06595112,"FType":460,"FCode":46006,"atlas_class":"streamriver","display_name":"Turret Creek","stream_role":"natural_stream_detail_context","sourceLayer":"colorado_natural_stream_detail_tiles_v1","sourceLabel":"Colorado natural stream detail tiles v1","sensitivity":"generalized"},"geometry":{"type":"LineString","coordinates":[[-107.18492,39.88478],[-107.18421,39.88495]]}},{"type":"Feature","properties":{"huc8":"14010001","huc8Name":"Colorado Headwaters","historic":"coloradoRiver","current":"introduced","recovery":"recoveryWatch","lineageKey":"coloradoRiver","lineageLabel":"Colorado River green lineage","basin":"Colorado Headwaters","note":"Upper Colorado green-lineage context","state":"CO","confidence":"HUC8 drainage context / generalized","geometryStatus":"natural_stream_detail_tile_from_full_interpreted_layer","troutSource":"HUC8 lineage assignment v1 / review needed","sourceName":"Turret Creek","name":"Turret Creek","source_id":"162756738","length_km":1.05379106,"FType":460,"FCode":46006,"atlas_class":"streamriver","display_name":"Turret Creek","stream_role":"natural_stream_detail_context","sourceLayer":"colorado_natural_stream_detail_tiles_v1","sourceLabel":"Colorado natural stream detail tiles v1","sensitivity":"generalized"},"geometry":{"type":"LineString","coordinates":[[-107.18712,39.89252],[-107.1868,39.89075],[-107.18806,39.88804],[-107.1866,39.88705],[-107.18492,39.88478]]}},{"type":"Feature","properties":{"huc8":"14010001","huc8Name":"Colorado Headwaters","historic":"coloradoRiver","current":"introduced","recovery":"recoveryWatch","lineageKey":"coloradoRiver","lineageLabel":"Colorado River green lineage","basin":"Colorado Headwaters","note":"Upper Colorado green-lineage context","state":"CO","confidence":"HUC8 drainage context / generalized","geometryStatus":"natural_stream_detail_tile_from_full_interpreted_layer","troutSource":"HUC8 lineage assignment v1 / review needed","sourceName":"Turret Creek","name":"Turret Creek","source_id":"162756876","length_km":0.80557795,"FType":460,"FCode":46003,"atlas_class":"streamriver","display_name":"Turret Creek","stream_role":"natural_stream_detail_context","sourceLayer":"colorado_natural_stream_detail_tiles_v1","sourceLabel":"Colorado natural stream detail tiles v1","sensitivity":"generalized"},"geometry":{"type":"LineString","coordinates":[[-107.19261,39.89896],[-107.19324,39.89819],[-107.19298,39.89705],[-107.19161,39.89638],[-107.18918,39.89746],[-107.18888,39.896]]}},{"type":"Feature","properties":{"huc8":"14010001","huc8Name":"Colorado Headwaters","historic":"coloradoRiver","current":"introduced","recovery":"recoveryWatch","lineageKey":"coloradoRiver","lineageLabel":"Colorado River green lineage","basin":"Colorado Headwaters","note":"Upper Colorado green-lineage context","state":"CO","confidence":"HUC8 drainage context / generalized","geometryStatus":"natural_stream_detail_tile_from_full_interpreted_layer","troutSource":"HUC8 lineage assignment v1 / review needed","sourceName":"Turret Creek","name":"Turret Creek","source_id":"{6B7E1FB4-90DC-41F8-AB9F-6FB877B8CC9D}","length_km":0.40885882,"FType":460,"FCode":46003,"atlas_class":"streamriver","display_name":"Turret Creek","stream_role":"natural_stream_detail_context","sourceLayer":"colorado_natural_stream_detail_tiles_v1","sourceLabel":"Colorado natural stream detail tiles v1","sensitivity":"generalized"},"geometry":{"type":"LineString","coordinates":[[-107.18888,39.896],[-107.18923,39.89498],[-107.18749,39.89316]]}},{"type":"Feature","properties":{"huc8":"14010001","huc8Name":"Colorado Headwaters","historic":"coloradoRiver","current":"introduced","recovery":"recoveryWatch","lineageKey":"coloradoRiver","lineageLabel":"Colorado River green lineage","basin":"Colorado Headwaters","note":"Upper Colorado green-lineage context","state":"CO","confidence":"HUC8 drainage context / generalized","geometryStatus":"natural_stream_detail_tile_from_full_interpreted_layer","troutSource":"HUC8 lineage assignment v1 / review needed","sourceName":"South Fork Derby Creek","name":"South Fork Derby Creek","source_id":"162756775","length_km":0.17781172,"FType":460,"FCode":46006,"atlas_class":"streamriver","display_name":"South Fork Derby Creek","stream_role":"natural_stream_detail_context","sourceLayer":"colorado_natural_stream_detail_tiles_v1","sourceLabel":"Colorado natural stream detail tiles v1","sensitivity":"generalized"},"geometry":{"type":"LineString","coordinates":[[-107.09402,39.90012],[-107.092,39.90016]]}},{"type":"Feature","properties":{"huc8":"14010001","huc8Name":"Colorado Headwaters","historic":"coloradoRiver","current":"introduced","recovery":"recoveryWatch","lineageKey":"coloradoRiver","lineageLabel":"Colorado River green lineage","basin":"Colorado Headwaters","note":"Upper Colorado green-lineage context","state":"CO","confidence":"HUC8 drainage context / generalized","geometryStatus":"natural_stream_detail_tile_from_full_interpreted_layer","troutSource":"HUC8 lineage assignment v1 / review needed","sourceName":"North Fork Derby Creek","name":"North Fork Derby Creek","source_id":"88855429","length_km":0.18396587,"FType":460,"FCode":46006,"atlas_class":"streamriver","display_name":"North Fork Derby Creek","stream_role":"natural_stream_detail_context","sourceLayer":"colorado_natural_stream_detail_tiles_v1","sourceLabel":"Colorado natural stream detail tiles v1","sensitivity":"generalized"},"geometry":{"type":"LineString","coordinates":[[-107.06376,39.93949],[-107.06283,39.93802]]}},{"type":"Feature","properties":{"huc8":"14010001","huc8Name":"Colorado Headwaters","historic":"coloradoRiver","current":"introduced","recovery":"recoveryWatch","lineageKey":"coloradoRiver","lineageLabel":"Colorado River green lineage","basin":"Colorado Headwaters","note":"Upper Colorado green-lineage context","state":"CO","confidence":"HUC8 drainage context / generalized","geometryStatus":"natural_stream_detail_tile_from_full_interpreted_layer","troutSource":"HUC8 lineage assignment v1 / review needed","sourceName":"North Fork Derby Creek","name":"North Fork Derby Creek","source_id":"88855281","length_km":0.06933679,"FType":460,"FCode":46006,"atlas_class":"streamriver","display_name":"North Fork Derby Creek","stream_role":"natural_stream_detail_context","sourceLayer":"colorado_natural_stream_detail_tiles_v1","sourceLabel":"Colorado natural stream detail tiles v1","sensitivity":"generalized"},"geometry":{"type":"LineString","coordinates":[[-107.08315,39.96764],[-107.08257,39.96721]]}},{"type":"Feature","properties":{"huc8":"14010001","huc8Name":"Colorado Headwaters","historic":"coloradoRiver","current":"introduced","recovery":"recoveryWatch","lineageKey":"coloradoRiver","lineageLabel":"Colorado River green lineage","basin":"Colorado Headwaters","note":"Upper Colorado green-lineage context","state":"CO","confidence":"HUC8 drainage context / generalized","geometryStatus":"natural_stream_detail_tile_from_full_interpreted_layer","troutSource":"HUC8 lineage assignment v1 / review needed","sourceName":"South Fork Derby Creek","name":"South Fork Derby Creek","source_id":"88855541","length_km":0.04503233,"FType":460,"FCode":46006,"atlas_class":"streamriver","display_name":"South Fork Derby Creek","stream_role":"natural_stream_detail_context","sourceLayer":"colorado_natural_stream_detail_tiles_v1","sourceLabel":"Colorado natural stream detail tiles v1","sensitivity":"generalized"},"geometry":{"type":"LineString","coordinates":[[-107.11981,39.90018],[-107.11929,39.90015]]}},{"type":"Feature","properties":{"huc8":"14010001","huc8Name":"Colorado Headwaters","historic":"coloradoRiver","current":"introduced","recovery":"recoveryWatch","lineageKey":"coloradoRiver","lineageLabel":"Colorado River green lineage","basin":"Colorado Headwaters","note":"Upper Colorado green-lineage context","state":"CO","confidence":"HUC8 drainage context / generalized","geometryStatus":"natural_stream_detail_tile_from_full_interpreted_layer","troutSource":"HUC8 lineage assignment v1 / review needed","sourceName":"North Fork Derby Creek","name":"North Fork Derby Creek","source_id":"162756043","length_km":0.05907973,"FType":460,"FCode":46006,"atlas_class":"streamriver","display_name":"North Fork Derby Creek","stream_role":"natural_stream_detail_context","sourceLayer":"colorado_natural_stream_detail_tiles_v1","sourceLabel":"Colorado natural stream detail tiles v1","sensitivity":"generalized"},"geometry":{"type":"LineString","coordinates":[[-107.09376,39.97295],[-107.09317,39.97276]]}},{"type":"Feature","properties":{"huc8":"14010001","huc8Name":"Colorado Headwaters","historic":"coloradoRiver","current":"introduced","recovery":"recoveryWatch","lineageKey":"coloradoRiver","lineageLabel":"Colorado River green lineage","basin":"Colorado Headwaters","note":"Upper Colorado green-lineage context","state":"CO","confidence":"HUC8 drainage context / generalized","geometryStatus":"natural_stream_detail_tile_from_full_interpreted_layer","troutSource":"HUC8 lineage assignment v1 / review needed","sourceName":"Cabin Creek","name":"Cabin Creek","source_id":"88855253","length_km":0.13633576,"FType":460,"FCode":46003,"atlas_class":"streamriver","display_name":"Cabin Creek","stream_role":"natural_stream_detail_context","sourceLayer":"colorado_natural_stream_detail_tiles_v1","sourceLabel":"Colorado natural stream detail tiles v1","sensitivity":"generalized"},"geometry":{"type":"LineString","coordinates":[[-107.06093,39.97428],[-107.06101,39.97308]]}},{"type":"Feature","properties":{"huc8":"14010001","huc8Name":"Colorado Headwaters","historic":"coloradoRiver","current":"introduced","recovery":"recoveryWatch","lineageKey":"coloradoRiver","lineageLabel":"Colorado River green lineage","basin":"Colorado Headwaters","note":"Upper Colorado green-lineage context","state":"CO","confidence":"HUC8 drainage context / generalized","geometryStatus":"natural_stream_detail_tile_from_full_interpreted_layer","troutSource":"HUC8 lineage assignment v1 / review needed","sourceName":"South Fork Derby Creek","name":"South Fork Derby Creek","source_id":"88855533","length_km":0.03653465,"FType":460,"FCode":46006,"atlas_class":"streamriver","display_name":"South Fork Derby Creek","stream_role":"natural_stream_detail_context","sourceLayer":"colorado_natural_stream_detail_tiles_v1","sourceLabel":"Colorado natural stream detail tiles v1","sensitivity":"generalized"},"geometry":{"type":"LineString","coordinates":[[-107.09781,39.90128],[-107.09769,39.90097]]}},{"type":"Feature","properties":{"huc8":"14010001","huc8Name":"Colorado Headwaters","historic":"coloradoRiver","current":"introduced","recovery":"recoveryWatch","lineageKey":"coloradoRiver","lineageLabel":"Colorado River green lineage","basin":"Colorado Headwaters","note":"Upper Colorado green-lineage context","state":"CO","confidence":"HUC8 drainage context / generalized","geometryStatus":"natural_stream_detail_tile_from_full_interpreted_layer","troutSource":"HUC8 lineage assignment v1 / review needed","sourceName":"North Fork Derby Creek","name":"North Fork Derby Creek","source_id":"88855289","length_km":0.16214932,"FType":460,"FCode":46006,"atlas_class":"streamriver","display_name":"North Fork Derby Creek","stream_role":"natural_stream_detail_context","sourceLayer":"colorado_natural_stream_detail_tiles_v1","sourceLabel":"Colorado natural stream detail tiles v1","sensitivity":"generalized"},"geometry":{"type":"LineString","coordinates":[[-107.08257,39.96721],[-107.08136,39.96609]]}},{"type":"Feature","properties":{"huc8":"14010001","huc8Name":"Colorado Headwaters","historic":"coloradoRiver","current":"introduced","recovery":"recoveryWatch","lineageKey":"coloradoRiver","lineageLabel":"Colorado River green lineage","basin":"Colorado Headwaters","note":"Upper Colorado green-lineage context","state":"CO","confidence":"HUC8 drainage context / generalized","geometryStatus":"natural_stream_detail_tile_from_full_interpreted_layer","troutSource":"HUC8 lineage assignment v1 / review needed","sourceName":"South Fork Derby Creek","name":"South Fork Derby Creek","source_id":"162756776","length_km":0.06741996,"FType":460,"FCode":46006,"atlas_class":"streamriver","display_name":"South Fork Derby Creek","stream_role":"natural_stream_detail_context","sourceLayer":"colorado_natural_stream_detail_tiles_v1","sourceLabel":"Colorado natural stream detail tiles v1","sensitivity":"generalized"},"geometry":{"type":"LineString","coordinates":[[-107.092,39.90016],[-107.09134,39.89983]]}},{"type":"Feature","properties":{"huc8":"14010001","huc8Name":"Colorado Headwaters","historic":"coloradoRiver","current":"introduced","recovery":"recoveryWatch","lineageKey":"coloradoRiver","lineageLabel":"Colorado River green lineage","basin":"Colorado Headwaters","note":"Upper Colorado green-lineage context","state":"CO","confidence":"HUC8 drainage context / generalized","geometryStatus":"natural_stream_detail_tile_from_full_interpreted_layer","troutSource":"HUC8 lineage assignment v1 / review needed","sourceName":"Derby Creek","name":"Derby Creek","source_id":"88855475","length_km":0.50493656,"FType":460,"FCode":46006,"atlas_class":"streamriver","display_name":"Derby Creek","stream_role":"natural_stream_detail_context","sourceLayer":"colorado_natural_stream_detail_tiles_v1","sourceLabel":"Colorado natural stream detail tiles v1","sensitivity":"generalized"},"geometry":{"type":"LineString","coordinates":[[-107.06187,39.92877],[-107.06044,39.92743],[-107.05944,39.92486]]}},{"type":"Feature","properties":{"huc8":"14010001","huc8Name":"Colorado Headwaters","historic":"coloradoRiver","current":"introduced","recovery":"recoveryWatch","lineageKey":"coloradoRiver","lineageLabel":"Colorado River green lineage","basin":"Colorado Headwaters","note":"Upper Colorado green-lineage context","state":"CO","confidence":"HUC8 drainage context / generalized","geometryStatus":"natural_stream_detail_tile_from_full_interpreted_layer","troutSource":"HUC8 lineage assignment v1 / review needed","sourceName":"Middle Fork Derby Creek","name":"Middle Fork Derby Creek","source_id":"88855395","length_km":0.25908464,"FType":460,"FCode":46006,"atlas_class":"streamriver","display_name":"Middle Fork Derby Creek","stream_role":"natural_stream_detail_context","sourceLayer":"colorado_natural_stream_detail_tiles_v1","sourceLabel":"Colorado natural stream detail tiles v1","sensitivity":"generalized"},"geometry":{"type":"LineString","coordinates":[[-107.12112,39.94013],[-107.11813,39.93986]]}},{"type":"Feature","properties":{"huc8":"14010001","huc8Name":"Colorado Headwaters","historic":"coloradoRiver","current":"introduced","recovery":"recoveryWatch","lineageKey":"coloradoRiver","lineageLabel":"Colorado River green lineage","basin":"Colorado Headwaters","note":"Upper Colorado green-lineage context","state":"CO","confidence":"HUC8 drainage context / generalized","geometryStatus":"natural_stream_detail_tile_from_full_interpreted_layer","troutSource":"HUC8 lineage assignment v1 / review needed","sourceName":"Middle Fork Derby Creek","name":"Middle Fork Derby Creek","source_id":"88891803","length_km":0.69561348,"FType":460,"FCode":46006,"atlas_class":"streamriver","display_name":"Middle Fork Derby Creek","stream_role":"natural_stream_detail_context","sourceLayer":"colorado_natural_stream_detail_tiles_v1","sourceLabel":"Colorado natural stream detail tiles v1","sensitivity":"generalized"},"geometry":{"type":"LineString","coordinates":[[-107.14705,39.94942],[-107.14213,39.94713],[-107.14147,39.94599]]}},{"type":"Feature","properties":{"huc8":"14010001","huc8Name":"Colorado Headwaters","historic":"coloradoRiver","current":"introduced","recovery":"recoveryWatch","lineageKey":"coloradoRiver","lineageLabel":"Colorado River green lineage","basin":"Colorado Headwaters","note":"Upper Colorado green-lineage context","state":"CO","confidence":"HUC8 drainage context / generalized","geometryStatus":"natural_stream_detail_tile_from_full_interpreted_layer","troutSource":"HUC8 lineage assignment v1 / review needed","sourceName":"Middle Fork Derby Creek","name":"Middle Fork Derby Creek","source_id":"162755932","length_km":0.41504854,"FType":460,"FCode":46006,"atlas_class":"streamriver","display_name":"Middle Fork Derby Creek","stream_role":"natural_stream_detail_context","sourceLayer":"colorado_natural_stream_detail_tiles_v1","sourceLabel":"Colorado natural stream detail tiles v1","sensitivity":"generalized"},"geometry":{"type":"LineString","coordinates":[[-107.13732,39.94463],[-107.13309,39.94323]]}},{"type":"Feature","properties":{"huc8":"14010001","huc8Name":"Colorado Headwaters","historic":"coloradoRiver","current":"introduced","recovery":"recoveryWatch","lineageKey":"coloradoRiver","lineageLabel":"Colorado River green lineage","basin":"Colorado Headwaters","note":"Upper Colorado green-lineage context","state":"CO","confidence":"HUC8 drainage context / generalized","geometryStatus":"natural_stream_detail_tile_from_full_interpreted_layer","troutSource":"HUC8 lineage assignment v1 / review needed","sourceName":"Middle Fork Derby Creek","name":"Middle Fork Derby Creek","source_id":"88855415","length_km":0.15328493,"FType":460,"FCode":46006,"atlas_class":"streamriver","display_name":"Middle Fork Derby Creek","stream_role":"natural_stream_detail_context","sourceLayer":"colorado_natural_stream_detail_tiles_v1","sourceLabel":"Colorado natural stream detail tiles v1","sensitivity":"generalized"},"geometry":{"type":"LineString","coordinates":[[-107.10834,39.93869],[-107.10668,39.93814]]}},{"type":"Feature","properties":{"huc8":"14010001","huc8Name":"Colorado Headwaters","historic":"coloradoRiver","current":"introduced","recovery":"recoveryWatch","lineageKey":"coloradoRiver","lineageLabel":"Colorado River green lineage","basin":"Colorado Headwaters","note":"Upper Colorado green-lineage context","state":"CO","confidence":"HUC8 drainage context / generalized","geometryStatus":"natural_stream_detail_tile_from_full_interpreted_layer","troutSource":"HUC8 lineage assignment v1 / review needed","sourceName":"South Fork Derby Creek","name":"South Fork Derby Creek","source_id":"162756793","length_km":0.42256204,"FType":460,"FCode":46006,"atlas_class":"streamriver","display_name":"South Fork Derby Creek","stream_role":"natural_stream_detail_context","sourceLayer":"colorado_natural_stream_detail_tiles_v1","sourceLabel":"Colorado natural stream detail tiles v1","sensitivity":"generalized"},"geometry":{"type":"LineString","coordinates":[[-107.08759,39.89973],[-107.08407,39.90041],[-107.08305,39.89992]]}},{"type":"Feature","properties":{"huc8":"14010001","huc8Name":"Colorado Headwaters","historic":"coloradoRiver","current":"introduced","recovery":"recoveryWatch","lineageKey":"coloradoRiver","lineageLabel":"Colorado River green lineage","basin":"Colorado Headwaters","note":"Upper Colorado green-lineage context","state":"CO","confidence":"HUC8 drainage context / generalized","geometryStatus":"natural_stream_detail_tile_from_full_interpreted_layer","troutSource":"HUC8 lineage assignment v1 / review needed","sourceName":"North Fork Derby Creek","name":"North Fork Derby Creek","source_id":"162756238","length_km":0.25701671,"FType":460,"FCode":46006,"atlas_class":"streamriver","display_name":"North Fork Derby Creek","stream_role":"natural_stream_detail_context","sourceLayer":"colorado_natural_stream_detail_tiles_v1","sourceLabel":"Colorado natural stream detail tiles v1","sensitivity":"generalized"},"geometry":{"type":"LineString","coordinates":[[-107.10537,39.98184],[-107.10337,39.98054]]}},{"type":"Feature","properties":{"huc8":"14010001","huc8Name":"Colorado Headwaters","historic":"coloradoRiver","current":"introduced","recovery":"recoveryWatch","lineageKey":"coloradoRiver","lineageLabel":"Colorado River green lineage","basin":"Colorado Headwaters","note":"Upper Colorado green-lineage context","state":"CO","confidence":"HUC8 drainage context / generalized","geometryStatus":"natural_stream_detail_tile_from_full_interpreted_layer","troutSource":"HUC8 lineage assignment v1 / review needed","sourceName":"Derby Creek","name":"Derby Creek","source_id":"162756996","length_km":0.34374048,"FType":460,"FCode":46006,"atlas_class":"streamriver","display_name":"Derby Creek","stream_role":"natural_stream_detail_context","sourceLayer":"colorado_natural_stream_detail_tiles_v1","sourceLabel":"Colorado natural stream detail tiles v1","sensitivity":"generalized"},"geometry":{"type":"LineString","coordinates":[[-107.05944,39.92486],[-107.05697,39.92249]]}},{"type":"Feature","properties":{"huc8":"14010001","huc8Name":"Colorado Headwaters","historic":"coloradoRiver","current":"introduced","recovery":"recoveryWatch","lineageKey":"coloradoRiver","lineageLabel":"Colorado River green lineage","basin":"Colorado Headwaters","note":"Upper Colorado green-lineage context","state":"CO","confidence":"HUC8 drainage context / generalized","geometryStatus":"natural_stream_detail_tile_from_full_interpreted_layer","troutSource":"HUC8 lineage assignment v1 / review needed","sourceName":"North Fork Derby Creek","name":"North Fork Derby Creek","source_id":"162756157","length_km":0.18203112,"FType":460,"FCode":46006,"atlas_class":"streamriver","display_name":"North Fork Derby Creek","stream_role":"natural_stream_detail_context","sourceLayer":"colorado_natural_stream_detail_tiles_v1","sourceLabel":"Colorado natural stream detail tiles v1","sensitivity":"generalized"},"geometry":{"type":"LineString","coordinates":[[-107.08549,39.96952],[-107.08429,39.96821]]}},{"type":"Feature","properties":{"huc8":"14010001","huc8Name":"Colorado Headwaters","historic":"coloradoRiver","current":"introduced","recovery":"recoveryWatch","lineageKey":"coloradoRiver","lineageLabel":"Colorado River green lineage","basin":"Colorado Headwaters","note":"Upper Colorado green-lineage context","state":"CO","confidence":"HUC8 drainage context / generalized","geometryStatus":"natural_stream_detail_tile_from_full_interpreted_layer","troutSource":"HUC8 lineage assignment v1 / review needed","sourceName":"South Fork Derby Creek","name":"South Fork Derby Creek","source_id":"88855573","length_km":0.58317051,"FType":460,"FCode":46006,"atlas_class":"streamriver","display_name":"South Fork Derby Creek","stream_role":"natural_stream_detail_context","sourceLayer":"colorado_natural_stream_detail_tiles_v1","sourceLabel":"Colorado natural stream detail tiles v1","sensitivity":"generalized"},"geometry":{"type":"LineString","coordinates":[[-107.06173,39.89926],[-107.05744,39.90079],[-107.05592,39.90013]]}},{"type":"Feature","properties":{"huc8":"14010001","huc8Name":"Colorado Headwaters","historic":"coloradoRiver","current":"introduced","recovery":"recoveryWatch","lineageKey":"coloradoRiver","lineageLabel":"Colorado River green lineage","basin":"Colorado Headwaters","note":"Upper Colorado green-lineage context","state":"CO","confidence":"HUC8 drainage context / generalized","geometryStatus":"natural_stream_detail_tile_from_full_interpreted_layer","troutSource":"HUC8 lineage assignment v1 / review needed","sourceName":"Middle Fork Derby Creek","name":"Middle Fork Derby Creek","source_id":"88855447","length_km":0.555,"FType":460,"FCode":46006,"atlas_class":"streamriver","display_name":"Middle Fork Derby Creek","stream_role":"natural_stream_detail_context","sourceLayer":"colorado_natural_stream_detail_tiles_v1","sourceLabel":"Colorado natural stream detail tiles v1","sensitivity":"generalized"},"geometry":{"type":"LineString","coordinates":[[-107.07475,39.93291],[-107.06953,39.93008]]}},{"type":"Feature","properties":{"huc8":"14010001","huc8Name":"Colorado Headwaters","historic":"coloradoRiver","current":"introduced","recovery":"recoveryWatch","lineageKey":"coloradoRiver","lineageLabel":"Colorado River green lineage","basin":"Colorado Headwaters","note":"Upper Colorado green-lineage context","state":"CO","confidence":"HUC8 drainage context / generalized","geometryStatus":"natural_stream_detail_tile_from_full_interpreted_layer","troutSource":"HUC8 lineage assignment v1 / review needed","sourceName":"Cabin Creek","name":"Cabin Creek","source_id":"162763457","length_km":0.10335704,"FType":460,"FCode":46006,"atlas_class":"streamriver","display_name":"Cabin Creek","stream_role":"natural_stream_detail_context","sourceLayer":"colorado_natural_stream_detail_tiles_v1","sourceLabel":"Colorado natural stream detail tiles v1","sensitivity":"generalized"},"geometry":{"type":"LineString","coordinates":[[-107.06092,39.96479],[-107.06029,39.96405]]}},{"type":"Feature","properties":{"huc8":"14010001","huc8Name":"Colorado Headwaters","historic":"coloradoRiver","current":"introduced","recovery":"recoveryWatch","lineageKey":"coloradoRiver","lineageLabel":"Colorado River green lineage","basin":"Colorado Headwaters","note":"Upper Colorado green-lineage context","state":"CO","confidence":"HUC8 drainage context / generalized","geometryStatus":"natural_stream_detail_tile_from_full_interpreted_layer","troutSource":"HUC8 lineage assignment v1 / review needed","sourceName":"North Fork Derby Creek","name":"North Fork Derby Creek","source_id":"88855243","length_km":0.39650778,"FType":460,"FCode":46006,"atlas_class":"streamriver","display_name":"North Fork Derby Creek","stream_role":"natural_stream_detail_context","sourceLayer":"colorado_natural_stream_detail_tiles_v1","sourceLabel":"Colorado natural stream detail tiles v1","sensitivity":"generalized"},"geometry":{"type":"LineString","coordinates":[[-107.09814,39.97657],[-107.09589,39.97614],[-107.09499,39.97482]]}},{"type":"Feature","properties":{"huc8":"14010001","huc8Name":"Colorado Headwaters","historic":"coloradoRiver","current":"introduced","recovery":"recoveryWatch","lineageKey":"coloradoRiver","lineageLabel":"Colorado River green lineage","basin":"Colorado Headwaters","note":"Upper Colorado green-lineage context","state":"CO","confidence":"HUC8 drainage context / generalized","geometryStatus":"natural_stream_detail_tile_from_full_interpreted_layer","troutSource":"HUC8 lineage assignment v1 / review needed","sourceName":"Cabin Creek","name":"Cabin Creek","source_id":"162756237","length_km":0.69120808,"FType":460,"FCode":46006,"atlas_class":"streamriver","display_name":"Cabin Creek","stream_role":"natural_stream_detail_context","sourceLayer":"colorado_natural_stream_detail_tiles_v1","sourceLabel":"Colorado natural stream detail tiles v1","sensitivity":"generalized"},"geometry":{"type":"LineString","coordinates":[[-107.0392,39.95795],[-107.03377,39.95358]]}},{"type":"Feature","properties":{"huc8":"14010001","huc8Name":"Colorado Headwaters","historic":"coloradoRiver","current":"introduced","recovery":"recoveryWatch","lineageKey":"coloradoRiver","lineageLabel":"Colorado River green lineage","basin":"Colorado Headwaters","note":"Upper Colorado green-lineage context","state":"CO","confidence":"HUC8 drainage context / generalized","geometryStatus":"natural_stream_detail_tile_from_full_interpreted_layer","troutSource":"HUC8 lineage assignment v1 / review needed","sourceName":"Sunnyside Creek","name":"Sunnyside Creek","source_id":"162756072","length_km":0.18515386,"FType":460,"FCode":46006,"atlas_class":"streamriver","display_name":"Sunnyside Creek","stream_role":"natural_stream_detail_context","sourceLayer":"colorado_natural_stream_detail_tiles_v1","sourceLabel":"Colorado natural stream detail tiles v1","sensitivity":"generalized"},"geometry":{"type":"LineString","coordinates":[[-107.0051,39.99407],[-107.00296,39.99401]]}},{"type":"Feature","properties":{"huc8":"14010001","huc8Name":"Colorado Headwaters","historic":"coloradoRiver","current":"introduced","recovery":"recoveryWatch","lineageKey":"coloradoRiver","lineageLabel":"Colorado River green lineage","basin":"Colorado Headwaters","note":"Upper Colorado green-lineage context","state":"CO","confidence":"HUC8 drainage context / generalized","geometryStatus":"natural_stream_detail_tile_from_full_interpreted_layer","troutSource":"HUC8 lineage assignment v1 / review needed","sourceName":"North Fork Cedar Creek","name":"North Fork Cedar Creek","source_id":"162755882","length_km":0.38031978,"FType":460,"FCode":46003,"atlas_class":"streamriver","display_name":"North Fork Cedar Creek","stream_role":"natural_stream_detail_context","sourceLayer":"colorado_natural_stream_detail_tiles_v1","sourceLabel":"Colorado natural stream detail tiles v1","sensitivity":"generalized"},"geometry":{"type":"LineString","coordinates":[[-107.01296,39.98763],[-107.01129,39.98686],[-107.01098,39.98502]]}},{"type":"Feature","properties":{"huc8":"14010001","huc8Name":"Colorado Headwaters","historic":"coloradoRiver","current":"introduced","recovery":"recoveryWatch","lineageKey":"coloradoRiver","lineageLabel":"Colorado River green lineage","basin":"Colorado Headwaters","note":"Upper Colorado green-lineage context","state":"CO","confidence":"HUC8 drainage context / generalized","geometryStatus":"natural_stream_detail_tile_from_full_interpreted_layer","troutSource":"HUC8 lineage assignment v1 / review needed","sourceName":"Red Dirt Creek","name":"Red Dirt Creek","source_id":"162757681","length_km":0.117,"FType":460,"FCode":46006,"atlas_class":"streamriver","display_name":"Red Dirt Creek","stream_role":"natural_stream_detail_context","sourceLayer":"colorado_natural_stream_detail_tiles_v1","sourceLabel":"Colorado natural stream detail tiles v1","sensitivity":"generalized"},"geometry":{"type":"LineString","coordinates":[[-107.00342,39.82058],[-107.00317,39.81966]]}},{"type":"Feature","properties":{"huc8":"14010001","huc8Name":"Colorado Headwaters","historic":"coloradoRiver","current":"introduced","recovery":"recoveryWatch","lineageKey":"coloradoRiver","lineageLabel":"Colorado River green lineage","basin":"Colorado Headwaters","note":"Upper Colorado green-lineage context","state":"CO","confidence":"HUC8 drainage context / generalized","geometryStatus":"natural_stream_detail_tile_from_full_interpreted_layer","troutSource":"HUC8 lineage assignment v1 / review needed","sourceName":"Poison Creek","name":"Poison Creek","source_id":"88886361","length_km":0.16252992,"FType":460,"FCode":46006,"atlas_class":"streamriver","display_name":"Poison Creek","stream_role":"natural_stream_detail_context","sourceLayer":"colorado_natural_stream_detail_tiles_v1","sourceLabel":"Colorado natural stream detail tiles v1","sensitivity":"generalized"},"geometry":{"type":"LineString","coordinates":[[-107.01708,39.8035],[-107.0165,39.80221]]}},{"type":"Feature","properties":{"huc8":"14010001","huc8Name":"Colorado Headwaters","historic":"coloradoRiver","current":"introduced","recovery":"recoveryWatch","lineageKey":"coloradoRiver","lineageLabel":"Colorado River green lineage","basin":"Colorado Headwaters","note":"Upper Colorado green-lineage context","state":"CO","confidence":"HUC8 drainage context / generalized","geometryStatus":"natural_stream_detail_tile_from_full_interpreted_layer","troutSource":"HUC8 lineage assignment v1 / review needed","sourceName":"Poison Creek","name":"Poison Creek","source_id":"162757581","length_km":0.11488364,"FType":460,"FCode":46006,"atlas_class":"streamriver","display_name":"Poison Creek","stream_role":"natural_stream_detail_context","sourceLayer":"colorado_natural_stream_detail_tiles_v1","sourceLabel":"Colorado natural stream detail tiles v1","sensitivity":"generalized"},"geometry":{"type":"LineString","coordinates":[[-107.04478,39.82624],[-107.04374,39.82559]]}},{"type":"Feature","properties":{"huc8":"14010001","huc8Name":"Colorado Headwaters","historic":"coloradoRiver","current":"introduced","recovery":"recoveryWatch","lineageKey":"coloradoRiver","lineageLabel":"Colorado River green lineage","basin":"Colorado Headwaters","note":"Upper Colorado green-lineage context","state":"CO","confidence":"HUC8 drainage context / generalized","geometryStatus":"natural_stream_detail_tile_from_full_interpreted_layer","troutSource":"HUC8 lineage assignment v1 / review needed","sourceName":"Poison Creek","name":"Poison Creek","source_id":"162757510","length_km":0.21620484,"FType":460,"FCode":46006,"atlas_class":"streamriver","display_name":"Poison Creek","stream_role":"natural_stream_detail_context","sourceLayer":"colorado_natural_stream_detail_tiles_v1","sourceLabel":"Colorado natural stream detail tiles v1","sensitivity":"generalized"},"geometry":{"type":"LineString","coordinates":[[-107.03899,39.8237],[-107.0368,39.82273]]}},{"type":"Feature","properties":{"huc8":"14010001","huc8Name":"Colorado Headwaters","historic":"coloradoRiver","current":"introduced","recovery":"recoveryWatch","lineageKey":"coloradoRiver","lineageLabel":"Colorado River green lineage","basin":"Colorado Headwaters","note":"Upper Colorado green-lineage context","state":"CO","confidence":"HUC8 drainage context / generalized","geometryStatus":"natural_stream_detail_tile_from_full_interpreted_layer","troutSource":"HUC8 lineage assignment v1 / review needed","sourceName":"Poison Creek","name":"Poison Creek","source_id":"162759701","length_km":0.09215799,"FType":460,"FCode":46006,"atlas_class":"streamriver","display_name":"Poison Creek","stream_role":"natural_stream_detail_context","sourceLayer":"colorado_natural_stream_detail_tiles_v1","sourceLabel":"Colorado natural stream detail tiles v1","sensitivity":"generalized"},"geometry":{"type":"LineString","coordinates":[[-107.01816,39.81253],[-107.01784,39.81174]]}},{"type":"Feature","properties":{"huc8":"14010001","huc8Name":"Colorado Headwaters","historic":"coloradoRiver","current":"introduced","recovery":"recoveryWatch","lineageKey":"coloradoRiver","lineageLabel":"Colorado River green lineage","basin":"Colorado Headwaters","note":"Upper Colorado green-lineage context","state":"CO","confidence":"HUC8 drainage context / generalized","geometryStatus":"natural_stream_detail_tile_from_full_interpreted_layer","troutSource":"HUC8 lineage assignment v1 / review needed","sourceName":"Red Dirt Creek","name":"Red Dirt Creek","source_id":"88886131","length_km":0.278,"FType":460,"FCode":46006,"atlas_class":"streamriver","display_name":"Red Dirt Creek","stream_role":"natural_stream_detail_context","sourceLayer":"colorado_natural_stream_detail_tiles_v1","sourceLabel":"Colorado natural stream detail tiles v1","sensitivity":"generalized"},"geometry":{"type":"LineString","coordinates":[[-107.01141,39.8301],[-107.00954,39.82827]]}},{"type":"Feature","properties":{"huc8":"14010001","huc8Name":"Colorado Headwaters","historic":"coloradoRiver","current":"introduced","recovery":"recoveryWatch","lineageKey":"coloradoRiver","lineageLabel":"Colorado River green lineage","basin":"Colorado Headwaters","note":"Upper Colorado green-lineage context","state":"CO","confidence":"HUC8 drainage context / generalized","geometryStatus":"natural_stream_detail_tile_from_full_interpreted_layer","troutSource":"HUC8 lineage assignment v1 / review needed","sourceName":"Poison Creek","name":"Poison Creek","source_id":"162759614","length_km":0.09889094,"FType":460,"FCode":46006,"atlas_class":"streamriver","display_name":"Poison Creek","stream_role":"natural_stream_detail_context","sourceLayer":"colorado_natural_stream_detail_tiles_v1","sourceLabel":"Colorado natural stream detail tiles v1","sensitivity":"generalized"},"geometry":{"type":"LineString","coordinates":[[-107.01503,39.80047],[-107.01435,39.79976]]}},{"type":"Feature","properties":{"huc8":"14010001","huc8Name":"Colorado Headwaters","historic":"coloradoRiver","current":"introduced","recovery":"recoveryWatch","lineageKey":"coloradoRiver","lineageLabel":"Colorado River green lineage","basin":"Colorado Headwaters","note":"Upper Colorado green-lineage context","state":"CO","confidence":"HUC8 drainage context / generalized","geometryStatus":"natural_stream_detail_tile_from_full_interpreted_layer","troutSource":"HUC8 lineage assignment v1 / review needed","sourceName":"Poison Creek","name":"Poison Creek","source_id":"88886333","length_km":0.0762311,"FType":460,"FCode":46006,"atlas_class":"streamriver","display_name":"Poison Creek","stream_role":"natural_stream_detail_context","sourceLayer":"colorado_natural_stream_detail_tiles_v1","sourceLabel":"Colorado natural stream detail tiles v1","sensitivity":"generalized"},"geometry":{"type":"LineString","coordinates":[[-107.01911,39.80598],[-107.01911,39.8053]]}},{"type":"Feature","properties":{"huc8":"14010001","huc8Name":"Colorado Headwaters","historic":"coloradoRiver","current":"introduced","recovery":"recoveryWatch","lineageKey":"coloradoRiver","lineageLabel":"Colorado River green lineage","basin":"Colorado Headwaters","note":"Upper Colorado green-lineage context","state":"CO","confidence":"HUC8 drainage context / generalized","geometryStatus":"natural_stream_detail_tile_from_full_interpreted_layer","troutSource":"HUC8 lineage assignment v1 / review needed","sourceName":"Poison Creek","name":"Poison Creek","source_id":"162757457","length_km":0.26791074,"FType":460,"FCode":46006,"atlas_class":"streamriver","display_name":"Poison Creek","stream_role":"natural_stream_detail_context","sourceLayer":"colorado_natural_stream_detail_tiles_v1","sourceLabel":"Colorado natural stream detail tiles v1","sensitivity":"generalized"},"geometry":{"type":"LineString","coordinates":[[-107.04374,39.82559],[-107.04125,39.82418]]}},{"type":"Feature","properties":{"huc8":"14010001","huc8Name":"Colorado Headwaters","historic":"coloradoRiver","current":"introduced","recovery":"recoveryWatch","lineageKey":"coloradoRiver","lineageLabel":"Colorado River green lineage","basin":"Colorado Headwaters","note":"Upper Colorado green-lineage context","state":"CO","confidence":"HUC8 drainage context / generalized","geometryStatus":"natural_stream_detail_tile_from_full_interpreted_layer","troutSource":"HUC8 lineage assignment v1 / review needed","sourceName":"Willow Creek","name":"Willow Creek","source_id":"88886353","length_km":0.15608986,"FType":460,"FCode":46006,"atlas_class":"streamriver","display_name":"Willow Creek","stream_role":"natural_stream_detail_context","sourceLayer":"colorado_natural_stream_detail_tiles_v1","sourceLabel":"Colorado natural stream detail tiles v1","sensitivity":"generalized"},"geometry":{"type":"LineString","coordinates":[[-107.03791,39.80308],[-107.03619,39.80267]]}},{"type":"Feature","properties":{"huc8":"14010001","huc8Name":"Colorado Headwaters","historic":"coloradoRiver","current":"introduced","recovery":"recoveryWatch","lineageKey":"coloradoRiver","lineageLabel":"Colorado River green lineage","basin":"Colorado Headwaters","note":"Upper Colorado green-lineage context","state":"CO","confidence":"HUC8 drainage context / generalized","geometryStatus":"natural_stream_detail_tile_from_full_interpreted_layer","troutSource":"HUC8 lineage assignment v1 / review needed","sourceName":"Poison Creek","name":"Poison Creek","source_id":"88886323","length_km":0.25719555,"FType":460,"FCode":46006,"atlas_class":"streamriver","display_name":"Poison Creek","stream_role":"natural_stream_detail_context","sourceLayer":"colorado_natural_stream_detail_tiles_v1","sourceLabel":"Colorado natural stream detail tiles v1","sensitivity":"generalized"},"geometry":{"type":"LineString","coordinates":[[-107.01853,39.80818],[-107.01911,39.80598]]}},{"type":"Feature","properties":{"huc8":"14010001","huc8Name":"Colorado Headwaters","historic":"coloradoRiver","current":"introduced","recovery":"recoveryWatch","lineageKey":"coloradoRiver","lineageLabel":"Colorado River green lineage","basin":"Colorado Headwaters","note":"Upper Colorado green-lineage context","state":"CO","confidence":"HUC8 drainage context / generalized","geometryStatus":"natural_stream_detail_tile_from_full_interpreted_layer","troutSource":"HUC8 lineage assignment v1 / review needed","sourceName":"Poison Creek","name":"Poison Creek","source_id":"162759813","length_km":0.10993301,"FType":460,"FCode":46006,"atlas_class":"streamriver","display_name":"Poison Creek","stream_role":"natural_stream_detail_context","sourceLayer":"colorado_natural_stream_detail_tiles_v1","sourceLabel":"Colorado natural stream detail tiles v1","sensitivity":"generalized"},"geometry":{"type":"LineString","coordinates":[[-107.01788,39.80893],[-107.01853,39.80818]]}},{"type":"Feature","properties":{"huc8":"14010001","huc8Name":"Colorado Headwaters","historic":"coloradoRiver","current":"introduced","recovery":"recoveryWatch","lineageKey":"coloradoRiver","lineageLabel":"Colorado River green lineage","basin":"Colorado Headwaters","note":"Upper Colorado green-lineage context","state":"CO","confidence":"HUC8 drainage context / generalized","geometryStatus":"natural_stream_detail_tile_from_full_interpreted_layer","troutSource":"HUC8 lineage assignment v1 / review needed","sourceName":"Poison Creek","name":"Poison Creek","source_id":"88886195","length_km":0.15555803,"FType":460,"FCode":46006,"atlas_class":"streamriver","display_name":"Poison Creek","stream_role":"natural_stream_detail_context","sourceLayer":"colorado_natural_stream_detail_tiles_v1","sourceLabel":"Colorado natural stream detail tiles v1","sensitivity":"generalized"},"geometry":{"type":"LineString","coordinates":[[-107.03268,39.82116],[-107.03109,39.82048]]}},{"type":"Feature","properties":{"huc8":"14010001","huc8Name":"Colorado Headwaters","historic":"coloradoRiver","current":"introduced","recovery":"recoveryWatch","lineageKey":"coloradoRiver","lineageLabel":"Colorado River green lineage","basin":"Colorado Headwaters","note":"Upper Colorado green-lineage context","state":"CO","confidence":"HUC8 drainage context / generalized","geometryStatus":"natural_stream_detail_tile_from_full_interpreted_layer","troutSource":"HUC8 lineage assignment v1 / review needed","sourceName":"Poison Creek","name":"Poison Creek","source_id":"162759702","length_km":0.10386669,"FType":460,"FCode":46006,"atlas_class":"streamriver","display_name":"Poison Creek","stream_role":"natural_stream_detail_context","sourceLayer":"colorado_natural_stream_detail_tiles_v1","sourceLabel":"Colorado natural stream detail tiles v1","sensitivity":"generalized"},"geometry":{"type":"LineString","coordinates":[[-107.01784,39.81174],[-107.01758,39.81087]]}},{"type":"Feature","properties":{"huc8":"14010001","huc8Name":"Colorado Headwaters","historic":"coloradoRiver","current":"introduced","recovery":"recoveryWatch","lineageKey":"coloradoRiver","lineageLabel":"Colorado River green lineage","basin":"Colorado Headwaters","note":"Upper Colorado green-lineage context","state":"CO","confidence":"HUC8 drainage context / generalized","geometryStatus":"natural_stream_detail_tile_from_full_interpreted_layer","troutSource":"HUC8 lineage assignment v1 / review needed","sourceName":"Poison Creek","name":"Poison Creek","source_id":"162757683","length_km":0.23568999,"FType":460,"FCode":46006,"atlas_class":"streamriver","display_name":"Poison Creek","stream_role":"natural_stream_detail_context","sourceLayer":"colorado_natural_stream_detail_tiles_v1","sourceLabel":"Colorado natural stream detail tiles v1","sensitivity":"generalized"},"geometry":{"type":"LineString","coordinates":[[-107.02745,39.81905],[-107.02503,39.81811]]}},{"type":"Feature","properties":{"huc8":"14010001","huc8Name":"Colorado Headwaters","historic":"coloradoRiver","current":"introduced","recovery":"recoveryWatch","lineageKey":"coloradoRiver","lineageLabel":"Colorado River green lineage","basin":"Colorado Headwaters","note":"Upper Colorado green-lineage context","state":"CO","confidence":"HUC8 drainage context / generalized","geometryStatus":"natural_stream_detail_tile_from_full_interpreted_layer","troutSource":"HUC8 lineage assignment v1 / review needed","sourceName":"Red Dirt Creek","name":"Red Dirt Creek","source_id":"162757740","length_km":0.0737493,"FType":460,"FCode":46006,"atlas_class":"streamriver","display_name":"Red Dirt Creek","stream_role":"natural_stream_detail_context","sourceLayer":"colorado_natural_stream_detail_tiles_v1","sourceLabel":"Colorado natural stream detail tiles v1","sensitivity":"generalized"},"geometry":{"type":"LineString","coordinates":[[-107.00799,39.82601],[-107.00758,39.82546]]}},{"type":"Feature","properties":{"huc8":"14010001","huc8Name":"Colorado Headwaters","historic":"coloradoRiver","current":"introduced","recovery":"recoveryWatch","lineageKey":"coloradoRiver","lineageLabel":"Colorado River green lineage","basin":"Colorado Headwaters","note":"Upper Colorado green-lineage context","state":"CO","confidence":"HUC8 drainage context / generalized","geometryStatus":"natural_stream_detail_tile_from_full_interpreted_layer","troutSource":"HUC8 lineage assignment v1 / review needed","sourceName":"Horse Creek","name":"Horse Creek","source_id":"162760780","length_km":1.916,"FType":460,"FCode":46006,"atlas_class":"streamriver","display_name":"Horse Creek","stream_role":"natural_stream_detail_context","sourceLayer":"colorado_natural_stream_detail_tiles_v1","sourceLabel":"Colorado natural stream detail tiles v1","sensitivity":"generalized"},"geometry":{"type":"LineString","coordinates":[[-107.07577,39.80327],[-107.07593,39.80252],[-107.07285,39.79907],[-107.07235,39.79741],[-107.06628,39.79404],[-107.06655,39.79107],[-107.06587,39.78983]]}},{"type":"Feature","properties":{"huc8":"14010001","huc8Name":"Colorado Headwaters","historic":"coloradoRiver","current":"introduced","recovery":"recoveryWatch","lineageKey":"coloradoRiver","lineageLabel":"Colorado River green lineage","basin":"Colorado Headwaters","note":"Upper Colorado green-lineage context","state":"CO","confidence":"HUC8 drainage context / generalized","geometryStatus":"natural_stream_detail_tile_from_full_interpreted_layer","troutSource":"HUC8 lineage assignment v1 / review needed","sourceName":"Willow Creek","name":"Willow Creek","source_id":"162760022","length_km":0.14783079,"FType":460,"FCode":46006,"atlas_class":"streamriver","display_name":"Willow Creek","stream_role":"natural_stream_detail_context","sourceLayer":"colorado_natural_stream_detail_tiles_v1","sourceLabel":"Colorado natural stream detail tiles v1","sensitivity":"generalized"},"geometry":{"type":"LineString","coordinates":[[-107.05499,39.80816],[-107.05354,39.80762]]}},{"type":"Feature","properties":{"huc8":"14010001","huc8Name":"Colorado Headwaters","historic":"coloradoRiver","current":"introduced","recovery":"recoveryWatch","lineageKey":"coloradoRiver","lineageLabel":"Colorado River green lineage","basin":"Colorado Headwaters","note":"Upper Colorado green-lineage context","state":"CO","confidence":"HUC8 drainage context / generalized","geometryStatus":"natural_stream_detail_tile_from_full_interpreted_layer","troutSource":"HUC8 lineage assignment v1 / review needed","sourceName":"Poison Creek","name":"Poison Creek","source_id":"88886115","length_km":0.05623629,"FType":460,"FCode":46006,"atlas_class":"streamriver","display_name":"Poison Creek","stream_role":"natural_stream_detail_context","sourceLayer":"colorado_natural_stream_detail_tiles_v1","sourceLabel":"Colorado natural stream detail tiles v1","sensitivity":"generalized"},"geometry":{"type":"LineString","coordinates":[[-107.04958,39.82932],[-107.04898,39.82912]]}},{"type":"Feature","properties":{"huc8":"14010001","huc8Name":"Colorado Headwaters","historic":"coloradoRiver","current":"introduced","recovery":"recoveryWatch","lineageKey":"coloradoRiver","lineageLabel":"Colorado River green lineage","basin":"Colorado Headwaters","note":"Upper Colorado green-lineage context","state":"CO","confidence":"HUC8 drainage context / generalized","geometryStatus":"natural_stream_detail_tile_from_full_interpreted_layer","troutSource":"HUC8 lineage assignment v1 / review needed","sourceName":"Willow Creek","name":"Willow Creek","source_id":"162760962","length_km":0.14823158,"FType":460,"FCode":46006,"atlas_class":"streamriver","display_name":"Willow Creek","stream_role":"natural_stream_detail_context","sourceLayer":"colorado_natural_stream_detail_tiles_v1","sourceLabel":"Colorado natural stream detail tiles v1","sensitivity":"generalized"},"geometry":{"type":"LineString","coordinates":[[-107.06873,39.80954],[-107.06709,39.80953]]}},{"type":"Feature","properties":{"huc8":"14010001","huc8Name":"Colorado Headwaters","historic":"coloradoRiver","current":"introduced","recovery":"recoveryWatch","lineageKey":"coloradoRiver","lineageLabel":"Colorado River green lineage","basin":"Colorado Headwaters","note":"Upper Colorado green-lineage context","state":"CO","confidence":"HUC8 drainage context / generalized","geometryStatus":"natural_stream_detail_tile_from_full_interpreted_layer","troutSource":"HUC8 lineage assignment v1 / review needed","sourceName":"Poison Creek","name":"Poison Creek","source_id":"162757567","length_km":0.15814914,"FType":460,"FCode":46006,"atlas_class":"streamriver","display_name":"Poison Creek","stream_role":"natural_stream_detail_context","sourceLayer":"colorado_natural_stream_detail_tiles_v1","sourceLabel":"Colorado natural stream detail tiles v1","sensitivity":"generalized"},"geometry":{"type":"LineString","coordinates":[[-107.05347,39.83037],[-107.05198,39.82957]]}},{"type":"Feature","properties":{"huc8":"14010001","huc8Name":"Colorado Headwaters","historic":"coloradoRiver","current":"introduced","recovery":"recoveryWatch","lineageKey":"coloradoRiver","lineageLabel":"Colorado River green lineage","basin":"Colorado Headwaters","note":"Upper Colorado green-lineage context","state":"CO","confidence":"HUC8 drainage context / generalized","geometryStatus":"natural_stream_detail_tile_from_full_interpreted_layer","troutSource":"HUC8 lineage assignment v1 / review needed","sourceName":"Willow Creek","name":"Willow Creek","source_id":"162760023","length_km":0.03349216,"FType":460,"FCode":46006,"atlas_class":"streamriver","display_name":"Willow Creek","stream_role":"natural_stream_detail_context","sourceLayer":"colorado_natural_stream_detail_tiles_v1","sourceLabel":"Colorado natural stream detail tiles v1","sensitivity":"generalized"},"geometry":{"type":"LineString","coordinates":[[-107.05354,39.80762],[-107.05318,39.80757]]}},{"type":"Feature","properties":{"huc8":"14010001","huc8Name":"Colorado Headwaters","historic":"coloradoRiver","current":"introduced","recovery":"recoveryWatch","lineageKey":"coloradoRiver","lineageLabel":"Colorado River green lineage","basin":"Colorado Headwaters","note":"Upper Colorado green-lineage context","state":"CO","confidence":"HUC8 drainage context / generalized","geometryStatus":"natural_stream_detail_tile_from_full_interpreted_layer","troutSource":"HUC8 lineage assignment v1 / review needed","sourceName":"Horse Creek","name":"Horse Creek","source_id":"88886177","length_km":0.32042807,"FType":460,"FCode":46006,"atlas_class":"streamriver","display_name":"Horse Creek","stream_role":"natural_stream_detail_context","sourceLayer":"colorado_natural_stream_detail_tiles_v1","sourceLabel":"Colorado natural stream detail tiles v1","sensitivity":"generalized"},"geometry":{"type":"LineString","coordinates":[[-107.08533,39.82493],[-107.08396,39.82237]]}},{"type":"Feature","properties":{"huc8":"14010001","huc8Name":"Colorado Headwaters","historic":"coloradoRiver","current":"introduced","recovery":"recoveryWatch","lineageKey":"coloradoRiver","lineageLabel":"Colorado River green lineage","basin":"Colorado Headwaters","note":"Upper Colorado green-lineage context","state":"CO","confidence":"HUC8 drainage context / generalized","geometryStatus":"natural_stream_detail_tile_from_full_interpreted_layer","troutSource":"HUC8 lineage assignment v1 / review needed","sourceName":"Horse Creek","name":"Horse Creek","source_id":"162751790","length_km":0.2418899,"FType":460,"FCode":46006,"atlas_class":"streamriver","display_name":"Horse Creek","stream_role":"natural_stream_detail_context","sourceLayer":"colorado_natural_stream_detail_tiles_v1","sourceLabel":"Colorado natural stream detail tiles v1","sensitivity":"generalized"},"geometry":{"type":"LineString","coordinates":[[-107.07797,39.81684],[-107.07855,39.81476]]}},{"type":"Feature","properties":{"huc8":"14010001","huc8Name":"Colorado Headwaters","historic":"coloradoRiver","current":"introduced","recovery":"recoveryWatch","lineageKey":"coloradoRiver","lineageLabel":"Colorado River green lineage","basin":"Colorado Headwaters","note":"Upper Colorado green-lineage context","state":"CO","confidence":"HUC8 drainage context / generalized","geometryStatus":"natural_stream_detail_tile_from_full_interpreted_layer","troutSource":"HUC8 lineage assignment v1 / review needed","sourceName":"East Fork Sheep Creek","name":"East Fork Sheep Creek","source_id":"162760940","length_km":0.78960518,"FType":460,"FCode":46003,"atlas_class":"streamriver","display_name":"East Fork Sheep Creek","stream_role":"natural_stream_detail_context","sourceLayer":"colorado_natural_stream_detail_tiles_v1","sourceLabel":"Colorado natural stream detail tiles v1","sensitivity":"generalized"},"geometry":{"type":"LineString","coordinates":[[-107.0797,39.81043],[-107.07932,39.80821],[-107.07977,39.80744],[-107.08119,39.80689],[-107.0834,39.80493]]}},{"type":"Feature","properties":{"huc8":"14010001","huc8Name":"Colorado Headwaters","historic":"coloradoRiver","current":"introduced","recovery":"recoveryWatch","lineageKey":"coloradoRiver","lineageLabel":"Colorado River green lineage","basin":"Colorado Headwaters","note":"Upper Colorado green-lineage context","state":"CO","confidence":"HUC8 drainage context / generalized","geometryStatus":"natural_stream_detail_tile_from_full_interpreted_layer","troutSource":"HUC8 lineage assignment v1 / review needed","sourceName":"East Fork Sheep Creek","name":"East Fork Sheep Creek","source_id":"88886273","length_km":0.17411974,"FType":460,"FCode":46003,"atlas_class":"streamriver","display_name":"East Fork Sheep Creek","stream_role":"natural_stream_detail_context","sourceLayer":"colorado_natural_stream_detail_tiles_v1","sourceLabel":"Colorado natural stream detail tiles v1","sensitivity":"generalized"},"geometry":{"type":"LineString","coordinates":[[-107.08398,39.81093],[-107.08194,39.81091]]}},{"type":"Feature","properties":{"huc8":"14010001","huc8Name":"Colorado Headwaters","historic":"coloradoRiver","current":"introduced","recovery":"recoveryWatch","lineageKey":"coloradoRiver","lineageLabel":"Colorado River green lineage","basin":"Colorado Headwaters","note":"Upper Colorado green-lineage context","state":"CO","confidence":"HUC8 drainage context / generalized","geometryStatus":"natural_stream_detail_tile_from_full_interpreted_layer","troutSource":"HUC8 lineage assignment v1 / review needed","sourceName":"East Fork Sheep Creek","name":"East Fork Sheep Creek","source_id":"88886377","length_km":0.32902329,"FType":460,"FCode":46006,"atlas_class":"streamriver","display_name":"East Fork Sheep Creek","stream_role":"natural_stream_detail_context","sourceLayer":"colorado_natural_stream_detail_tiles_v1","sourceLabel":"Colorado natural stream detail tiles v1","sensitivity":"generalized"},"geometry":{"type":"LineString","coordinates":[[-107.08634,39.80152],[-107.08802,39.799]]}},{"type":"Feature","properties":{"huc8":"14010001","huc8Name":"Colorado Headwaters","historic":"coloradoRiver","current":"introduced","recovery":"recoveryWatch","lineageKey":"coloradoRiver","lineageLabel":"Colorado River green lineage","basin":"Colorado Headwaters","note":"Upper Colorado green-lineage context","state":"CO","confidence":"HUC8 drainage context / generalized","geometryStatus":"natural_stream_detail_tile_from_full_interpreted_layer","troutSource":"HUC8 lineage assignment v1 / review needed","sourceName":"Red Dirt Creek","name":"Red Dirt Creek","source_id":"162757604","length_km":0.03,"FType":460,"FCode":46006,"atlas_class":"streamriver","display_name":"Red Dirt Creek","stream_role":"natural_stream_detail_context","sourceLayer":"colorado_natural_stream_detail_tiles_v1","sourceLabel":"Colorado natural stream detail tiles v1","sensitivity":"generalized"},"geometry":{"type":"LineString","coordinates":[[-107.00252,39.81934],[-107.00218,39.81925]]}},{"type":"Feature","properties":{"huc8":"14010001","huc8Name":"Colorado Headwaters","historic":"coloradoRiver","current":"introduced","recovery":"recoveryWatch","lineageKey":"coloradoRiver","lineageLabel":"Colorado River green lineage","basin":"Colorado Headwaters","note":"Upper Colorado green-lineage context","state":"CO","confidence":"HUC8 drainage context / generalized","geometryStatus":"natural_stream_detail_tile_from_full_interpreted_layer","troutSource":"HUC8 lineage assignment v1 / review needed","sourceName":"Dry Fork Cabin Creek","name":"Dry Fork Cabin Creek","source_id":"88855489","length_km":0.55007932,"FType":460,"FCode":46003,"atlas_class":"streamriver","display_name":"Dry Fork Cabin Creek","stream_role":"natural_stream_detail_context","sourceLayer":"colorado_natural_stream_detail_tiles_v1","sourceLabel":"Colorado natural stream detail tiles v1","sensitivity":"generalized"},"geometry":{"type":"LineString","coordinates":[[-107.00593,39.91993],[-106.99957,39.92016]]}},{"type":"Feature","properties":{"huc8":"14010001","huc8Name":"Colorado Headwaters","historic":"coloradoRiver","current":"introduced","recovery":"recoveryWatch","lineageKey":"coloradoRiver","lineageLabel":"Colorado River green lineage","basin":"Colorado Headwaters","note":"Upper Colorado green-lineage context","state":"CO","confidence":"HUC8 drainage context / generalized","geometryStatus":"natural_stream_detail_tile_from_full_interpreted_layer","troutSource":"HUC8 lineage assignment v1 / review needed","sourceName":"Red Dirt Creek","name":"Red Dirt Creek","source_id":"162757792","length_km":0.082,"FType":460,"FCode":46006,"atlas_class":"streamriver","display_name":"Red Dirt Creek","stream_role":"natural_stream_detail_context","sourceLayer":"colorado_natural_stream_detail_tiles_v1","sourceLabel":"Colorado natural stream detail tiles v1","sensitivity":"generalized"},"geometry":{"type":"LineString","coordinates":[[-107.00923,39.82697],[-107.00873,39.82644]]}},{"type":"Feature","properties":{"huc8":"14010001","huc8Name":"Colorado Headwaters","historic":"coloradoRiver","current":"introduced","recovery":"recoveryWatch","lineageKey":"coloradoRiver","lineageLabel":"Colorado River green lineage","basin":"Colorado Headwaters","note":"Upper Colorado green-lineage context","state":"CO","confidence":"HUC8 drainage context / generalized","geometryStatus":"natural_stream_detail_tile_from_full_interpreted_layer","troutSource":"HUC8 lineage assignment v1 / review needed","sourceName":"Red Dirt Creek","name":"Red Dirt Creek","source_id":"162757466","length_km":0.201,"FType":460,"FCode":46006,"atlas_class":"streamriver","display_name":"Red Dirt Creek","stream_role":"natural_stream_detail_context","sourceLayer":"colorado_natural_stream_detail_tiles_v1","sourceLabel":"Colorado natural stream detail tiles v1","sensitivity":"generalized"},"geometry":{"type":"LineString","coordinates":[[-107.00221,39.81891],[-107.00109,39.81765]]}},{"type":"Feature","properties":{"huc8":"14010001","huc8Name":"Colorado Headwaters","historic":"coloradoRiver","current":"introduced","recovery":"recoveryWatch","lineageKey":"coloradoRiver","lineageLabel":"Colorado River green lineage","basin":"Colorado Headwaters","note":"Upper Colorado green-lineage context","state":"CO","confidence":"HUC8 drainage context / generalized","geometryStatus":"natural_stream_detail_tile_from_full_interpreted_layer","troutSource":"HUC8 lineage assignment v1 / review needed","sourceName":"Red Dirt Creek","name":"Red Dirt Creek","source_id":"162757605","length_km":0.045,"FType":460,"FCode":46006,"atlas_class":"streamriver","display_name":"Red Dirt Creek","stream_role":"natural_stream_detail_context","sourceLayer":"colorado_natural_stream_detail_tiles_v1","sourceLabel":"Colorado natural stream detail tiles v1","sensitivity":"generalized"},"geometry":{"type":"LineString","coordinates":[[-107.00218,39.81925],[-107.00221,39.81891]]}},{"type":"Feature","properties":{"huc8":"14010001","huc8Name":"Colorado Headwaters","historic":"coloradoRiver","current":"introduced","recovery":"recoveryWatch","lineageKey":"coloradoRiver","lineageLabel":"Colorado River green lineage","basin":"Colorado Headwaters","note":"Upper Colorado green-lineage context","state":"CO","confidence":"HUC8 drainage context / generalized","geometryStatus":"natural_stream_detail_tile_from_full_interpreted_layer","troutSource":"HUC8 lineage assignment v1 / review needed","sourceName":"Red Dirt Creek","name":"Red Dirt Creek","source_id":"162757793","length_km":0.118,"FType":460,"FCode":46006,"atlas_class":"streamriver","display_name":"Red Dirt Creek","stream_role":"natural_stream_detail_context","sourceLayer":"colorado_natural_stream_detail_tiles_v1","sourceLabel":"Colorado natural stream detail tiles v1","sensitivity":"generalized"},"geometry":{"type":"LineString","coordinates":[[-107.00873,39.82644],[-107.00799,39.82601]]}},{"type":"Feature","properties":{"huc8":"14010001","huc8Name":"Colorado Headwaters","historic":"coloradoRiver","current":"introduced","recovery":"recoveryWatch","lineageKey":"coloradoRiver","lineageLabel":"Colorado River green lineage","basin":"Colorado Headwaters","note":"Upper Colorado green-lineage context","state":"CO","confidence":"HUC8 drainage context / generalized","geometryStatus":"natural_stream_detail_tile_from_full_interpreted_layer","troutSource":"HUC8 lineage assignment v1 / review needed","sourceName":"Red Dirt Creek","name":"Red Dirt Creek","source_id":"162757682","length_km":0.08,"FType":460,"FCode":46006,"atlas_class":"streamriver","display_name":"Red Dirt Creek","stream_role":"natural_stream_detail_context","sourceLayer":"colorado_natural_stream_detail_tiles_v1","sourceLabel":"Colorado natural stream detail tiles v1","sensitivity":"generalized"},"geometry":{"type":"LineString","coordinates":[[-107.00317,39.81966],[-107.00252,39.81934]]}},{"type":"Feature","properties":{"huc8":"14010001","huc8Name":"Colorado Headwaters","historic":"coloradoRiver","current":"introduced","recovery":"recoveryWatch","lineageKey":"coloradoRiver","lineageLabel":"Colorado River green lineage","basin":"Colorado Headwaters","note":"Upper Colorado green-lineage context","state":"CO","confidence":"HUC8 drainage context / generalized","geometryStatus":"natural_stream_detail_tile_from_full_interpreted_layer","troutSource":"HUC8 lineage assignment v1 / review needed","sourceName":"West Fork Red Dirt Creek","name":"West Fork Red Dirt Creek","source_id":"88886017","length_km":0.17898588,"FType":460,"FCode":46006,"atlas_class":"streamriver","display_name":"West Fork Red Dirt Creek","stream_role":"natural_stream_detail_context","sourceLayer":"colorado_natural_stream_detail_tiles_v1","sourceLabel":"Colorado natural stream detail tiles v1","sensitivity":"generalized"},"geometry":{"type":"LineString","coordinates":[[-107.07578,39.84122],[-107.0738,39.84112]]}},{"type":"Feature","properties":{"huc8":"14010001","huc8Name":"Colorado Headwaters","historic":"coloradoRiver","current":"introduced","recovery":"recoveryWatch","lineageKey":"coloradoRiver","lineageLabel":"Colorado River green lineage","basin":"Colorado Headwaters","note":"Upper Colorado green-lineage context","state":"CO","confidence":"HUC8 drainage context / generalized","geometryStatus":"natural_stream_detail_tile_from_full_interpreted_layer","troutSource":"HUC8 lineage assignment v1 / review needed","sourceName":"Hack Creek","name":"Hack Creek","source_id":"162752835","length_km":0.02052755,"FType":460,"FCode":46006,"atlas_class":"streamriver","display_name":"Hack Creek","stream_role":"natural_stream_detail_context","sourceLayer":"colorado_natural_stream_detail_tiles_v1","sourceLabel":"Colorado natural stream detail tiles v1","sensitivity":"generalized"},"geometry":{"type":"LineString","coordinates":[[-107.13398,39.8131],[-107.1339,39.81293]]}},{"type":"Feature","properties":{"huc8":"14010001","huc8Name":"Colorado Headwaters","historic":"coloradoRiver","current":"introduced","recovery":"recoveryWatch","lineageKey":"coloradoRiver","lineageLabel":"Colorado River green lineage","basin":"Colorado Headwaters","note":"Upper Colorado green-lineage context","state":"CO","confidence":"HUC8 drainage context / generalized","geometryStatus":"natural_stream_detail_tile_from_full_interpreted_layer","troutSource":"HUC8 lineage assignment v1 / review needed","sourceName":"Horse Creek","name":"Horse Creek","source_id":"162755387","length_km":0.62077964,"FType":460,"FCode":46006,"atlas_class":"streamriver","display_name":"Horse Creek","stream_role":"natural_stream_detail_context","sourceLayer":"colorado_natural_stream_detail_tiles_v1","sourceLabel":"Colorado natural stream detail tiles v1","sensitivity":"generalized"},"geometry":{"type":"LineString","coordinates":[[-107.09294,39.83022],[-107.08899,39.82874],[-107.08711,39.82719]]}},{"type":"Feature","properties":{"huc8":"14010001","huc8Name":"Colorado Headwaters","historic":"coloradoRiver","current":"introduced","recovery":"recoveryWatch","lineageKey":"coloradoRiver","lineageLabel":"Colorado River green lineage","basin":"Colorado Headwaters","note":"Upper Colorado green-lineage context","state":"CO","confidence":"HUC8 drainage context / generalized","geometryStatus":"natural_stream_detail_tile_from_full_interpreted_layer","troutSource":"HUC8 lineage assignment v1 / review needed","sourceName":"Willow Creek","name":"Willow Creek","source_id":"162759982","length_km":0.26492382,"FType":460,"FCode":46006,"atlas_class":"streamriver","display_name":"Willow Creek","stream_role":"natural_stream_detail_context","sourceLayer":"colorado_natural_stream_detail_tiles_v1","sourceLabel":"Colorado natural stream detail tiles v1","sensitivity":"generalized"},"geometry":{"type":"LineString","coordinates":[[-107.05099,39.80722],[-107.0499,39.80635],[-107.04849,39.80626]]}},{"type":"Feature","properties":{"huc8":"14010001","huc8Name":"Colorado Headwaters","historic":"coloradoRiver","current":"introduced","recovery":"recoveryWatch","lineageKey":"coloradoRiver","lineageLabel":"Colorado River green lineage","basin":"Colorado Headwaters","note":"Upper Colorado green-lineage context","state":"CO","confidence":"HUC8 drainage context / generalized","geometryStatus":"natural_stream_detail_tile_from_full_interpreted_layer","troutSource":"HUC8 lineage assignment v1 / review needed","sourceName":"Hack Creek","name":"Hack Creek","source_id":"88887957","length_km":2.29245815,"FType":460,"FCode":46006,"atlas_class":"streamriver","display_name":"Hack Creek","stream_role":"natural_stream_detail_context","sourceLayer":"colorado_natural_stream_detail_tiles_v1","sourceLabel":"Colorado natural stream detail tiles v1","sensitivity":"generalized"},"geometry":{"type":"LineString","coordinates":[[-107.13179,39.80273],[-107.13131,39.8011],[-107.13296,39.79698],[-107.13327,39.79157],[-107.13377,39.79037],[-107.13294,39.786],[-107.13171,39.7845],[-107.13208,39.78323]]}},{"type":"Feature","properties":{"huc8":"14010001","huc8Name":"Colorado Headwaters","historic":"coloradoRiver","current":"introduced","recovery":"recoveryWatch","lineageKey":"coloradoRiver","lineageLabel":"Colorado River green lineage","basin":"Colorado Headwaters","note":"Upper Colorado green-lineage context","state":"CO","confidence":"HUC8 drainage context / generalized","geometryStatus":"natural_stream_detail_tile_from_full_interpreted_layer","troutSource":"HUC8 lineage assignment v1 / review needed","sourceName":"West Fork Red Dirt Creek","name":"West Fork Red Dirt Creek","source_id":"162751397","length_km":0.70300292,"FType":460,"FCode":46006,"atlas_class":"streamriver","display_name":"West Fork Red Dirt Creek","stream_role":"natural_stream_detail_context","sourceLayer":"colorado_natural_stream_detail_tiles_v1","sourceLabel":"Colorado natural stream detail tiles v1","sensitivity":"generalized"},"geometry":{"type":"LineString","coordinates":[[-107.0937,39.84556],[-107.09288,39.84504],[-107.09093,39.84515],[-107.0872,39.8425]]}},{"type":"Feature","properties":{"huc8":"14010001","huc8Name":"Colorado Headwaters","historic":"coloradoRiver","current":"introduced","recovery":"recoveryWatch","lineageKey":"coloradoRiver","lineageLabel":"Colorado River green lineage","basin":"Colorado Headwaters","note":"Upper Colorado green-lineage context","state":"CO","confidence":"HUC8 drainage context / generalized","geometryStatus":"natural_stream_detail_tile_from_full_interpreted_layer","troutSource":"HUC8 lineage assignment v1 / review needed","sourceName":"West Fork Red Dirt Creek","name":"West Fork Red Dirt Creek","source_id":"162753533","length_km":0.88479894,"FType":460,"FCode":46006,"atlas_class":"streamriver","display_name":"West Fork Red Dirt Creek","stream_role":"natural_stream_detail_context","sourceLayer":"colorado_natural_stream_detail_tiles_v1","sourceLabel":"Colorado natural stream detail tiles v1","sensitivity":"generalized"},"geometry":{"type":"LineString","coordinates":[[-107.08486,39.84173],[-107.07878,39.83952],[-107.07613,39.84111]]}},{"type":"Feature","properties":{"huc8":"14010001","huc8Name":"Colorado Headwaters","historic":"coloradoRiver","current":"introduced","recovery":"recoveryWatch","lineageKey":"coloradoRiver","lineageLabel":"Colorado River green lineage","basin":"Colorado Headwaters","note":"Upper Colorado green-lineage context","state":"CO","confidence":"HUC8 drainage context / generalized","geometryStatus":"natural_stream_detail_tile_from_full_interpreted_layer","troutSource":"HUC8 lineage assignment v1 / review needed","sourceName":"Horse Creek","name":"Horse Creek","source_id":"88886337","length_km":0.549,"FType":460,"FCode":46006,"atlas_class":"streamriver","display_name":"Horse Creek","stream_role":"natural_stream_detail_context","sourceLayer":"colorado_natural_stream_detail_tiles_v1","sourceLabel":"Colorado natural stream detail tiles v1","sensitivity":"generalized"},"geometry":{"type":"LineString","coordinates":[[-107.07496,39.80793],[-107.07464,39.80679],[-107.07577,39.80327]]}},{"type":"Feature","properties":{"huc8":"14010001","huc8Name":"Colorado Headwaters","historic":"coloradoRiver","current":"introduced","recovery":"recoveryWatch","lineageKey":"coloradoRiver","lineageLabel":"Colorado River green lineage","basin":"Colorado Headwaters","note":"Upper Colorado green-lineage context","state":"CO","confidence":"HUC8 drainage context / generalized","geometryStatus":"natural_stream_detail_tile_from_full_interpreted_layer","troutSource":"HUC8 lineage assignment v1 / review needed","sourceName":"Willow Creek","name":"Willow Creek","source_id":"162754959","length_km":0.72674547,"FType":460,"FCode":46006,"atlas_class":"streamriver","display_name":"Willow Creek","stream_role":"natural_stream_detail_context","sourceLayer":"colorado_natural_stream_detail_tiles_v1","sourceLabel":"Colorado natural stream detail tiles v1","sensitivity":"generalized"},"geometry":{"type":"LineString","coordinates":[[-107.07012,39.82589],[-107.0699,39.82497],[-107.07071,39.8241],[-107.07108,39.82166],[-107.07296,39.82035]]}},{"type":"Feature","properties":{"huc8":"14010001","huc8Name":"Colorado Headwaters","historic":"coloradoRiver","current":"introduced","recovery":"recoveryWatch","lineageKey":"coloradoRiver","lineageLabel":"Colorado River green lineage","basin":"Colorado Headwaters","note":"Upper Colorado green-lineage context","state":"CO","confidence":"HUC8 drainage context / generalized","geometryStatus":"natural_stream_detail_tile_from_full_interpreted_layer","troutSource":"HUC8 lineage assignment v1 / review needed","sourceName":"Hack Creek","name":"Hack Creek","source_id":"88887765","length_km":0.17373365,"FType":460,"FCode":46006,"atlas_class":"streamriver","display_name":"Hack Creek","stream_role":"natural_stream_detail_context","sourceLayer":"colorado_natural_stream_detail_tiles_v1","sourceLabel":"Colorado natural stream detail tiles v1","sensitivity":"generalized"},"geometry":{"type":"LineString","coordinates":[[-107.13678,39.819],[-107.13658,39.81749]]}},{"type":"Feature","properties":{"huc8":"14010001","huc8Name":"Colorado Headwaters","historic":"coloradoRiver","current":"introduced","recovery":"recoveryWatch","lineageKey":"coloradoRiver","lineageLabel":"Colorado River green lineage","basin":"Colorado Headwaters","note":"Upper Colorado green-lineage context","state":"CO","confidence":"HUC8 drainage context / generalized","geometryStatus":"natural_stream_detail_tile_from_full_interpreted_layer","troutSource":"HUC8 lineage assignment v1 / review needed","sourceName":"Hack Creek","name":"Hack Creek","source_id":"88887819","length_km":0.19074886,"FType":460,"FCode":46006,"atlas_class":"streamriver","display_name":"Hack Creek","stream_role":"natural_stream_detail_context","sourceLayer":"colorado_natural_stream_detail_tiles_v1","sourceLabel":"Colorado natural stream detail tiles v1","sensitivity":"generalized"},"geometry":{"type":"LineString","coordinates":[[-107.13386,39.80979],[-107.13315,39.8082]]}},{"type":"Feature","properties":{"huc8":"14010001","huc8Name":"Colorado Headwaters","historic":"coloradoRiver","current":"introduced","recovery":"recoveryWatch","lineageKey":"coloradoRiver","lineageLabel":"Colorado River green lineage","basin":"Colorado Headwaters","note":"Upper Colorado green-lineage context","state":"CO","confidence":"HUC8 drainage context / generalized","geometryStatus":"natural_stream_detail_tile_from_full_interpreted_layer","troutSource":"HUC8 lineage assignment v1 / review needed","sourceName":"Horse Creek","name":"Horse Creek","source_id":"162760586","length_km":0.157,"FType":460,"FCode":46006,"atlas_class":"streamriver","display_name":"Horse Creek","stream_role":"natural_stream_detail_context","sourceLayer":"colorado_natural_stream_detail_tiles_v1","sourceLabel":"Colorado natural stream detail tiles v1","sensitivity":"generalized"},"geometry":{"type":"LineString","coordinates":[[-107.07564,39.80923],[-107.07496,39.80793]]}},{"type":"Feature","properties":{"huc8":"14010001","huc8Name":"Colorado Headwaters","historic":"coloradoRiver","current":"introduced","recovery":"recoveryWatch","lineageKey":"coloradoRiver","lineageLabel":"Colorado River green lineage","basin":"Colorado Headwaters","note":"Upper Colorado green-lineage context","state":"CO","confidence":"HUC8 drainage context / generalized","geometryStatus":"natural_stream_detail_tile_from_full_interpreted_layer","troutSource":"HUC8 lineage assignment v1 / review needed","sourceName":"West Fork Red Dirt Creek","name":"West Fork Red Dirt Creek","source_id":"162753908","length_km":0.1652599,"FType":460,"FCode":46006,"atlas_class":"streamriver","display_name":"West Fork Red Dirt Creek","stream_role":"natural_stream_detail_context","sourceLayer":"colorado_natural_stream_detail_tiles_v1","sourceLabel":"Colorado natural stream detail tiles v1","sensitivity":"generalized"},"geometry":{"type":"LineString","coordinates":[[-107.0738,39.84112],[-107.07224,39.84187]]}},{"type":"Feature","properties":{"huc8":"14010001","huc8Name":"Colorado Headwaters","historic":"coloradoRiver","current":"introduced","recovery":"recoveryWatch","lineageKey":"coloradoRiver","lineageLabel":"Colorado River green lineage","basin":"Colorado Headwaters","note":"Upper Colorado green-lineage context","state":"CO","confidence":"HUC8 drainage context / generalized","geometryStatus":"natural_stream_detail_tile_from_full_interpreted_layer","troutSource":"HUC8 lineage assignment v1 / review needed","sourceName":"Horse Creek","name":"Horse Creek","source_id":"162755386","length_km":0.63384292,"FType":460,"FCode":46006,"atlas_class":"streamriver","display_name":"Horse Creek","stream_role":"natural_stream_detail_context","sourceLayer":"colorado_natural_stream_detail_tiles_v1","sourceLabel":"Colorado natural stream detail tiles v1","sensitivity":"generalized"},"geometry":{"type":"LineString","coordinates":[[-107.0996,39.83081],[-107.09579,39.82937],[-107.09294,39.83022]]}},{"type":"Feature","properties":{"huc8":"14010001","huc8Name":"Colorado Headwaters","historic":"coloradoRiver","current":"introduced","recovery":"recoveryWatch","lineageKey":"coloradoRiver","lineageLabel":"Colorado River green lineage","basin":"Colorado Headwaters","note":"Upper Colorado green-lineage context","state":"CO","confidence":"HUC8 drainage context / generalized","geometryStatus":"natural_stream_detail_tile_from_full_interpreted_layer","troutSource":"HUC8 lineage assignment v1 / review needed","sourceName":"West Fork Sheep Creek","name":"West Fork Sheep Creek","source_id":"162753905","length_km":0.277,"FType":460,"FCode":46003,"atlas_class":"streamriver","display_name":"West Fork Sheep Creek","stream_role":"natural_stream_detail_context","sourceLayer":"colorado_natural_stream_detail_tiles_v1","sourceLabel":"Colorado natural stream detail tiles v1","sensitivity":"generalized"},"geometry":{"type":"LineString","coordinates":[[-107.13012,39.8295],[-107.12807,39.82762]]}},{"type":"Feature","properties":{"huc8":"14010001","huc8Name":"Colorado Headwaters","historic":"coloradoRiver","current":"introduced","recovery":"recoveryWatch","lineageKey":"coloradoRiver","lineageLabel":"Colorado River green lineage","basin":"Colorado Headwaters","note":"Upper Colorado green-lineage context","state":"CO","confidence":"HUC8 drainage context / generalized","geometryStatus":"natural_stream_detail_tile_from_full_interpreted_layer","troutSource":"HUC8 lineage assignment v1 / review needed","sourceName":"West Fork Sheep Creek","name":"West Fork Sheep Creek","source_id":"88886157","length_km":0.678,"FType":460,"FCode":46003,"atlas_class":"streamriver","display_name":"West Fork Sheep Creek","stream_role":"natural_stream_detail_context","sourceLayer":"colorado_natural_stream_detail_tiles_v1","sourceLabel":"Colorado natural stream detail tiles v1","sensitivity":"generalized"},"geometry":{"type":"LineString","coordinates":[[-107.12807,39.82762],[-107.12581,39.82661],[-107.12497,39.82522],[-107.1221,39.82409]]}},{"type":"Feature","properties":{"huc8":"14010001","huc8Name":"Colorado Headwaters","historic":"coloradoRiver","current":"introduced","recovery":"recoveryWatch","lineageKey":"coloradoRiver","lineageLabel":"Colorado River green lineage","basin":"Colorado Headwaters","note":"Upper Colorado green-lineage context","state":"CO","confidence":"HUC8 drainage context / generalized","geometryStatus":"natural_stream_detail_tile_from_full_interpreted_layer","troutSource":"HUC8 lineage assignment v1 / review needed","sourceName":"Horse Creek","name":"Horse Creek","source_id":"162760585","length_km":0.695,"FType":460,"FCode":46006,"atlas_class":"streamriver","display_name":"Horse Creek","stream_role":"natural_stream_detail_context","sourceLayer":"colorado_natural_stream_detail_tiles_v1","sourceLabel":"Colorado natural stream detail tiles v1","sensitivity":"generalized"},"geometry":{"type":"LineString","coordinates":[[-107.07855,39.81476],[-107.07812,39.81315],[-107.07591,39.81073],[-107.07564,39.80923]]}},{"type":"Feature","properties":{"huc8":"14010001","huc8Name":"Colorado Headwaters","historic":"coloradoRiver","current":"introduced","recovery":"recoveryWatch","lineageKey":"coloradoRiver","lineageLabel":"Colorado River green lineage","basin":"Colorado Headwaters","note":"Upper Colorado green-lineage context","state":"CO","confidence":"HUC8 drainage context / generalized","geometryStatus":"natural_stream_detail_tile_from_full_interpreted_layer","troutSource":"HUC8 lineage assignment v1 / review needed","sourceName":"West Fork Sheep Creek","name":"West Fork Sheep Creek","source_id":"162750570","length_km":0.36963126,"FType":460,"FCode":46006,"atlas_class":"streamriver","display_name":"West Fork Sheep Creek","stream_role":"natural_stream_detail_context","sourceLayer":"colorado_natural_stream_detail_tiles_v1","sourceLabel":"Colorado natural stream detail tiles v1","sensitivity":"generalized"},"geometry":{"type":"LineString","coordinates":[[-107.12012,39.81864],[-107.11744,39.81614]]}},{"type":"Feature","properties":{"huc8":"14010001","huc8Name":"Colorado Headwaters","historic":"coloradoRiver","current":"introduced","recovery":"recoveryWatch","lineageKey":"coloradoRiver","lineageLabel":"Colorado River green lineage","basin":"Colorado Headwaters","note":"Upper Colorado green-lineage context","state":"CO","confidence":"HUC8 drainage context / generalized","geometryStatus":"natural_stream_detail_tile_from_full_interpreted_layer","troutSource":"HUC8 lineage assignment v1 / review needed","sourceName":"Willow Creek","name":"Willow Creek","source_id":"162751258","length_km":0.34778156,"FType":460,"FCode":46003,"atlas_class":"streamriver","display_name":"Willow Creek","stream_role":"natural_stream_detail_context","sourceLayer":"colorado_natural_stream_detail_tiles_v1","sourceLabel":"Colorado natural stream detail tiles v1","sensitivity":"generalized"},"geometry":{"type":"LineString","coordinates":[[-107.08383,39.8352],[-107.08188,39.83457],[-107.08123,39.83319]]}},{"type":"Feature","properties":{"huc8":"14010001","huc8Name":"Colorado Headwaters","historic":"coloradoRiver","current":"introduced","recovery":"recoveryWatch","lineageKey":"coloradoRiver","lineageLabel":"Colorado River green lineage","basin":"Colorado Headwaters","note":"Upper Colorado green-lineage context","state":"CO","confidence":"HUC8 drainage context / generalized","geometryStatus":"natural_stream_detail_tile_from_full_interpreted_layer","troutSource":"HUC8 lineage assignment v1 / review needed","sourceName":"Hack Creek","name":"Hack Creek","source_id":"162751194","length_km":0.15357927,"FType":460,"FCode":46006,"atlas_class":"streamriver","display_name":"Hack Creek","stream_role":"natural_stream_detail_context","sourceLayer":"colorado_natural_stream_detail_tiles_v1","sourceLabel":"Colorado natural stream detail tiles v1","sensitivity":"generalized"},"geometry":{"type":"LineString","coordinates":[[-107.13351,39.8111],[-107.13386,39.80979]]}},{"type":"Feature","properties":{"huc8":"14010001","huc8Name":"Colorado Headwaters","historic":"coloradoRiver","current":"introduced","recovery":"recoveryWatch","lineageKey":"coloradoRiver","lineageLabel":"Colorado River green lineage","basin":"Colorado Headwaters","note":"Upper Colorado green-lineage context","state":"CO","confidence":"HUC8 drainage context / generalized","geometryStatus":"natural_stream_detail_tile_from_full_interpreted_layer","troutSource":"HUC8 lineage assignment v1 / review needed","sourceName":"Horse Creek","name":"Horse Creek","source_id":"162751789","length_km":0.16353502,"FType":460,"FCode":46006,"atlas_class":"streamriver","display_name":"Horse Creek","stream_role":"natural_stream_detail_context","sourceLayer":"colorado_natural_stream_detail_tiles_v1","sourceLabel":"Colorado natural stream detail tiles v1","sensitivity":"generalized"},"geometry":{"type":"LineString","coordinates":[[-107.07773,39.81826],[-107.07797,39.81684]]}},{"type":"Feature","properties":{"huc8":"14010001","huc8Name":"Colorado Headwaters","historic":"coloradoRiver","current":"introduced","recovery":"recoveryWatch","lineageKey":"coloradoRiver","lineageLabel":"Colorado River green lineage","basin":"Colorado Headwaters","note":"Upper Colorado green-lineage context","state":"CO","confidence":"HUC8 drainage context / generalized","geometryStatus":"natural_stream_detail_tile_from_full_interpreted_layer","troutSource":"HUC8 lineage assignment v1 / review needed","sourceName":"West Fork Sheep Creek","name":"West Fork Sheep Creek","source_id":"162753970","length_km":0.05848087,"FType":460,"FCode":46003,"atlas_class":"streamriver","display_name":"West Fork Sheep Creek","stream_role":"natural_stream_detail_context","sourceLayer":"colorado_natural_stream_detail_tiles_v1","sourceLabel":"Colorado natural stream detail tiles v1","sensitivity":"generalized"},"geometry":{"type":"LineString","coordinates":[[-107.1355,39.84781],[-107.13615,39.84763]]}},{"type":"Feature","properties":{"huc8":"14010001","huc8Name":"Colorado Headwaters","historic":"coloradoRiver","current":"introduced","recovery":"recoveryWatch","lineageKey":"coloradoRiver","lineageLabel":"Colorado River green lineage","basin":"Colorado Headwaters","note":"Upper Colorado green-lineage context","state":"CO","confidence":"HUC8 drainage context / generalized","geometryStatus":"natural_stream_detail_tile_from_full_interpreted_layer","troutSource":"HUC8 lineage assignment v1 / review needed","sourceName":"West Fork Red Dirt Creek","name":"West Fork Red Dirt Creek","source_id":"162755145","length_km":0.14069747,"FType":460,"FCode":46003,"atlas_class":"streamriver","display_name":"West Fork Red Dirt Creek","stream_role":"natural_stream_detail_context","sourceLayer":"colorado_natural_stream_detail_tiles_v1","sourceLabel":"Colorado natural stream detail tiles v1","sensitivity":"generalized"},"geometry":{"type":"LineString","coordinates":[[-107.10961,39.85308],[-107.10849,39.85391]]}},{"type":"Feature","properties":{"huc8":"14010001","huc8Name":"Colorado Headwaters","historic":"coloradoRiver","current":"introduced","recovery":"recoveryWatch","lineageKey":"coloradoRiver","lineageLabel":"Colorado River green lineage","basin":"Colorado Headwaters","note":"Upper Colorado green-lineage context","state":"CO","confidence":"HUC8 drainage context / generalized","geometryStatus":"natural_stream_detail_tile_from_full_interpreted_layer","troutSource":"HUC8 lineage assignment v1 / review needed","sourceName":"West Fork Sheep Creek","name":"West Fork Sheep Creek","source_id":"162760602","length_km":1.2797137,"FType":460,"FCode":46006,"atlas_class":"streamriver","display_name":"West Fork Sheep Creek","stream_role":"natural_stream_detail_context","sourceLayer":"colorado_natural_stream_detail_tiles_v1","sourceLabel":"Colorado natural stream detail tiles v1","sensitivity":"generalized"},"geometry":{"type":"LineString","coordinates":[[-107.11718,39.81417],[-107.11559,39.80973],[-107.11372,39.80741],[-107.11408,39.8061],[-107.11324,39.8035]]}},{"type":"Feature","properties":{"huc8":"14010001","huc8Name":"Colorado Headwaters","historic":"coloradoRiver","current":"introduced","recovery":"recoveryWatch","lineageKey":"coloradoRiver","lineageLabel":"Colorado River green lineage","basin":"Colorado Headwaters","note":"Upper Colorado green-lineage context","state":"CO","confidence":"HUC8 drainage context / generalized","geometryStatus":"natural_stream_detail_tile_from_full_interpreted_layer","troutSource":"HUC8 lineage assignment v1 / review needed","sourceName":"Hack Creek","name":"Hack Creek","source_id":"88887773","length_km":0.19591872,"FType":460,"FCode":46006,"atlas_class":"streamriver","display_name":"Hack Creek","stream_role":"natural_stream_detail_context","sourceLayer":"colorado_natural_stream_detail_tiles_v1","sourceLabel":"Colorado natural stream detail tiles v1","sensitivity":"generalized"},"geometry":{"type":"LineString","coordinates":[[-107.13658,39.81749],[-107.13559,39.81591]]}},{"type":"Feature","properties":{"huc8":"14010001","huc8Name":"Colorado Headwaters","historic":"coloradoRiver","current":"introduced","recovery":"recoveryWatch","lineageKey":"coloradoRiver","lineageLabel":"Colorado River green lineage","basin":"Colorado Headwaters","note":"Upper Colorado green-lineage context","state":"CO","confidence":"HUC8 drainage context / generalized","geometryStatus":"natural_stream_detail_tile_from_full_interpreted_layer","troutSource":"HUC8 lineage assignment v1 / review needed","sourceName":"West Fork Sheep Creek","name":"West Fork Sheep Creek","source_id":"162753904","length_km":2.524,"FType":460,"FCode":46003,"atlas_class":"streamriver","display_name":"West Fork Sheep Creek","stream_role":"natural_stream_detail_context","sourceLayer":"colorado_natural_stream_detail_tiles_v1","sourceLabel":"Colorado natural stream detail tiles v1","sensitivity":"generalized"},"geometry":{"type":"LineString","coordinates":[[-107.13636,39.84753],[-107.13928,39.84574],[-107.14142,39.84211],[-107.14146,39.8412],[-107.13987,39.8384],[-107.13632,39.83442],[-107.13012,39.8295]]}},{"type":"Feature","properties":{"huc8":"14010001","huc8Name":"Colorado Headwaters","historic":"coloradoRiver","current":"introduced","recovery":"recoveryWatch","lineageKey":"coloradoRiver","lineageLabel":"Colorado River green lineage","basin":"Colorado Headwaters","note":"Upper Colorado green-lineage context","state":"CO","confidence":"HUC8 drainage context / generalized","geometryStatus":"natural_stream_detail_tile_from_full_interpreted_layer","troutSource":"HUC8 lineage assignment v1 / review needed","sourceName":"Hack Creek","name":"Hack Creek","source_id":"162750023","length_km":0.2725812,"FType":460,"FCode":46006,"atlas_class":"streamriver","display_name":"Hack Creek","stream_role":"natural_stream_detail_context","sourceLayer":"colorado_natural_stream_detail_tiles_v1","sourceLabel":"Colorado natural stream detail tiles v1","sensitivity":"generalized"},"geometry":{"type":"LineString","coordinates":[[-107.13559,39.81591],[-107.13457,39.81372]]}},{"type":"Feature","properties":{"huc8":"14010001","huc8Name":"Colorado Headwaters","historic":"coloradoRiver","current":"introduced","recovery":"recoveryWatch","lineageKey":"coloradoRiver","lineageLabel":"Colorado River green lineage","basin":"Colorado Headwaters","note":"Upper Colorado green-lineage context","state":"CO","confidence":"HUC8 drainage context / generalized","geometryStatus":"natural_stream_detail_tile_from_full_interpreted_layer","troutSource":"HUC8 lineage assignment v1 / review needed","sourceName":"West Fork Sheep Creek","name":"West Fork Sheep Creek","source_id":"162750571","length_km":0.22290622,"FType":460,"FCode":46006,"atlas_class":"streamriver","display_name":"West Fork Sheep Creek","stream_role":"natural_stream_detail_context","sourceLayer":"colorado_natural_stream_detail_tiles_v1","sourceLabel":"Colorado natural stream detail tiles v1","sensitivity":"generalized"},"geometry":{"type":"LineString","coordinates":[[-107.11744,39.81614],[-107.11718,39.81417]]}},{"type":"Feature","properties":{"huc8":"14010001","huc8Name":"Colorado Headwaters","historic":"coloradoRiver","current":"introduced","recovery":"recoveryWatch","lineageKey":"coloradoRiver","lineageLabel":"Colorado River green lineage","basin":"Colorado Headwaters","note":"Upper Colorado green-lineage context","state":"CO","confidence":"HUC8 drainage context / generalized","geometryStatus":"natural_stream_detail_tile_from_full_interpreted_layer","troutSource":"HUC8 lineage assignment v1 / review needed","sourceName":"Hack Creek","name":"Hack Creek","source_id":"88887837","length_km":0.36383552,"FType":460,"FCode":46006,"atlas_class":"streamriver","display_name":"Hack Creek","stream_role":"natural_stream_detail_context","sourceLayer":"colorado_natural_stream_detail_tiles_v1","sourceLabel":"Colorado natural stream detail tiles v1","sensitivity":"generalized"},"geometry":{"type":"LineString","coordinates":[[-107.13315,39.8082],[-107.13231,39.80748],[-107.1315,39.80535]]}},{"type":"Feature","properties":{"huc8":"14010001","huc8Name":"Colorado Headwaters","historic":"coloradoRiver","current":"introduced","recovery":"recoveryWatch","lineageKey":"coloradoRiver","lineageLabel":"Colorado River green lineage","basin":"Colorado Headwaters","note":"Upper Colorado green-lineage context","state":"CO","confidence":"HUC8 drainage context / generalized","geometryStatus":"natural_stream_detail_tile_from_full_interpreted_layer","troutSource":"HUC8 lineage assignment v1 / review needed","sourceName":"West Fork Sheep Creek","name":"West Fork Sheep Creek","source_id":"162760603","length_km":0.13835868,"FType":460,"FCode":46006,"atlas_class":"streamriver","display_name":"West Fork Sheep Creek","stream_role":"natural_stream_detail_context","sourceLayer":"colorado_natural_stream_detail_tiles_v1","sourceLabel":"Colorado natural stream detail tiles v1","sensitivity":"generalized"},"geometry":{"type":"LineString","coordinates":[[-107.11324,39.8035],[-107.11219,39.80256]]}},{"type":"Feature","properties":{"huc8":"14010001","huc8Name":"Colorado Headwaters","historic":"coloradoRiver","current":"introduced","recovery":"recoveryWatch","lineageKey":"coloradoRiver","lineageLabel":"Colorado River green lineage","basin":"Colorado Headwaters","note":"Upper Colorado green-lineage context","state":"CO","confidence":"HUC8 drainage context / generalized","geometryStatus":"natural_stream_detail_tile_from_full_interpreted_layer","troutSource":"HUC8 lineage assignment v1 / review needed","sourceName":"East Fork Red Dirt Creek","name":"East Fork Red Dirt Creek","source_id":"162753181","length_km":0.32792478,"FType":460,"FCode":46003,"atlas_class":"streamriver","display_name":"East Fork Red Dirt Creek","stream_role":"natural_stream_detail_context","sourceLayer":"colorado_natural_stream_detail_tiles_v1","sourceLabel":"Colorado natural stream detail tiles v1","sensitivity":"generalized"},"geometry":{"type":"LineString","coordinates":[[-107.10711,39.86848],[-107.10495,39.87088]]}},{"type":"Feature","properties":{"huc8":"14010001","huc8Name":"Colorado Headwaters","historic":"coloradoRiver","current":"introduced","recovery":"recoveryWatch","lineageKey":"coloradoRiver","lineageLabel":"Colorado River green lineage","basin":"Colorado Headwaters","note":"Upper Colorado green-lineage context","state":"CO","confidence":"HUC8 drainage context / generalized","geometryStatus":"natural_stream_detail_tile_from_full_interpreted_layer","troutSource":"HUC8 lineage assignment v1 / review needed","sourceName":"West Fork Red Dirt Creek","name":"West Fork Red Dirt Creek","source_id":"88885955","length_km":0.42533703,"FType":460,"FCode":46003,"atlas_class":"streamriver","display_name":"West Fork Red Dirt Creek","stream_role":"natural_stream_detail_context","sourceLayer":"colorado_natural_stream_detail_tiles_v1","sourceLabel":"Colorado natural stream detail tiles v1","sensitivity":"generalized"},"geometry":{"type":"LineString","coordinates":[[-107.10849,39.85391],[-107.10729,39.85418],[-107.10402,39.85341]]}},{"type":"Feature","properties":{"huc8":"14010001","huc8Name":"Colorado Headwaters","historic":"coloradoRiver","current":"introduced","recovery":"recoveryWatch","lineageKey":"coloradoRiver","lineageLabel":"Colorado River green lineage","basin":"Colorado Headwaters","note":"Upper Colorado green-lineage context","state":"CO","confidence":"HUC8 drainage context / generalized","geometryStatus":"natural_stream_detail_tile_from_full_interpreted_layer","troutSource":"HUC8 lineage assignment v1 / review needed","sourceName":"Hack Creek","name":"Hack Creek","source_id":"162752834","length_km":0.08575603,"FType":460,"FCode":46006,"atlas_class":"streamriver","display_name":"Hack Creek","stream_role":"natural_stream_detail_context","sourceLayer":"colorado_natural_stream_detail_tiles_v1","sourceLabel":"Colorado natural stream detail tiles v1","sensitivity":"generalized"},"geometry":{"type":"LineString","coordinates":[[-107.13457,39.81372],[-107.13398,39.8131]]}},{"type":"Feature","properties":{"huc8":"14010001","huc8Name":"Colorado Headwaters","historic":"coloradoRiver","current":"introduced","recovery":"recoveryWatch","lineageKey":"coloradoRiver","lineageLabel":"Colorado River green lineage","basin":"Colorado Headwaters","note":"Upper Colorado green-lineage context","state":"CO","confidence":"HUC8 drainage context / generalized","geometryStatus":"natural_stream_detail_tile_from_full_interpreted_layer","troutSource":"HUC8 lineage assignment v1 / review needed","sourceName":"East Fork Red Dirt Creek","name":"East Fork Red Dirt Creek","source_id":"162757689","length_km":0.253,"FType":460,"FCode":46006,"atlas_class":"streamriver","display_name":"East Fork Red Dirt Creek","stream_role":"natural_stream_detail_context","sourceLayer":"colorado_natural_stream_detail_tiles_v1","sourceLabel":"Colorado natural stream detail tiles v1","sensitivity":"generalized"},"geometry":{"type":"LineString","coordinates":[[-107.05108,39.86175],[-107.04936,39.86003]]}},{"type":"Feature","properties":{"huc8":"14010001","huc8Name":"Colorado Headwaters","historic":"coloradoRiver","current":"introduced","recovery":"recoveryWatch","lineageKey":"coloradoRiver","lineageLabel":"Colorado River green lineage","basin":"Colorado Headwaters","note":"Upper Colorado green-lineage context","state":"CO","confidence":"HUC8 drainage context / generalized","geometryStatus":"natural_stream_detail_tile_from_full_interpreted_layer","troutSource":"HUC8 lineage assignment v1 / review needed","sourceName":"West Fork Red Dirt Creek","name":"West Fork Red Dirt Creek","source_id":"162751956","length_km":0.54591816,"FType":460,"FCode":46003,"atlas_class":"streamriver","display_name":"West Fork Red Dirt Creek","stream_role":"natural_stream_detail_context","sourceLayer":"colorado_natural_stream_detail_tiles_v1","sourceLabel":"Colorado natural stream detail tiles v1","sensitivity":"generalized"},"geometry":{"type":"LineString","coordinates":[[-107.12249,39.85328],[-107.12037,39.85401],[-107.11677,39.85269]]}},{"type":"Feature","properties":{"huc8":"14010001","huc8Name":"Colorado Headwaters","historic":"coloradoRiver","current":"introduced","recovery":"recoveryWatch","lineageKey":"coloradoRiver","lineageLabel":"Colorado River green lineage","basin":"Colorado Headwaters","note":"Upper Colorado green-lineage context","state":"CO","confidence":"HUC8 drainage context / generalized","geometryStatus":"natural_stream_detail_tile_from_full_interpreted_layer","troutSource":"HUC8 lineage assignment v1 / review needed","sourceName":"West Fork Red Dirt Creek","name":"West Fork Red Dirt Creek","source_id":"162753552","length_km":0.28635945,"FType":460,"FCode":46003,"atlas_class":"streamriver","display_name":"West Fork Red Dirt Creek","stream_role":"natural_stream_detail_context","sourceLayer":"colorado_natural_stream_detail_tiles_v1","sourceLabel":"Colorado natural stream detail tiles v1","sensitivity":"generalized"},"geometry":{"type":"LineString","coordinates":[[-107.11359,39.85171],[-107.11104,39.85287]]}},{"type":"Feature","properties":{"huc8":"14010001","huc8Name":"Colorado Headwaters","historic":"coloradoRiver","current":"introduced","recovery":"recoveryWatch","lineageKey":"coloradoRiver","lineageLabel":"Colorado River green lineage","basin":"Colorado Headwaters","note":"Upper Colorado green-lineage context","state":"CO","confidence":"HUC8 drainage context / generalized","geometryStatus":"natural_stream_detail_tile_from_full_interpreted_layer","troutSource":"HUC8 lineage assignment v1 / review needed","sourceName":"East Fork Red Dirt Creek","name":"East Fork Red Dirt Creek","source_id":"162757570","length_km":0.37127723,"FType":460,"FCode":46006,"atlas_class":"streamriver","display_name":"East Fork Red Dirt Creek","stream_role":"natural_stream_detail_context","sourceLayer":"colorado_natural_stream_detail_tiles_v1","sourceLabel":"Colorado natural stream detail tiles v1","sensitivity":"generalized"},"geometry":{"type":"LineString","coordinates":[[-107.059,39.8724],[-107.05713,39.87174],[-107.05663,39.87013]]}},{"type":"Feature","properties":{"huc8":"14010001","huc8Name":"Colorado Headwaters","historic":"coloradoRiver","current":"introduced","recovery":"recoveryWatch","lineageKey":"coloradoRiver","lineageLabel":"Colorado River green lineage","basin":"Colorado Headwaters","note":"Upper Colorado green-lineage context","state":"CO","confidence":"HUC8 drainage context / generalized","geometryStatus":"natural_stream_detail_tile_from_full_interpreted_layer","troutSource":"HUC8 lineage assignment v1 / review needed","sourceName":"East Fork Red Dirt Creek","name":"East Fork Red Dirt Creek","source_id":"162750277","length_km":1.06406883,"FType":460,"FCode":46006,"atlas_class":"streamriver","display_name":"East Fork Red Dirt Creek","stream_role":"natural_stream_detail_context","sourceLayer":"colorado_natural_stream_detail_tiles_v1","sourceLabel":"Colorado natural stream detail tiles v1","sensitivity":"generalized"},"geometry":{"type":"LineString","coordinates":[[-107.09431,39.87375],[-107.09195,39.87405],[-107.0861,39.87325],[-107.0829,39.87142]]}},{"type":"Feature","properties":{"huc8":"14010001","huc8Name":"Colorado Headwaters","historic":"coloradoRiver","current":"introduced","recovery":"recoveryWatch","lineageKey":"coloradoRiver","lineageLabel":"Colorado River green lineage","basin":"Colorado Headwaters","note":"Upper Colorado green-lineage context","state":"CO","confidence":"HUC8 drainage context / generalized","geometryStatus":"natural_stream_detail_tile_from_full_interpreted_layer","troutSource":"HUC8 lineage assignment v1 / review needed","sourceName":"East Fork Red Dirt Creek","name":"East Fork Red Dirt Creek","source_id":"88885883","length_km":0.17072146,"FType":460,"FCode":46006,"atlas_class":"streamriver","display_name":"East Fork Red Dirt Creek","stream_role":"natural_stream_detail_context","sourceLayer":"colorado_natural_stream_detail_tiles_v1","sourceLabel":"Colorado natural stream detail tiles v1","sensitivity":"generalized"},"geometry":{"type":"LineString","coordinates":[[-107.06191,39.87269],[-107.05998,39.87261]]}},{"type":"Feature","properties":{"huc8":"14010001","huc8Name":"Colorado Headwaters","historic":"coloradoRiver","current":"introduced","recovery":"recoveryWatch","lineageKey":"coloradoRiver","lineageLabel":"Colorado River green lineage","basin":"Colorado Headwaters","note":"Upper Colorado green-lineage context","state":"CO","confidence":"HUC8 drainage context / generalized","geometryStatus":"natural_stream_detail_tile_from_full_interpreted_layer","troutSource":"HUC8 lineage assignment v1 / review needed","sourceName":"West Fork Red Dirt Creek","name":"West Fork Red Dirt Creek","source_id":"162754967","length_km":0.07886881,"FType":460,"FCode":46003,"atlas_class":"streamriver","display_name":"West Fork Red Dirt Creek","stream_role":"natural_stream_detail_context","sourceLayer":"colorado_natural_stream_detail_tiles_v1","sourceLabel":"Colorado natural stream detail tiles v1","sensitivity":"generalized"},"geometry":{"type":"LineString","coordinates":[[-107.1105,39.85291],[-107.10961,39.85308]]}},{"type":"Feature","properties":{"huc8":"14010001","huc8Name":"Colorado Headwaters","historic":"coloradoRiver","current":"introduced","recovery":"recoveryWatch","lineageKey":"coloradoRiver","lineageLabel":"Colorado River green lineage","basin":"Colorado Headwaters","note":"Upper Colorado green-lineage context","state":"CO","confidence":"HUC8 drainage context / generalized","geometryStatus":"natural_stream_detail_tile_from_full_interpreted_layer","troutSource":"HUC8 lineage assignment v1 / review needed","sourceName":"West Fork Red Dirt Creek","name":"West Fork Red Dirt Creek","source_id":"162760981","length_km":0.01763642,"FType":460,"FCode":46003,"atlas_class":"streamriver","display_name":"West Fork Red Dirt Creek","stream_role":"natural_stream_detail_context","sourceLayer":"colorado_natural_stream_detail_tiles_v1","sourceLabel":"Colorado natural stream detail tiles v1","sensitivity":"generalized"},"geometry":{"type":"LineString","coordinates":[[-107.11378,39.85177],[-107.11359,39.85171]]}},{"type":"Feature","properties":{"huc8":"14010001","huc8Name":"Colorado Headwaters","historic":"coloradoRiver","current":"introduced","recovery":"recoveryWatch","lineageKey":"coloradoRiver","lineageLabel":"Colorado River green lineage","basin":"Colorado Headwaters","note":"Upper Colorado green-lineage context","state":"CO","confidence":"HUC8 drainage context / generalized","geometryStatus":"natural_stream_detail_tile_from_full_interpreted_layer","troutSource":"HUC8 lineage assignment v1 / review needed","sourceName":"East Fork Red Dirt Creek","name":"East Fork Red Dirt Creek","source_id":"162751787","length_km":0.42310042,"FType":460,"FCode":46006,"atlas_class":"streamriver","display_name":"East Fork Red Dirt Creek","stream_role":"natural_stream_detail_context","sourceLayer":"colorado_natural_stream_detail_tiles_v1","sourceLabel":"Colorado natural stream detail tiles v1","sensitivity":"generalized"},"geometry":{"type":"LineString","coordinates":[[-107.07194,39.86927],[-107.06901,39.87002],[-107.06783,39.87102]]}},{"type":"Feature","properties":{"huc8":"14010001","huc8Name":"Colorado Headwaters","historic":"coloradoRiver","current":"introduced","recovery":"recoveryWatch","lineageKey":"coloradoRiver","lineageLabel":"Colorado River green lineage","basin":"Colorado Headwaters","note":"Upper Colorado green-lineage context","state":"CO","confidence":"HUC8 drainage context / generalized","geometryStatus":"natural_stream_detail_tile_from_full_interpreted_layer","troutSource":"HUC8 lineage assignment v1 / review needed","sourceName":"West Fork Red Dirt Creek","name":"West Fork Red Dirt Creek","source_id":"162750022","length_km":0.97639052,"FType":460,"FCode":46006,"atlas_class":"streamriver","display_name":"West Fork Red Dirt Creek","stream_role":"natural_stream_detail_context","sourceLayer":"colorado_natural_stream_detail_tiles_v1","sourceLabel":"Colorado natural stream detail tiles v1","sensitivity":"generalized"},"geometry":{"type":"LineString","coordinates":[[-107.09905,39.85177],[-107.09664,39.85002],[-107.09442,39.84958],[-107.0937,39.84556]]}},{"type":"Feature","properties":{"huc8":"14010001","huc8Name":"Colorado Headwaters","historic":"coloradoRiver","current":"introduced","recovery":"recoveryWatch","lineageKey":"coloradoRiver","lineageLabel":"Colorado River green lineage","basin":"Colorado Headwaters","note":"Upper Colorado green-lineage context","state":"CO","confidence":"HUC8 drainage context / generalized","geometryStatus":"natural_stream_detail_tile_from_full_interpreted_layer","troutSource":"HUC8 lineage assignment v1 / review needed","sourceName":"West Fork Red Dirt Creek","name":"West Fork Red Dirt Creek","source_id":"162754817","length_km":0.04668149,"FType":460,"FCode":46003,"atlas_class":"streamriver","display_name":"West Fork Red Dirt Creek","stream_role":"natural_stream_detail_context","sourceLayer":"colorado_natural_stream_detail_tiles_v1","sourceLabel":"Colorado natural stream detail tiles v1","sensitivity":"generalized"},"geometry":{"type":"LineString","coordinates":[[-107.11104,39.85287],[-107.1105,39.85291]]}},{"type":"Feature","properties":{"huc8":"14010001","huc8Name":"Colorado Headwaters","historic":"coloradoRiver","current":"introduced","recovery":"recoveryWatch","lineageKey":"coloradoRiver","lineageLabel":"Colorado River green lineage","basin":"Colorado Headwaters","note":"Upper Colorado green-lineage context","state":"CO","confidence":"HUC8 drainage context / generalized","geometryStatus":"natural_stream_detail_tile_from_full_interpreted_layer","troutSource":"HUC8 lineage assignment v1 / review needed","sourceName":"East Fork Red Dirt Creek","name":"East Fork Red Dirt Creek","source_id":"162751788","length_km":0.56878994,"FType":460,"FCode":46006,"atlas_class":"streamriver","display_name":"East Fork Red Dirt Creek","stream_role":"natural_stream_detail_context","sourceLayer":"colorado_natural_stream_detail_tiles_v1","sourceLabel":"Colorado natural stream detail tiles v1","sensitivity":"generalized"},"geometry":{"type":"LineString","coordinates":[[-107.06783,39.87102],[-107.06371,39.8715],[-107.06191,39.87269]]}},{"type":"Feature","properties":{"huc8":"14010001","huc8Name":"Colorado Headwaters","historic":"coloradoRiver","current":"introduced","recovery":"recoveryWatch","lineageKey":"coloradoRiver","lineageLabel":"Colorado River green lineage","basin":"Colorado Headwaters","note":"Upper Colorado green-lineage context","state":"CO","confidence":"HUC8 drainage context / generalized","geometryStatus":"natural_stream_detail_tile_from_full_interpreted_layer","troutSource":"HUC8 lineage assignment v1 / review needed","sourceName":"East Fork Red Dirt Creek","name":"East Fork Red Dirt Creek","source_id":"162757758","length_km":0.12874932,"FType":460,"FCode":46006,"atlas_class":"streamriver","display_name":"East Fork Red Dirt Creek","stream_role":"natural_stream_detail_context","sourceLayer":"colorado_natural_stream_detail_tiles_v1","sourceLabel":"Colorado natural stream detail tiles v1","sensitivity":"generalized"},"geometry":{"type":"LineString","coordinates":[[-107.05683,39.86431],[-107.05581,39.86348]]}},{"type":"Feature","properties":{"huc8":"14010001","huc8Name":"Colorado Headwaters","historic":"coloradoRiver","current":"introduced","recovery":"recoveryWatch","lineageKey":"coloradoRiver","lineageLabel":"Colorado River green lineage","basin":"Colorado Headwaters","note":"Upper Colorado green-lineage context","state":"CO","confidence":"HUC8 drainage context / generalized","geometryStatus":"natural_stream_detail_tile_from_full_interpreted_layer","troutSource":"HUC8 lineage assignment v1 / review needed","sourceName":"East Fork Red Dirt Creek","name":"East Fork Red Dirt Creek","source_id":"162757688","length_km":0.295,"FType":460,"FCode":46006,"atlas_class":"streamriver","display_name":"East Fork Red Dirt Creek","stream_role":"natural_stream_detail_context","sourceLayer":"colorado_natural_stream_detail_tiles_v1","sourceLabel":"Colorado natural stream detail tiles v1","sensitivity":"generalized"},"geometry":{"type":"LineString","coordinates":[[-107.05426,39.86279],[-107.05108,39.86175]]}},{"type":"Feature","properties":{"huc8":"14010001","huc8Name":"Colorado Headwaters","historic":"coloradoRiver","current":"introduced","recovery":"recoveryWatch","lineageKey":"coloradoRiver","lineageLabel":"Colorado River green lineage","basin":"Colorado Headwaters","note":"Upper Colorado green-lineage context","state":"CO","confidence":"HUC8 drainage context / generalized","geometryStatus":"natural_stream_detail_tile_from_full_interpreted_layer","troutSource":"HUC8 lineage assignment v1 / review needed","sourceName":"Cabin Creek","name":"Cabin Creek","source_id":"162755827","length_km":0.1078662,"FType":460,"FCode":46006,"atlas_class":"streamriver","display_name":"Cabin Creek","stream_role":"natural_stream_detail_context","sourceLayer":"colorado_natural_stream_detail_tiles_v1","sourceLabel":"Colorado natural stream detail tiles v1","sensitivity":"generalized"},"geometry":{"type":"LineString","coordinates":[[-107.02401,39.94309],[-107.02427,39.94217]]}},{"type":"Feature","properties":{"huc8":"14010001","huc8Name":"Colorado Headwaters","historic":"coloradoRiver","current":"introduced","recovery":"recoveryWatch","lineageKey":"coloradoRiver","lineageLabel":"Colorado River green lineage","basin":"Colorado Headwaters","note":"Upper Colorado green-lineage context","state":"CO","confidence":"HUC8 drainage context / generalized","geometryStatus":"natural_stream_detail_tile_from_full_interpreted_layer","troutSource":"HUC8 lineage assignment v1 / review needed","sourceName":"Canard Creek","name":"Canard Creek","source_id":"88855593","length_km":0.02834252,"FType":460,"FCode":46003,"atlas_class":"streamriver","display_name":"Canard Creek","stream_role":"natural_stream_detail_context","sourceLayer":"colorado_natural_stream_detail_tiles_v1","sourceLabel":"Colorado natural stream detail tiles v1","sensitivity":"generalized"},"geometry":{"type":"LineString","coordinates":[[-107.04295,39.89465],[-107.04282,39.89488]]}},{"type":"Feature","properties":{"huc8":"14010001","huc8Name":"Colorado Headwaters","historic":"coloradoRiver","current":"introduced","recovery":"recoveryWatch","lineageKey":"coloradoRiver","lineageLabel":"Colorado River green lineage","basin":"Colorado Headwaters","note":"Upper Colorado green-lineage context","state":"CO","confidence":"HUC8 drainage context / generalized","geometryStatus":"natural_stream_detail_tile_from_full_interpreted_layer","troutSource":"HUC8 lineage assignment v1 / review needed","sourceName":"Poison Creek","name":"Poison Creek","source_id":"162763541","length_km":0.06623486,"FType":460,"FCode":46006,"atlas_class":"streamriver","display_name":"Poison Creek","stream_role":"natural_stream_detail_context","sourceLayer":"colorado_natural_stream_detail_tiles_v1","sourceLabel":"Colorado natural stream detail tiles v1","sensitivity":"generalized"},"geometry":{"type":"LineString","coordinates":[[-107.01778,39.80948],[-107.01788,39.80893]]}},{"type":"Feature","properties":{"huc8":"14010001","huc8Name":"Colorado Headwaters","historic":"coloradoRiver","current":"introduced","recovery":"recoveryWatch","lineageKey":"coloradoRiver","lineageLabel":"Colorado River green lineage","basin":"Colorado Headwaters","note":"Upper Colorado green-lineage context","state":"CO","confidence":"HUC8 drainage context / generalized","geometryStatus":"natural_stream_detail_tile_from_full_interpreted_layer","troutSource":"HUC8 lineage assignment v1 / review needed","sourceName":"Canard Creek","name":"Canard Creek","source_id":"162757037","length_km":0.58162685,"FType":460,"FCode":46006,"atlas_class":"streamriver","display_name":"Canard Creek","stream_role":"natural_stream_detail_context","sourceLayer":"colorado_natural_stream_detail_tiles_v1","sourceLabel":"Colorado natural stream detail tiles v1","sensitivity":"generalized"},"geometry":{"type":"LineString","coordinates":[[-107.0421,39.90132],[-107.04088,39.90341],[-107.03812,39.90536]]}},{"type":"Feature","properties":{"huc8":"14010001","huc8Name":"Colorado Headwaters","historic":"coloradoRiver","current":"introduced","recovery":"recoveryWatch","lineageKey":"coloradoRiver","lineageLabel":"Colorado River green lineage","basin":"Colorado Headwaters","note":"Upper Colorado green-lineage context","state":"CO","confidence":"HUC8 drainage context / generalized","geometryStatus":"natural_stream_detail_tile_from_full_interpreted_layer","troutSource":"HUC8 lineage assignment v1 / review needed","sourceName":"West Fork Red Dirt Creek","name":"West Fork Red Dirt Creek","source_id":"162757613","length_km":0.18703238,"FType":460,"FCode":46006,"atlas_class":"streamriver","display_name":"West Fork Red Dirt Creek","stream_role":"natural_stream_detail_context","sourceLayer":"colorado_natural_stream_detail_tiles_v1","sourceLabel":"Colorado natural stream detail tiles v1","sensitivity":"generalized"},"geometry":{"type":"LineString","coordinates":[[-107.02855,39.83173],[-107.02668,39.83094]]}},{"type":"Feature","properties":{"huc8":"14010001","huc8Name":"Colorado Headwaters","historic":"coloradoRiver","current":"introduced","recovery":"recoveryWatch","lineageKey":"coloradoRiver","lineageLabel":"Colorado River green lineage","basin":"Colorado Headwaters","note":"Upper Colorado green-lineage context","state":"CO","confidence":"HUC8 drainage context / generalized","geometryStatus":"natural_stream_detail_tile_from_full_interpreted_layer","troutSource":"HUC8 lineage assignment v1 / review needed","sourceName":"West Fork Red Dirt Creek","name":"West Fork Red Dirt Creek","source_id":"162763474","length_km":0.59826683,"FType":460,"FCode":46006,"atlas_class":"streamriver","display_name":"West Fork Red Dirt Creek","stream_role":"natural_stream_detail_context","sourceLayer":"colorado_natural_stream_detail_tiles_v1","sourceLabel":"Colorado natural stream detail tiles v1","sensitivity":"generalized"},"geometry":{"type":"LineString","coordinates":[[-107.02195,39.83074],[-107.01514,39.83113]]}},{"type":"Feature","properties":{"huc8":"14010001","huc8Name":"Colorado Headwaters","historic":"coloradoRiver","current":"introduced","recovery":"recoveryWatch","lineageKey":"coloradoRiver","lineageLabel":"Colorado River green lineage","basin":"Colorado Headwaters","note":"Upper Colorado green-lineage context","state":"CO","confidence":"HUC8 drainage context / generalized","geometryStatus":"natural_stream_detail_tile_from_full_interpreted_layer","troutSource":"HUC8 lineage assignment v1 / review needed","sourceName":"Cabin Creek","name":"Cabin Creek","source_id":"162756174","length_km":0.36354583,"FType":460,"FCode":46006,"atlas_class":"streamriver","display_name":"Cabin Creek","stream_role":"natural_stream_detail_context","sourceLayer":"colorado_natural_stream_detail_tiles_v1","sourceLabel":"Colorado natural stream detail tiles v1","sensitivity":"generalized"},"geometry":{"type":"LineString","coordinates":[[-107.02138,39.94046],[-107.01975,39.93759]]}},{"type":"Feature","properties":{"huc8":"14010001","huc8Name":"Colorado Headwaters","historic":"coloradoRiver","current":"introduced","recovery":"recoveryWatch","lineageKey":"coloradoRiver","lineageLabel":"Colorado River green lineage","basin":"Colorado Headwaters","note":"Upper Colorado green-lineage context","state":"CO","confidence":"HUC8 drainage context / generalized","geometryStatus":"natural_stream_detail_tile_from_full_interpreted_layer","troutSource":"HUC8 lineage assignment v1 / review needed","sourceName":"Canard Creek","name":"Canard Creek","source_id":"162756911","length_km":0.04008179,"FType":460,"FCode":46006,"atlas_class":"streamriver","display_name":"Canard Creek","stream_role":"natural_stream_detail_context","sourceLayer":"colorado_natural_stream_detail_tiles_v1","sourceLabel":"Colorado natural stream detail tiles v1","sensitivity":"generalized"},"geometry":{"type":"LineString","coordinates":[[-107.03135,39.9072],[-107.03088,39.90721]]}},{"type":"Feature","properties":{"huc8":"14010001","huc8Name":"Colorado Headwaters","historic":"coloradoRiver","current":"introduced","recovery":"recoveryWatch","lineageKey":"coloradoRiver","lineageLabel":"Colorado River green lineage","basin":"Colorado Headwaters","note":"Upper Colorado green-lineage context","state":"CO","confidence":"HUC8 drainage context / generalized","geometryStatus":"natural_stream_detail_tile_from_full_interpreted_layer","troutSource":"HUC8 lineage assignment v1 / review needed","sourceName":"West Fork Red Dirt Creek","name":"West Fork Red Dirt Creek","source_id":"162757747","length_km":0.13454546,"FType":460,"FCode":46006,"atlas_class":"streamriver","display_name":"West Fork Red Dirt Creek","stream_role":"natural_stream_detail_context","sourceLayer":"colorado_natural_stream_detail_tiles_v1","sourceLabel":"Colorado natural stream detail tiles v1","sensitivity":"generalized"},"geometry":{"type":"LineString","coordinates":[[-107.03456,39.83513],[-107.03341,39.83434]]}},{"type":"Feature","properties":{"huc8":"14010001","huc8Name":"Colorado Headwaters","historic":"coloradoRiver","current":"introduced","recovery":"recoveryWatch","lineageKey":"coloradoRiver","lineageLabel":"Colorado River green lineage","basin":"Colorado Headwaters","note":"Upper Colorado green-lineage context","state":"CO","confidence":"HUC8 drainage context / generalized","geometryStatus":"natural_stream_detail_tile_from_full_interpreted_layer","troutSource":"HUC8 lineage assignment v1 / review needed","sourceName":"East Fork Red Dirt Creek","name":"East Fork Red Dirt Creek","source_id":"162757650","length_km":0.317,"FType":460,"FCode":46006,"atlas_class":"streamriver","display_name":"East Fork Red Dirt Creek","stream_role":"natural_stream_detail_context","sourceLayer":"colorado_natural_stream_detail_tiles_v1","sourceLabel":"Colorado natural stream detail tiles v1","sensitivity":"generalized"},"geometry":{"type":"LineString","coordinates":[[-107.04206,39.85647],[-107.03897,39.85489]]}},{"type":"Feature","properties":{"huc8":"14010001","huc8Name":"Colorado Headwaters","historic":"coloradoRiver","current":"introduced","recovery":"recoveryWatch","lineageKey":"coloradoRiver","lineageLabel":"Colorado River green lineage","basin":"Colorado Headwaters","note":"Upper Colorado green-lineage context","state":"CO","confidence":"HUC8 drainage context / generalized","geometryStatus":"natural_stream_detail_tile_from_full_interpreted_layer","troutSource":"HUC8 lineage assignment v1 / review needed","sourceName":"West Fork Red Dirt Creek","name":"West Fork Red Dirt Creek","source_id":"162757763","length_km":0.08901622,"FType":460,"FCode":46006,"atlas_class":"streamriver","display_name":"West Fork Red Dirt Creek","stream_role":"natural_stream_detail_context","sourceLayer":"colorado_natural_stream_detail_tiles_v1","sourceLabel":"Colorado natural stream detail tiles v1","sensitivity":"generalized"},"geometry":{"type":"LineString","coordinates":[[-107.02281,39.83053],[-107.02195,39.83074]]}},{"type":"Feature","properties":{"huc8":"14010001","huc8Name":"Colorado Headwaters","historic":"coloradoRiver","current":"introduced","recovery":"recoveryWatch","lineageKey":"coloradoRiver","lineageLabel":"Colorado River green lineage","basin":"Colorado Headwaters","note":"Upper Colorado green-lineage context","state":"CO","confidence":"HUC8 drainage context / generalized","geometryStatus":"natural_stream_detail_tile_from_full_interpreted_layer","troutSource":"HUC8 lineage assignment v1 / review needed","sourceName":"Red Dirt Creek","name":"Red Dirt Creek","source_id":"162757565","length_km":0.194,"FType":460,"FCode":46006,"atlas_class":"streamriver","display_name":"Red Dirt Creek","stream_role":"natural_stream_detail_context","sourceLayer":"colorado_natural_stream_detail_tiles_v1","sourceLabel":"Colorado natural stream detail tiles v1","sensitivity":"generalized"},"geometry":{"type":"LineString","coordinates":[[-107.01333,39.83081],[-107.01141,39.8301]]}},{"type":"Feature","properties":{"huc8":"14010001","huc8Name":"Colorado Headwaters","historic":"coloradoRiver","current":"introduced","recovery":"recoveryWatch","lineageKey":"coloradoRiver","lineageLabel":"Colorado River green lineage","basin":"Colorado Headwaters","note":"Upper Colorado green-lineage context","state":"CO","confidence":"HUC8 drainage context / generalized","geometryStatus":"natural_stream_detail_tile_from_full_interpreted_layer","troutSource":"HUC8 lineage assignment v1 / review needed","sourceName":"West Fork Red Dirt Creek","name":"West Fork Red Dirt Creek","source_id":"88886095","length_km":0.28126169,"FType":460,"FCode":46006,"atlas_class":"streamriver","display_name":"West Fork Red Dirt Creek","stream_role":"natural_stream_detail_context","sourceLayer":"colorado_natural_stream_detail_tiles_v1","sourceLabel":"Colorado natural stream detail tiles v1","sensitivity":"generalized"},"geometry":{"type":"LineString","coordinates":[[-107.02668,39.83094],[-107.02359,39.83066]]}},{"type":"Feature","properties":{"huc8":"14010001","huc8Name":"Colorado Headwaters","historic":"coloradoRiver","current":"introduced","recovery":"recoveryWatch","lineageKey":"coloradoRiver","lineageLabel":"Colorado River green lineage","basin":"Colorado Headwaters","note":"Upper Colorado green-lineage context","state":"CO","confidence":"HUC8 drainage context / generalized","geometryStatus":"natural_stream_detail_tile_from_full_interpreted_layer","troutSource":"HUC8 lineage assignment v1 / review needed","sourceName":"Dry Fork Cabin Creek","name":"Dry Fork Cabin Creek","source_id":"162756969","length_km":0.6090874,"FType":460,"FCode":46003,"atlas_class":"streamriver","display_name":"Dry Fork Cabin Creek","stream_role":"natural_stream_detail_context","sourceLayer":"colorado_natural_stream_detail_tiles_v1","sourceLabel":"Colorado natural stream detail tiles v1","sensitivity":"generalized"},"geometry":{"type":"LineString","coordinates":[[-107.05126,39.92898],[-107.04668,39.92487]]}},{"type":"Feature","properties":{"huc8":"14010001","huc8Name":"Colorado Headwaters","historic":"coloradoRiver","current":"introduced","recovery":"recoveryWatch","lineageKey":"coloradoRiver","lineageLabel":"Colorado River green lineage","basin":"Colorado Headwaters","note":"Upper Colorado green-lineage context","state":"CO","confidence":"HUC8 drainage context / generalized","geometryStatus":"natural_stream_detail_tile_from_full_interpreted_layer","troutSource":"HUC8 lineage assignment v1 / review needed","sourceName":"Canard Creek","name":"Canard Creek","source_id":"88855591","length_km":0.76031525,"FType":460,"FCode":46006,"atlas_class":"streamriver","display_name":"Canard Creek","stream_role":"natural_stream_detail_context","sourceLayer":"colorado_natural_stream_detail_tiles_v1","sourceLabel":"Colorado natural stream detail tiles v1","sensitivity":"generalized"},"geometry":{"type":"LineString","coordinates":[[-107.04282,39.89488],[-107.0422,39.89536],[-107.04262,39.89762],[-107.04195,39.89963],[-107.0421,39.90132]]}},{"type":"Feature","properties":{"huc8":"14010001","huc8Name":"Colorado Headwaters","historic":"coloradoRiver","current":"introduced","recovery":"recoveryWatch","lineageKey":"coloradoRiver","lineageLabel":"Colorado River green lineage","basin":"Colorado Headwaters","note":"Upper Colorado green-lineage context","state":"CO","confidence":"HUC8 drainage context / generalized","geometryStatus":"natural_stream_detail_tile_from_full_interpreted_layer","troutSource":"HUC8 lineage assignment v1 / review needed","sourceName":"West Fork Red Dirt Creek","name":"West Fork Red Dirt Creek","source_id":"88886053","length_km":0.15988015,"FType":460,"FCode":46006,"atlas_class":"streamriver","display_name":"West Fork Red Dirt Creek","stream_role":"natural_stream_detail_context","sourceLayer":"colorado_natural_stream_detail_tiles_v1","sourceLabel":"Colorado natural stream detail tiles v1","sensitivity":"generalized"},"geometry":{"type":"LineString","coordinates":[[-107.03632,39.83664],[-107.03502,39.83565]]}},{"type":"Feature","properties":{"huc8":"14010001","huc8Name":"Colorado Headwaters","historic":"coloradoRiver","current":"introduced","recovery":"recoveryWatch","lineageKey":"coloradoRiver","lineageLabel":"Colorado River green lineage","basin":"Colorado Headwaters","note":"Upper Colorado green-lineage context","state":"CO","confidence":"HUC8 drainage context / generalized","geometryStatus":"natural_stream_detail_tile_from_full_interpreted_layer","troutSource":"HUC8 lineage assignment v1 / review needed","sourceName":"East Fork Red Dirt Creek","name":"East Fork Red Dirt Creek","source_id":"162757530","length_km":0.119,"FType":460,"FCode":46006,"atlas_class":"streamriver","display_name":"East Fork Red Dirt Creek","stream_role":"natural_stream_detail_context","sourceLayer":"colorado_natural_stream_detail_tiles_v1","sourceLabel":"Colorado natural stream detail tiles v1","sensitivity":"generalized"},"geometry":{"type":"LineString","coordinates":[[-107.02504,39.84758],[-107.02515,39.84654]]}},{"type":"Feature","properties":{"huc8":"14010001","huc8Name":"Colorado Headwaters","historic":"coloradoRiver","current":"introduced","recovery":"recoveryWatch","lineageKey":"coloradoRiver","lineageLabel":"Colorado River green lineage","basin":"Colorado Headwaters","note":"Upper Colorado green-lineage context","state":"CO","confidence":"HUC8 drainage context / generalized","geometryStatus":"natural_stream_detail_tile_from_full_interpreted_layer","troutSource":"HUC8 lineage assignment v1 / review needed","sourceName":"West Fork Red Dirt Creek","name":"West Fork Red Dirt Creek","source_id":"162757625","length_km":0.12354691,"FType":460,"FCode":46006,"atlas_class":"streamriver","display_name":"West Fork Red Dirt Creek","stream_role":"natural_stream_detail_context","sourceLayer":"colorado_natural_stream_detail_tiles_v1","sourceLabel":"Colorado natural stream detail tiles v1","sensitivity":"generalized"},"geometry":{"type":"LineString","coordinates":[[-107.04755,39.84179],[-107.04613,39.8416]]}},{"type":"Feature","properties":{"huc8":"14010001","huc8Name":"Colorado Headwaters","historic":"coloradoRiver","current":"introduced","recovery":"recoveryWatch","lineageKey":"coloradoRiver","lineageLabel":"Colorado River green lineage","basin":"Colorado Headwaters","note":"Upper Colorado green-lineage context","state":"CO","confidence":"HUC8 drainage context / generalized","geometryStatus":"natural_stream_detail_tile_from_full_interpreted_layer","troutSource":"HUC8 lineage assignment v1 / review needed","sourceName":"Poison Creek","name":"Poison Creek","source_id":"162757695","length_km":0.10584613,"FType":460,"FCode":46006,"atlas_class":"streamriver","display_name":"Poison Creek","stream_role":"natural_stream_detail_context","sourceLayer":"colorado_natural_stream_detail_tiles_v1","sourceLabel":"Colorado natural stream detail tiles v1","sensitivity":"generalized"},"geometry":{"type":"LineString","coordinates":[[-107.04898,39.82912],[-107.04793,39.82861]]}},{"type":"Feature","properties":{"huc8":"14010001","huc8Name":"Colorado Headwaters","historic":"coloradoRiver","current":"introduced","recovery":"recoveryWatch","lineageKey":"coloradoRiver","lineageLabel":"Colorado River green lineage","basin":"Colorado Headwaters","note":"Upper Colorado green-lineage context","state":"CO","confidence":"HUC8 drainage context / generalized","geometryStatus":"natural_stream_detail_tile_from_full_interpreted_layer","troutSource":"HUC8 lineage assignment v1 / review needed","sourceName":"Poison Creek","name":"Poison Creek","source_id":"162757779","length_km":0.22255464,"FType":460,"FCode":46006,"atlas_class":"streamriver","display_name":"Poison Creek","stream_role":"natural_stream_detail_context","sourceLayer":"colorado_natural_stream_detail_tiles_v1","sourceLabel":"Colorado natural stream detail tiles v1","sensitivity":"generalized"},"geometry":{"type":"LineString","coordinates":[[-107.0298,39.8199],[-107.02745,39.81905]]}},{"type":"Feature","properties":{"huc8":"14010001","huc8Name":"Colorado Headwaters","historic":"coloradoRiver","current":"introduced","recovery":"recoveryWatch","lineageKey":"coloradoRiver","lineageLabel":"Colorado River green lineage","basin":"Colorado Headwaters","note":"Upper Colorado green-lineage context","state":"CO","confidence":"HUC8 drainage context / generalized","geometryStatus":"natural_stream_detail_tile_from_full_interpreted_layer","troutSource":"HUC8 lineage assignment v1 / review needed","sourceName":"Derby Creek","name":"Derby Creek","source_id":"162757009","length_km":0.18639157,"FType":460,"FCode":46006,"atlas_class":"streamriver","display_name":"Derby Creek","stream_role":"natural_stream_detail_context","sourceLayer":"colorado_natural_stream_detail_tiles_v1","sourceLabel":"Colorado natural stream detail tiles v1","sensitivity":"generalized"},"geometry":{"type":"LineString","coordinates":[[-107.04983,39.91765],[-107.04776,39.91735]]}},{"type":"Feature","properties":{"huc8":"14010001","huc8Name":"Colorado Headwaters","historic":"coloradoRiver","current":"introduced","recovery":"recoveryWatch","lineageKey":"coloradoRiver","lineageLabel":"Colorado River green lineage","basin":"Colorado Headwaters","note":"Upper Colorado green-lineage context","state":"CO","confidence":"HUC8 drainage context / generalized","geometryStatus":"natural_stream_detail_tile_from_full_interpreted_layer","troutSource":"HUC8 lineage assignment v1 / review needed","sourceName":"Red Dirt Creek","name":"Red Dirt Creek","source_id":"162757564","length_km":0.035,"FType":460,"FCode":46006,"atlas_class":"streamriver","display_name":"Red Dirt Creek","stream_role":"natural_stream_detail_context","sourceLayer":"colorado_natural_stream_detail_tiles_v1","sourceLabel":"Colorado natural stream detail tiles v1","sensitivity":"generalized"},"geometry":{"type":"LineString","coordinates":[[-107.01374,39.83082],[-107.01333,39.83081]]}},{"type":"Feature","properties":{"huc8":"14010001","huc8Name":"Colorado Headwaters","historic":"coloradoRiver","current":"introduced","recovery":"recoveryWatch","lineageKey":"coloradoRiver","lineageLabel":"Colorado River green lineage","basin":"Colorado Headwaters","note":"Upper Colorado green-lineage context","state":"CO","confidence":"HUC8 drainage context / generalized","geometryStatus":"natural_stream_detail_tile_from_full_interpreted_layer","troutSource":"HUC8 lineage assignment v1 / review needed","sourceName":"Poison Creek","name":"Poison Creek","source_id":"162757479","length_km":0.25540723,"FType":460,"FCode":46006,"atlas_class":"streamriver","display_name":"Poison Creek","stream_role":"natural_stream_detail_context","sourceLayer":"colorado_natural_stream_detail_tiles_v1","sourceLabel":"Colorado natural stream detail tiles v1","sensitivity":"generalized"},"geometry":{"type":"LineString","coordinates":[[-107.02503,39.81811],[-107.0226,39.81682]]}},{"type":"Feature","properties":{"huc8":"14010001","huc8Name":"Colorado Headwaters","historic":"coloradoRiver","current":"introduced","recovery":"recoveryWatch","lineageKey":"coloradoRiver","lineageLabel":"Colorado River green lineage","basin":"Colorado Headwaters","note":"Upper Colorado green-lineage context","state":"CO","confidence":"HUC8 drainage context / generalized","geometryStatus":"natural_stream_detail_tile_from_full_interpreted_layer","troutSource":"HUC8 lineage assignment v1 / review needed","sourceName":"Canard Creek","name":"Canard Creek","source_id":"88885871","length_km":0.062,"FType":460,"FCode":46007,"atlas_class":"streamriver","display_name":"Canard Creek","stream_role":"natural_stream_detail_context","sourceLayer":"colorado_natural_stream_detail_tiles_v1","sourceLabel":"Colorado natural stream detail tiles v1","sensitivity":"generalized"},"geometry":{"type":"LineString","coordinates":[[-107.0472,39.87445],[-107.04735,39.87499]]}},{"type":"Feature","properties":{"huc8":"14010001","huc8Name":"Colorado Headwaters","historic":"coloradoRiver","current":"introduced","recovery":"recoveryWatch","lineageKey":"coloradoRiver","lineageLabel":"Colorado River green lineage","basin":"Colorado Headwaters","note":"Upper Colorado green-lineage context","state":"CO","confidence":"HUC8 drainage context / generalized","geometryStatus":"natural_stream_detail_tile_from_full_interpreted_layer","troutSource":"HUC8 lineage assignment v1 / review needed","sourceName":"Poison Creek","name":"Poison Creek","source_id":"162757696","length_km":0.06188195,"FType":460,"FCode":46006,"atlas_class":"streamriver","display_name":"Poison Creek","stream_role":"natural_stream_detail_context","sourceLayer":"colorado_natural_stream_detail_tiles_v1","sourceLabel":"Colorado natural stream detail tiles v1","sensitivity":"generalized"},"geometry":{"type":"LineString","coordinates":[[-107.04793,39.82861],[-107.04751,39.82817]]}},{"type":"Feature","properties":{"huc8":"14010001","huc8Name":"Colorado Headwaters","historic":"coloradoRiver","current":"introduced","recovery":"recoveryWatch","lineageKey":"coloradoRiver","lineageLabel":"Colorado River green lineage","basin":"Colorado Headwaters","note":"Upper Colorado green-lineage context","state":"CO","confidence":"HUC8 drainage context / generalized","geometryStatus":"natural_stream_detail_tile_from_full_interpreted_layer","troutSource":"HUC8 lineage assignment v1 / review needed","sourceName":"East Fork Red Dirt Creek","name":"East Fork Red Dirt Creek","source_id":"88885931","length_km":0.152,"FType":460,"FCode":46006,"atlas_class":"streamriver","display_name":"East Fork Red Dirt Creek","stream_role":"natural_stream_detail_context","sourceLayer":"colorado_natural_stream_detail_tiles_v1","sourceLabel":"Colorado natural stream detail tiles v1","sensitivity":"generalized"},"geometry":{"type":"LineString","coordinates":[[-107.04815,39.85936],[-107.04657,39.85886]]}},{"type":"Feature","properties":{"huc8":"14010001","huc8Name":"Colorado Headwaters","historic":"coloradoRiver","current":"introduced","recovery":"recoveryWatch","lineageKey":"coloradoRiver","lineageLabel":"Colorado River green lineage","basin":"Colorado Headwaters","note":"Upper Colorado green-lineage context","state":"CO","confidence":"HUC8 drainage context / generalized","geometryStatus":"natural_stream_detail_tile_from_full_interpreted_layer","troutSource":"HUC8 lineage assignment v1 / review needed","sourceName":"West Fork Red Dirt Creek","name":"West Fork Red Dirt Creek","source_id":"88886049","length_km":0.25283362,"FType":460,"FCode":46006,"atlas_class":"streamriver","display_name":"West Fork Red Dirt Creek","stream_role":"natural_stream_detail_context","sourceLayer":"colorado_natural_stream_detail_tiles_v1","sourceLabel":"Colorado natural stream detail tiles v1","sensitivity":"generalized"},"geometry":{"type":"LineString","coordinates":[[-107.03819,39.83827],[-107.03632,39.83664]]}},{"type":"Feature","properties":{"huc8":"14010001","huc8Name":"Colorado Headwaters","historic":"coloradoRiver","current":"introduced","recovery":"recoveryWatch","lineageKey":"coloradoRiver","lineageLabel":"Colorado River green lineage","basin":"Colorado Headwaters","note":"Upper Colorado green-lineage context","state":"CO","confidence":"HUC8 drainage context / generalized","geometryStatus":"natural_stream_detail_tile_from_full_interpreted_layer","troutSource":"HUC8 lineage assignment v1 / review needed","sourceName":"Dry Fork Cabin Creek","name":"Dry Fork Cabin Creek","source_id":"162756784","length_km":0.73431292,"FType":460,"FCode":46003,"atlas_class":"streamriver","display_name":"Dry Fork Cabin Creek","stream_role":"natural_stream_detail_context","sourceLayer":"colorado_natural_stream_detail_tiles_v1","sourceLabel":"Colorado natural stream detail tiles v1","sensitivity":"generalized"},"geometry":{"type":"LineString","coordinates":[[-107.01532,39.92086],[-107.00725,39.9202]]}},{"type":"Feature","properties":{"huc8":"14010001","huc8Name":"Colorado Headwaters","historic":"coloradoRiver","current":"introduced","recovery":"recoveryWatch","lineageKey":"coloradoRiver","lineageLabel":"Colorado River green lineage","basin":"Colorado Headwaters","note":"Upper Colorado green-lineage context","state":"CO","confidence":"HUC8 drainage context / generalized","geometryStatus":"natural_stream_detail_tile_from_full_interpreted_layer","troutSource":"HUC8 lineage assignment v1 / review needed","sourceName":"Poison Creek","name":"Poison Creek","source_id":"162763540","length_km":0.04363269,"FType":460,"FCode":46006,"atlas_class":"streamriver","display_name":"Poison Creek","stream_role":"natural_stream_detail_context","sourceLayer":"colorado_natural_stream_detail_tiles_v1","sourceLabel":"Colorado natural stream detail tiles v1","sensitivity":"generalized"},"geometry":{"type":"LineString","coordinates":[[-107.01778,39.80987],[-107.01778,39.80948]]}},{"type":"Feature","properties":{"huc8":"14010001","huc8Name":"Colorado Headwaters","historic":"coloradoRiver","current":"introduced","recovery":"recoveryWatch","lineageKey":"coloradoRiver","lineageLabel":"Colorado River green lineage","basin":"Colorado Headwaters","note":"Upper Colorado green-lineage context","state":"CO","confidence":"HUC8 drainage context / generalized","geometryStatus":"natural_stream_detail_tile_from_full_interpreted_layer","troutSource":"HUC8 lineage assignment v1 / review needed","sourceName":"Cabin Creek","name":"Cabin Creek","source_id":"88855401","length_km":0.32001531,"FType":460,"FCode":46006,"atlas_class":"streamriver","display_name":"Cabin Creek","stream_role":"natural_stream_detail_context","sourceLayer":"colorado_natural_stream_detail_tiles_v1","sourceLabel":"Colorado natural stream detail tiles v1","sensitivity":"generalized"},"geometry":{"type":"LineString","coordinates":[[-107.02427,39.94217],[-107.02138,39.94046]]}},{"type":"Feature","properties":{"huc8":"14010001","huc8Name":"Colorado Headwaters","historic":"coloradoRiver","current":"introduced","recovery":"recoveryWatch","lineageKey":"coloradoRiver","lineageLabel":"Colorado River green lineage","basin":"Colorado Headwaters","note":"Upper Colorado green-lineage context","state":"CO","confidence":"HUC8 drainage context / generalized","geometryStatus":"natural_stream_detail_tile_from_full_interpreted_layer","troutSource":"HUC8 lineage assignment v1 / review needed","sourceName":"East Fork Red Dirt Creek","name":"East Fork Red Dirt Creek","source_id":"162757719","length_km":0.033,"FType":460,"FCode":46006,"atlas_class":"streamriver","display_name":"East Fork Red Dirt Creek","stream_role":"natural_stream_detail_context","sourceLayer":"colorado_natural_stream_detail_tiles_v1","sourceLabel":"Colorado natural stream detail tiles v1","sensitivity":"generalized"},"geometry":{"type":"LineString","coordinates":[[-107.02334,39.84251],[-107.02312,39.84228]]}},{"type":"Feature","properties":{"huc8":"14010001","huc8Name":"Colorado Headwaters","historic":"coloradoRiver","current":"introduced","recovery":"recoveryWatch","lineageKey":"coloradoRiver","lineageLabel":"Colorado River green lineage","basin":"Colorado Headwaters","note":"Upper Colorado green-lineage context","state":"CO","confidence":"HUC8 drainage context / generalized","geometryStatus":"natural_stream_detail_tile_from_full_interpreted_layer","troutSource":"HUC8 lineage assignment v1 / review needed","sourceName":"East Fork Red Dirt Creek","name":"East Fork Red Dirt Creek","source_id":"162757627","length_km":0.354,"FType":460,"FCode":46006,"atlas_class":"streamriver","display_name":"East Fork Red Dirt Creek","stream_role":"natural_stream_detail_context","sourceLayer":"colorado_natural_stream_detail_tiles_v1","sourceLabel":"Colorado natural stream detail tiles v1","sensitivity":"generalized"},"geometry":{"type":"LineString","coordinates":[[-107.02516,39.84616],[-107.02495,39.84481],[-107.02382,39.84324]]}},{"type":"Feature","properties":{"huc8":"14010001","huc8Name":"Colorado Headwaters","historic":"coloradoRiver","current":"introduced","recovery":"recoveryWatch","lineageKey":"coloradoRiver","lineageLabel":"Colorado River green lineage","basin":"Colorado Headwaters","note":"Upper Colorado green-lineage context","state":"CO","confidence":"HUC8 drainage context / generalized","geometryStatus":"natural_stream_detail_tile_from_full_interpreted_layer","troutSource":"HUC8 lineage assignment v1 / review needed","sourceName":"Cabin Creek","name":"Cabin Creek","source_id":"162756175","length_km":0.11107954,"FType":460,"FCode":46006,"atlas_class":"streamriver","display_name":"Cabin Creek","stream_role":"natural_stream_detail_context","sourceLayer":"colorado_natural_stream_detail_tiles_v1","sourceLabel":"Colorado natural stream detail tiles v1","sensitivity":"generalized"},"geometry":{"type":"LineString","coordinates":[[-107.01975,39.93759],[-107.01995,39.9367]]}},{"type":"Feature","properties":{"huc8":"14010001","huc8Name":"Colorado Headwaters","historic":"coloradoRiver","current":"introduced","recovery":"recoveryWatch","lineageKey":"coloradoRiver","lineageLabel":"Colorado River green lineage","basin":"Colorado Headwaters","note":"Upper Colorado green-lineage context","state":"CO","confidence":"HUC8 drainage context / generalized","geometryStatus":"natural_stream_detail_tile_from_full_interpreted_layer","troutSource":"HUC8 lineage assignment v1 / review needed","sourceName":"East Fork Red Dirt Creek","name":"East Fork Red Dirt Creek","source_id":"88885977","length_km":0.736,"FType":460,"FCode":46006,"atlas_class":"streamriver","display_name":"East Fork Red Dirt Creek","stream_role":"natural_stream_detail_context","sourceLayer":"colorado_natural_stream_detail_tiles_v1","sourceLabel":"Colorado natural stream detail tiles v1","sensitivity":"generalized"},"geometry":{"type":"LineString","coordinates":[[-107.03311,39.85262],[-107.02574,39.84924]]}},{"type":"Feature","properties":{"huc8":"14010001","huc8Name":"Colorado Headwaters","historic":"coloradoRiver","current":"introduced","recovery":"recoveryWatch","lineageKey":"coloradoRiver","lineageLabel":"Colorado River green lineage","basin":"Colorado Headwaters","note":"Upper Colorado green-lineage context","state":"CO","confidence":"HUC8 drainage context / generalized","geometryStatus":"natural_stream_detail_tile_from_full_interpreted_layer","troutSource":"HUC8 lineage assignment v1 / review needed","sourceName":"West Fork Red Dirt Creek","name":"West Fork Red Dirt Creek","source_id":"88886091","length_km":0.06843473,"FType":460,"FCode":46006,"atlas_class":"streamriver","display_name":"West Fork Red Dirt Creek","stream_role":"natural_stream_detail_context","sourceLayer":"colorado_natural_stream_detail_tiles_v1","sourceLabel":"Colorado natural stream detail tiles v1","sensitivity":"generalized"},"geometry":{"type":"LineString","coordinates":[[-107.02359,39.83066],[-107.02281,39.83053]]}},{"type":"Feature","properties":{"huc8":"14010001","huc8Name":"Colorado Headwaters","historic":"coloradoRiver","current":"introduced","recovery":"recoveryWatch","lineageKey":"coloradoRiver","lineageLabel":"Colorado River green lineage","basin":"Colorado Headwaters","note":"Upper Colorado green-lineage context","state":"CO","confidence":"HUC8 drainage context / generalized","geometryStatus":"natural_stream_detail_tile_from_full_interpreted_layer","troutSource":"HUC8 lineage assignment v1 / review needed","sourceName":"East Fork Red Dirt Creek","name":"East Fork Red Dirt Creek","source_id":"{B24AEF53-9782-47C2-94BD-661BCA9927AC}","length_km":0.02580877,"FType":460,"FCode":46006,"atlas_class":"streamriver","display_name":"East Fork Red Dirt Creek","stream_role":"natural_stream_detail_context","sourceLayer":"colorado_natural_stream_detail_tiles_v1","sourceLabel":"Colorado natural stream detail tiles v1","sensitivity":"generalized"},"geometry":{"type":"LineString","coordinates":[[-107.02151,39.83907],[-107.02131,39.8389]]}},{"type":"Feature","properties":{"huc8":"14010001","huc8Name":"Colorado Headwaters","historic":"coloradoRiver","current":"introduced","recovery":"recoveryWatch","lineageKey":"coloradoRiver","lineageLabel":"Colorado River green lineage","basin":"Colorado Headwaters","note":"Upper Colorado green-lineage context","state":"CO","confidence":"HUC8 drainage context / generalized","geometryStatus":"natural_stream_detail_tile_from_full_interpreted_layer","troutSource":"HUC8 lineage assignment v1 / review needed","sourceName":"Poison Creek","name":"Poison Creek","source_id":"162763525","length_km":0.11862545,"FType":460,"FCode":46006,"atlas_class":"streamriver","display_name":"Poison Creek","stream_role":"natural_stream_detail_context","sourceLayer":"colorado_natural_stream_detail_tiles_v1","sourceLabel":"Colorado natural stream detail tiles v1","sensitivity":"generalized"},"geometry":{"type":"LineString","coordinates":[[-107.01638,39.8021],[-107.01574,39.80119]]}},{"type":"Feature","properties":{"huc8":"14010001","huc8Name":"Colorado Headwaters","historic":"coloradoRiver","current":"introduced","recovery":"recoveryWatch","lineageKey":"coloradoRiver","lineageLabel":"Colorado River green lineage","basin":"Colorado Headwaters","note":"Upper Colorado green-lineage context","state":"CO","confidence":"HUC8 drainage context / generalized","geometryStatus":"natural_stream_detail_tile_from_full_interpreted_layer","troutSource":"HUC8 lineage assignment v1 / review needed","sourceName":"Poison Creek","name":"Poison Creek","source_id":"162760030","length_km":0.10398145,"FType":460,"FCode":46006,"atlas_class":"streamriver","display_name":"Poison Creek","stream_role":"natural_stream_detail_context","sourceLayer":"colorado_natural_stream_detail_tiles_v1","sourceLabel":"Colorado natural stream detail tiles v1","sensitivity":"generalized"},"geometry":{"type":"LineString","coordinates":[[-107.01574,39.80119],[-107.01503,39.80047]]}},{"type":"Feature","properties":{"huc8":"14010001","huc8Name":"Colorado Headwaters","historic":"coloradoRiver","current":"introduced","recovery":"recoveryWatch","lineageKey":"coloradoRiver","lineageLabel":"Colorado River green lineage","basin":"Colorado Headwaters","note":"Upper Colorado green-lineage context","state":"CO","confidence":"HUC8 drainage context / generalized","geometryStatus":"natural_stream_detail_tile_from_full_interpreted_layer","troutSource":"HUC8 lineage assignment v1 / review needed","sourceName":"Poison Creek","name":"Poison Creek","source_id":"162759710","length_km":0.25701037,"FType":460,"FCode":46006,"atlas_class":"streamriver","display_name":"Poison Creek","stream_role":"natural_stream_detail_context","sourceLayer":"colorado_natural_stream_detail_tiles_v1","sourceLabel":"Colorado natural stream detail tiles v1","sensitivity":"generalized"},"geometry":{"type":"LineString","coordinates":[[-107.01908,39.80488],[-107.01886,39.80428],[-107.01708,39.8035]]}},{"type":"Feature","properties":{"huc8":"14010001","huc8Name":"Colorado Headwaters","historic":"coloradoRiver","current":"introduced","recovery":"recoveryWatch","lineageKey":"coloradoRiver","lineageLabel":"Colorado River green lineage","basin":"Colorado Headwaters","note":"Upper Colorado green-lineage context","state":"CO","confidence":"HUC8 drainage context / generalized","geometryStatus":"natural_stream_detail_tile_from_full_interpreted_layer","troutSource":"HUC8 lineage assignment v1 / review needed","sourceName":"Willow Creek","name":"Willow Creek","source_id":"162759633","length_km":0.11341326,"FType":460,"FCode":46006,"atlas_class":"streamriver","display_name":"Willow Creek","stream_role":"natural_stream_detail_context","sourceLayer":"colorado_natural_stream_detail_tiles_v1","sourceLabel":"Colorado natural stream detail tiles v1","sensitivity":"generalized"},"geometry":{"type":"LineString","coordinates":[[-107.0415,39.80457],[-107.04039,39.80408]]}},{"type":"Feature","properties":{"huc8":"14010001","huc8Name":"Colorado Headwaters","historic":"coloradoRiver","current":"introduced","recovery":"recoveryWatch","lineageKey":"coloradoRiver","lineageLabel":"Colorado River green lineage","basin":"Colorado Headwaters","note":"Upper Colorado green-lineage context","state":"CO","confidence":"HUC8 drainage context / generalized","geometryStatus":"natural_stream_detail_tile_from_full_interpreted_layer","troutSource":"HUC8 lineage assignment v1 / review needed","sourceName":"Willow Creek","name":"Willow Creek","source_id":"88886391","length_km":0.25486962,"FType":460,"FCode":46006,"atlas_class":"streamriver","display_name":"Willow Creek","stream_role":"natural_stream_detail_context","sourceLayer":"colorado_natural_stream_detail_tiles_v1","sourceLabel":"Colorado natural stream detail tiles v1","sensitivity":"generalized"},"geometry":{"type":"LineString","coordinates":[[-107.03271,39.80092],[-107.0306,39.79943]]}},{"type":"Feature","properties":{"huc8":"14010001","huc8Name":"Colorado Headwaters","historic":"coloradoRiver","current":"introduced","recovery":"recoveryWatch","lineageKey":"coloradoRiver","lineageLabel":"Colorado River green lineage","basin":"Colorado Headwaters","note":"Upper Colorado green-lineage context","state":"CO","confidence":"HUC8 drainage context / generalized","geometryStatus":"natural_stream_detail_tile_from_full_interpreted_layer","troutSource":"HUC8 lineage assignment v1 / review needed","sourceName":"Willow Creek","name":"Willow Creek","source_id":"162759592","length_km":0.14496192,"FType":460,"FCode":46006,"atlas_class":"streamriver","display_name":"Willow Creek","stream_role":"natural_stream_detail_context","sourceLayer":"colorado_natural_stream_detail_tiles_v1","sourceLabel":"Colorado natural stream detail tiles v1","sensitivity":"generalized"},"geometry":{"type":"LineString","coordinates":[[-107.03946,39.80347],[-107.03791,39.80308]]}},{"type":"Feature","properties":{"huc8":"14010001","huc8Name":"Colorado Headwaters","historic":"coloradoRiver","current":"introduced","recovery":"recoveryWatch","lineageKey":"coloradoRiver","lineageLabel":"Colorado River green lineage","basin":"Colorado Headwaters","note":"Upper Colorado green-lineage context","state":"CO","confidence":"HUC8 drainage context / generalized","geometryStatus":"natural_stream_detail_tile_from_full_interpreted_layer","troutSource":"HUC8 lineage assignment v1 / review needed","sourceName":"Willow Creek","name":"Willow Creek","source_id":"88886367","length_km":0.3665034,"FType":460,"FCode":46006,"atlas_class":"streamriver","display_name":"Willow Creek","stream_role":"natural_stream_detail_context","sourceLayer":"colorado_natural_stream_detail_tiles_v1","sourceLabel":"Colorado natural stream detail tiles v1","sensitivity":"generalized"},"geometry":{"type":"LineString","coordinates":[[-107.03619,39.80267],[-107.0344,39.80217],[-107.03271,39.80092]]}},{"type":"Feature","properties":{"huc8":"14010001","huc8Name":"Colorado Headwaters","historic":"coloradoRiver","current":"introduced","recovery":"recoveryWatch","lineageKey":"coloradoRiver","lineageLabel":"Colorado River green lineage","basin":"Colorado Headwaters","note":"Upper Colorado green-lineage context","state":"CO","confidence":"HUC8 drainage context / generalized","geometryStatus":"natural_stream_detail_tile_from_full_interpreted_layer","troutSource":"HUC8 lineage assignment v1 / review needed","sourceName":"Willow Creek","name":"Willow Creek","source_id":"162759979","length_km":0.04918386,"FType":460,"FCode":46006,"atlas_class":"streamriver","display_name":"Willow Creek","stream_role":"natural_stream_detail_context","sourceLayer":"colorado_natural_stream_detail_tiles_v1","sourceLabel":"Colorado natural stream detail tiles v1","sensitivity":"generalized"},"geometry":{"type":"LineString","coordinates":[[-107.04341,39.80465],[-107.04285,39.80464]]}},{"type":"Feature","properties":{"huc8":"14010001","huc8Name":"Colorado Headwaters","historic":"coloradoRiver","current":"introduced","recovery":"recoveryWatch","lineageKey":"coloradoRiver","lineageLabel":"Colorado River green lineage","basin":"Colorado Headwaters","note":"Upper Colorado green-lineage context","state":"CO","confidence":"HUC8 drainage context / generalized","geometryStatus":"natural_stream_detail_tile_from_full_interpreted_layer","troutSource":"HUC8 lineage assignment v1 / review needed","sourceName":"Sunnyside Creek","name":"Sunnyside Creek","source_id":"162756071","length_km":0.29688067,"FType":460,"FCode":46006,"atlas_class":"streamriver","display_name":"Sunnyside Creek","stream_role":"natural_stream_detail_context","sourceLayer":"colorado_natural_stream_detail_tiles_v1","sourceLabel":"Colorado natural stream detail tiles v1","sensitivity":"generalized"},"geometry":{"type":"LineString","coordinates":[[-107.00855,39.9941],[-107.0051,39.99407]]}},{"type":"Feature","properties":{"huc8":"14010001","huc8Name":"Colorado Headwaters","historic":"coloradoRiver","current":"introduced","recovery":"recoveryWatch","lineageKey":"coloradoRiver","lineageLabel":"Colorado River green lineage","basin":"Colorado Headwaters","note":"Upper Colorado green-lineage context","state":"CO","confidence":"HUC8 drainage context / generalized","geometryStatus":"natural_stream_detail_tile_from_full_interpreted_layer","troutSource":"HUC8 lineage assignment v1 / review needed","sourceName":"Cabin Creek","name":"Cabin Creek","source_id":"162755910","length_km":0.26765478,"FType":460,"FCode":46006,"atlas_class":"streamriver","display_name":"Cabin Creek","stream_role":"natural_stream_detail_context","sourceLayer":"colorado_natural_stream_detail_tiles_v1","sourceLabel":"Colorado natural stream detail tiles v1","sensitivity":"generalized"},"geometry":{"type":"LineString","coordinates":[[-107.04388,39.96306],[-107.04109,39.96199]]}},{"type":"Feature","properties":{"huc8":"14010001","huc8Name":"Colorado Headwaters","historic":"coloradoRiver","current":"introduced","recovery":"recoveryWatch","lineageKey":"coloradoRiver","lineageLabel":"Colorado River green lineage","basin":"Colorado Headwaters","note":"Upper Colorado green-lineage context","state":"CO","confidence":"HUC8 drainage context / generalized","geometryStatus":"natural_stream_detail_tile_from_full_interpreted_layer","troutSource":"HUC8 lineage assignment v1 / review needed","sourceName":"North Fork Cedar Creek","name":"North Fork Cedar Creek","source_id":"162755881","length_km":0.52134732,"FType":460,"FCode":46003,"atlas_class":"streamriver","display_name":"North Fork Cedar Creek","stream_role":"natural_stream_detail_context","sourceLayer":"colorado_natural_stream_detail_tiles_v1","sourceLabel":"Colorado natural stream detail tiles v1","sensitivity":"generalized"},"geometry":{"type":"LineString","coordinates":[[-107.01854,39.98614],[-107.01626,39.98712],[-107.01296,39.98763]]}},{"type":"Feature","properties":{"huc8":"14010001","huc8Name":"Colorado Headwaters","historic":"coloradoRiver","current":"introduced","recovery":"recoveryWatch","lineageKey":"coloradoRiver","lineageLabel":"Colorado River green lineage","basin":"Colorado Headwaters","note":"Upper Colorado green-lineage context","state":"CO","confidence":"HUC8 drainage context / generalized","geometryStatus":"natural_stream_detail_tile_from_full_interpreted_layer","troutSource":"HUC8 lineage assignment v1 / review needed","sourceName":"Cabin Creek","name":"Cabin Creek","source_id":"162755911","length_km":0.14212311,"FType":460,"FCode":46006,"atlas_class":"streamriver","display_name":"Cabin Creek","stream_role":"natural_stream_detail_context","sourceLayer":"colorado_natural_stream_detail_tiles_v1","sourceLabel":"Colorado natural stream detail tiles v1","sensitivity":"generalized"},"geometry":{"type":"LineString","coordinates":[[-107.04109,39.96199],[-107.03987,39.96112]]}},{"type":"Feature","properties":{"huc8":"14010001","huc8Name":"Colorado Headwaters","historic":"coloradoRiver","current":"introduced","recovery":"recoveryWatch","lineageKey":"coloradoRiver","lineageLabel":"Colorado River green lineage","basin":"Colorado Headwaters","note":"Upper Colorado green-lineage context","state":"CO","confidence":"HUC8 drainage context / generalized","geometryStatus":"natural_stream_detail_tile_from_full_interpreted_layer","troutSource":"HUC8 lineage assignment v1 / review needed","sourceName":"Cabin Creek","name":"Cabin Creek","source_id":"88855319","length_km":0.28990169,"FType":460,"FCode":46006,"atlas_class":"streamriver","display_name":"Cabin Creek","stream_role":"natural_stream_detail_context","sourceLayer":"colorado_natural_stream_detail_tiles_v1","sourceLabel":"Colorado natural stream detail tiles v1","sensitivity":"generalized"},"geometry":{"type":"LineString","coordinates":[[-107.04706,39.96317],[-107.04624,39.96353],[-107.04388,39.96306]]}},{"type":"Feature","properties":{"huc8":"14010001","huc8Name":"Colorado Headwaters","historic":"coloradoRiver","current":"introduced","recovery":"recoveryWatch","lineageKey":"coloradoRiver","lineageLabel":"Colorado River green lineage","basin":"Colorado Headwaters","note":"Upper Colorado green-lineage context","state":"CO","confidence":"HUC8 drainage context / generalized","geometryStatus":"natural_stream_detail_tile_from_full_interpreted_layer","troutSource":"HUC8 lineage assignment v1 / review needed","sourceName":"Cabin Creek","name":"Cabin Creek","source_id":"88855329","length_km":0.50514425,"FType":460,"FCode":46006,"atlas_class":"streamriver","display_name":"Cabin Creek","stream_role":"natural_stream_detail_context","sourceLayer":"colorado_natural_stream_detail_tiles_v1","sourceLabel":"Colorado natural stream detail tiles v1","sensitivity":"generalized"},"geometry":{"type":"LineString","coordinates":[[-107.05284,39.96244],[-107.04706,39.96317]]}},{"type":"Feature","properties":{"huc8":"14010001","huc8Name":"Colorado Headwaters","historic":"coloradoRiver","current":"introduced","recovery":"recoveryWatch","lineageKey":"coloradoRiver","lineageLabel":"Colorado River green lineage","basin":"Colorado Headwaters","note":"Upper Colorado green-lineage context","state":"CO","confidence":"HUC8 drainage context / generalized","geometryStatus":"natural_stream_detail_tile_from_full_interpreted_layer","troutSource":"HUC8 lineage assignment v1 / review needed","sourceName":"Sunnyside Creek","name":"Sunnyside Creek","source_id":"162756011","length_km":0.59354861,"FType":460,"FCode":46006,"atlas_class":"streamriver","display_name":"Sunnyside Creek","stream_role":"natural_stream_detail_context","sourceLayer":"colorado_natural_stream_detail_tiles_v1","sourceLabel":"Colorado natural stream detail tiles v1","sensitivity":"generalized"},"geometry":{"type":"LineString","coordinates":[[-107.01491,39.99259],[-107.01312,39.99247],[-107.00855,39.9941]]}},{"type":"Feature","properties":{"huc8":"14010001","huc8Name":"Colorado Headwaters","historic":"coloradoRiver","current":"introduced","recovery":"recoveryWatch","lineageKey":"coloradoRiver","lineageLabel":"Colorado River green lineage","basin":"Colorado Headwaters","note":"Upper Colorado green-lineage context","state":"CO","confidence":"HUC8 drainage context / generalized","geometryStatus":"natural_stream_detail_tile_from_full_interpreted_layer","troutSource":"HUC8 lineage assignment v1 / review needed","sourceName":"Cedar Creek","name":"Cedar Creek","source_id":"88855341","length_km":1.498539,"FType":460,"FCode":46003,"atlas_class":"streamriver","display_name":"Cedar Creek","stream_role":"natural_stream_detail_context","sourceLayer":"colorado_natural_stream_detail_tiles_v1","sourceLabel":"Colorado natural stream detail tiles v1","sensitivity":"generalized"},"geometry":{"type":"LineString","coordinates":[[-107.02639,39.9703],[-107.02109,39.96661],[-107.02041,39.9627],[-107.018,39.95934]]}},{"type":"Feature","properties":{"huc8":"14010001","huc8Name":"Colorado Headwaters","historic":"coloradoRiver","current":"introduced","recovery":"recoveryWatch","lineageKey":"coloradoRiver","lineageLabel":"Colorado River green lineage","basin":"Colorado Headwaters","note":"Upper Colorado green-lineage context","state":"CO","confidence":"HUC8 drainage context / generalized","geometryStatus":"natural_stream_detail_tile_from_full_interpreted_layer","troutSource":"HUC8 lineage assignment v1 / review needed","sourceName":"Cabin Creek","name":"Cabin Creek","source_id":"162756236","length_km":0.37350143,"FType":460,"FCode":46006,"atlas_class":"streamriver","display_name":"Cabin Creek","stream_role":"natural_stream_detail_context","sourceLayer":"colorado_natural_stream_detail_tiles_v1","sourceLabel":"Colorado natural stream detail tiles v1","sensitivity":"generalized"},"geometry":{"type":"LineString","coordinates":[[-107.03987,39.96112],[-107.0392,39.95795]]}},{"type":"Feature","properties":{"huc8":"14010001","huc8Name":"Colorado Headwaters","historic":"coloradoRiver","current":"introduced","recovery":"recoveryWatch","lineageKey":"coloradoRiver","lineageLabel":"Colorado River green lineage","basin":"Colorado Headwaters","note":"Upper Colorado green-lineage context","state":"CO","confidence":"HUC8 drainage context / generalized","geometryStatus":"natural_stream_detail_tile_from_full_interpreted_layer","troutSource":"HUC8 lineage assignment v1 / review needed","sourceName":"Willow Creek","name":"Willow Creek","source_id":"88886297","length_km":0.56812777,"FType":460,"FCode":46006,"atlas_class":"streamriver","display_name":"Willow Creek","stream_role":"natural_stream_detail_context","sourceLayer":"colorado_natural_stream_detail_tiles_v1","sourceLabel":"Colorado natural stream detail tiles v1","sensitivity":"generalized"},"geometry":{"type":"LineString","coordinates":[[-107.06301,39.8094],[-107.05666,39.80879]]}},{"type":"Feature","properties":{"huc8":"14010001","huc8Name":"Colorado Headwaters","historic":"coloradoRiver","current":"introduced","recovery":"recoveryWatch","lineageKey":"coloradoRiver","lineageLabel":"Colorado River green lineage","basin":"Colorado Headwaters","note":"Upper Colorado green-lineage context","state":"CO","confidence":"HUC8 drainage context / generalized","geometryStatus":"natural_stream_detail_tile_from_full_interpreted_layer","troutSource":"HUC8 lineage assignment v1 / review needed","sourceName":"Willow Creek","name":"Willow Creek","source_id":"162759634","length_km":0.11351113,"FType":460,"FCode":46006,"atlas_class":"streamriver","display_name":"Willow Creek","stream_role":"natural_stream_detail_context","sourceLayer":"colorado_natural_stream_detail_tiles_v1","sourceLabel":"Colorado natural stream detail tiles v1","sensitivity":"generalized"},"geometry":{"type":"LineString","coordinates":[[-107.04039,39.80408],[-107.03946,39.80347]]}},{"type":"Feature","properties":{"huc8":"14010001","huc8Name":"Colorado Headwaters","historic":"coloradoRiver","current":"introduced","recovery":"recoveryWatch","lineageKey":"coloradoRiver","lineageLabel":"Colorado River green lineage","basin":"Colorado Headwaters","note":"Upper Colorado green-lineage context","state":"CO","confidence":"HUC8 drainage context / generalized","geometryStatus":"natural_stream_detail_tile_from_full_interpreted_layer","troutSource":"HUC8 lineage assignment v1 / review needed","sourceName":"Poison Creek","name":"Poison Creek","source_id":"88886167","length_km":0.20126487,"FType":460,"FCode":46006,"atlas_class":"streamriver","display_name":"Poison Creek","stream_role":"natural_stream_detail_context","sourceLayer":"colorado_natural_stream_detail_tiles_v1","sourceLabel":"Colorado natural stream detail tiles v1","sensitivity":"generalized"},"geometry":{"type":"LineString","coordinates":[[-107.04125,39.82418],[-107.03899,39.8237]]}},{"type":"Feature","properties":{"huc8":"14010001","huc8Name":"Colorado Headwaters","historic":"coloradoRiver","current":"introduced","recovery":"recoveryWatch","lineageKey":"coloradoRiver","lineageLabel":"Colorado River green lineage","basin":"Colorado Headwaters","note":"Upper Colorado green-lineage context","state":"CO","confidence":"HUC8 drainage context / generalized","geometryStatus":"natural_stream_detail_tile_from_full_interpreted_layer","troutSource":"HUC8 lineage assignment v1 / review needed","sourceName":"Poison Creek","name":"Poison Creek","source_id":"162759709","length_km":0.04701418,"FType":460,"FCode":46006,"atlas_class":"streamriver","display_name":"Poison Creek","stream_role":"natural_stream_detail_context","sourceLayer":"colorado_natural_stream_detail_tiles_v1","sourceLabel":"Colorado natural stream detail tiles v1","sensitivity":"generalized"},"geometry":{"type":"LineString","coordinates":[[-107.01911,39.8053],[-107.01908,39.80488]]}},{"type":"Feature","properties":{"huc8":"14010001","huc8Name":"Colorado Headwaters","historic":"coloradoRiver","current":"introduced","recovery":"recoveryWatch","lineageKey":"coloradoRiver","lineageLabel":"Colorado River green lineage","basin":"Colorado Headwaters","note":"Upper Colorado green-lineage context","state":"CO","confidence":"HUC8 drainage context / generalized","geometryStatus":"natural_stream_detail_tile_from_full_interpreted_layer","troutSource":"HUC8 lineage assignment v1 / review needed","sourceName":"Willow Creek","name":"Willow Creek","source_id":"162754960","length_km":0.3480774,"FType":460,"FCode":46006,"atlas_class":"streamriver","display_name":"Willow Creek","stream_role":"natural_stream_detail_context","sourceLayer":"colorado_natural_stream_detail_tiles_v1","sourceLabel":"Colorado natural stream detail tiles v1","sensitivity":"generalized"},"geometry":{"type":"LineString","coordinates":[[-107.07296,39.82035],[-107.07161,39.81753]]}},{"type":"Feature","properties":{"huc8":"14010001","huc8Name":"Colorado Headwaters","historic":"coloradoRiver","current":"introduced","recovery":"recoveryWatch","lineageKey":"coloradoRiver","lineageLabel":"Colorado River green lineage","basin":"Colorado Headwaters","note":"Upper Colorado green-lineage context","state":"CO","confidence":"HUC8 drainage context / generalized","geometryStatus":"natural_stream_detail_tile_from_full_interpreted_layer","troutSource":"HUC8 lineage assignment v1 / review needed","sourceName":"Willow Creek","name":"Willow Creek","source_id":"162759983","length_km":0.14212636,"FType":460,"FCode":46006,"atlas_class":"streamriver","display_name":"Willow Creek","stream_role":"natural_stream_detail_context","sourceLayer":"colorado_natural_stream_detail_tiles_v1","sourceLabel":"Colorado natural stream detail tiles v1","sensitivity":"generalized"},"geometry":{"type":"LineString","coordinates":[[-107.04849,39.80626],[-107.04705,39.80575]]}},{"type":"Feature","properties":{"huc8":"14010001","huc8Name":"Colorado Headwaters","historic":"coloradoRiver","current":"introduced","recovery":"recoveryWatch","lineageKey":"coloradoRiver","lineageLabel":"Colorado River green lineage","basin":"Colorado Headwaters","note":"Upper Colorado green-lineage context","state":"CO","confidence":"HUC8 drainage context / generalized","geometryStatus":"natural_stream_detail_tile_from_full_interpreted_layer","troutSource":"HUC8 lineage assignment v1 / review needed","sourceName":"Willow Creek","name":"Willow Creek","source_id":"162759776","length_km":0.05814452,"FType":460,"FCode":46006,"atlas_class":"streamriver","display_name":"Willow Creek","stream_role":"natural_stream_detail_context","sourceLayer":"colorado_natural_stream_detail_tiles_v1","sourceLabel":"Colorado natural stream detail tiles v1","sensitivity":"generalized"},"geometry":{"type":"LineString","coordinates":[[-107.05564,39.80831],[-107.05499,39.80816]]}},{"type":"Feature","properties":{"huc8":"14010001","huc8Name":"Colorado Headwaters","historic":"coloradoRiver","current":"introduced","recovery":"recoveryWatch","lineageKey":"coloradoRiver","lineageLabel":"Colorado River green lineage","basin":"Colorado Headwaters","note":"Upper Colorado green-lineage context","state":"CO","confidence":"HUC8 drainage context / generalized","geometryStatus":"natural_stream_detail_tile_from_full_interpreted_layer","troutSource":"HUC8 lineage assignment v1 / review needed","sourceName":"Willow Creek","name":"Willow Creek","source_id":"162763513","length_km":0.12394933,"FType":460,"FCode":46006,"atlas_class":"streamriver","display_name":"Willow Creek","stream_role":"natural_stream_detail_context","sourceLayer":"colorado_natural_stream_detail_tiles_v1","sourceLabel":"Colorado natural stream detail tiles v1","sensitivity":"generalized"},"geometry":{"type":"LineString","coordinates":[[-107.0642,39.80878],[-107.06301,39.8094]]}},{"type":"Feature","properties":{"huc8":"14010001","huc8Name":"Colorado Headwaters","historic":"coloradoRiver","current":"introduced","recovery":"recoveryWatch","lineageKey":"coloradoRiver","lineageLabel":"Colorado River green lineage","basin":"Colorado Headwaters","note":"Upper Colorado green-lineage context","state":"CO","confidence":"HUC8 drainage context / generalized","geometryStatus":"natural_stream_detail_tile_from_full_interpreted_layer","troutSource":"HUC8 lineage assignment v1 / review needed","sourceName":"Willow Creek","name":"Willow Creek","source_id":"162750273","length_km":0.54036181,"FType":460,"FCode":46006,"atlas_class":"streamriver","display_name":"Willow Creek","stream_role":"natural_stream_detail_context","sourceLayer":"colorado_natural_stream_detail_tiles_v1","sourceLabel":"Colorado natural stream detail tiles v1","sensitivity":"generalized"},"geometry":{"type":"LineString","coordinates":[[-107.07734,39.82905],[-107.07432,39.82853],[-107.07148,39.82962]]}},{"type":"Feature","properties":{"huc8":"14010001","huc8Name":"Colorado Headwaters","historic":"coloradoRiver","current":"introduced","recovery":"recoveryWatch","lineageKey":"coloradoRiver","lineageLabel":"Colorado River green lineage","basin":"Colorado Headwaters","note":"Upper Colorado green-lineage context","state":"CO","confidence":"HUC8 drainage context / generalized","geometryStatus":"natural_stream_detail_tile_from_full_interpreted_layer","troutSource":"HUC8 lineage assignment v1 / review needed","sourceName":"Poison Creek","name":"Poison Creek","source_id":"162763524","length_km":0.01577116,"FType":460,"FCode":46006,"atlas_class":"streamriver","display_name":"Poison Creek","stream_role":"natural_stream_detail_context","sourceLayer":"colorado_natural_stream_detail_tiles_v1","sourceLabel":"Colorado natural stream detail tiles v1","sensitivity":"generalized"},"geometry":{"type":"LineString","coordinates":[[-107.0165,39.80221],[-107.01638,39.8021]]}},{"type":"Feature","properties":{"huc8":"14010001","huc8Name":"Colorado Headwaters","historic":"coloradoRiver","current":"introduced","recovery":"recoveryWatch","lineageKey":"coloradoRiver","lineageLabel":"Colorado River green lineage","basin":"Colorado Headwaters","note":"Upper Colorado green-lineage context","state":"CO","confidence":"HUC8 drainage context / generalized","geometryStatus":"natural_stream_detail_tile_from_full_interpreted_layer","troutSource":"HUC8 lineage assignment v1 / review needed","sourceName":"Poison Creek","name":"Poison Creek","source_id":"88886109","length_km":0.2113695,"FType":460,"FCode":46006,"atlas_class":"streamriver","display_name":"Poison Creek","stream_role":"natural_stream_detail_context","sourceLayer":"colorado_natural_stream_detail_tiles_v1","sourceLabel":"Colorado natural stream detail tiles v1","sensitivity":"generalized"},"geometry":{"type":"LineString","coordinates":[[-107.05198,39.82957],[-107.04958,39.82932]]}},{"type":"Feature","properties":{"huc8":"14010001","huc8Name":"Colorado Headwaters","historic":"coloradoRiver","current":"introduced","recovery":"recoveryWatch","lineageKey":"coloradoRiver","lineageLabel":"Colorado River green lineage","basin":"Colorado Headwaters","note":"Upper Colorado green-lineage context","state":"CO","confidence":"HUC8 drainage context / generalized","geometryStatus":"natural_stream_detail_tile_from_full_interpreted_layer","troutSource":"HUC8 lineage assignment v1 / review needed","sourceName":"Willow Creek","name":"Willow Creek","source_id":"162759662","length_km":0.01772188,"FType":460,"FCode":46006,"atlas_class":"streamriver","display_name":"Willow Creek","stream_role":"natural_stream_detail_context","sourceLayer":"colorado_natural_stream_detail_tiles_v1","sourceLabel":"Colorado natural stream detail tiles v1","sensitivity":"generalized"},"geometry":{"type":"LineString","coordinates":[[-107.05117,39.80727],[-107.05099,39.80722]]}},{"type":"Feature","properties":{"huc8":"14010001","huc8Name":"Colorado Headwaters","historic":"coloradoRiver","current":"introduced","recovery":"recoveryWatch","lineageKey":"coloradoRiver","lineageLabel":"Colorado River green lineage","basin":"Colorado Headwaters","note":"Upper Colorado green-lineage context","state":"CO","confidence":"HUC8 drainage context / generalized","geometryStatus":"natural_stream_detail_tile_from_full_interpreted_layer","troutSource":"HUC8 lineage assignment v1 / review needed","sourceName":"Poison Creek","name":"Poison Creek","source_id":"162757580","length_km":0.1717417,"FType":460,"FCode":46006,"atlas_class":"streamriver","display_name":"Poison Creek","stream_role":"natural_stream_detail_context","sourceLayer":"colorado_natural_stream_detail_tiles_v1","sourceLabel":"Colorado natural stream detail tiles v1","sensitivity":"generalized"},"geometry":{"type":"LineString","coordinates":[[-107.04647,39.82702],[-107.04478,39.82624]]}},{"type":"Feature","properties":{"huc8":"14010001","huc8Name":"Colorado Headwaters","historic":"coloradoRiver","current":"introduced","recovery":"recoveryWatch","lineageKey":"coloradoRiver","lineageLabel":"Colorado River green lineage","basin":"Colorado Headwaters","note":"Upper Colorado green-lineage context","state":"CO","confidence":"HUC8 drainage context / generalized","geometryStatus":"natural_stream_detail_tile_from_full_interpreted_layer","troutSource":"HUC8 lineage assignment v1 / review needed","sourceName":"Willow Creek","name":"Willow Creek","source_id":"162750274","length_km":0.30022168,"FType":460,"FCode":46006,"atlas_class":"streamriver","display_name":"Willow Creek","stream_role":"natural_stream_detail_context","sourceLayer":"colorado_natural_stream_detail_tiles_v1","sourceLabel":"Colorado natural stream detail tiles v1","sensitivity":"generalized"},"geometry":{"type":"LineString","coordinates":[[-107.07148,39.82962],[-107.07054,39.82953],[-107.06981,39.82771]]}},{"type":"Feature","properties":{"huc8":"14010001","huc8Name":"Colorado Headwaters","historic":"coloradoRiver","current":"introduced","recovery":"recoveryWatch","lineageKey":"coloradoRiver","lineageLabel":"Colorado River green lineage","basin":"Colorado Headwaters","note":"Upper Colorado green-lineage context","state":"CO","confidence":"HUC8 drainage context / generalized","geometryStatus":"natural_stream_detail_tile_from_full_interpreted_layer","troutSource":"HUC8 lineage assignment v1 / review needed","sourceName":"Poison Creek","name":"Poison Creek","source_id":"88886261","length_km":0.42292355,"FType":460,"FCode":46006,"atlas_class":"streamriver","display_name":"Poison Creek","stream_role":"natural_stream_detail_context","sourceLayer":"colorado_natural_stream_detail_tiles_v1","sourceLabel":"Colorado natural stream detail tiles v1","sensitivity":"generalized"},"geometry":{"type":"LineString","coordinates":[[-107.02057,39.81551],[-107.01834,39.81388],[-107.01816,39.81261]]}},{"type":"Feature","properties":{"huc8":"14010001","huc8Name":"Colorado Headwaters","historic":"coloradoRiver","current":"introduced","recovery":"recoveryWatch","lineageKey":"coloradoRiver","lineageLabel":"Colorado River green lineage","basin":"Colorado Headwaters","note":"Upper Colorado green-lineage context","state":"CO","confidence":"HUC8 drainage context / generalized","geometryStatus":"natural_stream_detail_tile_from_full_interpreted_layer","troutSource":"HUC8 lineage assignment v1 / review needed","sourceName":"Willow Creek","name":"Willow Creek","source_id":"162760961","length_km":0.26195006,"FType":460,"FCode":46006,"atlas_class":"streamriver","display_name":"Willow Creek","stream_role":"natural_stream_detail_context","sourceLayer":"colorado_natural_stream_detail_tiles_v1","sourceLabel":"Colorado natural stream detail tiles v1","sensitivity":"generalized"},"geometry":{"type":"LineString","coordinates":[[-107.07027,39.81152],[-107.06873,39.80954]]}},{"type":"Feature","properties":{"huc8":"14010001","huc8Name":"Colorado Headwaters","historic":"coloradoRiver","current":"introduced","recovery":"recoveryWatch","lineageKey":"coloradoRiver","lineageLabel":"Colorado River green lineage","basin":"Colorado Headwaters","note":"Upper Colorado green-lineage context","state":"CO","confidence":"HUC8 drainage context / generalized","geometryStatus":"natural_stream_detail_tile_from_full_interpreted_layer","troutSource":"HUC8 lineage assignment v1 / review needed","sourceName":"Willow Creek","name":"Willow Creek","source_id":"162759665","length_km":0.18482308,"FType":460,"FCode":46006,"atlas_class":"streamriver","display_name":"Willow Creek","stream_role":"natural_stream_detail_context","sourceLayer":"colorado_natural_stream_detail_tiles_v1","sourceLabel":"Colorado natural stream detail tiles v1","sensitivity":"generalized"},"geometry":{"type":"LineString","coordinates":[[-107.05318,39.80757],[-107.05117,39.80727]]}},{"type":"Feature","properties":{"huc8":"14010001","huc8Name":"Colorado Headwaters","historic":"coloradoRiver","current":"introduced","recovery":"recoveryWatch","lineageKey":"coloradoRiver","lineageLabel":"Colorado River green lineage","basin":"Colorado Headwaters","note":"Upper Colorado green-lineage context","state":"CO","confidence":"HUC8 drainage context / generalized","geometryStatus":"natural_stream_detail_tile_from_full_interpreted_layer","troutSource":"HUC8 lineage assignment v1 / review needed","sourceName":"Poison Creek","name":"Poison Creek","source_id":"162757778","length_km":0.1311614,"FType":460,"FCode":46006,"atlas_class":"streamriver","display_name":"Poison Creek","stream_role":"natural_stream_detail_context","sourceLayer":"colorado_natural_stream_detail_tiles_v1","sourceLabel":"Colorado natural stream detail tiles v1","sensitivity":"generalized"},"geometry":{"type":"LineString","coordinates":[[-107.03109,39.82048],[-107.0298,39.8199]]}},{"type":"Feature","properties":{"huc8":"14010001","huc8Name":"Colorado Headwaters","historic":"coloradoRiver","current":"introduced","recovery":"recoveryWatch","lineageKey":"coloradoRiver","lineageLabel":"Colorado River green lineage","basin":"Colorado Headwaters","note":"Upper Colorado green-lineage context","state":"CO","confidence":"HUC8 drainage context / generalized","geometryStatus":"natural_stream_detail_tile_from_full_interpreted_layer","troutSource":"HUC8 lineage assignment v1 / review needed","sourceName":"Willow Creek","name":"Willow Creek","source_id":"162759978","length_km":0.19405368,"FType":460,"FCode":46006,"atlas_class":"streamriver","display_name":"Willow Creek","stream_role":"natural_stream_detail_context","sourceLayer":"colorado_natural_stream_detail_tiles_v1","sourceLabel":"Colorado natural stream detail tiles v1","sensitivity":"generalized"},"geometry":{"type":"LineString","coordinates":[[-107.04535,39.80545],[-107.04341,39.80465]]}},{"type":"Feature","properties":{"huc8":"14010001","huc8Name":"Colorado Headwaters","historic":"coloradoRiver","current":"introduced","recovery":"recoveryWatch","lineageKey":"coloradoRiver","lineageLabel":"Colorado River green lineage","basin":"Colorado Headwaters","note":"Upper Colorado green-lineage context","state":"CO","confidence":"HUC8 drainage context / generalized","geometryStatus":"natural_stream_detail_tile_from_full_interpreted_layer","troutSource":"HUC8 lineage assignment v1 / review needed","sourceName":"Poison Creek","name":"Poison Creek","source_id":"162757480","length_km":0.22960637,"FType":460,"FCode":46006,"atlas_class":"streamriver","display_name":"Poison Creek","stream_role":"natural_stream_detail_context","sourceLayer":"colorado_natural_stream_detail_tiles_v1","sourceLabel":"Colorado natural stream detail tiles v1","sensitivity":"generalized"},"geometry":{"type":"LineString","coordinates":[[-107.0226,39.81682],[-107.02057,39.81551]]}},{"type":"Feature","properties":{"huc8":"14010001","huc8Name":"Colorado Headwaters","historic":"coloradoRiver","current":"introduced","recovery":"recoveryWatch","lineageKey":"coloradoRiver","lineageLabel":"Colorado River green lineage","basin":"Colorado Headwaters","note":"Upper Colorado green-lineage context","state":"CO","confidence":"HUC8 drainage context / generalized","geometryStatus":"natural_stream_detail_tile_from_full_interpreted_layer","troutSource":"HUC8 lineage assignment v1 / review needed","sourceName":"Willow Creek","name":"Willow Creek","source_id":"162751659","length_km":0.52074769,"FType":460,"FCode":46006,"atlas_class":"streamriver","display_name":"Willow Creek","stream_role":"natural_stream_detail_context","sourceLayer":"colorado_natural_stream_detail_tiles_v1","sourceLabel":"Colorado natural stream detail tiles v1","sensitivity":"generalized"},"geometry":{"type":"LineString","coordinates":[[-107.07161,39.81753],[-107.06972,39.8144],[-107.07034,39.8134]]}},{"type":"Feature","properties":{"huc8":"14010001","huc8Name":"Colorado Headwaters","historic":"coloradoRiver","current":"introduced","recovery":"recoveryWatch","lineageKey":"coloradoRiver","lineageLabel":"Colorado River green lineage","basin":"Colorado Headwaters","note":"Upper Colorado green-lineage context","state":"CO","confidence":"HUC8 drainage context / generalized","geometryStatus":"natural_stream_detail_tile_from_full_interpreted_layer","troutSource":"HUC8 lineage assignment v1 / review needed","sourceName":"Willow Creek","name":"Willow Creek","source_id":"88886329","length_km":0.1517853,"FType":460,"FCode":46006,"atlas_class":"streamriver","display_name":"Willow Creek","stream_role":"natural_stream_detail_context","sourceLayer":"colorado_natural_stream_detail_tiles_v1","sourceLabel":"Colorado natural stream detail tiles v1","sensitivity":"generalized"},"geometry":{"type":"LineString","coordinates":[[-107.04705,39.80575],[-107.04535,39.80545]]}},{"type":"Feature","properties":{"huc8":"14010001","huc8Name":"Colorado Headwaters","historic":"coloradoRiver","current":"introduced","recovery":"recoveryWatch","lineageKey":"coloradoRiver","lineageLabel":"Colorado River green lineage","basin":"Colorado Headwaters","note":"Upper Colorado green-lineage context","state":"CO","confidence":"HUC8 drainage context / generalized","geometryStatus":"natural_stream_detail_tile_from_full_interpreted_layer","troutSource":"HUC8 lineage assignment v1 / review needed","sourceName":"Willow Creek","name":"Willow Creek","source_id":"162763512","length_km":0.27075744,"FType":460,"FCode":46006,"atlas_class":"streamriver","display_name":"Willow Creek","stream_role":"natural_stream_detail_context","sourceLayer":"colorado_natural_stream_detail_tiles_v1","sourceLabel":"Colorado natural stream detail tiles v1","sensitivity":"generalized"},"geometry":{"type":"LineString","coordinates":[[-107.06709,39.80953],[-107.0642,39.80878]]}},{"type":"Feature","properties":{"huc8":"14010001","huc8Name":"Colorado Headwaters","historic":"coloradoRiver","current":"introduced","recovery":"recoveryWatch","lineageKey":"coloradoRiver","lineageLabel":"Colorado River green lineage","basin":"Colorado Headwaters","note":"Upper Colorado green-lineage context","state":"CO","confidence":"HUC8 drainage context / generalized","geometryStatus":"natural_stream_detail_tile_from_full_interpreted_layer","troutSource":"HUC8 lineage assignment v1 / review needed","sourceName":"Poison Creek","name":"Poison Creek","source_id":"162757454","length_km":0.16481627,"FType":460,"FCode":46006,"atlas_class":"streamriver","display_name":"Poison Creek","stream_role":"natural_stream_detail_context","sourceLayer":"colorado_natural_stream_detail_tiles_v1","sourceLabel":"Colorado natural stream detail tiles v1","sensitivity":"generalized"},"geometry":{"type":"LineString","coordinates":[[-107.04751,39.82817],[-107.04647,39.82702]]}},{"type":"Feature","properties":{"huc8":"14010001","huc8Name":"Colorado Headwaters","historic":"coloradoRiver","current":"introduced","recovery":"recoveryWatch","lineageKey":"coloradoRiver","lineageLabel":"Colorado River green lineage","basin":"Colorado Headwaters","note":"Upper Colorado green-lineage context","state":"CO","confidence":"HUC8 drainage context / generalized","geometryStatus":"natural_stream_detail_tile_from_full_interpreted_layer","troutSource":"HUC8 lineage assignment v1 / review needed","sourceName":"Willow Creek","name":"Willow Creek","source_id":"162759630","length_km":0.120531,"FType":460,"FCode":46006,"atlas_class":"streamriver","display_name":"Willow Creek","stream_role":"natural_stream_detail_context","sourceLayer":"colorado_natural_stream_detail_tiles_v1","sourceLabel":"Colorado natural stream detail tiles v1","sensitivity":"generalized"},"geometry":{"type":"LineString","coordinates":[[-107.04285,39.80464],[-107.0415,39.80457]]}},{"type":"Feature","properties":{"huc8":"14010001","huc8Name":"Colorado Headwaters","historic":"coloradoRiver","current":"introduced","recovery":"recoveryWatch","lineageKey":"coloradoRiver","lineageLabel":"Colorado River green lineage","basin":"Colorado Headwaters","note":"Upper Colorado green-lineage context","state":"CO","confidence":"HUC8 drainage context / generalized","geometryStatus":"natural_stream_detail_tile_from_full_interpreted_layer","troutSource":"HUC8 lineage assignment v1 / review needed","sourceName":"Poison Creek","name":"Poison Creek","source_id":"162757511","length_km":0.40273863,"FType":460,"FCode":46006,"atlas_class":"streamriver","display_name":"Poison Creek","stream_role":"natural_stream_detail_context","sourceLayer":"colorado_natural_stream_detail_tiles_v1","sourceLabel":"Colorado natural stream detail tiles v1","sensitivity":"generalized"},"geometry":{"type":"LineString","coordinates":[[-107.0368,39.82273],[-107.03268,39.82116]]}},{"type":"Feature","properties":{"huc8":"14010001","huc8Name":"Colorado Headwaters","historic":"coloradoRiver","current":"introduced","recovery":"recoveryWatch","lineageKey":"coloradoRiver","lineageLabel":"Colorado River green lineage","basin":"Colorado Headwaters","note":"Upper Colorado green-lineage context","state":"CO","confidence":"HUC8 drainage context / generalized","geometryStatus":"natural_stream_detail_tile_from_full_interpreted_layer","troutSource":"HUC8 lineage assignment v1 / review needed","sourceName":"Willow Creek","name":"Willow Creek","source_id":"162759775","length_km":0.10489616,"FType":460,"FCode":46006,"atlas_class":"streamriver","display_name":"Willow Creek","stream_role":"natural_stream_detail_context","sourceLayer":"colorado_natural_stream_detail_tiles_v1","sourceLabel":"Colorado natural stream detail tiles v1","sensitivity":"generalized"},"geometry":{"type":"LineString","coordinates":[[-107.05666,39.80879],[-107.05564,39.80831]]}},{"type":"Feature","properties":{"huc8":"14010001","huc8Name":"Colorado Headwaters","historic":"coloradoRiver","current":"introduced","recovery":"recoveryWatch","lineageKey":"coloradoRiver","lineageLabel":"Colorado River green lineage","basin":"Colorado Headwaters","note":"Upper Colorado green-lineage context","state":"CO","confidence":"HUC8 drainage context / generalized","geometryStatus":"natural_stream_detail_tile_from_full_interpreted_layer","troutSource":"HUC8 lineage assignment v1 / review needed","sourceName":"Poison Creek","name":"Poison Creek","source_id":"88886263","length_km":0.00911384,"FType":460,"FCode":46003,"atlas_class":"streamriver","display_name":"Poison Creek","stream_role":"natural_stream_detail_context","sourceLayer":"colorado_natural_stream_detail_tiles_v1","sourceLabel":"Colorado natural stream detail tiles v1","sensitivity":"generalized"},"geometry":{"type":"LineString","coordinates":[[-107.01816,39.81261],[-107.01816,39.81253]]}},{"type":"Feature","properties":{"huc8":"14010001","huc8Name":"Colorado Headwaters","historic":"coloradoRiver","current":"introduced","recovery":"recoveryWatch","lineageKey":"coloradoRiver","lineageLabel":"Colorado River green lineage","basin":"Colorado Headwaters","note":"Upper Colorado green-lineage context","state":"CO","confidence":"HUC8 drainage context / generalized","geometryStatus":"natural_stream_detail_tile_from_full_interpreted_layer","troutSource":"HUC8 lineage assignment v1 / review needed","sourceName":"Poison Creek","name":"Poison Creek","source_id":"162759643","length_km":0.11926767,"FType":460,"FCode":46006,"atlas_class":"streamriver","display_name":"Poison Creek","stream_role":"natural_stream_detail_context","sourceLayer":"colorado_natural_stream_detail_tiles_v1","sourceLabel":"Colorado natural stream detail tiles v1","sensitivity":"generalized"},"geometry":{"type":"LineString","coordinates":[[-107.01758,39.81087],[-107.01778,39.80987]]}},{"type":"Feature","properties":{"huc8":"14010001","huc8Name":"Colorado Headwaters","historic":"coloradoRiver","current":"introduced","recovery":"recoveryWatch","lineageKey":"coloradoRiver","lineageLabel":"Colorado River green lineage","basin":"Colorado Headwaters","note":"Upper Colorado green-lineage context","state":"CO","confidence":"HUC8 drainage context / generalized","geometryStatus":"natural_stream_detail_tile_from_full_interpreted_layer","troutSource":"HUC8 lineage assignment v1 / review needed","sourceName":"Red Dirt Creek","name":"Red Dirt Creek","source_id":"162757516","length_km":0.022,"FType":460,"FCode":46006,"atlas_class":"streamriver","display_name":"Red Dirt Creek","stream_role":"natural_stream_detail_context","sourceLayer":"colorado_natural_stream_detail_tiles_v1","sourceLabel":"Colorado natural stream detail tiles v1","sensitivity":"generalized"},"geometry":{"type":"LineString","coordinates":[[-107.00922,39.82717],[-107.00923,39.82697]]}},{"type":"Feature","properties":{"huc8":"14010001","huc8Name":"Colorado Headwaters","historic":"coloradoRiver","current":"introduced","recovery":"recoveryWatch","lineageKey":"coloradoRiver","lineageLabel":"Colorado River green lineage","basin":"Colorado Headwaters","note":"Upper Colorado green-lineage context","state":"CO","confidence":"HUC8 drainage context / generalized","geometryStatus":"natural_stream_detail_tile_from_full_interpreted_layer","troutSource":"HUC8 lineage assignment v1 / review needed","sourceName":"Red Dirt Creek","name":"Red Dirt Creek","source_id":"162757492","length_km":0.738,"FType":460,"FCode":46006,"atlas_class":"streamriver","display_name":"Red Dirt Creek","stream_role":"natural_stream_detail_context","sourceLayer":"colorado_natural_stream_detail_tiles_v1","sourceLabel":"Colorado natural stream detail tiles v1","sensitivity":"generalized"},"geometry":{"type":"LineString","coordinates":[[-107.00758,39.82546],[-107.00626,39.82342],[-107.00365,39.82182],[-107.00342,39.82058]]}},{"type":"Feature","properties":{"huc8":"14010001","huc8Name":"Colorado Headwaters","historic":"coloradoRiver","current":"introduced","recovery":"recoveryWatch","lineageKey":"coloradoRiver","lineageLabel":"Colorado River green lineage","basin":"Colorado Headwaters","note":"Upper Colorado green-lineage context","state":"CO","confidence":"HUC8 drainage context / generalized","geometryStatus":"natural_stream_detail_tile_from_full_interpreted_layer","troutSource":"HUC8 lineage assignment v1 / review needed","sourceName":"Red Dirt Creek","name":"Red Dirt Creek","source_id":"162757515","length_km":0.135,"FType":460,"FCode":46006,"atlas_class":"streamriver","display_name":"Red Dirt Creek","stream_role":"natural_stream_detail_context","sourceLayer":"colorado_natural_stream_detail_tiles_v1","sourceLabel":"Colorado natural stream detail tiles v1","sensitivity":"generalized"},"geometry":{"type":"LineString","coordinates":[[-107.00954,39.82827],[-107.00922,39.82717]]}},{"type":"Feature","properties":{"huc8":"14010001","huc8Name":"Colorado Headwaters","historic":"coloradoRiver","current":"introduced","recovery":"recoveryWatch","lineageKey":"coloradoRiver","lineageLabel":"Colorado River green lineage","basin":"Colorado Headwaters","note":"Upper Colorado green-lineage context","state":"CO","confidence":"HUC8 drainage context / generalized","geometryStatus":"natural_stream_detail_tile_from_full_interpreted_layer","troutSource":"HUC8 lineage assignment v1 / review needed","sourceName":"North Fork Derby Creek","name":"North Fork Derby Creek","source_id":"88877399","length_km":1.13234524,"FType":460,"FCode":46003,"atlas_class":"streamriver","display_name":"North Fork Derby Creek","stream_role":"natural_stream_detail_context","sourceLayer":"colorado_natural_stream_detail_tiles_v1","sourceLabel":"Colorado natural stream detail tiles v1","sensitivity":"generalized"},"geometry":{"type":"LineString","coordinates":[[-107.10004,40.00438],[-107.10252,40.00324],[-107.10344,40.00191],[-107.10527,39.99784],[-107.10541,39.99586]]}},{"type":"Feature","properties":{"huc8":"14010001","huc8Name":"Colorado Headwaters","historic":"coloradoRiver","current":"introduced","recovery":"recoveryWatch","lineageKey":"coloradoRiver","lineageLabel":"Colorado River green lineage","basin":"Colorado Headwaters","note":"Upper Colorado green-lineage context","state":"CO","confidence":"HUC8 drainage context / generalized","geometryStatus":"natural_stream_detail_tile_from_full_interpreted_layer","troutSource":"HUC8 lineage assignment v1 / review needed","sourceName":"North Fork Derby Creek","name":"North Fork Derby Creek","source_id":"162756161","length_km":0.11916671,"FType":460,"FCode":46006,"atlas_class":"streamriver","display_name":"North Fork Derby Creek","stream_role":"natural_stream_detail_context","sourceLayer":"colorado_natural_stream_detail_tiles_v1","sourceLabel":"Colorado natural stream detail tiles v1","sensitivity":"generalized"},"geometry":{"type":"LineString","coordinates":[[-107.08429,39.96821],[-107.08315,39.96764]]}},{"type":"Feature","properties":{"huc8":"14010001","huc8Name":"Colorado Headwaters","historic":"coloradoRiver","current":"introduced","recovery":"recoveryWatch","lineageKey":"coloradoRiver","lineageLabel":"Colorado River green lineage","basin":"Colorado Headwaters","note":"Upper Colorado green-lineage context","state":"CO","confidence":"HUC8 drainage context / generalized","geometryStatus":"natural_stream_detail_tile_from_full_interpreted_layer","troutSource":"HUC8 lineage assignment v1 / review needed","sourceName":"North Fork Derby Creek","name":"North Fork Derby Creek","source_id":"88855193","length_km":0.2177736,"FType":460,"FCode":46006,"atlas_class":"streamriver","display_name":"North Fork Derby Creek","stream_role":"natural_stream_detail_context","sourceLayer":"colorado_natural_stream_detail_tiles_v1","sourceLabel":"Colorado natural stream detail tiles v1","sensitivity":"generalized"},"geometry":{"type":"LineString","coordinates":[[-107.10799,39.98405],[-107.1068,39.98244]]}},{"type":"Feature","properties":{"huc8":"14010001","huc8Name":"Colorado Headwaters","historic":"coloradoRiver","current":"introduced","recovery":"recoveryWatch","lineageKey":"coloradoRiver","lineageLabel":"Colorado River green lineage","basin":"Colorado Headwaters","note":"Upper Colorado green-lineage context","state":"CO","confidence":"HUC8 drainage context / generalized","geometryStatus":"natural_stream_detail_tile_from_full_interpreted_layer","troutSource":"HUC8 lineage assignment v1 / review needed","sourceName":"North Fork Derby Creek","name":"North Fork Derby Creek","source_id":"162755968","length_km":1.20669874,"FType":460,"FCode":46006,"atlas_class":"streamriver","display_name":"North Fork Derby Creek","stream_role":"natural_stream_detail_context","sourceLayer":"colorado_natural_stream_detail_tiles_v1","sourceLabel":"Colorado natural stream detail tiles v1","sensitivity":"generalized"},"geometry":{"type":"LineString","coordinates":[[-107.10632,39.99352],[-107.10662,39.99287],[-107.106,39.99135],[-107.10684,39.9898],[-107.10651,39.98743],[-107.10602,39.98708],[-107.10799,39.98405]]}},{"type":"Feature","properties":{"huc8":"14010001","huc8Name":"Colorado Headwaters","historic":"coloradoRiver","current":"introduced","recovery":"recoveryWatch","lineageKey":"coloradoRiver","lineageLabel":"Colorado River green lineage","basin":"Colorado Headwaters","note":"Upper Colorado green-lineage context","state":"CO","confidence":"HUC8 drainage context / generalized","geometryStatus":"natural_stream_detail_tile_from_full_interpreted_layer","troutSource":"HUC8 lineage assignment v1 / review needed","sourceName":"North Fork Derby Creek","name":"North Fork Derby Creek","source_id":"88855311","length_km":0.4704845,"FType":460,"FCode":46006,"atlas_class":"streamriver","display_name":"North Fork Derby Creek","stream_role":"natural_stream_detail_context","sourceLayer":"colorado_natural_stream_detail_tiles_v1","sourceLabel":"Colorado natural stream detail tiles v1","sensitivity":"generalized"},"geometry":{"type":"LineString","coordinates":[[-107.08136,39.96609],[-107.07806,39.96287]]}},{"type":"Feature","properties":{"huc8":"14010001","huc8Name":"Colorado Headwaters","historic":"coloradoRiver","current":"introduced","recovery":"recoveryWatch","lineageKey":"coloradoRiver","lineageLabel":"Colorado River green lineage","basin":"Colorado Headwaters","note":"Upper Colorado green-lineage context","state":"CO","confidence":"HUC8 drainage context / generalized","geometryStatus":"natural_stream_detail_tile_from_full_interpreted_layer","troutSource":"HUC8 lineage assignment v1 / review needed","sourceName":"North Fork Derby Creek","name":"North Fork Derby Creek","source_id":"162756239","length_km":0.30037773,"FType":460,"FCode":46006,"atlas_class":"streamriver","display_name":"North Fork Derby Creek","stream_role":"natural_stream_detail_context","sourceLayer":"colorado_natural_stream_detail_tiles_v1","sourceLabel":"Colorado natural stream detail tiles v1","sensitivity":"generalized"},"geometry":{"type":"LineString","coordinates":[[-107.10337,39.98054],[-107.10145,39.97853]]}},{"type":"Feature","properties":{"huc8":"14010001","huc8Name":"Colorado Headwaters","historic":"coloradoRiver","current":"introduced","recovery":"recoveryWatch","lineageKey":"coloradoRiver","lineageLabel":"Colorado River green lineage","basin":"Colorado Headwaters","note":"Upper Colorado green-lineage context","state":"CO","confidence":"HUC8 drainage context / generalized","geometryStatus":"natural_stream_detail_tile_from_full_interpreted_layer","troutSource":"HUC8 lineage assignment v1 / review needed","sourceName":"North Fork Derby Creek","name":"North Fork Derby Creek","source_id":"162755992","length_km":0.11876479,"FType":460,"FCode":46006,"atlas_class":"streamriver","display_name":"North Fork Derby Creek","stream_role":"natural_stream_detail_context","sourceLayer":"colorado_natural_stream_detail_tiles_v1","sourceLabel":"Colorado natural stream detail tiles v1","sensitivity":"generalized"},"geometry":{"type":"LineString","coordinates":[[-107.08672,39.96977],[-107.08549,39.96952]]}},{"type":"Feature","properties":{"huc8":"14010001","huc8Name":"Colorado Headwaters","historic":"coloradoRiver","current":"introduced","recovery":"recoveryWatch","lineageKey":"coloradoRiver","lineageLabel":"Colorado River green lineage","basin":"Colorado Headwaters","note":"Upper Colorado green-lineage context","state":"CO","confidence":"HUC8 drainage context / generalized","geometryStatus":"natural_stream_detail_tile_from_full_interpreted_layer","troutSource":"HUC8 lineage assignment v1 / review needed","sourceName":"Cabin Creek","name":"Cabin Creek","source_id":"162763456","length_km":0.12569582,"FType":460,"FCode":46006,"atlas_class":"streamriver","display_name":"Cabin Creek","stream_role":"natural_stream_detail_context","sourceLayer":"colorado_natural_stream_detail_tiles_v1","sourceLabel":"Colorado natural stream detail tiles v1","sensitivity":"generalized"},"geometry":{"type":"LineString","coordinates":[[-107.06136,39.96584],[-107.06092,39.96479]]}},{"type":"Feature","properties":{"huc8":"14010001","huc8Name":"Colorado Headwaters","historic":"coloradoRiver","current":"introduced","recovery":"recoveryWatch","lineageKey":"coloradoRiver","lineageLabel":"Colorado River green lineage","basin":"Colorado Headwaters","note":"Upper Colorado green-lineage context","state":"CO","confidence":"HUC8 drainage context / generalized","geometryStatus":"natural_stream_detail_tile_from_full_interpreted_layer","troutSource":"HUC8 lineage assignment v1 / review needed","sourceName":"Cabin Creek","name":"Cabin Creek","source_id":"162756880","length_km":2.7295802,"FType":460,"FCode":46006,"atlas_class":"streamriver","display_name":"Cabin Creek","stream_role":"natural_stream_detail_context","sourceLayer":"colorado_natural_stream_detail_tiles_v1","sourceLabel":"Colorado natural stream detail tiles v1","sensitivity":"generalized"},"geometry":{"type":"LineString","coordinates":[[-107.01869,39.93434],[-107.00931,39.92762],[-107.00535,39.92727],[-107.00392,39.92625],[-107.00115,39.92609],[-106.99998,39.92546],[-106.99646,39.92565],[-106.99242,39.92417]]}},{"type":"Feature","properties":{"huc8":"14010001","huc8Name":"Colorado Headwaters","historic":"coloradoRiver","current":"introduced","recovery":"recoveryWatch","lineageKey":"coloradoRiver","lineageLabel":"Colorado River green lineage","basin":"Colorado Headwaters","note":"Upper Colorado green-lineage context","state":"CO","confidence":"HUC8 drainage context / generalized","geometryStatus":"natural_stream_detail_tile_from_full_interpreted_layer","troutSource":"HUC8 lineage assignment v1 / review needed","sourceName":"Cedar Creek","name":"Cedar Creek","source_id":"88855359","length_km":1.32919141,"FType":460,"FCode":46006,"atlas_class":"streamriver","display_name":"Cedar Creek","stream_role":"natural_stream_detail_context","sourceLayer":"colorado_natural_stream_detail_tiles_v1","sourceLabel":"Colorado natural stream detail tiles v1","sensitivity":"generalized"},"geometry":{"type":"LineString","coordinates":[[-107.018,39.95934],[-107.00671,39.9513]]}},{"type":"Feature","properties":{"huc8":"14010001","huc8Name":"Colorado Headwaters","historic":"coloradoRiver","current":"introduced","recovery":"recoveryWatch","lineageKey":"coloradoRiver","lineageLabel":"Colorado River green lineage","basin":"Colorado Headwaters","note":"Upper Colorado green-lineage context","state":"CO","confidence":"HUC8 drainage context / generalized","geometryStatus":"natural_stream_detail_tile_from_full_interpreted_layer","troutSource":"HUC8 lineage assignment v1 / review needed","sourceName":"South Fork Derby Creek","name":"South Fork Derby Creek","source_id":"88855549","length_km":0.09683201,"FType":460,"FCode":46006,"atlas_class":"streamriver","display_name":"South Fork Derby Creek","stream_role":"natural_stream_detail_context","sourceLayer":"colorado_natural_stream_detail_tiles_v1","sourceLabel":"Colorado natural stream detail tiles v1","sensitivity":"generalized"},"geometry":{"type":"LineString","coordinates":[[-107.11838,39.90023],[-107.11739,39.89981]]}},{"type":"Feature","properties":{"huc8":"14010001","huc8Name":"Colorado Headwaters","historic":"coloradoRiver","current":"introduced","recovery":"recoveryWatch","lineageKey":"coloradoRiver","lineageLabel":"Colorado River green lineage","basin":"Colorado Headwaters","note":"Upper Colorado green-lineage context","state":"CO","confidence":"HUC8 drainage context / generalized","geometryStatus":"natural_stream_detail_tile_from_full_interpreted_layer","troutSource":"HUC8 lineage assignment v1 / review needed","sourceName":"Derby Creek","name":"Derby Creek","source_id":"88855517","length_km":1.19660407,"FType":460,"FCode":46006,"atlas_class":"streamriver","display_name":"Derby Creek","stream_role":"natural_stream_detail_context","sourceLayer":"colorado_natural_stream_detail_tiles_v1","sourceLabel":"Colorado natural stream detail tiles v1","sensitivity":"generalized"},"geometry":{"type":"LineString","coordinates":[[-107.03857,39.91158],[-107.03351,39.90985],[-107.02566,39.90809]]}},{"type":"Feature","properties":{"huc8":"14010001","huc8Name":"Colorado Headwaters","historic":"coloradoRiver","current":"introduced","recovery":"recoveryWatch","lineageKey":"coloradoRiver","lineageLabel":"Colorado River green lineage","basin":"Colorado Headwaters","note":"Upper Colorado green-lineage context","state":"CO","confidence":"HUC8 drainage context / generalized","geometryStatus":"natural_stream_detail_tile_from_full_interpreted_layer","troutSource":"HUC8 lineage assignment v1 / review needed","sourceName":"South Fork Derby Creek","name":"South Fork Derby Creek","source_id":"88855539","length_km":0.02792294,"FType":460,"FCode":46006,"atlas_class":"streamriver","display_name":"South Fork Derby Creek","stream_role":"natural_stream_detail_context","sourceLayer":"colorado_natural_stream_detail_tiles_v1","sourceLabel":"Colorado natural stream detail tiles v1","sensitivity":"generalized"},"geometry":{"type":"LineString","coordinates":[[-107.11902,39.90016],[-107.11869,39.9002]]}},{"type":"Feature","properties":{"huc8":"14010001","huc8Name":"Colorado Headwaters","historic":"coloradoRiver","current":"introduced","recovery":"recoveryWatch","lineageKey":"coloradoRiver","lineageLabel":"Colorado River green lineage","basin":"Colorado Headwaters","note":"Upper Colorado green-lineage context","state":"CO","confidence":"HUC8 drainage context / generalized","geometryStatus":"natural_stream_detail_tile_from_full_interpreted_layer","troutSource":"HUC8 lineage assignment v1 / review needed","sourceName":"South Fork Derby Creek","name":"South Fork Derby Creek","source_id":"88855555","length_km":0.18265996,"FType":460,"FCode":46006,"atlas_class":"streamriver","display_name":"South Fork Derby Creek","stream_role":"natural_stream_detail_context","sourceLayer":"colorado_natural_stream_detail_tiles_v1","sourceLabel":"Colorado natural stream detail tiles v1","sensitivity":"generalized"},"geometry":{"type":"LineString","coordinates":[[-107.09616,39.9002],[-107.09402,39.90012]]}},{"type":"Feature","properties":{"huc8":"14010001","huc8Name":"Colorado Headwaters","historic":"coloradoRiver","current":"introduced","recovery":"recoveryWatch","lineageKey":"coloradoRiver","lineageLabel":"Colorado River green lineage","basin":"Colorado Headwaters","note":"Upper Colorado green-lineage context","state":"CO","confidence":"HUC8 drainage context / generalized","geometryStatus":"natural_stream_detail_tile_from_full_interpreted_layer","troutSource":"HUC8 lineage assignment v1 / review needed","sourceName":"Dry Fork Cabin Creek","name":"Dry Fork Cabin Creek","source_id":"88855491","length_km":2.1815454,"FType":460,"FCode":46003,"atlas_class":"streamriver","display_name":"Dry Fork Cabin Creek","stream_role":"natural_stream_detail_context","sourceLayer":"colorado_natural_stream_detail_tiles_v1","sourceLabel":"Colorado natural stream detail tiles v1","sensitivity":"generalized"},"geometry":{"type":"LineString","coordinates":[[-107.04128,39.92071],[-107.0389,39.9201],[-107.03734,39.91881],[-107.03528,39.9185],[-107.02895,39.91926],[-107.02638,39.91897],[-107.01746,39.92064]]}},{"type":"Feature","properties":{"huc8":"14010001","huc8Name":"Colorado Headwaters","historic":"coloradoRiver","current":"introduced","recovery":"recoveryWatch","lineageKey":"coloradoRiver","lineageLabel":"Colorado River green lineage","basin":"Colorado Headwaters","note":"Upper Colorado green-lineage context","state":"CO","confidence":"HUC8 drainage context / generalized","geometryStatus":"natural_stream_detail_tile_from_full_interpreted_layer","troutSource":"HUC8 lineage assignment v1 / review needed","sourceName":"Trail Creek","name":"Trail Creek","source_id":"88855597","length_km":1.18208974,"FType":460,"FCode":46006,"atlas_class":"streamriver","display_name":"Trail Creek","stream_role":"natural_stream_detail_context","sourceLayer":"colorado_natural_stream_detail_tiles_v1","sourceLabel":"Colorado natural stream detail tiles v1","sensitivity":"generalized"},"geometry":{"type":"LineString","coordinates":[[-107.06943,39.8918],[-107.06513,39.8936],[-107.06472,39.89533],[-107.06304,39.89668],[-107.05924,39.89776]]}},{"type":"Feature","properties":{"huc8":"14010001","huc8Name":"Colorado Headwaters","historic":"coloradoRiver","current":"introduced","recovery":"recoveryWatch","lineageKey":"coloradoRiver","lineageLabel":"Colorado River green lineage","basin":"Colorado Headwaters","note":"Upper Colorado green-lineage context","state":"CO","confidence":"HUC8 drainage context / generalized","geometryStatus":"natural_stream_detail_tile_from_full_interpreted_layer","troutSource":"HUC8 lineage assignment v1 / review needed","sourceName":"Derby Creek","name":"Derby Creek","source_id":"162756719","length_km":0.07027767,"FType":460,"FCode":46006,"atlas_class":"streamriver","display_name":"Derby Creek","stream_role":"natural_stream_detail_context","sourceLayer":"colorado_natural_stream_detail_tiles_v1","sourceLabel":"Colorado natural stream detail tiles v1","sensitivity":"generalized"},"geometry":{"type":"LineString","coordinates":[[-107.05028,39.91811],[-107.04983,39.91765]]}},{"type":"Feature","properties":{"huc8":"14010001","huc8Name":"Colorado Headwaters","historic":"coloradoRiver","current":"introduced","recovery":"recoveryWatch","lineageKey":"coloradoRiver","lineageLabel":"Colorado River green lineage","basin":"Colorado Headwaters","note":"Upper Colorado green-lineage context","state":"CO","confidence":"HUC8 drainage context / generalized","geometryStatus":"natural_stream_detail_tile_from_full_interpreted_layer","troutSource":"HUC8 lineage assignment v1 / review needed","sourceName":"Dry Fork Cabin Creek","name":"Dry Fork Cabin Creek","source_id":"162756785","length_km":0.01707981,"FType":460,"FCode":46003,"atlas_class":"streamriver","display_name":"Dry Fork Cabin Creek","stream_role":"natural_stream_detail_context","sourceLayer":"colorado_natural_stream_detail_tiles_v1","sourceLabel":"Colorado natural stream detail tiles v1","sensitivity":"generalized"},"geometry":{"type":"LineString","coordinates":[[-107.00725,39.9202],[-107.00708,39.92012]]}},{"type":"Feature","properties":{"huc8":"14010001","huc8Name":"Colorado Headwaters","historic":"coloradoRiver","current":"introduced","recovery":"recoveryWatch","lineageKey":"coloradoRiver","lineageLabel":"Colorado River green lineage","basin":"Colorado Headwaters","note":"Upper Colorado green-lineage context","state":"CO","confidence":"HUC8 drainage context / generalized","geometryStatus":"natural_stream_detail_tile_from_full_interpreted_layer","troutSource":"HUC8 lineage assignment v1 / review needed","sourceName":"Middle Fork Derby Creek","name":"Middle Fork Derby Creek","source_id":"88855433","length_km":1.223,"FType":460,"FCode":46006,"atlas_class":"streamriver","display_name":"Middle Fork Derby Creek","stream_role":"natural_stream_detail_context","sourceLayer":"colorado_natural_stream_detail_tiles_v1","sourceLabel":"Colorado natural stream detail tiles v1","sensitivity":"generalized"},"geometry":{"type":"LineString","coordinates":[[-107.0971,39.93798],[-107.0942,39.93784],[-107.09176,39.93684],[-107.09122,39.93798],[-107.09011,39.9379],[-107.0899,39.93736],[-107.08763,39.93769],[-107.08633,39.93719]]}},{"type":"Feature","properties":{"huc8":"14010001","huc8Name":"Colorado Headwaters","historic":"coloradoRiver","current":"introduced","recovery":"recoveryWatch","lineageKey":"coloradoRiver","lineageLabel":"Colorado River green lineage","basin":"Colorado Headwaters","note":"Upper Colorado green-lineage context","state":"CO","confidence":"HUC8 drainage context / generalized","geometryStatus":"natural_stream_detail_tile_from_full_interpreted_layer","troutSource":"HUC8 lineage assignment v1 / review needed","sourceName":"North Fork Derby Creek","name":"North Fork Derby Creek","source_id":"88855459","length_km":0.32328899,"FType":460,"FCode":46006,"atlas_class":"streamriver","display_name":"North Fork Derby Creek","stream_role":"natural_stream_detail_context","sourceLayer":"colorado_natural_stream_detail_tiles_v1","sourceLabel":"Colorado natural stream detail tiles v1","sensitivity":"generalized"},"geometry":{"type":"LineString","coordinates":[[-107.06124,39.93168],[-107.06213,39.93044],[-107.06223,39.92905]]}},{"type":"Feature","properties":{"huc8":"14010001","huc8Name":"Colorado Headwaters","historic":"coloradoRiver","current":"introduced","recovery":"recoveryWatch","lineageKey":"coloradoRiver","lineageLabel":"Colorado River green lineage","basin":"Colorado Headwaters","note":"Upper Colorado green-lineage context","state":"CO","confidence":"HUC8 drainage context / generalized","geometryStatus":"natural_stream_detail_tile_from_full_interpreted_layer","troutSource":"HUC8 lineage assignment v1 / review needed","sourceName":"Canard Creek","name":"Canard Creek","source_id":"162756803","length_km":0.19633439,"FType":460,"FCode":46006,"atlas_class":"streamriver","display_name":"Canard Creek","stream_role":"natural_stream_detail_context","sourceLayer":"colorado_natural_stream_detail_tiles_v1","sourceLabel":"Colorado natural stream detail tiles v1","sensitivity":"generalized"},"geometry":{"type":"LineString","coordinates":[[-107.03554,39.9064],[-107.03326,39.90669]]}},{"type":"Feature","properties":{"huc8":"14010001","huc8Name":"Colorado Headwaters","historic":"coloradoRiver","current":"introduced","recovery":"recoveryWatch","lineageKey":"coloradoRiver","lineageLabel":"Colorado River green lineage","basin":"Colorado Headwaters","note":"Upper Colorado green-lineage context","state":"CO","confidence":"HUC8 drainage context / generalized","geometryStatus":"natural_stream_detail_tile_from_full_interpreted_layer","troutSource":"HUC8 lineage assignment v1 / review needed","sourceName":"Middle Fork Derby Creek","name":"Middle Fork Derby Creek","source_id":"162755903","length_km":1.07140919,"FType":460,"FCode":46006,"atlas_class":"streamriver","display_name":"Middle Fork Derby Creek","stream_role":"natural_stream_detail_context","sourceLayer":"colorado_natural_stream_detail_tiles_v1","sourceLabel":"Colorado natural stream detail tiles v1","sensitivity":"generalized"},"geometry":{"type":"LineString","coordinates":[[-107.13309,39.94323],[-107.12815,39.94206],[-107.12399,39.94039],[-107.12175,39.94015]]}},{"type":"Feature","properties":{"huc8":"14010001","huc8Name":"Colorado Headwaters","historic":"coloradoRiver","current":"introduced","recovery":"recoveryWatch","lineageKey":"coloradoRiver","lineageLabel":"Colorado River green lineage","basin":"Colorado Headwaters","note":"Upper Colorado green-lineage context","state":"CO","confidence":"HUC8 drainage context / generalized","geometryStatus":"natural_stream_detail_tile_from_full_interpreted_layer","troutSource":"HUC8 lineage assignment v1 / review needed","sourceName":"Middle Fork Derby Creek","name":"Middle Fork Derby Creek","source_id":"88855467","length_km":0.671,"FType":460,"FCode":46006,"atlas_class":"streamriver","display_name":"Middle Fork Derby Creek","stream_role":"natural_stream_detail_context","sourceLayer":"colorado_natural_stream_detail_tiles_v1","sourceLabel":"Colorado natural stream detail tiles v1","sensitivity":"generalized"},"geometry":{"type":"LineString","coordinates":[[-107.06914,39.92987],[-107.06764,39.92927],[-107.0642,39.92956],[-107.06187,39.92877]]}},{"type":"Feature","properties":{"huc8":"14010001","huc8Name":"Colorado Headwaters","historic":"coloradoRiver","current":"introduced","recovery":"recoveryWatch","lineageKey":"coloradoRiver","lineageLabel":"Colorado River green lineage","basin":"Colorado Headwaters","note":"Upper Colorado green-lineage context","state":"CO","confidence":"HUC8 drainage context / generalized","geometryStatus":"natural_stream_detail_tile_from_full_interpreted_layer","troutSource":"HUC8 lineage assignment v1 / review needed","sourceName":"North Fork Derby Creek","name":"North Fork Derby Creek","source_id":"162755897","length_km":0.1785809,"FType":460,"FCode":46006,"atlas_class":"streamriver","display_name":"North Fork Derby Creek","stream_role":"natural_stream_detail_context","sourceLayer":"colorado_natural_stream_detail_tiles_v1","sourceLabel":"Colorado natural stream detail tiles v1","sensitivity":"generalized"},"geometry":{"type":"LineString","coordinates":[[-107.06623,39.94247],[-107.06492,39.94123]]}},{"type":"Feature","properties":{"huc8":"14010001","huc8Name":"Colorado Headwaters","historic":"coloradoRiver","current":"introduced","recovery":"recoveryWatch","lineageKey":"coloradoRiver","lineageLabel":"Colorado River green lineage","basin":"Colorado Headwaters","note":"Upper Colorado green-lineage context","state":"CO","confidence":"HUC8 drainage context / generalized","geometryStatus":"natural_stream_detail_tile_from_full_interpreted_layer","troutSource":"HUC8 lineage assignment v1 / review needed","sourceName":"Dry Fork Cabin Creek","name":"Dry Fork Cabin Creek","source_id":"162756681","length_km":0.67691329,"FType":460,"FCode":46003,"atlas_class":"streamriver","display_name":"Dry Fork Cabin Creek","stream_role":"natural_stream_detail_context","sourceLayer":"colorado_natural_stream_detail_tiles_v1","sourceLabel":"Colorado natural stream detail tiles v1","sensitivity":"generalized"},"geometry":{"type":"LineString","coordinates":[[-107.05477,39.93391],[-107.05396,39.93109],[-107.05126,39.92898]]}},{"type":"Feature","properties":{"huc8":"14010001","huc8Name":"Colorado Headwaters","historic":"coloradoRiver","current":"introduced","recovery":"recoveryWatch","lineageKey":"coloradoRiver","lineageLabel":"Colorado River green lineage","basin":"Colorado Headwaters","note":"Upper Colorado green-lineage context","state":"CO","confidence":"HUC8 drainage context / generalized","geometryStatus":"natural_stream_detail_tile_from_full_interpreted_layer","troutSource":"HUC8 lineage assignment v1 / review needed","sourceName":"Middle Fork Derby Creek","name":"Middle Fork Derby Creek","source_id":"88855427","length_km":0.63516503,"FType":460,"FCode":46006,"atlas_class":"streamriver","display_name":"Middle Fork Derby Creek","stream_role":"natural_stream_detail_context","sourceLayer":"colorado_natural_stream_detail_tiles_v1","sourceLabel":"Colorado natural stream detail tiles v1","sensitivity":"generalized"},"geometry":{"type":"LineString","coordinates":[[-107.10668,39.93814],[-107.10246,39.93762],[-107.09956,39.93806]]}},{"type":"Feature","properties":{"huc8":"14010001","huc8Name":"Colorado Headwaters","historic":"coloradoRiver","current":"introduced","recovery":"recoveryWatch","lineageKey":"coloradoRiver","lineageLabel":"Colorado River green lineage","basin":"Colorado Headwaters","note":"Upper Colorado green-lineage context","state":"CO","confidence":"HUC8 drainage context / generalized","geometryStatus":"natural_stream_detail_tile_from_full_interpreted_layer","troutSource":"HUC8 lineage assignment v1 / review needed","sourceName":"Middle Fork Derby Creek","name":"Middle Fork Derby Creek","source_id":"88891787","length_km":0.65058262,"FType":460,"FCode":46006,"atlas_class":"streamriver","display_name":"Middle Fork Derby Creek","stream_role":"natural_stream_detail_context","sourceLayer":"colorado_natural_stream_detail_tiles_v1","sourceLabel":"Colorado natural stream detail tiles v1","sensitivity":"generalized"},"geometry":{"type":"LineString","coordinates":[[-107.1564,39.95848],[-107.1546,39.95627],[-107.15461,39.95324]]}},{"type":"Feature","properties":{"huc8":"14010001","huc8Name":"Colorado Headwaters","historic":"coloradoRiver","current":"introduced","recovery":"recoveryWatch","lineageKey":"coloradoRiver","lineageLabel":"Colorado River green lineage","basin":"Colorado Headwaters","note":"Upper Colorado green-lineage context","state":"CO","confidence":"HUC8 drainage context / generalized","geometryStatus":"natural_stream_detail_tile_from_full_interpreted_layer","troutSource":"HUC8 lineage assignment v1 / review needed","sourceName":"South Fork Derby Creek","name":"South Fork Derby Creek","source_id":"162757032","length_km":0.58790857,"FType":460,"FCode":46006,"atlas_class":"streamriver","display_name":"South Fork Derby Creek","stream_role":"natural_stream_detail_context","sourceLayer":"colorado_natural_stream_detail_tiles_v1","sourceLabel":"Colorado natural stream detail tiles v1","sensitivity":"generalized"},"geometry":{"type":"LineString","coordinates":[[-107.04754,39.90699],[-107.04605,39.90831],[-107.0418,39.90955]]}},{"type":"Feature","properties":{"huc8":"14010001","huc8Name":"Colorado Headwaters","historic":"coloradoRiver","current":"introduced","recovery":"recoveryWatch","lineageKey":"coloradoRiver","lineageLabel":"Colorado River green lineage","basin":"Colorado Headwaters","note":"Upper Colorado green-lineage context","state":"CO","confidence":"HUC8 drainage context / generalized","geometryStatus":"natural_stream_detail_tile_from_full_interpreted_layer","troutSource":"HUC8 lineage assignment v1 / review needed","sourceName":"North Fork Derby Creek","name":"North Fork Derby Creek","source_id":"162755898","length_km":0.21849259,"FType":460,"FCode":46006,"atlas_class":"streamriver","display_name":"North Fork Derby Creek","stream_role":"natural_stream_detail_context","sourceLayer":"colorado_natural_stream_detail_tiles_v1","sourceLabel":"Colorado natural stream detail tiles v1","sensitivity":"generalized"},"geometry":{"type":"LineString","coordinates":[[-107.06492,39.94123],[-107.06376,39.93949]]}},{"type":"Feature","properties":{"huc8":"14010001","huc8Name":"Colorado Headwaters","historic":"coloradoRiver","current":"introduced","recovery":"recoveryWatch","lineageKey":"coloradoRiver","lineageLabel":"Colorado River green lineage","basin":"Colorado Headwaters","note":"Upper Colorado green-lineage context","state":"CO","confidence":"HUC8 drainage context / generalized","geometryStatus":"natural_stream_detail_tile_from_full_interpreted_layer","troutSource":"HUC8 lineage assignment v1 / review needed","sourceName":"North Fork Derby Creek","name":"North Fork Derby Creek","source_id":"162756214","length_km":0.71021539,"FType":460,"FCode":46006,"atlas_class":"streamriver","display_name":"North Fork Derby Creek","stream_role":"natural_stream_detail_context","sourceLayer":"colorado_natural_stream_detail_tiles_v1","sourceLabel":"Colorado natural stream detail tiles v1","sensitivity":"generalized"},"geometry":{"type":"LineString","coordinates":[[-107.06258,39.93772],[-107.06114,39.93396],[-107.06124,39.93168]]}},{"type":"Feature","properties":{"huc8":"14010001","huc8Name":"Colorado Headwaters","historic":"coloradoRiver","current":"introduced","recovery":"recoveryWatch","lineageKey":"coloradoRiver","lineageLabel":"Colorado River green lineage","basin":"Colorado Headwaters","note":"Upper Colorado green-lineage context","state":"CO","confidence":"HUC8 drainage context / generalized","geometryStatus":"natural_stream_detail_tile_from_full_interpreted_layer","troutSource":"HUC8 lineage assignment v1 / review needed","sourceName":"South Fork Derby Creek","name":"South Fork Derby Creek","source_id":"88855565","length_km":0.63748802,"FType":460,"FCode":46006,"atlas_class":"streamriver","display_name":"South Fork Derby Creek","stream_role":"natural_stream_detail_context","sourceLayer":"colorado_natural_stream_detail_tiles_v1","sourceLabel":"Colorado natural stream detail tiles v1","sensitivity":"generalized"},"geometry":{"type":"LineString","coordinates":[[-107.05592,39.90013],[-107.05223,39.90153],[-107.05152,39.90362]]}},{"type":"Feature","properties":{"huc8":"14010001","huc8Name":"Colorado Headwaters","historic":"coloradoRiver","current":"introduced","recovery":"recoveryWatch","lineageKey":"coloradoRiver","lineageLabel":"Colorado River green lineage","basin":"Colorado Headwaters","note":"Upper Colorado green-lineage context","state":"CO","confidence":"HUC8 drainage context / generalized","geometryStatus":"natural_stream_detail_tile_from_full_interpreted_layer","troutSource":"HUC8 lineage assignment v1 / review needed","sourceName":"Middle Fork Derby Creek","name":"Middle Fork Derby Creek","source_id":"162755904","length_km":0.05396214,"FType":460,"FCode":46006,"atlas_class":"streamriver","display_name":"Middle Fork Derby Creek","stream_role":"natural_stream_detail_context","sourceLayer":"colorado_natural_stream_detail_tiles_v1","sourceLabel":"Colorado natural stream detail tiles v1","sensitivity":"generalized"},"geometry":{"type":"LineString","coordinates":[[-107.12175,39.94015],[-107.12112,39.94013]]}},{"type":"Feature","properties":{"huc8":"14010001","huc8Name":"Colorado Headwaters","historic":"coloradoRiver","current":"introduced","recovery":"recoveryWatch","lineageKey":"coloradoRiver","lineageLabel":"Colorado River green lineage","basin":"Colorado Headwaters","note":"Upper Colorado green-lineage context","state":"CO","confidence":"HUC8 drainage context / generalized","geometryStatus":"natural_stream_detail_tile_from_full_interpreted_layer","troutSource":"HUC8 lineage assignment v1 / review needed","sourceName":"Dry Fork Cabin Creek","name":"Dry Fork Cabin Creek","source_id":"162756970","length_km":0.67733601,"FType":460,"FCode":46003,"atlas_class":"streamriver","display_name":"Dry Fork Cabin Creek","stream_role":"natural_stream_detail_context","sourceLayer":"colorado_natural_stream_detail_tiles_v1","sourceLabel":"Colorado natural stream detail tiles v1","sensitivity":"generalized"},"geometry":{"type":"LineString","coordinates":[[-107.04668,39.92487],[-107.04347,39.9215],[-107.04128,39.92071]]}},{"type":"Feature","properties":{"huc8":"14010001","huc8Name":"Colorado Headwaters","historic":"coloradoRiver","current":"introduced","recovery":"recoveryWatch","lineageKey":"coloradoRiver","lineageLabel":"Colorado River green lineage","basin":"Colorado Headwaters","note":"Upper Colorado green-lineage context","state":"CO","confidence":"HUC8 drainage context / generalized","geometryStatus":"natural_stream_detail_tile_from_full_interpreted_layer","troutSource":"HUC8 lineage assignment v1 / review needed","sourceName":"Cabin Creek","name":"Cabin Creek","source_id":"88855441","length_km":0.29478876,"FType":460,"FCode":46006,"atlas_class":"streamriver","display_name":"Cabin Creek","stream_role":"natural_stream_detail_context","sourceLayer":"colorado_natural_stream_detail_tiles_v1","sourceLabel":"Colorado natural stream detail tiles v1","sensitivity":"generalized"},"geometry":{"type":"LineString","coordinates":[[-107.01995,39.9367],[-107.01869,39.93434]]}},{"type":"Feature","properties":{"huc8":"14010001","huc8Name":"Colorado Headwaters","historic":"coloradoRiver","current":"introduced","recovery":"recoveryWatch","lineageKey":"coloradoRiver","lineageLabel":"Colorado River green lineage","basin":"Colorado Headwaters","note":"Upper Colorado green-lineage context","state":"CO","confidence":"HUC8 drainage context / generalized","geometryStatus":"natural_stream_detail_tile_from_full_interpreted_layer","troutSource":"HUC8 lineage assignment v1 / review needed","sourceName":"South Fork Derby Creek","name":"South Fork Derby Creek","source_id":"88891863","length_km":0.06935396,"FType":460,"FCode":46006,"atlas_class":"streamriver","display_name":"South Fork Derby Creek","stream_role":"natural_stream_detail_context","sourceLayer":"colorado_natural_stream_detail_tiles_v1","sourceLabel":"Colorado natural stream detail tiles v1","sensitivity":"generalized"},"geometry":{"type":"LineString","coordinates":[[-107.13566,39.90341],[-107.13487,39.90327]]}},{"type":"Feature","properties":{"huc8":"14010001","huc8Name":"Colorado Headwaters","historic":"coloradoRiver","current":"introduced","recovery":"recoveryWatch","lineageKey":"coloradoRiver","lineageLabel":"Colorado River green lineage","basin":"Colorado Headwaters","note":"Upper Colorado green-lineage context","state":"CO","confidence":"HUC8 drainage context / generalized","geometryStatus":"natural_stream_detail_tile_from_full_interpreted_layer","troutSource":"HUC8 lineage assignment v1 / review needed","sourceName":"Middle Fork Derby Creek","name":"Middle Fork Derby Creek","source_id":"88891799","length_km":0.05874322,"FType":460,"FCode":46006,"atlas_class":"streamriver","display_name":"Middle Fork Derby Creek","stream_role":"natural_stream_detail_context","sourceLayer":"colorado_natural_stream_detail_tiles_v1","sourceLabel":"Colorado natural stream detail tiles v1","sensitivity":"generalized"},"geometry":{"type":"LineString","coordinates":[[-107.14731,39.9499],[-107.14705,39.94942]]}},{"type":"Feature","properties":{"huc8":"14010001","huc8Name":"Colorado Headwaters","historic":"coloradoRiver","current":"introduced","recovery":"recoveryWatch","lineageKey":"coloradoRiver","lineageLabel":"Colorado River green lineage","basin":"Colorado Headwaters","note":"Upper Colorado green-lineage context","state":"CO","confidence":"HUC8 drainage context / generalized","geometryStatus":"natural_stream_detail_tile_from_full_interpreted_layer","troutSource":"HUC8 lineage assignment v1 / review needed","sourceName":"South Fork Derby Creek","name":"South Fork Derby Creek","source_id":"88891859","length_km":1.45414324,"FType":460,"FCode":46006,"atlas_class":"streamriver","display_name":"South Fork Derby Creek","stream_role":"natural_stream_detail_context","sourceLayer":"colorado_natural_stream_detail_tiles_v1","sourceLabel":"Colorado natural stream detail tiles v1","sensitivity":"generalized"},"geometry":{"type":"LineString","coordinates":[[-107.14852,39.90518],[-107.14409,39.90469],[-107.14292,39.90602],[-107.13954,39.90709],[-107.13694,39.90591],[-107.13566,39.90341]]}},{"type":"Feature","properties":{"huc8":"14010001","huc8Name":"Colorado Headwaters","historic":"coloradoRiver","current":"introduced","recovery":"recoveryWatch","lineageKey":"coloradoRiver","lineageLabel":"Colorado River green lineage","basin":"Colorado Headwaters","note":"Upper Colorado green-lineage context","state":"CO","confidence":"HUC8 drainage context / generalized","geometryStatus":"natural_stream_detail_tile_from_full_interpreted_layer","troutSource":"HUC8 lineage assignment v1 / review needed","sourceName":"South Fork Derby Creek","name":"South Fork Derby Creek","source_id":"162757031","length_km":0.51145678,"FType":460,"FCode":46006,"atlas_class":"streamriver","display_name":"South Fork Derby Creek","stream_role":"natural_stream_detail_context","sourceLayer":"colorado_natural_stream_detail_tiles_v1","sourceLabel":"Colorado natural stream detail tiles v1","sensitivity":"generalized"},"geometry":{"type":"LineString","coordinates":[[-107.05152,39.90362],[-107.04754,39.90699]]}},{"type":"Feature","properties":{"huc8":"14010001","huc8Name":"Colorado Headwaters","historic":"coloradoRiver","current":"introduced","recovery":"recoveryWatch","lineageKey":"coloradoRiver","lineageLabel":"Colorado River green lineage","basin":"Colorado Headwaters","note":"Upper Colorado green-lineage context","state":"CO","confidence":"HUC8 drainage context / generalized","geometryStatus":"natural_stream_detail_tile_from_full_interpreted_layer","troutSource":"HUC8 lineage assignment v1 / review needed","sourceName":"Trail Creek","name":"Trail Creek","source_id":"88855585","length_km":0.07432115,"FType":460,"FCode":46006,"atlas_class":"streamriver","display_name":"Trail Creek","stream_role":"natural_stream_detail_context","sourceLayer":"colorado_natural_stream_detail_tiles_v1","sourceLabel":"Colorado natural stream detail tiles v1","sensitivity":"generalized"},"geometry":{"type":"LineString","coordinates":[[-107.05924,39.89776],[-107.05861,39.89822]]}},{"type":"Feature","properties":{"huc8":"14010001","huc8Name":"Colorado Headwaters","historic":"coloradoRiver","current":"introduced","recovery":"recoveryWatch","lineageKey":"coloradoRiver","lineageLabel":"Colorado River green lineage","basin":"Colorado Headwaters","note":"Upper Colorado green-lineage context","state":"CO","confidence":"HUC8 drainage context / generalized","geometryStatus":"natural_stream_detail_tile_from_full_interpreted_layer","troutSource":"HUC8 lineage assignment v1 / review needed","sourceName":"North Fork Derby Creek","name":"North Fork Derby Creek","source_id":"162756100","length_km":1.53614647,"FType":460,"FCode":46006,"atlas_class":"streamriver","display_name":"North Fork Derby Creek","stream_role":"natural_stream_detail_context","sourceLayer":"colorado_natural_stream_detail_tiles_v1","sourceLabel":"Colorado natural stream detail tiles v1","sensitivity":"generalized"},"geometry":{"type":"LineString","coordinates":[[-107.0778,39.96229],[-107.07607,39.95734],[-107.07277,39.95493],[-107.07149,39.95157],[-107.07062,39.95068]]}},{"type":"Feature","properties":{"huc8":"14010001","huc8Name":"Colorado Headwaters","historic":"coloradoRiver","current":"introduced","recovery":"recoveryWatch","lineageKey":"coloradoRiver","lineageLabel":"Colorado River green lineage","basin":"Colorado Headwaters","note":"Upper Colorado green-lineage context","state":"CO","confidence":"HUC8 drainage context / generalized","geometryStatus":"natural_stream_detail_tile_from_full_interpreted_layer","troutSource":"HUC8 lineage assignment v1 / review needed","sourceName":"Cedar Creek","name":"Cedar Creek","source_id":"88846491","length_km":0.43722559,"FType":460,"FCode":46006,"atlas_class":"streamriver","display_name":"Cedar Creek","stream_role":"natural_stream_detail_context","sourceLayer":"colorado_natural_stream_detail_tiles_v1","sourceLabel":"Colorado natural stream detail tiles v1","sensitivity":"generalized"},"geometry":{"type":"LineString","coordinates":[[-107.00244,39.95033],[-107.00038,39.95038],[-106.99971,39.95118],[-106.99841,39.95071]]}},{"type":"Feature","properties":{"huc8":"14010001","huc8Name":"Colorado Headwaters","historic":"coloradoRiver","current":"introduced","recovery":"recoveryWatch","lineageKey":"coloradoRiver","lineageLabel":"Colorado River green lineage","basin":"Colorado Headwaters","note":"Upper Colorado green-lineage context","state":"CO","confidence":"HUC8 drainage context / generalized","geometryStatus":"natural_stream_detail_tile_from_full_interpreted_layer","troutSource":"HUC8 lineage assignment v1 / review needed","sourceName":"South Fork Derby Creek","name":"South Fork Derby Creek","source_id":"88855557","length_km":0.12111829,"FType":460,"FCode":46006,"atlas_class":"streamriver","display_name":"South Fork Derby Creek","stream_role":"natural_stream_detail_context","sourceLayer":"colorado_natural_stream_detail_tiles_v1","sourceLabel":"Colorado natural stream detail tiles v1","sensitivity":"generalized"},"geometry":{"type":"LineString","coordinates":[[-107.11361,39.89969],[-107.11227,39.90002]]}},{"type":"Feature","properties":{"huc8":"14010001","huc8Name":"Colorado Headwaters","historic":"coloradoRiver","current":"introduced","recovery":"recoveryWatch","lineageKey":"coloradoRiver","lineageLabel":"Colorado River green lineage","basin":"Colorado Headwaters","note":"Upper Colorado green-lineage context","state":"CO","confidence":"HUC8 drainage context / generalized","geometryStatus":"natural_stream_detail_tile_from_full_interpreted_layer","troutSource":"HUC8 lineage assignment v1 / review needed","sourceName":"Cabin Creek","name":"Cabin Creek","source_id":"162755853","length_km":1.75861051,"FType":460,"FCode":46006,"atlas_class":"streamriver","display_name":"Cabin Creek","stream_role":"natural_stream_detail_context","sourceLayer":"colorado_natural_stream_detail_tiles_v1","sourceLabel":"Colorado natural stream detail tiles v1","sensitivity":"generalized"},"geometry":{"type":"LineString","coordinates":[[-107.03377,39.95358],[-107.03259,39.95266],[-107.02852,39.95157],[-107.02425,39.94919],[-107.02478,39.94753],[-107.02353,39.94451],[-107.02401,39.94309]]}},{"type":"Feature","properties":{"huc8":"14010001","huc8Name":"Colorado Headwaters","historic":"coloradoRiver","current":"introduced","recovery":"recoveryWatch","lineageKey":"coloradoRiver","lineageLabel":"Colorado River green lineage","basin":"Colorado Headwaters","note":"Upper Colorado green-lineage context","state":"CO","confidence":"HUC8 drainage context / generalized","geometryStatus":"natural_stream_detail_tile_from_full_interpreted_layer","troutSource":"HUC8 lineage assignment v1 / review needed","sourceName":"Camp Creek","name":"Camp Creek","source_id":"88855599","length_km":0.05876332,"FType":460,"FCode":46003,"atlas_class":"streamriver","display_name":"Camp Creek","stream_role":"natural_stream_detail_context","sourceLayer":"colorado_natural_stream_detail_tiles_v1","sourceLabel":"Colorado natural stream detail tiles v1","sensitivity":"generalized"},"geometry":{"type":"LineString","coordinates":[[-107.06098,39.89204],[-107.06051,39.89243]]}},{"type":"Feature","properties":{"huc8":"14010001","huc8Name":"Colorado Headwaters","historic":"coloradoRiver","current":"introduced","recovery":"recoveryWatch","lineageKey":"coloradoRiver","lineageLabel":"Colorado River green lineage","basin":"Colorado Headwaters","note":"Upper Colorado green-lineage context","state":"CO","confidence":"HUC8 drainage context / generalized","geometryStatus":"natural_stream_detail_tile_from_full_interpreted_layer","troutSource":"HUC8 lineage assignment v1 / review needed","sourceName":"Middle Fork Derby Creek","name":"Middle Fork Derby Creek","source_id":"88855407","length_km":0.92585183,"FType":460,"FCode":46006,"atlas_class":"streamriver","display_name":"Middle Fork Derby Creek","stream_role":"natural_stream_detail_context","sourceLayer":"colorado_natural_stream_detail_tiles_v1","sourceLabel":"Colorado natural stream detail tiles v1","sensitivity":"generalized"},"geometry":{"type":"LineString","coordinates":[[-107.11813,39.93986],[-107.1165,39.93951],[-107.11431,39.94041],[-107.10834,39.93869]]}},{"type":"Feature","properties":{"huc8":"14010001","huc8Name":"Colorado Headwaters","historic":"coloradoRiver","current":"introduced","recovery":"recoveryWatch","lineageKey":"coloradoRiver","lineageLabel":"Colorado River green lineage","basin":"Colorado Headwaters","note":"Upper Colorado green-lineage context","state":"CO","confidence":"HUC8 drainage context / generalized","geometryStatus":"natural_stream_detail_tile_from_full_interpreted_layer","troutSource":"HUC8 lineage assignment v1 / review needed","sourceName":"Middle Fork Derby Creek","name":"Middle Fork Derby Creek","source_id":"88891809","length_km":0.41521784,"FType":460,"FCode":46006,"atlas_class":"streamriver","display_name":"Middle Fork Derby Creek","stream_role":"natural_stream_detail_context","sourceLayer":"colorado_natural_stream_detail_tiles_v1","sourceLabel":"Colorado natural stream detail tiles v1","sensitivity":"generalized"},"geometry":{"type":"LineString","coordinates":[[-107.14147,39.94599],[-107.13732,39.94463]]}},{"type":"Feature","properties":{"huc8":"14010001","huc8Name":"Colorado Headwaters","historic":"coloradoRiver","current":"introduced","recovery":"recoveryWatch","lineageKey":"coloradoRiver","lineageLabel":"Colorado River green lineage","basin":"Colorado Headwaters","note":"Upper Colorado green-lineage context","state":"CO","confidence":"HUC8 drainage context / generalized","geometryStatus":"natural_stream_detail_tile_from_full_interpreted_layer","troutSource":"HUC8 lineage assignment v1 / review needed","sourceName":"South Fork Derby Creek","name":"South Fork Derby Creek","source_id":"162757011","length_km":0.77655404,"FType":460,"FCode":46006,"atlas_class":"streamriver","display_name":"South Fork Derby Creek","stream_role":"natural_stream_detail_context","sourceLayer":"colorado_natural_stream_detail_tiles_v1","sourceLabel":"Colorado natural stream detail tiles v1","sensitivity":"generalized"},"geometry":{"type":"LineString","coordinates":[[-107.11227,39.90002],[-107.10341,39.90068]]}},{"type":"Feature","properties":{"huc8":"14010001","huc8Name":"Colorado Headwaters","historic":"coloradoRiver","current":"introduced","recovery":"recoveryWatch","lineageKey":"coloradoRiver","lineageLabel":"Colorado River green lineage","basin":"Colorado Headwaters","note":"Upper Colorado green-lineage context","state":"CO","confidence":"HUC8 drainage context / generalized","geometryStatus":"natural_stream_detail_tile_from_full_interpreted_layer","troutSource":"HUC8 lineage assignment v1 / review needed","sourceName":"Middle Fork Derby Creek","name":"Middle Fork Derby Creek","source_id":"162756912","length_km":0.907,"FType":460,"FCode":46006,"atlas_class":"streamriver","display_name":"Middle Fork Derby Creek","stream_role":"natural_stream_detail_context","sourceLayer":"colorado_natural_stream_detail_tiles_v1","sourceLabel":"Colorado natural stream detail tiles v1","sensitivity":"generalized"},"geometry":{"type":"LineString","coordinates":[[-107.08531,39.93731],[-107.07616,39.93375]]}},{"type":"Feature","properties":{"huc8":"14010001","huc8Name":"Colorado Headwaters","historic":"coloradoRiver","current":"introduced","recovery":"recoveryWatch","lineageKey":"coloradoRiver","lineageLabel":"Colorado River green lineage","basin":"Colorado Headwaters","note":"Upper Colorado green-lineage context","state":"CO","confidence":"HUC8 drainage context / generalized","geometryStatus":"natural_stream_detail_tile_from_full_interpreted_layer","troutSource":"HUC8 lineage assignment v1 / review needed","sourceName":"Sunnyside Creek","name":"Sunnyside Creek","source_id":"162755839","length_km":0.47497581,"FType":460,"FCode":46006,"atlas_class":"streamriver","display_name":"Sunnyside Creek","stream_role":"natural_stream_detail_context","sourceLayer":"colorado_natural_stream_detail_tiles_v1","sourceLabel":"Colorado natural stream detail tiles v1","sensitivity":"generalized"},"geometry":{"type":"LineString","coordinates":[[-107.00296,39.99401],[-106.9975,39.99351]]}},{"type":"Feature","properties":{"huc8":"14050005","huc8Name":"Upper White","historic":"greenRiverBlue","current":"introduced","recovery":"recoveryWatch","lineageKey":"greenRiverBlue","lineageLabel":"Green River / blue-lineage CT","basin":"Upper White","note":"White River blue-lineage context","state":"CO","confidence":"HUC8 drainage context / generalized","geometryStatus":"natural_stream_detail_tile_from_full_interpreted_layer","troutSource":"HUC8 lineage assignment v1 / review needed","sourceName":"Fraser Creek","name":"Fraser Creek","source_id":"161840447","length_km":0.7629624,"FType":460,"FCode":46003,"atlas_class":"streamriver","display_name":"Fraser Creek","stream_role":"natural_stream_detail_context","sourceLayer":"colorado_natural_stream_detail_tiles_v1","sourceLabel":"Colorado natural stream detail tiles v1","sensitivity":"generalized"},"geometry":{"type":"LineString","coordinates":[[-107.18934,39.93958],[-107.19307,39.9404],[-107.19648,39.94308]]}},{"type":"Feature","properties":{"huc8":"14050005","huc8Name":"Upper White","historic":"greenRiverBlue","current":"introduced","recovery":"recoveryWatch","lineageKey":"greenRiverBlue","lineageLabel":"Green River / blue-lineage CT","basin":"Upper White","note":"White River blue-lineage context","state":"CO","confidence":"HUC8 drainage context / generalized","geometryStatus":"natural_stream_detail_tile_from_full_interpreted_layer","troutSource":"HUC8 lineage assignment v1 / review needed","sourceName":"Fraser Creek","name":"Fraser Creek","source_id":"161840518","length_km":0.09576278,"FType":460,"FCode":46006,"atlas_class":"streamriver","display_name":"Fraser Creek","stream_role":"natural_stream_detail_context","sourceLayer":"colorado_natural_stream_detail_tiles_v1","sourceLabel":"Colorado natural stream detail tiles v1","sensitivity":"generalized"},"geometry":{"type":"LineString","coordinates":[[-107.19791,39.94528],[-107.19831,39.94607]]}},{"type":"Feature","properties":{"huc8":"14050005","huc8Name":"Upper White","historic":"greenRiverBlue","current":"introduced","recovery":"recoveryWatch","lineageKey":"greenRiverBlue","lineageLabel":"Green River / blue-lineage CT","basin":"Upper White","note":"White River blue-lineage context","state":"CO","confidence":"HUC8 drainage context / generalized","geometryStatus":"natural_stream_detail_tile_from_full_interpreted_layer","troutSource":"HUC8 lineage assignment v1 / review needed","sourceName":"Fraser Creek","name":"Fraser Creek","source_id":"161840448","length_km":0.27593533,"FType":460,"FCode":46003,"atlas_class":"streamriver","display_name":"Fraser Creek","stream_role":"natural_stream_detail_context","sourceLayer":"colorado_natural_stream_detail_tiles_v1","sourceLabel":"Colorado natural stream detail tiles v1","sensitivity":"generalized"},"geometry":{"type":"LineString","coordinates":[[-107.19648,39.94308],[-107.19791,39.94528]]}},{"type":"Feature","properties":{"huc8":"14050005","huc8Name":"Upper White","historic":"greenRiverBlue","current":"introduced","recovery":"recoveryWatch","lineageKey":"greenRiverBlue","lineageLabel":"Green River / blue-lineage CT","basin":"Upper White","note":"White River blue-lineage context","state":"CO","confidence":"HUC8 drainage context / generalized","geometryStatus":"natural_stream_detail_tile_from_full_interpreted_layer","troutSource":"HUC8 lineage assignment v1 / review needed","sourceName":"Fraser Creek","name":"Fraser Creek","source_id":"161840485","length_km":0.57281347,"FType":460,"FCode":46006,"atlas_class":"streamriver","display_name":"Fraser Creek","stream_role":"natural_stream_detail_context","sourceLayer":"colorado_natural_stream_detail_tiles_v1","sourceLabel":"Colorado natural stream detail tiles v1","sensitivity":"generalized"},"geometry":{"type":"LineString","coordinates":[[-107.19845,39.9464],[-107.20024,39.94942],[-107.20178,39.95071]]}},{"type":"Feature","properties":{"huc8":"14050005","huc8Name":"Upper White","historic":"greenRiverBlue","current":"introduced","recovery":"recoveryWatch","lineageKey":"greenRiverBlue","lineageLabel":"Green River / blue-lineage CT","basin":"Upper White","note":"White River blue-lineage context","state":"CO","confidence":"HUC8 drainage context / generalized","geometryStatus":"natural_stream_detail_tile_from_full_interpreted_layer","troutSource":"HUC8 lineage assignment v1 / review needed","sourceName":"Fraser Creek","name":"Fraser Creek","source_id":"161840519","length_km":0.0379596,"FType":460,"FCode":46006,"atlas_class":"streamriver","display_name":"Fraser Creek","stream_role":"natural_stream_detail_context","sourceLayer":"colorado_natural_stream_detail_tiles_v1","sourceLabel":"Colorado natural stream detail tiles v1","sensitivity":"generalized"},"geometry":{"type":"LineString","coordinates":[[-107.19831,39.94607],[-107.19845,39.9464]]}}]}