{"type":"FeatureCollection","name":"co_natural_stream_detail_0p2_x-539_y200_v1","metadata":{"description":"Colorado natural named stream/rivers close-zoom detail tile. Excludes likely human-altered named linework.","version":"v1","gridSizeDegrees":0.2,"tileX":-539,"tileY":200,"bounds":{"west":-107.80000000000001,"south":40,"east":-107.60000000000001,"north":40.2},"source":"C:\\ct-atlas-data\\processed\\geojson\\interpreted\\colorado_cutthroat_huc8_stream_context_named_v1.geojson"},"features":[{"type":"Feature","properties":{"huc8":"14050005","huc8Name":"Upper White","historic":"greenRiverBlue","current":"introduced","recovery":"recoveryWatch","lineageKey":"greenRiverBlue","lineageLabel":"Green River / blue-lineage CT","basin":"Upper White","note":"White River blue-lineage context","state":"CO","confidence":"HUC8 drainage context / generalized","geometryStatus":"natural_stream_detail_tile_from_full_interpreted_layer","troutSource":"HUC8 lineage assignment v1 / review needed","sourceName":"East Beaver Creek","name":"East Beaver Creek","source_id":"161838058","length_km":0.20265452,"FType":460,"FCode":46006,"atlas_class":"streamriver","display_name":"East Beaver Creek","stream_role":"natural_stream_detail_context","sourceLayer":"colorado_natural_stream_detail_tiles_v1","sourceLabel":"Colorado natural stream detail tiles v1","sensitivity":"generalized"},"geometry":{"type":"LineString","coordinates":[[-107.63547,40.033],[-107.63764,40.03345]]}},{"type":"Feature","properties":{"huc8":"14050005","huc8Name":"Upper White","historic":"greenRiverBlue","current":"introduced","recovery":"recoveryWatch","lineageKey":"greenRiverBlue","lineageLabel":"Green River / blue-lineage CT","basin":"Upper White","note":"White River blue-lineage context","state":"CO","confidence":"HUC8 drainage context / generalized","geometryStatus":"natural_stream_detail_tile_from_full_interpreted_layer","troutSource":"HUC8 lineage assignment v1 / review needed","sourceName":"East Beaver Creek","name":"East Beaver Creek","source_id":"90419429","length_km":0.71710515,"FType":460,"FCode":46006,"atlas_class":"streamriver","display_name":"East Beaver Creek","stream_role":"natural_stream_detail_context","sourceLayer":"colorado_natural_stream_detail_tiles_v1","sourceLabel":"Colorado natural stream detail tiles v1","sensitivity":"generalized"},"geometry":{"type":"LineString","coordinates":[[-107.60542,40.0368],[-107.60913,40.03696],[-107.6122,40.03435]]}},{"type":"Feature","properties":{"huc8":"14050005","huc8Name":"Upper White","historic":"greenRiverBlue","current":"introduced","recovery":"recoveryWatch","lineageKey":"greenRiverBlue","lineageLabel":"Green River / blue-lineage CT","basin":"Upper White","note":"White River blue-lineage context","state":"CO","confidence":"HUC8 drainage context / generalized","geometryStatus":"natural_stream_detail_tile_from_full_interpreted_layer","troutSource":"HUC8 lineage assignment v1 / review needed","sourceName":"Cow Creek","name":"Cow Creek","source_id":"90434111","length_km":0.01225609,"FType":460,"FCode":46006,"atlas_class":"streamriver","display_name":"Cow Creek","stream_role":"natural_stream_detail_context","sourceLayer":"colorado_natural_stream_detail_tiles_v1","sourceLabel":"Colorado natural stream detail tiles v1","sensitivity":"generalized"},"geometry":{"type":"LineString","coordinates":[[-107.65172,40.04523],[-107.6518,40.04514]]}},{"type":"Feature","properties":{"huc8":"14050005","huc8Name":"Upper White","historic":"greenRiverBlue","current":"introduced","recovery":"recoveryWatch","lineageKey":"greenRiverBlue","lineageLabel":"Green River / blue-lineage CT","basin":"Upper White","note":"White River blue-lineage context","state":"CO","confidence":"HUC8 drainage context / generalized","geometryStatus":"natural_stream_detail_tile_from_full_interpreted_layer","troutSource":"HUC8 lineage assignment v1 / review needed","sourceName":"Cow Creek","name":"Cow Creek","source_id":"90434109","length_km":0.00663492,"FType":460,"FCode":46006,"atlas_class":"streamriver","display_name":"Cow Creek","stream_role":"natural_stream_detail_context","sourceLayer":"colorado_natural_stream_detail_tiles_v1","sourceLabel":"Colorado natural stream detail tiles v1","sensitivity":"generalized"},"geometry":{"type":"LineString","coordinates":[[-107.65165,40.04537],[-107.65167,40.04532]]}},{"type":"Feature","properties":{"huc8":"14050005","huc8Name":"Upper White","historic":"greenRiverBlue","current":"introduced","recovery":"recoveryWatch","lineageKey":"greenRiverBlue","lineageLabel":"Green River / blue-lineage CT","basin":"Upper White","note":"White River blue-lineage context","state":"CO","confidence":"HUC8 drainage context / generalized","geometryStatus":"natural_stream_detail_tile_from_full_interpreted_layer","troutSource":"HUC8 lineage assignment v1 / review needed","sourceName":"East Beaver Creek","name":"East Beaver Creek","source_id":"90419449","length_km":0.13764373,"FType":460,"FCode":46006,"atlas_class":"streamriver","display_name":"East Beaver Creek","stream_role":"natural_stream_detail_context","sourceLayer":"colorado_natural_stream_detail_tiles_v1","sourceLabel":"Colorado natural stream detail tiles v1","sensitivity":"generalized"},"geometry":{"type":"LineString","coordinates":[[-107.61317,40.0339],[-107.61468,40.03348]]}},{"type":"Feature","properties":{"huc8":"14050005","huc8Name":"Upper White","historic":"greenRiverBlue","current":"introduced","recovery":"recoveryWatch","lineageKey":"greenRiverBlue","lineageLabel":"Green River / blue-lineage CT","basin":"Upper White","note":"White River blue-lineage context","state":"CO","confidence":"HUC8 drainage context / generalized","geometryStatus":"natural_stream_detail_tile_from_full_interpreted_layer","troutSource":"HUC8 lineage assignment v1 / review needed","sourceName":"East Beaver Creek","name":"East Beaver Creek","source_id":"90434183","length_km":0.55828517,"FType":460,"FCode":46006,"atlas_class":"streamriver","display_name":"East Beaver Creek","stream_role":"natural_stream_detail_context","sourceLayer":"colorado_natural_stream_detail_tiles_v1","sourceLabel":"Colorado natural stream detail tiles v1","sensitivity":"generalized"},"geometry":{"type":"LineString","coordinates":[[-107.62875,40.03158],[-107.63182,40.0329],[-107.63475,40.0332]]}},{"type":"Feature","properties":{"huc8":"14050005","huc8Name":"Upper White","historic":"greenRiverBlue","current":"introduced","recovery":"recoveryWatch","lineageKey":"greenRiverBlue","lineageLabel":"Green River / blue-lineage CT","basin":"Upper White","note":"White River blue-lineage context","state":"CO","confidence":"HUC8 drainage context / generalized","geometryStatus":"natural_stream_detail_tile_from_full_interpreted_layer","troutSource":"HUC8 lineage assignment v1 / review needed","sourceName":"East Beaver Creek","name":"East Beaver Creek","source_id":"90419447","length_km":0.27280672,"FType":460,"FCode":46006,"atlas_class":"streamriver","display_name":"East Beaver Creek","stream_role":"natural_stream_detail_context","sourceLayer":"colorado_natural_stream_detail_tiles_v1","sourceLabel":"Colorado natural stream detail tiles v1","sensitivity":"generalized"},"geometry":{"type":"LineString","coordinates":[[-107.61468,40.03348],[-107.61745,40.03454]]}},{"type":"Feature","properties":{"huc8":"14050005","huc8Name":"Upper White","historic":"greenRiverBlue","current":"introduced","recovery":"recoveryWatch","lineageKey":"greenRiverBlue","lineageLabel":"Green River / blue-lineage CT","basin":"Upper White","note":"White River blue-lineage context","state":"CO","confidence":"HUC8 drainage context / generalized","geometryStatus":"natural_stream_detail_tile_from_full_interpreted_layer","troutSource":"HUC8 lineage assignment v1 / review needed","sourceName":"East Beaver Creek","name":"East Beaver Creek","source_id":"90434181","length_km":0.65514642,"FType":460,"FCode":46006,"atlas_class":"streamriver","display_name":"East Beaver Creek","stream_role":"natural_stream_detail_context","sourceLayer":"colorado_natural_stream_detail_tiles_v1","sourceLabel":"Colorado natural stream detail tiles v1","sensitivity":"generalized"},"geometry":{"type":"LineString","coordinates":[[-107.62164,40.0335],[-107.62875,40.03158]]}},{"type":"Feature","properties":{"huc8":"14050005","huc8Name":"Upper White","historic":"greenRiverBlue","current":"introduced","recovery":"recoveryWatch","lineageKey":"greenRiverBlue","lineageLabel":"Green River / blue-lineage CT","basin":"Upper White","note":"White River blue-lineage context","state":"CO","confidence":"HUC8 drainage context / generalized","geometryStatus":"natural_stream_detail_tile_from_full_interpreted_layer","troutSource":"HUC8 lineage assignment v1 / review needed","sourceName":"Big Beaver Creek","name":"Big Beaver Creek","source_id":"161838064","length_km":0.4556081,"FType":460,"FCode":46006,"atlas_class":"streamriver","display_name":"Big Beaver Creek","stream_role":"natural_stream_detail_context","sourceLayer":"colorado_natural_stream_detail_tiles_v1","sourceLabel":"Colorado natural stream detail tiles v1","sensitivity":"generalized"},"geometry":{"type":"LineString","coordinates":[[-107.6446,40.03494],[-107.64452,40.03353],[-107.64624,40.03264],[-107.64615,40.03193]]}},{"type":"Feature","properties":{"huc8":"14050005","huc8Name":"Upper White","historic":"greenRiverBlue","current":"introduced","recovery":"recoveryWatch","lineageKey":"greenRiverBlue","lineageLabel":"Green River / blue-lineage CT","basin":"Upper White","note":"White River blue-lineage context","state":"CO","confidence":"HUC8 drainage context / generalized","geometryStatus":"natural_stream_detail_tile_from_full_interpreted_layer","troutSource":"HUC8 lineage assignment v1 / review needed","sourceName":"Cow Creek","name":"Cow Creek","source_id":"161838179","length_km":0.81966399,"FType":460,"FCode":46006,"atlas_class":"streamriver","display_name":"Cow Creek","stream_role":"natural_stream_detail_context","sourceLayer":"colorado_natural_stream_detail_tiles_v1","sourceLabel":"Colorado natural stream detail tiles v1","sensitivity":"generalized"},"geometry":{"type":"LineString","coordinates":[[-107.65195,40.03898],[-107.64992,40.03704],[-107.64447,40.03563]]}},{"type":"Feature","properties":{"huc8":"14050005","huc8Name":"Upper White","historic":"greenRiverBlue","current":"introduced","recovery":"recoveryWatch","lineageKey":"greenRiverBlue","lineageLabel":"Green River / blue-lineage CT","basin":"Upper White","note":"White River blue-lineage context","state":"CO","confidence":"HUC8 drainage context / generalized","geometryStatus":"natural_stream_detail_tile_from_full_interpreted_layer","troutSource":"HUC8 lineage assignment v1 / review needed","sourceName":"Cow Creek","name":"Cow Creek","source_id":"90434119","length_km":0.01859783,"FType":460,"FCode":46006,"atlas_class":"streamriver","display_name":"Cow Creek","stream_role":"natural_stream_detail_context","sourceLayer":"colorado_natural_stream_detail_tiles_v1","sourceLabel":"Colorado natural stream detail tiles v1","sensitivity":"generalized"},"geometry":{"type":"LineString","coordinates":[[-107.65182,40.04501],[-107.65186,40.04485]]}},{"type":"Feature","properties":{"huc8":"14050005","huc8Name":"Upper White","historic":"greenRiverBlue","current":"introduced","recovery":"recoveryWatch","lineageKey":"greenRiverBlue","lineageLabel":"Green River / blue-lineage CT","basin":"Upper White","note":"White River blue-lineage context","state":"CO","confidence":"HUC8 drainage context / generalized","geometryStatus":"natural_stream_detail_tile_from_full_interpreted_layer","troutSource":"HUC8 lineage assignment v1 / review needed","sourceName":"East Beaver Creek","name":"East Beaver Creek","source_id":"90434173","length_km":0.06704022,"FType":460,"FCode":46006,"atlas_class":"streamriver","display_name":"East Beaver Creek","stream_role":"natural_stream_detail_context","sourceLayer":"colorado_natural_stream_detail_tiles_v1","sourceLabel":"Colorado natural stream detail tiles v1","sensitivity":"generalized"},"geometry":{"type":"LineString","coordinates":[[-107.63475,40.0332],[-107.63547,40.033]]}},{"type":"Feature","properties":{"huc8":"14050005","huc8Name":"Upper White","historic":"greenRiverBlue","current":"introduced","recovery":"recoveryWatch","lineageKey":"greenRiverBlue","lineageLabel":"Green River / blue-lineage CT","basin":"Upper White","note":"White River blue-lineage context","state":"CO","confidence":"HUC8 drainage context / generalized","geometryStatus":"natural_stream_detail_tile_from_full_interpreted_layer","troutSource":"HUC8 lineage assignment v1 / review needed","sourceName":"East Beaver Creek","name":"East Beaver Creek","source_id":"90419435","length_km":0.38064834,"FType":460,"FCode":46006,"atlas_class":"streamriver","display_name":"East Beaver Creek","stream_role":"natural_stream_detail_context","sourceLayer":"colorado_natural_stream_detail_tiles_v1","sourceLabel":"Colorado natural stream detail tiles v1","sensitivity":"generalized"},"geometry":{"type":"LineString","coordinates":[[-107.61745,40.03454],[-107.62164,40.0335]]}},{"type":"Feature","properties":{"huc8":"14050005","huc8Name":"Upper White","historic":"greenRiverBlue","current":"introduced","recovery":"recoveryWatch","lineageKey":"greenRiverBlue","lineageLabel":"Green River / blue-lineage CT","basin":"Upper White","note":"White River blue-lineage context","state":"CO","confidence":"HUC8 drainage context / generalized","geometryStatus":"natural_stream_detail_tile_from_full_interpreted_layer","troutSource":"HUC8 lineage assignment v1 / review needed","sourceName":"Cow Creek","name":"Cow Creek","source_id":"161838178","length_km":0.14117267,"FType":460,"FCode":46006,"atlas_class":"streamriver","display_name":"Cow Creek","stream_role":"natural_stream_detail_context","sourceLayer":"colorado_natural_stream_detail_tiles_v1","sourceLabel":"Colorado natural stream detail tiles v1","sensitivity":"generalized"},"geometry":{"type":"LineString","coordinates":[[-107.65217,40.04019],[-107.65195,40.03898]]}},{"type":"Feature","properties":{"huc8":"14050005","huc8Name":"Upper White","historic":"greenRiverBlue","current":"introduced","recovery":"recoveryWatch","lineageKey":"greenRiverBlue","lineageLabel":"Green River / blue-lineage CT","basin":"Upper White","note":"White River blue-lineage context","state":"CO","confidence":"HUC8 drainage context / generalized","geometryStatus":"natural_stream_detail_tile_from_full_interpreted_layer","troutSource":"HUC8 lineage assignment v1 / review needed","sourceName":"Big Beaver Creek","name":"Big Beaver Creek","source_id":"161838012","length_km":0.3499311,"FType":460,"FCode":46006,"atlas_class":"streamriver","display_name":"Big Beaver Creek","stream_role":"natural_stream_detail_context","sourceLayer":"colorado_natural_stream_detail_tiles_v1","sourceLabel":"Colorado natural stream detail tiles v1","sensitivity":"generalized"},"geometry":{"type":"LineString","coordinates":[[-107.6477,40.01048],[-107.6479,40.0086],[-107.64735,40.00797]]}},{"type":"Feature","properties":{"huc8":"14050005","huc8Name":"Upper White","historic":"greenRiverBlue","current":"introduced","recovery":"recoveryWatch","lineageKey":"greenRiverBlue","lineageLabel":"Green River / blue-lineage CT","basin":"Upper White","note":"White River blue-lineage context","state":"CO","confidence":"HUC8 drainage context / generalized","geometryStatus":"natural_stream_detail_tile_from_full_interpreted_layer","troutSource":"HUC8 lineage assignment v1 / review needed","sourceName":"Big Beaver Creek","name":"Big Beaver Creek","source_id":"90408201","length_km":0.33793,"FType":460,"FCode":46006,"atlas_class":"streamriver","display_name":"Big Beaver Creek","stream_role":"natural_stream_detail_context","sourceLayer":"colorado_natural_stream_detail_tiles_v1","sourceLabel":"Colorado natural stream detail tiles v1","sensitivity":"generalized"},"geometry":{"type":"LineString","coordinates":[[-107.64642,40.00075],[-107.64605,40.00005],[-107.6469,39.99941],[-107.64646,39.99873]]}},{"type":"Feature","properties":{"huc8":"14050005","huc8Name":"Upper White","historic":"greenRiverBlue","current":"introduced","recovery":"recoveryWatch","lineageKey":"greenRiverBlue","lineageLabel":"Green River / blue-lineage CT","basin":"Upper White","note":"White River blue-lineage context","state":"CO","confidence":"HUC8 drainage context / generalized","geometryStatus":"natural_stream_detail_tile_from_full_interpreted_layer","troutSource":"HUC8 lineage assignment v1 / review needed","sourceName":"Gooseberry Creek","name":"Gooseberry Creek","source_id":"161837497","length_km":0.30895725,"FType":460,"FCode":46003,"atlas_class":"streamriver","display_name":"Gooseberry Creek","stream_role":"natural_stream_detail_context","sourceLayer":"colorado_natural_stream_detail_tiles_v1","sourceLabel":"Colorado natural stream detail tiles v1","sensitivity":"generalized"},"geometry":{"type":"LineString","coordinates":[[-107.61126,40.01434],[-107.61171,40.0124],[-107.61235,40.01183]]}},{"type":"Feature","properties":{"huc8":"14050005","huc8Name":"Upper White","historic":"greenRiverBlue","current":"introduced","recovery":"recoveryWatch","lineageKey":"greenRiverBlue","lineageLabel":"Green River / blue-lineage CT","basin":"Upper White","note":"White River blue-lineage context","state":"CO","confidence":"HUC8 drainage context / generalized","geometryStatus":"natural_stream_detail_tile_from_full_interpreted_layer","troutSource":"HUC8 lineage assignment v1 / review needed","sourceName":"Big Beaver Creek","name":"Big Beaver Creek","source_id":"90434315","length_km":0.8537817,"FType":460,"FCode":46006,"atlas_class":"streamriver","display_name":"Big Beaver Creek","stream_role":"natural_stream_detail_context","sourceLayer":"colorado_natural_stream_detail_tiles_v1","sourceLabel":"Colorado natural stream detail tiles v1","sensitivity":"generalized"},"geometry":{"type":"LineString","coordinates":[[-107.64901,40.02296],[-107.64908,40.02102],[-107.64958,40.02095],[-107.64926,40.01977],[-107.64868,40.01986],[-107.64818,40.01881],[-107.64833,40.01739],[-107.64788,40.01745]]}},{"type":"Feature","properties":{"huc8":"14050005","huc8Name":"Upper White","historic":"greenRiverBlue","current":"introduced","recovery":"recoveryWatch","lineageKey":"greenRiverBlue","lineageLabel":"Green River / blue-lineage CT","basin":"Upper White","note":"White River blue-lineage context","state":"CO","confidence":"HUC8 drainage context / generalized","geometryStatus":"natural_stream_detail_tile_from_full_interpreted_layer","troutSource":"HUC8 lineage assignment v1 / review needed","sourceName":"Gooseberry Creek","name":"Gooseberry Creek","source_id":"161837288","length_km":0.10757388,"FType":460,"FCode":46003,"atlas_class":"streamriver","display_name":"Gooseberry Creek","stream_role":"natural_stream_detail_context","sourceLayer":"colorado_natural_stream_detail_tiles_v1","sourceLabel":"Colorado natural stream detail tiles v1","sensitivity":"generalized"},"geometry":{"type":"LineString","coordinates":[[-107.61418,40.00835],[-107.61426,40.0074]]}},{"type":"Feature","properties":{"huc8":"14050005","huc8Name":"Upper White","historic":"greenRiverBlue","current":"introduced","recovery":"recoveryWatch","lineageKey":"greenRiverBlue","lineageLabel":"Green River / blue-lineage CT","basin":"Upper White","note":"White River blue-lineage context","state":"CO","confidence":"HUC8 drainage context / generalized","geometryStatus":"natural_stream_detail_tile_from_full_interpreted_layer","troutSource":"HUC8 lineage assignment v1 / review needed","sourceName":"Gooseberry Creek","name":"Gooseberry Creek","source_id":"90419707","length_km":0.14969624,"FType":460,"FCode":46006,"atlas_class":"streamriver","display_name":"Gooseberry Creek","stream_role":"natural_stream_detail_context","sourceLayer":"colorado_natural_stream_detail_tiles_v1","sourceLabel":"Colorado natural stream detail tiles v1","sensitivity":"generalized"},"geometry":{"type":"LineString","coordinates":[[-107.61345,40.00014],[-107.61296,39.99889]]}},{"type":"Feature","properties":{"huc8":"14050005","huc8Name":"Upper White","historic":"greenRiverBlue","current":"introduced","recovery":"recoveryWatch","lineageKey":"greenRiverBlue","lineageLabel":"Green River / blue-lineage CT","basin":"Upper White","note":"White River blue-lineage context","state":"CO","confidence":"HUC8 drainage context / generalized","geometryStatus":"natural_stream_detail_tile_from_full_interpreted_layer","troutSource":"HUC8 lineage assignment v1 / review needed","sourceName":"Gooseberry Creek","name":"Gooseberry Creek","source_id":"161837498","length_km":0.4259426,"FType":460,"FCode":46003,"atlas_class":"streamriver","display_name":"Gooseberry Creek","stream_role":"natural_stream_detail_context","sourceLayer":"colorado_natural_stream_detail_tiles_v1","sourceLabel":"Colorado natural stream detail tiles v1","sensitivity":"generalized"},"geometry":{"type":"LineString","coordinates":[[-107.61235,40.01183],[-107.61419,40.00845]]}},{"type":"Feature","properties":{"huc8":"14050005","huc8Name":"Upper White","historic":"greenRiverBlue","current":"introduced","recovery":"recoveryWatch","lineageKey":"greenRiverBlue","lineageLabel":"Green River / blue-lineage CT","basin":"Upper White","note":"White River blue-lineage context","state":"CO","confidence":"HUC8 drainage context / generalized","geometryStatus":"natural_stream_detail_tile_from_full_interpreted_layer","troutSource":"HUC8 lineage assignment v1 / review needed","sourceName":"Gooseberry Creek","name":"Gooseberry Creek","source_id":"161837289","length_km":0.05470665,"FType":460,"FCode":46003,"atlas_class":"streamriver","display_name":"Gooseberry Creek","stream_role":"natural_stream_detail_context","sourceLayer":"colorado_natural_stream_detail_tiles_v1","sourceLabel":"Colorado natural stream detail tiles v1","sensitivity":"generalized"},"geometry":{"type":"LineString","coordinates":[[-107.61426,40.0074],[-107.61449,40.00695]]}},{"type":"Feature","properties":{"huc8":"14050005","huc8Name":"Upper White","historic":"greenRiverBlue","current":"introduced","recovery":"recoveryWatch","lineageKey":"greenRiverBlue","lineageLabel":"Green River / blue-lineage CT","basin":"Upper White","note":"White River blue-lineage context","state":"CO","confidence":"HUC8 drainage context / generalized","geometryStatus":"natural_stream_detail_tile_from_full_interpreted_layer","troutSource":"HUC8 lineage assignment v1 / review needed","sourceName":"Gooseberry Creek","name":"Gooseberry Creek","source_id":"90419701","length_km":0.21051329,"FType":460,"FCode":46006,"atlas_class":"streamriver","display_name":"Gooseberry Creek","stream_role":"natural_stream_detail_context","sourceLayer":"colorado_natural_stream_detail_tiles_v1","sourceLabel":"Colorado natural stream detail tiles v1","sensitivity":"generalized"},"geometry":{"type":"LineString","coordinates":[[-107.61419,40.0019],[-107.61345,40.00014]]}},{"type":"Feature","properties":{"huc8":"14050005","huc8Name":"Upper White","historic":"greenRiverBlue","current":"introduced","recovery":"recoveryWatch","lineageKey":"greenRiverBlue","lineageLabel":"Green River / blue-lineage CT","basin":"Upper White","note":"White River blue-lineage context","state":"CO","confidence":"HUC8 drainage context / generalized","geometryStatus":"natural_stream_detail_tile_from_full_interpreted_layer","troutSource":"HUC8 lineage assignment v1 / review needed","sourceName":"Gooseberry Creek","name":"Gooseberry Creek","source_id":"161837410","length_km":0.14573684,"FType":460,"FCode":46003,"atlas_class":"streamriver","display_name":"Gooseberry Creek","stream_role":"natural_stream_detail_context","sourceLayer":"colorado_natural_stream_detail_tiles_v1","sourceLabel":"Colorado natural stream detail tiles v1","sensitivity":"generalized"},"geometry":{"type":"LineString","coordinates":[[-107.61465,40.00663],[-107.61499,40.00537]]}},{"type":"Feature","properties":{"huc8":"14050005","huc8Name":"Upper White","historic":"greenRiverBlue","current":"introduced","recovery":"recoveryWatch","lineageKey":"greenRiverBlue","lineageLabel":"Green River / blue-lineage CT","basin":"Upper White","note":"White River blue-lineage context","state":"CO","confidence":"HUC8 drainage context / generalized","geometryStatus":"natural_stream_detail_tile_from_full_interpreted_layer","troutSource":"HUC8 lineage assignment v1 / review needed","sourceName":"Big Beaver Creek","name":"Big Beaver Creek","source_id":"161837940","length_km":0.93308969,"FType":460,"FCode":46006,"atlas_class":"streamriver","display_name":"Big Beaver Creek","stream_role":"natural_stream_detail_context","sourceLayer":"colorado_natural_stream_detail_tiles_v1","sourceLabel":"Colorado natural stream detail tiles v1","sensitivity":"generalized"},"geometry":{"type":"LineString","coordinates":[[-107.64735,40.00797],[-107.64785,40.00726],[-107.64699,40.00696],[-107.64737,40.00651],[-107.64703,40.00599],[-107.64772,40.00574],[-107.64708,40.00449],[-107.64774,40.00323],[-107.64648,40.0023]]}},{"type":"Feature","properties":{"huc8":"14050005","huc8Name":"Upper White","historic":"greenRiverBlue","current":"introduced","recovery":"recoveryWatch","lineageKey":"greenRiverBlue","lineageLabel":"Green River / blue-lineage CT","basin":"Upper White","note":"White River blue-lineage context","state":"CO","confidence":"HUC8 drainage context / generalized","geometryStatus":"natural_stream_detail_tile_from_full_interpreted_layer","troutSource":"HUC8 lineage assignment v1 / review needed","sourceName":"Gooseberry Creek","name":"Gooseberry Creek","source_id":"90419695","length_km":0.26639338,"FType":460,"FCode":46006,"atlas_class":"streamriver","display_name":"Gooseberry Creek","stream_role":"natural_stream_detail_context","sourceLayer":"colorado_natural_stream_detail_tiles_v1","sourceLabel":"Colorado natural stream detail tiles v1","sensitivity":"generalized"},"geometry":{"type":"LineString","coordinates":[[-107.61479,40.00415],[-107.61481,40.00283],[-107.61419,40.0019]]}},{"type":"Feature","properties":{"huc8":"14050005","huc8Name":"Upper White","historic":"greenRiverBlue","current":"introduced","recovery":"recoveryWatch","lineageKey":"greenRiverBlue","lineageLabel":"Green River / blue-lineage CT","basin":"Upper White","note":"White River blue-lineage context","state":"CO","confidence":"HUC8 drainage context / generalized","geometryStatus":"natural_stream_detail_tile_from_full_interpreted_layer","troutSource":"HUC8 lineage assignment v1 / review needed","sourceName":"Gooseberry Creek","name":"Gooseberry Creek","source_id":"161837411","length_km":0.13777545,"FType":460,"FCode":46003,"atlas_class":"streamriver","display_name":"Gooseberry Creek","stream_role":"natural_stream_detail_context","sourceLayer":"colorado_natural_stream_detail_tiles_v1","sourceLabel":"Colorado natural stream detail tiles v1","sensitivity":"generalized"},"geometry":{"type":"LineString","coordinates":[[-107.61499,40.00537],[-107.61479,40.00415]]}},{"type":"Feature","properties":{"huc8":"14050005","huc8Name":"Upper White","historic":"greenRiverBlue","current":"introduced","recovery":"recoveryWatch","lineageKey":"greenRiverBlue","lineageLabel":"Green River / blue-lineage CT","basin":"Upper White","note":"White River blue-lineage context","state":"CO","confidence":"HUC8 drainage context / generalized","geometryStatus":"natural_stream_detail_tile_from_full_interpreted_layer","troutSource":"HUC8 lineage assignment v1 / review needed","sourceName":"East Beaver Creek","name":"East Beaver Creek","source_id":"161837254","length_km":0.2081495,"FType":460,"FCode":46006,"atlas_class":"streamriver","display_name":"East Beaver Creek","stream_role":"natural_stream_detail_context","sourceLayer":"colorado_natural_stream_detail_tiles_v1","sourceLabel":"Colorado natural stream detail tiles v1","sensitivity":"generalized"},"geometry":{"type":"LineString","coordinates":[[-107.60368,40.03551],[-107.60542,40.0368]]}},{"type":"Feature","properties":{"huc8":"14050005","huc8Name":"Upper White","historic":"greenRiverBlue","current":"introduced","recovery":"recoveryWatch","lineageKey":"greenRiverBlue","lineageLabel":"Green River / blue-lineage CT","basin":"Upper White","note":"White River blue-lineage context","state":"CO","confidence":"HUC8 drainage context / generalized","geometryStatus":"natural_stream_detail_tile_from_full_interpreted_layer","troutSource":"HUC8 lineage assignment v1 / review needed","sourceName":"East Beaver Creek","name":"East Beaver Creek","source_id":"161837388","length_km":0.12768177,"FType":460,"FCode":46006,"atlas_class":"streamriver","display_name":"East Beaver Creek","stream_role":"natural_stream_detail_context","sourceLayer":"colorado_natural_stream_detail_tiles_v1","sourceLabel":"Colorado natural stream detail tiles v1","sensitivity":"generalized"},"geometry":{"type":"LineString","coordinates":[[-107.60123,40.03427],[-107.60263,40.03387]]}},{"type":"Feature","properties":{"huc8":"14050005","huc8Name":"Upper White","historic":"greenRiverBlue","current":"introduced","recovery":"recoveryWatch","lineageKey":"greenRiverBlue","lineageLabel":"Green River / blue-lineage CT","basin":"Upper White","note":"White River blue-lineage context","state":"CO","confidence":"HUC8 drainage context / generalized","geometryStatus":"natural_stream_detail_tile_from_full_interpreted_layer","troutSource":"HUC8 lineage assignment v1 / review needed","sourceName":"East Beaver Creek","name":"East Beaver Creek","source_id":"161837362","length_km":0.10647373,"FType":460,"FCode":46006,"atlas_class":"streamriver","display_name":"East Beaver Creek","stream_role":"natural_stream_detail_context","sourceLayer":"colorado_natural_stream_detail_tiles_v1","sourceLabel":"Colorado natural stream detail tiles v1","sensitivity":"generalized"},"geometry":{"type":"LineString","coordinates":[[-107.60263,40.03387],[-107.60347,40.03428]]}},{"type":"Feature","properties":{"huc8":"14050005","huc8Name":"Upper White","historic":"greenRiverBlue","current":"introduced","recovery":"recoveryWatch","lineageKey":"greenRiverBlue","lineageLabel":"Green River / blue-lineage CT","basin":"Upper White","note":"White River blue-lineage context","state":"CO","confidence":"HUC8 drainage context / generalized","geometryStatus":"natural_stream_detail_tile_from_full_interpreted_layer","troutSource":"HUC8 lineage assignment v1 / review needed","sourceName":"East Beaver Creek","name":"East Beaver Creek","source_id":"161837387","length_km":0.2173007,"FType":460,"FCode":46006,"atlas_class":"streamriver","display_name":"East Beaver Creek","stream_role":"natural_stream_detail_context","sourceLayer":"colorado_natural_stream_detail_tiles_v1","sourceLabel":"Colorado natural stream detail tiles v1","sensitivity":"generalized"},"geometry":{"type":"LineString","coordinates":[[-107.5992,40.03545],[-107.60123,40.03427]]}},{"type":"Feature","properties":{"huc8":"14050005","huc8Name":"Upper White","historic":"greenRiverBlue","current":"introduced","recovery":"recoveryWatch","lineageKey":"greenRiverBlue","lineageLabel":"Green River / blue-lineage CT","basin":"Upper White","note":"White River blue-lineage context","state":"CO","confidence":"HUC8 drainage context / generalized","geometryStatus":"natural_stream_detail_tile_from_full_interpreted_layer","troutSource":"HUC8 lineage assignment v1 / review needed","sourceName":"East Beaver Creek","name":"East Beaver Creek","source_id":"161837253","length_km":0.13911367,"FType":460,"FCode":46006,"atlas_class":"streamriver","display_name":"East Beaver Creek","stream_role":"natural_stream_detail_context","sourceLayer":"colorado_natural_stream_detail_tiles_v1","sourceLabel":"Colorado natural stream detail tiles v1","sensitivity":"generalized"},"geometry":{"type":"LineString","coordinates":[[-107.60347,40.03428],[-107.60368,40.03551]]}},{"type":"Feature","properties":{"huc8":"14050005","huc8Name":"Upper White","historic":"greenRiverBlue","current":"introduced","recovery":"recoveryWatch","lineageKey":"greenRiverBlue","lineageLabel":"Green River / blue-lineage CT","basin":"Upper White","note":"White River blue-lineage context","state":"CO","confidence":"HUC8 drainage context / generalized","geometryStatus":"natural_stream_detail_tile_from_full_interpreted_layer","troutSource":"HUC8 lineage assignment v1 / review needed","sourceName":"Cow Creek","name":"Cow Creek","source_id":"90434061","length_km":0.59356647,"FType":460,"FCode":46006,"atlas_class":"streamriver","display_name":"Cow Creek","stream_role":"natural_stream_detail_context","sourceLayer":"colorado_natural_stream_detail_tiles_v1","sourceLabel":"Colorado natural stream detail tiles v1","sensitivity":"generalized"},"geometry":{"type":"LineString","coordinates":[[-107.64464,40.05493],[-107.64718,40.05246],[-107.64979,40.05184]]}},{"type":"Feature","properties":{"huc8":"14050005","huc8Name":"Upper White","historic":"greenRiverBlue","current":"introduced","recovery":"recoveryWatch","lineageKey":"greenRiverBlue","lineageLabel":"Green River / blue-lineage CT","basin":"Upper White","note":"White River blue-lineage context","state":"CO","confidence":"HUC8 drainage context / generalized","geometryStatus":"natural_stream_detail_tile_from_full_interpreted_layer","troutSource":"HUC8 lineage assignment v1 / review needed","sourceName":"Big Beaver Creek","name":"Big Beaver Creek","source_id":"90434085","length_km":0.35650727,"FType":460,"FCode":46006,"atlas_class":"streamriver","display_name":"Big Beaver Creek","stream_role":"natural_stream_detail_context","sourceLayer":"colorado_natural_stream_detail_tiles_v1","sourceLabel":"Colorado natural stream detail tiles v1","sensitivity":"generalized"},"geometry":{"type":"LineString","coordinates":[[-107.63044,40.05151],[-107.63294,40.04924]]}},{"type":"Feature","properties":{"huc8":"14050005","huc8Name":"Upper White","historic":"greenRiverBlue","current":"introduced","recovery":"recoveryWatch","lineageKey":"greenRiverBlue","lineageLabel":"Green River / blue-lineage CT","basin":"Upper White","note":"White River blue-lineage context","state":"CO","confidence":"HUC8 drainage context / generalized","geometryStatus":"natural_stream_detail_tile_from_full_interpreted_layer","troutSource":"HUC8 lineage assignment v1 / review needed","sourceName":"Cow Creek","name":"Cow Creek","source_id":"161838008","length_km":0.12552405,"FType":460,"FCode":46006,"atlas_class":"streamriver","display_name":"Cow Creek","stream_role":"natural_stream_detail_context","sourceLayer":"colorado_natural_stream_detail_tiles_v1","sourceLabel":"Colorado natural stream detail tiles v1","sensitivity":"generalized"},"geometry":{"type":"LineString","coordinates":[[-107.65081,40.0506],[-107.6508,40.0495]]}},{"type":"Feature","properties":{"huc8":"14050005","huc8Name":"Upper White","historic":"greenRiverBlue","current":"introduced","recovery":"recoveryWatch","lineageKey":"greenRiverBlue","lineageLabel":"Green River / blue-lineage CT","basin":"Upper White","note":"White River blue-lineage context","state":"CO","confidence":"HUC8 drainage context / generalized","geometryStatus":"natural_stream_detail_tile_from_full_interpreted_layer","troutSource":"HUC8 lineage assignment v1 / review needed","sourceName":"Big Beaver Creek","name":"Big Beaver Creek","source_id":"161837994","length_km":0.03881157,"FType":460,"FCode":46006,"atlas_class":"streamriver","display_name":"Big Beaver Creek","stream_role":"natural_stream_detail_context","sourceLayer":"colorado_natural_stream_detail_tiles_v1","sourceLabel":"Colorado natural stream detail tiles v1","sensitivity":"generalized"},"geometry":{"type":"LineString","coordinates":[[-107.62568,40.05671],[-107.62592,40.05642]]}},{"type":"Feature","properties":{"huc8":"14050005","huc8Name":"Upper White","historic":"greenRiverBlue","current":"introduced","recovery":"recoveryWatch","lineageKey":"greenRiverBlue","lineageLabel":"Green River / blue-lineage CT","basin":"Upper White","note":"White River blue-lineage context","state":"CO","confidence":"HUC8 drainage context / generalized","geometryStatus":"natural_stream_detail_tile_from_full_interpreted_layer","troutSource":"HUC8 lineage assignment v1 / review needed","sourceName":"Big Beaver Creek","name":"Big Beaver Creek","source_id":"161837995","length_km":0.1051558,"FType":460,"FCode":46006,"atlas_class":"streamriver","display_name":"Big Beaver Creek","stream_role":"natural_stream_detail_context","sourceLayer":"colorado_natural_stream_detail_tiles_v1","sourceLabel":"Colorado natural stream detail tiles v1","sensitivity":"generalized"},"geometry":{"type":"LineString","coordinates":[[-107.62592,40.05642],[-107.6266,40.05564]]}},{"type":"Feature","properties":{"huc8":"14050005","huc8Name":"Upper White","historic":"greenRiverBlue","current":"introduced","recovery":"recoveryWatch","lineageKey":"greenRiverBlue","lineageLabel":"Green River / blue-lineage CT","basin":"Upper White","note":"White River blue-lineage context","state":"CO","confidence":"HUC8 drainage context / generalized","geometryStatus":"natural_stream_detail_tile_from_full_interpreted_layer","troutSource":"HUC8 lineage assignment v1 / review needed","sourceName":"Big Beaver Creek","name":"Big Beaver Creek","source_id":"90434065","length_km":0.29428743,"FType":460,"FCode":46006,"atlas_class":"streamriver","display_name":"Big Beaver Creek","stream_role":"natural_stream_detail_context","sourceLayer":"colorado_natural_stream_detail_tiles_v1","sourceLabel":"Colorado natural stream detail tiles v1","sensitivity":"generalized"},"geometry":{"type":"LineString","coordinates":[[-107.62945,40.05367],[-107.63023,40.05316],[-107.62992,40.05237],[-107.63044,40.05151]]}},{"type":"Feature","properties":{"huc8":"14050005","huc8Name":"Upper White","historic":"greenRiverBlue","current":"introduced","recovery":"recoveryWatch","lineageKey":"greenRiverBlue","lineageLabel":"Green River / blue-lineage CT","basin":"Upper White","note":"White River blue-lineage context","state":"CO","confidence":"HUC8 drainage context / generalized","geometryStatus":"natural_stream_detail_tile_from_full_interpreted_layer","troutSource":"HUC8 lineage assignment v1 / review needed","sourceName":"Big Beaver Creek","name":"Big Beaver Creek","source_id":"90419267","length_km":0.44587653,"FType":460,"FCode":46006,"atlas_class":"streamriver","display_name":"Big Beaver Creek","stream_role":"natural_stream_detail_context","sourceLayer":"colorado_natural_stream_detail_tiles_v1","sourceLabel":"Colorado natural stream detail tiles v1","sensitivity":"generalized"},"geometry":{"type":"LineString","coordinates":[[-107.62203,40.05879],[-107.62298,40.0577],[-107.62524,40.05748],[-107.62568,40.05671]]}},{"type":"Feature","properties":{"huc8":"14050005","huc8Name":"Upper White","historic":"greenRiverBlue","current":"introduced","recovery":"recoveryWatch","lineageKey":"greenRiverBlue","lineageLabel":"Green River / blue-lineage CT","basin":"Upper White","note":"White River blue-lineage context","state":"CO","confidence":"HUC8 drainage context / generalized","geometryStatus":"natural_stream_detail_tile_from_full_interpreted_layer","troutSource":"HUC8 lineage assignment v1 / review needed","sourceName":"Big Beaver Creek","name":"Big Beaver Creek","source_id":"90419213","length_km":0.02939947,"FType":460,"FCode":46006,"atlas_class":"streamriver","display_name":"Big Beaver Creek","stream_role":"natural_stream_detail_context","sourceLayer":"colorado_natural_stream_detail_tiles_v1","sourceLabel":"Colorado natural stream detail tiles v1","sensitivity":"generalized"},"geometry":{"type":"LineString","coordinates":[[-107.61385,40.06665],[-107.61415,40.06653]]}},{"type":"Feature","properties":{"huc8":"14050005","huc8Name":"Upper White","historic":"greenRiverBlue","current":"introduced","recovery":"recoveryWatch","lineageKey":"greenRiverBlue","lineageLabel":"Green River / blue-lineage CT","basin":"Upper White","note":"White River blue-lineage context","state":"CO","confidence":"HUC8 drainage context / generalized","geometryStatus":"natural_stream_detail_tile_from_full_interpreted_layer","troutSource":"HUC8 lineage assignment v1 / review needed","sourceName":"Big Beaver Creek","name":"Big Beaver Creek","source_id":"161835546","length_km":0.31394973,"FType":460,"FCode":46006,"atlas_class":"streamriver","display_name":"Big Beaver Creek","stream_role":"natural_stream_detail_context","sourceLayer":"colorado_natural_stream_detail_tiles_v1","sourceLabel":"Colorado natural stream detail tiles v1","sensitivity":"generalized"},"geometry":{"type":"LineString","coordinates":[[-107.61415,40.06653],[-107.61617,40.06432]]}},{"type":"Feature","properties":{"huc8":"14050005","huc8Name":"Upper White","historic":"greenRiverBlue","current":"introduced","recovery":"recoveryWatch","lineageKey":"greenRiverBlue","lineageLabel":"Green River / blue-lineage CT","basin":"Upper White","note":"White River blue-lineage context","state":"CO","confidence":"HUC8 drainage context / generalized","geometryStatus":"natural_stream_detail_tile_from_full_interpreted_layer","troutSource":"HUC8 lineage assignment v1 / review needed","sourceName":"Big Beaver Creek","name":"Big Beaver Creek","source_id":"90419231","length_km":0.18125731,"FType":460,"FCode":46006,"atlas_class":"streamriver","display_name":"Big Beaver Creek","stream_role":"natural_stream_detail_context","sourceLayer":"colorado_natural_stream_detail_tiles_v1","sourceLabel":"Colorado natural stream detail tiles v1","sensitivity":"generalized"},"geometry":{"type":"LineString","coordinates":[[-107.61939,40.06163],[-107.62088,40.06057]]}},{"type":"Feature","properties":{"huc8":"14050005","huc8Name":"Upper White","historic":"greenRiverBlue","current":"introduced","recovery":"recoveryWatch","lineageKey":"greenRiverBlue","lineageLabel":"Green River / blue-lineage CT","basin":"Upper White","note":"White River blue-lineage context","state":"CO","confidence":"HUC8 drainage context / generalized","geometryStatus":"natural_stream_detail_tile_from_full_interpreted_layer","troutSource":"HUC8 lineage assignment v1 / review needed","sourceName":"Big Beaver Creek","name":"Big Beaver Creek","source_id":"161835547","length_km":0.46441114,"FType":460,"FCode":46006,"atlas_class":"streamriver","display_name":"Big Beaver Creek","stream_role":"natural_stream_detail_context","sourceLayer":"colorado_natural_stream_detail_tiles_v1","sourceLabel":"Colorado natural stream detail tiles v1","sensitivity":"generalized"},"geometry":{"type":"LineString","coordinates":[[-107.61617,40.06432],[-107.61698,40.06318],[-107.61846,40.063],[-107.61939,40.06163]]}},{"type":"Feature","properties":{"huc8":"14050005","huc8Name":"Upper White","historic":"greenRiverBlue","current":"introduced","recovery":"recoveryWatch","lineageKey":"greenRiverBlue","lineageLabel":"Green River / blue-lineage CT","basin":"Upper White","note":"White River blue-lineage context","state":"CO","confidence":"HUC8 drainage context / generalized","geometryStatus":"natural_stream_detail_tile_from_full_interpreted_layer","troutSource":"HUC8 lineage assignment v1 / review needed","sourceName":"Big Beaver Creek","name":"Big Beaver Creek","source_id":"161838150","length_km":0.23697091,"FType":460,"FCode":46006,"atlas_class":"streamriver","display_name":"Big Beaver Creek","stream_role":"natural_stream_detail_context","sourceLayer":"colorado_natural_stream_detail_tiles_v1","sourceLabel":"Colorado natural stream detail tiles v1","sensitivity":"generalized"},"geometry":{"type":"LineString","coordinates":[[-107.63332,40.04845],[-107.63503,40.04692]]}},{"type":"Feature","properties":{"huc8":"14050005","huc8Name":"Upper White","historic":"greenRiverBlue","current":"introduced","recovery":"recoveryWatch","lineageKey":"greenRiverBlue","lineageLabel":"Green River / blue-lineage CT","basin":"Upper White","note":"White River blue-lineage context","state":"CO","confidence":"HUC8 drainage context / generalized","geometryStatus":"natural_stream_detail_tile_from_full_interpreted_layer","troutSource":"HUC8 lineage assignment v1 / review needed","sourceName":"Cow Creek","name":"Cow Creek","source_id":"161837974","length_km":0.17244568,"FType":460,"FCode":46006,"atlas_class":"streamriver","display_name":"Cow Creek","stream_role":"natural_stream_detail_context","sourceLayer":"colorado_natural_stream_detail_tiles_v1","sourceLabel":"Colorado natural stream detail tiles v1","sensitivity":"generalized"},"geometry":{"type":"LineString","coordinates":[[-107.65155,40.04891],[-107.65225,40.04844],[-107.65216,40.04765]]}},{"type":"Feature","properties":{"huc8":"14050005","huc8Name":"Upper White","historic":"greenRiverBlue","current":"introduced","recovery":"recoveryWatch","lineageKey":"greenRiverBlue","lineageLabel":"Green River / blue-lineage CT","basin":"Upper White","note":"White River blue-lineage context","state":"CO","confidence":"HUC8 drainage context / generalized","geometryStatus":"natural_stream_detail_tile_from_full_interpreted_layer","troutSource":"HUC8 lineage assignment v1 / review needed","sourceName":"Big Beaver Creek","name":"Big Beaver Creek","source_id":"161838149","length_km":0.1022514,"FType":460,"FCode":46006,"atlas_class":"streamriver","display_name":"Big Beaver Creek","stream_role":"natural_stream_detail_context","sourceLayer":"colorado_natural_stream_detail_tiles_v1","sourceLabel":"Colorado natural stream detail tiles v1","sensitivity":"generalized"},"geometry":{"type":"LineString","coordinates":[[-107.63294,40.04924],[-107.63332,40.04845]]}},{"type":"Feature","properties":{"huc8":"14050005","huc8Name":"Upper White","historic":"greenRiverBlue","current":"introduced","recovery":"recoveryWatch","lineageKey":"greenRiverBlue","lineageLabel":"Green River / blue-lineage CT","basin":"Upper White","note":"White River blue-lineage context","state":"CO","confidence":"HUC8 drainage context / generalized","geometryStatus":"natural_stream_detail_tile_from_full_interpreted_layer","troutSource":"HUC8 lineage assignment v1 / review needed","sourceName":"Cottonwood Creek","name":"Cottonwood Creek","source_id":"90434007","length_km":0.25923452,"FType":460,"FCode":46003,"atlas_class":"streamriver","display_name":"Cottonwood Creek","stream_role":"natural_stream_detail_context","sourceLayer":"colorado_natural_stream_detail_tiles_v1","sourceLabel":"Colorado natural stream detail tiles v1","sensitivity":"generalized"},"geometry":{"type":"LineString","coordinates":[[-107.66472,40.05846],[-107.66508,40.05623]]}},{"type":"Feature","properties":{"huc8":"14050005","huc8Name":"Upper White","historic":"greenRiverBlue","current":"introduced","recovery":"recoveryWatch","lineageKey":"greenRiverBlue","lineageLabel":"Green River / blue-lineage CT","basin":"Upper White","note":"White River blue-lineage context","state":"CO","confidence":"HUC8 drainage context / generalized","geometryStatus":"natural_stream_detail_tile_from_full_interpreted_layer","troutSource":"HUC8 lineage assignment v1 / review needed","sourceName":"Cottonwood Creek","name":"Cottonwood Creek","source_id":"161835147","length_km":0.50668758,"FType":460,"FCode":46003,"atlas_class":"streamriver","display_name":"Cottonwood Creek","stream_role":"natural_stream_detail_context","sourceLayer":"colorado_natural_stream_detail_tiles_v1","sourceLabel":"Colorado natural stream detail tiles v1","sensitivity":"generalized"},"geometry":{"type":"LineString","coordinates":[[-107.6577,40.07391],[-107.65726,40.07252],[-107.65864,40.06971]]}},{"type":"Feature","properties":{"huc8":"14050005","huc8Name":"Upper White","historic":"greenRiverBlue","current":"introduced","recovery":"recoveryWatch","lineageKey":"greenRiverBlue","lineageLabel":"Green River / blue-lineage CT","basin":"Upper White","note":"White River blue-lineage context","state":"CO","confidence":"HUC8 drainage context / generalized","geometryStatus":"natural_stream_detail_tile_from_full_interpreted_layer","troutSource":"HUC8 lineage assignment v1 / review needed","sourceName":"Cherry Creek","name":"Cherry Creek","source_id":"161838171","length_km":0.41182111,"FType":460,"FCode":46003,"atlas_class":"streamriver","display_name":"Cherry Creek","stream_role":"natural_stream_detail_context","sourceLayer":"colorado_natural_stream_detail_tiles_v1","sourceLabel":"Colorado natural stream detail tiles v1","sensitivity":"generalized"},"geometry":{"type":"LineString","coordinates":[[-107.67637,40.06223],[-107.67439,40.05893]]}},{"type":"Feature","properties":{"huc8":"14050005","huc8Name":"Upper White","historic":"greenRiverBlue","current":"introduced","recovery":"recoveryWatch","lineageKey":"greenRiverBlue","lineageLabel":"Green River / blue-lineage CT","basin":"Upper White","note":"White River blue-lineage context","state":"CO","confidence":"HUC8 drainage context / generalized","geometryStatus":"natural_stream_detail_tile_from_full_interpreted_layer","troutSource":"HUC8 lineage assignment v1 / review needed","sourceName":"Cottonwood Creek","name":"Cottonwood Creek","source_id":"161838030","length_km":1.00945891,"FType":460,"FCode":46003,"atlas_class":"streamriver","display_name":"Cottonwood Creek","stream_role":"natural_stream_detail_context","sourceLayer":"colorado_natural_stream_detail_tiles_v1","sourceLabel":"Colorado natural stream detail tiles v1","sensitivity":"generalized"},"geometry":{"type":"LineString","coordinates":[[-107.66373,40.04197],[-107.6653,40.04036],[-107.66841,40.03901],[-107.67161,40.03878],[-107.6732,40.03996]]}},{"type":"Feature","properties":{"huc8":"14050005","huc8Name":"Upper White","historic":"greenRiverBlue","current":"introduced","recovery":"recoveryWatch","lineageKey":"greenRiverBlue","lineageLabel":"Green River / blue-lineage CT","basin":"Upper White","note":"White River blue-lineage context","state":"CO","confidence":"HUC8 drainage context / generalized","geometryStatus":"natural_stream_detail_tile_from_full_interpreted_layer","troutSource":"HUC8 lineage assignment v1 / review needed","sourceName":"Little Beaver Creek","name":"Little Beaver Creek","source_id":"161837946","length_km":0.10064957,"FType":460,"FCode":46003,"atlas_class":"streamriver","display_name":"Little Beaver Creek","stream_role":"natural_stream_detail_context","sourceLayer":"colorado_natural_stream_detail_tiles_v1","sourceLabel":"Colorado natural stream detail tiles v1","sensitivity":"generalized"},"geometry":{"type":"LineString","coordinates":[[-107.6643,40.02858],[-107.66535,40.02841]]}},{"type":"Feature","properties":{"huc8":"14050005","huc8Name":"Upper White","historic":"greenRiverBlue","current":"introduced","recovery":"recoveryWatch","lineageKey":"greenRiverBlue","lineageLabel":"Green River / blue-lineage CT","basin":"Upper White","note":"White River blue-lineage context","state":"CO","confidence":"HUC8 drainage context / generalized","geometryStatus":"natural_stream_detail_tile_from_full_interpreted_layer","troutSource":"HUC8 lineage assignment v1 / review needed","sourceName":"Little Beaver Creek","name":"Little Beaver Creek","source_id":"90434249","length_km":0.37671853,"FType":460,"FCode":46003,"atlas_class":"streamriver","display_name":"Little Beaver Creek","stream_role":"natural_stream_detail_context","sourceLayer":"colorado_natural_stream_detail_tiles_v1","sourceLabel":"Colorado natural stream detail tiles v1","sensitivity":"generalized"},"geometry":{"type":"LineString","coordinates":[[-107.66872,40.02727],[-107.67228,40.02539]]}},{"type":"Feature","properties":{"huc8":"14050005","huc8Name":"Upper White","historic":"greenRiverBlue","current":"introduced","recovery":"recoveryWatch","lineageKey":"greenRiverBlue","lineageLabel":"Green River / blue-lineage CT","basin":"Upper White","note":"White River blue-lineage context","state":"CO","confidence":"HUC8 drainage context / generalized","geometryStatus":"natural_stream_detail_tile_from_full_interpreted_layer","troutSource":"HUC8 lineage assignment v1 / review needed","sourceName":"Little Beaver Creek","name":"Little Beaver Creek","source_id":"90434221","length_km":0.02964783,"FType":460,"FCode":46003,"atlas_class":"streamriver","display_name":"Little Beaver Creek","stream_role":"natural_stream_detail_context","sourceLayer":"colorado_natural_stream_detail_tiles_v1","sourceLabel":"Colorado natural stream detail tiles v1","sensitivity":"generalized"},"geometry":{"type":"LineString","coordinates":[[-107.66853,40.02748],[-107.66872,40.02727]]}},{"type":"Feature","properties":{"huc8":"14050005","huc8Name":"Upper White","historic":"greenRiverBlue","current":"introduced","recovery":"recoveryWatch","lineageKey":"greenRiverBlue","lineageLabel":"Green River / blue-lineage CT","basin":"Upper White","note":"White River blue-lineage context","state":"CO","confidence":"HUC8 drainage context / generalized","geometryStatus":"natural_stream_detail_tile_from_full_interpreted_layer","troutSource":"HUC8 lineage assignment v1 / review needed","sourceName":"Cottonwood Creek","name":"Cottonwood Creek","source_id":"161837918","length_km":0.74066292,"FType":460,"FCode":46003,"atlas_class":"streamriver","display_name":"Cottonwood Creek","stream_role":"natural_stream_detail_context","sourceLayer":"colorado_natural_stream_detail_tiles_v1","sourceLabel":"Colorado natural stream detail tiles v1","sensitivity":"generalized"},"geometry":{"type":"LineString","coordinates":[[-107.67822,40.04167],[-107.68174,40.04111],[-107.68339,40.04143],[-107.68637,40.04067]]}},{"type":"Feature","properties":{"huc8":"14050005","huc8Name":"Upper White","historic":"greenRiverBlue","current":"introduced","recovery":"recoveryWatch","lineageKey":"greenRiverBlue","lineageLabel":"Green River / blue-lineage CT","basin":"Upper White","note":"White River blue-lineage context","state":"CO","confidence":"HUC8 drainage context / generalized","geometryStatus":"natural_stream_detail_tile_from_full_interpreted_layer","troutSource":"HUC8 lineage assignment v1 / review needed","sourceName":"Cottonwood Creek","name":"Cottonwood Creek","source_id":"161838157","length_km":0.04168758,"FType":460,"FCode":46003,"atlas_class":"streamriver","display_name":"Cottonwood Creek","stream_role":"natural_stream_detail_context","sourceLayer":"colorado_natural_stream_detail_tiles_v1","sourceLabel":"Colorado natural stream detail tiles v1","sensitivity":"generalized"},"geometry":{"type":"LineString","coordinates":[[-107.66461,40.0591],[-107.66458,40.05875]]}},{"type":"Feature","properties":{"huc8":"14050005","huc8Name":"Upper White","historic":"greenRiverBlue","current":"introduced","recovery":"recoveryWatch","lineageKey":"greenRiverBlue","lineageLabel":"Green River / blue-lineage CT","basin":"Upper White","note":"White River blue-lineage context","state":"CO","confidence":"HUC8 drainage context / generalized","geometryStatus":"natural_stream_detail_tile_from_full_interpreted_layer","troutSource":"HUC8 lineage assignment v1 / review needed","sourceName":"Little Beaver Creek","name":"Little Beaver Creek","source_id":"161838026","length_km":0.2046726,"FType":460,"FCode":46003,"atlas_class":"streamriver","display_name":"Little Beaver Creek","stream_role":"natural_stream_detail_context","sourceLayer":"colorado_natural_stream_detail_tiles_v1","sourceLabel":"Colorado natural stream detail tiles v1","sensitivity":"generalized"},"geometry":{"type":"LineString","coordinates":[[-107.66622,40.02794],[-107.66853,40.02748]]}},{"type":"Feature","properties":{"huc8":"14050005","huc8Name":"Upper White","historic":"greenRiverBlue","current":"introduced","recovery":"recoveryWatch","lineageKey":"greenRiverBlue","lineageLabel":"Green River / blue-lineage CT","basin":"Upper White","note":"White River blue-lineage context","state":"CO","confidence":"HUC8 drainage context / generalized","geometryStatus":"natural_stream_detail_tile_from_full_interpreted_layer","troutSource":"HUC8 lineage assignment v1 / review needed","sourceName":"Cottonwood Creek","name":"Cottonwood Creek","source_id":"161838137","length_km":0.12568445,"FType":460,"FCode":46003,"atlas_class":"streamriver","display_name":"Cottonwood Creek","stream_role":"natural_stream_detail_context","sourceLayer":"colorado_natural_stream_detail_tiles_v1","sourceLabel":"Colorado natural stream detail tiles v1","sensitivity":"generalized"},"geometry":{"type":"LineString","coordinates":[[-107.6768,40.04142],[-107.67822,40.04167]]}},{"type":"Feature","properties":{"huc8":"14050005","huc8Name":"Upper White","historic":"greenRiverBlue","current":"introduced","recovery":"recoveryWatch","lineageKey":"greenRiverBlue","lineageLabel":"Green River / blue-lineage CT","basin":"Upper White","note":"White River blue-lineage context","state":"CO","confidence":"HUC8 drainage context / generalized","geometryStatus":"natural_stream_detail_tile_from_full_interpreted_layer","troutSource":"HUC8 lineage assignment v1 / review needed","sourceName":"Little Beaver Creek","name":"Little Beaver Creek","source_id":"90434239","length_km":0.70842879,"FType":460,"FCode":46006,"atlas_class":"streamriver","display_name":"Little Beaver Creek","stream_role":"natural_stream_detail_context","sourceLayer":"colorado_natural_stream_detail_tiles_v1","sourceLabel":"Colorado natural stream detail tiles v1","sensitivity":"generalized"},"geometry":{"type":"LineString","coordinates":[[-107.67364,40.02567],[-107.67564,40.02677],[-107.67879,40.02696],[-107.67993,40.02868]]}},{"type":"Feature","properties":{"huc8":"14050005","huc8Name":"Upper White","historic":"greenRiverBlue","current":"introduced","recovery":"recoveryWatch","lineageKey":"greenRiverBlue","lineageLabel":"Green River / blue-lineage CT","basin":"Upper White","note":"White River blue-lineage context","state":"CO","confidence":"HUC8 drainage context / generalized","geometryStatus":"natural_stream_detail_tile_from_full_interpreted_layer","troutSource":"HUC8 lineage assignment v1 / review needed","sourceName":"Allen Creek","name":"Allen Creek","source_id":"90419031","length_km":0.09649097,"FType":460,"FCode":46006,"atlas_class":"streamriver","display_name":"Allen Creek","stream_role":"natural_stream_detail_context","sourceLayer":"colorado_natural_stream_detail_tiles_v1","sourceLabel":"Colorado natural stream detail tiles v1","sensitivity":"generalized"},"geometry":{"type":"LineString","coordinates":[[-107.62596,40.09053],[-107.62505,40.0902]]}},{"type":"Feature","properties":{"huc8":"14050005","huc8Name":"Upper White","historic":"greenRiverBlue","current":"introduced","recovery":"recoveryWatch","lineageKey":"greenRiverBlue","lineageLabel":"Green River / blue-lineage CT","basin":"Upper White","note":"White River blue-lineage context","state":"CO","confidence":"HUC8 drainage context / generalized","geometryStatus":"natural_stream_detail_tile_from_full_interpreted_layer","troutSource":"HUC8 lineage assignment v1 / review needed","sourceName":"Allen Creek","name":"Allen Creek","source_id":"161835045","length_km":0.41224067,"FType":460,"FCode":46003,"atlas_class":"streamriver","display_name":"Allen Creek","stream_role":"natural_stream_detail_context","sourceLayer":"colorado_natural_stream_detail_tiles_v1","sourceLabel":"Colorado natural stream detail tiles v1","sensitivity":"generalized"},"geometry":{"type":"LineString","coordinates":[[-107.64791,40.09617],[-107.6457,40.09528],[-107.64351,40.09524]]}},{"type":"Feature","properties":{"huc8":"14050005","huc8Name":"Upper White","historic":"greenRiverBlue","current":"introduced","recovery":"recoveryWatch","lineageKey":"greenRiverBlue","lineageLabel":"Green River / blue-lineage CT","basin":"Upper White","note":"White River blue-lineage context","state":"CO","confidence":"HUC8 drainage context / generalized","geometryStatus":"natural_stream_detail_tile_from_full_interpreted_layer","troutSource":"HUC8 lineage assignment v1 / review needed","sourceName":"Allen Creek","name":"Allen Creek","source_id":"161834938","length_km":0.60172757,"FType":460,"FCode":46006,"atlas_class":"streamriver","display_name":"Allen Creek","stream_role":"natural_stream_detail_context","sourceLayer":"colorado_natural_stream_detail_tiles_v1","sourceLabel":"Colorado natural stream detail tiles v1","sensitivity":"generalized"},"geometry":{"type":"LineString","coordinates":[[-107.63581,40.09329],[-107.63277,40.09015],[-107.63111,40.08975]]}},{"type":"Feature","properties":{"huc8":"14050005","huc8Name":"Upper White","historic":"greenRiverBlue","current":"introduced","recovery":"recoveryWatch","lineageKey":"greenRiverBlue","lineageLabel":"Green River / blue-lineage CT","basin":"Upper White","note":"White River blue-lineage context","state":"CO","confidence":"HUC8 drainage context / generalized","geometryStatus":"natural_stream_detail_tile_from_full_interpreted_layer","troutSource":"HUC8 lineage assignment v1 / review needed","sourceName":"Cow Creek","name":"Cow Creek","source_id":"161835012","length_km":0.27259791,"FType":460,"FCode":46003,"atlas_class":"streamriver","display_name":"Cow Creek","stream_role":"natural_stream_detail_context","sourceLayer":"colorado_natural_stream_detail_tiles_v1","sourceLabel":"Colorado natural stream detail tiles v1","sensitivity":"generalized"},"geometry":{"type":"LineString","coordinates":[[-107.65391,40.07838],[-107.65088,40.07766]]}},{"type":"Feature","properties":{"huc8":"14050005","huc8Name":"Upper White","historic":"greenRiverBlue","current":"introduced","recovery":"recoveryWatch","lineageKey":"greenRiverBlue","lineageLabel":"Green River / blue-lineage CT","basin":"Upper White","note":"White River blue-lineage context","state":"CO","confidence":"HUC8 drainage context / generalized","geometryStatus":"natural_stream_detail_tile_from_full_interpreted_layer","troutSource":"HUC8 lineage assignment v1 / review needed","sourceName":"Big Beaver Creek","name":"Big Beaver Creek","source_id":"90419137","length_km":0.02929027,"FType":460,"FCode":46006,"atlas_class":"streamriver","display_name":"Big Beaver Creek","stream_role":"natural_stream_detail_context","sourceLayer":"colorado_natural_stream_detail_tiles_v1","sourceLabel":"Colorado natural stream detail tiles v1","sensitivity":"generalized"},"geometry":{"type":"LineString","coordinates":[[-107.60913,40.07711],[-107.6093,40.07688]]}},{"type":"Feature","properties":{"huc8":"14050005","huc8Name":"Upper White","historic":"greenRiverBlue","current":"introduced","recovery":"recoveryWatch","lineageKey":"greenRiverBlue","lineageLabel":"Green River / blue-lineage CT","basin":"Upper White","note":"White River blue-lineage context","state":"CO","confidence":"HUC8 drainage context / generalized","geometryStatus":"natural_stream_detail_tile_from_full_interpreted_layer","troutSource":"HUC8 lineage assignment v1 / review needed","sourceName":"Allen Creek","name":"Allen Creek","source_id":"161835418","length_km":0.04606676,"FType":460,"FCode":46006,"atlas_class":"streamriver","display_name":"Allen Creek","stream_role":"natural_stream_detail_context","sourceLayer":"colorado_natural_stream_detail_tiles_v1","sourceLabel":"Colorado natural stream detail tiles v1","sensitivity":"generalized"},"geometry":{"type":"LineString","coordinates":[[-107.61341,40.08453],[-107.6129,40.08442]]}},{"type":"Feature","properties":{"huc8":"14050005","huc8Name":"Upper White","historic":"greenRiverBlue","current":"introduced","recovery":"recoveryWatch","lineageKey":"greenRiverBlue","lineageLabel":"Green River / blue-lineage CT","basin":"Upper White","note":"White River blue-lineage context","state":"CO","confidence":"HUC8 drainage context / generalized","geometryStatus":"natural_stream_detail_tile_from_full_interpreted_layer","troutSource":"HUC8 lineage assignment v1 / review needed","sourceName":"Cow Creek","name":"Cow Creek","source_id":"90433955","length_km":2.15794768,"FType":460,"FCode":46006,"atlas_class":"streamriver","display_name":"Cow Creek","stream_role":"natural_stream_detail_context","sourceLayer":"colorado_natural_stream_detail_tiles_v1","sourceLabel":"Colorado natural stream detail tiles v1","sensitivity":"generalized"},"geometry":{"type":"LineString","coordinates":[[-107.64845,40.0772],[-107.64246,40.07667],[-107.64095,40.07446],[-107.63754,40.07223],[-107.63654,40.0701],[-107.63701,40.06849],[-107.63593,40.06543],[-107.63641,40.0643]]}},{"type":"Feature","properties":{"huc8":"14050005","huc8Name":"Upper White","historic":"greenRiverBlue","current":"introduced","recovery":"recoveryWatch","lineageKey":"greenRiverBlue","lineageLabel":"Green River / blue-lineage CT","basin":"Upper White","note":"White River blue-lineage context","state":"CO","confidence":"HUC8 drainage context / generalized","geometryStatus":"natural_stream_detail_tile_from_full_interpreted_layer","troutSource":"HUC8 lineage assignment v1 / review needed","sourceName":"Allen Creek","name":"Allen Creek","source_id":"161835000","length_km":0.26501065,"FType":460,"FCode":46006,"atlas_class":"streamriver","display_name":"Allen Creek","stream_role":"natural_stream_detail_context","sourceLayer":"colorado_natural_stream_detail_tiles_v1","sourceLabel":"Colorado natural stream detail tiles v1","sensitivity":"generalized"},"geometry":{"type":"LineString","coordinates":[[-107.63111,40.08975],[-107.62827,40.09061]]}},{"type":"Feature","properties":{"huc8":"14050005","huc8Name":"Upper White","historic":"greenRiverBlue","current":"introduced","recovery":"recoveryWatch","lineageKey":"greenRiverBlue","lineageLabel":"Green River / blue-lineage CT","basin":"Upper White","note":"White River blue-lineage context","state":"CO","confidence":"HUC8 drainage context / generalized","geometryStatus":"natural_stream_detail_tile_from_full_interpreted_layer","troutSource":"HUC8 lineage assignment v1 / review needed","sourceName":"Allen Creek","name":"Allen Creek","source_id":"161835014","length_km":0.05796772,"FType":460,"FCode":46003,"atlas_class":"streamriver","display_name":"Allen Creek","stream_role":"natural_stream_detail_context","sourceLayer":"colorado_natural_stream_detail_tiles_v1","sourceLabel":"Colorado natural stream detail tiles v1","sensitivity":"generalized"},"geometry":{"type":"LineString","coordinates":[[-107.64269,40.09525],[-107.64201,40.09531]]}},{"type":"Feature","properties":{"huc8":"14050005","huc8Name":"Upper White","historic":"greenRiverBlue","current":"introduced","recovery":"recoveryWatch","lineageKey":"greenRiverBlue","lineageLabel":"Green River / blue-lineage CT","basin":"Upper White","note":"White River blue-lineage context","state":"CO","confidence":"HUC8 drainage context / generalized","geometryStatus":"natural_stream_detail_tile_from_full_interpreted_layer","troutSource":"HUC8 lineage assignment v1 / review needed","sourceName":"Sawmill Creek","name":"Sawmill Creek","source_id":"90433925","length_km":0.22908013,"FType":460,"FCode":46006,"atlas_class":"streamriver","display_name":"Sawmill Creek","stream_role":"natural_stream_detail_context","sourceLayer":"colorado_natural_stream_detail_tiles_v1","sourceLabel":"Colorado natural stream detail tiles v1","sensitivity":"generalized"},"geometry":{"type":"LineString","coordinates":[[-107.69275,40.06902],[-107.69384,40.06831],[-107.69402,40.06743]]}},{"type":"Feature","properties":{"huc8":"14050005","huc8Name":"Upper White","historic":"greenRiverBlue","current":"introduced","recovery":"recoveryWatch","lineageKey":"greenRiverBlue","lineageLabel":"Green River / blue-lineage CT","basin":"Upper White","note":"White River blue-lineage context","state":"CO","confidence":"HUC8 drainage context / generalized","geometryStatus":"natural_stream_detail_tile_from_full_interpreted_layer","troutSource":"HUC8 lineage assignment v1 / review needed","sourceName":"Sawmill Creek","name":"Sawmill Creek","source_id":"90433919","length_km":0.00817924,"FType":460,"FCode":46006,"atlas_class":"streamriver","display_name":"Sawmill Creek","stream_role":"natural_stream_detail_context","sourceLayer":"colorado_natural_stream_detail_tiles_v1","sourceLabel":"Colorado natural stream detail tiles v1","sensitivity":"generalized"},"geometry":{"type":"LineString","coordinates":[[-107.69135,40.06897],[-107.69144,40.06896]]}},{"type":"Feature","properties":{"huc8":"14050005","huc8Name":"Upper White","historic":"greenRiverBlue","current":"introduced","recovery":"recoveryWatch","lineageKey":"greenRiverBlue","lineageLabel":"Green River / blue-lineage CT","basin":"Upper White","note":"White River blue-lineage context","state":"CO","confidence":"HUC8 drainage context / generalized","geometryStatus":"natural_stream_detail_tile_from_full_interpreted_layer","troutSource":"HUC8 lineage assignment v1 / review needed","sourceName":"Dickerville Creek","name":"Dickerville Creek","source_id":"90433905","length_km":0.18544224,"FType":460,"FCode":46006,"atlas_class":"streamriver","display_name":"Dickerville Creek","stream_role":"natural_stream_detail_context","sourceLayer":"colorado_natural_stream_detail_tiles_v1","sourceLabel":"Colorado natural stream detail tiles v1","sensitivity":"generalized"},"geometry":{"type":"LineString","coordinates":[[-107.72101,40.06997],[-107.7225,40.06893]]}},{"type":"Feature","properties":{"huc8":"14050005","huc8Name":"Upper White","historic":"greenRiverBlue","current":"introduced","recovery":"recoveryWatch","lineageKey":"greenRiverBlue","lineageLabel":"Green River / blue-lineage CT","basin":"Upper White","note":"White River blue-lineage context","state":"CO","confidence":"HUC8 drainage context / generalized","geometryStatus":"natural_stream_detail_tile_from_full_interpreted_layer","troutSource":"HUC8 lineage assignment v1 / review needed","sourceName":"Cottonwood Creek","name":"Cottonwood Creek","source_id":"90433861","length_km":0.67525304,"FType":460,"FCode":46003,"atlas_class":"streamriver","display_name":"Cottonwood Creek","stream_role":"natural_stream_detail_context","sourceLayer":"colorado_natural_stream_detail_tiles_v1","sourceLabel":"Colorado natural stream detail tiles v1","sensitivity":"generalized"},"geometry":{"type":"LineString","coordinates":[[-107.66815,40.08171],[-107.66568,40.08113],[-107.66188,40.07887]]}},{"type":"Feature","properties":{"huc8":"14050005","huc8Name":"Upper White","historic":"greenRiverBlue","current":"introduced","recovery":"recoveryWatch","lineageKey":"greenRiverBlue","lineageLabel":"Green River / blue-lineage CT","basin":"Upper White","note":"White River blue-lineage context","state":"CO","confidence":"HUC8 drainage context / generalized","geometryStatus":"natural_stream_detail_tile_from_full_interpreted_layer","troutSource":"HUC8 lineage assignment v1 / review needed","sourceName":"Dickerville Creek","name":"Dickerville Creek","source_id":"161834952","length_km":0.26195628,"FType":460,"FCode":46006,"atlas_class":"streamriver","display_name":"Dickerville Creek","stream_role":"natural_stream_detail_context","sourceLayer":"colorado_natural_stream_detail_tiles_v1","sourceLabel":"Colorado natural stream detail tiles v1","sensitivity":"generalized"},"geometry":{"type":"LineString","coordinates":[[-107.71788,40.07383],[-107.71872,40.07346],[-107.71914,40.07193]]}},{"type":"Feature","properties":{"huc8":"14050005","huc8Name":"Upper White","historic":"greenRiverBlue","current":"introduced","recovery":"recoveryWatch","lineageKey":"greenRiverBlue","lineageLabel":"Green River / blue-lineage CT","basin":"Upper White","note":"White River blue-lineage context","state":"CO","confidence":"HUC8 drainage context / generalized","geometryStatus":"natural_stream_detail_tile_from_full_interpreted_layer","troutSource":"HUC8 lineage assignment v1 / review needed","sourceName":"Sawmill Creek","name":"Sawmill Creek","source_id":"161835046","length_km":0.16918042,"FType":460,"FCode":46006,"atlas_class":"streamriver","display_name":"Sawmill Creek","stream_role":"natural_stream_detail_context","sourceLayer":"colorado_natural_stream_detail_tiles_v1","sourceLabel":"Colorado natural stream detail tiles v1","sensitivity":"generalized"},"geometry":{"type":"LineString","coordinates":[[-107.6852,40.07053],[-107.68691,40.06977]]}},{"type":"Feature","properties":{"huc8":"14050005","huc8Name":"Upper White","historic":"greenRiverBlue","current":"introduced","recovery":"recoveryWatch","lineageKey":"greenRiverBlue","lineageLabel":"Green River / blue-lineage CT","basin":"Upper White","note":"White River blue-lineage context","state":"CO","confidence":"HUC8 drainage context / generalized","geometryStatus":"natural_stream_detail_tile_from_full_interpreted_layer","troutSource":"HUC8 lineage assignment v1 / review needed","sourceName":"Dickerville Creek","name":"Dickerville Creek","source_id":"161835146","length_km":0.40031284,"FType":460,"FCode":46003,"atlas_class":"streamriver","display_name":"Dickerville Creek","stream_role":"natural_stream_detail_context","sourceLayer":"colorado_natural_stream_detail_tiles_v1","sourceLabel":"Colorado natural stream detail tiles v1","sensitivity":"generalized"},"geometry":{"type":"LineString","coordinates":[[-107.71608,40.08238],[-107.71532,40.08007],[-107.71578,40.07898]]}},{"type":"Feature","properties":{"huc8":"14050005","huc8Name":"Upper White","historic":"greenRiverBlue","current":"introduced","recovery":"recoveryWatch","lineageKey":"greenRiverBlue","lineageLabel":"Green River / blue-lineage CT","basin":"Upper White","note":"White River blue-lineage context","state":"CO","confidence":"HUC8 drainage context / generalized","geometryStatus":"natural_stream_detail_tile_from_full_interpreted_layer","troutSource":"HUC8 lineage assignment v1 / review needed","sourceName":"Dickerville Creek","name":"Dickerville Creek","source_id":"161835091","length_km":0.01173576,"FType":460,"FCode":46003,"atlas_class":"streamriver","display_name":"Dickerville Creek","stream_role":"natural_stream_detail_context","sourceLayer":"colorado_natural_stream_detail_tiles_v1","sourceLabel":"Colorado natural stream detail tiles v1","sensitivity":"generalized"},"geometry":{"type":"LineString","coordinates":[[-107.71578,40.07898],[-107.7158,40.07888]]}},{"type":"Feature","properties":{"huc8":"14050005","huc8Name":"Upper White","historic":"greenRiverBlue","current":"introduced","recovery":"recoveryWatch","lineageKey":"greenRiverBlue","lineageLabel":"Green River / blue-lineage CT","basin":"Upper White","note":"White River blue-lineage context","state":"CO","confidence":"HUC8 drainage context / generalized","geometryStatus":"natural_stream_detail_tile_from_full_interpreted_layer","troutSource":"HUC8 lineage assignment v1 / review needed","sourceName":"Sawmill Creek","name":"Sawmill Creek","source_id":"90433921","length_km":0.0050564,"FType":460,"FCode":46006,"atlas_class":"streamriver","display_name":"Sawmill Creek","stream_role":"natural_stream_detail_context","sourceLayer":"colorado_natural_stream_detail_tiles_v1","sourceLabel":"Colorado natural stream detail tiles v1","sensitivity":"generalized"},"geometry":{"type":"LineString","coordinates":[[-107.69155,40.06895],[-107.69161,40.06894]]}},{"type":"Feature","properties":{"huc8":"14050005","huc8Name":"Upper White","historic":"greenRiverBlue","current":"introduced","recovery":"recoveryWatch","lineageKey":"greenRiverBlue","lineageLabel":"Green River / blue-lineage CT","basin":"Upper White","note":"White River blue-lineage context","state":"CO","confidence":"HUC8 drainage context / generalized","geometryStatus":"natural_stream_detail_tile_from_full_interpreted_layer","troutSource":"HUC8 lineage assignment v1 / review needed","sourceName":"Sawmill Creek","name":"Sawmill Creek","source_id":"90433899","length_km":0.09146911,"FType":460,"FCode":46003,"atlas_class":"streamriver","display_name":"Sawmill Creek","stream_role":"natural_stream_detail_context","sourceLayer":"colorado_natural_stream_detail_tiles_v1","sourceLabel":"Colorado natural stream detail tiles v1","sensitivity":"generalized"},"geometry":{"type":"LineString","coordinates":[[-107.68374,40.07279],[-107.68382,40.072]]}},{"type":"Feature","properties":{"huc8":"14050005","huc8Name":"Upper White","historic":"greenRiverBlue","current":"introduced","recovery":"recoveryWatch","lineageKey":"greenRiverBlue","lineageLabel":"Green River / blue-lineage CT","basin":"Upper White","note":"White River blue-lineage context","state":"CO","confidence":"HUC8 drainage context / generalized","geometryStatus":"natural_stream_detail_tile_from_full_interpreted_layer","troutSource":"HUC8 lineage assignment v1 / review needed","sourceName":"Sawmill Creek","name":"Sawmill Creek","source_id":"90433931","length_km":0.08848249,"FType":460,"FCode":46006,"atlas_class":"streamriver","display_name":"Sawmill Creek","stream_role":"natural_stream_detail_context","sourceLayer":"colorado_natural_stream_detail_tiles_v1","sourceLabel":"Colorado natural stream detail tiles v1","sensitivity":"generalized"},"geometry":{"type":"LineString","coordinates":[[-107.69398,40.06724],[-107.69435,40.06652]]}},{"type":"Feature","properties":{"huc8":"14050005","huc8Name":"Upper White","historic":"greenRiverBlue","current":"introduced","recovery":"recoveryWatch","lineageKey":"greenRiverBlue","lineageLabel":"Green River / blue-lineage CT","basin":"Upper White","note":"White River blue-lineage context","state":"CO","confidence":"HUC8 drainage context / generalized","geometryStatus":"natural_stream_detail_tile_from_full_interpreted_layer","troutSource":"HUC8 lineage assignment v1 / review needed","sourceName":"Sawmill Creek","name":"Sawmill Creek","source_id":"161835047","length_km":0.10437668,"FType":460,"FCode":46006,"atlas_class":"streamriver","display_name":"Sawmill Creek","stream_role":"natural_stream_detail_context","sourceLayer":"colorado_natural_stream_detail_tiles_v1","sourceLabel":"Colorado natural stream detail tiles v1","sensitivity":"generalized"},"geometry":{"type":"LineString","coordinates":[[-107.68691,40.06977],[-107.68797,40.06931]]}},{"type":"Feature","properties":{"huc8":"14050005","huc8Name":"Upper White","historic":"greenRiverBlue","current":"introduced","recovery":"recoveryWatch","lineageKey":"greenRiverBlue","lineageLabel":"Green River / blue-lineage CT","basin":"Upper White","note":"White River blue-lineage context","state":"CO","confidence":"HUC8 drainage context / generalized","geometryStatus":"natural_stream_detail_tile_from_full_interpreted_layer","troutSource":"HUC8 lineage assignment v1 / review needed","sourceName":"Sawmill Creek","name":"Sawmill Creek","source_id":"90433891","length_km":0.53174291,"FType":460,"FCode":46003,"atlas_class":"streamriver","display_name":"Sawmill Creek","stream_role":"natural_stream_detail_context","sourceLayer":"colorado_natural_stream_detail_tiles_v1","sourceLabel":"Colorado natural stream detail tiles v1","sensitivity":"generalized"},"geometry":{"type":"LineString","coordinates":[[-107.68568,40.07726],[-107.68374,40.07279]]}},{"type":"Feature","properties":{"huc8":"14050005","huc8Name":"Upper White","historic":"greenRiverBlue","current":"introduced","recovery":"recoveryWatch","lineageKey":"greenRiverBlue","lineageLabel":"Green River / blue-lineage CT","basin":"Upper White","note":"White River blue-lineage context","state":"CO","confidence":"HUC8 drainage context / generalized","geometryStatus":"natural_stream_detail_tile_from_full_interpreted_layer","troutSource":"HUC8 lineage assignment v1 / review needed","sourceName":"Sawmill Creek","name":"Sawmill Creek","source_id":"90433923","length_km":0.06379785,"FType":460,"FCode":46006,"atlas_class":"streamriver","display_name":"Sawmill Creek","stream_role":"natural_stream_detail_context","sourceLayer":"colorado_natural_stream_detail_tiles_v1","sourceLabel":"Colorado natural stream detail tiles v1","sensitivity":"generalized"},"geometry":{"type":"LineString","coordinates":[[-107.6918,40.06892],[-107.69247,40.06905]]}},{"type":"Feature","properties":{"huc8":"14050005","huc8Name":"Upper White","historic":"greenRiverBlue","current":"introduced","recovery":"recoveryWatch","lineageKey":"greenRiverBlue","lineageLabel":"Green River / blue-lineage CT","basin":"Upper White","note":"White River blue-lineage context","state":"CO","confidence":"HUC8 drainage context / generalized","geometryStatus":"natural_stream_detail_tile_from_full_interpreted_layer","troutSource":"HUC8 lineage assignment v1 / review needed","sourceName":"Allen Creek","name":"Allen Creek","source_id":"161835118","length_km":0.21188124,"FType":460,"FCode":46003,"atlas_class":"streamriver","display_name":"Allen Creek","stream_role":"natural_stream_detail_context","sourceLayer":"colorado_natural_stream_detail_tiles_v1","sourceLabel":"Colorado natural stream detail tiles v1","sensitivity":"generalized"},"geometry":{"type":"LineString","coordinates":[[-107.65174,40.0943],[-107.64988,40.09541]]}},{"type":"Feature","properties":{"huc8":"14050005","huc8Name":"Upper White","historic":"greenRiverBlue","current":"introduced","recovery":"recoveryWatch","lineageKey":"greenRiverBlue","lineageLabel":"Green River / blue-lineage CT","basin":"Upper White","note":"White River blue-lineage context","state":"CO","confidence":"HUC8 drainage context / generalized","geometryStatus":"natural_stream_detail_tile_from_full_interpreted_layer","troutSource":"HUC8 lineage assignment v1 / review needed","sourceName":"Cottonwood Creek","name":"Cottonwood Creek","source_id":"161838098","length_km":0.23702082,"FType":460,"FCode":46003,"atlas_class":"streamriver","display_name":"Cottonwood Creek","stream_role":"natural_stream_detail_context","sourceLayer":"colorado_natural_stream_detail_tiles_v1","sourceLabel":"Colorado natural stream detail tiles v1","sensitivity":"generalized"},"geometry":{"type":"LineString","coordinates":[[-107.66024,40.06336],[-107.66136,40.06144]]}},{"type":"Feature","properties":{"huc8":"14050005","huc8Name":"Upper White","historic":"greenRiverBlue","current":"introduced","recovery":"recoveryWatch","lineageKey":"greenRiverBlue","lineageLabel":"Green River / blue-lineage CT","basin":"Upper White","note":"White River blue-lineage context","state":"CO","confidence":"HUC8 drainage context / generalized","geometryStatus":"natural_stream_detail_tile_from_full_interpreted_layer","troutSource":"HUC8 lineage assignment v1 / review needed","sourceName":"Cottonwood Creek","name":"Cottonwood Creek","source_id":"90433889","length_km":0.64140435,"FType":460,"FCode":46003,"atlas_class":"streamriver","display_name":"Cottonwood Creek","stream_role":"natural_stream_detail_context","sourceLayer":"colorado_natural_stream_detail_tiles_v1","sourceLabel":"Colorado natural stream detail tiles v1","sensitivity":"generalized"},"geometry":{"type":"LineString","coordinates":[[-107.66192,40.0778],[-107.66184,40.07561],[-107.65783,40.07422]]}},{"type":"Feature","properties":{"huc8":"14050005","huc8Name":"Upper White","historic":"greenRiverBlue","current":"introduced","recovery":"recoveryWatch","lineageKey":"greenRiverBlue","lineageLabel":"Green River / blue-lineage CT","basin":"Upper White","note":"White River blue-lineage context","state":"CO","confidence":"HUC8 drainage context / generalized","geometryStatus":"natural_stream_detail_tile_from_full_interpreted_layer","troutSource":"HUC8 lineage assignment v1 / review needed","sourceName":"Cow Creek","name":"Cow Creek","source_id":"161838151","length_km":0.53345495,"FType":460,"FCode":46006,"atlas_class":"streamriver","display_name":"Cow Creek","stream_role":"natural_stream_detail_context","sourceLayer":"colorado_natural_stream_detail_tiles_v1","sourceLabel":"Colorado natural stream detail tiles v1","sensitivity":"generalized"},"geometry":{"type":"LineString","coordinates":[[-107.63641,40.0643],[-107.63752,40.06144],[-107.63878,40.06]]}},{"type":"Feature","properties":{"huc8":"14050005","huc8Name":"Upper White","historic":"greenRiverBlue","current":"introduced","recovery":"recoveryWatch","lineageKey":"greenRiverBlue","lineageLabel":"Green River / blue-lineage CT","basin":"Upper White","note":"White River blue-lineage context","state":"CO","confidence":"HUC8 drainage context / generalized","geometryStatus":"natural_stream_detail_tile_from_full_interpreted_layer","troutSource":"HUC8 lineage assignment v1 / review needed","sourceName":"Allen Creek","name":"Allen Creek","source_id":"161835023","length_km":0.20654645,"FType":460,"FCode":46006,"atlas_class":"streamriver","display_name":"Allen Creek","stream_role":"natural_stream_detail_context","sourceLayer":"colorado_natural_stream_detail_tiles_v1","sourceLabel":"Colorado natural stream detail tiles v1","sensitivity":"generalized"},"geometry":{"type":"LineString","coordinates":[[-107.63763,40.09444],[-107.63581,40.09329]]}},{"type":"Feature","properties":{"huc8":"14050005","huc8Name":"Upper White","historic":"greenRiverBlue","current":"introduced","recovery":"recoveryWatch","lineageKey":"greenRiverBlue","lineageLabel":"Green River / blue-lineage CT","basin":"Upper White","note":"White River blue-lineage context","state":"CO","confidence":"HUC8 drainage context / generalized","geometryStatus":"natural_stream_detail_tile_from_full_interpreted_layer","troutSource":"HUC8 lineage assignment v1 / review needed","sourceName":"Cottonwood Creek","name":"Cottonwood Creek","source_id":"161835179","length_km":0.08396023,"FType":460,"FCode":46003,"atlas_class":"streamriver","display_name":"Cottonwood Creek","stream_role":"natural_stream_detail_context","sourceLayer":"colorado_natural_stream_detail_tiles_v1","sourceLabel":"Colorado natural stream detail tiles v1","sensitivity":"generalized"},"geometry":{"type":"LineString","coordinates":[[-107.65864,40.06971],[-107.65895,40.06905]]}},{"type":"Feature","properties":{"huc8":"14050005","huc8Name":"Upper White","historic":"greenRiverBlue","current":"introduced","recovery":"recoveryWatch","lineageKey":"greenRiverBlue","lineageLabel":"Green River / blue-lineage CT","basin":"Upper White","note":"White River blue-lineage context","state":"CO","confidence":"HUC8 drainage context / generalized","geometryStatus":"natural_stream_detail_tile_from_full_interpreted_layer","troutSource":"HUC8 lineage assignment v1 / review needed","sourceName":"Dickerville Creek","name":"Dickerville Creek","source_id":"161835010","length_km":0.09191655,"FType":460,"FCode":46006,"atlas_class":"streamriver","display_name":"Dickerville Creek","stream_role":"natural_stream_detail_context","sourceLayer":"colorado_natural_stream_detail_tiles_v1","sourceLabel":"Colorado natural stream detail tiles v1","sensitivity":"generalized"},"geometry":{"type":"LineString","coordinates":[[-107.71914,40.07193],[-107.71932,40.07113]]}},{"type":"Feature","properties":{"huc8":"14050005","huc8Name":"Upper White","historic":"greenRiverBlue","current":"introduced","recovery":"recoveryWatch","lineageKey":"greenRiverBlue","lineageLabel":"Green River / blue-lineage CT","basin":"Upper White","note":"White River blue-lineage context","state":"CO","confidence":"HUC8 drainage context / generalized","geometryStatus":"natural_stream_detail_tile_from_full_interpreted_layer","troutSource":"HUC8 lineage assignment v1 / review needed","sourceName":"Sawmill Creek","name":"Sawmill Creek","source_id":"90433939","length_km":0.09055136,"FType":460,"FCode":46006,"atlas_class":"streamriver","display_name":"Sawmill Creek","stream_role":"natural_stream_detail_context","sourceLayer":"colorado_natural_stream_detail_tiles_v1","sourceLabel":"Colorado natural stream detail tiles v1","sensitivity":"generalized"},"geometry":{"type":"LineString","coordinates":[[-107.69444,40.06636],[-107.6953,40.06599]]}},{"type":"Feature","properties":{"huc8":"14050005","huc8Name":"Upper White","historic":"greenRiverBlue","current":"introduced","recovery":"recoveryWatch","lineageKey":"greenRiverBlue","lineageLabel":"Green River / blue-lineage CT","basin":"Upper White","note":"White River blue-lineage context","state":"CO","confidence":"HUC8 drainage context / generalized","geometryStatus":"natural_stream_detail_tile_from_full_interpreted_layer","troutSource":"HUC8 lineage assignment v1 / review needed","sourceName":"Sawmill Creek","name":"Sawmill Creek","source_id":"90433915","length_km":0.08800161,"FType":460,"FCode":46006,"atlas_class":"streamriver","display_name":"Sawmill Creek","stream_role":"natural_stream_detail_context","sourceLayer":"colorado_natural_stream_detail_tiles_v1","sourceLabel":"Colorado natural stream detail tiles v1","sensitivity":"generalized"},"geometry":{"type":"LineString","coordinates":[[-107.69023,40.06918],[-107.69123,40.069]]}},{"type":"Feature","properties":{"huc8":"14050005","huc8Name":"Upper White","historic":"greenRiverBlue","current":"introduced","recovery":"recoveryWatch","lineageKey":"greenRiverBlue","lineageLabel":"Green River / blue-lineage CT","basin":"Upper White","note":"White River blue-lineage context","state":"CO","confidence":"HUC8 drainage context / generalized","geometryStatus":"natural_stream_detail_tile_from_full_interpreted_layer","troutSource":"HUC8 lineage assignment v1 / review needed","sourceName":"Dickerville Creek","name":"Dickerville Creek","source_id":"161834964","length_km":0.23027957,"FType":460,"FCode":46003,"atlas_class":"streamriver","display_name":"Dickerville Creek","stream_role":"natural_stream_detail_context","sourceLayer":"colorado_natural_stream_detail_tiles_v1","sourceLabel":"Colorado natural stream detail tiles v1","sensitivity":"generalized"},"geometry":{"type":"LineString","coordinates":[[-107.70872,40.09685],[-107.71103,40.09636]]}},{"type":"Feature","properties":{"huc8":"14050005","huc8Name":"Upper White","historic":"greenRiverBlue","current":"introduced","recovery":"recoveryWatch","lineageKey":"greenRiverBlue","lineageLabel":"Green River / blue-lineage CT","basin":"Upper White","note":"White River blue-lineage context","state":"CO","confidence":"HUC8 drainage context / generalized","geometryStatus":"natural_stream_detail_tile_from_full_interpreted_layer","troutSource":"HUC8 lineage assignment v1 / review needed","sourceName":"Sawmill Creek","name":"Sawmill Creek","source_id":"161837990","length_km":0.33559117,"FType":460,"FCode":46006,"atlas_class":"streamriver","display_name":"Sawmill Creek","stream_role":"natural_stream_detail_context","sourceLayer":"colorado_natural_stream_detail_tiles_v1","sourceLabel":"Colorado natural stream detail tiles v1","sensitivity":"generalized"},"geometry":{"type":"LineString","coordinates":[[-107.69373,40.05518],[-107.69416,40.05354],[-107.69338,40.05267]]}},{"type":"Feature","properties":{"huc8":"14050005","huc8Name":"Upper White","historic":"greenRiverBlue","current":"introduced","recovery":"recoveryWatch","lineageKey":"greenRiverBlue","lineageLabel":"Green River / blue-lineage CT","basin":"Upper White","note":"White River blue-lineage context","state":"CO","confidence":"HUC8 drainage context / generalized","geometryStatus":"natural_stream_detail_tile_from_full_interpreted_layer","troutSource":"HUC8 lineage assignment v1 / review needed","sourceName":"Sawmill Creek","name":"Sawmill Creek","source_id":"161834989","length_km":0.13870929,"FType":460,"FCode":46006,"atlas_class":"streamriver","display_name":"Sawmill Creek","stream_role":"natural_stream_detail_context","sourceLayer":"colorado_natural_stream_detail_tiles_v1","sourceLabel":"Colorado natural stream detail tiles v1","sensitivity":"generalized"},"geometry":{"type":"LineString","coordinates":[[-107.68414,40.07147],[-107.6852,40.07053]]}},{"type":"Feature","properties":{"huc8":"14050005","huc8Name":"Upper White","historic":"greenRiverBlue","current":"introduced","recovery":"recoveryWatch","lineageKey":"greenRiverBlue","lineageLabel":"Green River / blue-lineage CT","basin":"Upper White","note":"White River blue-lineage context","state":"CO","confidence":"HUC8 drainage context / generalized","geometryStatus":"natural_stream_detail_tile_from_full_interpreted_layer","troutSource":"HUC8 lineage assignment v1 / review needed","sourceName":"Dickerville Creek","name":"Dickerville Creek","source_id":"90433885","length_km":0.40364723,"FType":460,"FCode":46006,"atlas_class":"streamriver","display_name":"Dickerville Creek","stream_role":"natural_stream_detail_context","sourceLayer":"colorado_natural_stream_detail_tiles_v1","sourceLabel":"Colorado natural stream detail tiles v1","sensitivity":"generalized"},"geometry":{"type":"LineString","coordinates":[[-107.71637,40.07705],[-107.71745,40.07575],[-107.71788,40.07383]]}},{"type":"Feature","properties":{"huc8":"14050005","huc8Name":"Upper White","historic":"greenRiverBlue","current":"introduced","recovery":"recoveryWatch","lineageKey":"greenRiverBlue","lineageLabel":"Green River / blue-lineage CT","basin":"Upper White","note":"White River blue-lineage context","state":"CO","confidence":"HUC8 drainage context / generalized","geometryStatus":"natural_stream_detail_tile_from_full_interpreted_layer","troutSource":"HUC8 lineage assignment v1 / review needed","sourceName":"Dickerville Creek","name":"Dickerville Creek","source_id":"161834944","length_km":0.35058944,"FType":460,"FCode":46003,"atlas_class":"streamriver","display_name":"Dickerville Creek","stream_role":"natural_stream_detail_context","sourceLayer":"colorado_natural_stream_detail_tiles_v1","sourceLabel":"Colorado natural stream detail tiles v1","sensitivity":"generalized"},"geometry":{"type":"LineString","coordinates":[[-107.71728,40.09235],[-107.7162,40.08943]]}},{"type":"Feature","properties":{"huc8":"14050005","huc8Name":"Upper White","historic":"greenRiverBlue","current":"introduced","recovery":"recoveryWatch","lineageKey":"greenRiverBlue","lineageLabel":"Green River / blue-lineage CT","basin":"Upper White","note":"White River blue-lineage context","state":"CO","confidence":"HUC8 drainage context / generalized","geometryStatus":"natural_stream_detail_tile_from_full_interpreted_layer","troutSource":"HUC8 lineage assignment v1 / review needed","sourceName":"Cherry Creek","name":"Cherry Creek","source_id":"161838123","length_km":0.08521631,"FType":460,"FCode":46003,"atlas_class":"streamriver","display_name":"Cherry Creek","stream_role":"natural_stream_detail_context","sourceLayer":"colorado_natural_stream_detail_tiles_v1","sourceLabel":"Colorado natural stream detail tiles v1","sensitivity":"generalized"},"geometry":{"type":"LineString","coordinates":[[-107.6759,40.05546],[-107.67659,40.05491]]}},{"type":"Feature","properties":{"huc8":"14050005","huc8Name":"Upper White","historic":"greenRiverBlue","current":"introduced","recovery":"recoveryWatch","lineageKey":"greenRiverBlue","lineageLabel":"Green River / blue-lineage CT","basin":"Upper White","note":"White River blue-lineage context","state":"CO","confidence":"HUC8 drainage context / generalized","geometryStatus":"natural_stream_detail_tile_from_full_interpreted_layer","troutSource":"HUC8 lineage assignment v1 / review needed","sourceName":"Sawmill Creek","name":"Sawmill Creek","source_id":"90433871","length_km":0.46133444,"FType":460,"FCode":46003,"atlas_class":"streamriver","display_name":"Sawmill Creek","stream_role":"natural_stream_detail_context","sourceLayer":"colorado_natural_stream_detail_tiles_v1","sourceLabel":"Colorado natural stream detail tiles v1","sensitivity":"generalized"},"geometry":{"type":"LineString","coordinates":[[-107.68634,40.08124],[-107.68568,40.07726]]}},{"type":"Feature","properties":{"huc8":"14050005","huc8Name":"Upper White","historic":"greenRiverBlue","current":"introduced","recovery":"recoveryWatch","lineageKey":"greenRiverBlue","lineageLabel":"Green River / blue-lineage CT","basin":"Upper White","note":"White River blue-lineage context","state":"CO","confidence":"HUC8 drainage context / generalized","geometryStatus":"natural_stream_detail_tile_from_full_interpreted_layer","troutSource":"HUC8 lineage assignment v1 / review needed","sourceName":"Dickerville Creek","name":"Dickerville Creek","source_id":"161834974","length_km":0.12996823,"FType":460,"FCode":46003,"atlas_class":"streamriver","display_name":"Dickerville Creek","stream_role":"natural_stream_detail_context","sourceLayer":"colorado_natural_stream_detail_tiles_v1","sourceLabel":"Colorado natural stream detail tiles v1","sensitivity":"generalized"},"geometry":{"type":"LineString","coordinates":[[-107.70805,40.09787],[-107.70872,40.09685]]}},{"type":"Feature","properties":{"huc8":"14050005","huc8Name":"Upper White","historic":"greenRiverBlue","current":"introduced","recovery":"recoveryWatch","lineageKey":"greenRiverBlue","lineageLabel":"Green River / blue-lineage CT","basin":"Upper White","note":"White River blue-lineage context","state":"CO","confidence":"HUC8 drainage context / generalized","geometryStatus":"natural_stream_detail_tile_from_full_interpreted_layer","troutSource":"HUC8 lineage assignment v1 / review needed","sourceName":"Dickerville Creek","name":"Dickerville Creek","source_id":"90433771","length_km":0.74297451,"FType":460,"FCode":46003,"atlas_class":"streamriver","display_name":"Dickerville Creek","stream_role":"natural_stream_detail_context","sourceLayer":"colorado_natural_stream_detail_tiles_v1","sourceLabel":"Colorado natural stream detail tiles v1","sensitivity":"generalized"},"geometry":{"type":"LineString","coordinates":[[-107.71165,40.09621],[-107.71394,40.09641],[-107.7159,40.09492],[-107.71727,40.09247]]}},{"type":"Feature","properties":{"huc8":"14050005","huc8Name":"Upper White","historic":"greenRiverBlue","current":"introduced","recovery":"recoveryWatch","lineageKey":"greenRiverBlue","lineageLabel":"Green River / blue-lineage CT","basin":"Upper White","note":"White River blue-lineage context","state":"CO","confidence":"HUC8 drainage context / generalized","geometryStatus":"natural_stream_detail_tile_from_full_interpreted_layer","troutSource":"HUC8 lineage assignment v1 / review needed","sourceName":"Dickerville Creek","name":"Dickerville Creek","source_id":"90433835","length_km":0.19469821,"FType":460,"FCode":46003,"atlas_class":"streamriver","display_name":"Dickerville Creek","stream_role":"natural_stream_detail_context","sourceLayer":"colorado_natural_stream_detail_tiles_v1","sourceLabel":"Colorado natural stream detail tiles v1","sensitivity":"generalized"},"geometry":{"type":"LineString","coordinates":[[-107.71471,40.08586],[-107.71575,40.08435]]}},{"type":"Feature","properties":{"huc8":"14050005","huc8Name":"Upper White","historic":"greenRiverBlue","current":"introduced","recovery":"recoveryWatch","lineageKey":"greenRiverBlue","lineageLabel":"Green River / blue-lineage CT","basin":"Upper White","note":"White River blue-lineage context","state":"CO","confidence":"HUC8 drainage context / generalized","geometryStatus":"natural_stream_detail_tile_from_full_interpreted_layer","troutSource":"HUC8 lineage assignment v1 / review needed","sourceName":"Sawmill Creek","name":"Sawmill Creek","source_id":"90433913","length_km":0.03531805,"FType":460,"FCode":46006,"atlas_class":"streamriver","display_name":"Sawmill Creek","stream_role":"natural_stream_detail_context","sourceLayer":"colorado_natural_stream_detail_tiles_v1","sourceLabel":"Colorado natural stream detail tiles v1","sensitivity":"generalized"},"geometry":{"type":"LineString","coordinates":[[-107.68797,40.06931],[-107.68836,40.0692]]}},{"type":"Feature","properties":{"huc8":"14050005","huc8Name":"Upper White","historic":"greenRiverBlue","current":"introduced","recovery":"recoveryWatch","lineageKey":"greenRiverBlue","lineageLabel":"Green River / blue-lineage CT","basin":"Upper White","note":"White River blue-lineage context","state":"CO","confidence":"HUC8 drainage context / generalized","geometryStatus":"natural_stream_detail_tile_from_full_interpreted_layer","troutSource":"HUC8 lineage assignment v1 / review needed","sourceName":"Dickerville Creek","name":"Dickerville Creek","source_id":"161835145","length_km":0.17312672,"FType":460,"FCode":46003,"atlas_class":"streamriver","display_name":"Dickerville Creek","stream_role":"natural_stream_detail_context","sourceLayer":"colorado_natural_stream_detail_tiles_v1","sourceLabel":"Colorado natural stream detail tiles v1","sensitivity":"generalized"},"geometry":{"type":"LineString","coordinates":[[-107.71597,40.08392],[-107.71608,40.08238]]}},{"type":"Feature","properties":{"huc8":"14050005","huc8Name":"Upper White","historic":"greenRiverBlue","current":"introduced","recovery":"recoveryWatch","lineageKey":"greenRiverBlue","lineageLabel":"Green River / blue-lineage CT","basin":"Upper White","note":"White River blue-lineage context","state":"CO","confidence":"HUC8 drainage context / generalized","geometryStatus":"natural_stream_detail_tile_from_full_interpreted_layer","troutSource":"HUC8 lineage assignment v1 / review needed","sourceName":"Sawmill Creek","name":"Sawmill Creek","source_id":"90433943","length_km":0.18333831,"FType":460,"FCode":46006,"atlas_class":"streamriver","display_name":"Sawmill Creek","stream_role":"natural_stream_detail_context","sourceLayer":"colorado_natural_stream_detail_tiles_v1","sourceLabel":"Colorado natural stream detail tiles v1","sensitivity":"generalized"},"geometry":{"type":"LineString","coordinates":[[-107.69543,40.06598],[-107.69662,40.06473]]}},{"type":"Feature","properties":{"huc8":"14050005","huc8Name":"Upper White","historic":"greenRiverBlue","current":"introduced","recovery":"recoveryWatch","lineageKey":"greenRiverBlue","lineageLabel":"Green River / blue-lineage CT","basin":"Upper White","note":"White River blue-lineage context","state":"CO","confidence":"HUC8 drainage context / generalized","geometryStatus":"natural_stream_detail_tile_from_full_interpreted_layer","troutSource":"HUC8 lineage assignment v1 / review needed","sourceName":"Dickerville Creek","name":"Dickerville Creek","source_id":"161835011","length_km":0.18893448,"FType":460,"FCode":46006,"atlas_class":"streamriver","display_name":"Dickerville Creek","stream_role":"natural_stream_detail_context","sourceLayer":"colorado_natural_stream_detail_tiles_v1","sourceLabel":"Colorado natural stream detail tiles v1","sensitivity":"generalized"},"geometry":{"type":"LineString","coordinates":[[-107.71932,40.07113],[-107.72047,40.07018]]}},{"type":"Feature","properties":{"huc8":"14050005","huc8Name":"Upper White","historic":"greenRiverBlue","current":"introduced","recovery":"recoveryWatch","lineageKey":"greenRiverBlue","lineageLabel":"Green River / blue-lineage CT","basin":"Upper White","note":"White River blue-lineage context","state":"CO","confidence":"HUC8 drainage context / generalized","geometryStatus":"natural_stream_detail_tile_from_full_interpreted_layer","troutSource":"HUC8 lineage assignment v1 / review needed","sourceName":"Dickerville Creek","name":"Dickerville Creek","source_id":"90433863","length_km":0.1831704,"FType":460,"FCode":46006,"atlas_class":"streamriver","display_name":"Dickerville Creek","stream_role":"natural_stream_detail_context","sourceLayer":"colorado_natural_stream_detail_tiles_v1","sourceLabel":"Colorado natural stream detail tiles v1","sensitivity":"generalized"},"geometry":{"type":"LineString","coordinates":[[-107.7158,40.07888],[-107.71628,40.07729]]}},{"type":"Feature","properties":{"huc8":"14050005","huc8Name":"Upper White","historic":"greenRiverBlue","current":"introduced","recovery":"recoveryWatch","lineageKey":"greenRiverBlue","lineageLabel":"Green River / blue-lineage CT","basin":"Upper White","note":"White River blue-lineage context","state":"CO","confidence":"HUC8 drainage context / generalized","geometryStatus":"natural_stream_detail_tile_from_full_interpreted_layer","troutSource":"HUC8 lineage assignment v1 / review needed","sourceName":"Sawmill Creek","name":"Sawmill Creek","source_id":"90433917","length_km":0.13922509,"FType":460,"FCode":46006,"atlas_class":"streamriver","display_name":"Sawmill Creek","stream_role":"natural_stream_detail_context","sourceLayer":"colorado_natural_stream_detail_tiles_v1","sourceLabel":"Colorado natural stream detail tiles v1","sensitivity":"generalized"},"geometry":{"type":"LineString","coordinates":[[-107.68855,40.06914],[-107.69011,40.06918]]}},{"type":"Feature","properties":{"huc8":"14050005","huc8Name":"Upper White","historic":"greenRiverBlue","current":"introduced","recovery":"recoveryWatch","lineageKey":"greenRiverBlue","lineageLabel":"Green River / blue-lineage CT","basin":"Upper White","note":"White River blue-lineage context","state":"CO","confidence":"HUC8 drainage context / generalized","geometryStatus":"natural_stream_detail_tile_from_full_interpreted_layer","troutSource":"HUC8 lineage assignment v1 / review needed","sourceName":"Lone Tree Creek","name":"Lone Tree Creek","source_id":"90429621","length_km":0.98887676,"FType":460,"FCode":46003,"atlas_class":"streamriver","display_name":"Lone Tree Creek","stream_role":"natural_stream_detail_context","sourceLayer":"colorado_natural_stream_detail_tiles_v1","sourceLabel":"Colorado natural stream detail tiles v1","sensitivity":"generalized"},"geometry":{"type":"LineString","coordinates":[[-107.79277,40.01476],[-107.79923,40.01991],[-107.80083,40.02003]]}},{"type":"Feature","properties":{"huc8":"14050005","huc8Name":"Upper White","historic":"greenRiverBlue","current":"introduced","recovery":"recoveryWatch","lineageKey":"greenRiverBlue","lineageLabel":"Green River / blue-lineage CT","basin":"Upper White","note":"White River blue-lineage context","state":"CO","confidence":"HUC8 drainage context / generalized","geometryStatus":"natural_stream_detail_tile_from_full_interpreted_layer","troutSource":"HUC8 lineage assignment v1 / review needed","sourceName":"Little Beaver Creek","name":"Little Beaver Creek","source_id":"161838305","length_km":3.36750221,"FType":460,"FCode":46006,"atlas_class":"streamriver","display_name":"Little Beaver Creek","stream_role":"natural_stream_detail_context","sourceLayer":"colorado_natural_stream_detail_tiles_v1","sourceLabel":"Colorado natural stream detail tiles v1","sensitivity":"generalized"},"geometry":{"type":"LineString","coordinates":[[-107.79029,40.03598],[-107.79354,40.03496],[-107.79613,40.03595],[-107.79837,40.03583],[-107.7999,40.03388],[-107.79877,40.03246],[-107.79971,40.03207],[-107.79964,40.03105],[-107.8007,40.02973],[-107.80126,40.03001],[-107.80171,40.02906],[-107.80291,40.02927],[-107.80765,40.02738],[-107.80911,40.02831],[-107.80958,40.02762],[-107.81024,40.02809],[-107.81043,40.02688],[-107.81187,40.02567]]}},{"type":"Feature","properties":{"huc8":"14050005","huc8Name":"Upper White","historic":"greenRiverBlue","current":"introduced","recovery":"recoveryWatch","lineageKey":"greenRiverBlue","lineageLabel":"Green River / blue-lineage CT","basin":"Upper White","note":"White River blue-lineage context","state":"CO","confidence":"HUC8 drainage context / generalized","geometryStatus":"natural_stream_detail_tile_from_full_interpreted_layer","troutSource":"HUC8 lineage assignment v1 / review needed","sourceName":"Coal Creek","name":"Coal Creek","source_id":"90429405","length_km":2.09458703,"FType":460,"FCode":46006,"atlas_class":"streamriver","display_name":"Coal Creek","stream_role":"natural_stream_detail_context","sourceLayer":"colorado_natural_stream_detail_tiles_v1","sourceLabel":"Colorado natural stream detail tiles v1","sensitivity":"generalized"},"geometry":{"type":"LineString","coordinates":[[-107.79399,40.05249],[-107.79386,40.05203],[-107.79459,40.05182],[-107.7939,40.05122],[-107.7946,40.05075],[-107.7947,40.0498],[-107.79619,40.04974],[-107.79584,40.04881],[-107.7978,40.04738],[-107.79728,40.04651],[-107.79836,40.0457],[-107.79859,40.04463],[-107.79806,40.04394],[-107.79881,40.04354],[-107.79837,40.04277],[-107.79893,40.04261],[-107.79864,40.04206],[-107.79941,40.04228]]}},{"type":"Feature","properties":{"huc8":"14050005","huc8Name":"Upper White","historic":"greenRiverBlue","current":"introduced","recovery":"recoveryWatch","lineageKey":"greenRiverBlue","lineageLabel":"Green River / blue-lineage CT","basin":"Upper White","note":"White River blue-lineage context","state":"CO","confidence":"HUC8 drainage context / generalized","geometryStatus":"natural_stream_detail_tile_from_full_interpreted_layer","troutSource":"HUC8 lineage assignment v1 / review needed","sourceName":"Lone Tree Creek","name":"Lone Tree Creek","source_id":"90429721","length_km":1.81443811,"FType":460,"FCode":46003,"atlas_class":"streamriver","display_name":"Lone Tree Creek","stream_role":"natural_stream_detail_context","sourceLayer":"colorado_natural_stream_detail_tiles_v1","sourceLabel":"Colorado natural stream detail tiles v1","sensitivity":"generalized"},"geometry":{"type":"LineString","coordinates":[[-107.80101,39.99443],[-107.79859,39.99732],[-107.79501,39.99992],[-107.79356,40.00218],[-107.79382,40.00516],[-107.7924,40.0081]]}},{"type":"Feature","properties":{"huc8":"14050005","huc8Name":"Upper White","historic":"greenRiverBlue","current":"introduced","recovery":"recoveryWatch","lineageKey":"greenRiverBlue","lineageLabel":"Green River / blue-lineage CT","basin":"Upper White","note":"White River blue-lineage context","state":"CO","confidence":"HUC8 drainage context / generalized","geometryStatus":"natural_stream_detail_tile_from_full_interpreted_layer","troutSource":"HUC8 lineage assignment v1 / review needed","sourceName":"Coal Creek","name":"Coal Creek","source_id":"90429535","length_km":3.88994179,"FType":460,"FCode":46006,"atlas_class":"streamriver","display_name":"Coal Creek","stream_role":"natural_stream_detail_context","sourceLayer":"colorado_natural_stream_detail_tiles_v1","sourceLabel":"Colorado natural stream detail tiles v1","sensitivity":"generalized"},"geometry":{"type":"LineString","coordinates":[[-107.79993,40.04198],[-107.80107,40.04129],[-107.80131,40.04027],[-107.80276,40.04046],[-107.80394,40.04001],[-107.80435,40.03909],[-107.8057,40.03882],[-107.80565,40.03796],[-107.80691,40.03765],[-107.80728,40.03663],[-107.80868,40.03638],[-107.80822,40.03602],[-107.80853,40.03571],[-107.8097,40.0359],[-107.81033,40.03524],[-107.81033,40.03388],[-107.81251,40.03282],[-107.81329,40.03281],[-107.81307,40.03345],[-107.8139,40.03314],[-107.81427,40.03153],[-107.81466,40.03236],[-107.81601,40.03218],[-107.81626,40.03017],[-107.81771,40.02998],[-107.81822,40.02901],[-107.82044,40.03024]]}},{"type":"Feature","properties":{"huc8":"14050005","huc8Name":"Upper White","historic":"greenRiverBlue","current":"introduced","recovery":"recoveryWatch","lineageKey":"greenRiverBlue","lineageLabel":"Green River / blue-lineage CT","basin":"Upper White","note":"White River blue-lineage context","state":"CO","confidence":"HUC8 drainage context / generalized","geometryStatus":"natural_stream_detail_tile_from_full_interpreted_layer","troutSource":"HUC8 lineage assignment v1 / review needed","sourceName":"Coal Creek","name":"Coal Creek","source_id":"90429407","length_km":0.05833915,"FType":460,"FCode":46006,"atlas_class":"streamriver","display_name":"Coal Creek","stream_role":"natural_stream_detail_context","sourceLayer":"colorado_natural_stream_detail_tiles_v1","sourceLabel":"Colorado natural stream detail tiles v1","sensitivity":"generalized"},"geometry":{"type":"LineString","coordinates":[[-107.79941,40.04228],[-107.79993,40.04198]]}},{"type":"Feature","properties":{"huc8":"14050005","huc8Name":"Upper White","historic":"greenRiverBlue","current":"introduced","recovery":"recoveryWatch","lineageKey":"greenRiverBlue","lineageLabel":"Green River / blue-lineage CT","basin":"Upper White","note":"White River blue-lineage context","state":"CO","confidence":"HUC8 drainage context / generalized","geometryStatus":"natural_stream_detail_tile_from_full_interpreted_layer","troutSource":"HUC8 lineage assignment v1 / review needed","sourceName":"Lone Tree Creek","name":"Lone Tree Creek","source_id":"90429651","length_km":0.80426955,"FType":460,"FCode":46003,"atlas_class":"streamriver","display_name":"Lone Tree Creek","stream_role":"natural_stream_detail_context","sourceLayer":"colorado_natural_stream_detail_tiles_v1","sourceLabel":"Colorado natural stream detail tiles v1","sensitivity":"generalized"},"geometry":{"type":"LineString","coordinates":[[-107.7924,40.0081],[-107.79149,40.01005],[-107.79193,40.0126],[-107.79143,40.0137],[-107.79254,40.01456]]}},{"type":"Feature","properties":{"huc8":"14050005","huc8Name":"Upper White","historic":"greenRiverBlue","current":"introduced","recovery":"recoveryWatch","lineageKey":"greenRiverBlue","lineageLabel":"Green River / blue-lineage CT","basin":"Upper White","note":"White River blue-lineage context","state":"CO","confidence":"HUC8 drainage context / generalized","geometryStatus":"natural_stream_detail_tile_from_full_interpreted_layer","troutSource":"HUC8 lineage assignment v1 / review needed","sourceName":"Little Beaver Creek","name":"Little Beaver Creek","source_id":"161838304","length_km":1.77626388,"FType":460,"FCode":46006,"atlas_class":"streamriver","display_name":"Little Beaver Creek","stream_role":"natural_stream_detail_context","sourceLayer":"colorado_natural_stream_detail_tiles_v1","sourceLabel":"Colorado natural stream detail tiles v1","sensitivity":"generalized"},"geometry":{"type":"LineString","coordinates":[[-107.77768,40.03225],[-107.77976,40.0326],[-107.7811,40.03395],[-107.78167,40.03305],[-107.78295,40.03455],[-107.78345,40.03411],[-107.78558,40.03479],[-107.78669,40.03626],[-107.78881,40.03698],[-107.78992,40.03673],[-107.79029,40.03598]]}},{"type":"Feature","properties":{"huc8":"14050005","huc8Name":"Upper White","historic":"greenRiverBlue","current":"introduced","recovery":"recoveryWatch","lineageKey":"greenRiverBlue","lineageLabel":"Green River / blue-lineage CT","basin":"Upper White","note":"White River blue-lineage context","state":"CO","confidence":"HUC8 drainage context / generalized","geometryStatus":"natural_stream_detail_tile_from_full_interpreted_layer","troutSource":"HUC8 lineage assignment v1 / review needed","sourceName":"Dickerville Creek","name":"Dickerville Creek","source_id":"161838297","length_km":1.0474356,"FType":460,"FCode":46006,"atlas_class":"streamriver","display_name":"Dickerville Creek","stream_role":"natural_stream_detail_context","sourceLayer":"colorado_natural_stream_detail_tiles_v1","sourceLabel":"Colorado natural stream detail tiles v1","sensitivity":"generalized"},"geometry":{"type":"LineString","coordinates":[[-107.77108,40.03961],[-107.77202,40.03885],[-107.7718,40.03804],[-107.77238,40.03682],[-107.77641,40.03464],[-107.7769,40.03365],[-107.7766,40.03321]]}},{"type":"Feature","properties":{"huc8":"14050005","huc8Name":"Upper White","historic":"greenRiverBlue","current":"introduced","recovery":"recoveryWatch","lineageKey":"greenRiverBlue","lineageLabel":"Green River / blue-lineage CT","basin":"Upper White","note":"White River blue-lineage context","state":"CO","confidence":"HUC8 drainage context / generalized","geometryStatus":"natural_stream_detail_tile_from_full_interpreted_layer","troutSource":"HUC8 lineage assignment v1 / review needed","sourceName":"Little Beaver Creek","name":"Little Beaver Creek","source_id":"90429505","length_km":0.12118722,"FType":460,"FCode":46006,"atlas_class":"streamriver","display_name":"Little Beaver Creek","stream_role":"natural_stream_detail_context","sourceLayer":"colorado_natural_stream_detail_tiles_v1","sourceLabel":"Colorado natural stream detail tiles v1","sensitivity":"generalized"},"geometry":{"type":"LineString","coordinates":[[-107.7766,40.03321],[-107.77724,40.0323]]}},{"type":"Feature","properties":{"huc8":"14050005","huc8Name":"Upper White","historic":"greenRiverBlue","current":"introduced","recovery":"recoveryWatch","lineageKey":"greenRiverBlue","lineageLabel":"Green River / blue-lineage CT","basin":"Upper White","note":"White River blue-lineage context","state":"CO","confidence":"HUC8 drainage context / generalized","geometryStatus":"natural_stream_detail_tile_from_full_interpreted_layer","troutSource":"HUC8 lineage assignment v1 / review needed","sourceName":"Little Beaver Creek","name":"Little Beaver Creek","source_id":"90429507","length_km":0.03800735,"FType":460,"FCode":46006,"atlas_class":"streamriver","display_name":"Little Beaver Creek","stream_role":"natural_stream_detail_context","sourceLayer":"colorado_natural_stream_detail_tiles_v1","sourceLabel":"Colorado natural stream detail tiles v1","sensitivity":"generalized"},"geometry":{"type":"LineString","coordinates":[[-107.77724,40.0323],[-107.77768,40.03225]]}},{"type":"Feature","properties":{"huc8":"14050005","huc8Name":"Upper White","historic":"greenRiverBlue","current":"introduced","recovery":"recoveryWatch","lineageKey":"greenRiverBlue","lineageLabel":"Green River / blue-lineage CT","basin":"Upper White","note":"White River blue-lineage context","state":"CO","confidence":"HUC8 drainage context / generalized","geometryStatus":"natural_stream_detail_tile_from_full_interpreted_layer","troutSource":"HUC8 lineage assignment v1 / review needed","sourceName":"Dickerville Creek","name":"Dickerville Creek","source_id":"161838296","length_km":0.63754529,"FType":460,"FCode":46006,"atlas_class":"streamriver","display_name":"Dickerville Creek","stream_role":"natural_stream_detail_context","sourceLayer":"colorado_natural_stream_detail_tiles_v1","sourceLabel":"Colorado natural stream detail tiles v1","sensitivity":"generalized"},"geometry":{"type":"LineString","coordinates":[[-107.76826,40.04394],[-107.77108,40.03961]]}},{"type":"Feature","properties":{"huc8":"14050005","huc8Name":"Upper White","historic":"greenRiverBlue","current":"introduced","recovery":"recoveryWatch","lineageKey":"greenRiverBlue","lineageLabel":"Green River / blue-lineage CT","basin":"Upper White","note":"White River blue-lineage context","state":"CO","confidence":"HUC8 drainage context / generalized","geometryStatus":"natural_stream_detail_tile_from_full_interpreted_layer","troutSource":"HUC8 lineage assignment v1 / review needed","sourceName":"Little Beaver Creek","name":"Little Beaver Creek","source_id":"90429497","length_km":1.23653241,"FType":460,"FCode":46006,"atlas_class":"streamriver","display_name":"Little Beaver Creek","stream_role":"natural_stream_detail_context","sourceLayer":"colorado_natural_stream_detail_tiles_v1","sourceLabel":"Colorado natural stream detail tiles v1","sensitivity":"generalized"},"geometry":{"type":"LineString","coordinates":[[-107.76858,40.03354],[-107.7692,40.03447],[-107.77115,40.03397],[-107.77145,40.03331],[-107.77192,40.03395],[-107.77195,40.03348],[-107.77318,40.03327],[-107.7732,40.03396],[-107.7766,40.03321]]}},{"type":"Feature","properties":{"huc8":"14050005","huc8Name":"Upper White","historic":"greenRiverBlue","current":"introduced","recovery":"recoveryWatch","lineageKey":"greenRiverBlue","lineageLabel":"Green River / blue-lineage CT","basin":"Upper White","note":"White River blue-lineage context","state":"CO","confidence":"HUC8 drainage context / generalized","geometryStatus":"natural_stream_detail_tile_from_full_interpreted_layer","troutSource":"HUC8 lineage assignment v1 / review needed","sourceName":"Allen Creek","name":"Allen Creek","source_id":"161835559","length_km":0.202615,"FType":460,"FCode":46006,"atlas_class":"streamriver","display_name":"Allen Creek","stream_role":"natural_stream_detail_context","sourceLayer":"colorado_natural_stream_detail_tiles_v1","sourceLabel":"Colorado natural stream detail tiles v1","sensitivity":"generalized"},"geometry":{"type":"LineString","coordinates":[[-107.60906,40.07885],[-107.60913,40.07711]]}},{"type":"Feature","properties":{"huc8":"14050005","huc8Name":"Upper White","historic":"greenRiverBlue","current":"introduced","recovery":"recoveryWatch","lineageKey":"greenRiverBlue","lineageLabel":"Green River / blue-lineage CT","basin":"Upper White","note":"White River blue-lineage context","state":"CO","confidence":"HUC8 drainage context / generalized","geometryStatus":"natural_stream_detail_tile_from_full_interpreted_layer","troutSource":"HUC8 lineage assignment v1 / review needed","sourceName":"Big Beaver Creek","name":"Big Beaver Creek","source_id":"90419155","length_km":0.3993272,"FType":460,"FCode":46006,"atlas_class":"streamriver","display_name":"Big Beaver Creek","stream_role":"natural_stream_detail_context","sourceLayer":"colorado_natural_stream_detail_tiles_v1","sourceLabel":"Colorado natural stream detail tiles v1","sensitivity":"generalized"},"geometry":{"type":"LineString","coordinates":[[-107.6093,40.07688],[-107.61126,40.07373]]}},{"type":"Feature","properties":{"huc8":"14050005","huc8Name":"Upper White","historic":"greenRiverBlue","current":"introduced","recovery":"recoveryWatch","lineageKey":"greenRiverBlue","lineageLabel":"Green River / blue-lineage CT","basin":"Upper White","note":"White River blue-lineage context","state":"CO","confidence":"HUC8 drainage context / generalized","geometryStatus":"natural_stream_detail_tile_from_full_interpreted_layer","troutSource":"HUC8 lineage assignment v1 / review needed","sourceName":"Cow Creek","name":"Cow Creek","source_id":"161835013","length_km":0.19190811,"FType":460,"FCode":46003,"atlas_class":"streamriver","display_name":"Cow Creek","stream_role":"natural_stream_detail_context","sourceLayer":"colorado_natural_stream_detail_tiles_v1","sourceLabel":"Colorado natural stream detail tiles v1","sensitivity":"generalized"},"geometry":{"type":"LineString","coordinates":[[-107.65088,40.07766],[-107.6488,40.07722]]}},{"type":"Feature","properties":{"huc8":"14050005","huc8Name":"Upper White","historic":"greenRiverBlue","current":"introduced","recovery":"recoveryWatch","lineageKey":"greenRiverBlue","lineageLabel":"Green River / blue-lineage CT","basin":"Upper White","note":"White River blue-lineage context","state":"CO","confidence":"HUC8 drainage context / generalized","geometryStatus":"natural_stream_detail_tile_from_full_interpreted_layer","troutSource":"HUC8 lineage assignment v1 / review needed","sourceName":"Big Beaver Creek","name":"Big Beaver Creek","source_id":"90419129","length_km":0.64974784,"FType":460,"FCode":46006,"atlas_class":"streamriver","display_name":"Big Beaver Creek","stream_role":"natural_stream_detail_context","sourceLayer":"colorado_natural_stream_detail_tiles_v1","sourceLabel":"Colorado natural stream detail tiles v1","sensitivity":"generalized"},"geometry":{"type":"LineString","coordinates":[[-107.60357,40.08057],[-107.60766,40.07853],[-107.60913,40.07711]]}},{"type":"Feature","properties":{"huc8":"14050005","huc8Name":"Upper White","historic":"greenRiverBlue","current":"introduced","recovery":"recoveryWatch","lineageKey":"greenRiverBlue","lineageLabel":"Green River / blue-lineage CT","basin":"Upper White","note":"White River blue-lineage context","state":"CO","confidence":"HUC8 drainage context / generalized","geometryStatus":"natural_stream_detail_tile_from_full_interpreted_layer","troutSource":"HUC8 lineage assignment v1 / review needed","sourceName":"Allen Creek","name":"Allen Creek","source_id":"161835426","length_km":0.48487926,"FType":460,"FCode":46006,"atlas_class":"streamriver","display_name":"Allen Creek","stream_role":"natural_stream_detail_context","sourceLayer":"colorado_natural_stream_detail_tiles_v1","sourceLabel":"Colorado natural stream detail tiles v1","sensitivity":"generalized"},"geometry":{"type":"LineString","coordinates":[[-107.62086,40.08727],[-107.61857,40.08659],[-107.61743,40.08545],[-107.61613,40.08529]]}},{"type":"Feature","properties":{"huc8":"14050005","huc8Name":"Upper White","historic":"greenRiverBlue","current":"introduced","recovery":"recoveryWatch","lineageKey":"greenRiverBlue","lineageLabel":"Green River / blue-lineage CT","basin":"Upper White","note":"White River blue-lineage context","state":"CO","confidence":"HUC8 drainage context / generalized","geometryStatus":"natural_stream_detail_tile_from_full_interpreted_layer","troutSource":"HUC8 lineage assignment v1 / review needed","sourceName":"Cottonwood Creek","name":"Cottonwood Creek","source_id":"161835180","length_km":0.17337295,"FType":460,"FCode":46003,"atlas_class":"streamriver","display_name":"Cottonwood Creek","stream_role":"natural_stream_detail_context","sourceLayer":"colorado_natural_stream_detail_tiles_v1","sourceLabel":"Colorado natural stream detail tiles v1","sensitivity":"generalized"},"geometry":{"type":"LineString","coordinates":[[-107.65895,40.06905],[-107.65847,40.06757]]}},{"type":"Feature","properties":{"huc8":"14050005","huc8Name":"Upper White","historic":"greenRiverBlue","current":"introduced","recovery":"recoveryWatch","lineageKey":"greenRiverBlue","lineageLabel":"Green River / blue-lineage CT","basin":"Upper White","note":"White River blue-lineage context","state":"CO","confidence":"HUC8 drainage context / generalized","geometryStatus":"natural_stream_detail_tile_from_full_interpreted_layer","troutSource":"HUC8 lineage assignment v1 / review needed","sourceName":"Big Beaver Creek","name":"Big Beaver Creek","source_id":"90419251","length_km":0.10449091,"FType":460,"FCode":46006,"atlas_class":"streamriver","display_name":"Big Beaver Creek","stream_role":"natural_stream_detail_context","sourceLayer":"colorado_natural_stream_detail_tiles_v1","sourceLabel":"Colorado natural stream detail tiles v1","sensitivity":"generalized"},"geometry":{"type":"LineString","coordinates":[[-107.62128,40.0595],[-107.62203,40.05879]]}},{"type":"Feature","properties":{"huc8":"14050005","huc8Name":"Upper White","historic":"greenRiverBlue","current":"introduced","recovery":"recoveryWatch","lineageKey":"greenRiverBlue","lineageLabel":"Green River / blue-lineage CT","basin":"Upper White","note":"White River blue-lineage context","state":"CO","confidence":"HUC8 drainage context / generalized","geometryStatus":"natural_stream_detail_tile_from_full_interpreted_layer","troutSource":"HUC8 lineage assignment v1 / review needed","sourceName":"Big Beaver Creek","name":"Big Beaver Creek","source_id":"161837987","length_km":0.20118398,"FType":460,"FCode":46006,"atlas_class":"streamriver","display_name":"Big Beaver Creek","stream_role":"natural_stream_detail_context","sourceLayer":"colorado_natural_stream_detail_tiles_v1","sourceLabel":"Colorado natural stream detail tiles v1","sensitivity":"generalized"},"geometry":{"type":"LineString","coordinates":[[-107.6266,40.05564],[-107.62795,40.05431]]}},{"type":"Feature","properties":{"huc8":"14050005","huc8Name":"Upper White","historic":"greenRiverBlue","current":"introduced","recovery":"recoveryWatch","lineageKey":"greenRiverBlue","lineageLabel":"Green River / blue-lineage CT","basin":"Upper White","note":"White River blue-lineage context","state":"CO","confidence":"HUC8 drainage context / generalized","geometryStatus":"natural_stream_detail_tile_from_full_interpreted_layer","troutSource":"HUC8 lineage assignment v1 / review needed","sourceName":"Big Beaver Creek","name":"Big Beaver Creek","source_id":"161835598","length_km":0.13534723,"FType":460,"FCode":46006,"atlas_class":"streamriver","display_name":"Big Beaver Creek","stream_role":"natural_stream_detail_context","sourceLayer":"colorado_natural_stream_detail_tiles_v1","sourceLabel":"Colorado natural stream detail tiles v1","sensitivity":"generalized"},"geometry":{"type":"LineString","coordinates":[[-107.60169,40.08206],[-107.60294,40.08138]]}},{"type":"Feature","properties":{"huc8":"14050005","huc8Name":"Upper White","historic":"greenRiverBlue","current":"introduced","recovery":"recoveryWatch","lineageKey":"greenRiverBlue","lineageLabel":"Green River / blue-lineage CT","basin":"Upper White","note":"White River blue-lineage context","state":"CO","confidence":"HUC8 drainage context / generalized","geometryStatus":"natural_stream_detail_tile_from_full_interpreted_layer","troutSource":"HUC8 lineage assignment v1 / review needed","sourceName":"Big Beaver Creek","name":"Big Beaver Creek","source_id":"90419119","length_km":0.10810777,"FType":460,"FCode":46006,"atlas_class":"streamriver","display_name":"Big Beaver Creek","stream_role":"natural_stream_detail_context","sourceLayer":"colorado_natural_stream_detail_tiles_v1","sourceLabel":"Colorado natural stream detail tiles v1","sensitivity":"generalized"},"geometry":{"type":"LineString","coordinates":[[-107.60294,40.08138],[-107.60357,40.08057]]}},{"type":"Feature","properties":{"huc8":"14050005","huc8Name":"Upper White","historic":"greenRiverBlue","current":"introduced","recovery":"recoveryWatch","lineageKey":"greenRiverBlue","lineageLabel":"Green River / blue-lineage CT","basin":"Upper White","note":"White River blue-lineage context","state":"CO","confidence":"HUC8 drainage context / generalized","geometryStatus":"natural_stream_detail_tile_from_full_interpreted_layer","troutSource":"HUC8 lineage assignment v1 / review needed","sourceName":"Big Beaver Creek","name":"Big Beaver Creek","source_id":"161835527","length_km":0.86121348,"FType":460,"FCode":46006,"atlas_class":"streamriver","display_name":"Big Beaver Creek","stream_role":"natural_stream_detail_context","sourceLayer":"colorado_natural_stream_detail_tiles_v1","sourceLabel":"Colorado natural stream detail tiles v1","sensitivity":"generalized"},"geometry":{"type":"LineString","coordinates":[[-107.61144,40.07332],[-107.61088,40.07221],[-107.61111,40.07129],[-107.61341,40.06853],[-107.61344,40.06686],[-107.61385,40.06665]]}},{"type":"Feature","properties":{"huc8":"14050005","huc8Name":"Upper White","historic":"greenRiverBlue","current":"introduced","recovery":"recoveryWatch","lineageKey":"greenRiverBlue","lineageLabel":"Green River / blue-lineage CT","basin":"Upper White","note":"White River blue-lineage context","state":"CO","confidence":"HUC8 drainage context / generalized","geometryStatus":"natural_stream_detail_tile_from_full_interpreted_layer","troutSource":"HUC8 lineage assignment v1 / review needed","sourceName":"Big Beaver Creek","name":"Big Beaver Creek","source_id":"161838128","length_km":0.04317541,"FType":460,"FCode":46006,"atlas_class":"streamriver","display_name":"Big Beaver Creek","stream_role":"natural_stream_detail_context","sourceLayer":"colorado_natural_stream_detail_tiles_v1","sourceLabel":"Colorado natural stream detail tiles v1","sensitivity":"generalized"},"geometry":{"type":"LineString","coordinates":[[-107.62795,40.05431],[-107.62838,40.05418]]}},{"type":"Feature","properties":{"huc8":"14050005","huc8Name":"Upper White","historic":"greenRiverBlue","current":"introduced","recovery":"recoveryWatch","lineageKey":"greenRiverBlue","lineageLabel":"Green River / blue-lineage CT","basin":"Upper White","note":"White River blue-lineage context","state":"CO","confidence":"HUC8 drainage context / generalized","geometryStatus":"natural_stream_detail_tile_from_full_interpreted_layer","troutSource":"HUC8 lineage assignment v1 / review needed","sourceName":"Big Beaver Creek","name":"Big Beaver Creek","source_id":"90419247","length_km":0.13521197,"FType":460,"FCode":46006,"atlas_class":"streamriver","display_name":"Big Beaver Creek","stream_role":"natural_stream_detail_context","sourceLayer":"colorado_natural_stream_detail_tiles_v1","sourceLabel":"Colorado natural stream detail tiles v1","sensitivity":"generalized"},"geometry":{"type":"LineString","coordinates":[[-107.62088,40.06057],[-107.62128,40.0595]]}},{"type":"Feature","properties":{"huc8":"14050005","huc8Name":"Upper White","historic":"greenRiverBlue","current":"introduced","recovery":"recoveryWatch","lineageKey":"greenRiverBlue","lineageLabel":"Green River / blue-lineage CT","basin":"Upper White","note":"White River blue-lineage context","state":"CO","confidence":"HUC8 drainage context / generalized","geometryStatus":"natural_stream_detail_tile_from_full_interpreted_layer","troutSource":"HUC8 lineage assignment v1 / review needed","sourceName":"Allen Creek","name":"Allen Creek","source_id":"161835427","length_km":0.24677047,"FType":460,"FCode":46006,"atlas_class":"streamriver","display_name":"Allen Creek","stream_role":"natural_stream_detail_context","sourceLayer":"colorado_natural_stream_detail_tiles_v1","sourceLabel":"Colorado natural stream detail tiles v1","sensitivity":"generalized"},"geometry":{"type":"LineString","coordinates":[[-107.61613,40.08529],[-107.61341,40.08453]]}},{"type":"Feature","properties":{"huc8":"14050005","huc8Name":"Upper White","historic":"greenRiverBlue","current":"introduced","recovery":"recoveryWatch","lineageKey":"greenRiverBlue","lineageLabel":"Green River / blue-lineage CT","basin":"Upper White","note":"White River blue-lineage context","state":"CO","confidence":"HUC8 drainage context / generalized","geometryStatus":"natural_stream_detail_tile_from_full_interpreted_layer","troutSource":"HUC8 lineage assignment v1 / review needed","sourceName":"Big Beaver Creek","name":"Big Beaver Creek","source_id":"161835526","length_km":0.04990816,"FType":460,"FCode":46006,"atlas_class":"streamriver","display_name":"Big Beaver Creek","stream_role":"natural_stream_detail_context","sourceLayer":"colorado_natural_stream_detail_tiles_v1","sourceLabel":"Colorado natural stream detail tiles v1","sensitivity":"generalized"},"geometry":{"type":"LineString","coordinates":[[-107.61126,40.07373],[-107.61144,40.07332]]}},{"type":"Feature","properties":{"huc8":"14050005","huc8Name":"Upper White","historic":"greenRiverBlue","current":"introduced","recovery":"recoveryWatch","lineageKey":"greenRiverBlue","lineageLabel":"Green River / blue-lineage CT","basin":"Upper White","note":"White River blue-lineage context","state":"CO","confidence":"HUC8 drainage context / generalized","geometryStatus":"natural_stream_detail_tile_from_full_interpreted_layer","troutSource":"HUC8 lineage assignment v1 / review needed","sourceName":"Allen Creek","name":"Allen Creek","source_id":"161835558","length_km":0.77558112,"FType":460,"FCode":46006,"atlas_class":"streamriver","display_name":"Allen Creek","stream_role":"natural_stream_detail_context","sourceLayer":"colorado_natural_stream_detail_tiles_v1","sourceLabel":"Colorado natural stream detail tiles v1","sensitivity":"generalized"},"geometry":{"type":"LineString","coordinates":[[-107.6129,40.08442],[-107.60928,40.08176],[-107.60906,40.07885]]}},{"type":"Feature","properties":{"huc8":"14050005","huc8Name":"Upper White","historic":"greenRiverBlue","current":"introduced","recovery":"recoveryWatch","lineageKey":"greenRiverBlue","lineageLabel":"Green River / blue-lineage CT","basin":"Upper White","note":"White River blue-lineage context","state":"CO","confidence":"HUC8 drainage context / generalized","geometryStatus":"natural_stream_detail_tile_from_full_interpreted_layer","troutSource":"HUC8 lineage assignment v1 / review needed","sourceName":"Cow Creek","name":"Cow Creek","source_id":"161837944","length_km":0.10586789,"FType":460,"FCode":46006,"atlas_class":"streamriver","display_name":"Cow Creek","stream_role":"natural_stream_detail_context","sourceLayer":"colorado_natural_stream_detail_tiles_v1","sourceLabel":"Colorado natural stream detail tiles v1","sensitivity":"generalized"},"geometry":{"type":"LineString","coordinates":[[-107.6414,40.05815],[-107.64249,40.05788]]}},{"type":"Feature","properties":{"huc8":"14050005","huc8Name":"Upper White","historic":"greenRiverBlue","current":"introduced","recovery":"recoveryWatch","lineageKey":"greenRiverBlue","lineageLabel":"Green River / blue-lineage CT","basin":"Upper White","note":"White River blue-lineage context","state":"CO","confidence":"HUC8 drainage context / generalized","geometryStatus":"natural_stream_detail_tile_from_full_interpreted_layer","troutSource":"HUC8 lineage assignment v1 / review needed","sourceName":"Goff Creek","name":"Goff Creek","source_id":"90419157","length_km":0.51941181,"FType":460,"FCode":46003,"atlas_class":"streamriver","display_name":"Goff Creek","stream_role":"natural_stream_detail_context","sourceLayer":"colorado_natural_stream_detail_tiles_v1","sourceLabel":"Colorado natural stream detail tiles v1","sensitivity":"generalized"},"geometry":{"type":"LineString","coordinates":[[-107.60532,40.07337],[-107.61126,40.07373]]}},{"type":"Feature","properties":{"huc8":"14050005","huc8Name":"Upper White","historic":"greenRiverBlue","current":"introduced","recovery":"recoveryWatch","lineageKey":"greenRiverBlue","lineageLabel":"Green River / blue-lineage CT","basin":"Upper White","note":"White River blue-lineage context","state":"CO","confidence":"HUC8 drainage context / generalized","geometryStatus":"natural_stream_detail_tile_from_full_interpreted_layer","troutSource":"HUC8 lineage assignment v1 / review needed","sourceName":"Big Beaver Creek","name":"Big Beaver Creek","source_id":"90434047","length_km":0.03376434,"FType":460,"FCode":46006,"atlas_class":"streamriver","display_name":"Big Beaver Creek","stream_role":"natural_stream_detail_context","sourceLayer":"colorado_natural_stream_detail_tiles_v1","sourceLabel":"Colorado natural stream detail tiles v1","sensitivity":"generalized"},"geometry":{"type":"LineString","coordinates":[[-107.62906,40.05372],[-107.62945,40.05367]]}},{"type":"Feature","properties":{"huc8":"14050005","huc8Name":"Upper White","historic":"greenRiverBlue","current":"introduced","recovery":"recoveryWatch","lineageKey":"greenRiverBlue","lineageLabel":"Green River / blue-lineage CT","basin":"Upper White","note":"White River blue-lineage context","state":"CO","confidence":"HUC8 drainage context / generalized","geometryStatus":"natural_stream_detail_tile_from_full_interpreted_layer","troutSource":"HUC8 lineage assignment v1 / review needed","sourceName":"Little Beaver Creek","name":"Little Beaver Creek","source_id":"161838160","length_km":0.30991887,"FType":460,"FCode":46006,"atlas_class":"streamriver","display_name":"Little Beaver Creek","stream_role":"natural_stream_detail_context","sourceLayer":"colorado_natural_stream_detail_tiles_v1","sourceLabel":"Colorado natural stream detail tiles v1","sensitivity":"generalized"},"geometry":{"type":"LineString","coordinates":[[-107.71446,40.03405],[-107.71712,40.03292]]}},{"type":"Feature","properties":{"huc8":"14050005","huc8Name":"Upper White","historic":"greenRiverBlue","current":"introduced","recovery":"recoveryWatch","lineageKey":"greenRiverBlue","lineageLabel":"Green River / blue-lineage CT","basin":"Upper White","note":"White River blue-lineage context","state":"CO","confidence":"HUC8 drainage context / generalized","geometryStatus":"natural_stream_detail_tile_from_full_interpreted_layer","troutSource":"HUC8 lineage assignment v1 / review needed","sourceName":"Little Beaver Creek","name":"Little Beaver Creek","source_id":"161838054","length_km":0.67029905,"FType":460,"FCode":46006,"atlas_class":"streamriver","display_name":"Little Beaver Creek","stream_role":"natural_stream_detail_context","sourceLayer":"colorado_natural_stream_detail_tiles_v1","sourceLabel":"Colorado natural stream detail tiles v1","sensitivity":"generalized"},"geometry":{"type":"LineString","coordinates":[[-107.69458,40.03489],[-107.69784,40.03461],[-107.70146,40.03586]]}},{"type":"Feature","properties":{"huc8":"14050005","huc8Name":"Upper White","historic":"greenRiverBlue","current":"introduced","recovery":"recoveryWatch","lineageKey":"greenRiverBlue","lineageLabel":"Green River / blue-lineage CT","basin":"Upper White","note":"White River blue-lineage context","state":"CO","confidence":"HUC8 drainage context / generalized","geometryStatus":"natural_stream_detail_tile_from_full_interpreted_layer","troutSource":"HUC8 lineage assignment v1 / review needed","sourceName":"Cottonwood Creek","name":"Cottonwood Creek","source_id":"161838049","length_km":0.63383096,"FType":460,"FCode":46003,"atlas_class":"streamriver","display_name":"Cottonwood Creek","stream_role":"natural_stream_detail_context","sourceLayer":"colorado_natural_stream_detail_tiles_v1","sourceLabel":"Colorado natural stream detail tiles v1","sensitivity":"generalized"},"geometry":{"type":"LineString","coordinates":[[-107.69774,40.03999],[-107.70088,40.03902],[-107.70253,40.0388],[-107.70326,40.03927],[-107.70418,40.03879]]}},{"type":"Feature","properties":{"huc8":"14050005","huc8Name":"Upper White","historic":"greenRiverBlue","current":"introduced","recovery":"recoveryWatch","lineageKey":"greenRiverBlue","lineageLabel":"Green River / blue-lineage CT","basin":"Upper White","note":"White River blue-lineage context","state":"CO","confidence":"HUC8 drainage context / generalized","geometryStatus":"natural_stream_detail_tile_from_full_interpreted_layer","troutSource":"HUC8 lineage assignment v1 / review needed","sourceName":"Little Beaver Creek","name":"Little Beaver Creek","source_id":"161838055","length_km":0.79640786,"FType":460,"FCode":46006,"atlas_class":"streamriver","display_name":"Little Beaver Creek","stream_role":"natural_stream_detail_context","sourceLayer":"colorado_natural_stream_detail_tiles_v1","sourceLabel":"Colorado natural stream detail tiles v1","sensitivity":"generalized"},"geometry":{"type":"LineString","coordinates":[[-107.70146,40.03586],[-107.70425,40.03672],[-107.70728,40.03551],[-107.70963,40.03591]]}},{"type":"Feature","properties":{"huc8":"14050005","huc8Name":"Upper White","historic":"greenRiverBlue","current":"introduced","recovery":"recoveryWatch","lineageKey":"greenRiverBlue","lineageLabel":"Green River / blue-lineage CT","basin":"Upper White","note":"White River blue-lineage context","state":"CO","confidence":"HUC8 drainage context / generalized","geometryStatus":"natural_stream_detail_tile_from_full_interpreted_layer","troutSource":"HUC8 lineage assignment v1 / review needed","sourceName":"Little Beaver Creek","name":"Little Beaver Creek","source_id":"161838069","length_km":0.28241761,"FType":460,"FCode":46006,"atlas_class":"streamriver","display_name":"Little Beaver Creek","stream_role":"natural_stream_detail_context","sourceLayer":"colorado_natural_stream_detail_tiles_v1","sourceLabel":"Colorado natural stream detail tiles v1","sensitivity":"generalized"},"geometry":{"type":"LineString","coordinates":[[-107.68399,40.03216],[-107.68701,40.03268]]}},{"type":"Feature","properties":{"huc8":"14050005","huc8Name":"Upper White","historic":"greenRiverBlue","current":"introduced","recovery":"recoveryWatch","lineageKey":"greenRiverBlue","lineageLabel":"Green River / blue-lineage CT","basin":"Upper White","note":"White River blue-lineage context","state":"CO","confidence":"HUC8 drainage context / generalized","geometryStatus":"natural_stream_detail_tile_from_full_interpreted_layer","troutSource":"HUC8 lineage assignment v1 / review needed","sourceName":"Little Beaver Creek","name":"Little Beaver Creek","source_id":"161838140","length_km":0.66248391,"FType":460,"FCode":46006,"atlas_class":"streamriver","display_name":"Little Beaver Creek","stream_role":"natural_stream_detail_context","sourceLayer":"colorado_natural_stream_detail_tiles_v1","sourceLabel":"Colorado natural stream detail tiles v1","sensitivity":"generalized"},"geometry":{"type":"LineString","coordinates":[[-107.70963,40.03591],[-107.71042,40.03609],[-107.71289,40.03438],[-107.71446,40.03405]]}},{"type":"Feature","properties":{"huc8":"14050005","huc8Name":"Upper White","historic":"greenRiverBlue","current":"introduced","recovery":"recoveryWatch","lineageKey":"greenRiverBlue","lineageLabel":"Green River / blue-lineage CT","basin":"Upper White","note":"White River blue-lineage context","state":"CO","confidence":"HUC8 drainage context / generalized","geometryStatus":"natural_stream_detail_tile_from_full_interpreted_layer","troutSource":"HUC8 lineage assignment v1 / review needed","sourceName":"Little Beaver Creek","name":"Little Beaver Creek","source_id":"161838027","length_km":0.21064747,"FType":460,"FCode":46006,"atlas_class":"streamriver","display_name":"Little Beaver Creek","stream_role":"natural_stream_detail_context","sourceLayer":"colorado_natural_stream_detail_tiles_v1","sourceLabel":"Colorado natural stream detail tiles v1","sensitivity":"generalized"},"geometry":{"type":"LineString","coordinates":[[-107.68701,40.03268],[-107.68892,40.03343]]}},{"type":"Feature","properties":{"huc8":"14050005","huc8Name":"Upper White","historic":"greenRiverBlue","current":"introduced","recovery":"recoveryWatch","lineageKey":"greenRiverBlue","lineageLabel":"Green River / blue-lineage CT","basin":"Upper White","note":"White River blue-lineage context","state":"CO","confidence":"HUC8 drainage context / generalized","geometryStatus":"natural_stream_detail_tile_from_full_interpreted_layer","troutSource":"HUC8 lineage assignment v1 / review needed","sourceName":"Little Beaver Creek","name":"Little Beaver Creek","source_id":"161837907","length_km":0.08965397,"FType":460,"FCode":46006,"atlas_class":"streamriver","display_name":"Little Beaver Creek","stream_role":"natural_stream_detail_context","sourceLayer":"colorado_natural_stream_detail_tiles_v1","sourceLabel":"Colorado natural stream detail tiles v1","sensitivity":"generalized"},"geometry":{"type":"LineString","coordinates":[[-107.68892,40.03343],[-107.68986,40.03376]]}},{"type":"Feature","properties":{"huc8":"14050005","huc8Name":"Upper White","historic":"greenRiverBlue","current":"introduced","recovery":"recoveryWatch","lineageKey":"greenRiverBlue","lineageLabel":"Green River / blue-lineage CT","basin":"Upper White","note":"White River blue-lineage context","state":"CO","confidence":"HUC8 drainage context / generalized","geometryStatus":"natural_stream_detail_tile_from_full_interpreted_layer","troutSource":"HUC8 lineage assignment v1 / review needed","sourceName":"Little Beaver Creek","name":"Little Beaver Creek","source_id":"161838161","length_km":0.33877418,"FType":460,"FCode":46006,"atlas_class":"streamriver","display_name":"Little Beaver Creek","stream_role":"natural_stream_detail_context","sourceLayer":"colorado_natural_stream_detail_tiles_v1","sourceLabel":"Colorado natural stream detail tiles v1","sensitivity":"generalized"},"geometry":{"type":"LineString","coordinates":[[-107.71712,40.03292],[-107.72027,40.03205]]}},{"type":"Feature","properties":{"huc8":"14050005","huc8Name":"Upper White","historic":"greenRiverBlue","current":"introduced","recovery":"recoveryWatch","lineageKey":"greenRiverBlue","lineageLabel":"Green River / blue-lineage CT","basin":"Upper White","note":"White River blue-lineage context","state":"CO","confidence":"HUC8 drainage context / generalized","geometryStatus":"natural_stream_detail_tile_from_full_interpreted_layer","troutSource":"HUC8 lineage assignment v1 / review needed","sourceName":"Little Beaver Creek","name":"Little Beaver Creek","source_id":"161837984","length_km":0.51182029,"FType":460,"FCode":46006,"atlas_class":"streamriver","display_name":"Little Beaver Creek","stream_role":"natural_stream_detail_context","sourceLayer":"colorado_natural_stream_detail_tiles_v1","sourceLabel":"Colorado natural stream detail tiles v1","sensitivity":"generalized"},"geometry":{"type":"LineString","coordinates":[[-107.68986,40.03376],[-107.69217,40.0349],[-107.69458,40.03489]]}},{"type":"Feature","properties":{"huc8":"14050002","huc8Name":"Lower Yampa","historic":"greenRiverBlue","current":"introduced","recovery":"recoveryWatch","lineageKey":"greenRiverBlue","lineageLabel":"Green River / blue-lineage CT","basin":"Lower Yampa","note":"Yampa blue-lineage context","state":"CO","confidence":"HUC8 drainage context / generalized","geometryStatus":"natural_stream_detail_tile_from_full_interpreted_layer","troutSource":"HUC8 lineage assignment v1 / review needed","sourceName":"Milk Creek","name":"Milk Creek","source_id":"83371303","length_km":0.044,"FType":460,"FCode":46006,"atlas_class":"streamriver","display_name":"Milk Creek","stream_role":"natural_stream_detail_context","sourceLayer":"colorado_natural_stream_detail_tiles_v1","sourceLabel":"Colorado natural stream detail tiles v1","sensitivity":"generalized"},"geometry":{"type":"LineString","coordinates":[[-107.7311,40.19268],[-107.73159,40.19269]]}},{"type":"Feature","properties":{"huc8":"14050002","huc8Name":"Lower Yampa","historic":"greenRiverBlue","current":"introduced","recovery":"recoveryWatch","lineageKey":"greenRiverBlue","lineageLabel":"Green River / blue-lineage CT","basin":"Lower Yampa","note":"Yampa blue-lineage context","state":"CO","confidence":"HUC8 drainage context / generalized","geometryStatus":"natural_stream_detail_tile_from_full_interpreted_layer","troutSource":"HUC8 lineage assignment v1 / review needed","sourceName":"James Creek","name":"James Creek","source_id":"83363167","length_km":0.064,"FType":460,"FCode":46003,"atlas_class":"streamriver","display_name":"James Creek","stream_role":"natural_stream_detail_context","sourceLayer":"colorado_natural_stream_detail_tiles_v1","sourceLabel":"Colorado natural stream detail tiles v1","sensitivity":"generalized"},"geometry":{"type":"LineString","coordinates":[[-107.77141,40.16749],[-107.77214,40.16764]]}},{"type":"Feature","properties":{"huc8":"14050002","huc8Name":"Lower Yampa","historic":"greenRiverBlue","current":"introduced","recovery":"recoveryWatch","lineageKey":"greenRiverBlue","lineageLabel":"Green River / blue-lineage CT","basin":"Lower Yampa","note":"Yampa blue-lineage context","state":"CO","confidence":"HUC8 drainage context / generalized","geometryStatus":"natural_stream_detail_tile_from_full_interpreted_layer","troutSource":"HUC8 lineage assignment v1 / review needed","sourceName":"James Creek","name":"James Creek","source_id":"83363191","length_km":0.596,"FType":460,"FCode":46003,"atlas_class":"streamriver","display_name":"James Creek","stream_role":"natural_stream_detail_context","sourceLayer":"colorado_natural_stream_detail_tiles_v1","sourceLabel":"Colorado natural stream detail tiles v1","sensitivity":"generalized"},"geometry":{"type":"LineString","coordinates":[[-107.76133,40.16372],[-107.76433,40.16709],[-107.76574,40.16764]]}},{"type":"Feature","properties":{"huc8":"14050002","huc8Name":"Lower Yampa","historic":"greenRiverBlue","current":"introduced","recovery":"recoveryWatch","lineageKey":"greenRiverBlue","lineageLabel":"Green River / blue-lineage CT","basin":"Lower Yampa","note":"Yampa blue-lineage context","state":"CO","confidence":"HUC8 drainage context / generalized","geometryStatus":"natural_stream_detail_tile_from_full_interpreted_layer","troutSource":"HUC8 lineage assignment v1 / review needed","sourceName":"James Creek","name":"James Creek","source_id":"83363201","length_km":0.036,"FType":460,"FCode":46006,"atlas_class":"streamriver","display_name":"James Creek","stream_role":"natural_stream_detail_context","sourceLayer":"colorado_natural_stream_detail_tiles_v1","sourceLabel":"Colorado natural stream detail tiles v1","sensitivity":"generalized"},"geometry":{"type":"LineString","coordinates":[[-107.79977,40.16192],[-107.79998,40.16219]]}},{"type":"Feature","properties":{"huc8":"14050002","huc8Name":"Lower Yampa","historic":"greenRiverBlue","current":"introduced","recovery":"recoveryWatch","lineageKey":"greenRiverBlue","lineageLabel":"Green River / blue-lineage CT","basin":"Lower Yampa","note":"Yampa blue-lineage context","state":"CO","confidence":"HUC8 drainage context / generalized","geometryStatus":"natural_stream_detail_tile_from_full_interpreted_layer","troutSource":"HUC8 lineage assignment v1 / review needed","sourceName":"Milk Creek","name":"Milk Creek","source_id":"83371299","length_km":0.316,"FType":460,"FCode":46006,"atlas_class":"streamriver","display_name":"Milk Creek","stream_role":"natural_stream_detail_context","sourceLayer":"colorado_natural_stream_detail_tiles_v1","sourceLabel":"Colorado natural stream detail tiles v1","sensitivity":"generalized"},"geometry":{"type":"LineString","coordinates":[[-107.73159,40.19269],[-107.7329,40.19339],[-107.73234,40.19477]]}},{"type":"Feature","properties":{"huc8":"14050002","huc8Name":"Lower Yampa","historic":"greenRiverBlue","current":"introduced","recovery":"recoveryWatch","lineageKey":"greenRiverBlue","lineageLabel":"Green River / blue-lineage CT","basin":"Lower Yampa","note":"Yampa blue-lineage context","state":"CO","confidence":"HUC8 drainage context / generalized","geometryStatus":"natural_stream_detail_tile_from_full_interpreted_layer","troutSource":"HUC8 lineage assignment v1 / review needed","sourceName":"Little Creek","name":"Little Creek","source_id":"83363065","length_km":1.131,"FType":460,"FCode":46003,"atlas_class":"streamriver","display_name":"Little Creek","stream_role":"natural_stream_detail_context","sourceLayer":"colorado_natural_stream_detail_tiles_v1","sourceLabel":"Colorado natural stream detail tiles v1","sensitivity":"generalized"},"geometry":{"type":"LineString","coordinates":[[-107.77321,40.18588],[-107.77196,40.19082],[-107.77011,40.19202],[-107.76986,40.19293],[-107.76738,40.19398]]}},{"type":"Feature","properties":{"huc8":"14050002","huc8Name":"Lower Yampa","historic":"greenRiverBlue","current":"introduced","recovery":"recoveryWatch","lineageKey":"greenRiverBlue","lineageLabel":"Green River / blue-lineage CT","basin":"Lower Yampa","note":"Yampa blue-lineage context","state":"CO","confidence":"HUC8 drainage context / generalized","geometryStatus":"natural_stream_detail_tile_from_full_interpreted_layer","troutSource":"HUC8 lineage assignment v1 / review needed","sourceName":"Little Creek","name":"Little Creek","source_id":"83363127","length_km":0.982,"FType":460,"FCode":46003,"atlas_class":"streamriver","display_name":"Little Creek","stream_role":"natural_stream_detail_context","sourceLayer":"colorado_natural_stream_detail_tiles_v1","sourceLabel":"Colorado natural stream detail tiles v1","sensitivity":"generalized"},"geometry":{"type":"LineString","coordinates":[[-107.7741,40.17339],[-107.77538,40.17566],[-107.77528,40.18184]]}},{"type":"Feature","properties":{"huc8":"14050002","huc8Name":"Lower Yampa","historic":"greenRiverBlue","current":"introduced","recovery":"recoveryWatch","lineageKey":"greenRiverBlue","lineageLabel":"Green River / blue-lineage CT","basin":"Lower Yampa","note":"Yampa blue-lineage context","state":"CO","confidence":"HUC8 drainage context / generalized","geometryStatus":"natural_stream_detail_tile_from_full_interpreted_layer","troutSource":"HUC8 lineage assignment v1 / review needed","sourceName":"Little Creek","name":"Little Creek","source_id":"83363097","length_km":0.234,"FType":460,"FCode":46003,"atlas_class":"streamriver","display_name":"Little Creek","stream_role":"natural_stream_detail_context","sourceLayer":"colorado_natural_stream_detail_tiles_v1","sourceLabel":"Colorado natural stream detail tiles v1","sensitivity":"generalized"},"geometry":{"type":"LineString","coordinates":[[-107.77528,40.18184],[-107.77459,40.18382]]}},{"type":"Feature","properties":{"huc8":"14050002","huc8Name":"Lower Yampa","historic":"greenRiverBlue","current":"introduced","recovery":"recoveryWatch","lineageKey":"greenRiverBlue","lineageLabel":"Green River / blue-lineage CT","basin":"Lower Yampa","note":"Yampa blue-lineage context","state":"CO","confidence":"HUC8 drainage context / generalized","geometryStatus":"natural_stream_detail_tile_from_full_interpreted_layer","troutSource":"HUC8 lineage assignment v1 / review needed","sourceName":"Milk Creek","name":"Milk Creek","source_id":"83371297","length_km":0.31195759,"FType":460,"FCode":46006,"atlas_class":"streamriver","display_name":"Milk Creek","stream_role":"natural_stream_detail_context","sourceLayer":"colorado_natural_stream_detail_tiles_v1","sourceLabel":"Colorado natural stream detail tiles v1","sensitivity":"generalized"},"geometry":{"type":"LineString","coordinates":[[-107.72835,40.19331],[-107.72924,40.19372],[-107.7311,40.19268]]}},{"type":"Feature","properties":{"huc8":"14050002","huc8Name":"Lower Yampa","historic":"greenRiverBlue","current":"introduced","recovery":"recoveryWatch","lineageKey":"greenRiverBlue","lineageLabel":"Green River / blue-lineage CT","basin":"Lower Yampa","note":"Yampa blue-lineage context","state":"CO","confidence":"HUC8 drainage context / generalized","geometryStatus":"natural_stream_detail_tile_from_full_interpreted_layer","troutSource":"HUC8 lineage assignment v1 / review needed","sourceName":"James Creek","name":"James Creek","source_id":"83363217","length_km":0.175,"FType":460,"FCode":46006,"atlas_class":"streamriver","display_name":"James Creek","stream_role":"natural_stream_detail_context","sourceLayer":"colorado_natural_stream_detail_tiles_v1","sourceLabel":"Colorado natural stream detail tiles v1","sensitivity":"generalized"},"geometry":{"type":"LineString","coordinates":[[-107.79387,40.16015],[-107.79592,40.16016]]}},{"type":"Feature","properties":{"huc8":"14050002","huc8Name":"Lower Yampa","historic":"greenRiverBlue","current":"introduced","recovery":"recoveryWatch","lineageKey":"greenRiverBlue","lineageLabel":"Green River / blue-lineage CT","basin":"Lower Yampa","note":"Yampa blue-lineage context","state":"CO","confidence":"HUC8 drainage context / generalized","geometryStatus":"natural_stream_detail_tile_from_full_interpreted_layer","troutSource":"HUC8 lineage assignment v1 / review needed","sourceName":"James Creek","name":"James Creek","source_id":"83363203","length_km":0.017,"FType":460,"FCode":46006,"atlas_class":"streamriver","display_name":"James Creek","stream_role":"natural_stream_detail_context","sourceLayer":"colorado_natural_stream_detail_tiles_v1","sourceLabel":"Colorado natural stream detail tiles v1","sensitivity":"generalized"},"geometry":{"type":"LineString","coordinates":[[-107.79938,40.16165],[-107.79954,40.16174]]}},{"type":"Feature","properties":{"huc8":"14050002","huc8Name":"Lower Yampa","historic":"greenRiverBlue","current":"introduced","recovery":"recoveryWatch","lineageKey":"greenRiverBlue","lineageLabel":"Green River / blue-lineage CT","basin":"Lower Yampa","note":"Yampa blue-lineage context","state":"CO","confidence":"HUC8 drainage context / generalized","geometryStatus":"natural_stream_detail_tile_from_full_interpreted_layer","troutSource":"HUC8 lineage assignment v1 / review needed","sourceName":"Little Creek","name":"Little Creek","source_id":"83363037","length_km":2.128,"FType":460,"FCode":46006,"atlas_class":"streamriver","display_name":"Little Creek","stream_role":"natural_stream_detail_context","sourceLayer":"colorado_natural_stream_detail_tiles_v1","sourceLabel":"Colorado natural stream detail tiles v1","sensitivity":"generalized"},"geometry":{"type":"LineString","coordinates":[[-107.76738,40.19398],[-107.76391,40.20128],[-107.7603,40.20646],[-107.75937,40.21157]]}},{"type":"Feature","properties":{"huc8":"14050002","huc8Name":"Lower Yampa","historic":"greenRiverBlue","current":"introduced","recovery":"recoveryWatch","lineageKey":"greenRiverBlue","lineageLabel":"Green River / blue-lineage CT","basin":"Lower Yampa","note":"Yampa blue-lineage context","state":"CO","confidence":"HUC8 drainage context / generalized","geometryStatus":"natural_stream_detail_tile_from_full_interpreted_layer","troutSource":"HUC8 lineage assignment v1 / review needed","sourceName":"James Creek","name":"James Creek","source_id":"83363171","length_km":0.122,"FType":460,"FCode":46003,"atlas_class":"streamriver","display_name":"James Creek","stream_role":"natural_stream_detail_context","sourceLayer":"colorado_natural_stream_detail_tiles_v1","sourceLabel":"Colorado natural stream detail tiles v1","sensitivity":"generalized"},"geometry":{"type":"LineString","coordinates":[[-107.76986,40.16716],[-107.77124,40.16744]]}},{"type":"Feature","properties":{"huc8":"14050002","huc8Name":"Lower Yampa","historic":"greenRiverBlue","current":"introduced","recovery":"recoveryWatch","lineageKey":"greenRiverBlue","lineageLabel":"Green River / blue-lineage CT","basin":"Lower Yampa","note":"Yampa blue-lineage context","state":"CO","confidence":"HUC8 drainage context / generalized","geometryStatus":"natural_stream_detail_tile_from_full_interpreted_layer","troutSource":"HUC8 lineage assignment v1 / review needed","sourceName":"Little Creek","name":"Little Creek","source_id":"83363079","length_km":0.068,"FType":460,"FCode":46003,"atlas_class":"streamriver","display_name":"Little Creek","stream_role":"natural_stream_detail_context","sourceLayer":"colorado_natural_stream_detail_tiles_v1","sourceLabel":"Colorado natural stream detail tiles v1","sensitivity":"generalized"},"geometry":{"type":"LineString","coordinates":[[-107.7745,40.18402],[-107.77415,40.18457]]}},{"type":"Feature","properties":{"huc8":"14050002","huc8Name":"Lower Yampa","historic":"greenRiverBlue","current":"introduced","recovery":"recoveryWatch","lineageKey":"greenRiverBlue","lineageLabel":"Green River / blue-lineage CT","basin":"Lower Yampa","note":"Yampa blue-lineage context","state":"CO","confidence":"HUC8 drainage context / generalized","geometryStatus":"natural_stream_detail_tile_from_full_interpreted_layer","troutSource":"HUC8 lineage assignment v1 / review needed","sourceName":"Milk Creek","name":"Milk Creek","source_id":"83371281","length_km":1.688,"FType":460,"FCode":46006,"atlas_class":"streamriver","display_name":"Milk Creek","stream_role":"natural_stream_detail_context","sourceLayer":"colorado_natural_stream_detail_tiles_v1","sourceLabel":"Colorado natural stream detail tiles v1","sensitivity":"generalized"},"geometry":{"type":"LineString","coordinates":[[-107.73234,40.19477],[-107.7316,40.19527],[-107.73228,40.19576],[-107.73244,40.19748],[-107.73169,40.19771],[-107.73172,40.19885],[-107.73351,40.20041],[-107.73606,40.20071],[-107.73534,40.20179],[-107.73577,40.20213],[-107.73478,40.20219],[-107.7341,40.20294],[-107.73433,40.20349]]}},{"type":"Feature","properties":{"huc8":"14050002","huc8Name":"Lower Yampa","historic":"greenRiverBlue","current":"introduced","recovery":"recoveryWatch","lineageKey":"greenRiverBlue","lineageLabel":"Green River / blue-lineage CT","basin":"Lower Yampa","note":"Yampa blue-lineage context","state":"CO","confidence":"HUC8 drainage context / generalized","geometryStatus":"natural_stream_detail_tile_from_full_interpreted_layer","troutSource":"HUC8 lineage assignment v1 / review needed","sourceName":"Little Creek","name":"Little Creek","source_id":"83363075","length_km":0.142,"FType":460,"FCode":46003,"atlas_class":"streamriver","display_name":"Little Creek","stream_role":"natural_stream_detail_context","sourceLayer":"colorado_natural_stream_detail_tiles_v1","sourceLabel":"Colorado natural stream detail tiles v1","sensitivity":"generalized"},"geometry":{"type":"LineString","coordinates":[[-107.77415,40.18457],[-107.77326,40.18562]]}},{"type":"Feature","properties":{"huc8":"14050002","huc8Name":"Lower Yampa","historic":"greenRiverBlue","current":"introduced","recovery":"recoveryWatch","lineageKey":"greenRiverBlue","lineageLabel":"Green River / blue-lineage CT","basin":"Lower Yampa","note":"Yampa blue-lineage context","state":"CO","confidence":"HUC8 drainage context / generalized","geometryStatus":"natural_stream_detail_tile_from_full_interpreted_layer","troutSource":"HUC8 lineage assignment v1 / review needed","sourceName":"James Creek","name":"James Creek","source_id":"83363225","length_km":0.006,"FType":460,"FCode":46003,"atlas_class":"streamriver","display_name":"James Creek","stream_role":"natural_stream_detail_context","sourceLayer":"colorado_natural_stream_detail_tiles_v1","sourceLabel":"Colorado natural stream detail tiles v1","sensitivity":"generalized"},"geometry":{"type":"LineString","coordinates":[[-107.78487,40.15943],[-107.78492,40.15939]]}},{"type":"Feature","properties":{"huc8":"14050002","huc8Name":"Lower Yampa","historic":"greenRiverBlue","current":"introduced","recovery":"recoveryWatch","lineageKey":"greenRiverBlue","lineageLabel":"Green River / blue-lineage CT","basin":"Lower Yampa","note":"Yampa blue-lineage context","state":"CO","confidence":"HUC8 drainage context / generalized","geometryStatus":"natural_stream_detail_tile_from_full_interpreted_layer","troutSource":"HUC8 lineage assignment v1 / review needed","sourceName":"James Creek","name":"James Creek","source_id":"83363177","length_km":0.562,"FType":460,"FCode":46003,"atlas_class":"streamriver","display_name":"James Creek","stream_role":"natural_stream_detail_context","sourceLayer":"colorado_natural_stream_detail_tiles_v1","sourceLabel":"Colorado natural stream detail tiles v1","sensitivity":"generalized"},"geometry":{"type":"LineString","coordinates":[[-107.77214,40.16764],[-107.77443,40.16702],[-107.77755,40.16492]]}},{"type":"Feature","properties":{"huc8":"14050002","huc8Name":"Lower Yampa","historic":"greenRiverBlue","current":"introduced","recovery":"recoveryWatch","lineageKey":"greenRiverBlue","lineageLabel":"Green River / blue-lineage CT","basin":"Lower Yampa","note":"Yampa blue-lineage context","state":"CO","confidence":"HUC8 drainage context / generalized","geometryStatus":"natural_stream_detail_tile_from_full_interpreted_layer","troutSource":"HUC8 lineage assignment v1 / review needed","sourceName":"Milk Creek","name":"Milk Creek","source_id":"83371293","length_km":0.807,"FType":460,"FCode":46006,"atlas_class":"streamriver","display_name":"Milk Creek","stream_role":"natural_stream_detail_context","sourceLayer":"colorado_natural_stream_detail_tiles_v1","sourceLabel":"Colorado natural stream detail tiles v1","sensitivity":"generalized"},"geometry":{"type":"LineString","coordinates":[[-107.7238,40.19619],[-107.72513,40.19565],[-107.72571,40.19477],[-107.72644,40.19511],[-107.72625,40.194],[-107.72837,40.19376],[-107.72786,40.19345],[-107.72835,40.19331]]}},{"type":"Feature","properties":{"huc8":"14050002","huc8Name":"Lower Yampa","historic":"greenRiverBlue","current":"introduced","recovery":"recoveryWatch","lineageKey":"greenRiverBlue","lineageLabel":"Green River / blue-lineage CT","basin":"Lower Yampa","note":"Yampa blue-lineage context","state":"CO","confidence":"HUC8 drainage context / generalized","geometryStatus":"natural_stream_detail_tile_from_full_interpreted_layer","troutSource":"HUC8 lineage assignment v1 / review needed","sourceName":"James Creek","name":"James Creek","source_id":"83363241","length_km":0.009,"FType":460,"FCode":46006,"atlas_class":"streamriver","display_name":"James Creek","stream_role":"natural_stream_detail_context","sourceLayer":"colorado_natural_stream_detail_tiles_v1","sourceLabel":"Colorado natural stream detail tiles v1","sensitivity":"generalized"},"geometry":{"type":"LineString","coordinates":[[-107.78855,40.15907],[-107.78866,40.15909]]}},{"type":"Feature","properties":{"huc8":"14050002","huc8Name":"Lower Yampa","historic":"greenRiverBlue","current":"introduced","recovery":"recoveryWatch","lineageKey":"greenRiverBlue","lineageLabel":"Green River / blue-lineage CT","basin":"Lower Yampa","note":"Yampa blue-lineage context","state":"CO","confidence":"HUC8 drainage context / generalized","geometryStatus":"natural_stream_detail_tile_from_full_interpreted_layer","troutSource":"HUC8 lineage assignment v1 / review needed","sourceName":"James Creek","name":"James Creek","source_id":"83363221","length_km":0.168,"FType":460,"FCode":46003,"atlas_class":"streamriver","display_name":"James Creek","stream_role":"natural_stream_detail_context","sourceLayer":"colorado_natural_stream_detail_tiles_v1","sourceLabel":"Colorado natural stream detail tiles v1","sensitivity":"generalized"},"geometry":{"type":"LineString","coordinates":[[-107.78318,40.16067],[-107.78448,40.15959]]}},{"type":"Feature","properties":{"huc8":"14050002","huc8Name":"Lower Yampa","historic":"greenRiverBlue","current":"introduced","recovery":"recoveryWatch","lineageKey":"greenRiverBlue","lineageLabel":"Green River / blue-lineage CT","basin":"Lower Yampa","note":"Yampa blue-lineage context","state":"CO","confidence":"HUC8 drainage context / generalized","geometryStatus":"natural_stream_detail_tile_from_full_interpreted_layer","troutSource":"HUC8 lineage assignment v1 / review needed","sourceName":"James Creek","name":"James Creek","source_id":"83363213","length_km":0.006,"FType":460,"FCode":46006,"atlas_class":"streamriver","display_name":"James Creek","stream_role":"natural_stream_detail_context","sourceLayer":"colorado_natural_stream_detail_tiles_v1","sourceLabel":"Colorado natural stream detail tiles v1","sensitivity":"generalized"},"geometry":{"type":"LineString","coordinates":[[-107.79622,40.1603],[-107.79627,40.16034]]}},{"type":"Feature","properties":{"huc8":"14050002","huc8Name":"Lower Yampa","historic":"greenRiverBlue","current":"introduced","recovery":"recoveryWatch","lineageKey":"greenRiverBlue","lineageLabel":"Green River / blue-lineage CT","basin":"Lower Yampa","note":"Yampa blue-lineage context","state":"CO","confidence":"HUC8 drainage context / generalized","geometryStatus":"natural_stream_detail_tile_from_full_interpreted_layer","troutSource":"HUC8 lineage assignment v1 / review needed","sourceName":"James Creek","name":"James Creek","source_id":"83363207","length_km":0.194,"FType":460,"FCode":46006,"atlas_class":"streamriver","display_name":"James Creek","stream_role":"natural_stream_detail_context","sourceLayer":"colorado_natural_stream_detail_tiles_v1","sourceLabel":"Colorado natural stream detail tiles v1","sensitivity":"generalized"},"geometry":{"type":"LineString","coordinates":[[-107.79706,40.16078],[-107.79908,40.16158]]}},{"type":"Feature","properties":{"huc8":"14050002","huc8Name":"Lower Yampa","historic":"greenRiverBlue","current":"introduced","recovery":"recoveryWatch","lineageKey":"greenRiverBlue","lineageLabel":"Green River / blue-lineage CT","basin":"Lower Yampa","note":"Yampa blue-lineage context","state":"CO","confidence":"HUC8 drainage context / generalized","geometryStatus":"natural_stream_detail_tile_from_full_interpreted_layer","troutSource":"HUC8 lineage assignment v1 / review needed","sourceName":"James Creek","name":"James Creek","source_id":"83363235","length_km":0.31,"FType":460,"FCode":46006,"atlas_class":"streamriver","display_name":"James Creek","stream_role":"natural_stream_detail_context","sourceLayer":"colorado_natural_stream_detail_tiles_v1","sourceLabel":"Colorado natural stream detail tiles v1","sensitivity":"generalized"},"geometry":{"type":"LineString","coordinates":[[-107.79055,40.15912],[-107.79387,40.16015]]}},{"type":"Feature","properties":{"huc8":"14050002","huc8Name":"Lower Yampa","historic":"greenRiverBlue","current":"introduced","recovery":"recoveryWatch","lineageKey":"greenRiverBlue","lineageLabel":"Green River / blue-lineage CT","basin":"Lower Yampa","note":"Yampa blue-lineage context","state":"CO","confidence":"HUC8 drainage context / generalized","geometryStatus":"natural_stream_detail_tile_from_full_interpreted_layer","troutSource":"HUC8 lineage assignment v1 / review needed","sourceName":"James Creek","name":"James Creek","source_id":"83363189","length_km":0.395,"FType":460,"FCode":46003,"atlas_class":"streamriver","display_name":"James Creek","stream_role":"natural_stream_detail_context","sourceLayer":"colorado_natural_stream_detail_tiles_v1","sourceLabel":"Colorado natural stream detail tiles v1","sensitivity":"generalized"},"geometry":{"type":"LineString","coordinates":[[-107.77755,40.16492],[-107.78161,40.16325]]}},{"type":"Feature","properties":{"huc8":"14050002","huc8Name":"Lower Yampa","historic":"greenRiverBlue","current":"introduced","recovery":"recoveryWatch","lineageKey":"greenRiverBlue","lineageLabel":"Green River / blue-lineage CT","basin":"Lower Yampa","note":"Yampa blue-lineage context","state":"CO","confidence":"HUC8 drainage context / generalized","geometryStatus":"natural_stream_detail_tile_from_full_interpreted_layer","troutSource":"HUC8 lineage assignment v1 / review needed","sourceName":"James Creek","name":"James Creek","source_id":"83363169","length_km":0.312,"FType":460,"FCode":46003,"atlas_class":"streamriver","display_name":"James Creek","stream_role":"natural_stream_detail_context","sourceLayer":"colorado_natural_stream_detail_tiles_v1","sourceLabel":"Colorado natural stream detail tiles v1","sensitivity":"generalized"},"geometry":{"type":"LineString","coordinates":[[-107.76625,40.16763],[-107.76986,40.16716]]}},{"type":"Feature","properties":{"huc8":"14050002","huc8Name":"Lower Yampa","historic":"greenRiverBlue","current":"introduced","recovery":"recoveryWatch","lineageKey":"greenRiverBlue","lineageLabel":"Green River / blue-lineage CT","basin":"Lower Yampa","note":"Yampa blue-lineage context","state":"CO","confidence":"HUC8 drainage context / generalized","geometryStatus":"natural_stream_detail_tile_from_full_interpreted_layer","troutSource":"HUC8 lineage assignment v1 / review needed","sourceName":"Little Beaver Creek","name":"Little Beaver Creek","source_id":"159254452","length_km":1.917,"FType":460,"FCode":46003,"atlas_class":"streamriver","display_name":"Little Beaver Creek","stream_role":"natural_stream_detail_context","sourceLayer":"colorado_natural_stream_detail_tiles_v1","sourceLabel":"Colorado natural stream detail tiles v1","sensitivity":"generalized"},"geometry":{"type":"LineString","coordinates":[[-107.73164,40.17127],[-107.7281,40.17704],[-107.72525,40.18736]]}},{"type":"Feature","properties":{"huc8":"14050002","huc8Name":"Lower Yampa","historic":"greenRiverBlue","current":"introduced","recovery":"recoveryWatch","lineageKey":"greenRiverBlue","lineageLabel":"Green River / blue-lineage CT","basin":"Lower Yampa","note":"Yampa blue-lineage context","state":"CO","confidence":"HUC8 drainage context / generalized","geometryStatus":"natural_stream_detail_tile_from_full_interpreted_layer","troutSource":"HUC8 lineage assignment v1 / review needed","sourceName":"James Creek","name":"James Creek","source_id":"83363227","length_km":0.007,"FType":460,"FCode":46003,"atlas_class":"streamriver","display_name":"James Creek","stream_role":"natural_stream_detail_context","sourceLayer":"colorado_natural_stream_detail_tiles_v1","sourceLabel":"Colorado natural stream detail tiles v1","sensitivity":"generalized"},"geometry":{"type":"LineString","coordinates":[[-107.7851,40.15938],[-107.78518,40.15938]]}},{"type":"Feature","properties":{"huc8":"14050002","huc8Name":"Lower Yampa","historic":"greenRiverBlue","current":"introduced","recovery":"recoveryWatch","lineageKey":"greenRiverBlue","lineageLabel":"Green River / blue-lineage CT","basin":"Lower Yampa","note":"Yampa blue-lineage context","state":"CO","confidence":"HUC8 drainage context / generalized","geometryStatus":"natural_stream_detail_tile_from_full_interpreted_layer","troutSource":"HUC8 lineage assignment v1 / review needed","sourceName":"James Creek","name":"James Creek","source_id":"83363233","length_km":0.018,"FType":460,"FCode":46006,"atlas_class":"streamriver","display_name":"James Creek","stream_role":"natural_stream_detail_context","sourceLayer":"colorado_natural_stream_detail_tiles_v1","sourceLabel":"Colorado natural stream detail tiles v1","sensitivity":"generalized"},"geometry":{"type":"LineString","coordinates":[[-107.79009,40.1592],[-107.79029,40.15915]]}},{"type":"Feature","properties":{"huc8":"14050002","huc8Name":"Lower Yampa","historic":"greenRiverBlue","current":"introduced","recovery":"recoveryWatch","lineageKey":"greenRiverBlue","lineageLabel":"Green River / blue-lineage CT","basin":"Lower Yampa","note":"Yampa blue-lineage context","state":"CO","confidence":"HUC8 drainage context / generalized","geometryStatus":"natural_stream_detail_tile_from_full_interpreted_layer","troutSource":"HUC8 lineage assignment v1 / review needed","sourceName":"James Creek","name":"James Creek","source_id":"83363209","length_km":0.246,"FType":460,"FCode":46003,"atlas_class":"streamriver","display_name":"James Creek","stream_role":"natural_stream_detail_context","sourceLayer":"colorado_natural_stream_detail_tiles_v1","sourceLabel":"Colorado natural stream detail tiles v1","sensitivity":"generalized"},"geometry":{"type":"LineString","coordinates":[[-107.78177,40.16278],[-107.78292,40.1608]]}},{"type":"Feature","properties":{"huc8":"14050002","huc8Name":"Lower Yampa","historic":"greenRiverBlue","current":"introduced","recovery":"recoveryWatch","lineageKey":"greenRiverBlue","lineageLabel":"Green River / blue-lineage CT","basin":"Lower Yampa","note":"Yampa blue-lineage context","state":"CO","confidence":"HUC8 drainage context / generalized","geometryStatus":"natural_stream_detail_tile_from_full_interpreted_layer","troutSource":"HUC8 lineage assignment v1 / review needed","sourceName":"Elkhorn Creek","name":"Elkhorn Creek","source_id":"83363053","length_km":3.525,"FType":460,"FCode":46003,"atlas_class":"streamriver","display_name":"Elkhorn Creek","stream_role":"natural_stream_detail_context","sourceLayer":"colorado_natural_stream_detail_tiles_v1","sourceLabel":"Colorado natural stream detail tiles v1","sensitivity":"generalized"},"geometry":{"type":"LineString","coordinates":[[-107.78338,40.18933],[-107.78514,40.19145],[-107.78615,40.19434],[-107.78675,40.20232],[-107.78656,40.20528],[-107.78453,40.21141],[-107.78381,40.2167],[-107.78174,40.21933]]}},{"type":"Feature","properties":{"huc8":"14050002","huc8Name":"Lower Yampa","historic":"greenRiverBlue","current":"introduced","recovery":"recoveryWatch","lineageKey":"greenRiverBlue","lineageLabel":"Green River / blue-lineage CT","basin":"Lower Yampa","note":"Yampa blue-lineage context","state":"CO","confidence":"HUC8 drainage context / generalized","geometryStatus":"natural_stream_detail_tile_from_full_interpreted_layer","troutSource":"HUC8 lineage assignment v1 / review needed","sourceName":"James Creek","name":"James Creek","source_id":"83363211","length_km":0.028,"FType":460,"FCode":46006,"atlas_class":"streamriver","display_name":"James Creek","stream_role":"natural_stream_detail_context","sourceLayer":"colorado_natural_stream_detail_tiles_v1","sourceLabel":"Colorado natural stream detail tiles v1","sensitivity":"generalized"},"geometry":{"type":"LineString","coordinates":[[-107.79648,40.16045],[-107.7967,40.16063]]}},{"type":"Feature","properties":{"huc8":"14050005","huc8Name":"Upper White","historic":"greenRiverBlue","current":"introduced","recovery":"recoveryWatch","lineageKey":"greenRiverBlue","lineageLabel":"Green River / blue-lineage CT","basin":"Upper White","note":"White River blue-lineage context","state":"CO","confidence":"HUC8 drainage context / generalized","geometryStatus":"natural_stream_detail_tile_from_full_interpreted_layer","troutSource":"HUC8 lineage assignment v1 / review needed","sourceName":"Big Beaver Creek","name":"Big Beaver Creek","source_id":"161835597","length_km":0.50893851,"FType":460,"FCode":46006,"atlas_class":"streamriver","display_name":"Big Beaver Creek","stream_role":"natural_stream_detail_context","sourceLayer":"colorado_natural_stream_detail_tiles_v1","sourceLabel":"Colorado natural stream detail tiles v1","sensitivity":"generalized"},"geometry":{"type":"LineString","coordinates":[[-107.59672,40.08418],[-107.60169,40.08206]]}},{"type":"Feature","properties":{"huc8":"14050005","huc8Name":"Upper White","historic":"greenRiverBlue","current":"introduced","recovery":"recoveryWatch","lineageKey":"greenRiverBlue","lineageLabel":"Green River / blue-lineage CT","basin":"Upper White","note":"White River blue-lineage context","state":"CO","confidence":"HUC8 drainage context / generalized","geometryStatus":"natural_stream_detail_tile_from_full_interpreted_layer","troutSource":"HUC8 lineage assignment v1 / review needed","sourceName":"Goff Creek","name":"Goff Creek","source_id":"161835507","length_km":0.95560255,"FType":460,"FCode":46003,"atlas_class":"streamriver","display_name":"Goff Creek","stream_role":"natural_stream_detail_context","sourceLayer":"colorado_natural_stream_detail_tiles_v1","sourceLabel":"Colorado natural stream detail tiles v1","sensitivity":"generalized"},"geometry":{"type":"LineString","coordinates":[[-107.59444,40.07301],[-107.60039,40.0737],[-107.60532,40.07337]]}},{"type":"Feature","properties":{"huc8":"14050002","huc8Name":"Lower Yampa","historic":"greenRiverBlue","current":"introduced","recovery":"recoveryWatch","lineageKey":"greenRiverBlue","lineageLabel":"Green River / blue-lineage CT","basin":"Lower Yampa","note":"Yampa blue-lineage context","state":"CO","confidence":"HUC8 drainage context / generalized","geometryStatus":"natural_stream_detail_tile_from_full_interpreted_layer","troutSource":"HUC8 lineage assignment v1 / review needed","sourceName":"Milk Creek","name":"Milk Creek","source_id":"83371251","length_km":0.794,"FType":460,"FCode":46006,"atlas_class":"streamriver","display_name":"Milk Creek","stream_role":"natural_stream_detail_context","sourceLayer":"colorado_natural_stream_detail_tiles_v1","sourceLabel":"Colorado natural stream detail tiles v1","sensitivity":"generalized"},"geometry":{"type":"LineString","coordinates":[[-107.71509,40.20003],[-107.71579,40.19969],[-107.71594,40.20056],[-107.71766,40.19967],[-107.7187,40.19981],[-107.71824,40.19916],[-107.71886,40.1988],[-107.7203,40.19896]]}},{"type":"Feature","properties":{"huc8":"14050002","huc8Name":"Lower Yampa","historic":"greenRiverBlue","current":"introduced","recovery":"recoveryWatch","lineageKey":"greenRiverBlue","lineageLabel":"Green River / blue-lineage CT","basin":"Lower Yampa","note":"Yampa blue-lineage context","state":"CO","confidence":"HUC8 drainage context / generalized","geometryStatus":"natural_stream_detail_tile_from_full_interpreted_layer","troutSource":"HUC8 lineage assignment v1 / review needed","sourceName":"Little Beaver Creek","name":"Little Beaver Creek","source_id":"159254680","length_km":0.758,"FType":460,"FCode":46003,"atlas_class":"streamriver","display_name":"Little Beaver Creek","stream_role":"natural_stream_detail_context","sourceLayer":"colorado_natural_stream_detail_tiles_v1","sourceLabel":"Colorado natural stream detail tiles v1","sensitivity":"generalized"},"geometry":{"type":"LineString","coordinates":[[-107.72525,40.18736],[-107.72337,40.1939]]}},{"type":"Feature","properties":{"huc8":"14050002","huc8Name":"Lower Yampa","historic":"greenRiverBlue","current":"introduced","recovery":"recoveryWatch","lineageKey":"greenRiverBlue","lineageLabel":"Green River / blue-lineage CT","basin":"Lower Yampa","note":"Yampa blue-lineage context","state":"CO","confidence":"HUC8 drainage context / generalized","geometryStatus":"natural_stream_detail_tile_from_full_interpreted_layer","troutSource":"HUC8 lineage assignment v1 / review needed","sourceName":"Milk Creek","name":"Milk Creek","source_id":"83371265","length_km":0.679,"FType":460,"FCode":46006,"atlas_class":"streamriver","display_name":"Milk Creek","stream_role":"natural_stream_detail_context","sourceLayer":"colorado_natural_stream_detail_tiles_v1","sourceLabel":"Colorado natural stream detail tiles v1","sensitivity":"generalized"},"geometry":{"type":"LineString","coordinates":[[-107.7203,40.19896],[-107.72061,40.19798],[-107.72002,40.1975],[-107.72274,40.19719],[-107.7238,40.19619]]}},{"type":"Feature","properties":{"huc8":"14050002","huc8Name":"Lower Yampa","historic":"greenRiverBlue","current":"introduced","recovery":"recoveryWatch","lineageKey":"greenRiverBlue","lineageLabel":"Green River / blue-lineage CT","basin":"Lower Yampa","note":"Yampa blue-lineage context","state":"CO","confidence":"HUC8 drainage context / generalized","geometryStatus":"natural_stream_detail_tile_from_full_interpreted_layer","troutSource":"HUC8 lineage assignment v1 / review needed","sourceName":"Little Beaver Creek","name":"Little Beaver Creek","source_id":"159254681","length_km":0.288,"FType":460,"FCode":46003,"atlas_class":"streamriver","display_name":"Little Beaver Creek","stream_role":"natural_stream_detail_context","sourceLayer":"colorado_natural_stream_detail_tiles_v1","sourceLabel":"Colorado natural stream detail tiles v1","sensitivity":"generalized"},"geometry":{"type":"LineString","coordinates":[[-107.72337,40.1939],[-107.7238,40.19619]]}},{"type":"Feature","properties":{"huc8":"14050005","huc8Name":"Upper White","historic":"greenRiverBlue","current":"introduced","recovery":"recoveryWatch","lineageKey":"greenRiverBlue","lineageLabel":"Green River / blue-lineage CT","basin":"Upper White","note":"White River blue-lineage context","state":"CO","confidence":"HUC8 drainage context / generalized","geometryStatus":"natural_stream_detail_tile_from_full_interpreted_layer","troutSource":"HUC8 lineage assignment v1 / review needed","sourceName":"Cherry Creek","name":"Cherry Creek","source_id":"161837922","length_km":0.11504794,"FType":460,"FCode":46003,"atlas_class":"streamriver","display_name":"Cherry Creek","stream_role":"natural_stream_detail_context","sourceLayer":"colorado_natural_stream_detail_tiles_v1","sourceLabel":"Colorado natural stream detail tiles v1","sensitivity":"generalized"},"geometry":{"type":"LineString","coordinates":[[-107.6744,40.05736],[-107.67457,40.05636]]}},{"type":"Feature","properties":{"huc8":"14050005","huc8Name":"Upper White","historic":"greenRiverBlue","current":"introduced","recovery":"recoveryWatch","lineageKey":"greenRiverBlue","lineageLabel":"Green River / blue-lineage CT","basin":"Upper White","note":"White River blue-lineage context","state":"CO","confidence":"HUC8 drainage context / generalized","geometryStatus":"natural_stream_detail_tile_from_full_interpreted_layer","troutSource":"HUC8 lineage assignment v1 / review needed","sourceName":"Sawmill Creek","name":"Sawmill Creek","source_id":"161837953","length_km":0.09461317,"FType":460,"FCode":46006,"atlas_class":"streamriver","display_name":"Sawmill Creek","stream_role":"natural_stream_detail_context","sourceLayer":"colorado_natural_stream_detail_tiles_v1","sourceLabel":"Colorado natural stream detail tiles v1","sensitivity":"generalized"},"geometry":{"type":"LineString","coordinates":[[-107.69291,40.04988],[-107.69328,40.04909]]}},{"type":"Feature","properties":{"huc8":"14050005","huc8Name":"Upper White","historic":"greenRiverBlue","current":"introduced","recovery":"recoveryWatch","lineageKey":"greenRiverBlue","lineageLabel":"Green River / blue-lineage CT","basin":"Upper White","note":"White River blue-lineage context","state":"CO","confidence":"HUC8 drainage context / generalized","geometryStatus":"natural_stream_detail_tile_from_full_interpreted_layer","troutSource":"HUC8 lineage assignment v1 / review needed","sourceName":"Cherry Creek","name":"Cherry Creek","source_id":"161838122","length_km":0.15100956,"FType":460,"FCode":46003,"atlas_class":"streamriver","display_name":"Cherry Creek","stream_role":"natural_stream_detail_context","sourceLayer":"colorado_natural_stream_detail_tiles_v1","sourceLabel":"Colorado natural stream detail tiles v1","sensitivity":"generalized"},"geometry":{"type":"LineString","coordinates":[[-107.67457,40.05636],[-107.6759,40.05546]]}},{"type":"Feature","properties":{"huc8":"14050005","huc8Name":"Upper White","historic":"greenRiverBlue","current":"introduced","recovery":"recoveryWatch","lineageKey":"greenRiverBlue","lineageLabel":"Green River / blue-lineage CT","basin":"Upper White","note":"White River blue-lineage context","state":"CO","confidence":"HUC8 drainage context / generalized","geometryStatus":"natural_stream_detail_tile_from_full_interpreted_layer","troutSource":"HUC8 lineage assignment v1 / review needed","sourceName":"Sawmill Creek","name":"Sawmill Creek","source_id":"90434071","length_km":0.34700592,"FType":460,"FCode":46006,"atlas_class":"streamriver","display_name":"Sawmill Creek","stream_role":"natural_stream_detail_context","sourceLayer":"colorado_natural_stream_detail_tiles_v1","sourceLabel":"Colorado natural stream detail tiles v1","sensitivity":"generalized"},"geometry":{"type":"LineString","coordinates":[[-107.69338,40.05267],[-107.69291,40.04988]]}},{"type":"Feature","properties":{"huc8":"14050005","huc8Name":"Upper White","historic":"greenRiverBlue","current":"introduced","recovery":"recoveryWatch","lineageKey":"greenRiverBlue","lineageLabel":"Green River / blue-lineage CT","basin":"Upper White","note":"White River blue-lineage context","state":"CO","confidence":"HUC8 drainage context / generalized","geometryStatus":"natural_stream_detail_tile_from_full_interpreted_layer","troutSource":"HUC8 lineage assignment v1 / review needed","sourceName":"Dickerville Creek","name":"Dickerville Creek","source_id":"161837904","length_km":0.17819727,"FType":460,"FCode":46006,"atlas_class":"streamriver","display_name":"Dickerville Creek","stream_role":"natural_stream_detail_context","sourceLayer":"colorado_natural_stream_detail_tiles_v1","sourceLabel":"Colorado natural stream detail tiles v1","sensitivity":"generalized"},"geometry":{"type":"LineString","coordinates":[[-107.72318,40.05489],[-107.72421,40.05421],[-107.72404,40.05382]]}},{"type":"Feature","properties":{"huc8":"14050005","huc8Name":"Upper White","historic":"greenRiverBlue","current":"introduced","recovery":"recoveryWatch","lineageKey":"greenRiverBlue","lineageLabel":"Green River / blue-lineage CT","basin":"Upper White","note":"White River blue-lineage context","state":"CO","confidence":"HUC8 drainage context / generalized","geometryStatus":"natural_stream_detail_tile_from_full_interpreted_layer","troutSource":"HUC8 lineage assignment v1 / review needed","sourceName":"Cottonwood Creek","name":"Cottonwood Creek","source_id":"161838156","length_km":0.38304794,"FType":460,"FCode":46003,"atlas_class":"streamriver","display_name":"Cottonwood Creek","stream_role":"natural_stream_detail_context","sourceLayer":"colorado_natural_stream_detail_tiles_v1","sourceLabel":"Colorado natural stream detail tiles v1","sensitivity":"generalized"},"geometry":{"type":"LineString","coordinates":[[-107.66136,40.06144],[-107.66461,40.0591]]}},{"type":"Feature","properties":{"huc8":"14050005","huc8Name":"Upper White","historic":"greenRiverBlue","current":"introduced","recovery":"recoveryWatch","lineageKey":"greenRiverBlue","lineageLabel":"Green River / blue-lineage CT","basin":"Upper White","note":"White River blue-lineage context","state":"CO","confidence":"HUC8 drainage context / generalized","geometryStatus":"natural_stream_detail_tile_from_full_interpreted_layer","troutSource":"HUC8 lineage assignment v1 / review needed","sourceName":"Sawmill Creek","name":"Sawmill Creek","source_id":"161837989","length_km":1.0636179,"FType":460,"FCode":46006,"atlas_class":"streamriver","display_name":"Sawmill Creek","stream_role":"natural_stream_detail_context","sourceLayer":"colorado_natural_stream_detail_tiles_v1","sourceLabel":"Colorado natural stream detail tiles v1","sensitivity":"generalized"},"geometry":{"type":"LineString","coordinates":[[-107.69668,40.06349],[-107.6963,40.05891],[-107.69415,40.05713],[-107.69373,40.05518]]}},{"type":"Feature","properties":{"huc8":"14050005","huc8Name":"Upper White","historic":"greenRiverBlue","current":"introduced","recovery":"recoveryWatch","lineageKey":"greenRiverBlue","lineageLabel":"Green River / blue-lineage CT","basin":"Upper White","note":"White River blue-lineage context","state":"CO","confidence":"HUC8 drainage context / generalized","geometryStatus":"natural_stream_detail_tile_from_full_interpreted_layer","troutSource":"HUC8 lineage assignment v1 / review needed","sourceName":"Cottonwood Creek","name":"Cottonwood Creek","source_id":"161838044","length_km":0.54846535,"FType":460,"FCode":46003,"atlas_class":"streamriver","display_name":"Cottonwood Creek","stream_role":"natural_stream_detail_context","sourceLayer":"colorado_natural_stream_detail_tiles_v1","sourceLabel":"Colorado natural stream detail tiles v1","sensitivity":"generalized"},"geometry":{"type":"LineString","coordinates":[[-107.66508,40.05623],[-107.66319,40.05166]]}},{"type":"Feature","properties":{"huc8":"14050005","huc8Name":"Upper White","historic":"greenRiverBlue","current":"introduced","recovery":"recoveryWatch","lineageKey":"greenRiverBlue","lineageLabel":"Green River / blue-lineage CT","basin":"Upper White","note":"White River blue-lineage context","state":"CO","confidence":"HUC8 drainage context / generalized","geometryStatus":"natural_stream_detail_tile_from_full_interpreted_layer","troutSource":"HUC8 lineage assignment v1 / review needed","sourceName":"Sawmill Creek","name":"Sawmill Creek","source_id":"90433951","length_km":0.12520519,"FType":460,"FCode":46006,"atlas_class":"streamriver","display_name":"Sawmill Creek","stream_role":"natural_stream_detail_context","sourceLayer":"colorado_natural_stream_detail_tiles_v1","sourceLabel":"Colorado natural stream detail tiles v1","sensitivity":"generalized"},"geometry":{"type":"LineString","coordinates":[[-107.69649,40.06458],[-107.6966,40.06354]]}},{"type":"Feature","properties":{"huc8":"14050005","huc8Name":"Upper White","historic":"greenRiverBlue","current":"introduced","recovery":"recoveryWatch","lineageKey":"greenRiverBlue","lineageLabel":"Green River / blue-lineage CT","basin":"Upper White","note":"White River blue-lineage context","state":"CO","confidence":"HUC8 drainage context / generalized","geometryStatus":"natural_stream_detail_tile_from_full_interpreted_layer","troutSource":"HUC8 lineage assignment v1 / review needed","sourceName":"Dickerville Creek","name":"Dickerville Creek","source_id":"161835082","length_km":1.0062358,"FType":460,"FCode":46006,"atlas_class":"streamriver","display_name":"Dickerville Creek","stream_role":"natural_stream_detail_context","sourceLayer":"colorado_natural_stream_detail_tiles_v1","sourceLabel":"Colorado natural stream detail tiles v1","sensitivity":"generalized"},"geometry":{"type":"LineString","coordinates":[[-107.72235,40.06392],[-107.72088,40.06124],[-107.7212,40.05895],[-107.72052,40.05759],[-107.72118,40.05628]]}},{"type":"Feature","properties":{"huc8":"14050005","huc8Name":"Upper White","historic":"greenRiverBlue","current":"introduced","recovery":"recoveryWatch","lineageKey":"greenRiverBlue","lineageLabel":"Green River / blue-lineage CT","basin":"Upper White","note":"White River blue-lineage context","state":"CO","confidence":"HUC8 drainage context / generalized","geometryStatus":"natural_stream_detail_tile_from_full_interpreted_layer","troutSource":"HUC8 lineage assignment v1 / review needed","sourceName":"Cottonwood Creek","name":"Cottonwood Creek","source_id":"161834951","length_km":0.49019419,"FType":460,"FCode":46003,"atlas_class":"streamriver","display_name":"Cottonwood Creek","stream_role":"natural_stream_detail_context","sourceLayer":"colorado_natural_stream_detail_tiles_v1","sourceLabel":"Colorado natural stream detail tiles v1","sensitivity":"generalized"},"geometry":{"type":"LineString","coordinates":[[-107.65852,40.0674],[-107.6596,40.06605],[-107.66024,40.06336]]}},{"type":"Feature","properties":{"huc8":"14050005","huc8Name":"Upper White","historic":"greenRiverBlue","current":"introduced","recovery":"recoveryWatch","lineageKey":"greenRiverBlue","lineageLabel":"Green River / blue-lineage CT","basin":"Upper White","note":"White River blue-lineage context","state":"CO","confidence":"HUC8 drainage context / generalized","geometryStatus":"natural_stream_detail_tile_from_full_interpreted_layer","troutSource":"HUC8 lineage assignment v1 / review needed","sourceName":"Cherry Creek","name":"Cherry Creek","source_id":"161838172","length_km":0.15396085,"FType":460,"FCode":46003,"atlas_class":"streamriver","display_name":"Cherry Creek","stream_role":"natural_stream_detail_context","sourceLayer":"colorado_natural_stream_detail_tiles_v1","sourceLabel":"Colorado natural stream detail tiles v1","sensitivity":"generalized"},"geometry":{"type":"LineString","coordinates":[[-107.67439,40.05893],[-107.67443,40.05756]]}},{"type":"Feature","properties":{"huc8":"14050005","huc8Name":"Upper White","historic":"greenRiverBlue","current":"introduced","recovery":"recoveryWatch","lineageKey":"greenRiverBlue","lineageLabel":"Green River / blue-lineage CT","basin":"Upper White","note":"White River blue-lineage context","state":"CO","confidence":"HUC8 drainage context / generalized","geometryStatus":"natural_stream_detail_tile_from_full_interpreted_layer","troutSource":"HUC8 lineage assignment v1 / review needed","sourceName":"Dickerville Creek","name":"Dickerville Creek","source_id":"161837903","length_km":0.25200263,"FType":460,"FCode":46006,"atlas_class":"streamriver","display_name":"Dickerville Creek","stream_role":"natural_stream_detail_context","sourceLayer":"colorado_natural_stream_detail_tiles_v1","sourceLabel":"Colorado natural stream detail tiles v1","sensitivity":"generalized"},"geometry":{"type":"LineString","coordinates":[[-107.72118,40.05628],[-107.72318,40.05489]]}},{"type":"Feature","properties":{"huc8":"14050005","huc8Name":"Upper White","historic":"greenRiverBlue","current":"introduced","recovery":"recoveryWatch","lineageKey":"greenRiverBlue","lineageLabel":"Green River / blue-lineage CT","basin":"Upper White","note":"White River blue-lineage context","state":"CO","confidence":"HUC8 drainage context / generalized","geometryStatus":"natural_stream_detail_tile_from_full_interpreted_layer","troutSource":"HUC8 lineage assignment v1 / review needed","sourceName":"Cherry Creek","name":"Cherry Creek","source_id":"161837884","length_km":0.10233064,"FType":460,"FCode":46003,"atlas_class":"streamriver","display_name":"Cherry Creek","stream_role":"natural_stream_detail_context","sourceLayer":"colorado_natural_stream_detail_tiles_v1","sourceLabel":"Colorado natural stream detail tiles v1","sensitivity":"generalized"},"geometry":{"type":"LineString","coordinates":[[-107.67659,40.05491],[-107.67761,40.05446]]}},{"type":"Feature","properties":{"huc8":"14050002","huc8Name":"Lower Yampa","historic":"greenRiverBlue","current":"introduced","recovery":"recoveryWatch","lineageKey":"greenRiverBlue","lineageLabel":"Green River / blue-lineage CT","basin":"Lower Yampa","note":"Yampa blue-lineage context","state":"CO","confidence":"HUC8 drainage context / generalized","geometryStatus":"natural_stream_detail_tile_from_full_interpreted_layer","troutSource":"HUC8 lineage assignment v1 / review needed","sourceName":"Milk Creek","name":"Milk Creek","source_id":"83368059","length_km":0.485,"FType":460,"FCode":46006,"atlas_class":"streamriver","display_name":"Milk Creek","stream_role":"natural_stream_detail_context","sourceLayer":"colorado_natural_stream_detail_tiles_v1","sourceLabel":"Colorado natural stream detail tiles v1","sensitivity":"generalized"},"geometry":{"type":"LineString","coordinates":[[-107.60728,40.14594],[-107.61145,40.14799]]}},{"type":"Feature","properties":{"huc8":"14050002","huc8Name":"Lower Yampa","historic":"greenRiverBlue","current":"introduced","recovery":"recoveryWatch","lineageKey":"greenRiverBlue","lineageLabel":"Green River / blue-lineage CT","basin":"Lower Yampa","note":"Yampa blue-lineage context","state":"CO","confidence":"HUC8 drainage context / generalized","geometryStatus":"natural_stream_detail_tile_from_full_interpreted_layer","troutSource":"HUC8 lineage assignment v1 / review needed","sourceName":"Timber Creek","name":"Timber Creek","source_id":"159254555","length_km":0.117,"FType":460,"FCode":46003,"atlas_class":"streamriver","display_name":"Timber Creek","stream_role":"natural_stream_detail_context","sourceLayer":"colorado_natural_stream_detail_tiles_v1","sourceLabel":"Colorado natural stream detail tiles v1","sensitivity":"generalized"},"geometry":{"type":"LineString","coordinates":[[-107.60003,40.13946],[-107.60057,40.14037]]}},{"type":"Feature","properties":{"huc8":"14050002","huc8Name":"Lower Yampa","historic":"greenRiverBlue","current":"introduced","recovery":"recoveryWatch","lineageKey":"greenRiverBlue","lineageLabel":"Green River / blue-lineage CT","basin":"Lower Yampa","note":"Yampa blue-lineage context","state":"CO","confidence":"HUC8 drainage context / generalized","geometryStatus":"natural_stream_detail_tile_from_full_interpreted_layer","troutSource":"HUC8 lineage assignment v1 / review needed","sourceName":"Timber Creek","name":"Timber Creek","source_id":"159254363","length_km":0.203,"FType":460,"FCode":46003,"atlas_class":"streamriver","display_name":"Timber Creek","stream_role":"natural_stream_detail_context","sourceLayer":"colorado_natural_stream_detail_tiles_v1","sourceLabel":"Colorado natural stream detail tiles v1","sensitivity":"generalized"},"geometry":{"type":"LineString","coordinates":[[-107.59925,40.13516],[-107.60026,40.1365]]}},{"type":"Feature","properties":{"huc8":"14050002","huc8Name":"Lower Yampa","historic":"greenRiverBlue","current":"introduced","recovery":"recoveryWatch","lineageKey":"greenRiverBlue","lineageLabel":"Green River / blue-lineage CT","basin":"Lower Yampa","note":"Yampa blue-lineage context","state":"CO","confidence":"HUC8 drainage context / generalized","geometryStatus":"natural_stream_detail_tile_from_full_interpreted_layer","troutSource":"HUC8 lineage assignment v1 / review needed","sourceName":"Timber Creek","name":"Timber Creek","source_id":"159254504","length_km":0.04,"FType":460,"FCode":46003,"atlas_class":"streamriver","display_name":"Timber Creek","stream_role":"natural_stream_detail_context","sourceLayer":"colorado_natural_stream_detail_tiles_v1","sourceLabel":"Colorado natural stream detail tiles v1","sensitivity":"generalized"},"geometry":{"type":"LineString","coordinates":[[-107.60057,40.14037],[-107.60079,40.14067]]}},{"type":"Feature","properties":{"huc8":"14050002","huc8Name":"Lower Yampa","historic":"greenRiverBlue","current":"introduced","recovery":"recoveryWatch","lineageKey":"greenRiverBlue","lineageLabel":"Green River / blue-lineage CT","basin":"Lower Yampa","note":"Yampa blue-lineage context","state":"CO","confidence":"HUC8 drainage context / generalized","geometryStatus":"natural_stream_detail_tile_from_full_interpreted_layer","troutSource":"HUC8 lineage assignment v1 / review needed","sourceName":"Timber Creek","name":"Timber Creek","source_id":"159254554","length_km":0.366,"FType":460,"FCode":46003,"atlas_class":"streamriver","display_name":"Timber Creek","stream_role":"natural_stream_detail_context","sourceLayer":"colorado_natural_stream_detail_tiles_v1","sourceLabel":"Colorado natural stream detail tiles v1","sensitivity":"generalized"},"geometry":{"type":"LineString","coordinates":[[-107.60026,40.1365],[-107.60003,40.13946]]}},{"type":"Feature","properties":{"huc8":"14050002","huc8Name":"Lower Yampa","historic":"greenRiverBlue","current":"introduced","recovery":"recoveryWatch","lineageKey":"greenRiverBlue","lineageLabel":"Green River / blue-lineage CT","basin":"Lower Yampa","note":"Yampa blue-lineage context","state":"CO","confidence":"HUC8 drainage context / generalized","geometryStatus":"natural_stream_detail_tile_from_full_interpreted_layer","troutSource":"HUC8 lineage assignment v1 / review needed","sourceName":"Milk Creek","name":"Milk Creek","source_id":"83368045","length_km":0.265,"FType":460,"FCode":46006,"atlas_class":"streamriver","display_name":"Milk Creek","stream_role":"natural_stream_detail_context","sourceLayer":"colorado_natural_stream_detail_tiles_v1","sourceLabel":"Colorado natural stream detail tiles v1","sensitivity":"generalized"},"geometry":{"type":"LineString","coordinates":[[-107.61862,40.15071],[-107.61932,40.15024],[-107.62131,40.15072]]}},{"type":"Feature","properties":{"huc8":"14050002","huc8Name":"Lower Yampa","historic":"greenRiverBlue","current":"introduced","recovery":"recoveryWatch","lineageKey":"greenRiverBlue","lineageLabel":"Green River / blue-lineage CT","basin":"Lower Yampa","note":"Yampa blue-lineage context","state":"CO","confidence":"HUC8 drainage context / generalized","geometryStatus":"natural_stream_detail_tile_from_full_interpreted_layer","troutSource":"HUC8 lineage assignment v1 / review needed","sourceName":"Timber Creek","name":"Timber Creek","source_id":"159254468","length_km":0.916,"FType":460,"FCode":46003,"atlas_class":"streamriver","display_name":"Timber Creek","stream_role":"natural_stream_detail_context","sourceLayer":"colorado_natural_stream_detail_tiles_v1","sourceLabel":"Colorado natural stream detail tiles v1","sensitivity":"generalized"},"geometry":{"type":"LineString","coordinates":[[-107.60079,40.14067],[-107.60242,40.14138],[-107.6033,40.14384],[-107.60728,40.14594]]}},{"type":"Feature","properties":{"huc8":"14050002","huc8Name":"Lower Yampa","historic":"greenRiverBlue","current":"introduced","recovery":"recoveryWatch","lineageKey":"greenRiverBlue","lineageLabel":"Green River / blue-lineage CT","basin":"Lower Yampa","note":"Yampa blue-lineage context","state":"CO","confidence":"HUC8 drainage context / generalized","geometryStatus":"natural_stream_detail_tile_from_full_interpreted_layer","troutSource":"HUC8 lineage assignment v1 / review needed","sourceName":"Milk Creek","name":"Milk Creek","source_id":"159254351","length_km":0.142,"FType":460,"FCode":46006,"atlas_class":"streamriver","display_name":"Milk Creek","stream_role":"natural_stream_detail_context","sourceLayer":"colorado_natural_stream_detail_tiles_v1","sourceLabel":"Colorado natural stream detail tiles v1","sensitivity":"generalized"},"geometry":{"type":"LineString","coordinates":[[-107.62739,40.15264],[-107.62871,40.15279]]}},{"type":"Feature","properties":{"huc8":"14050002","huc8Name":"Lower Yampa","historic":"greenRiverBlue","current":"introduced","recovery":"recoveryWatch","lineageKey":"greenRiverBlue","lineageLabel":"Green River / blue-lineage CT","basin":"Lower Yampa","note":"Yampa blue-lineage context","state":"CO","confidence":"HUC8 drainage context / generalized","geometryStatus":"natural_stream_detail_tile_from_full_interpreted_layer","troutSource":"HUC8 lineage assignment v1 / review needed","sourceName":"Milk Creek","name":"Milk Creek","source_id":"159254362","length_km":0.149,"FType":460,"FCode":46006,"atlas_class":"streamriver","display_name":"Milk Creek","stream_role":"natural_stream_detail_context","sourceLayer":"colorado_natural_stream_detail_tiles_v1","sourceLabel":"Colorado natural stream detail tiles v1","sensitivity":"generalized"},"geometry":{"type":"LineString","coordinates":[[-107.60583,40.1465],[-107.60728,40.14594]]}},{"type":"Feature","properties":{"huc8":"14050002","huc8Name":"Lower Yampa","historic":"greenRiverBlue","current":"introduced","recovery":"recoveryWatch","lineageKey":"greenRiverBlue","lineageLabel":"Green River / blue-lineage CT","basin":"Lower Yampa","note":"Yampa blue-lineage context","state":"CO","confidence":"HUC8 drainage context / generalized","geometryStatus":"natural_stream_detail_tile_from_full_interpreted_layer","troutSource":"HUC8 lineage assignment v1 / review needed","sourceName":"Milk Creek","name":"Milk Creek","source_id":"159254659","length_km":0.529,"FType":460,"FCode":46006,"atlas_class":"streamriver","display_name":"Milk Creek","stream_role":"natural_stream_detail_context","sourceLayer":"colorado_natural_stream_detail_tiles_v1","sourceLabel":"Colorado natural stream detail tiles v1","sensitivity":"generalized"},"geometry":{"type":"LineString","coordinates":[[-107.60127,40.14498],[-107.6041,40.14487],[-107.60472,40.14607],[-107.60583,40.1465]]}},{"type":"Feature","properties":{"huc8":"14050002","huc8Name":"Lower Yampa","historic":"greenRiverBlue","current":"introduced","recovery":"recoveryWatch","lineageKey":"greenRiverBlue","lineageLabel":"Green River / blue-lineage CT","basin":"Lower Yampa","note":"Yampa blue-lineage context","state":"CO","confidence":"HUC8 drainage context / generalized","geometryStatus":"natural_stream_detail_tile_from_full_interpreted_layer","troutSource":"HUC8 lineage assignment v1 / review needed","sourceName":"Milk Creek","name":"Milk Creek","source_id":"159254369","length_km":0.102,"FType":460,"FCode":46006,"atlas_class":"streamriver","display_name":"Milk Creek","stream_role":"natural_stream_detail_context","sourceLayer":"colorado_natural_stream_detail_tiles_v1","sourceLabel":"Colorado natural stream detail tiles v1","sensitivity":"generalized"},"geometry":{"type":"LineString","coordinates":[[-107.62478,40.15109],[-107.62525,40.15178]]}},{"type":"Feature","properties":{"huc8":"14050002","huc8Name":"Lower Yampa","historic":"greenRiverBlue","current":"introduced","recovery":"recoveryWatch","lineageKey":"greenRiverBlue","lineageLabel":"Green River / blue-lineage CT","basin":"Lower Yampa","note":"Yampa blue-lineage context","state":"CO","confidence":"HUC8 drainage context / generalized","geometryStatus":"natural_stream_detail_tile_from_full_interpreted_layer","troutSource":"HUC8 lineage assignment v1 / review needed","sourceName":"Milk Creek","name":"Milk Creek","source_id":"159254689","length_km":0.3,"FType":460,"FCode":46006,"atlas_class":"streamriver","display_name":"Milk Creek","stream_role":"natural_stream_detail_context","sourceLayer":"colorado_natural_stream_detail_tiles_v1","sourceLabel":"Colorado natural stream detail tiles v1","sensitivity":"generalized"},"geometry":{"type":"LineString","coordinates":[[-107.59757,40.14601],[-107.60002,40.14427]]}},{"type":"Feature","properties":{"huc8":"14050002","huc8Name":"Lower Yampa","historic":"greenRiverBlue","current":"introduced","recovery":"recoveryWatch","lineageKey":"greenRiverBlue","lineageLabel":"Green River / blue-lineage CT","basin":"Lower Yampa","note":"Yampa blue-lineage context","state":"CO","confidence":"HUC8 drainage context / generalized","geometryStatus":"natural_stream_detail_tile_from_full_interpreted_layer","troutSource":"HUC8 lineage assignment v1 / review needed","sourceName":"Milk Creek","name":"Milk Creek","source_id":"159254658","length_km":0.138,"FType":460,"FCode":46006,"atlas_class":"streamriver","display_name":"Milk Creek","stream_role":"natural_stream_detail_context","sourceLayer":"colorado_natural_stream_detail_tiles_v1","sourceLabel":"Colorado natural stream detail tiles v1","sensitivity":"generalized"},"geometry":{"type":"LineString","coordinates":[[-107.60002,40.14427],[-107.60127,40.14498]]}},{"type":"Feature","properties":{"huc8":"14050005","huc8Name":"Upper White","historic":"greenRiverBlue","current":"introduced","recovery":"recoveryWatch","lineageKey":"greenRiverBlue","lineageLabel":"Green River / blue-lineage CT","basin":"Upper White","note":"White River blue-lineage context","state":"CO","confidence":"HUC8 drainage context / generalized","geometryStatus":"natural_stream_detail_tile_from_full_interpreted_layer","troutSource":"HUC8 lineage assignment v1 / review needed","sourceName":"Allen Creek","name":"Allen Creek","source_id":"90419039","length_km":0.01204051,"FType":460,"FCode":46006,"atlas_class":"streamriver","display_name":"Allen Creek","stream_role":"natural_stream_detail_context","sourceLayer":"colorado_natural_stream_detail_tiles_v1","sourceLabel":"Colorado natural stream detail tiles v1","sensitivity":"generalized"},"geometry":{"type":"LineString","coordinates":[[-107.62456,40.08969],[-107.62447,40.08961]]}},{"type":"Feature","properties":{"huc8":"14050005","huc8Name":"Upper White","historic":"greenRiverBlue","current":"introduced","recovery":"recoveryWatch","lineageKey":"greenRiverBlue","lineageLabel":"Green River / blue-lineage CT","basin":"Upper White","note":"White River blue-lineage context","state":"CO","confidence":"HUC8 drainage context / generalized","geometryStatus":"natural_stream_detail_tile_from_full_interpreted_layer","troutSource":"HUC8 lineage assignment v1 / review needed","sourceName":"Allen Creek","name":"Allen Creek","source_id":"90433805","length_km":0.02553557,"FType":460,"FCode":46006,"atlas_class":"streamriver","display_name":"Allen Creek","stream_role":"natural_stream_detail_context","sourceLayer":"colorado_natural_stream_detail_tiles_v1","sourceLabel":"Colorado natural stream detail tiles v1","sensitivity":"generalized"},"geometry":{"type":"LineString","coordinates":[[-107.6264,40.09078],[-107.62615,40.09066]]}},{"type":"Feature","properties":{"huc8":"14050005","huc8Name":"Upper White","historic":"greenRiverBlue","current":"introduced","recovery":"recoveryWatch","lineageKey":"greenRiverBlue","lineageLabel":"Green River / blue-lineage CT","basin":"Upper White","note":"White River blue-lineage context","state":"CO","confidence":"HUC8 drainage context / generalized","geometryStatus":"natural_stream_detail_tile_from_full_interpreted_layer","troutSource":"HUC8 lineage assignment v1 / review needed","sourceName":"Allen Creek","name":"Allen Creek","source_id":"90419051","length_km":0.35447021,"FType":460,"FCode":46006,"atlas_class":"streamriver","display_name":"Allen Creek","stream_role":"natural_stream_detail_context","sourceLayer":"colorado_natural_stream_detail_tiles_v1","sourceLabel":"Colorado natural stream detail tiles v1","sensitivity":"generalized"},"geometry":{"type":"LineString","coordinates":[[-107.62447,40.08961],[-107.62152,40.08748]]}},{"type":"Feature","properties":{"huc8":"14050005","huc8Name":"Upper White","historic":"greenRiverBlue","current":"introduced","recovery":"recoveryWatch","lineageKey":"greenRiverBlue","lineageLabel":"Green River / blue-lineage CT","basin":"Upper White","note":"White River blue-lineage context","state":"CO","confidence":"HUC8 drainage context / generalized","geometryStatus":"natural_stream_detail_tile_from_full_interpreted_layer","troutSource":"HUC8 lineage assignment v1 / review needed","sourceName":"Allen Creek","name":"Allen Creek","source_id":"90419055","length_km":0.06238739,"FType":460,"FCode":46006,"atlas_class":"streamriver","display_name":"Allen Creek","stream_role":"natural_stream_detail_context","sourceLayer":"colorado_natural_stream_detail_tiles_v1","sourceLabel":"Colorado natural stream detail tiles v1","sensitivity":"generalized"},"geometry":{"type":"LineString","coordinates":[[-107.62152,40.08748],[-107.62086,40.08727]]}},{"type":"Feature","properties":{"huc8":"14050002","huc8Name":"Lower Yampa","historic":"greenRiverBlue","current":"introduced","recovery":"recoveryWatch","lineageKey":"greenRiverBlue","lineageLabel":"Green River / blue-lineage CT","basin":"Lower Yampa","note":"Yampa blue-lineage context","state":"CO","confidence":"HUC8 drainage context / generalized","geometryStatus":"natural_stream_detail_tile_from_full_interpreted_layer","troutSource":"HUC8 lineage assignment v1 / review needed","sourceName":"Clear Creek","name":"Clear Creek","source_id":"159254684","length_km":0.476,"FType":460,"FCode":46006,"atlas_class":"streamriver","display_name":"Clear Creek","stream_role":"natural_stream_detail_context","sourceLayer":"colorado_natural_stream_detail_tiles_v1","sourceLabel":"Colorado natural stream detail tiles v1","sensitivity":"generalized"},"geometry":{"type":"LineString","coordinates":[[-107.59712,40.1685],[-107.60105,40.17142]]}},{"type":"Feature","properties":{"huc8":"14050002","huc8Name":"Lower Yampa","historic":"greenRiverBlue","current":"introduced","recovery":"recoveryWatch","lineageKey":"greenRiverBlue","lineageLabel":"Green River / blue-lineage CT","basin":"Lower Yampa","note":"Yampa blue-lineage context","state":"CO","confidence":"HUC8 drainage context / generalized","geometryStatus":"natural_stream_detail_tile_from_full_interpreted_layer","troutSource":"HUC8 lineage assignment v1 / review needed","sourceName":"Milk Creek","name":"Milk Creek","source_id":"159254532","length_km":0.13,"FType":460,"FCode":46006,"atlas_class":"streamriver","display_name":"Milk Creek","stream_role":"natural_stream_detail_context","sourceLayer":"colorado_natural_stream_detail_tiles_v1","sourceLabel":"Colorado natural stream detail tiles v1","sensitivity":"generalized"},"geometry":{"type":"LineString","coordinates":[[-107.62256,40.15143],[-107.62389,40.15156]]}},{"type":"Feature","properties":{"huc8":"14050002","huc8Name":"Lower Yampa","historic":"greenRiverBlue","current":"introduced","recovery":"recoveryWatch","lineageKey":"greenRiverBlue","lineageLabel":"Green River / blue-lineage CT","basin":"Lower Yampa","note":"Yampa blue-lineage context","state":"CO","confidence":"HUC8 drainage context / generalized","geometryStatus":"natural_stream_detail_tile_from_full_interpreted_layer","troutSource":"HUC8 lineage assignment v1 / review needed","sourceName":"Milk Creek","name":"Milk Creek","source_id":"83368035","length_km":0.102,"FType":460,"FCode":46006,"atlas_class":"streamriver","display_name":"Milk Creek","stream_role":"natural_stream_detail_context","sourceLayer":"colorado_natural_stream_detail_tiles_v1","sourceLabel":"Colorado natural stream detail tiles v1","sensitivity":"generalized"},"geometry":{"type":"LineString","coordinates":[[-107.62389,40.15156],[-107.62478,40.15109]]}},{"type":"Feature","properties":{"huc8":"14050002","huc8Name":"Lower Yampa","historic":"greenRiverBlue","current":"introduced","recovery":"recoveryWatch","lineageKey":"greenRiverBlue","lineageLabel":"Green River / blue-lineage CT","basin":"Lower Yampa","note":"Yampa blue-lineage context","state":"CO","confidence":"HUC8 drainage context / generalized","geometryStatus":"natural_stream_detail_tile_from_full_interpreted_layer","troutSource":"HUC8 lineage assignment v1 / review needed","sourceName":"Milk Creek","name":"Milk Creek","source_id":"83368051","length_km":0.817,"FType":460,"FCode":46006,"atlas_class":"streamriver","display_name":"Milk Creek","stream_role":"natural_stream_detail_context","sourceLayer":"colorado_natural_stream_detail_tiles_v1","sourceLabel":"Colorado natural stream detail tiles v1","sensitivity":"generalized"},"geometry":{"type":"LineString","coordinates":[[-107.61145,40.14799],[-107.61309,40.14969],[-107.61486,40.14939],[-107.61554,40.15024],[-107.61862,40.15071]]}},{"type":"Feature","properties":{"huc8":"14050002","huc8Name":"Lower Yampa","historic":"greenRiverBlue","current":"introduced","recovery":"recoveryWatch","lineageKey":"greenRiverBlue","lineageLabel":"Green River / blue-lineage CT","basin":"Lower Yampa","note":"Yampa blue-lineage context","state":"CO","confidence":"HUC8 drainage context / generalized","geometryStatus":"natural_stream_detail_tile_from_full_interpreted_layer","troutSource":"HUC8 lineage assignment v1 / review needed","sourceName":"Clear Creek","name":"Clear Creek","source_id":"159254685","length_km":1.468,"FType":460,"FCode":46006,"atlas_class":"streamriver","display_name":"Clear Creek","stream_role":"natural_stream_detail_context","sourceLayer":"colorado_natural_stream_detail_tiles_v1","sourceLabel":"Colorado natural stream detail tiles v1","sensitivity":"generalized"},"geometry":{"type":"LineString","coordinates":[[-107.60105,40.17142],[-107.60473,40.17404],[-107.60519,40.17599],[-107.60739,40.17933],[-107.60844,40.17988],[-107.61163,40.17983]]}},{"type":"Feature","properties":{"huc8":"14050002","huc8Name":"Lower Yampa","historic":"greenRiverBlue","current":"introduced","recovery":"recoveryWatch","lineageKey":"greenRiverBlue","lineageLabel":"Green River / blue-lineage CT","basin":"Lower Yampa","note":"Yampa blue-lineage context","state":"CO","confidence":"HUC8 drainage context / generalized","geometryStatus":"natural_stream_detail_tile_from_full_interpreted_layer","troutSource":"HUC8 lineage assignment v1 / review needed","sourceName":"Clear Creek","name":"Clear Creek","source_id":"83367919","length_km":0.237,"FType":460,"FCode":46006,"atlas_class":"streamriver","display_name":"Clear Creek","stream_role":"natural_stream_detail_context","sourceLayer":"colorado_natural_stream_detail_tiles_v1","sourceLabel":"Colorado natural stream detail tiles v1","sensitivity":"generalized"},"geometry":{"type":"LineString","coordinates":[[-107.62076,40.17973],[-107.62132,40.18015],[-107.62307,40.1796]]}},{"type":"Feature","properties":{"huc8":"14050002","huc8Name":"Lower Yampa","historic":"greenRiverBlue","current":"introduced","recovery":"recoveryWatch","lineageKey":"greenRiverBlue","lineageLabel":"Green River / blue-lineage CT","basin":"Lower Yampa","note":"Yampa blue-lineage context","state":"CO","confidence":"HUC8 drainage context / generalized","geometryStatus":"natural_stream_detail_tile_from_full_interpreted_layer","troutSource":"HUC8 lineage assignment v1 / review needed","sourceName":"Clear Creek","name":"Clear Creek","source_id":"159254338","length_km":0.689,"FType":460,"FCode":46006,"atlas_class":"streamriver","display_name":"Clear Creek","stream_role":"natural_stream_detail_context","sourceLayer":"colorado_natural_stream_detail_tiles_v1","sourceLabel":"Colorado natural stream detail tiles v1","sensitivity":"generalized"},"geometry":{"type":"LineString","coordinates":[[-107.62592,40.17962],[-107.63028,40.17981],[-107.63229,40.18089]]}},{"type":"Feature","properties":{"huc8":"14050002","huc8Name":"Lower Yampa","historic":"greenRiverBlue","current":"introduced","recovery":"recoveryWatch","lineageKey":"greenRiverBlue","lineageLabel":"Green River / blue-lineage CT","basin":"Lower Yampa","note":"Yampa blue-lineage context","state":"CO","confidence":"HUC8 drainage context / generalized","geometryStatus":"natural_stream_detail_tile_from_full_interpreted_layer","troutSource":"HUC8 lineage assignment v1 / review needed","sourceName":"Clear Creek","name":"Clear Creek","source_id":"159254337","length_km":0.24892506,"FType":460,"FCode":46006,"atlas_class":"streamriver","display_name":"Clear Creek","stream_role":"natural_stream_detail_context","sourceLayer":"colorado_natural_stream_detail_tiles_v1","sourceLabel":"Colorado natural stream detail tiles v1","sensitivity":"generalized"},"geometry":{"type":"LineString","coordinates":[[-107.62307,40.1796],[-107.62592,40.17962]]}},{"type":"Feature","properties":{"huc8":"14050002","huc8Name":"Lower Yampa","historic":"greenRiverBlue","current":"introduced","recovery":"recoveryWatch","lineageKey":"greenRiverBlue","lineageLabel":"Green River / blue-lineage CT","basin":"Lower Yampa","note":"Yampa blue-lineage context","state":"CO","confidence":"HUC8 drainage context / generalized","geometryStatus":"natural_stream_detail_tile_from_full_interpreted_layer","troutSource":"HUC8 lineage assignment v1 / review needed","sourceName":"Milk Creek","name":"Milk Creek","source_id":"159254461","length_km":0.209,"FType":460,"FCode":46006,"atlas_class":"streamriver","display_name":"Milk Creek","stream_role":"natural_stream_detail_context","sourceLayer":"colorado_natural_stream_detail_tiles_v1","sourceLabel":"Colorado natural stream detail tiles v1","sensitivity":"generalized"},"geometry":{"type":"LineString","coordinates":[[-107.62525,40.15178],[-107.62629,40.15188],[-107.62678,40.15258]]}},{"type":"Feature","properties":{"huc8":"14050002","huc8Name":"Lower Yampa","historic":"greenRiverBlue","current":"introduced","recovery":"recoveryWatch","lineageKey":"greenRiverBlue","lineageLabel":"Green River / blue-lineage CT","basin":"Lower Yampa","note":"Yampa blue-lineage context","state":"CO","confidence":"HUC8 drainage context / generalized","geometryStatus":"natural_stream_detail_tile_from_full_interpreted_layer","troutSource":"HUC8 lineage assignment v1 / review needed","sourceName":"Clear Creek","name":"Clear Creek","source_id":"159254587","length_km":0.109,"FType":460,"FCode":46006,"atlas_class":"streamriver","display_name":"Clear Creek","stream_role":"natural_stream_detail_context","sourceLayer":"colorado_natural_stream_detail_tiles_v1","sourceLabel":"Colorado natural stream detail tiles v1","sensitivity":"generalized"},"geometry":{"type":"LineString","coordinates":[[-107.61163,40.17983],[-107.61273,40.18012]]}},{"type":"Feature","properties":{"huc8":"14050002","huc8Name":"Lower Yampa","historic":"greenRiverBlue","current":"introduced","recovery":"recoveryWatch","lineageKey":"greenRiverBlue","lineageLabel":"Green River / blue-lineage CT","basin":"Lower Yampa","note":"Yampa blue-lineage context","state":"CO","confidence":"HUC8 drainage context / generalized","geometryStatus":"natural_stream_detail_tile_from_full_interpreted_layer","troutSource":"HUC8 lineage assignment v1 / review needed","sourceName":"Clear Creek","name":"Clear Creek","source_id":"159254588","length_km":0.745,"FType":460,"FCode":46006,"atlas_class":"streamriver","display_name":"Clear Creek","stream_role":"natural_stream_detail_context","sourceLayer":"colorado_natural_stream_detail_tiles_v1","sourceLabel":"Colorado natural stream detail tiles v1","sensitivity":"generalized"},"geometry":{"type":"LineString","coordinates":[[-107.61273,40.18012],[-107.61518,40.18025],[-107.61926,40.17911],[-107.62076,40.17973]]}},{"type":"Feature","properties":{"huc8":"14050002","huc8Name":"Lower Yampa","historic":"greenRiverBlue","current":"introduced","recovery":"recoveryWatch","lineageKey":"greenRiverBlue","lineageLabel":"Green River / blue-lineage CT","basin":"Lower Yampa","note":"Yampa blue-lineage context","state":"CO","confidence":"HUC8 drainage context / generalized","geometryStatus":"natural_stream_detail_tile_from_full_interpreted_layer","troutSource":"HUC8 lineage assignment v1 / review needed","sourceName":"Milk Creek","name":"Milk Creek","source_id":"159254531","length_km":0.216,"FType":460,"FCode":46006,"atlas_class":"streamriver","display_name":"Milk Creek","stream_role":"natural_stream_detail_context","sourceLayer":"colorado_natural_stream_detail_tiles_v1","sourceLabel":"Colorado natural stream detail tiles v1","sensitivity":"generalized"},"geometry":{"type":"LineString","coordinates":[[-107.62131,40.15072],[-107.62265,40.15071],[-107.62256,40.15143]]}},{"type":"Feature","properties":{"huc8":"14050002","huc8Name":"Lower Yampa","historic":"greenRiverBlue","current":"introduced","recovery":"recoveryWatch","lineageKey":"greenRiverBlue","lineageLabel":"Green River / blue-lineage CT","basin":"Lower Yampa","note":"Yampa blue-lineage context","state":"CO","confidence":"HUC8 drainage context / generalized","geometryStatus":"natural_stream_detail_tile_from_full_interpreted_layer","troutSource":"HUC8 lineage assignment v1 / review needed","sourceName":"Martin Creek","name":"Martin Creek","source_id":"83371879","length_km":1.341,"FType":460,"FCode":46006,"atlas_class":"streamriver","display_name":"Martin Creek","stream_role":"natural_stream_detail_context","sourceLayer":"colorado_natural_stream_detail_tiles_v1","sourceLabel":"Colorado natural stream detail tiles v1","sensitivity":"generalized"},"geometry":{"type":"LineString","coordinates":[[-107.67752,40.13531],[-107.67375,40.13606],[-107.67196,40.13773],[-107.66837,40.13862],[-107.66494,40.14132]]}},{"type":"Feature","properties":{"huc8":"14050002","huc8Name":"Lower Yampa","historic":"greenRiverBlue","current":"introduced","recovery":"recoveryWatch","lineageKey":"greenRiverBlue","lineageLabel":"Green River / blue-lineage CT","basin":"Lower Yampa","note":"Yampa blue-lineage context","state":"CO","confidence":"HUC8 drainage context / generalized","geometryStatus":"natural_stream_detail_tile_from_full_interpreted_layer","troutSource":"HUC8 lineage assignment v1 / review needed","sourceName":"Martin Creek","name":"Martin Creek","source_id":"83371881","length_km":0.051,"FType":460,"FCode":46006,"atlas_class":"streamriver","display_name":"Martin Creek","stream_role":"natural_stream_detail_context","sourceLayer":"colorado_natural_stream_detail_tiles_v1","sourceLabel":"Colorado natural stream detail tiles v1","sensitivity":"generalized"},"geometry":{"type":"LineString","coordinates":[[-107.67809,40.13499],[-107.67755,40.13517]]}},{"type":"Feature","properties":{"huc8":"14050002","huc8Name":"Lower Yampa","historic":"greenRiverBlue","current":"introduced","recovery":"recoveryWatch","lineageKey":"greenRiverBlue","lineageLabel":"Green River / blue-lineage CT","basin":"Lower Yampa","note":"Yampa blue-lineage context","state":"CO","confidence":"HUC8 drainage context / generalized","geometryStatus":"natural_stream_detail_tile_from_full_interpreted_layer","troutSource":"HUC8 lineage assignment v1 / review needed","sourceName":"Martin Creek","name":"Martin Creek","source_id":"83371885","length_km":0.07,"FType":460,"FCode":46006,"atlas_class":"streamriver","display_name":"Martin Creek","stream_role":"natural_stream_detail_context","sourceLayer":"colorado_natural_stream_detail_tiles_v1","sourceLabel":"Colorado natural stream detail tiles v1","sensitivity":"generalized"},"geometry":{"type":"LineString","coordinates":[[-107.67892,40.1344],[-107.67837,40.13487]]}},{"type":"Feature","properties":{"huc8":"14050002","huc8Name":"Lower Yampa","historic":"greenRiverBlue","current":"introduced","recovery":"recoveryWatch","lineageKey":"greenRiverBlue","lineageLabel":"Green River / blue-lineage CT","basin":"Lower Yampa","note":"Yampa blue-lineage context","state":"CO","confidence":"HUC8 drainage context / generalized","geometryStatus":"natural_stream_detail_tile_from_full_interpreted_layer","troutSource":"HUC8 lineage assignment v1 / review needed","sourceName":"Martin Creek","name":"Martin Creek","source_id":"159254370","length_km":0.446,"FType":460,"FCode":46003,"atlas_class":"streamriver","display_name":"Martin Creek","stream_role":"natural_stream_detail_context","sourceLayer":"colorado_natural_stream_detail_tiles_v1","sourceLabel":"Colorado natural stream detail tiles v1","sensitivity":"generalized"},"geometry":{"type":"LineString","coordinates":[[-107.68891,40.13591],[-107.68399,40.13488]]}},{"type":"Feature","properties":{"huc8":"14050002","huc8Name":"Lower Yampa","historic":"greenRiverBlue","current":"introduced","recovery":"recoveryWatch","lineageKey":"greenRiverBlue","lineageLabel":"Green River / blue-lineage CT","basin":"Lower Yampa","note":"Yampa blue-lineage context","state":"CO","confidence":"HUC8 drainage context / generalized","geometryStatus":"natural_stream_detail_tile_from_full_interpreted_layer","troutSource":"HUC8 lineage assignment v1 / review needed","sourceName":"Martin Creek","name":"Martin Creek","source_id":"83371887","length_km":0.016,"FType":460,"FCode":46006,"atlas_class":"streamriver","display_name":"Martin Creek","stream_role":"natural_stream_detail_context","sourceLayer":"colorado_natural_stream_detail_tiles_v1","sourceLabel":"Colorado natural stream detail tiles v1","sensitivity":"generalized"},"geometry":{"type":"LineString","coordinates":[[-107.67947,40.13439],[-107.67928,40.13438]]}},{"type":"Feature","properties":{"huc8":"14050002","huc8Name":"Lower Yampa","historic":"greenRiverBlue","current":"introduced","recovery":"recoveryWatch","lineageKey":"greenRiverBlue","lineageLabel":"Green River / blue-lineage CT","basin":"Lower Yampa","note":"Yampa blue-lineage context","state":"CO","confidence":"HUC8 drainage context / generalized","geometryStatus":"natural_stream_detail_tile_from_full_interpreted_layer","troutSource":"HUC8 lineage assignment v1 / review needed","sourceName":"Martin Creek","name":"Martin Creek","source_id":"159254371","length_km":0.369,"FType":460,"FCode":46003,"atlas_class":"streamriver","display_name":"Martin Creek","stream_role":"natural_stream_detail_context","sourceLayer":"colorado_natural_stream_detail_tiles_v1","sourceLabel":"Colorado natural stream detail tiles v1","sensitivity":"generalized"},"geometry":{"type":"LineString","coordinates":[[-107.68399,40.13488],[-107.67986,40.13426]]}},{"type":"Feature","properties":{"huc8":"14050002","huc8Name":"Lower Yampa","historic":"greenRiverBlue","current":"introduced","recovery":"recoveryWatch","lineageKey":"greenRiverBlue","lineageLabel":"Green River / blue-lineage CT","basin":"Lower Yampa","note":"Yampa blue-lineage context","state":"CO","confidence":"HUC8 drainage context / generalized","geometryStatus":"natural_stream_detail_tile_from_full_interpreted_layer","troutSource":"HUC8 lineage assignment v1 / review needed","sourceName":"Martin Creek","name":"Martin Creek","source_id":"159254347","length_km":0.282,"FType":460,"FCode":46006,"atlas_class":"streamriver","display_name":"Martin Creek","stream_role":"natural_stream_detail_context","sourceLayer":"colorado_natural_stream_detail_tiles_v1","sourceLabel":"Colorado natural stream detail tiles v1","sensitivity":"generalized"},"geometry":{"type":"LineString","coordinates":[[-107.66191,40.14563],[-107.6607,40.14796]]}},{"type":"Feature","properties":{"huc8":"14050005","huc8Name":"Upper White","historic":"greenRiverBlue","current":"introduced","recovery":"recoveryWatch","lineageKey":"greenRiverBlue","lineageLabel":"Green River / blue-lineage CT","basin":"Upper White","note":"White River blue-lineage context","state":"CO","confidence":"HUC8 drainage context / generalized","geometryStatus":"natural_stream_detail_tile_from_full_interpreted_layer","troutSource":"HUC8 lineage assignment v1 / review needed","sourceName":"Dickerville Creek","name":"Dickerville Creek","source_id":"161835081","length_km":0.68422487,"FType":460,"FCode":46006,"atlas_class":"streamriver","display_name":"Dickerville Creek","stream_role":"natural_stream_detail_context","sourceLayer":"colorado_natural_stream_detail_tiles_v1","sourceLabel":"Colorado natural stream detail tiles v1","sensitivity":"generalized"},"geometry":{"type":"LineString","coordinates":[[-107.72269,40.06878],[-107.72399,40.06671],[-107.72362,40.06501],[-107.72235,40.06392]]}},{"type":"Feature","properties":{"huc8":"14050005","huc8Name":"Upper White","historic":"greenRiverBlue","current":"introduced","recovery":"recoveryWatch","lineageKey":"greenRiverBlue","lineageLabel":"Green River / blue-lineage CT","basin":"Upper White","note":"White River blue-lineage context","state":"CO","confidence":"HUC8 drainage context / generalized","geometryStatus":"natural_stream_detail_tile_from_full_interpreted_layer","troutSource":"HUC8 lineage assignment v1 / review needed","sourceName":"Coal Creek","name":"Coal Creek","source_id":"161834629","length_km":1.28362671,"FType":460,"FCode":46006,"atlas_class":"streamriver","display_name":"Coal Creek","stream_role":"natural_stream_detail_context","sourceLayer":"colorado_natural_stream_detail_tiles_v1","sourceLabel":"Colorado natural stream detail tiles v1","sensitivity":"generalized"},"geometry":{"type":"LineString","coordinates":[[-107.77768,40.07485],[-107.7786,40.07423],[-107.77738,40.07265],[-107.77804,40.07165],[-107.77774,40.07105],[-107.77828,40.07119],[-107.77734,40.06974],[-107.77653,40.0698],[-107.77682,40.06923],[-107.7757,40.0676]]}},{"type":"Feature","properties":{"huc8":"14050005","huc8Name":"Upper White","historic":"greenRiverBlue","current":"introduced","recovery":"recoveryWatch","lineageKey":"greenRiverBlue","lineageLabel":"Green River / blue-lineage CT","basin":"Upper White","note":"White River blue-lineage context","state":"CO","confidence":"HUC8 drainage context / generalized","geometryStatus":"natural_stream_detail_tile_from_full_interpreted_layer","troutSource":"HUC8 lineage assignment v1 / review needed","sourceName":"Coal Creek","name":"Coal Creek","source_id":"161834628","length_km":0.32547495,"FType":460,"FCode":46006,"atlas_class":"streamriver","display_name":"Coal Creek","stream_role":"natural_stream_detail_context","sourceLayer":"colorado_natural_stream_detail_tiles_v1","sourceLabel":"Colorado natural stream detail tiles v1","sensitivity":"generalized"},"geometry":{"type":"LineString","coordinates":[[-107.77712,40.07656],[-107.77814,40.07596],[-107.77768,40.07485]]}},{"type":"Feature","properties":{"huc8":"14050005","huc8Name":"Upper White","historic":"greenRiverBlue","current":"introduced","recovery":"recoveryWatch","lineageKey":"greenRiverBlue","lineageLabel":"Green River / blue-lineage CT","basin":"Upper White","note":"White River blue-lineage context","state":"CO","confidence":"HUC8 drainage context / generalized","geometryStatus":"natural_stream_detail_tile_from_full_interpreted_layer","troutSource":"HUC8 lineage assignment v1 / review needed","sourceName":"Coal Creek","name":"Coal Creek","source_id":"161838373","length_km":0.87302576,"FType":460,"FCode":46006,"atlas_class":"streamriver","display_name":"Coal Creek","stream_role":"natural_stream_detail_context","sourceLayer":"colorado_natural_stream_detail_tiles_v1","sourceLabel":"Colorado natural stream detail tiles v1","sensitivity":"generalized"},"geometry":{"type":"LineString","coordinates":[[-107.78094,40.06056],[-107.78147,40.0599],[-107.78292,40.06006],[-107.78371,40.05889],[-107.78468,40.05935],[-107.78513,40.05851],[-107.78469,40.05795],[-107.78545,40.05798]]}},{"type":"Feature","properties":{"huc8":"14050005","huc8Name":"Upper White","historic":"greenRiverBlue","current":"introduced","recovery":"recoveryWatch","lineageKey":"greenRiverBlue","lineageLabel":"Green River / blue-lineage CT","basin":"Upper White","note":"White River blue-lineage context","state":"CO","confidence":"HUC8 drainage context / generalized","geometryStatus":"natural_stream_detail_tile_from_full_interpreted_layer","troutSource":"HUC8 lineage assignment v1 / review needed","sourceName":"Coal Creek","name":"Coal Creek","source_id":"161834638","length_km":0.17342357,"FType":460,"FCode":46006,"atlas_class":"streamriver","display_name":"Coal Creek","stream_role":"natural_stream_detail_context","sourceLayer":"colorado_natural_stream_detail_tiles_v1","sourceLabel":"Colorado natural stream detail tiles v1","sensitivity":"generalized"},"geometry":{"type":"LineString","coordinates":[[-107.77602,40.07773],[-107.77712,40.07656]]}},{"type":"Feature","properties":{"huc8":"14050005","huc8Name":"Upper White","historic":"greenRiverBlue","current":"introduced","recovery":"recoveryWatch","lineageKey":"greenRiverBlue","lineageLabel":"Green River / blue-lineage CT","basin":"Upper White","note":"White River blue-lineage context","state":"CO","confidence":"HUC8 drainage context / generalized","geometryStatus":"natural_stream_detail_tile_from_full_interpreted_layer","troutSource":"HUC8 lineage assignment v1 / review needed","sourceName":"Coal Creek","name":"Coal Creek","source_id":"90429239","length_km":0.70937014,"FType":460,"FCode":46006,"atlas_class":"streamriver","display_name":"Coal Creek","stream_role":"natural_stream_detail_context","sourceLayer":"colorado_natural_stream_detail_tiles_v1","sourceLabel":"Colorado natural stream detail tiles v1","sensitivity":"generalized"},"geometry":{"type":"LineString","coordinates":[[-107.7757,40.0676],[-107.77561,40.06594],[-107.77737,40.06359],[-107.77844,40.06405],[-107.77879,40.06354]]}},{"type":"Feature","properties":{"huc8":"14050005","huc8Name":"Upper White","historic":"greenRiverBlue","current":"introduced","recovery":"recoveryWatch","lineageKey":"greenRiverBlue","lineageLabel":"Green River / blue-lineage CT","basin":"Upper White","note":"White River blue-lineage context","state":"CO","confidence":"HUC8 drainage context / generalized","geometryStatus":"natural_stream_detail_tile_from_full_interpreted_layer","troutSource":"HUC8 lineage assignment v1 / review needed","sourceName":"Coal Creek","name":"Coal Creek","source_id":"90429031","length_km":0.00840237,"FType":460,"FCode":46006,"atlas_class":"streamriver","display_name":"Coal Creek","stream_role":"natural_stream_detail_context","sourceLayer":"colorado_natural_stream_detail_tiles_v1","sourceLabel":"Colorado natural stream detail tiles v1","sensitivity":"generalized"},"geometry":{"type":"LineString","coordinates":[[-107.76306,40.1016],[-107.76308,40.10153]]}},{"type":"Feature","properties":{"huc8":"14050005","huc8Name":"Upper White","historic":"greenRiverBlue","current":"introduced","recovery":"recoveryWatch","lineageKey":"greenRiverBlue","lineageLabel":"Green River / blue-lineage CT","basin":"Upper White","note":"White River blue-lineage context","state":"CO","confidence":"HUC8 drainage context / generalized","geometryStatus":"natural_stream_detail_tile_from_full_interpreted_layer","troutSource":"HUC8 lineage assignment v1 / review needed","sourceName":"Coal Creek","name":"Coal Creek","source_id":"161834637","length_km":0.83839397,"FType":460,"FCode":46006,"atlas_class":"streamriver","display_name":"Coal Creek","stream_role":"natural_stream_detail_context","sourceLayer":"colorado_natural_stream_detail_tiles_v1","sourceLabel":"Colorado natural stream detail tiles v1","sensitivity":"generalized"},"geometry":{"type":"LineString","coordinates":[[-107.77384,40.08285],[-107.77558,40.08195],[-107.77533,40.0807],[-107.77645,40.07906],[-107.77582,40.07843],[-107.77602,40.07773]]}},{"type":"Feature","properties":{"huc8":"14050005","huc8Name":"Upper White","historic":"greenRiverBlue","current":"introduced","recovery":"recoveryWatch","lineageKey":"greenRiverBlue","lineageLabel":"Green River / blue-lineage CT","basin":"Upper White","note":"White River blue-lineage context","state":"CO","confidence":"HUC8 drainage context / generalized","geometryStatus":"natural_stream_detail_tile_from_full_interpreted_layer","troutSource":"HUC8 lineage assignment v1 / review needed","sourceName":"Coal Creek","name":"Coal Creek","source_id":"161838372","length_km":0.15615957,"FType":460,"FCode":46006,"atlas_class":"streamriver","display_name":"Coal Creek","stream_role":"natural_stream_detail_context","sourceLayer":"colorado_natural_stream_detail_tiles_v1","sourceLabel":"Colorado natural stream detail tiles v1","sensitivity":"generalized"},"geometry":{"type":"LineString","coordinates":[[-107.77971,40.06061],[-107.78094,40.06056]]}},{"type":"Feature","properties":{"huc8":"14050005","huc8Name":"Upper White","historic":"greenRiverBlue","current":"introduced","recovery":"recoveryWatch","lineageKey":"greenRiverBlue","lineageLabel":"Green River / blue-lineage CT","basin":"Upper White","note":"White River blue-lineage context","state":"CO","confidence":"HUC8 drainage context / generalized","geometryStatus":"natural_stream_detail_tile_from_full_interpreted_layer","troutSource":"HUC8 lineage assignment v1 / review needed","sourceName":"Coal Creek","name":"Coal Creek","source_id":"90429017","length_km":0.48171014,"FType":460,"FCode":46006,"atlas_class":"streamriver","display_name":"Coal Creek","stream_role":"natural_stream_detail_context","sourceLayer":"colorado_natural_stream_detail_tiles_v1","sourceLabel":"Colorado natural stream detail tiles v1","sensitivity":"generalized"},"geometry":{"type":"LineString","coordinates":[[-107.76101,40.10613],[-107.76097,40.1055],[-107.76271,40.10387],[-107.76248,40.10263]]}},{"type":"Feature","properties":{"huc8":"14050005","huc8Name":"Upper White","historic":"greenRiverBlue","current":"introduced","recovery":"recoveryWatch","lineageKey":"greenRiverBlue","lineageLabel":"Green River / blue-lineage CT","basin":"Upper White","note":"White River blue-lineage context","state":"CO","confidence":"HUC8 drainage context / generalized","geometryStatus":"natural_stream_detail_tile_from_full_interpreted_layer","troutSource":"HUC8 lineage assignment v1 / review needed","sourceName":"Coal Creek","name":"Coal Creek","source_id":"90428997","length_km":0.32220483,"FType":460,"FCode":46006,"atlas_class":"streamriver","display_name":"Coal Creek","stream_role":"natural_stream_detail_context","sourceLayer":"colorado_natural_stream_detail_tiles_v1","sourceLabel":"Colorado natural stream detail tiles v1","sensitivity":"generalized"},"geometry":{"type":"LineString","coordinates":[[-107.7603,40.10828],[-107.76136,40.10751],[-107.76079,40.10713],[-107.76101,40.10613]]}},{"type":"Feature","properties":{"huc8":"14050005","huc8Name":"Upper White","historic":"greenRiverBlue","current":"introduced","recovery":"recoveryWatch","lineageKey":"greenRiverBlue","lineageLabel":"Green River / blue-lineage CT","basin":"Upper White","note":"White River blue-lineage context","state":"CO","confidence":"HUC8 drainage context / generalized","geometryStatus":"natural_stream_detail_tile_from_full_interpreted_layer","troutSource":"HUC8 lineage assignment v1 / review needed","sourceName":"Dickerville Creek","name":"Dickerville Creek","source_id":"161834965","length_km":0.03389958,"FType":460,"FCode":46003,"atlas_class":"streamriver","display_name":"Dickerville Creek","stream_role":"natural_stream_detail_context","sourceLayer":"colorado_natural_stream_detail_tiles_v1","sourceLabel":"Colorado natural stream detail tiles v1","sensitivity":"generalized"},"geometry":{"type":"LineString","coordinates":[[-107.71103,40.09636],[-107.71142,40.09627]]}},{"type":"Feature","properties":{"huc8":"14050005","huc8Name":"Upper White","historic":"greenRiverBlue","current":"introduced","recovery":"recoveryWatch","lineageKey":"greenRiverBlue","lineageLabel":"Green River / blue-lineage CT","basin":"Upper White","note":"White River blue-lineage context","state":"CO","confidence":"HUC8 drainage context / generalized","geometryStatus":"natural_stream_detail_tile_from_full_interpreted_layer","troutSource":"HUC8 lineage assignment v1 / review needed","sourceName":"Coal Creek","name":"Coal Creek","source_id":"90433625","length_km":0.14567001,"FType":460,"FCode":46006,"atlas_class":"streamriver","display_name":"Coal Creek","stream_role":"natural_stream_detail_context","sourceLayer":"colorado_natural_stream_detail_tiles_v1","sourceLabel":"Colorado natural stream detail tiles v1","sensitivity":"generalized"},"geometry":{"type":"LineString","coordinates":[[-107.70355,40.11059],[-107.70519,40.11066]]}},{"type":"Feature","properties":{"huc8":"14050005","huc8Name":"Upper White","historic":"greenRiverBlue","current":"introduced","recovery":"recoveryWatch","lineageKey":"greenRiverBlue","lineageLabel":"Green River / blue-lineage CT","basin":"Upper White","note":"White River blue-lineage context","state":"CO","confidence":"HUC8 drainage context / generalized","geometryStatus":"natural_stream_detail_tile_from_full_interpreted_layer","troutSource":"HUC8 lineage assignment v1 / review needed","sourceName":"Coal Creek","name":"Coal Creek","source_id":"161835102","length_km":0.35967595,"FType":460,"FCode":46006,"atlas_class":"streamriver","display_name":"Coal Creek","stream_role":"natural_stream_detail_context","sourceLayer":"colorado_natural_stream_detail_tiles_v1","sourceLabel":"Colorado natural stream detail tiles v1","sensitivity":"generalized"},"geometry":{"type":"LineString","coordinates":[[-107.7162,40.10911],[-107.72025,40.10846]]}},{"type":"Feature","properties":{"huc8":"14050005","huc8Name":"Upper White","historic":"greenRiverBlue","current":"introduced","recovery":"recoveryWatch","lineageKey":"greenRiverBlue","lineageLabel":"Green River / blue-lineage CT","basin":"Upper White","note":"White River blue-lineage context","state":"CO","confidence":"HUC8 drainage context / generalized","geometryStatus":"natural_stream_detail_tile_from_full_interpreted_layer","troutSource":"HUC8 lineage assignment v1 / review needed","sourceName":"Dickerville Creek","name":"Dickerville Creek","source_id":"161835100","length_km":0.10623447,"FType":460,"FCode":46003,"atlas_class":"streamriver","display_name":"Dickerville Creek","stream_role":"natural_stream_detail_context","sourceLayer":"colorado_natural_stream_detail_tiles_v1","sourceLabel":"Colorado natural stream detail tiles v1","sensitivity":"generalized"},"geometry":{"type":"LineString","coordinates":[[-107.70756,40.09873],[-107.70805,40.09787]]}},{"type":"Feature","properties":{"huc8":"14050005","huc8Name":"Upper White","historic":"greenRiverBlue","current":"introduced","recovery":"recoveryWatch","lineageKey":"greenRiverBlue","lineageLabel":"Green River / blue-lineage CT","basin":"Upper White","note":"White River blue-lineage context","state":"CO","confidence":"HUC8 drainage context / generalized","geometryStatus":"natural_stream_detail_tile_from_full_interpreted_layer","troutSource":"HUC8 lineage assignment v1 / review needed","sourceName":"Dickerville Creek","name":"Dickerville Creek","source_id":"161834947","length_km":0.05247732,"FType":460,"FCode":46003,"atlas_class":"streamriver","display_name":"Dickerville Creek","stream_role":"natural_stream_detail_context","sourceLayer":"colorado_natural_stream_detail_tiles_v1","sourceLabel":"Colorado natural stream detail tiles v1","sensitivity":"generalized"},"geometry":{"type":"LineString","coordinates":[[-107.71575,40.08435],[-107.71597,40.08392]]}},{"type":"Feature","properties":{"huc8":"14050005","huc8Name":"Upper White","historic":"greenRiverBlue","current":"introduced","recovery":"recoveryWatch","lineageKey":"greenRiverBlue","lineageLabel":"Green River / blue-lineage CT","basin":"Upper White","note":"White River blue-lineage context","state":"CO","confidence":"HUC8 drainage context / generalized","geometryStatus":"natural_stream_detail_tile_from_full_interpreted_layer","troutSource":"HUC8 lineage assignment v1 / review needed","sourceName":"Coal Creek","name":"Coal Creek","source_id":"161834988","length_km":0.21118995,"FType":460,"FCode":46006,"atlas_class":"streamriver","display_name":"Coal Creek","stream_role":"natural_stream_detail_context","sourceLayer":"colorado_natural_stream_detail_tiles_v1","sourceLabel":"Colorado natural stream detail tiles v1","sensitivity":"generalized"},"geometry":{"type":"LineString","coordinates":[[-107.71157,40.10991],[-107.71381,40.10913]]}},{"type":"Feature","properties":{"huc8":"14050005","huc8Name":"Upper White","historic":"greenRiverBlue","current":"introduced","recovery":"recoveryWatch","lineageKey":"greenRiverBlue","lineageLabel":"Green River / blue-lineage CT","basin":"Upper White","note":"White River blue-lineage context","state":"CO","confidence":"HUC8 drainage context / generalized","geometryStatus":"natural_stream_detail_tile_from_full_interpreted_layer","troutSource":"HUC8 lineage assignment v1 / review needed","sourceName":"Coal Creek","name":"Coal Creek","source_id":"161835038","length_km":0.31897436,"FType":460,"FCode":46006,"atlas_class":"streamriver","display_name":"Coal Creek","stream_role":"natural_stream_detail_context","sourceLayer":"colorado_natural_stream_detail_tiles_v1","sourceLabel":"Colorado natural stream detail tiles v1","sensitivity":"generalized"},"geometry":{"type":"LineString","coordinates":[[-107.72025,40.10846],[-107.72252,40.10777],[-107.72373,40.10802]]}},{"type":"Feature","properties":{"huc8":"14050005","huc8Name":"Upper White","historic":"greenRiverBlue","current":"introduced","recovery":"recoveryWatch","lineageKey":"greenRiverBlue","lineageLabel":"Green River / blue-lineage CT","basin":"Upper White","note":"White River blue-lineage context","state":"CO","confidence":"HUC8 drainage context / generalized","geometryStatus":"natural_stream_detail_tile_from_full_interpreted_layer","troutSource":"HUC8 lineage assignment v1 / review needed","sourceName":"Coal Creek","name":"Coal Creek","source_id":"161834987","length_km":0.04472606,"FType":460,"FCode":46006,"atlas_class":"streamriver","display_name":"Coal Creek","stream_role":"natural_stream_detail_context","sourceLayer":"colorado_natural_stream_detail_tiles_v1","sourceLabel":"Colorado natural stream detail tiles v1","sensitivity":"generalized"},"geometry":{"type":"LineString","coordinates":[[-107.7111,40.11008],[-107.71157,40.10991]]}},{"type":"Feature","properties":{"huc8":"14050005","huc8Name":"Upper White","historic":"greenRiverBlue","current":"introduced","recovery":"recoveryWatch","lineageKey":"greenRiverBlue","lineageLabel":"Green River / blue-lineage CT","basin":"Upper White","note":"White River blue-lineage context","state":"CO","confidence":"HUC8 drainage context / generalized","geometryStatus":"natural_stream_detail_tile_from_full_interpreted_layer","troutSource":"HUC8 lineage assignment v1 / review needed","sourceName":"Coal Creek","name":"Coal Creek","source_id":"90433677","length_km":0.1274304,"FType":460,"FCode":46006,"atlas_class":"streamriver","display_name":"Coal Creek","stream_role":"natural_stream_detail_context","sourceLayer":"colorado_natural_stream_detail_tiles_v1","sourceLabel":"Colorado natural stream detail tiles v1","sensitivity":"generalized"},"geometry":{"type":"LineString","coordinates":[[-107.71381,40.10913],[-107.71523,40.10896]]}},{"type":"Feature","properties":{"huc8":"14050005","huc8Name":"Upper White","historic":"greenRiverBlue","current":"introduced","recovery":"recoveryWatch","lineageKey":"greenRiverBlue","lineageLabel":"Green River / blue-lineage CT","basin":"Upper White","note":"White River blue-lineage context","state":"CO","confidence":"HUC8 drainage context / generalized","geometryStatus":"natural_stream_detail_tile_from_full_interpreted_layer","troutSource":"HUC8 lineage assignment v1 / review needed","sourceName":"Coal Creek","name":"Coal Creek","source_id":"90433643","length_km":0.33384262,"FType":460,"FCode":46006,"atlas_class":"streamriver","display_name":"Coal Creek","stream_role":"natural_stream_detail_context","sourceLayer":"colorado_natural_stream_detail_tiles_v1","sourceLabel":"Colorado natural stream detail tiles v1","sensitivity":"generalized"},"geometry":{"type":"LineString","coordinates":[[-107.70519,40.11066],[-107.70741,40.11003],[-107.70878,40.11032]]}},{"type":"Feature","properties":{"huc8":"14050005","huc8Name":"Upper White","historic":"greenRiverBlue","current":"introduced","recovery":"recoveryWatch","lineageKey":"greenRiverBlue","lineageLabel":"Green River / blue-lineage CT","basin":"Upper White","note":"White River blue-lineage context","state":"CO","confidence":"HUC8 drainage context / generalized","geometryStatus":"natural_stream_detail_tile_from_full_interpreted_layer","troutSource":"HUC8 lineage assignment v1 / review needed","sourceName":"Coal Creek","name":"Coal Creek","source_id":"90433629","length_km":0.04295265,"FType":460,"FCode":46006,"atlas_class":"streamriver","display_name":"Coal Creek","stream_role":"natural_stream_detail_context","sourceLayer":"colorado_natural_stream_detail_tiles_v1","sourceLabel":"Colorado natural stream detail tiles v1","sensitivity":"generalized"},"geometry":{"type":"LineString","coordinates":[[-107.70903,40.11033],[-107.70947,40.1105]]}},{"type":"Feature","properties":{"huc8":"14050005","huc8Name":"Upper White","historic":"greenRiverBlue","current":"introduced","recovery":"recoveryWatch","lineageKey":"greenRiverBlue","lineageLabel":"Green River / blue-lineage CT","basin":"Upper White","note":"White River blue-lineage context","state":"CO","confidence":"HUC8 drainage context / generalized","geometryStatus":"natural_stream_detail_tile_from_full_interpreted_layer","troutSource":"HUC8 lineage assignment v1 / review needed","sourceName":"Coal Creek","name":"Coal Creek","source_id":"90433631","length_km":0.10257889,"FType":460,"FCode":46006,"atlas_class":"streamriver","display_name":"Coal Creek","stream_role":"natural_stream_detail_context","sourceLayer":"colorado_natural_stream_detail_tiles_v1","sourceLabel":"Colorado natural stream detail tiles v1","sensitivity":"generalized"},"geometry":{"type":"LineString","coordinates":[[-107.70992,40.11028],[-107.7111,40.11008]]}},{"type":"Feature","properties":{"huc8":"14050005","huc8Name":"Upper White","historic":"greenRiverBlue","current":"introduced","recovery":"recoveryWatch","lineageKey":"greenRiverBlue","lineageLabel":"Green River / blue-lineage CT","basin":"Upper White","note":"White River blue-lineage context","state":"CO","confidence":"HUC8 drainage context / generalized","geometryStatus":"natural_stream_detail_tile_from_full_interpreted_layer","troutSource":"HUC8 lineage assignment v1 / review needed","sourceName":"Dickerville Creek","name":"Dickerville Creek","source_id":"161834945","length_km":0.41796904,"FType":460,"FCode":46003,"atlas_class":"streamriver","display_name":"Dickerville Creek","stream_role":"natural_stream_detail_context","sourceLayer":"colorado_natural_stream_detail_tiles_v1","sourceLabel":"Colorado natural stream detail tiles v1","sensitivity":"generalized"},"geometry":{"type":"LineString","coordinates":[[-107.7162,40.08943],[-107.71482,40.08732],[-107.71464,40.08605]]}},{"type":"Feature","properties":{"huc8":"14050005","huc8Name":"Upper White","historic":"greenRiverBlue","current":"introduced","recovery":"recoveryWatch","lineageKey":"greenRiverBlue","lineageLabel":"Green River / blue-lineage CT","basin":"Upper White","note":"White River blue-lineage context","state":"CO","confidence":"HUC8 drainage context / generalized","geometryStatus":"natural_stream_detail_tile_from_full_interpreted_layer","troutSource":"HUC8 lineage assignment v1 / review needed","sourceName":"Coal Creek","name":"Coal Creek","source_id":"161835101","length_km":0.08965246,"FType":460,"FCode":46006,"atlas_class":"streamriver","display_name":"Coal Creek","stream_role":"natural_stream_detail_context","sourceLayer":"colorado_natural_stream_detail_tiles_v1","sourceLabel":"Colorado natural stream detail tiles v1","sensitivity":"generalized"},"geometry":{"type":"LineString","coordinates":[[-107.71523,40.10896],[-107.7162,40.10911]]}},{"type":"Feature","properties":{"huc8":"14050005","huc8Name":"Upper White","historic":"greenRiverBlue","current":"introduced","recovery":"recoveryWatch","lineageKey":"greenRiverBlue","lineageLabel":"Green River / blue-lineage CT","basin":"Upper White","note":"White River blue-lineage context","state":"CO","confidence":"HUC8 drainage context / generalized","geometryStatus":"natural_stream_detail_tile_from_full_interpreted_layer","troutSource":"HUC8 lineage assignment v1 / review needed","sourceName":"Dickerville Creek","name":"Dickerville Creek","source_id":"161835099","length_km":0.16756352,"FType":460,"FCode":46003,"atlas_class":"streamriver","display_name":"Dickerville Creek","stream_role":"natural_stream_detail_context","sourceLayer":"colorado_natural_stream_detail_tiles_v1","sourceLabel":"Colorado natural stream detail tiles v1","sensitivity":"generalized"},"geometry":{"type":"LineString","coordinates":[[-107.70666,40.10004],[-107.70756,40.09873]]}},{"type":"Feature","properties":{"huc8":"14050005","huc8Name":"Upper White","historic":"greenRiverBlue","current":"introduced","recovery":"recoveryWatch","lineageKey":"greenRiverBlue","lineageLabel":"Green River / blue-lineage CT","basin":"Upper White","note":"White River blue-lineage context","state":"CO","confidence":"HUC8 drainage context / generalized","geometryStatus":"natural_stream_detail_tile_from_full_interpreted_layer","troutSource":"HUC8 lineage assignment v1 / review needed","sourceName":"Dickerville Creek","name":"Dickerville Creek","source_id":"161837921","length_km":0.44677256,"FType":460,"FCode":46006,"atlas_class":"streamriver","display_name":"Dickerville Creek","stream_role":"natural_stream_detail_context","sourceLayer":"colorado_natural_stream_detail_tiles_v1","sourceLabel":"Colorado natural stream detail tiles v1","sensitivity":"generalized"},"geometry":{"type":"LineString","coordinates":[[-107.73178,40.04883],[-107.73299,40.0471],[-107.73437,40.04626]]}},{"type":"Feature","properties":{"huc8":"14050005","huc8Name":"Upper White","historic":"greenRiverBlue","current":"introduced","recovery":"recoveryWatch","lineageKey":"greenRiverBlue","lineageLabel":"Green River / blue-lineage CT","basin":"Upper White","note":"White River blue-lineage context","state":"CO","confidence":"HUC8 drainage context / generalized","geometryStatus":"natural_stream_detail_tile_from_full_interpreted_layer","troutSource":"HUC8 lineage assignment v1 / review needed","sourceName":"Dickerville Creek","name":"Dickerville Creek","source_id":"161838005","length_km":0.1602575,"FType":460,"FCode":46006,"atlas_class":"streamriver","display_name":"Dickerville Creek","stream_role":"natural_stream_detail_context","sourceLayer":"colorado_natural_stream_detail_tiles_v1","sourceLabel":"Colorado natural stream detail tiles v1","sensitivity":"generalized"},"geometry":{"type":"LineString","coordinates":[[-107.73936,40.04371],[-107.74108,40.0436]]}},{"type":"Feature","properties":{"huc8":"14050005","huc8Name":"Upper White","historic":"greenRiverBlue","current":"introduced","recovery":"recoveryWatch","lineageKey":"greenRiverBlue","lineageLabel":"Green River / blue-lineage CT","basin":"Upper White","note":"White River blue-lineage context","state":"CO","confidence":"HUC8 drainage context / generalized","geometryStatus":"natural_stream_detail_tile_from_full_interpreted_layer","troutSource":"HUC8 lineage assignment v1 / review needed","sourceName":"Dickerville Creek","name":"Dickerville Creek","source_id":"90429427","length_km":0.60835659,"FType":460,"FCode":46006,"atlas_class":"streamriver","display_name":"Dickerville Creek","stream_role":"natural_stream_detail_context","sourceLayer":"colorado_natural_stream_detail_tiles_v1","sourceLabel":"Colorado natural stream detail tiles v1","sensitivity":"generalized"},"geometry":{"type":"LineString","coordinates":[[-107.74563,40.04242],[-107.75251,40.04137]]}},{"type":"Feature","properties":{"huc8":"14050005","huc8Name":"Upper White","historic":"greenRiverBlue","current":"introduced","recovery":"recoveryWatch","lineageKey":"greenRiverBlue","lineageLabel":"Green River / blue-lineage CT","basin":"Upper White","note":"White River blue-lineage context","state":"CO","confidence":"HUC8 drainage context / generalized","geometryStatus":"natural_stream_detail_tile_from_full_interpreted_layer","troutSource":"HUC8 lineage assignment v1 / review needed","sourceName":"Dickerville Creek","name":"Dickerville Creek","source_id":"161838301","length_km":0.48073864,"FType":460,"FCode":46006,"atlas_class":"streamriver","display_name":"Dickerville Creek","stream_role":"natural_stream_detail_context","sourceLayer":"colorado_natural_stream_detail_tiles_v1","sourceLabel":"Colorado natural stream detail tiles v1","sensitivity":"generalized"},"geometry":{"type":"LineString","coordinates":[[-107.75982,40.04214],[-107.7637,40.04265],[-107.76433,40.04328]]}},{"type":"Feature","properties":{"huc8":"14050005","huc8Name":"Upper White","historic":"greenRiverBlue","current":"introduced","recovery":"recoveryWatch","lineageKey":"greenRiverBlue","lineageLabel":"Green River / blue-lineage CT","basin":"Upper White","note":"White River blue-lineage context","state":"CO","confidence":"HUC8 drainage context / generalized","geometryStatus":"natural_stream_detail_tile_from_full_interpreted_layer","troutSource":"HUC8 lineage assignment v1 / review needed","sourceName":"Dickerville Creek","name":"Dickerville Creek","source_id":"161838302","length_km":0.47051531,"FType":460,"FCode":46006,"atlas_class":"streamriver","display_name":"Dickerville Creek","stream_role":"natural_stream_detail_context","sourceLayer":"colorado_natural_stream_detail_tiles_v1","sourceLabel":"Colorado natural stream detail tiles v1","sensitivity":"generalized"},"geometry":{"type":"LineString","coordinates":[[-107.76433,40.04328],[-107.76569,40.0439],[-107.76724,40.04377],[-107.76747,40.04421],[-107.76826,40.04394]]}},{"type":"Feature","properties":{"huc8":"14050005","huc8Name":"Upper White","historic":"greenRiverBlue","current":"introduced","recovery":"recoveryWatch","lineageKey":"greenRiverBlue","lineageLabel":"Green River / blue-lineage CT","basin":"Upper White","note":"White River blue-lineage context","state":"CO","confidence":"HUC8 drainage context / generalized","geometryStatus":"natural_stream_detail_tile_from_full_interpreted_layer","troutSource":"HUC8 lineage assignment v1 / review needed","sourceName":"Dickerville Creek","name":"Dickerville Creek","source_id":"161838114","length_km":0.18093449,"FType":460,"FCode":46006,"atlas_class":"streamriver","display_name":"Dickerville Creek","stream_role":"natural_stream_detail_context","sourceLayer":"colorado_natural_stream_detail_tiles_v1","sourceLabel":"Colorado natural stream detail tiles v1","sensitivity":"generalized"},"geometry":{"type":"LineString","coordinates":[[-107.72477,40.05332],[-107.72597,40.05231]]}},{"type":"Feature","properties":{"huc8":"14050005","huc8Name":"Upper White","historic":"greenRiverBlue","current":"introduced","recovery":"recoveryWatch","lineageKey":"greenRiverBlue","lineageLabel":"Green River / blue-lineage CT","basin":"Upper White","note":"White River blue-lineage context","state":"CO","confidence":"HUC8 drainage context / generalized","geometryStatus":"natural_stream_detail_tile_from_full_interpreted_layer","troutSource":"HUC8 lineage assignment v1 / review needed","sourceName":"Dickerville Creek","name":"Dickerville Creek","source_id":"161838176","length_km":0.35620153,"FType":460,"FCode":46006,"atlas_class":"streamriver","display_name":"Dickerville Creek","stream_role":"natural_stream_detail_context","sourceLayer":"colorado_natural_stream_detail_tiles_v1","sourceLabel":"Colorado natural stream detail tiles v1","sensitivity":"generalized"},"geometry":{"type":"LineString","coordinates":[[-107.73623,40.04494],[-107.73728,40.04473],[-107.73781,40.04389],[-107.73936,40.04371]]}},{"type":"Feature","properties":{"huc8":"14050005","huc8Name":"Upper White","historic":"greenRiverBlue","current":"introduced","recovery":"recoveryWatch","lineageKey":"greenRiverBlue","lineageLabel":"Green River / blue-lineage CT","basin":"Upper White","note":"White River blue-lineage context","state":"CO","confidence":"HUC8 drainage context / generalized","geometryStatus":"natural_stream_detail_tile_from_full_interpreted_layer","troutSource":"HUC8 lineage assignment v1 / review needed","sourceName":"Dickerville Creek","name":"Dickerville Creek","source_id":"161837983","length_km":0.45833425,"FType":460,"FCode":46006,"atlas_class":"streamriver","display_name":"Dickerville Creek","stream_role":"natural_stream_detail_context","sourceLayer":"colorado_natural_stream_detail_tiles_v1","sourceLabel":"Colorado natural stream detail tiles v1","sensitivity":"generalized"},"geometry":{"type":"LineString","coordinates":[[-107.74108,40.0436],[-107.74563,40.04242]]}},{"type":"Feature","properties":{"huc8":"14050005","huc8Name":"Upper White","historic":"greenRiverBlue","current":"introduced","recovery":"recoveryWatch","lineageKey":"greenRiverBlue","lineageLabel":"Green River / blue-lineage CT","basin":"Upper White","note":"White River blue-lineage context","state":"CO","confidence":"HUC8 drainage context / generalized","geometryStatus":"natural_stream_detail_tile_from_full_interpreted_layer","troutSource":"HUC8 lineage assignment v1 / review needed","sourceName":"Dickerville Creek","name":"Dickerville Creek","source_id":"161838113","length_km":0.0913594,"FType":460,"FCode":46006,"atlas_class":"streamriver","display_name":"Dickerville Creek","stream_role":"natural_stream_detail_context","sourceLayer":"colorado_natural_stream_detail_tiles_v1","sourceLabel":"Colorado natural stream detail tiles v1","sensitivity":"generalized"},"geometry":{"type":"LineString","coordinates":[[-107.72404,40.05382],[-107.72477,40.05332]]}},{"type":"Feature","properties":{"huc8":"14050005","huc8Name":"Upper White","historic":"greenRiverBlue","current":"introduced","recovery":"recoveryWatch","lineageKey":"greenRiverBlue","lineageLabel":"Green River / blue-lineage CT","basin":"Upper White","note":"White River blue-lineage context","state":"CO","confidence":"HUC8 drainage context / generalized","geometryStatus":"natural_stream_detail_tile_from_full_interpreted_layer","troutSource":"HUC8 lineage assignment v1 / review needed","sourceName":"Dickerville Creek","name":"Dickerville Creek","source_id":"90429429","length_km":0.3317265,"FType":460,"FCode":46006,"atlas_class":"streamriver","display_name":"Dickerville Creek","stream_role":"natural_stream_detail_context","sourceLayer":"colorado_natural_stream_detail_tiles_v1","sourceLabel":"Colorado natural stream detail tiles v1","sensitivity":"generalized"},"geometry":{"type":"LineString","coordinates":[[-107.75756,40.04147],[-107.75902,40.04112],[-107.75982,40.04214]]}},{"type":"Feature","properties":{"huc8":"14050005","huc8Name":"Upper White","historic":"greenRiverBlue","current":"introduced","recovery":"recoveryWatch","lineageKey":"greenRiverBlue","lineageLabel":"Green River / blue-lineage CT","basin":"Upper White","note":"White River blue-lineage context","state":"CO","confidence":"HUC8 drainage context / generalized","geometryStatus":"natural_stream_detail_tile_from_full_interpreted_layer","troutSource":"HUC8 lineage assignment v1 / review needed","sourceName":"Dickerville Creek","name":"Dickerville Creek","source_id":"161838175","length_km":0.23120182,"FType":460,"FCode":46006,"atlas_class":"streamriver","display_name":"Dickerville Creek","stream_role":"natural_stream_detail_context","sourceLayer":"colorado_natural_stream_detail_tiles_v1","sourceLabel":"Colorado natural stream detail tiles v1","sensitivity":"generalized"},"geometry":{"type":"LineString","coordinates":[[-107.73437,40.04626],[-107.73623,40.04494]]}},{"type":"Feature","properties":{"huc8":"14050005","huc8Name":"Upper White","historic":"greenRiverBlue","current":"introduced","recovery":"recoveryWatch","lineageKey":"greenRiverBlue","lineageLabel":"Green River / blue-lineage CT","basin":"Upper White","note":"White River blue-lineage context","state":"CO","confidence":"HUC8 drainage context / generalized","geometryStatus":"natural_stream_detail_tile_from_full_interpreted_layer","troutSource":"HUC8 lineage assignment v1 / review needed","sourceName":"Dickerville Creek","name":"Dickerville Creek","source_id":"161838298","length_km":0.04619029,"FType":460,"FCode":46006,"atlas_class":"streamriver","display_name":"Dickerville Creek","stream_role":"natural_stream_detail_context","sourceLayer":"colorado_natural_stream_detail_tiles_v1","sourceLabel":"Colorado natural stream detail tiles v1","sensitivity":"generalized"},"geometry":{"type":"LineString","coordinates":[[-107.75251,40.04137],[-107.75304,40.04129]]}},{"type":"Feature","properties":{"huc8":"14050005","huc8Name":"Upper White","historic":"greenRiverBlue","current":"introduced","recovery":"recoveryWatch","lineageKey":"greenRiverBlue","lineageLabel":"Green River / blue-lineage CT","basin":"Upper White","note":"White River blue-lineage context","state":"CO","confidence":"HUC8 drainage context / generalized","geometryStatus":"natural_stream_detail_tile_from_full_interpreted_layer","troutSource":"HUC8 lineage assignment v1 / review needed","sourceName":"Dickerville Creek","name":"Dickerville Creek","source_id":"161838318","length_km":0.21885301,"FType":460,"FCode":46006,"atlas_class":"streamriver","display_name":"Dickerville Creek","stream_role":"natural_stream_detail_context","sourceLayer":"colorado_natural_stream_detail_tiles_v1","sourceLabel":"Colorado natural stream detail tiles v1","sensitivity":"generalized"},"geometry":{"type":"LineString","coordinates":[[-107.75508,40.04123],[-107.75756,40.04147]]}},{"type":"Feature","properties":{"huc8":"14050005","huc8Name":"Upper White","historic":"greenRiverBlue","current":"introduced","recovery":"recoveryWatch","lineageKey":"greenRiverBlue","lineageLabel":"Green River / blue-lineage CT","basin":"Upper White","note":"White River blue-lineage context","state":"CO","confidence":"HUC8 drainage context / generalized","geometryStatus":"natural_stream_detail_tile_from_full_interpreted_layer","troutSource":"HUC8 lineage assignment v1 / review needed","sourceName":"Little Beaver Creek","name":"Little Beaver Creek","source_id":"161838368","length_km":0.76257884,"FType":460,"FCode":46006,"atlas_class":"streamriver","display_name":"Little Beaver Creek","stream_role":"natural_stream_detail_context","sourceLayer":"colorado_natural_stream_detail_tiles_v1","sourceLabel":"Colorado natural stream detail tiles v1","sensitivity":"generalized"},"geometry":{"type":"LineString","coordinates":[[-107.76345,40.03073],[-107.76487,40.03246],[-107.7657,40.03217],[-107.76739,40.03354],[-107.76845,40.03352]]}},{"type":"Feature","properties":{"huc8":"14050005","huc8Name":"Upper White","historic":"greenRiverBlue","current":"introduced","recovery":"recoveryWatch","lineageKey":"greenRiverBlue","lineageLabel":"Green River / blue-lineage CT","basin":"Upper White","note":"White River blue-lineage context","state":"CO","confidence":"HUC8 drainage context / generalized","geometryStatus":"natural_stream_detail_tile_from_full_interpreted_layer","troutSource":"HUC8 lineage assignment v1 / review needed","sourceName":"Little Beaver Creek","name":"Little Beaver Creek","source_id":"90429547","length_km":1.52894265,"FType":460,"FCode":46006,"atlas_class":"streamriver","display_name":"Little Beaver Creek","stream_role":"natural_stream_detail_context","sourceLayer":"colorado_natural_stream_detail_tiles_v1","sourceLabel":"Colorado natural stream detail tiles v1","sensitivity":"generalized"},"geometry":{"type":"LineString","coordinates":[[-107.74654,40.02838],[-107.74863,40.02757],[-107.75393,40.02722],[-107.75644,40.02639],[-107.75976,40.02653]]}},{"type":"Feature","properties":{"huc8":"14050005","huc8Name":"Upper White","historic":"greenRiverBlue","current":"introduced","recovery":"recoveryWatch","lineageKey":"greenRiverBlue","lineageLabel":"Green River / blue-lineage CT","basin":"Upper White","note":"White River blue-lineage context","state":"CO","confidence":"HUC8 drainage context / generalized","geometryStatus":"natural_stream_detail_tile_from_full_interpreted_layer","troutSource":"HUC8 lineage assignment v1 / review needed","sourceName":"Little Beaver Creek","name":"Little Beaver Creek","source_id":"161838158","length_km":0.05635333,"FType":460,"FCode":46006,"atlas_class":"streamriver","display_name":"Little Beaver Creek","stream_role":"natural_stream_detail_context","sourceLayer":"colorado_natural_stream_detail_tiles_v1","sourceLabel":"Colorado natural stream detail tiles v1","sensitivity":"generalized"},"geometry":{"type":"LineString","coordinates":[[-107.72347,40.02982],[-107.72402,40.02966]]}},{"type":"Feature","properties":{"huc8":"14050005","huc8Name":"Upper White","historic":"greenRiverBlue","current":"introduced","recovery":"recoveryWatch","lineageKey":"greenRiverBlue","lineageLabel":"Green River / blue-lineage CT","basin":"Upper White","note":"White River blue-lineage context","state":"CO","confidence":"HUC8 drainage context / generalized","geometryStatus":"natural_stream_detail_tile_from_full_interpreted_layer","troutSource":"HUC8 lineage assignment v1 / review needed","sourceName":"Little Beaver Creek","name":"Little Beaver Creek","source_id":"161838367","length_km":0.39927993,"FType":460,"FCode":46006,"atlas_class":"streamriver","display_name":"Little Beaver Creek","stream_role":"natural_stream_detail_context","sourceLayer":"colorado_natural_stream_detail_tiles_v1","sourceLabel":"Colorado natural stream detail tiles v1","sensitivity":"generalized"},"geometry":{"type":"LineString","coordinates":[[-107.76162,40.02894],[-107.76223,40.02881],[-107.76345,40.03073]]}},{"type":"Feature","properties":{"huc8":"14050005","huc8Name":"Upper White","historic":"greenRiverBlue","current":"introduced","recovery":"recoveryWatch","lineageKey":"greenRiverBlue","lineageLabel":"Green River / blue-lineage CT","basin":"Upper White","note":"White River blue-lineage context","state":"CO","confidence":"HUC8 drainage context / generalized","geometryStatus":"natural_stream_detail_tile_from_full_interpreted_layer","troutSource":"HUC8 lineage assignment v1 / review needed","sourceName":"Dickerville Creek","name":"Dickerville Creek","source_id":"161838361","length_km":0.14725133,"FType":460,"FCode":46006,"atlas_class":"streamriver","display_name":"Dickerville Creek","stream_role":"natural_stream_detail_context","sourceLayer":"colorado_natural_stream_detail_tiles_v1","sourceLabel":"Colorado natural stream detail tiles v1","sensitivity":"generalized"},"geometry":{"type":"LineString","coordinates":[[-107.75337,40.04123],[-107.75508,40.04123]]}},{"type":"Feature","properties":{"huc8":"14050005","huc8Name":"Upper White","historic":"greenRiverBlue","current":"introduced","recovery":"recoveryWatch","lineageKey":"greenRiverBlue","lineageLabel":"Green River / blue-lineage CT","basin":"Upper White","note":"White River blue-lineage context","state":"CO","confidence":"HUC8 drainage context / generalized","geometryStatus":"natural_stream_detail_tile_from_full_interpreted_layer","troutSource":"HUC8 lineage assignment v1 / review needed","sourceName":"Little Beaver Creek","name":"Little Beaver Creek","source_id":"161838047","length_km":0.27026474,"FType":460,"FCode":46006,"atlas_class":"streamriver","display_name":"Little Beaver Creek","stream_role":"natural_stream_detail_context","sourceLayer":"colorado_natural_stream_detail_tiles_v1","sourceLabel":"Colorado natural stream detail tiles v1","sensitivity":"generalized"},"geometry":{"type":"LineString","coordinates":[[-107.72933,40.03057],[-107.73199,40.03031]]}},{"type":"Feature","properties":{"huc8":"14050005","huc8Name":"Upper White","historic":"greenRiverBlue","current":"introduced","recovery":"recoveryWatch","lineageKey":"greenRiverBlue","lineageLabel":"Green River / blue-lineage CT","basin":"Upper White","note":"White River blue-lineage context","state":"CO","confidence":"HUC8 drainage context / generalized","geometryStatus":"natural_stream_detail_tile_from_full_interpreted_layer","troutSource":"HUC8 lineage assignment v1 / review needed","sourceName":"Little Beaver Creek","name":"Little Beaver Creek","source_id":"161838159","length_km":0.35667541,"FType":460,"FCode":46006,"atlas_class":"streamriver","display_name":"Little Beaver Creek","stream_role":"natural_stream_detail_context","sourceLayer":"colorado_natural_stream_detail_tiles_v1","sourceLabel":"Colorado natural stream detail tiles v1","sensitivity":"generalized"},"geometry":{"type":"LineString","coordinates":[[-107.72402,40.02966],[-107.72547,40.02921],[-107.72711,40.02992]]}},{"type":"Feature","properties":{"huc8":"14050005","huc8Name":"Upper White","historic":"greenRiverBlue","current":"introduced","recovery":"recoveryWatch","lineageKey":"greenRiverBlue","lineageLabel":"Green River / blue-lineage CT","basin":"Upper White","note":"White River blue-lineage context","state":"CO","confidence":"HUC8 drainage context / generalized","geometryStatus":"natural_stream_detail_tile_from_full_interpreted_layer","troutSource":"HUC8 lineage assignment v1 / review needed","sourceName":"Little Beaver Creek","name":"Little Beaver Creek","source_id":"161837973","length_km":0.41253102,"FType":460,"FCode":46006,"atlas_class":"streamriver","display_name":"Little Beaver Creek","stream_role":"natural_stream_detail_context","sourceLayer":"colorado_natural_stream_detail_tiles_v1","sourceLabel":"Colorado natural stream detail tiles v1","sensitivity":"generalized"},"geometry":{"type":"LineString","coordinates":[[-107.72027,40.03205],[-107.72204,40.0314],[-107.72262,40.03023],[-107.72347,40.02982]]}},{"type":"Feature","properties":{"huc8":"14050005","huc8Name":"Upper White","historic":"greenRiverBlue","current":"introduced","recovery":"recoveryWatch","lineageKey":"greenRiverBlue","lineageLabel":"Green River / blue-lineage CT","basin":"Upper White","note":"White River blue-lineage context","state":"CO","confidence":"HUC8 drainage context / generalized","geometryStatus":"natural_stream_detail_tile_from_full_interpreted_layer","troutSource":"HUC8 lineage assignment v1 / review needed","sourceName":"Little Beaver Creek","name":"Little Beaver Creek","source_id":"161838306","length_km":0.01064947,"FType":460,"FCode":46006,"atlas_class":"streamriver","display_name":"Little Beaver Creek","stream_role":"natural_stream_detail_context","sourceLayer":"colorado_natural_stream_detail_tiles_v1","sourceLabel":"Colorado natural stream detail tiles v1","sensitivity":"generalized"},"geometry":{"type":"LineString","coordinates":[[-107.76845,40.03352],[-107.76858,40.03354]]}},{"type":"Feature","properties":{"huc8":"14050005","huc8Name":"Upper White","historic":"greenRiverBlue","current":"introduced","recovery":"recoveryWatch","lineageKey":"greenRiverBlue","lineageLabel":"Green River / blue-lineage CT","basin":"Upper White","note":"White River blue-lineage context","state":"CO","confidence":"HUC8 drainage context / generalized","geometryStatus":"natural_stream_detail_tile_from_full_interpreted_layer","troutSource":"HUC8 lineage assignment v1 / review needed","sourceName":"Dickerville Creek","name":"Dickerville Creek","source_id":"161838360","length_km":0.02865731,"FType":460,"FCode":46006,"atlas_class":"streamriver","display_name":"Dickerville Creek","stream_role":"natural_stream_detail_context","sourceLayer":"colorado_natural_stream_detail_tiles_v1","sourceLabel":"Colorado natural stream detail tiles v1","sensitivity":"generalized"},"geometry":{"type":"LineString","coordinates":[[-107.75304,40.04129],[-107.75337,40.04123]]}},{"type":"Feature","properties":{"huc8":"14050005","huc8Name":"Upper White","historic":"greenRiverBlue","current":"introduced","recovery":"recoveryWatch","lineageKey":"greenRiverBlue","lineageLabel":"Green River / blue-lineage CT","basin":"Upper White","note":"White River blue-lineage context","state":"CO","confidence":"HUC8 drainage context / generalized","geometryStatus":"natural_stream_detail_tile_from_full_interpreted_layer","troutSource":"HUC8 lineage assignment v1 / review needed","sourceName":"Little Beaver Creek","name":"Little Beaver Creek","source_id":"161837927","length_km":0.72482565,"FType":460,"FCode":46006,"atlas_class":"streamriver","display_name":"Little Beaver Creek","stream_role":"natural_stream_detail_context","sourceLayer":"colorado_natural_stream_detail_tiles_v1","sourceLabel":"Colorado natural stream detail tiles v1","sensitivity":"generalized"},"geometry":{"type":"LineString","coordinates":[[-107.7374,40.02924],[-107.74446,40.02808]]}},{"type":"Feature","properties":{"huc8":"14050005","huc8Name":"Upper White","historic":"greenRiverBlue","current":"introduced","recovery":"recoveryWatch","lineageKey":"greenRiverBlue","lineageLabel":"Green River / blue-lineage CT","basin":"Upper White","note":"White River blue-lineage context","state":"CO","confidence":"HUC8 drainage context / generalized","geometryStatus":"natural_stream_detail_tile_from_full_interpreted_layer","troutSource":"HUC8 lineage assignment v1 / review needed","sourceName":"Little Beaver Creek","name":"Little Beaver Creek","source_id":"161838046","length_km":0.28150696,"FType":460,"FCode":46006,"atlas_class":"streamriver","display_name":"Little Beaver Creek","stream_role":"natural_stream_detail_context","sourceLayer":"colorado_natural_stream_detail_tiles_v1","sourceLabel":"Colorado natural stream detail tiles v1","sensitivity":"generalized"},"geometry":{"type":"LineString","coordinates":[[-107.72711,40.02992],[-107.72933,40.03057]]}},{"type":"Feature","properties":{"huc8":"14050005","huc8Name":"Upper White","historic":"greenRiverBlue","current":"introduced","recovery":"recoveryWatch","lineageKey":"greenRiverBlue","lineageLabel":"Green River / blue-lineage CT","basin":"Upper White","note":"White River blue-lineage context","state":"CO","confidence":"HUC8 drainage context / generalized","geometryStatus":"natural_stream_detail_tile_from_full_interpreted_layer","troutSource":"HUC8 lineage assignment v1 / review needed","sourceName":"Little Beaver Creek","name":"Little Beaver Creek","source_id":"161838097","length_km":0.21630985,"FType":460,"FCode":46006,"atlas_class":"streamriver","display_name":"Little Beaver Creek","stream_role":"natural_stream_detail_context","sourceLayer":"colorado_natural_stream_detail_tiles_v1","sourceLabel":"Colorado natural stream detail tiles v1","sensitivity":"generalized"},"geometry":{"type":"LineString","coordinates":[[-107.74446,40.02808],[-107.74654,40.02838]]}},{"type":"Feature","properties":{"huc8":"14050005","huc8Name":"Upper White","historic":"greenRiverBlue","current":"introduced","recovery":"recoveryWatch","lineageKey":"greenRiverBlue","lineageLabel":"Green River / blue-lineage CT","basin":"Upper White","note":"White River blue-lineage context","state":"CO","confidence":"HUC8 drainage context / generalized","geometryStatus":"natural_stream_detail_tile_from_full_interpreted_layer","troutSource":"HUC8 lineage assignment v1 / review needed","sourceName":"Little Beaver Creek","name":"Little Beaver Creek","source_id":"161837926","length_km":0.55019635,"FType":460,"FCode":46006,"atlas_class":"streamriver","display_name":"Little Beaver Creek","stream_role":"natural_stream_detail_context","sourceLayer":"colorado_natural_stream_detail_tiles_v1","sourceLabel":"Colorado natural stream detail tiles v1","sensitivity":"generalized"},"geometry":{"type":"LineString","coordinates":[[-107.73199,40.03031],[-107.7374,40.02924]]}},{"type":"Feature","properties":{"huc8":"14050005","huc8Name":"Upper White","historic":"greenRiverBlue","current":"introduced","recovery":"recoveryWatch","lineageKey":"greenRiverBlue","lineageLabel":"Green River / blue-lineage CT","basin":"Upper White","note":"White River blue-lineage context","state":"CO","confidence":"HUC8 drainage context / generalized","geometryStatus":"natural_stream_detail_tile_from_full_interpreted_layer","troutSource":"HUC8 lineage assignment v1 / review needed","sourceName":"Little Beaver Creek","name":"Little Beaver Creek","source_id":"161838355","length_km":0.39517327,"FType":460,"FCode":46006,"atlas_class":"streamriver","display_name":"Little Beaver Creek","stream_role":"natural_stream_detail_context","sourceLayer":"colorado_natural_stream_detail_tiles_v1","sourceLabel":"Colorado natural stream detail tiles v1","sensitivity":"generalized"},"geometry":{"type":"LineString","coordinates":[[-107.75976,40.02653],[-107.76105,40.02735],[-107.76162,40.02894]]}},{"type":"Feature","properties":{"huc8":"14050005","huc8Name":"Upper White","historic":"greenRiverBlue","current":"introduced","recovery":"recoveryWatch","lineageKey":"greenRiverBlue","lineageLabel":"Green River / blue-lineage CT","basin":"Upper White","note":"White River blue-lineage context","state":"CO","confidence":"HUC8 drainage context / generalized","geometryStatus":"natural_stream_detail_tile_from_full_interpreted_layer","troutSource":"HUC8 lineage assignment v1 / review needed","sourceName":"Coal Creek","name":"Coal Creek","source_id":"161834599","length_km":0.03555921,"FType":460,"FCode":46006,"atlas_class":"streamriver","display_name":"Coal Creek","stream_role":"natural_stream_detail_context","sourceLayer":"colorado_natural_stream_detail_tiles_v1","sourceLabel":"Colorado natural stream detail tiles v1","sensitivity":"generalized"},"geometry":{"type":"LineString","coordinates":[[-107.75168,40.1169],[-107.7519,40.11668]]}},{"type":"Feature","properties":{"huc8":"14050005","huc8Name":"Upper White","historic":"greenRiverBlue","current":"introduced","recovery":"recoveryWatch","lineageKey":"greenRiverBlue","lineageLabel":"Green River / blue-lineage CT","basin":"Upper White","note":"White River blue-lineage context","state":"CO","confidence":"HUC8 drainage context / generalized","geometryStatus":"natural_stream_detail_tile_from_full_interpreted_layer","troutSource":"HUC8 lineage assignment v1 / review needed","sourceName":"Coal Creek","name":"Coal Creek","source_id":"90433665","length_km":0.68004156,"FType":460,"FCode":46006,"atlas_class":"streamriver","display_name":"Coal Creek","stream_role":"natural_stream_detail_context","sourceLayer":"colorado_natural_stream_detail_tiles_v1","sourceLabel":"Colorado natural stream detail tiles v1","sensitivity":"generalized"},"geometry":{"type":"LineString","coordinates":[[-107.73278,40.1087],[-107.73522,40.10984],[-107.73693,40.11194],[-107.73719,40.11305]]}},{"type":"Feature","properties":{"huc8":"14050005","huc8Name":"Upper White","historic":"greenRiverBlue","current":"introduced","recovery":"recoveryWatch","lineageKey":"greenRiverBlue","lineageLabel":"Green River / blue-lineage CT","basin":"Upper White","note":"White River blue-lineage context","state":"CO","confidence":"HUC8 drainage context / generalized","geometryStatus":"natural_stream_detail_tile_from_full_interpreted_layer","troutSource":"HUC8 lineage assignment v1 / review needed","sourceName":"Coal Creek","name":"Coal Creek","source_id":"90433569","length_km":0.60096992,"FType":460,"FCode":46006,"atlas_class":"streamriver","display_name":"Coal Creek","stream_role":"natural_stream_detail_context","sourceLayer":"colorado_natural_stream_detail_tiles_v1","sourceLabel":"Colorado natural stream detail tiles v1","sensitivity":"generalized"},"geometry":{"type":"LineString","coordinates":[[-107.73754,40.11452],[-107.73854,40.11701],[-107.74136,40.11787]]}},{"type":"Feature","properties":{"huc8":"14050005","huc8Name":"Upper White","historic":"greenRiverBlue","current":"introduced","recovery":"recoveryWatch","lineageKey":"greenRiverBlue","lineageLabel":"Green River / blue-lineage CT","basin":"Upper White","note":"White River blue-lineage context","state":"CO","confidence":"HUC8 drainage context / generalized","geometryStatus":"natural_stream_detail_tile_from_full_interpreted_layer","troutSource":"HUC8 lineage assignment v1 / review needed","sourceName":"Coal Creek","name":"Coal Creek","source_id":"161834651","length_km":0.10231769,"FType":460,"FCode":46006,"atlas_class":"streamriver","display_name":"Coal Creek","stream_role":"natural_stream_detail_context","sourceLayer":"colorado_natural_stream_detail_tiles_v1","sourceLabel":"Colorado natural stream detail tiles v1","sensitivity":"generalized"},"geometry":{"type":"LineString","coordinates":[[-107.75344,40.11495],[-107.75402,40.11426]]}},{"type":"Feature","properties":{"huc8":"14050005","huc8Name":"Upper White","historic":"greenRiverBlue","current":"introduced","recovery":"recoveryWatch","lineageKey":"greenRiverBlue","lineageLabel":"Green River / blue-lineage CT","basin":"Upper White","note":"White River blue-lineage context","state":"CO","confidence":"HUC8 drainage context / generalized","geometryStatus":"natural_stream_detail_tile_from_full_interpreted_layer","troutSource":"HUC8 lineage assignment v1 / review needed","sourceName":"Coal Creek","name":"Coal Creek","source_id":"161834931","length_km":0.27996277,"FType":460,"FCode":46006,"atlas_class":"streamriver","display_name":"Coal Creek","stream_role":"natural_stream_detail_context","sourceLayer":"colorado_natural_stream_detail_tiles_v1","sourceLabel":"Colorado natural stream detail tiles v1","sensitivity":"generalized"},"geometry":{"type":"LineString","coordinates":[[-107.74136,40.11787],[-107.74432,40.11808]]}},{"type":"Feature","properties":{"huc8":"14050005","huc8Name":"Upper White","historic":"greenRiverBlue","current":"introduced","recovery":"recoveryWatch","lineageKey":"greenRiverBlue","lineageLabel":"Green River / blue-lineage CT","basin":"Upper White","note":"White River blue-lineage context","state":"CO","confidence":"HUC8 drainage context / generalized","geometryStatus":"natural_stream_detail_tile_from_full_interpreted_layer","troutSource":"HUC8 lineage assignment v1 / review needed","sourceName":"Coal Creek","name":"Coal Creek","source_id":"161835052","length_km":0.06645502,"FType":460,"FCode":46006,"atlas_class":"streamriver","display_name":"Coal Creek","stream_role":"natural_stream_detail_context","sourceLayer":"colorado_natural_stream_detail_tiles_v1","sourceLabel":"Colorado natural stream detail tiles v1","sensitivity":"generalized"},"geometry":{"type":"LineString","coordinates":[[-107.74788,40.11766],[-107.7486,40.11782]]}},{"type":"Feature","properties":{"huc8":"14050005","huc8Name":"Upper White","historic":"greenRiverBlue","current":"introduced","recovery":"recoveryWatch","lineageKey":"greenRiverBlue","lineageLabel":"Green River / blue-lineage CT","basin":"Upper White","note":"White River blue-lineage context","state":"CO","confidence":"HUC8 drainage context / generalized","geometryStatus":"natural_stream_detail_tile_from_full_interpreted_layer","troutSource":"HUC8 lineage assignment v1 / review needed","sourceName":"Coal Creek","name":"Coal Creek","source_id":"90433589","length_km":0.2011576,"FType":460,"FCode":46006,"atlas_class":"streamriver","display_name":"Coal Creek","stream_role":"natural_stream_detail_context","sourceLayer":"colorado_natural_stream_detail_tiles_v1","sourceLabel":"Colorado natural stream detail tiles v1","sensitivity":"generalized"},"geometry":{"type":"LineString","coordinates":[[-107.73719,40.11305],[-107.73754,40.11452]]}},{"type":"Feature","properties":{"huc8":"14050005","huc8Name":"Upper White","historic":"greenRiverBlue","current":"introduced","recovery":"recoveryWatch","lineageKey":"greenRiverBlue","lineageLabel":"Green River / blue-lineage CT","basin":"Upper White","note":"White River blue-lineage context","state":"CO","confidence":"HUC8 drainage context / generalized","geometryStatus":"natural_stream_detail_tile_from_full_interpreted_layer","troutSource":"HUC8 lineage assignment v1 / review needed","sourceName":"Coal Creek","name":"Coal Creek","source_id":"90428935","length_km":0.31762246,"FType":460,"FCode":46006,"atlas_class":"streamriver","display_name":"Coal Creek","stream_role":"natural_stream_detail_context","sourceLayer":"colorado_natural_stream_detail_tiles_v1","sourceLabel":"Colorado natural stream detail tiles v1","sensitivity":"generalized"},"geometry":{"type":"LineString","coordinates":[[-107.7486,40.11782],[-107.75168,40.1169]]}},{"type":"Feature","properties":{"huc8":"14050005","huc8Name":"Upper White","historic":"greenRiverBlue","current":"introduced","recovery":"recoveryWatch","lineageKey":"greenRiverBlue","lineageLabel":"Green River / blue-lineage CT","basin":"Upper White","note":"White River blue-lineage context","state":"CO","confidence":"HUC8 drainage context / generalized","geometryStatus":"natural_stream_detail_tile_from_full_interpreted_layer","troutSource":"HUC8 lineage assignment v1 / review needed","sourceName":"Coal Creek","name":"Coal Creek","source_id":"161835021","length_km":0.22406017,"FType":460,"FCode":46006,"atlas_class":"streamriver","display_name":"Coal Creek","stream_role":"natural_stream_detail_context","sourceLayer":"colorado_natural_stream_detail_tiles_v1","sourceLabel":"Colorado natural stream detail tiles v1","sensitivity":"generalized"},"geometry":{"type":"LineString","coordinates":[[-107.74531,40.11764],[-107.74788,40.11766]]}},{"type":"Feature","properties":{"huc8":"14050005","huc8Name":"Upper White","historic":"greenRiverBlue","current":"introduced","recovery":"recoveryWatch","lineageKey":"greenRiverBlue","lineageLabel":"Green River / blue-lineage CT","basin":"Upper White","note":"White River blue-lineage context","state":"CO","confidence":"HUC8 drainage context / generalized","geometryStatus":"natural_stream_detail_tile_from_full_interpreted_layer","troutSource":"HUC8 lineage assignment v1 / review needed","sourceName":"Coal Creek","name":"Coal Creek","source_id":"161834542","length_km":0.3969173,"FType":460,"FCode":46006,"atlas_class":"streamriver","display_name":"Coal Creek","stream_role":"natural_stream_detail_context","sourceLayer":"colorado_natural_stream_detail_tiles_v1","sourceLabel":"Colorado natural stream detail tiles v1","sensitivity":"generalized"},"geometry":{"type":"LineString","coordinates":[[-107.75416,40.11392],[-107.75702,40.11144]]}},{"type":"Feature","properties":{"huc8":"14050005","huc8Name":"Upper White","historic":"greenRiverBlue","current":"introduced","recovery":"recoveryWatch","lineageKey":"greenRiverBlue","lineageLabel":"Green River / blue-lineage CT","basin":"Upper White","note":"White River blue-lineage context","state":"CO","confidence":"HUC8 drainage context / generalized","geometryStatus":"natural_stream_detail_tile_from_full_interpreted_layer","troutSource":"HUC8 lineage assignment v1 / review needed","sourceName":"Coal Creek","name":"Coal Creek","source_id":"161834932","length_km":0.10103134,"FType":460,"FCode":46006,"atlas_class":"streamriver","display_name":"Coal Creek","stream_role":"natural_stream_detail_context","sourceLayer":"colorado_natural_stream_detail_tiles_v1","sourceLabel":"Colorado natural stream detail tiles v1","sensitivity":"generalized"},"geometry":{"type":"LineString","coordinates":[[-107.74432,40.11808],[-107.74531,40.11764]]}},{"type":"Feature","properties":{"huc8":"14050005","huc8Name":"Upper White","historic":"greenRiverBlue","current":"introduced","recovery":"recoveryWatch","lineageKey":"greenRiverBlue","lineageLabel":"Green River / blue-lineage CT","basin":"Upper White","note":"White River blue-lineage context","state":"CO","confidence":"HUC8 drainage context / generalized","geometryStatus":"natural_stream_detail_tile_from_full_interpreted_layer","troutSource":"HUC8 lineage assignment v1 / review needed","sourceName":"Coal Creek","name":"Coal Creek","source_id":"161834600","length_km":0.27202392,"FType":460,"FCode":46006,"atlas_class":"streamriver","display_name":"Coal Creek","stream_role":"natural_stream_detail_context","sourceLayer":"colorado_natural_stream_detail_tiles_v1","sourceLabel":"Colorado natural stream detail tiles v1","sensitivity":"generalized"},"geometry":{"type":"LineString","coordinates":[[-107.7519,40.11668],[-107.75344,40.11495]]}},{"type":"Feature","properties":{"huc8":"14050005","huc8Name":"Upper White","historic":"greenRiverBlue","current":"introduced","recovery":"recoveryWatch","lineageKey":"greenRiverBlue","lineageLabel":"Green River / blue-lineage CT","basin":"Upper White","note":"White River blue-lineage context","state":"CO","confidence":"HUC8 drainage context / generalized","geometryStatus":"natural_stream_detail_tile_from_full_interpreted_layer","troutSource":"HUC8 lineage assignment v1 / review needed","sourceName":"Coal Creek","name":"Coal Creek","source_id":"161834652","length_km":0.05244893,"FType":460,"FCode":46006,"atlas_class":"streamriver","display_name":"Coal Creek","stream_role":"natural_stream_detail_context","sourceLayer":"colorado_natural_stream_detail_tiles_v1","sourceLabel":"Colorado natural stream detail tiles v1","sensitivity":"generalized"},"geometry":{"type":"LineString","coordinates":[[-107.75402,40.11426],[-107.75416,40.11392]]}},{"type":"Feature","properties":{"huc8":"14050002","huc8Name":"Lower Yampa","historic":"greenRiverBlue","current":"introduced","recovery":"recoveryWatch","lineageKey":"greenRiverBlue","lineageLabel":"Green River / blue-lineage CT","basin":"Lower Yampa","note":"Yampa blue-lineage context","state":"CO","confidence":"HUC8 drainage context / generalized","geometryStatus":"natural_stream_detail_tile_from_full_interpreted_layer","troutSource":"HUC8 lineage assignment v1 / review needed","sourceName":"Good Spring Creek","name":"Good Spring Creek","source_id":"83363279","length_km":0.423,"FType":460,"FCode":46003,"atlas_class":"streamriver","display_name":"Good Spring Creek","stream_role":"natural_stream_detail_context","sourceLayer":"colorado_natural_stream_detail_tiles_v1","sourceLabel":"Colorado natural stream detail tiles v1","sensitivity":"generalized"},"geometry":{"type":"LineString","coordinates":[[-107.79714,40.15352],[-107.79741,40.15432],[-107.80046,40.15593]]}},{"type":"Feature","properties":{"huc8":"14050002","huc8Name":"Lower Yampa","historic":"greenRiverBlue","current":"introduced","recovery":"recoveryWatch","lineageKey":"greenRiverBlue","lineageLabel":"Green River / blue-lineage CT","basin":"Lower Yampa","note":"Yampa blue-lineage context","state":"CO","confidence":"HUC8 drainage context / generalized","geometryStatus":"natural_stream_detail_tile_from_full_interpreted_layer","troutSource":"HUC8 lineage assignment v1 / review needed","sourceName":"Good Spring Creek","name":"Good Spring Creek","source_id":"83363313","length_km":0.156,"FType":460,"FCode":46003,"atlas_class":"streamriver","display_name":"Good Spring Creek","stream_role":"natural_stream_detail_context","sourceLayer":"colorado_natural_stream_detail_tiles_v1","sourceLabel":"Colorado natural stream detail tiles v1","sensitivity":"generalized"},"geometry":{"type":"LineString","coordinates":[[-107.79874,40.14124],[-107.79849,40.1426]]}},{"type":"Feature","properties":{"huc8":"14050002","huc8Name":"Lower Yampa","historic":"greenRiverBlue","current":"introduced","recovery":"recoveryWatch","lineageKey":"greenRiverBlue","lineageLabel":"Green River / blue-lineage CT","basin":"Lower Yampa","note":"Yampa blue-lineage context","state":"CO","confidence":"HUC8 drainage context / generalized","geometryStatus":"natural_stream_detail_tile_from_full_interpreted_layer","troutSource":"HUC8 lineage assignment v1 / review needed","sourceName":"Good Spring Creek","name":"Good Spring Creek","source_id":"83363303","length_km":0.317,"FType":460,"FCode":46003,"atlas_class":"streamriver","display_name":"Good Spring Creek","stream_role":"natural_stream_detail_context","sourceLayer":"colorado_natural_stream_detail_tiles_v1","sourceLabel":"Colorado natural stream detail tiles v1","sensitivity":"generalized"},"geometry":{"type":"LineString","coordinates":[[-107.79781,40.14711],[-107.79733,40.14979]]}},{"type":"Feature","properties":{"huc8":"14050002","huc8Name":"Lower Yampa","historic":"greenRiverBlue","current":"introduced","recovery":"recoveryWatch","lineageKey":"greenRiverBlue","lineageLabel":"Green River / blue-lineage CT","basin":"Lower Yampa","note":"Yampa blue-lineage context","state":"CO","confidence":"HUC8 drainage context / generalized","geometryStatus":"natural_stream_detail_tile_from_full_interpreted_layer","troutSource":"HUC8 lineage assignment v1 / review needed","sourceName":"Good Spring Creek","name":"Good Spring Creek","source_id":"83363309","length_km":0.033,"FType":460,"FCode":46003,"atlas_class":"streamriver","display_name":"Good Spring Creek","stream_role":"natural_stream_detail_context","sourceLayer":"colorado_natural_stream_detail_tiles_v1","sourceLabel":"Colorado natural stream detail tiles v1","sensitivity":"generalized"},"geometry":{"type":"LineString","coordinates":[[-107.79849,40.1426],[-107.79852,40.14289]]}},{"type":"Feature","properties":{"huc8":"14050002","huc8Name":"Lower Yampa","historic":"greenRiverBlue","current":"introduced","recovery":"recoveryWatch","lineageKey":"greenRiverBlue","lineageLabel":"Green River / blue-lineage CT","basin":"Lower Yampa","note":"Yampa blue-lineage context","state":"CO","confidence":"HUC8 drainage context / generalized","geometryStatus":"natural_stream_detail_tile_from_full_interpreted_layer","troutSource":"HUC8 lineage assignment v1 / review needed","sourceName":"Good Spring Creek","name":"Good Spring Creek","source_id":"83363307","length_km":0.442,"FType":460,"FCode":46003,"atlas_class":"streamriver","display_name":"Good Spring Creek","stream_role":"natural_stream_detail_context","sourceLayer":"colorado_natural_stream_detail_tiles_v1","sourceLabel":"Colorado natural stream detail tiles v1","sensitivity":"generalized"},"geometry":{"type":"LineString","coordinates":[[-107.79849,40.14314],[-107.79764,40.14686]]}},{"type":"Feature","properties":{"huc8":"14050002","huc8Name":"Lower Yampa","historic":"greenRiverBlue","current":"introduced","recovery":"recoveryWatch","lineageKey":"greenRiverBlue","lineageLabel":"Green River / blue-lineage CT","basin":"Lower Yampa","note":"Yampa blue-lineage context","state":"CO","confidence":"HUC8 drainage context / generalized","geometryStatus":"natural_stream_detail_tile_from_full_interpreted_layer","troutSource":"HUC8 lineage assignment v1 / review needed","sourceName":"Good Spring Creek","name":"Good Spring Creek","source_id":"83363299","length_km":0.41,"FType":460,"FCode":46003,"atlas_class":"streamriver","display_name":"Good Spring Creek","stream_role":"natural_stream_detail_context","sourceLayer":"colorado_natural_stream_detail_tiles_v1","sourceLabel":"Colorado natural stream detail tiles v1","sensitivity":"generalized"},"geometry":{"type":"LineString","coordinates":[[-107.79725,40.15009],[-107.7979,40.1522],[-107.79714,40.15352]]}},{"type":"Feature","properties":{"huc8":"14050005","huc8Name":"Upper White","historic":"greenRiverBlue","current":"introduced","recovery":"recoveryWatch","lineageKey":"greenRiverBlue","lineageLabel":"Green River / blue-lineage CT","basin":"Upper White","note":"White River blue-lineage context","state":"CO","confidence":"HUC8 drainage context / generalized","geometryStatus":"natural_stream_detail_tile_from_full_interpreted_layer","troutSource":"HUC8 lineage assignment v1 / review needed","sourceName":"Coal Creek","name":"Coal Creek","source_id":"90433611","length_km":0.55972434,"FType":460,"FCode":46006,"atlas_class":"streamriver","display_name":"Coal Creek","stream_role":"natural_stream_detail_context","sourceLayer":"colorado_natural_stream_detail_tiles_v1","sourceLabel":"Colorado natural stream detail tiles v1","sensitivity":"generalized"},"geometry":{"type":"LineString","coordinates":[[-107.65669,40.11364],[-107.659,40.11355],[-107.66275,40.11474]]}},{"type":"Feature","properties":{"huc8":"14050005","huc8Name":"Upper White","historic":"greenRiverBlue","current":"introduced","recovery":"recoveryWatch","lineageKey":"greenRiverBlue","lineageLabel":"Green River / blue-lineage CT","basin":"Upper White","note":"White River blue-lineage context","state":"CO","confidence":"HUC8 drainage context / generalized","geometryStatus":"natural_stream_detail_tile_from_full_interpreted_layer","troutSource":"HUC8 lineage assignment v1 / review needed","sourceName":"Coal Creek","name":"Coal Creek","source_id":"161834941","length_km":0.1440515,"FType":460,"FCode":46006,"atlas_class":"streamriver","display_name":"Coal Creek","stream_role":"natural_stream_detail_context","sourceLayer":"colorado_natural_stream_detail_tiles_v1","sourceLabel":"Colorado natural stream detail tiles v1","sensitivity":"generalized"},"geometry":{"type":"LineString","coordinates":[[-107.65566,40.11457],[-107.65669,40.11364]]}},{"type":"Feature","properties":{"huc8":"14050005","huc8Name":"Upper White","historic":"greenRiverBlue","current":"introduced","recovery":"recoveryWatch","lineageKey":"greenRiverBlue","lineageLabel":"Green River / blue-lineage CT","basin":"Upper White","note":"White River blue-lineage context","state":"CO","confidence":"HUC8 drainage context / generalized","geometryStatus":"natural_stream_detail_tile_from_full_interpreted_layer","troutSource":"HUC8 lineage assignment v1 / review needed","sourceName":"Coal Creek","name":"Coal Creek","source_id":"161835169","length_km":0.10291013,"FType":460,"FCode":46006,"atlas_class":"streamriver","display_name":"Coal Creek","stream_role":"natural_stream_detail_context","sourceLayer":"colorado_natural_stream_detail_tiles_v1","sourceLabel":"Colorado natural stream detail tiles v1","sensitivity":"generalized"},"geometry":{"type":"LineString","coordinates":[[-107.66275,40.11474],[-107.66392,40.11495]]}},{"type":"Feature","properties":{"huc8":"14050005","huc8Name":"Upper White","historic":"greenRiverBlue","current":"introduced","recovery":"recoveryWatch","lineageKey":"greenRiverBlue","lineageLabel":"Green River / blue-lineage CT","basin":"Upper White","note":"White River blue-lineage context","state":"CO","confidence":"HUC8 drainage context / generalized","geometryStatus":"natural_stream_detail_tile_from_full_interpreted_layer","troutSource":"HUC8 lineage assignment v1 / review needed","sourceName":"Coal Creek","name":"Coal Creek","source_id":"90433653","length_km":0.33538216,"FType":460,"FCode":46006,"atlas_class":"streamriver","display_name":"Coal Creek","stream_role":"natural_stream_detail_context","sourceLayer":"colorado_natural_stream_detail_tiles_v1","sourceLabel":"Colorado natural stream detail tiles v1","sensitivity":"generalized"},"geometry":{"type":"LineString","coordinates":[[-107.69262,40.11039],[-107.69647,40.11027]]}},{"type":"Feature","properties":{"huc8":"14050005","huc8Name":"Upper White","historic":"greenRiverBlue","current":"introduced","recovery":"recoveryWatch","lineageKey":"greenRiverBlue","lineageLabel":"Green River / blue-lineage CT","basin":"Upper White","note":"White River blue-lineage context","state":"CO","confidence":"HUC8 drainage context / generalized","geometryStatus":"natural_stream_detail_tile_from_full_interpreted_layer","troutSource":"HUC8 lineage assignment v1 / review needed","sourceName":"Coal Creek","name":"Coal Creek","source_id":"161834958","length_km":0.08188641,"FType":460,"FCode":46006,"atlas_class":"streamriver","display_name":"Coal Creek","stream_role":"natural_stream_detail_context","sourceLayer":"colorado_natural_stream_detail_tiles_v1","sourceLabel":"Colorado natural stream detail tiles v1","sensitivity":"generalized"},"geometry":{"type":"LineString","coordinates":[[-107.67256,40.11351],[-107.67352,40.11351]]}},{"type":"Feature","properties":{"huc8":"14050005","huc8Name":"Upper White","historic":"greenRiverBlue","current":"introduced","recovery":"recoveryWatch","lineageKey":"greenRiverBlue","lineageLabel":"Green River / blue-lineage CT","basin":"Upper White","note":"White River blue-lineage context","state":"CO","confidence":"HUC8 drainage context / generalized","geometryStatus":"natural_stream_detail_tile_from_full_interpreted_layer","troutSource":"HUC8 lineage assignment v1 / review needed","sourceName":"Coal Creek","name":"Coal Creek","source_id":"161835170","length_km":0.32326729,"FType":460,"FCode":46006,"atlas_class":"streamriver","display_name":"Coal Creek","stream_role":"natural_stream_detail_context","sourceLayer":"colorado_natural_stream_detail_tiles_v1","sourceLabel":"Colorado natural stream detail tiles v1","sensitivity":"generalized"},"geometry":{"type":"LineString","coordinates":[[-107.66392,40.11495],[-107.6663,40.11492],[-107.66742,40.11425]]}},{"type":"Feature","properties":{"huc8":"14050005","huc8Name":"Upper White","historic":"greenRiverBlue","current":"introduced","recovery":"recoveryWatch","lineageKey":"greenRiverBlue","lineageLabel":"Green River / blue-lineage CT","basin":"Upper White","note":"White River blue-lineage context","state":"CO","confidence":"HUC8 drainage context / generalized","geometryStatus":"natural_stream_detail_tile_from_full_interpreted_layer","troutSource":"HUC8 lineage assignment v1 / review needed","sourceName":"Coal Creek","name":"Coal Creek","source_id":"161834963","length_km":0.28666396,"FType":460,"FCode":46006,"atlas_class":"streamriver","display_name":"Coal Creek","stream_role":"natural_stream_detail_context","sourceLayer":"colorado_natural_stream_detail_tiles_v1","sourceLabel":"Colorado natural stream detail tiles v1","sensitivity":"generalized"},"geometry":{"type":"LineString","coordinates":[[-107.70048,40.1106],[-107.70141,40.11097],[-107.70355,40.11059]]}},{"type":"Feature","properties":{"huc8":"14050005","huc8Name":"Upper White","historic":"greenRiverBlue","current":"introduced","recovery":"recoveryWatch","lineageKey":"greenRiverBlue","lineageLabel":"Green River / blue-lineage CT","basin":"Upper White","note":"White River blue-lineage context","state":"CO","confidence":"HUC8 drainage context / generalized","geometryStatus":"natural_stream_detail_tile_from_full_interpreted_layer","troutSource":"HUC8 lineage assignment v1 / review needed","sourceName":"Coal Creek","name":"Coal Creek","source_id":"90433661","length_km":0.05838441,"FType":460,"FCode":46006,"atlas_class":"streamriver","display_name":"Coal Creek","stream_role":"natural_stream_detail_context","sourceLayer":"colorado_natural_stream_detail_tiles_v1","sourceLabel":"Colorado natural stream detail tiles v1","sensitivity":"generalized"},"geometry":{"type":"LineString","coordinates":[[-107.67881,40.10997],[-107.67949,40.11004]]}},{"type":"Feature","properties":{"huc8":"14050005","huc8Name":"Upper White","historic":"greenRiverBlue","current":"introduced","recovery":"recoveryWatch","lineageKey":"greenRiverBlue","lineageLabel":"Green River / blue-lineage CT","basin":"Upper White","note":"White River blue-lineage context","state":"CO","confidence":"HUC8 drainage context / generalized","geometryStatus":"natural_stream_detail_tile_from_full_interpreted_layer","troutSource":"HUC8 lineage assignment v1 / review needed","sourceName":"Coal Creek","name":"Coal Creek","source_id":"90433667","length_km":0.75608487,"FType":460,"FCode":46006,"atlas_class":"streamriver","display_name":"Coal Creek","stream_role":"natural_stream_detail_context","sourceLayer":"colorado_natural_stream_detail_tiles_v1","sourceLabel":"Colorado natural stream detail tiles v1","sensitivity":"generalized"},"geometry":{"type":"LineString","coordinates":[[-107.67949,40.11004],[-107.68455,40.10988],[-107.68819,40.11057]]}},{"type":"Feature","properties":{"huc8":"14050005","huc8Name":"Upper White","historic":"greenRiverBlue","current":"introduced","recovery":"recoveryWatch","lineageKey":"greenRiverBlue","lineageLabel":"Green River / blue-lineage CT","basin":"Upper White","note":"White River blue-lineage context","state":"CO","confidence":"HUC8 drainage context / generalized","geometryStatus":"natural_stream_detail_tile_from_full_interpreted_layer","troutSource":"HUC8 lineage assignment v1 / review needed","sourceName":"Coal Creek","name":"Coal Creek","source_id":"161834998","length_km":0.05635475,"FType":460,"FCode":46006,"atlas_class":"streamriver","display_name":"Coal Creek","stream_role":"natural_stream_detail_context","sourceLayer":"colorado_natural_stream_detail_tiles_v1","sourceLabel":"Colorado natural stream detail tiles v1","sensitivity":"generalized"},"geometry":{"type":"LineString","coordinates":[[-107.67465,40.11258],[-107.67523,40.11239]]}},{"type":"Feature","properties":{"huc8":"14050005","huc8Name":"Upper White","historic":"greenRiverBlue","current":"introduced","recovery":"recoveryWatch","lineageKey":"greenRiverBlue","lineageLabel":"Green River / blue-lineage CT","basin":"Upper White","note":"White River blue-lineage context","state":"CO","confidence":"HUC8 drainage context / generalized","geometryStatus":"natural_stream_detail_tile_from_full_interpreted_layer","troutSource":"HUC8 lineage assignment v1 / review needed","sourceName":"Coal Creek","name":"Coal Creek","source_id":"161834962","length_km":0.24237324,"FType":460,"FCode":46006,"atlas_class":"streamriver","display_name":"Coal Creek","stream_role":"natural_stream_detail_context","sourceLayer":"colorado_natural_stream_detail_tiles_v1","sourceLabel":"Colorado natural stream detail tiles v1","sensitivity":"generalized"},"geometry":{"type":"LineString","coordinates":[[-107.69768,40.1107],[-107.70048,40.1106]]}},{"type":"Feature","properties":{"huc8":"14050005","huc8Name":"Upper White","historic":"greenRiverBlue","current":"introduced","recovery":"recoveryWatch","lineageKey":"greenRiverBlue","lineageLabel":"Green River / blue-lineage CT","basin":"Upper White","note":"White River blue-lineage context","state":"CO","confidence":"HUC8 drainage context / generalized","geometryStatus":"natural_stream_detail_tile_from_full_interpreted_layer","troutSource":"HUC8 lineage assignment v1 / review needed","sourceName":"Coal Creek","name":"Coal Creek","source_id":"90433641","length_km":0.15698238,"FType":460,"FCode":46006,"atlas_class":"streamriver","display_name":"Coal Creek","stream_role":"natural_stream_detail_context","sourceLayer":"colorado_natural_stream_detail_tiles_v1","sourceLabel":"Colorado natural stream detail tiles v1","sensitivity":"generalized"},"geometry":{"type":"LineString","coordinates":[[-107.68819,40.11057],[-107.69001,40.11061]]}},{"type":"Feature","properties":{"huc8":"14050005","huc8Name":"Upper White","historic":"greenRiverBlue","current":"introduced","recovery":"recoveryWatch","lineageKey":"greenRiverBlue","lineageLabel":"Green River / blue-lineage CT","basin":"Upper White","note":"White River blue-lineage context","state":"CO","confidence":"HUC8 drainage context / generalized","geometryStatus":"natural_stream_detail_tile_from_full_interpreted_layer","troutSource":"HUC8 lineage assignment v1 / review needed","sourceName":"Coal Creek","name":"Coal Creek","source_id":"161835125","length_km":0.30939931,"FType":460,"FCode":46006,"atlas_class":"streamriver","display_name":"Coal Creek","stream_role":"natural_stream_detail_context","sourceLayer":"colorado_natural_stream_detail_tiles_v1","sourceLabel":"Colorado natural stream detail tiles v1","sensitivity":"generalized"},"geometry":{"type":"LineString","coordinates":[[-107.67609,40.1117],[-107.67881,40.10997]]}},{"type":"Feature","properties":{"huc8":"14050005","huc8Name":"Upper White","historic":"greenRiverBlue","current":"introduced","recovery":"recoveryWatch","lineageKey":"greenRiverBlue","lineageLabel":"Green River / blue-lineage CT","basin":"Upper White","note":"White River blue-lineage context","state":"CO","confidence":"HUC8 drainage context / generalized","geometryStatus":"natural_stream_detail_tile_from_full_interpreted_layer","troutSource":"HUC8 lineage assignment v1 / review needed","sourceName":"Coal Creek","name":"Coal Creek","source_id":"161835124","length_km":0.11022648,"FType":460,"FCode":46006,"atlas_class":"streamriver","display_name":"Coal Creek","stream_role":"natural_stream_detail_context","sourceLayer":"colorado_natural_stream_detail_tiles_v1","sourceLabel":"Colorado natural stream detail tiles v1","sensitivity":"generalized"},"geometry":{"type":"LineString","coordinates":[[-107.67523,40.11239],[-107.67609,40.1117]]}},{"type":"Feature","properties":{"huc8":"14050005","huc8Name":"Upper White","historic":"greenRiverBlue","current":"introduced","recovery":"recoveryWatch","lineageKey":"greenRiverBlue","lineageLabel":"Green River / blue-lineage CT","basin":"Upper White","note":"White River blue-lineage context","state":"CO","confidence":"HUC8 drainage context / generalized","geometryStatus":"natural_stream_detail_tile_from_full_interpreted_layer","troutSource":"HUC8 lineage assignment v1 / review needed","sourceName":"Coal Creek","name":"Coal Creek","source_id":"90433645","length_km":0.11474901,"FType":460,"FCode":46006,"atlas_class":"streamriver","display_name":"Coal Creek","stream_role":"natural_stream_detail_context","sourceLayer":"colorado_natural_stream_detail_tiles_v1","sourceLabel":"Colorado natural stream detail tiles v1","sensitivity":"generalized"},"geometry":{"type":"LineString","coordinates":[[-107.69647,40.11027],[-107.69768,40.1107]]}},{"type":"Feature","properties":{"huc8":"14050005","huc8Name":"Upper White","historic":"greenRiverBlue","current":"introduced","recovery":"recoveryWatch","lineageKey":"greenRiverBlue","lineageLabel":"Green River / blue-lineage CT","basin":"Upper White","note":"White River blue-lineage context","state":"CO","confidence":"HUC8 drainage context / generalized","geometryStatus":"natural_stream_detail_tile_from_full_interpreted_layer","troutSource":"HUC8 lineage assignment v1 / review needed","sourceName":"Coal Creek","name":"Coal Creek","source_id":"161834926","length_km":0.1802813,"FType":460,"FCode":46006,"atlas_class":"streamriver","display_name":"Coal Creek","stream_role":"natural_stream_detail_context","sourceLayer":"colorado_natural_stream_detail_tiles_v1","sourceLabel":"Colorado natural stream detail tiles v1","sensitivity":"generalized"},"geometry":{"type":"LineString","coordinates":[[-107.69001,40.11061],[-107.69207,40.11035]]}},{"type":"Feature","properties":{"huc8":"14050005","huc8Name":"Upper White","historic":"greenRiverBlue","current":"introduced","recovery":"recoveryWatch","lineageKey":"greenRiverBlue","lineageLabel":"Green River / blue-lineage CT","basin":"Upper White","note":"White River blue-lineage context","state":"CO","confidence":"HUC8 drainage context / generalized","geometryStatus":"natural_stream_detail_tile_from_full_interpreted_layer","troutSource":"HUC8 lineage assignment v1 / review needed","sourceName":"Coal Creek","name":"Coal Creek","source_id":"161834957","length_km":0.45194543,"FType":460,"FCode":46006,"atlas_class":"streamriver","display_name":"Coal Creek","stream_role":"natural_stream_detail_context","sourceLayer":"colorado_natural_stream_detail_tiles_v1","sourceLabel":"Colorado natural stream detail tiles v1","sensitivity":"generalized"},"geometry":{"type":"LineString","coordinates":[[-107.66742,40.11425],[-107.67256,40.11351]]}},{"type":"Feature","properties":{"huc8":"14050005","huc8Name":"Upper White","historic":"greenRiverBlue","current":"introduced","recovery":"recoveryWatch","lineageKey":"greenRiverBlue","lineageLabel":"Green River / blue-lineage CT","basin":"Upper White","note":"White River blue-lineage context","state":"CO","confidence":"HUC8 drainage context / generalized","geometryStatus":"natural_stream_detail_tile_from_full_interpreted_layer","troutSource":"HUC8 lineage assignment v1 / review needed","sourceName":"Coal Creek","name":"Coal Creek","source_id":"161834927","length_km":0.04836031,"FType":460,"FCode":46006,"atlas_class":"streamriver","display_name":"Coal Creek","stream_role":"natural_stream_detail_context","sourceLayer":"colorado_natural_stream_detail_tiles_v1","sourceLabel":"Colorado natural stream detail tiles v1","sensitivity":"generalized"},"geometry":{"type":"LineString","coordinates":[[-107.69207,40.11035],[-107.69262,40.11039]]}},{"type":"Feature","properties":{"huc8":"14050005","huc8Name":"Upper White","historic":"greenRiverBlue","current":"introduced","recovery":"recoveryWatch","lineageKey":"greenRiverBlue","lineageLabel":"Green River / blue-lineage CT","basin":"Upper White","note":"White River blue-lineage context","state":"CO","confidence":"HUC8 drainage context / generalized","geometryStatus":"natural_stream_detail_tile_from_full_interpreted_layer","troutSource":"HUC8 lineage assignment v1 / review needed","sourceName":"Coal Creek","name":"Coal Creek","source_id":"161834997","length_km":0.14101904,"FType":460,"FCode":46006,"atlas_class":"streamriver","display_name":"Coal Creek","stream_role":"natural_stream_detail_context","sourceLayer":"colorado_natural_stream_detail_tiles_v1","sourceLabel":"Colorado natural stream detail tiles v1","sensitivity":"generalized"},"geometry":{"type":"LineString","coordinates":[[-107.67352,40.11351],[-107.67465,40.11258]]}},{"type":"Feature","properties":{"huc8":"14050005","huc8Name":"Upper White","historic":"greenRiverBlue","current":"introduced","recovery":"recoveryWatch","lineageKey":"greenRiverBlue","lineageLabel":"Green River / blue-lineage CT","basin":"Upper White","note":"White River blue-lineage context","state":"CO","confidence":"HUC8 drainage context / generalized","geometryStatus":"natural_stream_detail_tile_from_full_interpreted_layer","troutSource":"HUC8 lineage assignment v1 / review needed","sourceName":"Coal Creek","name":"Coal Creek","source_id":"90433683","length_km":0.85382923,"FType":460,"FCode":46006,"atlas_class":"streamriver","display_name":"Coal Creek","stream_role":"natural_stream_detail_context","sourceLayer":"colorado_natural_stream_detail_tiles_v1","sourceLabel":"Colorado natural stream detail tiles v1","sensitivity":"generalized"},"geometry":{"type":"LineString","coordinates":[[-107.72373,40.10802],[-107.72689,40.1075],[-107.72865,40.10829],[-107.73075,40.10807],[-107.73278,40.1087]]}},{"type":"Feature","properties":{"huc8":"14050005","huc8Name":"Upper White","historic":"greenRiverBlue","current":"introduced","recovery":"recoveryWatch","lineageKey":"greenRiverBlue","lineageLabel":"Green River / blue-lineage CT","basin":"Upper White","note":"White River blue-lineage context","state":"CO","confidence":"HUC8 drainage context / generalized","geometryStatus":"natural_stream_detail_tile_from_full_interpreted_layer","troutSource":"HUC8 lineage assignment v1 / review needed","sourceName":"Dickerville Creek","name":"Dickerville Creek","source_id":"90434057","length_km":0.24732599,"FType":460,"FCode":46006,"atlas_class":"streamriver","display_name":"Dickerville Creek","stream_role":"natural_stream_detail_context","sourceLayer":"colorado_natural_stream_detail_tiles_v1","sourceLabel":"Colorado natural stream detail tiles v1","sensitivity":"generalized"},"geometry":{"type":"LineString","coordinates":[[-107.72889,40.05111],[-107.73026,40.05104],[-107.73093,40.05044]]}},{"type":"Feature","properties":{"huc8":"14050005","huc8Name":"Upper White","historic":"greenRiverBlue","current":"introduced","recovery":"recoveryWatch","lineageKey":"greenRiverBlue","lineageLabel":"Green River / blue-lineage CT","basin":"Upper White","note":"White River blue-lineage context","state":"CO","confidence":"HUC8 drainage context / generalized","geometryStatus":"natural_stream_detail_tile_from_full_interpreted_layer","troutSource":"HUC8 lineage assignment v1 / review needed","sourceName":"Dickerville Creek","name":"Dickerville Creek","source_id":"161838081","length_km":0.36619581,"FType":460,"FCode":46006,"atlas_class":"streamriver","display_name":"Dickerville Creek","stream_role":"natural_stream_detail_context","sourceLayer":"colorado_natural_stream_detail_tiles_v1","sourceLabel":"Colorado natural stream detail tiles v1","sensitivity":"generalized"},"geometry":{"type":"LineString","coordinates":[[-107.72597,40.05231],[-107.72889,40.05111]]}},{"type":"Feature","properties":{"huc8":"14050005","huc8Name":"Upper White","historic":"greenRiverBlue","current":"introduced","recovery":"recoveryWatch","lineageKey":"greenRiverBlue","lineageLabel":"Green River / blue-lineage CT","basin":"Upper White","note":"White River blue-lineage context","state":"CO","confidence":"HUC8 drainage context / generalized","geometryStatus":"natural_stream_detail_tile_from_full_interpreted_layer","troutSource":"HUC8 lineage assignment v1 / review needed","sourceName":"Dickerville Creek","name":"Dickerville Creek","source_id":"90434073","length_km":0.21527897,"FType":460,"FCode":46006,"atlas_class":"streamriver","display_name":"Dickerville Creek","stream_role":"natural_stream_detail_context","sourceLayer":"colorado_natural_stream_detail_tiles_v1","sourceLabel":"Colorado natural stream detail tiles v1","sensitivity":"generalized"},"geometry":{"type":"LineString","coordinates":[[-107.73093,40.05044],[-107.73178,40.04883]]}},{"type":"Feature","properties":{"huc8":"14050002","huc8Name":"Lower Yampa","historic":"greenRiverBlue","current":"introduced","recovery":"recoveryWatch","lineageKey":"greenRiverBlue","lineageLabel":"Green River / blue-lineage CT","basin":"Lower Yampa","note":"Yampa blue-lineage context","state":"CO","confidence":"HUC8 drainage context / generalized","geometryStatus":"natural_stream_detail_tile_from_full_interpreted_layer","troutSource":"HUC8 lineage assignment v1 / review needed","sourceName":"James Creek","name":"James Creek","source_id":"83363229","length_km":0.005,"FType":460,"FCode":46006,"atlas_class":"streamriver","display_name":"James Creek","stream_role":"natural_stream_detail_context","sourceLayer":"colorado_natural_stream_detail_tiles_v1","sourceLabel":"Colorado natural stream detail tiles v1","sensitivity":"generalized"},"geometry":{"type":"LineString","coordinates":[[-107.78974,40.15925],[-107.7898,40.15924]]}},{"type":"Feature","properties":{"huc8":"14050002","huc8Name":"Lower Yampa","historic":"greenRiverBlue","current":"introduced","recovery":"recoveryWatch","lineageKey":"greenRiverBlue","lineageLabel":"Green River / blue-lineage CT","basin":"Lower Yampa","note":"Yampa blue-lineage context","state":"CO","confidence":"HUC8 drainage context / generalized","geometryStatus":"natural_stream_detail_tile_from_full_interpreted_layer","troutSource":"HUC8 lineage assignment v1 / review needed","sourceName":"James Creek","name":"James Creek","source_id":"83363249","length_km":0.113,"FType":460,"FCode":46006,"atlas_class":"streamriver","display_name":"James Creek","stream_role":"natural_stream_detail_context","sourceLayer":"colorado_natural_stream_detail_tiles_v1","sourceLabel":"Colorado natural stream detail tiles v1","sensitivity":"generalized"},"geometry":{"type":"LineString","coordinates":[[-107.78666,40.15909],[-107.78798,40.159]]}},{"type":"Feature","properties":{"huc8":"14050002","huc8Name":"Lower Yampa","historic":"greenRiverBlue","current":"introduced","recovery":"recoveryWatch","lineageKey":"greenRiverBlue","lineageLabel":"Green River / blue-lineage CT","basin":"Lower Yampa","note":"Yampa blue-lineage context","state":"CO","confidence":"HUC8 drainage context / generalized","geometryStatus":"natural_stream_detail_tile_from_full_interpreted_layer","troutSource":"HUC8 lineage assignment v1 / review needed","sourceName":"James Creek","name":"James Creek","source_id":"83363239","length_km":0.01,"FType":460,"FCode":46003,"atlas_class":"streamriver","display_name":"James Creek","stream_role":"natural_stream_detail_context","sourceLayer":"colorado_natural_stream_detail_tiles_v1","sourceLabel":"Colorado natural stream detail tiles v1","sensitivity":"generalized"},"geometry":{"type":"LineString","coordinates":[[-107.78536,40.15927],[-107.7854,40.15919]]}},{"type":"Feature","properties":{"huc8":"14050002","huc8Name":"Lower Yampa","historic":"greenRiverBlue","current":"introduced","recovery":"recoveryWatch","lineageKey":"greenRiverBlue","lineageLabel":"Green River / blue-lineage CT","basin":"Lower Yampa","note":"Yampa blue-lineage context","state":"CO","confidence":"HUC8 drainage context / generalized","geometryStatus":"natural_stream_detail_tile_from_full_interpreted_layer","troutSource":"HUC8 lineage assignment v1 / review needed","sourceName":"James Creek","name":"James Creek","source_id":"83363223","length_km":0.006,"FType":460,"FCode":46003,"atlas_class":"streamriver","display_name":"James Creek","stream_role":"natural_stream_detail_context","sourceLayer":"colorado_natural_stream_detail_tiles_v1","sourceLabel":"Colorado natural stream detail tiles v1","sensitivity":"generalized"},"geometry":{"type":"LineString","coordinates":[[-107.78458,40.15948],[-107.78463,40.15945]]}},{"type":"Feature","properties":{"huc8":"14050002","huc8Name":"Lower Yampa","historic":"greenRiverBlue","current":"introduced","recovery":"recoveryWatch","lineageKey":"greenRiverBlue","lineageLabel":"Green River / blue-lineage CT","basin":"Lower Yampa","note":"Yampa blue-lineage context","state":"CO","confidence":"HUC8 drainage context / generalized","geometryStatus":"natural_stream_detail_tile_from_full_interpreted_layer","troutSource":"HUC8 lineage assignment v1 / review needed","sourceName":"James Creek","name":"James Creek","source_id":"83363237","length_km":0.008,"FType":460,"FCode":46006,"atlas_class":"streamriver","display_name":"James Creek","stream_role":"natural_stream_detail_context","sourceLayer":"colorado_natural_stream_detail_tiles_v1","sourceLabel":"Colorado natural stream detail tiles v1","sensitivity":"generalized"},"geometry":{"type":"LineString","coordinates":[[-107.78887,40.15913],[-107.78897,40.15913]]}},{"type":"Feature","properties":{"huc8":"14050002","huc8Name":"Lower Yampa","historic":"greenRiverBlue","current":"introduced","recovery":"recoveryWatch","lineageKey":"greenRiverBlue","lineageLabel":"Green River / blue-lineage CT","basin":"Lower Yampa","note":"Yampa blue-lineage context","state":"CO","confidence":"HUC8 drainage context / generalized","geometryStatus":"natural_stream_detail_tile_from_full_interpreted_layer","troutSource":"HUC8 lineage assignment v1 / review needed","sourceName":"James Creek","name":"James Creek","source_id":"83363231","length_km":0.033,"FType":460,"FCode":46006,"atlas_class":"streamriver","display_name":"James Creek","stream_role":"natural_stream_detail_context","sourceLayer":"colorado_natural_stream_detail_tiles_v1","sourceLabel":"Colorado natural stream detail tiles v1","sensitivity":"generalized"},"geometry":{"type":"LineString","coordinates":[[-107.78918,40.15922],[-107.78953,40.15932]]}},{"type":"Feature","properties":{"huc8":"14050002","huc8Name":"Lower Yampa","historic":"greenRiverBlue","current":"introduced","recovery":"recoveryWatch","lineageKey":"greenRiverBlue","lineageLabel":"Green River / blue-lineage CT","basin":"Lower Yampa","note":"Yampa blue-lineage context","state":"CO","confidence":"HUC8 drainage context / generalized","geometryStatus":"natural_stream_detail_tile_from_full_interpreted_layer","troutSource":"HUC8 lineage assignment v1 / review needed","sourceName":"James Creek","name":"James Creek","source_id":"83363247","length_km":0.006,"FType":460,"FCode":46006,"atlas_class":"streamriver","display_name":"James Creek","stream_role":"natural_stream_detail_context","sourceLayer":"colorado_natural_stream_detail_tiles_v1","sourceLabel":"Colorado natural stream detail tiles v1","sensitivity":"generalized"},"geometry":{"type":"LineString","coordinates":[[-107.78825,40.15901],[-107.78833,40.15902]]}},{"type":"Feature","properties":{"huc8":"14050002","huc8Name":"Lower Yampa","historic":"greenRiverBlue","current":"introduced","recovery":"recoveryWatch","lineageKey":"greenRiverBlue","lineageLabel":"Green River / blue-lineage CT","basin":"Lower Yampa","note":"Yampa blue-lineage context","state":"CO","confidence":"HUC8 drainage context / generalized","geometryStatus":"natural_stream_detail_tile_from_full_interpreted_layer","troutSource":"HUC8 lineage assignment v1 / review needed","sourceName":"James Creek","name":"James Creek","source_id":"83363243","length_km":0.03,"FType":460,"FCode":46006,"atlas_class":"streamriver","display_name":"James Creek","stream_role":"natural_stream_detail_context","sourceLayer":"colorado_natural_stream_detail_tiles_v1","sourceLabel":"Colorado natural stream detail tiles v1","sensitivity":"generalized"},"geometry":{"type":"LineString","coordinates":[[-107.78592,40.15908],[-107.78627,40.15912]]}},{"type":"Feature","properties":{"huc8":"14050002","huc8Name":"Lower Yampa","historic":"greenRiverBlue","current":"introduced","recovery":"recoveryWatch","lineageKey":"greenRiverBlue","lineageLabel":"Green River / blue-lineage CT","basin":"Lower Yampa","note":"Yampa blue-lineage context","state":"CO","confidence":"HUC8 drainage context / generalized","geometryStatus":"natural_stream_detail_tile_from_full_interpreted_layer","troutSource":"HUC8 lineage assignment v1 / review needed","sourceName":"James Creek","name":"James Creek","source_id":"83363245","length_km":0.021,"FType":460,"FCode":46006,"atlas_class":"streamriver","display_name":"James Creek","stream_role":"natural_stream_detail_context","sourceLayer":"colorado_natural_stream_detail_tiles_v1","sourceLabel":"Colorado natural stream detail tiles v1","sensitivity":"generalized"},"geometry":{"type":"LineString","coordinates":[[-107.78556,40.1591],[-107.78579,40.15912]]}},{"type":"Feature","properties":{"huc8":"14050005","huc8Name":"Upper White","historic":"greenRiverBlue","current":"introduced","recovery":"recoveryWatch","lineageKey":"greenRiverBlue","lineageLabel":"Green River / blue-lineage CT","basin":"Upper White","note":"White River blue-lineage context","state":"CO","confidence":"HUC8 drainage context / generalized","geometryStatus":"natural_stream_detail_tile_from_full_interpreted_layer","troutSource":"HUC8 lineage assignment v1 / review needed","sourceName":"Coal Creek","name":"Coal Creek","source_id":"90428995","length_km":0.55897741,"FType":460,"FCode":46006,"atlas_class":"streamriver","display_name":"Coal Creek","stream_role":"natural_stream_detail_context","sourceLayer":"colorado_natural_stream_detail_tiles_v1","sourceLabel":"Colorado natural stream detail tiles v1","sensitivity":"generalized"},"geometry":{"type":"LineString","coordinates":[[-107.75702,40.11144],[-107.75878,40.10835],[-107.7603,40.10828]]}},{"type":"Feature","properties":{"huc8":"14050002","huc8Name":"Lower Yampa","historic":"greenRiverBlue","current":"introduced","recovery":"recoveryWatch","lineageKey":"greenRiverBlue","lineageLabel":"Green River / blue-lineage CT","basin":"Lower Yampa","note":"Yampa blue-lineage context","state":"CO","confidence":"HUC8 drainage context / generalized","geometryStatus":"natural_stream_detail_tile_from_full_interpreted_layer","troutSource":"HUC8 lineage assignment v1 / review needed","sourceName":"Milk Creek","name":"Milk Creek","source_id":"83371687","length_km":0.231,"FType":460,"FCode":46006,"atlas_class":"streamriver","display_name":"Milk Creek","stream_role":"natural_stream_detail_context","sourceLayer":"colorado_natural_stream_detail_tiles_v1","sourceLabel":"Colorado natural stream detail tiles v1","sensitivity":"generalized"},"geometry":{"type":"LineString","coordinates":[[-107.64841,40.15929],[-107.6505,40.16056]]}},{"type":"Feature","properties":{"huc8":"14050002","huc8Name":"Lower Yampa","historic":"greenRiverBlue","current":"introduced","recovery":"recoveryWatch","lineageKey":"greenRiverBlue","lineageLabel":"Green River / blue-lineage CT","basin":"Lower Yampa","note":"Yampa blue-lineage context","state":"CO","confidence":"HUC8 drainage context / generalized","geometryStatus":"natural_stream_detail_tile_from_full_interpreted_layer","troutSource":"HUC8 lineage assignment v1 / review needed","sourceName":"Milk Creek","name":"Milk Creek","source_id":"83371749","length_km":0.243,"FType":460,"FCode":46006,"atlas_class":"streamriver","display_name":"Milk Creek","stream_role":"natural_stream_detail_context","sourceLayer":"colorado_natural_stream_detail_tiles_v1","sourceLabel":"Colorado natural stream detail tiles v1","sensitivity":"generalized"},"geometry":{"type":"LineString","coordinates":[[-107.6324,40.15447],[-107.63297,40.15501],[-107.63485,40.15505]]}},{"type":"Feature","properties":{"huc8":"14050002","huc8Name":"Lower Yampa","historic":"greenRiverBlue","current":"introduced","recovery":"recoveryWatch","lineageKey":"greenRiverBlue","lineageLabel":"Green River / blue-lineage CT","basin":"Lower Yampa","note":"Yampa blue-lineage context","state":"CO","confidence":"HUC8 drainage context / generalized","geometryStatus":"natural_stream_detail_tile_from_full_interpreted_layer","troutSource":"HUC8 lineage assignment v1 / review needed","sourceName":"Milk Creek","name":"Milk Creek","source_id":"83371713","length_km":0.568,"FType":460,"FCode":46006,"atlas_class":"streamriver","display_name":"Milk Creek","stream_role":"natural_stream_detail_context","sourceLayer":"colorado_natural_stream_detail_tiles_v1","sourceLabel":"Colorado natural stream detail tiles v1","sensitivity":"generalized"},"geometry":{"type":"LineString","coordinates":[[-107.63776,40.15694],[-107.64091,40.15865],[-107.6434,40.15893]]}},{"type":"Feature","properties":{"huc8":"14050002","huc8Name":"Lower Yampa","historic":"greenRiverBlue","current":"introduced","recovery":"recoveryWatch","lineageKey":"greenRiverBlue","lineageLabel":"Green River / blue-lineage CT","basin":"Lower Yampa","note":"Yampa blue-lineage context","state":"CO","confidence":"HUC8 drainage context / generalized","geometryStatus":"natural_stream_detail_tile_from_full_interpreted_layer","troutSource":"HUC8 lineage assignment v1 / review needed","sourceName":"Milk Creek","name":"Milk Creek","source_id":"83371673","length_km":0.71,"FType":460,"FCode":46006,"atlas_class":"streamriver","display_name":"Milk Creek","stream_role":"natural_stream_detail_context","sourceLayer":"colorado_natural_stream_detail_tiles_v1","sourceLabel":"Colorado natural stream detail tiles v1","sensitivity":"generalized"},"geometry":{"type":"LineString","coordinates":[[-107.6505,40.16056],[-107.65216,40.16249],[-107.65432,40.16319],[-107.65449,40.16427],[-107.65553,40.1649]]}},{"type":"Feature","properties":{"huc8":"14050002","huc8Name":"Lower Yampa","historic":"greenRiverBlue","current":"introduced","recovery":"recoveryWatch","lineageKey":"greenRiverBlue","lineageLabel":"Green River / blue-lineage CT","basin":"Lower Yampa","note":"Yampa blue-lineage context","state":"CO","confidence":"HUC8 drainage context / generalized","geometryStatus":"natural_stream_detail_tile_from_full_interpreted_layer","troutSource":"HUC8 lineage assignment v1 / review needed","sourceName":"Clear Creek","name":"Clear Creek","source_id":"83371403","length_km":0.311,"FType":460,"FCode":46006,"atlas_class":"streamriver","display_name":"Clear Creek","stream_role":"natural_stream_detail_context","sourceLayer":"colorado_natural_stream_detail_tiles_v1","sourceLabel":"Colorado natural stream detail tiles v1","sensitivity":"generalized"},"geometry":{"type":"LineString","coordinates":[[-107.63436,40.18081],[-107.63776,40.18145]]}},{"type":"Feature","properties":{"huc8":"14050002","huc8Name":"Lower Yampa","historic":"greenRiverBlue","current":"introduced","recovery":"recoveryWatch","lineageKey":"greenRiverBlue","lineageLabel":"Green River / blue-lineage CT","basin":"Lower Yampa","note":"Yampa blue-lineage context","state":"CO","confidence":"HUC8 drainage context / generalized","geometryStatus":"natural_stream_detail_tile_from_full_interpreted_layer","troutSource":"HUC8 lineage assignment v1 / review needed","sourceName":"Clear Creek","name":"Clear Creek","source_id":"83371405","length_km":0.177,"FType":460,"FCode":46006,"atlas_class":"streamriver","display_name":"Clear Creek","stream_role":"natural_stream_detail_context","sourceLayer":"colorado_natural_stream_detail_tiles_v1","sourceLabel":"Colorado natural stream detail tiles v1","sensitivity":"generalized"},"geometry":{"type":"LineString","coordinates":[[-107.63229,40.18089],[-107.63436,40.18081]]}},{"type":"Feature","properties":{"huc8":"14050002","huc8Name":"Lower Yampa","historic":"greenRiverBlue","current":"introduced","recovery":"recoveryWatch","lineageKey":"greenRiverBlue","lineageLabel":"Green River / blue-lineage CT","basin":"Lower Yampa","note":"Yampa blue-lineage context","state":"CO","confidence":"HUC8 drainage context / generalized","geometryStatus":"natural_stream_detail_tile_from_full_interpreted_layer","troutSource":"HUC8 lineage assignment v1 / review needed","sourceName":"Milk Creek","name":"Milk Creek","source_id":"159254411","length_km":0.115,"FType":460,"FCode":46006,"atlas_class":"streamriver","display_name":"Milk Creek","stream_role":"natural_stream_detail_context","sourceLayer":"colorado_natural_stream_detail_tiles_v1","sourceLabel":"Colorado natural stream detail tiles v1","sensitivity":"generalized"},"geometry":{"type":"LineString","coordinates":[[-107.64402,40.15943],[-107.64527,40.15933]]}},{"type":"Feature","properties":{"huc8":"14050002","huc8Name":"Lower Yampa","historic":"greenRiverBlue","current":"introduced","recovery":"recoveryWatch","lineageKey":"greenRiverBlue","lineageLabel":"Green River / blue-lineage CT","basin":"Lower Yampa","note":"Yampa blue-lineage context","state":"CO","confidence":"HUC8 drainage context / generalized","geometryStatus":"natural_stream_detail_tile_from_full_interpreted_layer","troutSource":"HUC8 lineage assignment v1 / review needed","sourceName":"Milk Creek","name":"Milk Creek","source_id":"159254462","length_km":0.057,"FType":460,"FCode":46006,"atlas_class":"streamriver","display_name":"Milk Creek","stream_role":"natural_stream_detail_context","sourceLayer":"colorado_natural_stream_detail_tiles_v1","sourceLabel":"Colorado natural stream detail tiles v1","sensitivity":"generalized"},"geometry":{"type":"LineString","coordinates":[[-107.62678,40.15258],[-107.62739,40.15264]]}},{"type":"Feature","properties":{"huc8":"14050002","huc8Name":"Lower Yampa","historic":"greenRiverBlue","current":"introduced","recovery":"recoveryWatch","lineageKey":"greenRiverBlue","lineageLabel":"Green River / blue-lineage CT","basin":"Lower Yampa","note":"Yampa blue-lineage context","state":"CO","confidence":"HUC8 drainage context / generalized","geometryStatus":"natural_stream_detail_tile_from_full_interpreted_layer","troutSource":"HUC8 lineage assignment v1 / review needed","sourceName":"Milk Creek","name":"Milk Creek","source_id":"159254564","length_km":0.108,"FType":460,"FCode":46006,"atlas_class":"streamriver","display_name":"Milk Creek","stream_role":"natural_stream_detail_context","sourceLayer":"colorado_natural_stream_detail_tiles_v1","sourceLabel":"Colorado natural stream detail tiles v1","sensitivity":"generalized"},"geometry":{"type":"LineString","coordinates":[[-107.64527,40.15933],[-107.64642,40.15896]]}},{"type":"Feature","properties":{"huc8":"14050002","huc8Name":"Lower Yampa","historic":"greenRiverBlue","current":"introduced","recovery":"recoveryWatch","lineageKey":"greenRiverBlue","lineageLabel":"Green River / blue-lineage CT","basin":"Lower Yampa","note":"Yampa blue-lineage context","state":"CO","confidence":"HUC8 drainage context / generalized","geometryStatus":"natural_stream_detail_tile_from_full_interpreted_layer","troutSource":"HUC8 lineage assignment v1 / review needed","sourceName":"Clear Creek","name":"Clear Creek","source_id":"159254484","length_km":0.216,"FType":460,"FCode":46006,"atlas_class":"streamriver","display_name":"Clear Creek","stream_role":"natural_stream_detail_context","sourceLayer":"colorado_natural_stream_detail_tiles_v1","sourceLabel":"Colorado natural stream detail tiles v1","sensitivity":"generalized"},"geometry":{"type":"LineString","coordinates":[[-107.64537,40.1838],[-107.64709,40.18497]]}},{"type":"Feature","properties":{"huc8":"14050002","huc8Name":"Lower Yampa","historic":"greenRiverBlue","current":"introduced","recovery":"recoveryWatch","lineageKey":"greenRiverBlue","lineageLabel":"Green River / blue-lineage CT","basin":"Lower Yampa","note":"Yampa blue-lineage context","state":"CO","confidence":"HUC8 drainage context / generalized","geometryStatus":"natural_stream_detail_tile_from_full_interpreted_layer","troutSource":"HUC8 lineage assignment v1 / review needed","sourceName":"Clear Creek","name":"Clear Creek","source_id":"159254454","length_km":0.403,"FType":460,"FCode":46006,"atlas_class":"streamriver","display_name":"Clear Creek","stream_role":"natural_stream_detail_context","sourceLayer":"colorado_natural_stream_detail_tiles_v1","sourceLabel":"Colorado natural stream detail tiles v1","sensitivity":"generalized"},"geometry":{"type":"LineString","coordinates":[[-107.64117,40.18228],[-107.64537,40.1838]]}},{"type":"Feature","properties":{"huc8":"14050002","huc8Name":"Lower Yampa","historic":"greenRiverBlue","current":"introduced","recovery":"recoveryWatch","lineageKey":"greenRiverBlue","lineageLabel":"Green River / blue-lineage CT","basin":"Lower Yampa","note":"Yampa blue-lineage context","state":"CO","confidence":"HUC8 drainage context / generalized","geometryStatus":"natural_stream_detail_tile_from_full_interpreted_layer","troutSource":"HUC8 lineage assignment v1 / review needed","sourceName":"Milk Creek","name":"Milk Creek","source_id":"159254565","length_km":0.21,"FType":460,"FCode":46006,"atlas_class":"streamriver","display_name":"Milk Creek","stream_role":"natural_stream_detail_context","sourceLayer":"colorado_natural_stream_detail_tiles_v1","sourceLabel":"Colorado natural stream detail tiles v1","sensitivity":"generalized"},"geometry":{"type":"LineString","coordinates":[[-107.64642,40.15896],[-107.64841,40.15929]]}},{"type":"Feature","properties":{"huc8":"14050002","huc8Name":"Lower Yampa","historic":"greenRiverBlue","current":"introduced","recovery":"recoveryWatch","lineageKey":"greenRiverBlue","lineageLabel":"Green River / blue-lineage CT","basin":"Lower Yampa","note":"Yampa blue-lineage context","state":"CO","confidence":"HUC8 drainage context / generalized","geometryStatus":"natural_stream_detail_tile_from_full_interpreted_layer","troutSource":"HUC8 lineage assignment v1 / review needed","sourceName":"Milk Creek","name":"Milk Creek","source_id":"159254413","length_km":0.058,"FType":460,"FCode":46006,"atlas_class":"streamriver","display_name":"Milk Creek","stream_role":"natural_stream_detail_context","sourceLayer":"colorado_natural_stream_detail_tiles_v1","sourceLabel":"Colorado natural stream detail tiles v1","sensitivity":"generalized"},"geometry":{"type":"LineString","coordinates":[[-107.6436,40.15907],[-107.64402,40.15943]]}},{"type":"Feature","properties":{"huc8":"14050002","huc8Name":"Lower Yampa","historic":"greenRiverBlue","current":"introduced","recovery":"recoveryWatch","lineageKey":"greenRiverBlue","lineageLabel":"Green River / blue-lineage CT","basin":"Lower Yampa","note":"Yampa blue-lineage context","state":"CO","confidence":"HUC8 drainage context / generalized","geometryStatus":"natural_stream_detail_tile_from_full_interpreted_layer","troutSource":"HUC8 lineage assignment v1 / review needed","sourceName":"Milk Creek","name":"Milk Creek","source_id":"159254562","length_km":0.282,"FType":460,"FCode":46006,"atlas_class":"streamriver","display_name":"Milk Creek","stream_role":"natural_stream_detail_context","sourceLayer":"colorado_natural_stream_detail_tiles_v1","sourceLabel":"Colorado natural stream detail tiles v1","sensitivity":"generalized"},"geometry":{"type":"LineString","coordinates":[[-107.63485,40.15505],[-107.63671,40.15707]]}},{"type":"Feature","properties":{"huc8":"14050002","huc8Name":"Lower Yampa","historic":"greenRiverBlue","current":"introduced","recovery":"recoveryWatch","lineageKey":"greenRiverBlue","lineageLabel":"Green River / blue-lineage CT","basin":"Lower Yampa","note":"Yampa blue-lineage context","state":"CO","confidence":"HUC8 drainage context / generalized","geometryStatus":"natural_stream_detail_tile_from_full_interpreted_layer","troutSource":"HUC8 lineage assignment v1 / review needed","sourceName":"Clear Creek","name":"Clear Creek","source_id":"159254453","length_km":0.355,"FType":460,"FCode":46006,"atlas_class":"streamriver","display_name":"Clear Creek","stream_role":"natural_stream_detail_context","sourceLayer":"colorado_natural_stream_detail_tiles_v1","sourceLabel":"Colorado natural stream detail tiles v1","sensitivity":"generalized"},"geometry":{"type":"LineString","coordinates":[[-107.63776,40.18145],[-107.64075,40.1818],[-107.64117,40.18228]]}},{"type":"Feature","properties":{"huc8":"14050002","huc8Name":"Lower Yampa","historic":"greenRiverBlue","current":"introduced","recovery":"recoveryWatch","lineageKey":"greenRiverBlue","lineageLabel":"Green River / blue-lineage CT","basin":"Lower Yampa","note":"Yampa blue-lineage context","state":"CO","confidence":"HUC8 drainage context / generalized","geometryStatus":"natural_stream_detail_tile_from_full_interpreted_layer","troutSource":"HUC8 lineage assignment v1 / review needed","sourceName":"Milk Creek","name":"Milk Creek","source_id":"159254412","length_km":0.022,"FType":460,"FCode":46006,"atlas_class":"streamriver","display_name":"Milk Creek","stream_role":"natural_stream_detail_context","sourceLayer":"colorado_natural_stream_detail_tiles_v1","sourceLabel":"Colorado natural stream detail tiles v1","sensitivity":"generalized"},"geometry":{"type":"LineString","coordinates":[[-107.6434,40.15893],[-107.6436,40.15907]]}},{"type":"Feature","properties":{"huc8":"14050002","huc8Name":"Lower Yampa","historic":"greenRiverBlue","current":"introduced","recovery":"recoveryWatch","lineageKey":"greenRiverBlue","lineageLabel":"Green River / blue-lineage CT","basin":"Lower Yampa","note":"Yampa blue-lineage context","state":"CO","confidence":"HUC8 drainage context / generalized","geometryStatus":"natural_stream_detail_tile_from_full_interpreted_layer","troutSource":"HUC8 lineage assignment v1 / review needed","sourceName":"Milk Creek","name":"Milk Creek","source_id":"159254563","length_km":0.093,"FType":460,"FCode":46006,"atlas_class":"streamriver","display_name":"Milk Creek","stream_role":"natural_stream_detail_context","sourceLayer":"colorado_natural_stream_detail_tiles_v1","sourceLabel":"Colorado natural stream detail tiles v1","sensitivity":"generalized"},"geometry":{"type":"LineString","coordinates":[[-107.63671,40.15707],[-107.63776,40.15694]]}},{"type":"Feature","properties":{"huc8":"14050002","huc8Name":"Lower Yampa","historic":"greenRiverBlue","current":"introduced","recovery":"recoveryWatch","lineageKey":"greenRiverBlue","lineageLabel":"Green River / blue-lineage CT","basin":"Lower Yampa","note":"Yampa blue-lineage context","state":"CO","confidence":"HUC8 drainage context / generalized","geometryStatus":"natural_stream_detail_tile_from_full_interpreted_layer","troutSource":"HUC8 lineage assignment v1 / review needed","sourceName":"Milk Creek","name":"Milk Creek","source_id":"159254395","length_km":0.41,"FType":460,"FCode":46006,"atlas_class":"streamriver","display_name":"Milk Creek","stream_role":"natural_stream_detail_context","sourceLayer":"colorado_natural_stream_detail_tiles_v1","sourceLabel":"Colorado natural stream detail tiles v1","sensitivity":"generalized"},"geometry":{"type":"LineString","coordinates":[[-107.62916,40.15294],[-107.63002,40.1542],[-107.6324,40.15447]]}},{"type":"Feature","properties":{"huc8":"14050002","huc8Name":"Lower Yampa","historic":"greenRiverBlue","current":"introduced","recovery":"recoveryWatch","lineageKey":"greenRiverBlue","lineageLabel":"Green River / blue-lineage CT","basin":"Lower Yampa","note":"Yampa blue-lineage context","state":"CO","confidence":"HUC8 drainage context / generalized","geometryStatus":"natural_stream_detail_tile_from_full_interpreted_layer","troutSource":"HUC8 lineage assignment v1 / review needed","sourceName":"Milk Creek","name":"Milk Creek","source_id":"159254394","length_km":0.043,"FType":460,"FCode":46006,"atlas_class":"streamriver","display_name":"Milk Creek","stream_role":"natural_stream_detail_context","sourceLayer":"colorado_natural_stream_detail_tiles_v1","sourceLabel":"Colorado natural stream detail tiles v1","sensitivity":"generalized"},"geometry":{"type":"LineString","coordinates":[[-107.62871,40.15279],[-107.62916,40.15294]]}},{"type":"Feature","properties":{"huc8":"14050005","huc8Name":"Upper White","historic":"greenRiverBlue","current":"introduced","recovery":"recoveryWatch","lineageKey":"greenRiverBlue","lineageLabel":"Green River / blue-lineage CT","basin":"Upper White","note":"White River blue-lineage context","state":"CO","confidence":"HUC8 drainage context / generalized","geometryStatus":"natural_stream_detail_tile_from_full_interpreted_layer","troutSource":"HUC8 lineage assignment v1 / review needed","sourceName":"Allen Creek","name":"Allen Creek","source_id":"90433801","length_km":0.01854017,"FType":460,"FCode":46006,"atlas_class":"streamriver","display_name":"Allen Creek","stream_role":"natural_stream_detail_context","sourceLayer":"colorado_natural_stream_detail_tiles_v1","sourceLabel":"Colorado natural stream detail tiles v1","sensitivity":"generalized"},"geometry":{"type":"LineString","coordinates":[[-107.62689,40.09081],[-107.62668,40.09086]]}},{"type":"Feature","properties":{"huc8":"14050005","huc8Name":"Upper White","historic":"greenRiverBlue","current":"introduced","recovery":"recoveryWatch","lineageKey":"greenRiverBlue","lineageLabel":"Green River / blue-lineage CT","basin":"Upper White","note":"White River blue-lineage context","state":"CO","confidence":"HUC8 drainage context / generalized","geometryStatus":"natural_stream_detail_tile_from_full_interpreted_layer","troutSource":"HUC8 lineage assignment v1 / review needed","sourceName":"Cow Creek","name":"Cow Creek","source_id":"90434023","length_km":0.38972633,"FType":460,"FCode":46006,"atlas_class":"streamriver","display_name":"Cow Creek","stream_role":"natural_stream_detail_context","sourceLayer":"colorado_natural_stream_detail_tiles_v1","sourceLabel":"Colorado natural stream detail tiles v1","sensitivity":"generalized"},"geometry":{"type":"LineString","coordinates":[[-107.64249,40.05788],[-107.64464,40.05493]]}},{"type":"Feature","properties":{"huc8":"14050005","huc8Name":"Upper White","historic":"greenRiverBlue","current":"introduced","recovery":"recoveryWatch","lineageKey":"greenRiverBlue","lineageLabel":"Green River / blue-lineage CT","basin":"Upper White","note":"White River blue-lineage context","state":"CO","confidence":"HUC8 drainage context / generalized","geometryStatus":"natural_stream_detail_tile_from_full_interpreted_layer","troutSource":"HUC8 lineage assignment v1 / review needed","sourceName":"Allen Creek","name":"Allen Creek","source_id":"161835022","length_km":0.04852501,"FType":460,"FCode":46006,"atlas_class":"streamriver","display_name":"Allen Creek","stream_role":"natural_stream_detail_context","sourceLayer":"colorado_natural_stream_detail_tiles_v1","sourceLabel":"Colorado natural stream detail tiles v1","sensitivity":"generalized"},"geometry":{"type":"LineString","coordinates":[[-107.63818,40.09457],[-107.63763,40.09444]]}},{"type":"Feature","properties":{"huc8":"14050005","huc8Name":"Upper White","historic":"greenRiverBlue","current":"introduced","recovery":"recoveryWatch","lineageKey":"greenRiverBlue","lineageLabel":"Green River / blue-lineage CT","basin":"Upper White","note":"White River blue-lineage context","state":"CO","confidence":"HUC8 drainage context / generalized","geometryStatus":"natural_stream_detail_tile_from_full_interpreted_layer","troutSource":"HUC8 lineage assignment v1 / review needed","sourceName":"Cow Creek","name":"Cow Creek","source_id":"161838009","length_km":0.09319904,"FType":460,"FCode":46006,"atlas_class":"streamriver","display_name":"Cow Creek","stream_role":"natural_stream_detail_context","sourceLayer":"colorado_natural_stream_detail_tiles_v1","sourceLabel":"Colorado natural stream detail tiles v1","sensitivity":"generalized"},"geometry":{"type":"LineString","coordinates":[[-107.6508,40.0495],[-107.65155,40.04891]]}},{"type":"Feature","properties":{"huc8":"14050005","huc8Name":"Upper White","historic":"greenRiverBlue","current":"introduced","recovery":"recoveryWatch","lineageKey":"greenRiverBlue","lineageLabel":"Green River / blue-lineage CT","basin":"Upper White","note":"White River blue-lineage context","state":"CO","confidence":"HUC8 drainage context / generalized","geometryStatus":"natural_stream_detail_tile_from_full_interpreted_layer","troutSource":"HUC8 lineage assignment v1 / review needed","sourceName":"Allen Creek","name":"Allen Creek","source_id":"161835119","length_km":0.18895146,"FType":460,"FCode":46003,"atlas_class":"streamriver","display_name":"Allen Creek","stream_role":"natural_stream_detail_context","sourceLayer":"colorado_natural_stream_detail_tiles_v1","sourceLabel":"Colorado natural stream detail tiles v1","sensitivity":"generalized"},"geometry":{"type":"LineString","coordinates":[[-107.64988,40.09541],[-107.64791,40.09617]]}},{"type":"Feature","properties":{"huc8":"14050005","huc8Name":"Upper White","historic":"greenRiverBlue","current":"introduced","recovery":"recoveryWatch","lineageKey":"greenRiverBlue","lineageLabel":"Green River / blue-lineage CT","basin":"Upper White","note":"White River blue-lineage context","state":"CO","confidence":"HUC8 drainage context / generalized","geometryStatus":"natural_stream_detail_tile_from_full_interpreted_layer","troutSource":"HUC8 lineage assignment v1 / review needed","sourceName":"Cow Creek","name":"Cow Creek","source_id":"161838152","length_km":0.34160248,"FType":460,"FCode":46006,"atlas_class":"streamriver","display_name":"Cow Creek","stream_role":"natural_stream_detail_context","sourceLayer":"colorado_natural_stream_detail_tiles_v1","sourceLabel":"Colorado natural stream detail tiles v1","sensitivity":"generalized"},"geometry":{"type":"LineString","coordinates":[[-107.63878,40.06],[-107.63985,40.05844],[-107.6414,40.05815]]}},{"type":"Feature","properties":{"huc8":"14050005","huc8Name":"Upper White","historic":"greenRiverBlue","current":"introduced","recovery":"recoveryWatch","lineageKey":"greenRiverBlue","lineageLabel":"Green River / blue-lineage CT","basin":"Upper White","note":"White River blue-lineage context","state":"CO","confidence":"HUC8 drainage context / generalized","geometryStatus":"natural_stream_detail_tile_from_full_interpreted_layer","troutSource":"HUC8 lineage assignment v1 / review needed","sourceName":"Coal Creek","name":"Coal Creek","source_id":"161834940","length_km":0.80251158,"FType":460,"FCode":46006,"atlas_class":"streamriver","display_name":"Coal Creek","stream_role":"natural_stream_detail_context","sourceLayer":"colorado_natural_stream_detail_tiles_v1","sourceLabel":"Colorado natural stream detail tiles v1","sensitivity":"generalized"},"geometry":{"type":"LineString","coordinates":[[-107.64724,40.11718],[-107.64955,40.11692],[-107.65379,40.11472],[-107.65566,40.11457]]}},{"type":"Feature","properties":{"huc8":"14050005","huc8Name":"Upper White","historic":"greenRiverBlue","current":"introduced","recovery":"recoveryWatch","lineageKey":"greenRiverBlue","lineageLabel":"Green River / blue-lineage CT","basin":"Upper White","note":"White River blue-lineage context","state":"CO","confidence":"HUC8 drainage context / generalized","geometryStatus":"natural_stream_detail_tile_from_full_interpreted_layer","troutSource":"HUC8 lineage assignment v1 / review needed","sourceName":"Allen Creek","name":"Allen Creek","source_id":"161835001","length_km":0.03578301,"FType":460,"FCode":46006,"atlas_class":"streamriver","display_name":"Allen Creek","stream_role":"natural_stream_detail_context","sourceLayer":"colorado_natural_stream_detail_tiles_v1","sourceLabel":"Colorado natural stream detail tiles v1","sensitivity":"generalized"},"geometry":{"type":"LineString","coordinates":[[-107.62827,40.09061],[-107.62788,40.09074]]}},{"type":"Feature","properties":{"huc8":"14050005","huc8Name":"Upper White","historic":"greenRiverBlue","current":"introduced","recovery":"recoveryWatch","lineageKey":"greenRiverBlue","lineageLabel":"Green River / blue-lineage CT","basin":"Upper White","note":"White River blue-lineage context","state":"CO","confidence":"HUC8 drainage context / generalized","geometryStatus":"natural_stream_detail_tile_from_full_interpreted_layer","troutSource":"HUC8 lineage assignment v1 / review needed","sourceName":"Allen Creek","name":"Allen Creek","source_id":"161834986","length_km":0.06992557,"FType":460,"FCode":46003,"atlas_class":"streamriver","display_name":"Allen Creek","stream_role":"natural_stream_detail_context","sourceLayer":"colorado_natural_stream_detail_tiles_v1","sourceLabel":"Colorado natural stream detail tiles v1","sensitivity":"generalized"},"geometry":{"type":"LineString","coordinates":[[-107.64351,40.09524],[-107.64269,40.09525]]}},{"type":"Feature","properties":{"huc8":"14050005","huc8Name":"Upper White","historic":"greenRiverBlue","current":"introduced","recovery":"recoveryWatch","lineageKey":"greenRiverBlue","lineageLabel":"Green River / blue-lineage CT","basin":"Upper White","note":"White River blue-lineage context","state":"CO","confidence":"HUC8 drainage context / generalized","geometryStatus":"natural_stream_detail_tile_from_full_interpreted_layer","troutSource":"HUC8 lineage assignment v1 / review needed","sourceName":"Big Beaver Creek","name":"Big Beaver Creek","source_id":"161838129","length_km":0.08137048,"FType":460,"FCode":46006,"atlas_class":"streamriver","display_name":"Big Beaver Creek","stream_role":"natural_stream_detail_context","sourceLayer":"colorado_natural_stream_detail_tiles_v1","sourceLabel":"Colorado natural stream detail tiles v1","sensitivity":"generalized"},"geometry":{"type":"LineString","coordinates":[[-107.62838,40.05418],[-107.62906,40.05372]]}},{"type":"Feature","properties":{"huc8":"14050005","huc8Name":"Upper White","historic":"greenRiverBlue","current":"introduced","recovery":"recoveryWatch","lineageKey":"greenRiverBlue","lineageLabel":"Green River / blue-lineage CT","basin":"Upper White","note":"White River blue-lineage context","state":"CO","confidence":"HUC8 drainage context / generalized","geometryStatus":"natural_stream_detail_tile_from_full_interpreted_layer","troutSource":"HUC8 lineage assignment v1 / review needed","sourceName":"Coal Creek","name":"Coal Creek","source_id":"90433575","length_km":0.18918545,"FType":460,"FCode":46006,"atlas_class":"streamriver","display_name":"Coal Creek","stream_role":"natural_stream_detail_context","sourceLayer":"colorado_natural_stream_detail_tiles_v1","sourceLabel":"Colorado natural stream detail tiles v1","sensitivity":"generalized"},"geometry":{"type":"LineString","coordinates":[[-107.64509,40.11626],[-107.64698,40.11707]]}},{"type":"Feature","properties":{"huc8":"14050005","huc8Name":"Upper White","historic":"greenRiverBlue","current":"introduced","recovery":"recoveryWatch","lineageKey":"greenRiverBlue","lineageLabel":"Green River / blue-lineage CT","basin":"Upper White","note":"White River blue-lineage context","state":"CO","confidence":"HUC8 drainage context / generalized","geometryStatus":"natural_stream_detail_tile_from_full_interpreted_layer","troutSource":"HUC8 lineage assignment v1 / review needed","sourceName":"Allen Creek","name":"Allen Creek","source_id":"161835015","length_km":0.35392081,"FType":460,"FCode":46003,"atlas_class":"streamriver","display_name":"Allen Creek","stream_role":"natural_stream_detail_context","sourceLayer":"colorado_natural_stream_detail_tiles_v1","sourceLabel":"Colorado natural stream detail tiles v1","sensitivity":"generalized"},"geometry":{"type":"LineString","coordinates":[[-107.64201,40.09531],[-107.63818,40.09457]]}},{"type":"Feature","properties":{"huc8":"14050005","huc8Name":"Upper White","historic":"greenRiverBlue","current":"introduced","recovery":"recoveryWatch","lineageKey":"greenRiverBlue","lineageLabel":"Green River / blue-lineage CT","basin":"Upper White","note":"White River blue-lineage context","state":"CO","confidence":"HUC8 drainage context / generalized","geometryStatus":"natural_stream_detail_tile_from_full_interpreted_layer","troutSource":"HUC8 lineage assignment v1 / review needed","sourceName":"Coal Creek","name":"Coal Creek","source_id":"90433671","length_km":0.72682665,"FType":460,"FCode":46003,"atlas_class":"streamriver","display_name":"Coal Creek","stream_role":"natural_stream_detail_context","sourceLayer":"colorado_natural_stream_detail_tiles_v1","sourceLabel":"Colorado natural stream detail tiles v1","sensitivity":"generalized"},"geometry":{"type":"LineString","coordinates":[[-107.64012,40.11079],[-107.64486,40.11609]]}},{"type":"Feature","properties":{"huc8":"14050005","huc8Name":"Upper White","historic":"greenRiverBlue","current":"introduced","recovery":"recoveryWatch","lineageKey":"greenRiverBlue","lineageLabel":"Green River / blue-lineage CT","basin":"Upper White","note":"White River blue-lineage context","state":"CO","confidence":"HUC8 drainage context / generalized","geometryStatus":"natural_stream_detail_tile_from_full_interpreted_layer","troutSource":"HUC8 lineage assignment v1 / review needed","sourceName":"Allen Creek","name":"Allen Creek","source_id":"90433803","length_km":0.04423345,"FType":460,"FCode":46006,"atlas_class":"streamriver","display_name":"Allen Creek","stream_role":"natural_stream_detail_context","sourceLayer":"colorado_natural_stream_detail_tiles_v1","sourceLabel":"Colorado natural stream detail tiles v1","sensitivity":"generalized"},"geometry":{"type":"LineString","coordinates":[[-107.62767,40.09077],[-107.62715,40.09078]]}},{"type":"Feature","properties":{"huc8":"14050005","huc8Name":"Upper White","historic":"greenRiverBlue","current":"introduced","recovery":"recoveryWatch","lineageKey":"greenRiverBlue","lineageLabel":"Green River / blue-lineage CT","basin":"Upper White","note":"White River blue-lineage context","state":"CO","confidence":"HUC8 drainage context / generalized","geometryStatus":"natural_stream_detail_tile_from_full_interpreted_layer","troutSource":"HUC8 lineage assignment v1 / review needed","sourceName":"Coal Creek","name":"Coal Creek","source_id":"161834585","length_km":0.009,"FType":460,"FCode":46006,"atlas_class":"streamriver","display_name":"Coal Creek","stream_role":"natural_stream_detail_context","sourceLayer":"colorado_natural_stream_detail_tiles_v1","sourceLabel":"Colorado natural stream detail tiles v1","sensitivity":"generalized"},"geometry":{"type":"LineString","coordinates":[[-107.77044,40.09082],[-107.77042,40.09074]]}},{"type":"Feature","properties":{"huc8":"14050005","huc8Name":"Upper White","historic":"greenRiverBlue","current":"introduced","recovery":"recoveryWatch","lineageKey":"greenRiverBlue","lineageLabel":"Green River / blue-lineage CT","basin":"Upper White","note":"White River blue-lineage context","state":"CO","confidence":"HUC8 drainage context / generalized","geometryStatus":"natural_stream_detail_tile_from_full_interpreted_layer","troutSource":"HUC8 lineage assignment v1 / review needed","sourceName":"Coal Creek","name":"Coal Creek","source_id":"90429029","length_km":0.17613325,"FType":460,"FCode":46006,"atlas_class":"streamriver","display_name":"Coal Creek","stream_role":"natural_stream_detail_context","sourceLayer":"colorado_natural_stream_detail_tiles_v1","sourceLabel":"Colorado natural stream detail tiles v1","sensitivity":"generalized"},"geometry":{"type":"LineString","coordinates":[[-107.76248,40.10263],[-107.76228,40.10185],[-107.76306,40.1016]]}},{"type":"Feature","properties":{"huc8":"14050005","huc8Name":"Upper White","historic":"greenRiverBlue","current":"introduced","recovery":"recoveryWatch","lineageKey":"greenRiverBlue","lineageLabel":"Green River / blue-lineage CT","basin":"Upper White","note":"White River blue-lineage context","state":"CO","confidence":"HUC8 drainage context / generalized","geometryStatus":"natural_stream_detail_tile_from_full_interpreted_layer","troutSource":"HUC8 lineage assignment v1 / review needed","sourceName":"Coal Creek","name":"Coal Creek","source_id":"90429123","length_km":1.16635367,"FType":460,"FCode":46006,"atlas_class":"streamriver","display_name":"Coal Creek","stream_role":"natural_stream_detail_context","sourceLayer":"colorado_natural_stream_detail_tiles_v1","sourceLabel":"Colorado natural stream detail tiles v1","sensitivity":"generalized"},"geometry":{"type":"LineString","coordinates":[[-107.77042,40.09074],[-107.77027,40.0895],[-107.77165,40.08757],[-107.77192,40.08697],[-107.77153,40.08676],[-107.77288,40.08608],[-107.77247,40.08415],[-107.77311,40.083],[-107.77384,40.08285]]}},{"type":"Feature","properties":{"huc8":"14050005","huc8Name":"Upper White","historic":"greenRiverBlue","current":"introduced","recovery":"recoveryWatch","lineageKey":"greenRiverBlue","lineageLabel":"Green River / blue-lineage CT","basin":"Upper White","note":"White River blue-lineage context","state":"CO","confidence":"HUC8 drainage context / generalized","geometryStatus":"natural_stream_detail_tile_from_full_interpreted_layer","troutSource":"HUC8 lineage assignment v1 / review needed","sourceName":"Coal Creek","name":"Coal Creek","source_id":"90429313","length_km":0.2689164,"FType":460,"FCode":46006,"atlas_class":"streamriver","display_name":"Coal Creek","stream_role":"natural_stream_detail_context","sourceLayer":"colorado_natural_stream_detail_tiles_v1","sourceLabel":"Colorado natural stream detail tiles v1","sensitivity":"generalized"},"geometry":{"type":"LineString","coordinates":[[-107.78545,40.05798],[-107.78585,40.05824],[-107.7864,40.0571],[-107.78706,40.05742]]}},{"type":"Feature","properties":{"huc8":"14050005","huc8Name":"Upper White","historic":"greenRiverBlue","current":"introduced","recovery":"recoveryWatch","lineageKey":"greenRiverBlue","lineageLabel":"Green River / blue-lineage CT","basin":"Upper White","note":"White River blue-lineage context","state":"CO","confidence":"HUC8 drainage context / generalized","geometryStatus":"natural_stream_detail_tile_from_full_interpreted_layer","troutSource":"HUC8 lineage assignment v1 / review needed","sourceName":"Coal Creek","name":"Coal Creek","source_id":"161838310","length_km":0.28089593,"FType":460,"FCode":46006,"atlas_class":"streamriver","display_name":"Coal Creek","stream_role":"natural_stream_detail_context","sourceLayer":"colorado_natural_stream_detail_tiles_v1","sourceLabel":"Colorado natural stream detail tiles v1","sensitivity":"generalized"},"geometry":{"type":"LineString","coordinates":[[-107.77846,40.06213],[-107.77864,40.06135],[-107.77971,40.06127],[-107.77971,40.06061]]}},{"type":"Feature","properties":{"huc8":"14050005","huc8Name":"Upper White","historic":"greenRiverBlue","current":"introduced","recovery":"recoveryWatch","lineageKey":"greenRiverBlue","lineageLabel":"Green River / blue-lineage CT","basin":"Upper White","note":"White River blue-lineage context","state":"CO","confidence":"HUC8 drainage context / generalized","geometryStatus":"natural_stream_detail_tile_from_full_interpreted_layer","troutSource":"HUC8 lineage assignment v1 / review needed","sourceName":"Coal Creek","name":"Coal Creek","source_id":"90429353","length_km":1.13341994,"FType":460,"FCode":46006,"atlas_class":"streamriver","display_name":"Coal Creek","stream_role":"natural_stream_detail_context","sourceLayer":"colorado_natural_stream_detail_tiles_v1","sourceLabel":"Colorado natural stream detail tiles v1","sensitivity":"generalized"},"geometry":{"type":"LineString","coordinates":[[-107.78706,40.05742],[-107.78772,40.05675],[-107.78857,40.05722],[-107.78996,40.05686],[-107.78975,40.05643],[-107.79196,40.05445],[-107.79306,40.05415],[-107.79322,40.05278],[-107.79399,40.05249]]}},{"type":"Feature","properties":{"huc8":"14050005","huc8Name":"Upper White","historic":"greenRiverBlue","current":"introduced","recovery":"recoveryWatch","lineageKey":"greenRiverBlue","lineageLabel":"Green River / blue-lineage CT","basin":"Upper White","note":"White River blue-lineage context","state":"CO","confidence":"HUC8 drainage context / generalized","geometryStatus":"natural_stream_detail_tile_from_full_interpreted_layer","troutSource":"HUC8 lineage assignment v1 / review needed","sourceName":"Coal Creek","name":"Coal Creek","source_id":"90429249","length_km":0.20644718,"FType":460,"FCode":46006,"atlas_class":"streamriver","display_name":"Coal Creek","stream_role":"natural_stream_detail_context","sourceLayer":"colorado_natural_stream_detail_tiles_v1","sourceLabel":"Colorado natural stream detail tiles v1","sensitivity":"generalized"},"geometry":{"type":"LineString","coordinates":[[-107.77879,40.06354],[-107.77797,40.06261],[-107.77846,40.06213]]}},{"type":"Feature","properties":{"huc8":"14050005","huc8Name":"Upper White","historic":"greenRiverBlue","current":"introduced","recovery":"recoveryWatch","lineageKey":"greenRiverBlue","lineageLabel":"Green River / blue-lineage CT","basin":"Upper White","note":"White River blue-lineage context","state":"CO","confidence":"HUC8 drainage context / generalized","geometryStatus":"natural_stream_detail_tile_from_full_interpreted_layer","troutSource":"HUC8 lineage assignment v1 / review needed","sourceName":"Coal Creek","name":"Coal Creek","source_id":"161834609","length_km":0.8566194,"FType":460,"FCode":46006,"atlas_class":"streamriver","display_name":"Coal Creek","stream_role":"natural_stream_detail_context","sourceLayer":"colorado_natural_stream_detail_tiles_v1","sourceLabel":"Colorado natural stream detail tiles v1","sensitivity":"generalized"},"geometry":{"type":"LineString","coordinates":[[-107.76308,40.10153],[-107.76422,40.0999],[-107.76406,40.09786],[-107.76615,40.09604]]}},{"type":"Feature","properties":{"huc8":"14050005","huc8Name":"Upper White","historic":"greenRiverBlue","current":"introduced","recovery":"recoveryWatch","lineageKey":"greenRiverBlue","lineageLabel":"Green River / blue-lineage CT","basin":"Upper White","note":"White River blue-lineage context","state":"CO","confidence":"HUC8 drainage context / generalized","geometryStatus":"natural_stream_detail_tile_from_full_interpreted_layer","troutSource":"HUC8 lineage assignment v1 / review needed","sourceName":"Coal Creek","name":"Coal Creek","source_id":"161834610","length_km":0.87204939,"FType":460,"FCode":46006,"atlas_class":"streamriver","display_name":"Coal Creek","stream_role":"natural_stream_detail_context","sourceLayer":"colorado_natural_stream_detail_tiles_v1","sourceLabel":"Colorado natural stream detail tiles v1","sensitivity":"generalized"},"geometry":{"type":"LineString","coordinates":[[-107.76615,40.09604],[-107.76694,40.09503],[-107.76666,40.09467],[-107.76812,40.09392],[-107.77044,40.09082]]}},{"type":"Feature","properties":{"huc8":"14050005","huc8Name":"Upper White","historic":"greenRiverBlue","current":"introduced","recovery":"recoveryWatch","lineageKey":"greenRiverBlue","lineageLabel":"Green River / blue-lineage CT","basin":"Upper White","note":"White River blue-lineage context","state":"CO","confidence":"HUC8 drainage context / generalized","geometryStatus":"natural_stream_detail_tile_from_full_interpreted_layer","troutSource":"HUC8 lineage assignment v1 / review needed","sourceName":"Big Beaver Creek","name":"Big Beaver Creek","source_id":"161838142","length_km":0.08259414,"FType":460,"FCode":46006,"atlas_class":"streamriver","display_name":"Big Beaver Creek","stream_role":"natural_stream_detail_context","sourceLayer":"colorado_natural_stream_detail_tiles_v1","sourceLabel":"Colorado natural stream detail tiles v1","sensitivity":"generalized"},"geometry":{"type":"LineString","coordinates":[[-107.64786,40.01436],[-107.64771,40.01368]]}},{"type":"Feature","properties":{"huc8":"14050005","huc8Name":"Upper White","historic":"greenRiverBlue","current":"introduced","recovery":"recoveryWatch","lineageKey":"greenRiverBlue","lineageLabel":"Green River / blue-lineage CT","basin":"Upper White","note":"White River blue-lineage context","state":"CO","confidence":"HUC8 drainage context / generalized","geometryStatus":"natural_stream_detail_tile_from_full_interpreted_layer","troutSource":"HUC8 lineage assignment v1 / review needed","sourceName":"Little Beaver Creek","name":"Little Beaver Creek","source_id":"90434241","length_km":0.0204048,"FType":460,"FCode":46003,"atlas_class":"streamriver","display_name":"Little Beaver Creek","stream_role":"natural_stream_detail_context","sourceLayer":"colorado_natural_stream_detail_tiles_v1","sourceLabel":"Colorado natural stream detail tiles v1","sensitivity":"generalized"},"geometry":{"type":"LineString","coordinates":[[-107.6734,40.02564],[-107.67364,40.02567]]}},{"type":"Feature","properties":{"huc8":"14050005","huc8Name":"Upper White","historic":"greenRiverBlue","current":"introduced","recovery":"recoveryWatch","lineageKey":"greenRiverBlue","lineageLabel":"Green River / blue-lineage CT","basin":"Upper White","note":"White River blue-lineage context","state":"CO","confidence":"HUC8 drainage context / generalized","geometryStatus":"natural_stream_detail_tile_from_full_interpreted_layer","troutSource":"HUC8 lineage assignment v1 / review needed","sourceName":"Big Beaver Creek","name":"Big Beaver Creek","source_id":"90434167","length_km":0.08103111,"FType":460,"FCode":46006,"atlas_class":"streamriver","display_name":"Big Beaver Creek","stream_role":"natural_stream_detail_context","sourceLayer":"colorado_natural_stream_detail_tiles_v1","sourceLabel":"Colorado natural stream detail tiles v1","sensitivity":"generalized"},"geometry":{"type":"LineString","coordinates":[[-107.64447,40.03563],[-107.6446,40.03494]]}},{"type":"Feature","properties":{"huc8":"14050005","huc8Name":"Upper White","historic":"greenRiverBlue","current":"introduced","recovery":"recoveryWatch","lineageKey":"greenRiverBlue","lineageLabel":"Green River / blue-lineage CT","basin":"Upper White","note":"White River blue-lineage context","state":"CO","confidence":"HUC8 drainage context / generalized","geometryStatus":"natural_stream_detail_tile_from_full_interpreted_layer","troutSource":"HUC8 lineage assignment v1 / review needed","sourceName":"Big Beaver Creek","name":"Big Beaver Creek","source_id":"90434273","length_km":1.1465296,"FType":460,"FCode":46006,"atlas_class":"streamriver","display_name":"Big Beaver Creek","stream_role":"natural_stream_detail_context","sourceLayer":"colorado_natural_stream_detail_tiles_v1","sourceLabel":"Colorado natural stream detail tiles v1","sensitivity":"generalized"},"geometry":{"type":"LineString","coordinates":[[-107.64832,40.0303],[-107.64975,40.02916],[-107.64972,40.02624],[-107.64936,40.02628],[-107.65068,40.02421],[-107.64901,40.02296]]}},{"type":"Feature","properties":{"huc8":"14050005","huc8Name":"Upper White","historic":"greenRiverBlue","current":"introduced","recovery":"recoveryWatch","lineageKey":"greenRiverBlue","lineageLabel":"Green River / blue-lineage CT","basin":"Upper White","note":"White River blue-lineage context","state":"CO","confidence":"HUC8 drainage context / generalized","geometryStatus":"natural_stream_detail_tile_from_full_interpreted_layer","troutSource":"HUC8 lineage assignment v1 / review needed","sourceName":"Big Beaver Creek","name":"Big Beaver Creek","source_id":"161838011","length_km":0.20277322,"FType":460,"FCode":46006,"atlas_class":"streamriver","display_name":"Big Beaver Creek","stream_role":"natural_stream_detail_context","sourceLayer":"colorado_natural_stream_detail_tiles_v1","sourceLabel":"Colorado natural stream detail tiles v1","sensitivity":"generalized"},"geometry":{"type":"LineString","coordinates":[[-107.64726,40.0121],[-107.6477,40.01048]]}},{"type":"Feature","properties":{"huc8":"14050005","huc8Name":"Upper White","historic":"greenRiverBlue","current":"introduced","recovery":"recoveryWatch","lineageKey":"greenRiverBlue","lineageLabel":"Green River / blue-lineage CT","basin":"Upper White","note":"White River blue-lineage context","state":"CO","confidence":"HUC8 drainage context / generalized","geometryStatus":"natural_stream_detail_tile_from_full_interpreted_layer","troutSource":"HUC8 lineage assignment v1 / review needed","sourceName":"Big Beaver Creek","name":"Big Beaver Creek","source_id":"161838141","length_km":0.38226763,"FType":460,"FCode":46006,"atlas_class":"streamriver","display_name":"Big Beaver Creek","stream_role":"natural_stream_detail_context","sourceLayer":"colorado_natural_stream_detail_tiles_v1","sourceLabel":"Colorado natural stream detail tiles v1","sensitivity":"generalized"},"geometry":{"type":"LineString","coordinates":[[-107.64788,40.01745],[-107.64748,40.01635],[-107.64786,40.01436]]}},{"type":"Feature","properties":{"huc8":"14050005","huc8Name":"Upper White","historic":"greenRiverBlue","current":"introduced","recovery":"recoveryWatch","lineageKey":"greenRiverBlue","lineageLabel":"Green River / blue-lineage CT","basin":"Upper White","note":"White River blue-lineage context","state":"CO","confidence":"HUC8 drainage context / generalized","geometryStatus":"natural_stream_detail_tile_from_full_interpreted_layer","troutSource":"HUC8 lineage assignment v1 / review needed","sourceName":"Big Beaver Creek","name":"Big Beaver Creek","source_id":"161838065","length_km":0.30740217,"FType":460,"FCode":46006,"atlas_class":"streamriver","display_name":"Big Beaver Creek","stream_role":"natural_stream_detail_context","sourceLayer":"colorado_natural_stream_detail_tiles_v1","sourceLabel":"Colorado natural stream detail tiles v1","sensitivity":"generalized"},"geometry":{"type":"LineString","coordinates":[[-107.64615,40.03193],[-107.64777,40.03119],[-107.64832,40.0303]]}},{"type":"Feature","properties":{"huc8":"14050005","huc8Name":"Upper White","historic":"greenRiverBlue","current":"introduced","recovery":"recoveryWatch","lineageKey":"greenRiverBlue","lineageLabel":"Green River / blue-lineage CT","basin":"Upper White","note":"White River blue-lineage context","state":"CO","confidence":"HUC8 drainage context / generalized","geometryStatus":"natural_stream_detail_tile_from_full_interpreted_layer","troutSource":"HUC8 lineage assignment v1 / review needed","sourceName":"Little Beaver Creek","name":"Little Beaver Creek","source_id":"161838025","length_km":0.03057997,"FType":460,"FCode":46003,"atlas_class":"streamriver","display_name":"Little Beaver Creek","stream_role":"natural_stream_detail_context","sourceLayer":"colorado_natural_stream_detail_tiles_v1","sourceLabel":"Colorado natural stream detail tiles v1","sensitivity":"generalized"},"geometry":{"type":"LineString","coordinates":[[-107.66599,40.02815],[-107.66622,40.02794]]}},{"type":"Feature","properties":{"huc8":"14050005","huc8Name":"Upper White","historic":"greenRiverBlue","current":"introduced","recovery":"recoveryWatch","lineageKey":"greenRiverBlue","lineageLabel":"Green River / blue-lineage CT","basin":"Upper White","note":"White River blue-lineage context","state":"CO","confidence":"HUC8 drainage context / generalized","geometryStatus":"natural_stream_detail_tile_from_full_interpreted_layer","troutSource":"HUC8 lineage assignment v1 / review needed","sourceName":"Big Beaver Creek","name":"Big Beaver Creek","source_id":"161837941","length_km":0.18538679,"FType":460,"FCode":46006,"atlas_class":"streamriver","display_name":"Big Beaver Creek","stream_role":"natural_stream_detail_context","sourceLayer":"colorado_natural_stream_detail_tiles_v1","sourceLabel":"Colorado natural stream detail tiles v1","sensitivity":"generalized"},"geometry":{"type":"LineString","coordinates":[[-107.64648,40.0023],[-107.64642,40.00075]]}},{"type":"Feature","properties":{"huc8":"14050005","huc8Name":"Upper White","historic":"greenRiverBlue","current":"introduced","recovery":"recoveryWatch","lineageKey":"greenRiverBlue","lineageLabel":"Green River / blue-lineage CT","basin":"Upper White","note":"White River blue-lineage context","state":"CO","confidence":"HUC8 drainage context / generalized","geometryStatus":"natural_stream_detail_tile_from_full_interpreted_layer","troutSource":"HUC8 lineage assignment v1 / review needed","sourceName":"East Beaver Creek","name":"East Beaver Creek","source_id":"161838059","length_km":0.73071946,"FType":460,"FCode":46006,"atlas_class":"streamriver","display_name":"East Beaver Creek","stream_role":"natural_stream_detail_context","sourceLayer":"colorado_natural_stream_detail_tiles_v1","sourceLabel":"Colorado natural stream detail tiles v1","sensitivity":"generalized"},"geometry":{"type":"LineString","coordinates":[[-107.63764,40.03345],[-107.63876,40.03357],[-107.64147,40.03518],[-107.6446,40.03494]]}},{"type":"Feature","properties":{"huc8":"14050005","huc8Name":"Upper White","historic":"greenRiverBlue","current":"introduced","recovery":"recoveryWatch","lineageKey":"greenRiverBlue","lineageLabel":"Green River / blue-lineage CT","basin":"Upper White","note":"White River blue-lineage context","state":"CO","confidence":"HUC8 drainage context / generalized","geometryStatus":"natural_stream_detail_tile_from_full_interpreted_layer","troutSource":"HUC8 lineage assignment v1 / review needed","sourceName":"Little Beaver Creek","name":"Little Beaver Creek","source_id":"161838068","length_km":0.5716089,"FType":460,"FCode":46006,"atlas_class":"streamriver","display_name":"Little Beaver Creek","stream_role":"natural_stream_detail_context","sourceLayer":"colorado_natural_stream_detail_tiles_v1","sourceLabel":"Colorado natural stream detail tiles v1","sensitivity":"generalized"},"geometry":{"type":"LineString","coordinates":[[-107.67993,40.02868],[-107.68149,40.03053],[-107.68399,40.03216]]}},{"type":"Feature","properties":{"huc8":"14050005","huc8Name":"Upper White","historic":"greenRiverBlue","current":"introduced","recovery":"recoveryWatch","lineageKey":"greenRiverBlue","lineageLabel":"Green River / blue-lineage CT","basin":"Upper White","note":"White River blue-lineage context","state":"CO","confidence":"HUC8 drainage context / generalized","geometryStatus":"natural_stream_detail_tile_from_full_interpreted_layer","troutSource":"HUC8 lineage assignment v1 / review needed","sourceName":"Little Beaver Creek","name":"Little Beaver Creek","source_id":"90434247","length_km":0.10897843,"FType":460,"FCode":46003,"atlas_class":"streamriver","display_name":"Little Beaver Creek","stream_role":"natural_stream_detail_context","sourceLayer":"colorado_natural_stream_detail_tiles_v1","sourceLabel":"Colorado natural stream detail tiles v1","sensitivity":"generalized"},"geometry":{"type":"LineString","coordinates":[[-107.67228,40.02539],[-107.6734,40.02564]]}},{"type":"Feature","properties":{"huc8":"14050005","huc8Name":"Upper White","historic":"greenRiverBlue","current":"introduced","recovery":"recoveryWatch","lineageKey":"greenRiverBlue","lineageLabel":"Green River / blue-lineage CT","basin":"Upper White","note":"White River blue-lineage context","state":"CO","confidence":"HUC8 drainage context / generalized","geometryStatus":"natural_stream_detail_tile_from_full_interpreted_layer","troutSource":"HUC8 lineage assignment v1 / review needed","sourceName":"Big Beaver Creek","name":"Big Beaver Creek","source_id":"161838063","length_km":0.28827194,"FType":460,"FCode":46006,"atlas_class":"streamriver","display_name":"Big Beaver Creek","stream_role":"natural_stream_detail_context","sourceLayer":"colorado_natural_stream_detail_tiles_v1","sourceLabel":"Colorado natural stream detail tiles v1","sensitivity":"generalized"},"geometry":{"type":"LineString","coordinates":[[-107.64425,40.03765],[-107.64377,40.03635],[-107.64447,40.03563]]}},{"type":"Feature","properties":{"huc8":"14050005","huc8Name":"Upper White","historic":"greenRiverBlue","current":"introduced","recovery":"recoveryWatch","lineageKey":"greenRiverBlue","lineageLabel":"Green River / blue-lineage CT","basin":"Upper White","note":"White River blue-lineage context","state":"CO","confidence":"HUC8 drainage context / generalized","geometryStatus":"natural_stream_detail_tile_from_full_interpreted_layer","troutSource":"HUC8 lineage assignment v1 / review needed","sourceName":"Big Beaver Creek","name":"Big Beaver Creek","source_id":"161838083","length_km":0.23165759,"FType":460,"FCode":46006,"atlas_class":"streamriver","display_name":"Big Beaver Creek","stream_role":"natural_stream_detail_context","sourceLayer":"colorado_natural_stream_detail_tiles_v1","sourceLabel":"Colorado natural stream detail tiles v1","sensitivity":"generalized"},"geometry":{"type":"LineString","coordinates":[[-107.64771,40.01368],[-107.64796,40.01248],[-107.64726,40.0121]]}},{"type":"Feature","properties":{"huc8":"14050005","huc8Name":"Upper White","historic":"greenRiverBlue","current":"introduced","recovery":"recoveryWatch","lineageKey":"greenRiverBlue","lineageLabel":"Green River / blue-lineage CT","basin":"Upper White","note":"White River blue-lineage context","state":"CO","confidence":"HUC8 drainage context / generalized","geometryStatus":"natural_stream_detail_tile_from_full_interpreted_layer","troutSource":"HUC8 lineage assignment v1 / review needed","sourceName":"Little Beaver Creek","name":"Little Beaver Creek","source_id":"161837945","length_km":0.85730137,"FType":460,"FCode":46003,"atlas_class":"streamriver","display_name":"Little Beaver Creek","stream_role":"natural_stream_detail_context","sourceLayer":"colorado_natural_stream_detail_tiles_v1","sourceLabel":"Colorado natural stream detail tiles v1","sensitivity":"generalized"},"geometry":{"type":"LineString","coordinates":[[-107.65578,40.0316],[-107.65796,40.02997],[-107.66096,40.02989],[-107.6643,40.02858]]}},{"type":"Feature","properties":{"huc8":"14050002","huc8Name":"Lower Yampa","historic":"greenRiverBlue","current":"introduced","recovery":"recoveryWatch","lineageKey":"greenRiverBlue","lineageLabel":"Green River / blue-lineage CT","basin":"Lower Yampa","note":"Yampa blue-lineage context","state":"CO","confidence":"HUC8 drainage context / generalized","geometryStatus":"natural_stream_detail_tile_from_full_interpreted_layer","troutSource":"HUC8 lineage assignment v1 / review needed","sourceName":"Milk Creek","name":"Milk Creek","source_id":"159254451","length_km":0.067,"FType":460,"FCode":46006,"atlas_class":"streamriver","display_name":"Milk Creek","stream_role":"natural_stream_detail_context","sourceLayer":"colorado_natural_stream_detail_tiles_v1","sourceLabel":"Colorado natural stream detail tiles v1","sensitivity":"generalized"},"geometry":{"type":"LineString","coordinates":[[-107.70472,40.19998],[-107.70526,40.19981]]}},{"type":"Feature","properties":{"huc8":"14050002","huc8Name":"Lower Yampa","historic":"greenRiverBlue","current":"introduced","recovery":"recoveryWatch","lineageKey":"greenRiverBlue","lineageLabel":"Green River / blue-lineage CT","basin":"Lower Yampa","note":"Yampa blue-lineage context","state":"CO","confidence":"HUC8 drainage context / generalized","geometryStatus":"natural_stream_detail_tile_from_full_interpreted_layer","troutSource":"HUC8 lineage assignment v1 / review needed","sourceName":"Milk Creek","name":"Milk Creek","source_id":"83371253","length_km":1.137,"FType":460,"FCode":46006,"atlas_class":"streamriver","display_name":"Milk Creek","stream_role":"natural_stream_detail_context","sourceLayer":"colorado_natural_stream_detail_tiles_v1","sourceLabel":"Colorado natural stream detail tiles v1","sensitivity":"generalized"},"geometry":{"type":"LineString","coordinates":[[-107.70526,40.19981],[-107.70612,40.20044],[-107.70701,40.20008],[-107.7075,40.19896],[-107.70825,40.19889],[-107.70816,40.19931],[-107.70905,40.19925],[-107.70832,40.20001],[-107.70922,40.20027],[-107.70914,40.20075],[-107.71182,40.20093]]}},{"type":"Feature","properties":{"huc8":"14050002","huc8Name":"Lower Yampa","historic":"greenRiverBlue","current":"introduced","recovery":"recoveryWatch","lineageKey":"greenRiverBlue","lineageLabel":"Green River / blue-lineage CT","basin":"Lower Yampa","note":"Yampa blue-lineage context","state":"CO","confidence":"HUC8 drainage context / generalized","geometryStatus":"natural_stream_detail_tile_from_full_interpreted_layer","troutSource":"HUC8 lineage assignment v1 / review needed","sourceName":"Milk Creek","name":"Milk Creek","source_id":"83371357","length_km":0.747,"FType":460,"FCode":46006,"atlas_class":"streamriver","display_name":"Milk Creek","stream_role":"natural_stream_detail_context","sourceLayer":"colorado_natural_stream_detail_tiles_v1","sourceLabel":"Colorado natural stream detail tiles v1","sensitivity":"generalized"},"geometry":{"type":"LineString","coordinates":[[-107.66308,40.18507],[-107.66408,40.18577],[-107.6647,40.18546],[-107.66467,40.18625],[-107.66622,40.18804],[-107.66703,40.18782],[-107.66819,40.18846]]}},{"type":"Feature","properties":{"huc8":"14050002","huc8Name":"Lower Yampa","historic":"greenRiverBlue","current":"introduced","recovery":"recoveryWatch","lineageKey":"greenRiverBlue","lineageLabel":"Green River / blue-lineage CT","basin":"Lower Yampa","note":"Yampa blue-lineage context","state":"CO","confidence":"HUC8 drainage context / generalized","geometryStatus":"natural_stream_detail_tile_from_full_interpreted_layer","troutSource":"HUC8 lineage assignment v1 / review needed","sourceName":"Milk Creek","name":"Milk Creek","source_id":"83371341","length_km":2.462,"FType":460,"FCode":46006,"atlas_class":"streamriver","display_name":"Milk Creek","stream_role":"natural_stream_detail_context","sourceLayer":"colorado_natural_stream_detail_tiles_v1","sourceLabel":"Colorado natural stream detail tiles v1","sensitivity":"generalized"},"geometry":{"type":"LineString","coordinates":[[-107.66819,40.18846],[-107.66825,40.18961],[-107.66906,40.19044],[-107.66794,40.19159],[-107.66866,40.19212],[-107.66772,40.19252],[-107.66781,40.19456],[-107.66713,40.19478],[-107.66798,40.19556],[-107.66735,40.19649],[-107.66554,40.19712],[-107.66616,40.19788],[-107.66585,40.19844],[-107.66367,40.1982],[-107.66266,40.19911],[-107.6627,40.20129],[-107.66144,40.20119]]}},{"type":"Feature","properties":{"huc8":"14050002","huc8Name":"Lower Yampa","historic":"greenRiverBlue","current":"introduced","recovery":"recoveryWatch","lineageKey":"greenRiverBlue","lineageLabel":"Green River / blue-lineage CT","basin":"Lower Yampa","note":"Yampa blue-lineage context","state":"CO","confidence":"HUC8 drainage context / generalized","geometryStatus":"natural_stream_detail_tile_from_full_interpreted_layer","troutSource":"HUC8 lineage assignment v1 / review needed","sourceName":"Clear Creek","name":"Clear Creek","source_id":"159254485","length_km":2.903,"FType":460,"FCode":46006,"atlas_class":"streamriver","display_name":"Clear Creek","stream_role":"natural_stream_detail_context","sourceLayer":"colorado_natural_stream_detail_tiles_v1","sourceLabel":"Colorado natural stream detail tiles v1","sensitivity":"generalized"},"geometry":{"type":"LineString","coordinates":[[-107.64709,40.18497],[-107.64923,40.1872],[-107.65021,40.18714],[-107.65325,40.18887],[-107.65872,40.18947],[-107.66107,40.19104],[-107.66127,40.19354],[-107.66068,40.19456],[-107.66118,40.19505],[-107.66024,40.19813],[-107.66144,40.20119]]}},{"type":"Feature","properties":{"huc8":"14050002","huc8Name":"Lower Yampa","historic":"greenRiverBlue","current":"introduced","recovery":"recoveryWatch","lineageKey":"greenRiverBlue","lineageLabel":"Green River / blue-lineage CT","basin":"Lower Yampa","note":"Yampa blue-lineage context","state":"CO","confidence":"HUC8 drainage context / generalized","geometryStatus":"natural_stream_detail_tile_from_full_interpreted_layer","troutSource":"HUC8 lineage assignment v1 / review needed","sourceName":"Milk Creek","name":"Milk Creek","source_id":"159254450","length_km":0.565,"FType":460,"FCode":46006,"atlas_class":"streamriver","display_name":"Milk Creek","stream_role":"natural_stream_detail_context","sourceLayer":"colorado_natural_stream_detail_tiles_v1","sourceLabel":"Colorado natural stream detail tiles v1","sensitivity":"generalized"},"geometry":{"type":"LineString","coordinates":[[-107.7019,40.20154],[-107.70272,40.19985],[-107.70437,40.20078],[-107.70472,40.19998]]}},{"type":"Feature","properties":{"huc8":"14050002","huc8Name":"Lower Yampa","historic":"greenRiverBlue","current":"introduced","recovery":"recoveryWatch","lineageKey":"greenRiverBlue","lineageLabel":"Green River / blue-lineage CT","basin":"Lower Yampa","note":"Yampa blue-lineage context","state":"CO","confidence":"HUC8 drainage context / generalized","geometryStatus":"natural_stream_detail_tile_from_full_interpreted_layer","troutSource":"HUC8 lineage assignment v1 / review needed","sourceName":"Milk Creek","name":"Milk Creek","source_id":"83371615","length_km":0.55,"FType":460,"FCode":46006,"atlas_class":"streamriver","display_name":"Milk Creek","stream_role":"natural_stream_detail_context","sourceLayer":"colorado_natural_stream_detail_tiles_v1","sourceLabel":"Colorado natural stream detail tiles v1","sensitivity":"generalized"},"geometry":{"type":"LineString","coordinates":[[-107.65553,40.1649],[-107.65683,40.16573],[-107.65908,40.16879]]}},{"type":"Feature","properties":{"huc8":"14050002","huc8Name":"Lower Yampa","historic":"greenRiverBlue","current":"introduced","recovery":"recoveryWatch","lineageKey":"greenRiverBlue","lineageLabel":"Green River / blue-lineage CT","basin":"Lower Yampa","note":"Yampa blue-lineage context","state":"CO","confidence":"HUC8 drainage context / generalized","geometryStatus":"natural_stream_detail_tile_from_full_interpreted_layer","troutSource":"HUC8 lineage assignment v1 / review needed","sourceName":"Milk Creek","name":"Milk Creek","source_id":"159254552","length_km":0.759,"FType":460,"FCode":46006,"atlas_class":"streamriver","display_name":"Milk Creek","stream_role":"natural_stream_detail_context","sourceLayer":"colorado_natural_stream_detail_tiles_v1","sourceLabel":"Colorado natural stream detail tiles v1","sensitivity":"generalized"},"geometry":{"type":"LineString","coordinates":[[-107.66027,40.17589],[-107.65972,40.1784],[-107.66026,40.18034],[-107.66113,40.18044],[-107.66091,40.18125]]}},{"type":"Feature","properties":{"huc8":"14050002","huc8Name":"Lower Yampa","historic":"greenRiverBlue","current":"introduced","recovery":"recoveryWatch","lineageKey":"greenRiverBlue","lineageLabel":"Green River / blue-lineage CT","basin":"Lower Yampa","note":"Yampa blue-lineage context","state":"CO","confidence":"HUC8 drainage context / generalized","geometryStatus":"natural_stream_detail_tile_from_full_interpreted_layer","troutSource":"HUC8 lineage assignment v1 / review needed","sourceName":"Grade Creek","name":"Grade Creek","source_id":"83371631","length_km":0.604,"FType":460,"FCode":46003,"atlas_class":"streamriver","display_name":"Grade Creek","stream_role":"natural_stream_detail_context","sourceLayer":"colorado_natural_stream_detail_tiles_v1","sourceLabel":"Colorado natural stream detail tiles v1","sensitivity":"generalized"},"geometry":{"type":"LineString","coordinates":[[-107.67745,40.16373],[-107.673,40.16782]]}},{"type":"Feature","properties":{"huc8":"14050002","huc8Name":"Lower Yampa","historic":"greenRiverBlue","current":"introduced","recovery":"recoveryWatch","lineageKey":"greenRiverBlue","lineageLabel":"Green River / blue-lineage CT","basin":"Lower Yampa","note":"Yampa blue-lineage context","state":"CO","confidence":"HUC8 drainage context / generalized","geometryStatus":"natural_stream_detail_tile_from_full_interpreted_layer","troutSource":"HUC8 lineage assignment v1 / review needed","sourceName":"Grade Creek","name":"Grade Creek","source_id":"83371461","length_km":0.028,"FType":460,"FCode":46003,"atlas_class":"streamriver","display_name":"Grade Creek","stream_role":"natural_stream_detail_context","sourceLayer":"colorado_natural_stream_detail_tiles_v1","sourceLabel":"Colorado natural stream detail tiles v1","sensitivity":"generalized"},"geometry":{"type":"LineString","coordinates":[[-107.66986,40.17377],[-107.66972,40.17399]]}},{"type":"Feature","properties":{"huc8":"14050002","huc8Name":"Lower Yampa","historic":"greenRiverBlue","current":"introduced","recovery":"recoveryWatch","lineageKey":"greenRiverBlue","lineageLabel":"Green River / blue-lineage CT","basin":"Lower Yampa","note":"Yampa blue-lineage context","state":"CO","confidence":"HUC8 drainage context / generalized","geometryStatus":"natural_stream_detail_tile_from_full_interpreted_layer","troutSource":"HUC8 lineage assignment v1 / review needed","sourceName":"Grade Creek","name":"Grade Creek","source_id":"83371455","length_km":0.015,"FType":460,"FCode":46003,"atlas_class":"streamriver","display_name":"Grade Creek","stream_role":"natural_stream_detail_context","sourceLayer":"colorado_natural_stream_detail_tiles_v1","sourceLabel":"Colorado natural stream detail tiles v1","sensitivity":"generalized"},"geometry":{"type":"LineString","coordinates":[[-107.6693,40.17468],[-107.66931,40.17482]]}},{"type":"Feature","properties":{"huc8":"14050002","huc8Name":"Lower Yampa","historic":"greenRiverBlue","current":"introduced","recovery":"recoveryWatch","lineageKey":"greenRiverBlue","lineageLabel":"Green River / blue-lineage CT","basin":"Lower Yampa","note":"Yampa blue-lineage context","state":"CO","confidence":"HUC8 drainage context / generalized","geometryStatus":"natural_stream_detail_tile_from_full_interpreted_layer","troutSource":"HUC8 lineage assignment v1 / review needed","sourceName":"Grade Creek","name":"Grade Creek","source_id":"83371533","length_km":0.02,"FType":460,"FCode":46003,"atlas_class":"streamriver","display_name":"Grade Creek","stream_role":"natural_stream_detail_context","sourceLayer":"colorado_natural_stream_detail_tiles_v1","sourceLabel":"Colorado natural stream detail tiles v1","sensitivity":"generalized"},"geometry":{"type":"LineString","coordinates":[[-107.67203,40.16869],[-107.6719,40.16884]]}},{"type":"Feature","properties":{"huc8":"14050002","huc8Name":"Lower Yampa","historic":"greenRiverBlue","current":"introduced","recovery":"recoveryWatch","lineageKey":"greenRiverBlue","lineageLabel":"Green River / blue-lineage CT","basin":"Lower Yampa","note":"Yampa blue-lineage context","state":"CO","confidence":"HUC8 drainage context / generalized","geometryStatus":"natural_stream_detail_tile_from_full_interpreted_layer","troutSource":"HUC8 lineage assignment v1 / review needed","sourceName":"Milk Creek","name":"Milk Creek","source_id":"83371471","length_km":0.266,"FType":460,"FCode":46006,"atlas_class":"streamriver","display_name":"Milk Creek","stream_role":"natural_stream_detail_context","sourceLayer":"colorado_natural_stream_detail_tiles_v1","sourceLabel":"Colorado natural stream detail tiles v1","sensitivity":"generalized"},"geometry":{"type":"LineString","coordinates":[[-107.6607,40.17297],[-107.66005,40.17519]]}},{"type":"Feature","properties":{"huc8":"14050002","huc8Name":"Lower Yampa","historic":"greenRiverBlue","current":"introduced","recovery":"recoveryWatch","lineageKey":"greenRiverBlue","lineageLabel":"Green River / blue-lineage CT","basin":"Lower Yampa","note":"Yampa blue-lineage context","state":"CO","confidence":"HUC8 drainage context / generalized","geometryStatus":"natural_stream_detail_tile_from_full_interpreted_layer","troutSource":"HUC8 lineage assignment v1 / review needed","sourceName":"Grade Creek","name":"Grade Creek","source_id":"83371531","length_km":0.146,"FType":460,"FCode":46003,"atlas_class":"streamriver","display_name":"Grade Creek","stream_role":"natural_stream_detail_context","sourceLayer":"colorado_natural_stream_detail_tiles_v1","sourceLabel":"Colorado natural stream detail tiles v1","sensitivity":"generalized"},"geometry":{"type":"LineString","coordinates":[[-107.6719,40.16884],[-107.6715,40.17005]]}},{"type":"Feature","properties":{"huc8":"14050002","huc8Name":"Lower Yampa","historic":"greenRiverBlue","current":"introduced","recovery":"recoveryWatch","lineageKey":"greenRiverBlue","lineageLabel":"Green River / blue-lineage CT","basin":"Lower Yampa","note":"Yampa blue-lineage context","state":"CO","confidence":"HUC8 drainage context / generalized","geometryStatus":"natural_stream_detail_tile_from_full_interpreted_layer","troutSource":"HUC8 lineage assignment v1 / review needed","sourceName":"Martin Creek","name":"Martin Creek","source_id":"83371785","length_km":0.223,"FType":460,"FCode":46006,"atlas_class":"streamriver","display_name":"Martin Creek","stream_role":"natural_stream_detail_context","sourceLayer":"colorado_natural_stream_detail_tiles_v1","sourceLabel":"Colorado natural stream detail tiles v1","sensitivity":"generalized"},"geometry":{"type":"LineString","coordinates":[[-107.6607,40.14796],[-107.65946,40.14966]]}},{"type":"Feature","properties":{"huc8":"14050002","huc8Name":"Lower Yampa","historic":"greenRiverBlue","current":"introduced","recovery":"recoveryWatch","lineageKey":"greenRiverBlue","lineageLabel":"Green River / blue-lineage CT","basin":"Lower Yampa","note":"Yampa blue-lineage context","state":"CO","confidence":"HUC8 drainage context / generalized","geometryStatus":"natural_stream_detail_tile_from_full_interpreted_layer","troutSource":"HUC8 lineage assignment v1 / review needed","sourceName":"Grade Creek","name":"Grade Creek","source_id":"159254460","length_km":0.188,"FType":460,"FCode":46003,"atlas_class":"streamriver","display_name":"Grade Creek","stream_role":"natural_stream_detail_context","sourceLayer":"colorado_natural_stream_detail_tiles_v1","sourceLabel":"Colorado natural stream detail tiles v1","sensitivity":"generalized"},"geometry":{"type":"LineString","coordinates":[[-107.67913,40.16271],[-107.67745,40.16373]]}},{"type":"Feature","properties":{"huc8":"14050002","huc8Name":"Lower Yampa","historic":"greenRiverBlue","current":"introduced","recovery":"recoveryWatch","lineageKey":"greenRiverBlue","lineageLabel":"Green River / blue-lineage CT","basin":"Lower Yampa","note":"Yampa blue-lineage context","state":"CO","confidence":"HUC8 drainage context / generalized","geometryStatus":"natural_stream_detail_tile_from_full_interpreted_layer","troutSource":"HUC8 lineage assignment v1 / review needed","sourceName":"Grade Creek","name":"Grade Creek","source_id":"83371515","length_km":0.424,"FType":460,"FCode":46003,"atlas_class":"streamriver","display_name":"Grade Creek","stream_role":"natural_stream_detail_context","sourceLayer":"colorado_natural_stream_detail_tiles_v1","sourceLabel":"Colorado natural stream detail tiles v1","sensitivity":"generalized"},"geometry":{"type":"LineString","coordinates":[[-107.6715,40.17005],[-107.67001,40.17356]]}},{"type":"Feature","properties":{"huc8":"14050002","huc8Name":"Lower Yampa","historic":"greenRiverBlue","current":"introduced","recovery":"recoveryWatch","lineageKey":"greenRiverBlue","lineageLabel":"Green River / blue-lineage CT","basin":"Lower Yampa","note":"Yampa blue-lineage context","state":"CO","confidence":"HUC8 drainage context / generalized","geometryStatus":"natural_stream_detail_tile_from_full_interpreted_layer","troutSource":"HUC8 lineage assignment v1 / review needed","sourceName":"Grade Creek","name":"Grade Creek","source_id":"159254459","length_km":0.773,"FType":460,"FCode":46003,"atlas_class":"streamriver","display_name":"Grade Creek","stream_role":"natural_stream_detail_context","sourceLayer":"colorado_natural_stream_detail_tiles_v1","sourceLabel":"Colorado natural stream detail tiles v1","sensitivity":"generalized"},"geometry":{"type":"LineString","coordinates":[[-107.68436,40.15728],[-107.68347,40.15907],[-107.67913,40.16271]]}},{"type":"Feature","properties":{"huc8":"14050002","huc8Name":"Lower Yampa","historic":"greenRiverBlue","current":"introduced","recovery":"recoveryWatch","lineageKey":"greenRiverBlue","lineageLabel":"Green River / blue-lineage CT","basin":"Lower Yampa","note":"Yampa blue-lineage context","state":"CO","confidence":"HUC8 drainage context / generalized","geometryStatus":"natural_stream_detail_tile_from_full_interpreted_layer","troutSource":"HUC8 lineage assignment v1 / review needed","sourceName":"Grade Creek","name":"Grade Creek","source_id":"83371443","length_km":0.261,"FType":460,"FCode":46003,"atlas_class":"streamriver","display_name":"Grade Creek","stream_role":"natural_stream_detail_context","sourceLayer":"colorado_natural_stream_detail_tiles_v1","sourceLabel":"Colorado natural stream detail tiles v1","sensitivity":"generalized"},"geometry":{"type":"LineString","coordinates":[[-107.66912,40.17521],[-107.66793,40.17733]]}},{"type":"Feature","properties":{"huc8":"14050002","huc8Name":"Lower Yampa","historic":"greenRiverBlue","current":"introduced","recovery":"recoveryWatch","lineageKey":"greenRiverBlue","lineageLabel":"Green River / blue-lineage CT","basin":"Lower Yampa","note":"Yampa blue-lineage context","state":"CO","confidence":"HUC8 drainage context / generalized","geometryStatus":"natural_stream_detail_tile_from_full_interpreted_layer","troutSource":"HUC8 lineage assignment v1 / review needed","sourceName":"Milk Creek","name":"Milk Creek","source_id":"159254553","length_km":0.416,"FType":460,"FCode":46006,"atlas_class":"streamriver","display_name":"Milk Creek","stream_role":"natural_stream_detail_context","sourceLayer":"colorado_natural_stream_detail_tiles_v1","sourceLabel":"Colorado natural stream detail tiles v1","sensitivity":"generalized"},"geometry":{"type":"LineString","coordinates":[[-107.66091,40.18125],[-107.66127,40.18283],[-107.66243,40.18397],[-107.66298,40.18382]]}},{"type":"Feature","properties":{"huc8":"14050002","huc8Name":"Lower Yampa","historic":"greenRiverBlue","current":"introduced","recovery":"recoveryWatch","lineageKey":"greenRiverBlue","lineageLabel":"Green River / blue-lineage CT","basin":"Lower Yampa","note":"Yampa blue-lineage context","state":"CO","confidence":"HUC8 drainage context / generalized","geometryStatus":"natural_stream_detail_tile_from_full_interpreted_layer","troutSource":"HUC8 lineage assignment v1 / review needed","sourceName":"Martin Creek","name":"Martin Creek","source_id":"83371857","length_km":0.353,"FType":460,"FCode":46006,"atlas_class":"streamriver","display_name":"Martin Creek","stream_role":"natural_stream_detail_context","sourceLayer":"colorado_natural_stream_detail_tiles_v1","sourceLabel":"Colorado natural stream detail tiles v1","sensitivity":"generalized"},"geometry":{"type":"LineString","coordinates":[[-107.66476,40.14157],[-107.66266,40.14405]]}},{"type":"Feature","properties":{"huc8":"14050002","huc8Name":"Lower Yampa","historic":"greenRiverBlue","current":"introduced","recovery":"recoveryWatch","lineageKey":"greenRiverBlue","lineageLabel":"Green River / blue-lineage CT","basin":"Lower Yampa","note":"Yampa blue-lineage context","state":"CO","confidence":"HUC8 drainage context / generalized","geometryStatus":"natural_stream_detail_tile_from_full_interpreted_layer","troutSource":"HUC8 lineage assignment v1 / review needed","sourceName":"Martin Creek","name":"Martin Creek","source_id":"83371825","length_km":0.038,"FType":460,"FCode":46006,"atlas_class":"streamriver","display_name":"Martin Creek","stream_role":"natural_stream_detail_context","sourceLayer":"colorado_natural_stream_detail_tiles_v1","sourceLabel":"Colorado natural stream detail tiles v1","sensitivity":"generalized"},"geometry":{"type":"LineString","coordinates":[[-107.66242,40.14414],[-107.662,40.1442]]}},{"type":"Feature","properties":{"huc8":"14050002","huc8Name":"Lower Yampa","historic":"greenRiverBlue","current":"introduced","recovery":"recoveryWatch","lineageKey":"greenRiverBlue","lineageLabel":"Green River / blue-lineage CT","basin":"Lower Yampa","note":"Yampa blue-lineage context","state":"CO","confidence":"HUC8 drainage context / generalized","geometryStatus":"natural_stream_detail_tile_from_full_interpreted_layer","troutSource":"HUC8 lineage assignment v1 / review needed","sourceName":"Milk Creek","name":"Milk Creek","source_id":"83371511","length_km":0.073,"FType":460,"FCode":46006,"atlas_class":"streamriver","display_name":"Milk Creek","stream_role":"natural_stream_detail_context","sourceLayer":"colorado_natural_stream_detail_tiles_v1","sourceLabel":"Colorado natural stream detail tiles v1","sensitivity":"generalized"},"geometry":{"type":"LineString","coordinates":[[-107.65984,40.17045],[-107.6599,40.17109]]}},{"type":"Feature","properties":{"huc8":"14050002","huc8Name":"Lower Yampa","historic":"greenRiverBlue","current":"introduced","recovery":"recoveryWatch","lineageKey":"greenRiverBlue","lineageLabel":"Green River / blue-lineage CT","basin":"Lower Yampa","note":"Yampa blue-lineage context","state":"CO","confidence":"HUC8 drainage context / generalized","geometryStatus":"natural_stream_detail_tile_from_full_interpreted_layer","troutSource":"HUC8 lineage assignment v1 / review needed","sourceName":"Grade Creek","name":"Grade Creek","source_id":"83371447","length_km":0.011,"FType":460,"FCode":46003,"atlas_class":"streamriver","display_name":"Grade Creek","stream_role":"natural_stream_detail_context","sourceLayer":"colorado_natural_stream_detail_tiles_v1","sourceLabel":"Colorado natural stream detail tiles v1","sensitivity":"generalized"},"geometry":{"type":"LineString","coordinates":[[-107.66921,40.17494],[-107.6692,40.17504]]}},{"type":"Feature","properties":{"huc8":"14050002","huc8Name":"Lower Yampa","historic":"greenRiverBlue","current":"introduced","recovery":"recoveryWatch","lineageKey":"greenRiverBlue","lineageLabel":"Green River / blue-lineage CT","basin":"Lower Yampa","note":"Yampa blue-lineage context","state":"CO","confidence":"HUC8 drainage context / generalized","geometryStatus":"natural_stream_detail_tile_from_full_interpreted_layer","troutSource":"HUC8 lineage assignment v1 / review needed","sourceName":"Milk Creek","name":"Milk Creek","source_id":"83371543","length_km":0.203,"FType":460,"FCode":46006,"atlas_class":"streamriver","display_name":"Milk Creek","stream_role":"natural_stream_detail_context","sourceLayer":"colorado_natural_stream_detail_tiles_v1","sourceLabel":"Colorado natural stream detail tiles v1","sensitivity":"generalized"},"geometry":{"type":"LineString","coordinates":[[-107.65908,40.16879],[-107.65984,40.17045]]}},{"type":"Feature","properties":{"huc8":"14050002","huc8Name":"Lower Yampa","historic":"greenRiverBlue","current":"introduced","recovery":"recoveryWatch","lineageKey":"greenRiverBlue","lineageLabel":"Green River / blue-lineage CT","basin":"Lower Yampa","note":"Yampa blue-lineage context","state":"CO","confidence":"HUC8 drainage context / generalized","geometryStatus":"natural_stream_detail_tile_from_full_interpreted_layer","troutSource":"HUC8 lineage assignment v1 / review needed","sourceName":"Milk Creek","name":"Milk Creek","source_id":"83371363","length_km":0.155,"FType":460,"FCode":46006,"atlas_class":"streamriver","display_name":"Milk Creek","stream_role":"natural_stream_detail_context","sourceLayer":"colorado_natural_stream_detail_tiles_v1","sourceLabel":"Colorado natural stream detail tiles v1","sensitivity":"generalized"},"geometry":{"type":"LineString","coordinates":[[-107.66298,40.18382],[-107.66308,40.18507]]}},{"type":"Feature","properties":{"huc8":"14050002","huc8Name":"Lower Yampa","historic":"greenRiverBlue","current":"introduced","recovery":"recoveryWatch","lineageKey":"greenRiverBlue","lineageLabel":"Green River / blue-lineage CT","basin":"Lower Yampa","note":"Yampa blue-lineage context","state":"CO","confidence":"HUC8 drainage context / generalized","geometryStatus":"natural_stream_detail_tile_from_full_interpreted_layer","troutSource":"HUC8 lineage assignment v1 / review needed","sourceName":"Milk Creek","name":"Milk Creek","source_id":"83371499","length_km":0.235,"FType":460,"FCode":46006,"atlas_class":"streamriver","display_name":"Milk Creek","stream_role":"natural_stream_detail_context","sourceLayer":"colorado_natural_stream_detail_tiles_v1","sourceLabel":"Colorado natural stream detail tiles v1","sensitivity":"generalized"},"geometry":{"type":"LineString","coordinates":[[-107.6599,40.17109],[-107.66008,40.17245],[-107.6607,40.17297]]}},{"type":"Feature","properties":{"huc8":"14050002","huc8Name":"Lower Yampa","historic":"greenRiverBlue","current":"introduced","recovery":"recoveryWatch","lineageKey":"greenRiverBlue","lineageLabel":"Green River / blue-lineage CT","basin":"Lower Yampa","note":"Yampa blue-lineage context","state":"CO","confidence":"HUC8 drainage context / generalized","geometryStatus":"natural_stream_detail_tile_from_full_interpreted_layer","troutSource":"HUC8 lineage assignment v1 / review needed","sourceName":"Milk Creek","name":"Milk Creek","source_id":"159254733","length_km":0.083,"FType":460,"FCode":46006,"atlas_class":"streamriver","display_name":"Milk Creek","stream_role":"natural_stream_detail_context","sourceLayer":"colorado_natural_stream_detail_tiles_v1","sourceLabel":"Colorado natural stream detail tiles v1","sensitivity":"generalized"},"geometry":{"type":"LineString","coordinates":[[-107.66005,40.17519],[-107.66027,40.17589]]}},{"type":"Feature","properties":{"huc8":"14050002","huc8Name":"Lower Yampa","historic":"greenRiverBlue","current":"introduced","recovery":"recoveryWatch","lineageKey":"greenRiverBlue","lineageLabel":"Green River / blue-lineage CT","basin":"Lower Yampa","note":"Yampa blue-lineage context","state":"CO","confidence":"HUC8 drainage context / generalized","geometryStatus":"natural_stream_detail_tile_from_full_interpreted_layer","troutSource":"HUC8 lineage assignment v1 / review needed","sourceName":"Martin Creek","name":"Martin Creek","source_id":"83371775","length_km":1.657,"FType":460,"FCode":46006,"atlas_class":"streamriver","display_name":"Martin Creek","stream_role":"natural_stream_detail_context","sourceLayer":"colorado_natural_stream_detail_tiles_v1","sourceLabel":"Colorado natural stream detail tiles v1","sensitivity":"generalized"},"geometry":{"type":"LineString","coordinates":[[-107.65922,40.14992],[-107.65793,40.15105],[-107.65774,40.15192],[-107.65802,40.15354],[-107.65873,40.15414],[-107.65824,40.15796],[-107.65892,40.15881],[-107.65544,40.16271]]}},{"type":"Feature","properties":{"huc8":"14050002","huc8Name":"Lower Yampa","historic":"greenRiverBlue","current":"introduced","recovery":"recoveryWatch","lineageKey":"greenRiverBlue","lineageLabel":"Green River / blue-lineage CT","basin":"Lower Yampa","note":"Yampa blue-lineage context","state":"CO","confidence":"HUC8 drainage context / generalized","geometryStatus":"natural_stream_detail_tile_from_full_interpreted_layer","troutSource":"HUC8 lineage assignment v1 / review needed","sourceName":"Grade Creek","name":"Grade Creek","source_id":"83371459","length_km":0.037,"FType":460,"FCode":46003,"atlas_class":"streamriver","display_name":"Grade Creek","stream_role":"natural_stream_detail_context","sourceLayer":"colorado_natural_stream_detail_tiles_v1","sourceLabel":"Colorado natural stream detail tiles v1","sensitivity":"generalized"},"geometry":{"type":"LineString","coordinates":[[-107.66957,40.17424],[-107.66943,40.17455]]}},{"type":"Feature","properties":{"huc8":"14050002","huc8Name":"Lower Yampa","historic":"greenRiverBlue","current":"introduced","recovery":"recoveryWatch","lineageKey":"greenRiverBlue","lineageLabel":"Green River / blue-lineage CT","basin":"Lower Yampa","note":"Yampa blue-lineage context","state":"CO","confidence":"HUC8 drainage context / generalized","geometryStatus":"natural_stream_detail_tile_from_full_interpreted_layer","troutSource":"HUC8 lineage assignment v1 / review needed","sourceName":"Grade Creek","name":"Grade Creek","source_id":"83371425","length_km":0.927,"FType":460,"FCode":46003,"atlas_class":"streamriver","display_name":"Grade Creek","stream_role":"natural_stream_detail_context","sourceLayer":"colorado_natural_stream_detail_tiles_v1","sourceLabel":"Colorado natural stream detail tiles v1","sensitivity":"generalized"},"geometry":{"type":"LineString","coordinates":[[-107.66793,40.17733],[-107.66427,40.17906],[-107.66364,40.18003],[-107.66298,40.18382]]}},{"type":"Feature","properties":{"huc8":"14050002","huc8Name":"Lower Yampa","historic":"greenRiverBlue","current":"introduced","recovery":"recoveryWatch","lineageKey":"greenRiverBlue","lineageLabel":"Green River / blue-lineage CT","basin":"Lower Yampa","note":"Yampa blue-lineage context","state":"CO","confidence":"HUC8 drainage context / generalized","geometryStatus":"natural_stream_detail_tile_from_full_interpreted_layer","troutSource":"HUC8 lineage assignment v1 / review needed","sourceName":"Martin Creek","name":"Martin Creek","source_id":"83371647","length_km":0.257,"FType":460,"FCode":46006,"atlas_class":"streamriver","display_name":"Martin Creek","stream_role":"natural_stream_detail_context","sourceLayer":"colorado_natural_stream_detail_tiles_v1","sourceLabel":"Colorado natural stream detail tiles v1","sensitivity":"generalized"},"geometry":{"type":"LineString","coordinates":[[-107.65544,40.16271],[-107.6551,40.16369],[-107.65553,40.1649]]}},{"type":"Feature","properties":{"huc8":"14050002","huc8Name":"Lower Yampa","historic":"greenRiverBlue","current":"introduced","recovery":"recoveryWatch","lineageKey":"greenRiverBlue","lineageLabel":"Green River / blue-lineage CT","basin":"Lower Yampa","note":"Yampa blue-lineage context","state":"CO","confidence":"HUC8 drainage context / generalized","geometryStatus":"natural_stream_detail_tile_from_full_interpreted_layer","troutSource":"HUC8 lineage assignment v1 / review needed","sourceName":"Grade Creek","name":"Grade Creek","source_id":"83371551","length_km":0.044,"FType":460,"FCode":46003,"atlas_class":"streamriver","display_name":"Grade Creek","stream_role":"natural_stream_detail_context","sourceLayer":"colorado_natural_stream_detail_tiles_v1","sourceLabel":"Colorado natural stream detail tiles v1","sensitivity":"generalized"},"geometry":{"type":"LineString","coordinates":[[-107.67263,40.16793],[-107.67237,40.16826]]}},{"type":"Feature","properties":{"huc8":"14050002","huc8Name":"Lower Yampa","historic":"greenRiverBlue","current":"introduced","recovery":"recoveryWatch","lineageKey":"greenRiverBlue","lineageLabel":"Green River / blue-lineage CT","basin":"Lower Yampa","note":"Yampa blue-lineage context","state":"CO","confidence":"HUC8 drainage context / generalized","geometryStatus":"natural_stream_detail_tile_from_full_interpreted_layer","troutSource":"HUC8 lineage assignment v1 / review needed","sourceName":"Martin Creek","name":"Martin Creek","source_id":"159254346","length_km":0.173,"FType":460,"FCode":46006,"atlas_class":"streamriver","display_name":"Martin Creek","stream_role":"natural_stream_detail_context","sourceLayer":"colorado_natural_stream_detail_tiles_v1","sourceLabel":"Colorado natural stream detail tiles v1","sensitivity":"generalized"},"geometry":{"type":"LineString","coordinates":[[-107.662,40.1442],[-107.66191,40.14563]]}},{"type":"Feature","properties":{"huc8":"14050005","huc8Name":"Upper White","historic":"greenRiverBlue","current":"introduced","recovery":"recoveryWatch","lineageKey":"greenRiverBlue","lineageLabel":"Green River / blue-lineage CT","basin":"Upper White","note":"White River blue-lineage context","state":"CO","confidence":"HUC8 drainage context / generalized","geometryStatus":"natural_stream_detail_tile_from_full_interpreted_layer","troutSource":"HUC8 lineage assignment v1 / review needed","sourceName":"Sawmill Creek","name":"Sawmill Creek","source_id":"161838120","length_km":0.06325333,"FType":460,"FCode":46006,"atlas_class":"streamriver","display_name":"Sawmill Creek","stream_role":"natural_stream_detail_context","sourceLayer":"colorado_natural_stream_detail_tiles_v1","sourceLabel":"Colorado natural stream detail tiles v1","sensitivity":"generalized"},"geometry":{"type":"LineString","coordinates":[[-107.70054,40.04253],[-107.70116,40.04223]]}},{"type":"Feature","properties":{"huc8":"14050005","huc8Name":"Upper White","historic":"greenRiverBlue","current":"introduced","recovery":"recoveryWatch","lineageKey":"greenRiverBlue","lineageLabel":"Green River / blue-lineage CT","basin":"Upper White","note":"White River blue-lineage context","state":"CO","confidence":"HUC8 drainage context / generalized","geometryStatus":"natural_stream_detail_tile_from_full_interpreted_layer","troutSource":"HUC8 lineage assignment v1 / review needed","sourceName":"Cottonwood Creek","name":"Cottonwood Creek","source_id":"161838042","length_km":0.63029771,"FType":460,"FCode":46003,"atlas_class":"streamriver","display_name":"Cottonwood Creek","stream_role":"natural_stream_detail_context","sourceLayer":"colorado_natural_stream_detail_tiles_v1","sourceLabel":"Colorado natural stream detail tiles v1","sensitivity":"generalized"},"geometry":{"type":"LineString","coordinates":[[-107.66412,40.04812],[-107.66409,40.04681],[-107.66231,40.04412],[-107.66266,40.043]]}},{"type":"Feature","properties":{"huc8":"14050005","huc8Name":"Upper White","historic":"greenRiverBlue","current":"introduced","recovery":"recoveryWatch","lineageKey":"greenRiverBlue","lineageLabel":"Green River / blue-lineage CT","basin":"Upper White","note":"White River blue-lineage context","state":"CO","confidence":"HUC8 drainage context / generalized","geometryStatus":"natural_stream_detail_tile_from_full_interpreted_layer","troutSource":"HUC8 lineage assignment v1 / review needed","sourceName":"Cow Creek","name":"Cow Creek","source_id":"161837975","length_km":0.25794133,"FType":460,"FCode":46006,"atlas_class":"streamriver","display_name":"Cow Creek","stream_role":"natural_stream_detail_context","sourceLayer":"colorado_natural_stream_detail_tiles_v1","sourceLabel":"Colorado natural stream detail tiles v1","sensitivity":"generalized"},"geometry":{"type":"LineString","coordinates":[[-107.65216,40.04765],[-107.65165,40.04553]]}},{"type":"Feature","properties":{"huc8":"14050005","huc8Name":"Upper White","historic":"greenRiverBlue","current":"introduced","recovery":"recoveryWatch","lineageKey":"greenRiverBlue","lineageLabel":"Green River / blue-lineage CT","basin":"Upper White","note":"White River blue-lineage context","state":"CO","confidence":"HUC8 drainage context / generalized","geometryStatus":"natural_stream_detail_tile_from_full_interpreted_layer","troutSource":"HUC8 lineage assignment v1 / review needed","sourceName":"Cottonwood Creek","name":"Cottonwood Creek","source_id":"161838133","length_km":0.51330417,"FType":460,"FCode":46003,"atlas_class":"streamriver","display_name":"Cottonwood Creek","stream_role":"natural_stream_detail_context","sourceLayer":"colorado_natural_stream_detail_tiles_v1","sourceLabel":"Colorado natural stream detail tiles v1","sensitivity":"generalized"},"geometry":{"type":"LineString","coordinates":[[-107.68822,40.04059],[-107.69139,40.04134],[-107.69385,40.04123]]}},{"type":"Feature","properties":{"huc8":"14050005","huc8Name":"Upper White","historic":"greenRiverBlue","current":"introduced","recovery":"recoveryWatch","lineageKey":"greenRiverBlue","lineageLabel":"Green River / blue-lineage CT","basin":"Upper White","note":"White River blue-lineage context","state":"CO","confidence":"HUC8 drainage context / generalized","geometryStatus":"natural_stream_detail_tile_from_full_interpreted_layer","troutSource":"HUC8 lineage assignment v1 / review needed","sourceName":"Big Beaver Creek","name":"Big Beaver Creek","source_id":"90434155","length_km":0.64215758,"FType":460,"FCode":46006,"atlas_class":"streamriver","display_name":"Big Beaver Creek","stream_role":"natural_stream_detail_context","sourceLayer":"colorado_natural_stream_detail_tiles_v1","sourceLabel":"Colorado natural stream detail tiles v1","sensitivity":"generalized"},"geometry":{"type":"LineString","coordinates":[[-107.63808,40.04114],[-107.64105,40.04009],[-107.64283,40.03825],[-107.64372,40.03807]]}},{"type":"Feature","properties":{"huc8":"14050005","huc8Name":"Upper White","historic":"greenRiverBlue","current":"introduced","recovery":"recoveryWatch","lineageKey":"greenRiverBlue","lineageLabel":"Green River / blue-lineage CT","basin":"Upper White","note":"White River blue-lineage context","state":"CO","confidence":"HUC8 drainage context / generalized","geometryStatus":"natural_stream_detail_tile_from_full_interpreted_layer","troutSource":"HUC8 lineage assignment v1 / review needed","sourceName":"Cottonwood Creek","name":"Cottonwood Creek","source_id":"161838132","length_km":0.18626047,"FType":460,"FCode":46003,"atlas_class":"streamriver","display_name":"Cottonwood Creek","stream_role":"natural_stream_detail_context","sourceLayer":"colorado_natural_stream_detail_tiles_v1","sourceLabel":"Colorado natural stream detail tiles v1","sensitivity":"generalized"},"geometry":{"type":"LineString","coordinates":[[-107.68637,40.04067],[-107.68822,40.04059]]}},{"type":"Feature","properties":{"huc8":"14050005","huc8Name":"Upper White","historic":"greenRiverBlue","current":"introduced","recovery":"recoveryWatch","lineageKey":"greenRiverBlue","lineageLabel":"Green River / blue-lineage CT","basin":"Upper White","note":"White River blue-lineage context","state":"CO","confidence":"HUC8 drainage context / generalized","geometryStatus":"natural_stream_detail_tile_from_full_interpreted_layer","troutSource":"HUC8 lineage assignment v1 / review needed","sourceName":"Cottonwood Creek","name":"Cottonwood Creek","source_id":"161838136","length_km":0.37279324,"FType":460,"FCode":46003,"atlas_class":"streamriver","display_name":"Cottonwood Creek","stream_role":"natural_stream_detail_context","sourceLayer":"colorado_natural_stream_detail_tiles_v1","sourceLabel":"Colorado natural stream detail tiles v1","sensitivity":"generalized"},"geometry":{"type":"LineString","coordinates":[[-107.6732,40.03996],[-107.67484,40.04112],[-107.6768,40.04142]]}},{"type":"Feature","properties":{"huc8":"14050005","huc8Name":"Upper White","historic":"greenRiverBlue","current":"introduced","recovery":"recoveryWatch","lineageKey":"greenRiverBlue","lineageLabel":"Green River / blue-lineage CT","basin":"Upper White","note":"White River blue-lineage context","state":"CO","confidence":"HUC8 drainage context / generalized","geometryStatus":"natural_stream_detail_tile_from_full_interpreted_layer","troutSource":"HUC8 lineage assignment v1 / review needed","sourceName":"Big Beaver Creek","name":"Big Beaver Creek","source_id":"161838062","length_km":0.06626168,"FType":460,"FCode":46006,"atlas_class":"streamriver","display_name":"Big Beaver Creek","stream_role":"natural_stream_detail_context","sourceLayer":"colorado_natural_stream_detail_tiles_v1","sourceLabel":"Colorado natural stream detail tiles v1","sensitivity":"generalized"},"geometry":{"type":"LineString","coordinates":[[-107.64372,40.03807],[-107.64425,40.03765]]}},{"type":"Feature","properties":{"huc8":"14050005","huc8Name":"Upper White","historic":"greenRiverBlue","current":"introduced","recovery":"recoveryWatch","lineageKey":"greenRiverBlue","lineageLabel":"Green River / blue-lineage CT","basin":"Upper White","note":"White River blue-lineage context","state":"CO","confidence":"HUC8 drainage context / generalized","geometryStatus":"natural_stream_detail_tile_from_full_interpreted_layer","troutSource":"HUC8 lineage assignment v1 / review needed","sourceName":"Sawmill Creek","name":"Sawmill Creek","source_id":"161837955","length_km":0.57250454,"FType":460,"FCode":46006,"atlas_class":"streamriver","display_name":"Sawmill Creek","stream_role":"natural_stream_detail_context","sourceLayer":"colorado_natural_stream_detail_tiles_v1","sourceLabel":"Colorado natural stream detail tiles v1","sensitivity":"generalized"},"geometry":{"type":"LineString","coordinates":[[-107.70418,40.03879],[-107.70483,40.03747],[-107.70849,40.03625]]}},{"type":"Feature","properties":{"huc8":"14050005","huc8Name":"Upper White","historic":"greenRiverBlue","current":"introduced","recovery":"recoveryWatch","lineageKey":"greenRiverBlue","lineageLabel":"Green River / blue-lineage CT","basin":"Upper White","note":"White River blue-lineage context","state":"CO","confidence":"HUC8 drainage context / generalized","geometryStatus":"natural_stream_detail_tile_from_full_interpreted_layer","troutSource":"HUC8 lineage assignment v1 / review needed","sourceName":"Cottonwood Creek","name":"Cottonwood Creek","source_id":"161838045","length_km":0.4349053,"FType":460,"FCode":46003,"atlas_class":"streamriver","display_name":"Cottonwood Creek","stream_role":"natural_stream_detail_context","sourceLayer":"colorado_natural_stream_detail_tiles_v1","sourceLabel":"Colorado natural stream detail tiles v1","sensitivity":"generalized"},"geometry":{"type":"LineString","coordinates":[[-107.66319,40.05166],[-107.66301,40.0492],[-107.66412,40.04812]]}},{"type":"Feature","properties":{"huc8":"14050005","huc8Name":"Upper White","historic":"greenRiverBlue","current":"introduced","recovery":"recoveryWatch","lineageKey":"greenRiverBlue","lineageLabel":"Green River / blue-lineage CT","basin":"Upper White","note":"White River blue-lineage context","state":"CO","confidence":"HUC8 drainage context / generalized","geometryStatus":"natural_stream_detail_tile_from_full_interpreted_layer","troutSource":"HUC8 lineage assignment v1 / review needed","sourceName":"Sawmill Creek","name":"Sawmill Creek","source_id":"90434123","length_km":0.83207304,"FType":460,"FCode":46006,"atlas_class":"streamriver","display_name":"Sawmill Creek","stream_role":"natural_stream_detail_context","sourceLayer":"colorado_natural_stream_detail_tiles_v1","sourceLabel":"Colorado natural stream detail tiles v1","sensitivity":"generalized"},"geometry":{"type":"LineString","coordinates":[[-107.69497,40.04768],[-107.6979,40.0439],[-107.70054,40.04253]]}},{"type":"Feature","properties":{"huc8":"14050005","huc8Name":"Upper White","historic":"greenRiverBlue","current":"introduced","recovery":"recoveryWatch","lineageKey":"greenRiverBlue","lineageLabel":"Green River / blue-lineage CT","basin":"Upper White","note":"White River blue-lineage context","state":"CO","confidence":"HUC8 drainage context / generalized","geometryStatus":"natural_stream_detail_tile_from_full_interpreted_layer","troutSource":"HUC8 lineage assignment v1 / review needed","sourceName":"Big Beaver Creek","name":"Big Beaver Creek","source_id":"161838125","length_km":0.17750292,"FType":460,"FCode":46006,"atlas_class":"streamriver","display_name":"Big Beaver Creek","stream_role":"natural_stream_detail_context","sourceLayer":"colorado_natural_stream_detail_tiles_v1","sourceLabel":"Colorado natural stream detail tiles v1","sensitivity":"generalized"},"geometry":{"type":"LineString","coordinates":[[-107.63713,40.04379],[-107.63781,40.04235]]}},{"type":"Feature","properties":{"huc8":"14050005","huc8Name":"Upper White","historic":"greenRiverBlue","current":"introduced","recovery":"recoveryWatch","lineageKey":"greenRiverBlue","lineageLabel":"Green River / blue-lineage CT","basin":"Upper White","note":"White River blue-lineage context","state":"CO","confidence":"HUC8 drainage context / generalized","geometryStatus":"natural_stream_detail_tile_from_full_interpreted_layer","troutSource":"HUC8 lineage assignment v1 / review needed","sourceName":"Big Beaver Creek","name":"Big Beaver Creek","source_id":"161838124","length_km":0.22837636,"FType":460,"FCode":46006,"atlas_class":"streamriver","display_name":"Big Beaver Creek","stream_role":"natural_stream_detail_context","sourceLayer":"colorado_natural_stream_detail_tiles_v1","sourceLabel":"Colorado natural stream detail tiles v1","sensitivity":"generalized"},"geometry":{"type":"LineString","coordinates":[[-107.63556,40.04523],[-107.63713,40.04379]]}},{"type":"Feature","properties":{"huc8":"14050005","huc8Name":"Upper White","historic":"greenRiverBlue","current":"introduced","recovery":"recoveryWatch","lineageKey":"greenRiverBlue","lineageLabel":"Green River / blue-lineage CT","basin":"Upper White","note":"White River blue-lineage context","state":"CO","confidence":"HUC8 drainage context / generalized","geometryStatus":"natural_stream_detail_tile_from_full_interpreted_layer","troutSource":"HUC8 lineage assignment v1 / review needed","sourceName":"Sawmill Creek","name":"Sawmill Creek","source_id":"161837956","length_km":0.12172685,"FType":460,"FCode":46006,"atlas_class":"streamriver","display_name":"Sawmill Creek","stream_role":"natural_stream_detail_context","sourceLayer":"colorado_natural_stream_detail_tiles_v1","sourceLabel":"Colorado natural stream detail tiles v1","sensitivity":"generalized"},"geometry":{"type":"LineString","coordinates":[[-107.70849,40.03625],[-107.70963,40.03591]]}},{"type":"Feature","properties":{"huc8":"14050005","huc8Name":"Upper White","historic":"greenRiverBlue","current":"introduced","recovery":"recoveryWatch","lineageKey":"greenRiverBlue","lineageLabel":"Green River / blue-lineage CT","basin":"Upper White","note":"White River blue-lineage context","state":"CO","confidence":"HUC8 drainage context / generalized","geometryStatus":"natural_stream_detail_tile_from_full_interpreted_layer","troutSource":"HUC8 lineage assignment v1 / review needed","sourceName":"Big Beaver Creek","name":"Big Beaver Creek","source_id":"161838017","length_km":0.17348947,"FType":460,"FCode":46006,"atlas_class":"streamriver","display_name":"Big Beaver Creek","stream_role":"natural_stream_detail_context","sourceLayer":"colorado_natural_stream_detail_tiles_v1","sourceLabel":"Colorado natural stream detail tiles v1","sensitivity":"generalized"},"geometry":{"type":"LineString","coordinates":[[-107.63781,40.04235],[-107.63764,40.0413],[-107.63808,40.04114]]}},{"type":"Feature","properties":{"huc8":"14050005","huc8Name":"Upper White","historic":"greenRiverBlue","current":"introduced","recovery":"recoveryWatch","lineageKey":"greenRiverBlue","lineageLabel":"Green River / blue-lineage CT","basin":"Upper White","note":"White River blue-lineage context","state":"CO","confidence":"HUC8 drainage context / generalized","geometryStatus":"natural_stream_detail_tile_from_full_interpreted_layer","troutSource":"HUC8 lineage assignment v1 / review needed","sourceName":"Cottonwood Creek","name":"Cottonwood Creek","source_id":"161838043","length_km":0.14815082,"FType":460,"FCode":46003,"atlas_class":"streamriver","display_name":"Cottonwood Creek","stream_role":"natural_stream_detail_context","sourceLayer":"colorado_natural_stream_detail_tiles_v1","sourceLabel":"Colorado natural stream detail tiles v1","sensitivity":"generalized"},"geometry":{"type":"LineString","coordinates":[[-107.66266,40.043],[-107.66373,40.04197]]}},{"type":"Feature","properties":{"huc8":"14050005","huc8Name":"Upper White","historic":"greenRiverBlue","current":"introduced","recovery":"recoveryWatch","lineageKey":"greenRiverBlue","lineageLabel":"Green River / blue-lineage CT","basin":"Upper White","note":"White River blue-lineage context","state":"CO","confidence":"HUC8 drainage context / generalized","geometryStatus":"natural_stream_detail_tile_from_full_interpreted_layer","troutSource":"HUC8 lineage assignment v1 / review needed","sourceName":"Sawmill Creek","name":"Sawmill Creek","source_id":"161837954","length_km":0.2156434,"FType":460,"FCode":46006,"atlas_class":"streamriver","display_name":"Sawmill Creek","stream_role":"natural_stream_detail_context","sourceLayer":"colorado_natural_stream_detail_tiles_v1","sourceLabel":"Colorado natural stream detail tiles v1","sensitivity":"generalized"},"geometry":{"type":"LineString","coordinates":[[-107.69328,40.04909],[-107.69497,40.04768]]}},{"type":"Feature","properties":{"huc8":"14050005","huc8Name":"Upper White","historic":"greenRiverBlue","current":"introduced","recovery":"recoveryWatch","lineageKey":"greenRiverBlue","lineageLabel":"Green River / blue-lineage CT","basin":"Upper White","note":"White River blue-lineage context","state":"CO","confidence":"HUC8 drainage context / generalized","geometryStatus":"natural_stream_detail_tile_from_full_interpreted_layer","troutSource":"HUC8 lineage assignment v1 / review needed","sourceName":"Sawmill Creek","name":"Sawmill Creek","source_id":"161838121","length_km":0.56161381,"FType":460,"FCode":46006,"atlas_class":"streamriver","display_name":"Sawmill Creek","stream_role":"natural_stream_detail_context","sourceLayer":"colorado_natural_stream_detail_tiles_v1","sourceLabel":"Colorado natural stream detail tiles v1","sensitivity":"generalized"},"geometry":{"type":"LineString","coordinates":[[-107.70116,40.04223],[-107.70296,40.04115],[-107.70284,40.0395],[-107.70418,40.03879]]}},{"type":"Feature","properties":{"huc8":"14050005","huc8Name":"Upper White","historic":"greenRiverBlue","current":"introduced","recovery":"recoveryWatch","lineageKey":"greenRiverBlue","lineageLabel":"Green River / blue-lineage CT","basin":"Upper White","note":"White River blue-lineage context","state":"CO","confidence":"HUC8 drainage context / generalized","geometryStatus":"natural_stream_detail_tile_from_full_interpreted_layer","troutSource":"HUC8 lineage assignment v1 / review needed","sourceName":"Cow Creek","name":"Cow Creek","source_id":"161838177","length_km":0.52558732,"FType":460,"FCode":46006,"atlas_class":"streamriver","display_name":"Cow Creek","stream_role":"natural_stream_detail_context","sourceLayer":"colorado_natural_stream_detail_tiles_v1","sourceLabel":"Colorado natural stream detail tiles v1","sensitivity":"generalized"},"geometry":{"type":"LineString","coordinates":[[-107.65192,40.04462],[-107.65149,40.04316],[-107.65225,40.04155],[-107.65217,40.04019]]}},{"type":"Feature","properties":{"huc8":"14050005","huc8Name":"Upper White","historic":"greenRiverBlue","current":"introduced","recovery":"recoveryWatch","lineageKey":"greenRiverBlue","lineageLabel":"Green River / blue-lineage CT","basin":"Upper White","note":"White River blue-lineage context","state":"CO","confidence":"HUC8 drainage context / generalized","geometryStatus":"natural_stream_detail_tile_from_full_interpreted_layer","troutSource":"HUC8 lineage assignment v1 / review needed","sourceName":"Big Beaver Creek","name":"Big Beaver Creek","source_id":"161837893","length_km":0.2018444,"FType":460,"FCode":46006,"atlas_class":"streamriver","display_name":"Big Beaver Creek","stream_role":"natural_stream_detail_context","sourceLayer":"colorado_natural_stream_detail_tiles_v1","sourceLabel":"Colorado natural stream detail tiles v1","sensitivity":"generalized"},"geometry":{"type":"LineString","coordinates":[[-107.63503,40.04692],[-107.63556,40.04523]]}},{"type":"Feature","properties":{"huc8":"14050005","huc8Name":"Upper White","historic":"greenRiverBlue","current":"introduced","recovery":"recoveryWatch","lineageKey":"greenRiverBlue","lineageLabel":"Green River / blue-lineage CT","basin":"Upper White","note":"White River blue-lineage context","state":"CO","confidence":"HUC8 drainage context / generalized","geometryStatus":"natural_stream_detail_tile_from_full_interpreted_layer","troutSource":"HUC8 lineage assignment v1 / review needed","sourceName":"Cherry Creek","name":"Cherry Creek","source_id":"90434093","length_km":1.85092657,"FType":460,"FCode":46003,"atlas_class":"streamriver","display_name":"Cherry Creek","stream_role":"natural_stream_detail_context","sourceLayer":"colorado_natural_stream_detail_tiles_v1","sourceLabel":"Colorado natural stream detail tiles v1","sensitivity":"generalized"},"geometry":{"type":"LineString","coordinates":[[-107.67778,40.05443],[-107.68061,40.05273],[-107.68098,40.05163],[-107.6831,40.05136],[-107.6859,40.04906],[-107.68944,40.04846],[-107.69226,40.04733],[-107.69497,40.04768]]}},{"type":"Feature","properties":{"huc8":"14050005","huc8Name":"Upper White","historic":"greenRiverBlue","current":"introduced","recovery":"recoveryWatch","lineageKey":"greenRiverBlue","lineageLabel":"Green River / blue-lineage CT","basin":"Upper White","note":"White River blue-lineage context","state":"CO","confidence":"HUC8 drainage context / generalized","geometryStatus":"natural_stream_detail_tile_from_full_interpreted_layer","troutSource":"HUC8 lineage assignment v1 / review needed","sourceName":"Cow Creek","name":"Cow Creek","source_id":"161837992","length_km":0.16750758,"FType":460,"FCode":46006,"atlas_class":"streamriver","display_name":"Cow Creek","stream_role":"natural_stream_detail_context","sourceLayer":"colorado_natural_stream_detail_tiles_v1","sourceLabel":"Colorado natural stream detail tiles v1","sensitivity":"generalized"},"geometry":{"type":"LineString","coordinates":[[-107.64979,40.05184],[-107.65081,40.0506]]}},{"type":"Feature","properties":{"huc8":"14050005","huc8Name":"Upper White","historic":"greenRiverBlue","current":"introduced","recovery":"recoveryWatch","lineageKey":"greenRiverBlue","lineageLabel":"Green River / blue-lineage CT","basin":"Upper White","note":"White River blue-lineage context","state":"CO","confidence":"HUC8 drainage context / generalized","geometryStatus":"natural_stream_detail_tile_from_full_interpreted_layer","troutSource":"HUC8 lineage assignment v1 / review needed","sourceName":"Cottonwood Creek","name":"Cottonwood Creek","source_id":"161838048","length_km":0.40006203,"FType":460,"FCode":46003,"atlas_class":"streamriver","display_name":"Cottonwood Creek","stream_role":"natural_stream_detail_context","sourceLayer":"colorado_natural_stream_detail_tiles_v1","sourceLabel":"Colorado natural stream detail tiles v1","sensitivity":"generalized"},"geometry":{"type":"LineString","coordinates":[[-107.69385,40.04123],[-107.69774,40.03999]]}}]}