{"type":"FeatureCollection","metadata":{"source":"C:\\ct-atlas-data\\processed\\geojson\\interpreted\\colorado_named_natural_streams_complete_v1.geojson","tier":"tier2","tile_size_degrees":0.25,"x":-416,"y":151,"bounds":{"west":-104,"south":37.75,"east":-103.75,"north":38}},"features":[{"type":"Feature","geometry":{"type":"LineString","coordinates":[[-103.9619,37.8255],[-103.9576,37.8254],[-103.9555,37.8267],[-103.9513,37.8262]]},"properties":{"source_id":"co_named_stream_029339","name":"West Dry Creek","display_name":"West Dry Creek","mapped_name":"West Dry Creek","source_name":"West Dry Creek","state":"CO","atlas_class":"named_natural_stream","huc8":"11020005","huc8Name":"Upper Arkansas-Lake Meredith","huc8States":"CO","lineageKey":"statewideContext","lineage":"statewideContext","historic":"statewideContext","current":"statewideContext","recovery":"statewideContext","lineageLabel":"Statewide Colorado hydrography context","lineageBasin":"","lineageNote":"","atlas_context":"statewide_hydrography_context","confidence":"Statewide hydrography context outside current cutthroat lineage model","geometryStatus":"Named natural stream segment from statewide hydrography","note":"This named natural stream is included for statewide Colorado hydrography completeness and is outside the current cutthroat lineage assignment set.","source_segment_id":"co_named_stream_029339","water_id":"co_west_dry_creek_11020005_statewideContext_001","occurrence_id":"co_west_dry_creek_11020005_statewideContext_001","occurrence_number":"001","segment_count":65,"disambiguator":"Upper Arkansas-Lake Meredith · Statewide Colorado hydrography context · occurrence 001","basin":"Upper Arkansas-Lake Meredith","atlas_layer":"named_water_occurrence","object_role":"named_water_occurrence","historic_label":"Statewide Colorado hydrography context","current_label":"Statewide Colorado hydrography context","recovery_label":"Statewide Colorado hydrography context","tier":"tier2","minZoom":12,"confidence_public":"Statewide hydrography context outside current cutthroat lineage model","geometry_status_public":"Named natural stream occurrence from statewide hydrography","geometry_source_public":"Grouped public hydrography segments","trout_source_public":"Included for Colorado statewide hydrography completeness","public_notes":"West Dry Creek is shown as statewide Colorado hydrography context outside the current cutthroat lineage assignment set."}},{"type":"Feature","geometry":{"type":"LineString","coordinates":[[-103.9513,37.8262],[-103.9495,37.8276],[-103.95,37.8289],[-103.9482,37.8289],[-103.9474,37.8304],[-103.9461,37.8305],[-103.9411,37.8338],[-103.9425,37.835],[-103.9393,37.8358],[-103.939,37.8343],[-103.9378,37.8339],[-103.9352,37.8364],[-103.9341,37.8357],[-103.933,37.836]]},"properties":{"source_id":"co_named_stream_029342","name":"West Dry Creek","display_name":"West Dry Creek","mapped_name":"West Dry Creek","source_name":"West Dry Creek","state":"CO","atlas_class":"named_natural_stream","huc8":"11020005","huc8Name":"Upper Arkansas-Lake Meredith","huc8States":"CO","lineageKey":"statewideContext","lineage":"statewideContext","historic":"statewideContext","current":"statewideContext","recovery":"statewideContext","lineageLabel":"Statewide Colorado hydrography context","lineageBasin":"","lineageNote":"","atlas_context":"statewide_hydrography_context","confidence":"Statewide hydrography context outside current cutthroat lineage model","geometryStatus":"Named natural stream segment from statewide hydrography","note":"This named natural stream is included for statewide Colorado hydrography completeness and is outside the current cutthroat lineage assignment set.","source_segment_id":"co_named_stream_029342","water_id":"co_west_dry_creek_11020005_statewideContext_001","occurrence_id":"co_west_dry_creek_11020005_statewideContext_001","occurrence_number":"001","segment_count":65,"disambiguator":"Upper Arkansas-Lake Meredith · Statewide Colorado hydrography context · occurrence 001","basin":"Upper Arkansas-Lake Meredith","atlas_layer":"named_water_occurrence","object_role":"named_water_occurrence","historic_label":"Statewide Colorado hydrography context","current_label":"Statewide Colorado hydrography context","recovery_label":"Statewide Colorado hydrography context","tier":"tier2","minZoom":12,"confidence_public":"Statewide hydrography context outside current cutthroat lineage model","geometry_status_public":"Named natural stream occurrence from statewide hydrography","geometry_source_public":"Grouped public hydrography segments","trout_source_public":"Included for Colorado statewide hydrography completeness","public_notes":"West Dry Creek is shown as statewide Colorado hydrography context outside the current cutthroat lineage assignment set."}},{"type":"Feature","geometry":{"type":"LineString","coordinates":[[-103.9856,37.7743],[-103.9855,37.7743]]},"properties":{"source_id":"co_named_stream_029396","name":"West Dry Creek","display_name":"West Dry Creek","mapped_name":"West Dry Creek","source_name":"West Dry Creek","state":"CO","atlas_class":"named_natural_stream","huc8":"11020005","huc8Name":"Upper Arkansas-Lake Meredith","huc8States":"CO","lineageKey":"statewideContext","lineage":"statewideContext","historic":"statewideContext","current":"statewideContext","recovery":"statewideContext","lineageLabel":"Statewide Colorado hydrography context","lineageBasin":"","lineageNote":"","atlas_context":"statewide_hydrography_context","confidence":"Statewide hydrography context outside current cutthroat lineage model","geometryStatus":"Named natural stream segment from statewide hydrography","note":"This named natural stream is included for statewide Colorado hydrography completeness and is outside the current cutthroat lineage assignment set.","source_segment_id":"co_named_stream_029396","water_id":"co_west_dry_creek_11020005_statewideContext_001","occurrence_id":"co_west_dry_creek_11020005_statewideContext_001","occurrence_number":"001","segment_count":65,"disambiguator":"Upper Arkansas-Lake Meredith · Statewide Colorado hydrography context · occurrence 001","basin":"Upper Arkansas-Lake Meredith","atlas_layer":"named_water_occurrence","object_role":"named_water_occurrence","historic_label":"Statewide Colorado hydrography context","current_label":"Statewide Colorado hydrography context","recovery_label":"Statewide Colorado hydrography context","tier":"tier2","minZoom":12,"confidence_public":"Statewide hydrography context outside current cutthroat lineage model","geometry_status_public":"Named natural stream occurrence from statewide hydrography","geometry_source_public":"Grouped public hydrography segments","trout_source_public":"Included for Colorado statewide hydrography completeness","public_notes":"West Dry Creek is shown as statewide Colorado hydrography context outside the current cutthroat lineage assignment set."}},{"type":"Feature","geometry":{"type":"LineString","coordinates":[[-103.9855,37.7743],[-103.9853,37.7755],[-103.9889,37.7776],[-103.9886,37.7791],[-103.9868,37.7793]]},"properties":{"source_id":"co_named_stream_029397","name":"West Dry Creek","display_name":"West Dry Creek","mapped_name":"West Dry Creek","source_name":"West Dry Creek","state":"CO","atlas_class":"named_natural_stream","huc8":"11020005","huc8Name":"Upper Arkansas-Lake Meredith","huc8States":"CO","lineageKey":"statewideContext","lineage":"statewideContext","historic":"statewideContext","current":"statewideContext","recovery":"statewideContext","lineageLabel":"Statewide Colorado hydrography context","lineageBasin":"","lineageNote":"","atlas_context":"statewide_hydrography_context","confidence":"Statewide hydrography context outside current cutthroat lineage model","geometryStatus":"Named natural stream segment from statewide hydrography","note":"This named natural stream is included for statewide Colorado hydrography completeness and is outside the current cutthroat lineage assignment set.","source_segment_id":"co_named_stream_029397","water_id":"co_west_dry_creek_11020005_statewideContext_001","occurrence_id":"co_west_dry_creek_11020005_statewideContext_001","occurrence_number":"001","segment_count":65,"disambiguator":"Upper Arkansas-Lake Meredith · Statewide Colorado hydrography context · occurrence 001","basin":"Upper Arkansas-Lake Meredith","atlas_layer":"named_water_occurrence","object_role":"named_water_occurrence","historic_label":"Statewide Colorado hydrography context","current_label":"Statewide Colorado hydrography context","recovery_label":"Statewide Colorado hydrography context","tier":"tier2","minZoom":12,"confidence_public":"Statewide hydrography context outside current cutthroat lineage model","geometry_status_public":"Named natural stream occurrence from statewide hydrography","geometry_source_public":"Grouped public hydrography segments","trout_source_public":"Included for Colorado statewide hydrography completeness","public_notes":"West Dry Creek is shown as statewide Colorado hydrography context outside the current cutthroat lineage assignment set."}},{"type":"Feature","geometry":{"type":"LineString","coordinates":[[-103.9895,37.7976],[-103.9902,37.7981],[-103.9901,37.8002],[-103.9886,37.8007],[-103.9901,37.8025],[-103.9886,37.8056],[-103.9877,37.8056]]},"properties":{"source_id":"co_named_stream_029402","name":"West Dry Creek","display_name":"West Dry Creek","mapped_name":"West Dry Creek","source_name":"West Dry Creek","state":"CO","atlas_class":"named_natural_stream","huc8":"11020005","huc8Name":"Upper Arkansas-Lake Meredith","huc8States":"CO","lineageKey":"statewideContext","lineage":"statewideContext","historic":"statewideContext","current":"statewideContext","recovery":"statewideContext","lineageLabel":"Statewide Colorado hydrography context","lineageBasin":"","lineageNote":"","atlas_context":"statewide_hydrography_context","confidence":"Statewide hydrography context outside current cutthroat lineage model","geometryStatus":"Named natural stream segment from statewide hydrography","note":"This named natural stream is included for statewide Colorado hydrography completeness and is outside the current cutthroat lineage assignment set.","source_segment_id":"co_named_stream_029402","water_id":"co_west_dry_creek_11020005_statewideContext_001","occurrence_id":"co_west_dry_creek_11020005_statewideContext_001","occurrence_number":"001","segment_count":65,"disambiguator":"Upper Arkansas-Lake Meredith · Statewide Colorado hydrography context · occurrence 001","basin":"Upper Arkansas-Lake Meredith","atlas_layer":"named_water_occurrence","object_role":"named_water_occurrence","historic_label":"Statewide Colorado hydrography context","current_label":"Statewide Colorado hydrography context","recovery_label":"Statewide Colorado hydrography context","tier":"tier2","minZoom":12,"confidence_public":"Statewide hydrography context outside current cutthroat lineage model","geometry_status_public":"Named natural stream occurrence from statewide hydrography","geometry_source_public":"Grouped public hydrography segments","trout_source_public":"Included for Colorado statewide hydrography completeness","public_notes":"West Dry Creek is shown as statewide Colorado hydrography context outside the current cutthroat lineage assignment set."}},{"type":"Feature","geometry":{"type":"LineString","coordinates":[[-103.99,37.7612],[-103.9896,37.7614]]},"properties":{"source_id":"co_named_stream_034303","name":"West Dry Creek","display_name":"West Dry Creek","mapped_name":"West Dry Creek","source_name":"West Dry Creek","state":"CO","atlas_class":"named_natural_stream","huc8":"11020005","huc8Name":"Upper Arkansas-Lake Meredith","huc8States":"CO","lineageKey":"statewideContext","lineage":"statewideContext","historic":"statewideContext","current":"statewideContext","recovery":"statewideContext","lineageLabel":"Statewide Colorado hydrography context","lineageBasin":"","lineageNote":"","atlas_context":"statewide_hydrography_context","confidence":"Statewide hydrography context outside current cutthroat lineage model","geometryStatus":"Named natural stream segment from statewide hydrography","note":"This named natural stream is included for statewide Colorado hydrography completeness and is outside the current cutthroat lineage assignment set.","source_segment_id":"co_named_stream_034303","water_id":"co_west_dry_creek_11020005_statewideContext_001","occurrence_id":"co_west_dry_creek_11020005_statewideContext_001","occurrence_number":"001","segment_count":65,"disambiguator":"Upper Arkansas-Lake Meredith · Statewide Colorado hydrography context · occurrence 001","basin":"Upper Arkansas-Lake Meredith","atlas_layer":"named_water_occurrence","object_role":"named_water_occurrence","historic_label":"Statewide Colorado hydrography context","current_label":"Statewide Colorado hydrography context","recovery_label":"Statewide Colorado hydrography context","tier":"tier2","minZoom":12,"confidence_public":"Statewide hydrography context outside current cutthroat lineage model","geometry_status_public":"Named natural stream occurrence from statewide hydrography","geometry_source_public":"Grouped public hydrography segments","trout_source_public":"Included for Colorado statewide hydrography completeness","public_notes":"West Dry Creek is shown as statewide Colorado hydrography context outside the current cutthroat lineage assignment set."}},{"type":"Feature","geometry":{"type":"LineString","coordinates":[[-103.9913,37.7705],[-103.9906,37.7708]]},"properties":{"source_id":"co_named_stream_034304","name":"West Dry Creek","display_name":"West Dry Creek","mapped_name":"West Dry Creek","source_name":"West Dry Creek","state":"CO","atlas_class":"named_natural_stream","huc8":"11020005","huc8Name":"Upper Arkansas-Lake Meredith","huc8States":"CO","lineageKey":"statewideContext","lineage":"statewideContext","historic":"statewideContext","current":"statewideContext","recovery":"statewideContext","lineageLabel":"Statewide Colorado hydrography context","lineageBasin":"","lineageNote":"","atlas_context":"statewide_hydrography_context","confidence":"Statewide hydrography context outside current cutthroat lineage model","geometryStatus":"Named natural stream segment from statewide hydrography","note":"This named natural stream is included for statewide Colorado hydrography completeness and is outside the current cutthroat lineage assignment set.","source_segment_id":"co_named_stream_034304","water_id":"co_west_dry_creek_11020005_statewideContext_001","occurrence_id":"co_west_dry_creek_11020005_statewideContext_001","occurrence_number":"001","segment_count":65,"disambiguator":"Upper Arkansas-Lake Meredith · Statewide Colorado hydrography context · occurrence 001","basin":"Upper Arkansas-Lake Meredith","atlas_layer":"named_water_occurrence","object_role":"named_water_occurrence","historic_label":"Statewide Colorado hydrography context","current_label":"Statewide Colorado hydrography context","recovery_label":"Statewide Colorado hydrography context","tier":"tier2","minZoom":12,"confidence_public":"Statewide hydrography context outside current cutthroat lineage model","geometry_status_public":"Named natural stream occurrence from statewide hydrography","geometry_source_public":"Grouped public hydrography segments","trout_source_public":"Included for Colorado statewide hydrography completeness","public_notes":"West Dry Creek is shown as statewide Colorado hydrography context outside the current cutthroat lineage assignment set."}},{"type":"Feature","geometry":{"type":"LineString","coordinates":[[-103.9873,37.796],[-103.9895,37.7976]]},"properties":{"source_id":"co_named_stream_034391","name":"West Dry Creek","display_name":"West Dry Creek","mapped_name":"West Dry Creek","source_name":"West Dry Creek","state":"CO","atlas_class":"named_natural_stream","huc8":"11020005","huc8Name":"Upper Arkansas-Lake Meredith","huc8States":"CO","lineageKey":"statewideContext","lineage":"statewideContext","historic":"statewideContext","current":"statewideContext","recovery":"statewideContext","lineageLabel":"Statewide Colorado hydrography context","lineageBasin":"","lineageNote":"","atlas_context":"statewide_hydrography_context","confidence":"Statewide hydrography context outside current cutthroat lineage model","geometryStatus":"Named natural stream segment from statewide hydrography","note":"This named natural stream is included for statewide Colorado hydrography completeness and is outside the current cutthroat lineage assignment set.","source_segment_id":"co_named_stream_034391","water_id":"co_west_dry_creek_11020005_statewideContext_001","occurrence_id":"co_west_dry_creek_11020005_statewideContext_001","occurrence_number":"001","segment_count":65,"disambiguator":"Upper Arkansas-Lake Meredith · Statewide Colorado hydrography context · occurrence 001","basin":"Upper Arkansas-Lake Meredith","atlas_layer":"named_water_occurrence","object_role":"named_water_occurrence","historic_label":"Statewide Colorado hydrography context","current_label":"Statewide Colorado hydrography context","recovery_label":"Statewide Colorado hydrography context","tier":"tier2","minZoom":12,"confidence_public":"Statewide hydrography context outside current cutthroat lineage model","geometry_status_public":"Named natural stream occurrence from statewide hydrography","geometry_source_public":"Grouped public hydrography segments","trout_source_public":"Included for Colorado statewide hydrography completeness","public_notes":"West Dry Creek is shown as statewide Colorado hydrography context outside the current cutthroat lineage assignment set."}},{"type":"Feature","geometry":{"type":"LineString","coordinates":[[-103.9874,37.7922],[-103.9873,37.796]]},"properties":{"source_id":"co_named_stream_034392","name":"West Dry Creek","display_name":"West Dry Creek","mapped_name":"West Dry Creek","source_name":"West Dry Creek","state":"CO","atlas_class":"named_natural_stream","huc8":"11020005","huc8Name":"Upper Arkansas-Lake Meredith","huc8States":"CO","lineageKey":"statewideContext","lineage":"statewideContext","historic":"statewideContext","current":"statewideContext","recovery":"statewideContext","lineageLabel":"Statewide Colorado hydrography context","lineageBasin":"","lineageNote":"","atlas_context":"statewide_hydrography_context","confidence":"Statewide hydrography context outside current cutthroat lineage model","geometryStatus":"Named natural stream segment from statewide hydrography","note":"This named natural stream is included for statewide Colorado hydrography completeness and is outside the current cutthroat lineage assignment set.","source_segment_id":"co_named_stream_034392","water_id":"co_west_dry_creek_11020005_statewideContext_001","occurrence_id":"co_west_dry_creek_11020005_statewideContext_001","occurrence_number":"001","segment_count":65,"disambiguator":"Upper Arkansas-Lake Meredith · Statewide Colorado hydrography context · occurrence 001","basin":"Upper Arkansas-Lake Meredith","atlas_layer":"named_water_occurrence","object_role":"named_water_occurrence","historic_label":"Statewide Colorado hydrography context","current_label":"Statewide Colorado hydrography context","recovery_label":"Statewide Colorado hydrography context","tier":"tier2","minZoom":12,"confidence_public":"Statewide hydrography context outside current cutthroat lineage model","geometry_status_public":"Named natural stream occurrence from statewide hydrography","geometry_source_public":"Grouped public hydrography segments","trout_source_public":"Included for Colorado statewide hydrography completeness","public_notes":"West Dry Creek is shown as statewide Colorado hydrography context outside the current cutthroat lineage assignment set."}},{"type":"Feature","geometry":{"type":"LineString","coordinates":[[-103.9818,37.815],[-103.9827,37.8177],[-103.9793,37.8205],[-103.9793,37.8225]]},"properties":{"source_id":"co_named_stream_034892","name":"West Dry Creek","display_name":"West Dry Creek","mapped_name":"West Dry Creek","source_name":"West Dry Creek","state":"CO","atlas_class":"named_natural_stream","huc8":"11020005","huc8Name":"Upper Arkansas-Lake Meredith","huc8States":"CO","lineageKey":"statewideContext","lineage":"statewideContext","historic":"statewideContext","current":"statewideContext","recovery":"statewideContext","lineageLabel":"Statewide Colorado hydrography context","lineageBasin":"","lineageNote":"","atlas_context":"statewide_hydrography_context","confidence":"Statewide hydrography context outside current cutthroat lineage model","geometryStatus":"Named natural stream segment from statewide hydrography","note":"This named natural stream is included for statewide Colorado hydrography completeness and is outside the current cutthroat lineage assignment set.","source_segment_id":"co_named_stream_034892","water_id":"co_west_dry_creek_11020005_statewideContext_001","occurrence_id":"co_west_dry_creek_11020005_statewideContext_001","occurrence_number":"001","segment_count":65,"disambiguator":"Upper Arkansas-Lake Meredith · Statewide Colorado hydrography context · occurrence 001","basin":"Upper Arkansas-Lake Meredith","atlas_layer":"named_water_occurrence","object_role":"named_water_occurrence","historic_label":"Statewide Colorado hydrography context","current_label":"Statewide Colorado hydrography context","recovery_label":"Statewide Colorado hydrography context","tier":"tier2","minZoom":12,"confidence_public":"Statewide hydrography context outside current cutthroat lineage model","geometry_status_public":"Named natural stream occurrence from statewide hydrography","geometry_source_public":"Grouped public hydrography segments","trout_source_public":"Included for Colorado statewide hydrography completeness","public_notes":"West Dry Creek is shown as statewide Colorado hydrography context outside the current cutthroat lineage assignment set."}},{"type":"Feature","geometry":{"type":"LineString","coordinates":[[-103.9877,37.8056],[-103.9866,37.8061],[-103.9877,37.8068],[-103.9877,37.8078]]},"properties":{"source_id":"co_named_stream_035159","name":"West Dry Creek","display_name":"West Dry Creek","mapped_name":"West Dry Creek","source_name":"West Dry Creek","state":"CO","atlas_class":"named_natural_stream","huc8":"11020005","huc8Name":"Upper Arkansas-Lake Meredith","huc8States":"CO","lineageKey":"statewideContext","lineage":"statewideContext","historic":"statewideContext","current":"statewideContext","recovery":"statewideContext","lineageLabel":"Statewide Colorado hydrography context","lineageBasin":"","lineageNote":"","atlas_context":"statewide_hydrography_context","confidence":"Statewide hydrography context outside current cutthroat lineage model","geometryStatus":"Named natural stream segment from statewide hydrography","note":"This named natural stream is included for statewide Colorado hydrography completeness and is outside the current cutthroat lineage assignment set.","source_segment_id":"co_named_stream_035159","water_id":"co_west_dry_creek_11020005_statewideContext_001","occurrence_id":"co_west_dry_creek_11020005_statewideContext_001","occurrence_number":"001","segment_count":65,"disambiguator":"Upper Arkansas-Lake Meredith · Statewide Colorado hydrography context · occurrence 001","basin":"Upper Arkansas-Lake Meredith","atlas_layer":"named_water_occurrence","object_role":"named_water_occurrence","historic_label":"Statewide Colorado hydrography context","current_label":"Statewide Colorado hydrography context","recovery_label":"Statewide Colorado hydrography context","tier":"tier2","minZoom":12,"confidence_public":"Statewide hydrography context outside current cutthroat lineage model","geometry_status_public":"Named natural stream occurrence from statewide hydrography","geometry_source_public":"Grouped public hydrography segments","trout_source_public":"Included for Colorado statewide hydrography completeness","public_notes":"West Dry Creek is shown as statewide Colorado hydrography context outside the current cutthroat lineage assignment set."}},{"type":"Feature","geometry":{"type":"LineString","coordinates":[[-103.9838,37.8115],[-103.9833,37.8133],[-103.9842,37.8142],[-103.9818,37.815]]},"properties":{"source_id":"co_named_stream_035160","name":"West Dry Creek","display_name":"West Dry Creek","mapped_name":"West Dry Creek","source_name":"West Dry Creek","state":"CO","atlas_class":"named_natural_stream","huc8":"11020005","huc8Name":"Upper Arkansas-Lake Meredith","huc8States":"CO","lineageKey":"statewideContext","lineage":"statewideContext","historic":"statewideContext","current":"statewideContext","recovery":"statewideContext","lineageLabel":"Statewide Colorado hydrography context","lineageBasin":"","lineageNote":"","atlas_context":"statewide_hydrography_context","confidence":"Statewide hydrography context outside current cutthroat lineage model","geometryStatus":"Named natural stream segment from statewide hydrography","note":"This named natural stream is included for statewide Colorado hydrography completeness and is outside the current cutthroat lineage assignment set.","source_segment_id":"co_named_stream_035160","water_id":"co_west_dry_creek_11020005_statewideContext_001","occurrence_id":"co_west_dry_creek_11020005_statewideContext_001","occurrence_number":"001","segment_count":65,"disambiguator":"Upper Arkansas-Lake Meredith · Statewide Colorado hydrography context · occurrence 001","basin":"Upper Arkansas-Lake Meredith","atlas_layer":"named_water_occurrence","object_role":"named_water_occurrence","historic_label":"Statewide Colorado hydrography context","current_label":"Statewide Colorado hydrography context","recovery_label":"Statewide Colorado hydrography context","tier":"tier2","minZoom":12,"confidence_public":"Statewide hydrography context outside current cutthroat lineage model","geometry_status_public":"Named natural stream occurrence from statewide hydrography","geometry_source_public":"Grouped public hydrography segments","trout_source_public":"Included for Colorado statewide hydrography completeness","public_notes":"West Dry Creek is shown as statewide Colorado hydrography context outside the current cutthroat lineage assignment set."}},{"type":"Feature","geometry":{"type":"LineString","coordinates":[[-103.9906,37.7708],[-103.989,37.7718],[-103.9876,37.7711],[-103.9871,37.7724],[-103.9878,37.774],[-103.9856,37.7743]]},"properties":{"source_id":"co_named_stream_035828","name":"West Dry Creek","display_name":"West Dry Creek","mapped_name":"West Dry Creek","source_name":"West Dry Creek","state":"CO","atlas_class":"named_natural_stream","huc8":"11020005","huc8Name":"Upper Arkansas-Lake Meredith","huc8States":"CO","lineageKey":"statewideContext","lineage":"statewideContext","historic":"statewideContext","current":"statewideContext","recovery":"statewideContext","lineageLabel":"Statewide Colorado hydrography context","lineageBasin":"","lineageNote":"","atlas_context":"statewide_hydrography_context","confidence":"Statewide hydrography context outside current cutthroat lineage model","geometryStatus":"Named natural stream segment from statewide hydrography","note":"This named natural stream is included for statewide Colorado hydrography completeness and is outside the current cutthroat lineage assignment set.","source_segment_id":"co_named_stream_035828","water_id":"co_west_dry_creek_11020005_statewideContext_001","occurrence_id":"co_west_dry_creek_11020005_statewideContext_001","occurrence_number":"001","segment_count":65,"disambiguator":"Upper Arkansas-Lake Meredith · Statewide Colorado hydrography context · occurrence 001","basin":"Upper Arkansas-Lake Meredith","atlas_layer":"named_water_occurrence","object_role":"named_water_occurrence","historic_label":"Statewide Colorado hydrography context","current_label":"Statewide Colorado hydrography context","recovery_label":"Statewide Colorado hydrography context","tier":"tier2","minZoom":12,"confidence_public":"Statewide hydrography context outside current cutthroat lineage model","geometry_status_public":"Named natural stream occurrence from statewide hydrography","geometry_source_public":"Grouped public hydrography segments","trout_source_public":"Included for Colorado statewide hydrography completeness","public_notes":"West Dry Creek is shown as statewide Colorado hydrography context outside the current cutthroat lineage assignment set."}},{"type":"Feature","geometry":{"type":"LineString","coordinates":[[-103.9918,37.7584],[-103.992,37.7591]]},"properties":{"source_id":"co_named_stream_035993","name":"West Dry Creek","display_name":"West Dry Creek","mapped_name":"West Dry Creek","source_name":"West Dry Creek","state":"CO","atlas_class":"named_natural_stream","huc8":"11020005","huc8Name":"Upper Arkansas-Lake Meredith","huc8States":"CO","lineageKey":"statewideContext","lineage":"statewideContext","historic":"statewideContext","current":"statewideContext","recovery":"statewideContext","lineageLabel":"Statewide Colorado hydrography context","lineageBasin":"","lineageNote":"","atlas_context":"statewide_hydrography_context","confidence":"Statewide hydrography context outside current cutthroat lineage model","geometryStatus":"Named natural stream segment from statewide hydrography","note":"This named natural stream is included for statewide Colorado hydrography completeness and is outside the current cutthroat lineage assignment set.","source_segment_id":"co_named_stream_035993","water_id":"co_west_dry_creek_11020005_statewideContext_001","occurrence_id":"co_west_dry_creek_11020005_statewideContext_001","occurrence_number":"001","segment_count":65,"disambiguator":"Upper Arkansas-Lake Meredith · Statewide Colorado hydrography context · occurrence 001","basin":"Upper Arkansas-Lake Meredith","atlas_layer":"named_water_occurrence","object_role":"named_water_occurrence","historic_label":"Statewide Colorado hydrography context","current_label":"Statewide Colorado hydrography context","recovery_label":"Statewide Colorado hydrography context","tier":"tier2","minZoom":12,"confidence_public":"Statewide hydrography context outside current cutthroat lineage model","geometry_status_public":"Named natural stream occurrence from statewide hydrography","geometry_source_public":"Grouped public hydrography segments","trout_source_public":"Included for Colorado statewide hydrography completeness","public_notes":"West Dry Creek is shown as statewide Colorado hydrography context outside the current cutthroat lineage assignment set."}},{"type":"Feature","geometry":{"type":"LineString","coordinates":[[-103.9912,37.7562],[-103.9908,37.7568],[-103.9918,37.7584]]},"properties":{"source_id":"co_named_stream_035994","name":"West Dry Creek","display_name":"West Dry Creek","mapped_name":"West Dry Creek","source_name":"West Dry Creek","state":"CO","atlas_class":"named_natural_stream","huc8":"11020005","huc8Name":"Upper Arkansas-Lake Meredith","huc8States":"CO","lineageKey":"statewideContext","lineage":"statewideContext","historic":"statewideContext","current":"statewideContext","recovery":"statewideContext","lineageLabel":"Statewide Colorado hydrography context","lineageBasin":"","lineageNote":"","atlas_context":"statewide_hydrography_context","confidence":"Statewide hydrography context outside current cutthroat lineage model","geometryStatus":"Named natural stream segment from statewide hydrography","note":"This named natural stream is included for statewide Colorado hydrography completeness and is outside the current cutthroat lineage assignment set.","source_segment_id":"co_named_stream_035994","water_id":"co_west_dry_creek_11020005_statewideContext_001","occurrence_id":"co_west_dry_creek_11020005_statewideContext_001","occurrence_number":"001","segment_count":65,"disambiguator":"Upper Arkansas-Lake Meredith · Statewide Colorado hydrography context · occurrence 001","basin":"Upper Arkansas-Lake Meredith","atlas_layer":"named_water_occurrence","object_role":"named_water_occurrence","historic_label":"Statewide Colorado hydrography context","current_label":"Statewide Colorado hydrography context","recovery_label":"Statewide Colorado hydrography context","tier":"tier2","minZoom":12,"confidence_public":"Statewide hydrography context outside current cutthroat lineage model","geometry_status_public":"Named natural stream occurrence from statewide hydrography","geometry_source_public":"Grouped public hydrography segments","trout_source_public":"Included for Colorado statewide hydrography completeness","public_notes":"West Dry Creek is shown as statewide Colorado hydrography context outside the current cutthroat lineage assignment set."}},{"type":"Feature","geometry":{"type":"LineString","coordinates":[[-103.9902,37.7539],[-103.9899,37.7544]]},"properties":{"source_id":"co_named_stream_035995","name":"West Dry Creek","display_name":"West Dry Creek","mapped_name":"West Dry Creek","source_name":"West Dry Creek","state":"CO","atlas_class":"named_natural_stream","huc8":"11020005","huc8Name":"Upper Arkansas-Lake Meredith","huc8States":"CO","lineageKey":"statewideContext","lineage":"statewideContext","historic":"statewideContext","current":"statewideContext","recovery":"statewideContext","lineageLabel":"Statewide Colorado hydrography context","lineageBasin":"","lineageNote":"","atlas_context":"statewide_hydrography_context","confidence":"Statewide hydrography context outside current cutthroat lineage model","geometryStatus":"Named natural stream segment from statewide hydrography","note":"This named natural stream is included for statewide Colorado hydrography completeness and is outside the current cutthroat lineage assignment set.","source_segment_id":"co_named_stream_035995","water_id":"co_west_dry_creek_11020005_statewideContext_001","occurrence_id":"co_west_dry_creek_11020005_statewideContext_001","occurrence_number":"001","segment_count":65,"disambiguator":"Upper Arkansas-Lake Meredith · Statewide Colorado hydrography context · occurrence 001","basin":"Upper Arkansas-Lake Meredith","atlas_layer":"named_water_occurrence","object_role":"named_water_occurrence","historic_label":"Statewide Colorado hydrography context","current_label":"Statewide Colorado hydrography context","recovery_label":"Statewide Colorado hydrography context","tier":"tier2","minZoom":12,"confidence_public":"Statewide hydrography context outside current cutthroat lineage model","geometry_status_public":"Named natural stream occurrence from statewide hydrography","geometry_source_public":"Grouped public hydrography segments","trout_source_public":"Included for Colorado statewide hydrography completeness","public_notes":"West Dry Creek is shown as statewide Colorado hydrography context outside the current cutthroat lineage assignment set."}},{"type":"Feature","geometry":{"type":"LineString","coordinates":[[-103.9973,37.7487],[-103.9946,37.7507]]},"properties":{"source_id":"co_named_stream_039162","name":"West Dry Creek","display_name":"West Dry Creek","mapped_name":"West Dry Creek","source_name":"West Dry Creek","state":"CO","atlas_class":"named_natural_stream","huc8":"11020005","huc8Name":"Upper Arkansas-Lake Meredith","huc8States":"CO","lineageKey":"statewideContext","lineage":"statewideContext","historic":"statewideContext","current":"statewideContext","recovery":"statewideContext","lineageLabel":"Statewide Colorado hydrography context","lineageBasin":"","lineageNote":"","atlas_context":"statewide_hydrography_context","confidence":"Statewide hydrography context outside current cutthroat lineage model","geometryStatus":"Named natural stream segment from statewide hydrography","note":"This named natural stream is included for statewide Colorado hydrography completeness and is outside the current cutthroat lineage assignment set.","source_segment_id":"co_named_stream_039162","water_id":"co_west_dry_creek_11020005_statewideContext_001","occurrence_id":"co_west_dry_creek_11020005_statewideContext_001","occurrence_number":"001","segment_count":65,"disambiguator":"Upper Arkansas-Lake Meredith · Statewide Colorado hydrography context · occurrence 001","basin":"Upper Arkansas-Lake Meredith","atlas_layer":"named_water_occurrence","object_role":"named_water_occurrence","historic_label":"Statewide Colorado hydrography context","current_label":"Statewide Colorado hydrography context","recovery_label":"Statewide Colorado hydrography context","tier":"tier2","minZoom":12,"confidence_public":"Statewide hydrography context outside current cutthroat lineage model","geometry_status_public":"Named natural stream occurrence from statewide hydrography","geometry_source_public":"Grouped public hydrography segments","trout_source_public":"Included for Colorado statewide hydrography completeness","public_notes":"West Dry Creek is shown as statewide Colorado hydrography context outside the current cutthroat lineage assignment set."}},{"type":"Feature","geometry":{"type":"LineString","coordinates":[[-103.9924,37.7595],[-103.9918,37.7604]]},"properties":{"source_id":"co_named_stream_039163","name":"West Dry Creek","display_name":"West Dry Creek","mapped_name":"West Dry Creek","source_name":"West Dry Creek","state":"CO","atlas_class":"named_natural_stream","huc8":"11020005","huc8Name":"Upper Arkansas-Lake Meredith","huc8States":"CO","lineageKey":"statewideContext","lineage":"statewideContext","historic":"statewideContext","current":"statewideContext","recovery":"statewideContext","lineageLabel":"Statewide Colorado hydrography context","lineageBasin":"","lineageNote":"","atlas_context":"statewide_hydrography_context","confidence":"Statewide hydrography context outside current cutthroat lineage model","geometryStatus":"Named natural stream segment from statewide hydrography","note":"This named natural stream is included for statewide Colorado hydrography completeness and is outside the current cutthroat lineage assignment set.","source_segment_id":"co_named_stream_039163","water_id":"co_west_dry_creek_11020005_statewideContext_001","occurrence_id":"co_west_dry_creek_11020005_statewideContext_001","occurrence_number":"001","segment_count":65,"disambiguator":"Upper Arkansas-Lake Meredith · Statewide Colorado hydrography context · occurrence 001","basin":"Upper Arkansas-Lake Meredith","atlas_layer":"named_water_occurrence","object_role":"named_water_occurrence","historic_label":"Statewide Colorado hydrography context","current_label":"Statewide Colorado hydrography context","recovery_label":"Statewide Colorado hydrography context","tier":"tier2","minZoom":12,"confidence_public":"Statewide hydrography context outside current cutthroat lineage model","geometry_status_public":"Named natural stream occurrence from statewide hydrography","geometry_source_public":"Grouped public hydrography segments","trout_source_public":"Included for Colorado statewide hydrography completeness","public_notes":"West Dry Creek is shown as statewide Colorado hydrography context outside the current cutthroat lineage assignment set."}},{"type":"Feature","geometry":{"type":"LineString","coordinates":[[-103.9946,37.7507],[-103.992,37.752]]},"properties":{"source_id":"co_named_stream_039387","name":"West Dry Creek","display_name":"West Dry Creek","mapped_name":"West Dry Creek","source_name":"West Dry Creek","state":"CO","atlas_class":"named_natural_stream","huc8":"11020005","huc8Name":"Upper Arkansas-Lake Meredith","huc8States":"CO","lineageKey":"statewideContext","lineage":"statewideContext","historic":"statewideContext","current":"statewideContext","recovery":"statewideContext","lineageLabel":"Statewide Colorado hydrography context","lineageBasin":"","lineageNote":"","atlas_context":"statewide_hydrography_context","confidence":"Statewide hydrography context outside current cutthroat lineage model","geometryStatus":"Named natural stream segment from statewide hydrography","note":"This named natural stream is included for statewide Colorado hydrography completeness and is outside the current cutthroat lineage assignment set.","source_segment_id":"co_named_stream_039387","water_id":"co_west_dry_creek_11020005_statewideContext_001","occurrence_id":"co_west_dry_creek_11020005_statewideContext_001","occurrence_number":"001","segment_count":65,"disambiguator":"Upper Arkansas-Lake Meredith · Statewide Colorado hydrography context · occurrence 001","basin":"Upper Arkansas-Lake Meredith","atlas_layer":"named_water_occurrence","object_role":"named_water_occurrence","historic_label":"Statewide Colorado hydrography context","current_label":"Statewide Colorado hydrography context","recovery_label":"Statewide Colorado hydrography context","tier":"tier2","minZoom":12,"confidence_public":"Statewide hydrography context outside current cutthroat lineage model","geometry_status_public":"Named natural stream occurrence from statewide hydrography","geometry_source_public":"Grouped public hydrography segments","trout_source_public":"Included for Colorado statewide hydrography completeness","public_notes":"West Dry Creek is shown as statewide Colorado hydrography context outside the current cutthroat lineage assignment set."}},{"type":"Feature","geometry":{"type":"LineString","coordinates":[[-103.9899,37.7544],[-103.9897,37.7547]]},"properties":{"source_id":"co_named_stream_039656","name":"West Dry Creek","display_name":"West Dry Creek","mapped_name":"West Dry Creek","source_name":"West Dry Creek","state":"CO","atlas_class":"named_natural_stream","huc8":"11020005","huc8Name":"Upper Arkansas-Lake Meredith","huc8States":"CO","lineageKey":"statewideContext","lineage":"statewideContext","historic":"statewideContext","current":"statewideContext","recovery":"statewideContext","lineageLabel":"Statewide Colorado hydrography context","lineageBasin":"","lineageNote":"","atlas_context":"statewide_hydrography_context","confidence":"Statewide hydrography context outside current cutthroat lineage model","geometryStatus":"Named natural stream segment from statewide hydrography","note":"This named natural stream is included for statewide Colorado hydrography completeness and is outside the current cutthroat lineage assignment set.","source_segment_id":"co_named_stream_039656","water_id":"co_west_dry_creek_11020005_statewideContext_001","occurrence_id":"co_west_dry_creek_11020005_statewideContext_001","occurrence_number":"001","segment_count":65,"disambiguator":"Upper Arkansas-Lake Meredith · Statewide Colorado hydrography context · occurrence 001","basin":"Upper Arkansas-Lake Meredith","atlas_layer":"named_water_occurrence","object_role":"named_water_occurrence","historic_label":"Statewide Colorado hydrography context","current_label":"Statewide Colorado hydrography context","recovery_label":"Statewide Colorado hydrography context","tier":"tier2","minZoom":12,"confidence_public":"Statewide hydrography context outside current cutthroat lineage model","geometry_status_public":"Named natural stream occurrence from statewide hydrography","geometry_source_public":"Grouped public hydrography segments","trout_source_public":"Included for Colorado statewide hydrography completeness","public_notes":"West Dry Creek is shown as statewide Colorado hydrography context outside the current cutthroat lineage assignment set."}},{"type":"Feature","geometry":{"type":"LineString","coordinates":[[-103.9896,37.7614],[-103.9891,37.7634]]},"properties":{"source_id":"co_named_stream_039657","name":"West Dry Creek","display_name":"West Dry Creek","mapped_name":"West Dry Creek","source_name":"West Dry Creek","state":"CO","atlas_class":"named_natural_stream","huc8":"11020005","huc8Name":"Upper Arkansas-Lake Meredith","huc8States":"CO","lineageKey":"statewideContext","lineage":"statewideContext","historic":"statewideContext","current":"statewideContext","recovery":"statewideContext","lineageLabel":"Statewide Colorado hydrography context","lineageBasin":"","lineageNote":"","atlas_context":"statewide_hydrography_context","confidence":"Statewide hydrography context outside current cutthroat lineage model","geometryStatus":"Named natural stream segment from statewide hydrography","note":"This named natural stream is included for statewide Colorado hydrography completeness and is outside the current cutthroat lineage assignment set.","source_segment_id":"co_named_stream_039657","water_id":"co_west_dry_creek_11020005_statewideContext_001","occurrence_id":"co_west_dry_creek_11020005_statewideContext_001","occurrence_number":"001","segment_count":65,"disambiguator":"Upper Arkansas-Lake Meredith · Statewide Colorado hydrography context · occurrence 001","basin":"Upper Arkansas-Lake Meredith","atlas_layer":"named_water_occurrence","object_role":"named_water_occurrence","historic_label":"Statewide Colorado hydrography context","current_label":"Statewide Colorado hydrography context","recovery_label":"Statewide Colorado hydrography context","tier":"tier2","minZoom":12,"confidence_public":"Statewide hydrography context outside current cutthroat lineage model","geometry_status_public":"Named natural stream occurrence from statewide hydrography","geometry_source_public":"Grouped public hydrography segments","trout_source_public":"Included for Colorado statewide hydrography completeness","public_notes":"West Dry Creek is shown as statewide Colorado hydrography context outside the current cutthroat lineage assignment set."}},{"type":"Feature","geometry":{"type":"LineString","coordinates":[[-103.9891,37.7634],[-103.9885,37.7656]]},"properties":{"source_id":"co_named_stream_039658","name":"West Dry Creek","display_name":"West Dry Creek","mapped_name":"West Dry Creek","source_name":"West Dry Creek","state":"CO","atlas_class":"named_natural_stream","huc8":"11020005","huc8Name":"Upper Arkansas-Lake Meredith","huc8States":"CO","lineageKey":"statewideContext","lineage":"statewideContext","historic":"statewideContext","current":"statewideContext","recovery":"statewideContext","lineageLabel":"Statewide Colorado hydrography context","lineageBasin":"","lineageNote":"","atlas_context":"statewide_hydrography_context","confidence":"Statewide hydrography context outside current cutthroat lineage model","geometryStatus":"Named natural stream segment from statewide hydrography","note":"This named natural stream is included for statewide Colorado hydrography completeness and is outside the current cutthroat lineage assignment set.","source_segment_id":"co_named_stream_039658","water_id":"co_west_dry_creek_11020005_statewideContext_001","occurrence_id":"co_west_dry_creek_11020005_statewideContext_001","occurrence_number":"001","segment_count":65,"disambiguator":"Upper Arkansas-Lake Meredith · Statewide Colorado hydrography context · occurrence 001","basin":"Upper Arkansas-Lake Meredith","atlas_layer":"named_water_occurrence","object_role":"named_water_occurrence","historic_label":"Statewide Colorado hydrography context","current_label":"Statewide Colorado hydrography context","recovery_label":"Statewide Colorado hydrography context","tier":"tier2","minZoom":12,"confidence_public":"Statewide hydrography context outside current cutthroat lineage model","geometry_status_public":"Named natural stream occurrence from statewide hydrography","geometry_source_public":"Grouped public hydrography segments","trout_source_public":"Included for Colorado statewide hydrography completeness","public_notes":"West Dry Creek is shown as statewide Colorado hydrography context outside the current cutthroat lineage assignment set."}},{"type":"Feature","geometry":{"type":"LineString","coordinates":[[-103.9871,37.7882],[-103.9887,37.7893],[-103.9874,37.7922]]},"properties":{"source_id":"co_named_stream_039662","name":"West Dry Creek","display_name":"West Dry Creek","mapped_name":"West Dry Creek","source_name":"West Dry Creek","state":"CO","atlas_class":"named_natural_stream","huc8":"11020005","huc8Name":"Upper Arkansas-Lake Meredith","huc8States":"CO","lineageKey":"statewideContext","lineage":"statewideContext","historic":"statewideContext","current":"statewideContext","recovery":"statewideContext","lineageLabel":"Statewide Colorado hydrography context","lineageBasin":"","lineageNote":"","atlas_context":"statewide_hydrography_context","confidence":"Statewide hydrography context outside current cutthroat lineage model","geometryStatus":"Named natural stream segment from statewide hydrography","note":"This named natural stream is included for statewide Colorado hydrography completeness and is outside the current cutthroat lineage assignment set.","source_segment_id":"co_named_stream_039662","water_id":"co_west_dry_creek_11020005_statewideContext_001","occurrence_id":"co_west_dry_creek_11020005_statewideContext_001","occurrence_number":"001","segment_count":65,"disambiguator":"Upper Arkansas-Lake Meredith · Statewide Colorado hydrography context · occurrence 001","basin":"Upper Arkansas-Lake Meredith","atlas_layer":"named_water_occurrence","object_role":"named_water_occurrence","historic_label":"Statewide Colorado hydrography context","current_label":"Statewide Colorado hydrography context","recovery_label":"Statewide Colorado hydrography context","tier":"tier2","minZoom":12,"confidence_public":"Statewide hydrography context outside current cutthroat lineage model","geometry_status_public":"Named natural stream occurrence from statewide hydrography","geometry_source_public":"Grouped public hydrography segments","trout_source_public":"Included for Colorado statewide hydrography completeness","public_notes":"West Dry Creek is shown as statewide Colorado hydrography context outside the current cutthroat lineage assignment set."}},{"type":"Feature","geometry":{"type":"LineString","coordinates":[[-103.992,37.752],[-103.9917,37.7527]]},"properties":{"source_id":"co_named_stream_042532","name":"West Dry Creek","display_name":"West Dry Creek","mapped_name":"West Dry Creek","source_name":"West Dry Creek","state":"CO","atlas_class":"named_natural_stream","huc8":"11020005","huc8Name":"Upper Arkansas-Lake Meredith","huc8States":"CO","lineageKey":"statewideContext","lineage":"statewideContext","historic":"statewideContext","current":"statewideContext","recovery":"statewideContext","lineageLabel":"Statewide Colorado hydrography context","lineageBasin":"","lineageNote":"","atlas_context":"statewide_hydrography_context","confidence":"Statewide hydrography context outside current cutthroat lineage model","geometryStatus":"Named natural stream segment from statewide hydrography","note":"This named natural stream is included for statewide Colorado hydrography completeness and is outside the current cutthroat lineage assignment set.","source_segment_id":"co_named_stream_042532","water_id":"co_west_dry_creek_11020005_statewideContext_001","occurrence_id":"co_west_dry_creek_11020005_statewideContext_001","occurrence_number":"001","segment_count":65,"disambiguator":"Upper Arkansas-Lake Meredith · Statewide Colorado hydrography context · occurrence 001","basin":"Upper Arkansas-Lake Meredith","atlas_layer":"named_water_occurrence","object_role":"named_water_occurrence","historic_label":"Statewide Colorado hydrography context","current_label":"Statewide Colorado hydrography context","recovery_label":"Statewide Colorado hydrography context","tier":"tier2","minZoom":12,"confidence_public":"Statewide hydrography context outside current cutthroat lineage model","geometry_status_public":"Named natural stream occurrence from statewide hydrography","geometry_source_public":"Grouped public hydrography segments","trout_source_public":"Included for Colorado statewide hydrography completeness","public_notes":"West Dry Creek is shown as statewide Colorado hydrography context outside the current cutthroat lineage assignment set."}},{"type":"Feature","geometry":{"type":"LineString","coordinates":[[-103.9917,37.7527],[-103.9917,37.7528]]},"properties":{"source_id":"co_named_stream_042533","name":"West Dry Creek","display_name":"West Dry Creek","mapped_name":"West Dry Creek","source_name":"West Dry Creek","state":"CO","atlas_class":"named_natural_stream","huc8":"11020005","huc8Name":"Upper Arkansas-Lake Meredith","huc8States":"CO","lineageKey":"statewideContext","lineage":"statewideContext","historic":"statewideContext","current":"statewideContext","recovery":"statewideContext","lineageLabel":"Statewide Colorado hydrography context","lineageBasin":"","lineageNote":"","atlas_context":"statewide_hydrography_context","confidence":"Statewide hydrography context outside current cutthroat lineage model","geometryStatus":"Named natural stream segment from statewide hydrography","note":"This named natural stream is included for statewide Colorado hydrography completeness and is outside the current cutthroat lineage assignment set.","source_segment_id":"co_named_stream_042533","water_id":"co_west_dry_creek_11020005_statewideContext_001","occurrence_id":"co_west_dry_creek_11020005_statewideContext_001","occurrence_number":"001","segment_count":65,"disambiguator":"Upper Arkansas-Lake Meredith · Statewide Colorado hydrography context · occurrence 001","basin":"Upper Arkansas-Lake Meredith","atlas_layer":"named_water_occurrence","object_role":"named_water_occurrence","historic_label":"Statewide Colorado hydrography context","current_label":"Statewide Colorado hydrography context","recovery_label":"Statewide Colorado hydrography context","tier":"tier2","minZoom":12,"confidence_public":"Statewide hydrography context outside current cutthroat lineage model","geometry_status_public":"Named natural stream occurrence from statewide hydrography","geometry_source_public":"Grouped public hydrography segments","trout_source_public":"Included for Colorado statewide hydrography completeness","public_notes":"West Dry Creek is shown as statewide Colorado hydrography context outside the current cutthroat lineage assignment set."}},{"type":"Feature","geometry":{"type":"LineString","coordinates":[[-103.9918,37.7604],[-103.9901,37.7611]]},"properties":{"source_id":"co_named_stream_042806","name":"West Dry Creek","display_name":"West Dry Creek","mapped_name":"West Dry Creek","source_name":"West Dry Creek","state":"CO","atlas_class":"named_natural_stream","huc8":"11020005","huc8Name":"Upper Arkansas-Lake Meredith","huc8States":"CO","lineageKey":"statewideContext","lineage":"statewideContext","historic":"statewideContext","current":"statewideContext","recovery":"statewideContext","lineageLabel":"Statewide Colorado hydrography context","lineageBasin":"","lineageNote":"","atlas_context":"statewide_hydrography_context","confidence":"Statewide hydrography context outside current cutthroat lineage model","geometryStatus":"Named natural stream segment from statewide hydrography","note":"This named natural stream is included for statewide Colorado hydrography completeness and is outside the current cutthroat lineage assignment set.","source_segment_id":"co_named_stream_042806","water_id":"co_west_dry_creek_11020005_statewideContext_001","occurrence_id":"co_west_dry_creek_11020005_statewideContext_001","occurrence_number":"001","segment_count":65,"disambiguator":"Upper Arkansas-Lake Meredith · Statewide Colorado hydrography context · occurrence 001","basin":"Upper Arkansas-Lake Meredith","atlas_layer":"named_water_occurrence","object_role":"named_water_occurrence","historic_label":"Statewide Colorado hydrography context","current_label":"Statewide Colorado hydrography context","recovery_label":"Statewide Colorado hydrography context","tier":"tier2","minZoom":12,"confidence_public":"Statewide hydrography context outside current cutthroat lineage model","geometry_status_public":"Named natural stream occurrence from statewide hydrography","geometry_source_public":"Grouped public hydrography segments","trout_source_public":"Included for Colorado statewide hydrography completeness","public_notes":"West Dry Creek is shown as statewide Colorado hydrography context outside the current cutthroat lineage assignment set."}},{"type":"Feature","geometry":{"type":"LineString","coordinates":[[-103.9901,37.7611],[-103.99,37.7612]]},"properties":{"source_id":"co_named_stream_042807","name":"West Dry Creek","display_name":"West Dry Creek","mapped_name":"West Dry Creek","source_name":"West Dry Creek","state":"CO","atlas_class":"named_natural_stream","huc8":"11020005","huc8Name":"Upper Arkansas-Lake Meredith","huc8States":"CO","lineageKey":"statewideContext","lineage":"statewideContext","historic":"statewideContext","current":"statewideContext","recovery":"statewideContext","lineageLabel":"Statewide Colorado hydrography context","lineageBasin":"","lineageNote":"","atlas_context":"statewide_hydrography_context","confidence":"Statewide hydrography context outside current cutthroat lineage model","geometryStatus":"Named natural stream segment from statewide hydrography","note":"This named natural stream is included for statewide Colorado hydrography completeness and is outside the current cutthroat lineage assignment set.","source_segment_id":"co_named_stream_042807","water_id":"co_west_dry_creek_11020005_statewideContext_001","occurrence_id":"co_west_dry_creek_11020005_statewideContext_001","occurrence_number":"001","segment_count":65,"disambiguator":"Upper Arkansas-Lake Meredith · Statewide Colorado hydrography context · occurrence 001","basin":"Upper Arkansas-Lake Meredith","atlas_layer":"named_water_occurrence","object_role":"named_water_occurrence","historic_label":"Statewide Colorado hydrography context","current_label":"Statewide Colorado hydrography context","recovery_label":"Statewide Colorado hydrography context","tier":"tier2","minZoom":12,"confidence_public":"Statewide hydrography context outside current cutthroat lineage model","geometry_status_public":"Named natural stream occurrence from statewide hydrography","geometry_source_public":"Grouped public hydrography segments","trout_source_public":"Included for Colorado statewide hydrography completeness","public_notes":"West Dry Creek is shown as statewide Colorado hydrography context outside the current cutthroat lineage assignment set."}},{"type":"Feature","geometry":{"type":"LineString","coordinates":[[-103.9904,37.7557],[-103.9912,37.7562]]},"properties":{"source_id":"co_named_stream_043355","name":"West Dry Creek","display_name":"West Dry Creek","mapped_name":"West Dry Creek","source_name":"West Dry Creek","state":"CO","atlas_class":"named_natural_stream","huc8":"11020005","huc8Name":"Upper Arkansas-Lake Meredith","huc8States":"CO","lineageKey":"statewideContext","lineage":"statewideContext","historic":"statewideContext","current":"statewideContext","recovery":"statewideContext","lineageLabel":"Statewide Colorado hydrography context","lineageBasin":"","lineageNote":"","atlas_context":"statewide_hydrography_context","confidence":"Statewide hydrography context outside current cutthroat lineage model","geometryStatus":"Named natural stream segment from statewide hydrography","note":"This named natural stream is included for statewide Colorado hydrography completeness and is outside the current cutthroat lineage assignment set.","source_segment_id":"co_named_stream_043355","water_id":"co_west_dry_creek_11020005_statewideContext_001","occurrence_id":"co_west_dry_creek_11020005_statewideContext_001","occurrence_number":"001","segment_count":65,"disambiguator":"Upper Arkansas-Lake Meredith · Statewide Colorado hydrography context · occurrence 001","basin":"Upper Arkansas-Lake Meredith","atlas_layer":"named_water_occurrence","object_role":"named_water_occurrence","historic_label":"Statewide Colorado hydrography context","current_label":"Statewide Colorado hydrography context","recovery_label":"Statewide Colorado hydrography context","tier":"tier2","minZoom":12,"confidence_public":"Statewide hydrography context outside current cutthroat lineage model","geometry_status_public":"Named natural stream occurrence from statewide hydrography","geometry_source_public":"Grouped public hydrography segments","trout_source_public":"Included for Colorado statewide hydrography completeness","public_notes":"West Dry Creek is shown as statewide Colorado hydrography context outside the current cutthroat lineage assignment set."}},{"type":"Feature","geometry":{"type":"LineString","coordinates":[[-103.9917,37.7528],[-103.9902,37.7539]]},"properties":{"source_id":"co_named_stream_043356","name":"West Dry Creek","display_name":"West Dry Creek","mapped_name":"West Dry Creek","source_name":"West Dry Creek","state":"CO","atlas_class":"named_natural_stream","huc8":"11020005","huc8Name":"Upper Arkansas-Lake Meredith","huc8States":"CO","lineageKey":"statewideContext","lineage":"statewideContext","historic":"statewideContext","current":"statewideContext","recovery":"statewideContext","lineageLabel":"Statewide Colorado hydrography context","lineageBasin":"","lineageNote":"","atlas_context":"statewide_hydrography_context","confidence":"Statewide hydrography context outside current cutthroat lineage model","geometryStatus":"Named natural stream segment from statewide hydrography","note":"This named natural stream is included for statewide Colorado hydrography completeness and is outside the current cutthroat lineage assignment set.","source_segment_id":"co_named_stream_043356","water_id":"co_west_dry_creek_11020005_statewideContext_001","occurrence_id":"co_west_dry_creek_11020005_statewideContext_001","occurrence_number":"001","segment_count":65,"disambiguator":"Upper Arkansas-Lake Meredith · Statewide Colorado hydrography context · occurrence 001","basin":"Upper Arkansas-Lake Meredith","atlas_layer":"named_water_occurrence","object_role":"named_water_occurrence","historic_label":"Statewide Colorado hydrography context","current_label":"Statewide Colorado hydrography context","recovery_label":"Statewide Colorado hydrography context","tier":"tier2","minZoom":12,"confidence_public":"Statewide hydrography context outside current cutthroat lineage model","geometry_status_public":"Named natural stream occurrence from statewide hydrography","geometry_source_public":"Grouped public hydrography segments","trout_source_public":"Included for Colorado statewide hydrography completeness","public_notes":"West Dry Creek is shown as statewide Colorado hydrography context outside the current cutthroat lineage assignment set."}},{"type":"Feature","geometry":{"type":"LineString","coordinates":[[-103.9918,37.7698],[-103.9913,37.7705]]},"properties":{"source_id":"co_named_stream_045239","name":"West Dry Creek","display_name":"West Dry Creek","mapped_name":"West Dry Creek","source_name":"West Dry Creek","state":"CO","atlas_class":"named_natural_stream","huc8":"11020005","huc8Name":"Upper Arkansas-Lake Meredith","huc8States":"CO","lineageKey":"statewideContext","lineage":"statewideContext","historic":"statewideContext","current":"statewideContext","recovery":"statewideContext","lineageLabel":"Statewide Colorado hydrography context","lineageBasin":"","lineageNote":"","atlas_context":"statewide_hydrography_context","confidence":"Statewide hydrography context outside current cutthroat lineage model","geometryStatus":"Named natural stream segment from statewide hydrography","note":"This named natural stream is included for statewide Colorado hydrography completeness and is outside the current cutthroat lineage assignment set.","source_segment_id":"co_named_stream_045239","water_id":"co_west_dry_creek_11020005_statewideContext_001","occurrence_id":"co_west_dry_creek_11020005_statewideContext_001","occurrence_number":"001","segment_count":65,"disambiguator":"Upper Arkansas-Lake Meredith · Statewide Colorado hydrography context · occurrence 001","basin":"Upper Arkansas-Lake Meredith","atlas_layer":"named_water_occurrence","object_role":"named_water_occurrence","historic_label":"Statewide Colorado hydrography context","current_label":"Statewide Colorado hydrography context","recovery_label":"Statewide Colorado hydrography context","tier":"tier2","minZoom":12,"confidence_public":"Statewide hydrography context outside current cutthroat lineage model","geometry_status_public":"Named natural stream occurrence from statewide hydrography","geometry_source_public":"Grouped public hydrography segments","trout_source_public":"Included for Colorado statewide hydrography completeness","public_notes":"West Dry Creek is shown as statewide Colorado hydrography context outside the current cutthroat lineage assignment set."}},{"type":"Feature","geometry":{"type":"LineString","coordinates":[[-103.9868,37.7793],[-103.9891,37.7859],[-103.9889,37.787],[-103.9871,37.7882]]},"properties":{"source_id":"co_named_stream_045240","name":"West Dry Creek","display_name":"West Dry Creek","mapped_name":"West Dry Creek","source_name":"West Dry Creek","state":"CO","atlas_class":"named_natural_stream","huc8":"11020005","huc8Name":"Upper Arkansas-Lake Meredith","huc8States":"CO","lineageKey":"statewideContext","lineage":"statewideContext","historic":"statewideContext","current":"statewideContext","recovery":"statewideContext","lineageLabel":"Statewide Colorado hydrography context","lineageBasin":"","lineageNote":"","atlas_context":"statewide_hydrography_context","confidence":"Statewide hydrography context outside current cutthroat lineage model","geometryStatus":"Named natural stream segment from statewide hydrography","note":"This named natural stream is included for statewide Colorado hydrography completeness and is outside the current cutthroat lineage assignment set.","source_segment_id":"co_named_stream_045240","water_id":"co_west_dry_creek_11020005_statewideContext_001","occurrence_id":"co_west_dry_creek_11020005_statewideContext_001","occurrence_number":"001","segment_count":65,"disambiguator":"Upper Arkansas-Lake Meredith · Statewide Colorado hydrography context · occurrence 001","basin":"Upper Arkansas-Lake Meredith","atlas_layer":"named_water_occurrence","object_role":"named_water_occurrence","historic_label":"Statewide Colorado hydrography context","current_label":"Statewide Colorado hydrography context","recovery_label":"Statewide Colorado hydrography context","tier":"tier2","minZoom":12,"confidence_public":"Statewide hydrography context outside current cutthroat lineage model","geometry_status_public":"Named natural stream occurrence from statewide hydrography","geometry_source_public":"Grouped public hydrography segments","trout_source_public":"Included for Colorado statewide hydrography completeness","public_notes":"West Dry Creek is shown as statewide Colorado hydrography context outside the current cutthroat lineage assignment set."}},{"type":"Feature","geometry":{"type":"LineString","coordinates":[[-103.9897,37.7547],[-103.9904,37.7557]]},"properties":{"source_id":"co_named_stream_045431","name":"West Dry Creek","display_name":"West Dry Creek","mapped_name":"West Dry Creek","source_name":"West Dry Creek","state":"CO","atlas_class":"named_natural_stream","huc8":"11020005","huc8Name":"Upper Arkansas-Lake Meredith","huc8States":"CO","lineageKey":"statewideContext","lineage":"statewideContext","historic":"statewideContext","current":"statewideContext","recovery":"statewideContext","lineageLabel":"Statewide Colorado hydrography context","lineageBasin":"","lineageNote":"","atlas_context":"statewide_hydrography_context","confidence":"Statewide hydrography context outside current cutthroat lineage model","geometryStatus":"Named natural stream segment from statewide hydrography","note":"This named natural stream is included for statewide Colorado hydrography completeness and is outside the current cutthroat lineage assignment set.","source_segment_id":"co_named_stream_045431","water_id":"co_west_dry_creek_11020005_statewideContext_001","occurrence_id":"co_west_dry_creek_11020005_statewideContext_001","occurrence_number":"001","segment_count":65,"disambiguator":"Upper Arkansas-Lake Meredith · Statewide Colorado hydrography context · occurrence 001","basin":"Upper Arkansas-Lake Meredith","atlas_layer":"named_water_occurrence","object_role":"named_water_occurrence","historic_label":"Statewide Colorado hydrography context","current_label":"Statewide Colorado hydrography context","recovery_label":"Statewide Colorado hydrography context","tier":"tier2","minZoom":12,"confidence_public":"Statewide hydrography context outside current cutthroat lineage model","geometry_status_public":"Named natural stream occurrence from statewide hydrography","geometry_source_public":"Grouped public hydrography segments","trout_source_public":"Included for Colorado statewide hydrography completeness","public_notes":"West Dry Creek is shown as statewide Colorado hydrography context outside the current cutthroat lineage assignment set."}},{"type":"Feature","geometry":{"type":"LineString","coordinates":[[-103.9885,37.7656],[-103.9881,37.7664],[-103.9888,37.7682],[-103.9918,37.7698]]},"properties":{"source_id":"co_named_stream_045432","name":"West Dry Creek","display_name":"West Dry Creek","mapped_name":"West Dry Creek","source_name":"West Dry Creek","state":"CO","atlas_class":"named_natural_stream","huc8":"11020005","huc8Name":"Upper Arkansas-Lake Meredith","huc8States":"CO","lineageKey":"statewideContext","lineage":"statewideContext","historic":"statewideContext","current":"statewideContext","recovery":"statewideContext","lineageLabel":"Statewide Colorado hydrography context","lineageBasin":"","lineageNote":"","atlas_context":"statewide_hydrography_context","confidence":"Statewide hydrography context outside current cutthroat lineage model","geometryStatus":"Named natural stream segment from statewide hydrography","note":"This named natural stream is included for statewide Colorado hydrography completeness and is outside the current cutthroat lineage assignment set.","source_segment_id":"co_named_stream_045432","water_id":"co_west_dry_creek_11020005_statewideContext_001","occurrence_id":"co_west_dry_creek_11020005_statewideContext_001","occurrence_number":"001","segment_count":65,"disambiguator":"Upper Arkansas-Lake Meredith · Statewide Colorado hydrography context · occurrence 001","basin":"Upper Arkansas-Lake Meredith","atlas_layer":"named_water_occurrence","object_role":"named_water_occurrence","historic_label":"Statewide Colorado hydrography context","current_label":"Statewide Colorado hydrography context","recovery_label":"Statewide Colorado hydrography context","tier":"tier2","minZoom":12,"confidence_public":"Statewide hydrography context outside current cutthroat lineage model","geometry_status_public":"Named natural stream occurrence from statewide hydrography","geometry_source_public":"Grouped public hydrography segments","trout_source_public":"Included for Colorado statewide hydrography completeness","public_notes":"West Dry Creek is shown as statewide Colorado hydrography context outside the current cutthroat lineage assignment set."}},{"type":"Feature","geometry":{"type":"LineString","coordinates":[[-103.992,37.7591],[-103.9924,37.7595]]},"properties":{"source_id":"co_named_stream_048902","name":"West Dry Creek","display_name":"West Dry Creek","mapped_name":"West Dry Creek","source_name":"West Dry Creek","state":"CO","atlas_class":"named_natural_stream","huc8":"11020005","huc8Name":"Upper Arkansas-Lake Meredith","huc8States":"CO","lineageKey":"statewideContext","lineage":"statewideContext","historic":"statewideContext","current":"statewideContext","recovery":"statewideContext","lineageLabel":"Statewide Colorado hydrography context","lineageBasin":"","lineageNote":"","atlas_context":"statewide_hydrography_context","confidence":"Statewide hydrography context outside current cutthroat lineage model","geometryStatus":"Named natural stream segment from statewide hydrography","note":"This named natural stream is included for statewide Colorado hydrography completeness and is outside the current cutthroat lineage assignment set.","source_segment_id":"co_named_stream_048902","water_id":"co_west_dry_creek_11020005_statewideContext_001","occurrence_id":"co_west_dry_creek_11020005_statewideContext_001","occurrence_number":"001","segment_count":65,"disambiguator":"Upper Arkansas-Lake Meredith · Statewide Colorado hydrography context · occurrence 001","basin":"Upper Arkansas-Lake Meredith","atlas_layer":"named_water_occurrence","object_role":"named_water_occurrence","historic_label":"Statewide Colorado hydrography context","current_label":"Statewide Colorado hydrography context","recovery_label":"Statewide Colorado hydrography context","tier":"tier2","minZoom":12,"confidence_public":"Statewide hydrography context outside current cutthroat lineage model","geometry_status_public":"Named natural stream occurrence from statewide hydrography","geometry_source_public":"Grouped public hydrography segments","trout_source_public":"Included for Colorado statewide hydrography completeness","public_notes":"West Dry Creek is shown as statewide Colorado hydrography context outside the current cutthroat lineage assignment set."}},{"type":"Feature","geometry":{"type":"LineString","coordinates":[[-103.8869,37.7724],[-103.8875,37.7735],[-103.8859,37.7741]]},"properties":{"source_id":"co_named_stream_031235","name":"South Dry Creek","display_name":"South Dry Creek","mapped_name":"South Dry Creek","source_name":"South Dry Creek","state":"CO","atlas_class":"named_natural_stream","huc8":"11020005","huc8Name":"Upper Arkansas-Lake Meredith","huc8States":"CO","lineageKey":"statewideContext","lineage":"statewideContext","historic":"statewideContext","current":"statewideContext","recovery":"statewideContext","lineageLabel":"Statewide Colorado hydrography context","lineageBasin":"","lineageNote":"","atlas_context":"statewide_hydrography_context","confidence":"Statewide hydrography context outside current cutthroat lineage model","geometryStatus":"Named natural stream segment from statewide hydrography","note":"This named natural stream is included for statewide Colorado hydrography completeness and is outside the current cutthroat lineage assignment set.","source_segment_id":"co_named_stream_031235","water_id":"co_south_dry_creek_11020005_statewideContext_001","occurrence_id":"co_south_dry_creek_11020005_statewideContext_001","occurrence_number":"001","segment_count":58,"disambiguator":"Upper Arkansas-Lake Meredith · Statewide Colorado hydrography context · occurrence 001","basin":"Upper Arkansas-Lake Meredith","atlas_layer":"named_water_occurrence","object_role":"named_water_occurrence","historic_label":"Statewide Colorado hydrography context","current_label":"Statewide Colorado hydrography context","recovery_label":"Statewide Colorado hydrography context","tier":"tier2","minZoom":12,"confidence_public":"Statewide hydrography context outside current cutthroat lineage model","geometry_status_public":"Named natural stream occurrence from statewide hydrography","geometry_source_public":"Grouped public hydrography segments","trout_source_public":"Included for Colorado statewide hydrography completeness","public_notes":"South Dry Creek is shown as statewide Colorado hydrography context outside the current cutthroat lineage assignment set."}},{"type":"Feature","geometry":{"type":"LineString","coordinates":[[-103.8514,37.8058],[-103.8464,37.8087],[-103.8474,37.8103],[-103.8441,37.8139],[-103.8425,37.8136],[-103.8407,37.815],[-103.8393,37.8142],[-103.8346,37.8153],[-103.834,37.8163],[-103.8345,37.8168],[-103.8327,37.8197],[-103.8294,37.821],[-103.829,37.8198]]},"properties":{"source_id":"co_named_stream_034632","name":"South Dry Creek","display_name":"South Dry Creek","mapped_name":"South Dry Creek","source_name":"South Dry Creek","state":"CO","atlas_class":"named_natural_stream","huc8":"11020005","huc8Name":"Upper Arkansas-Lake Meredith","huc8States":"CO","lineageKey":"statewideContext","lineage":"statewideContext","historic":"statewideContext","current":"statewideContext","recovery":"statewideContext","lineageLabel":"Statewide Colorado hydrography context","lineageBasin":"","lineageNote":"","atlas_context":"statewide_hydrography_context","confidence":"Statewide hydrography context outside current cutthroat lineage model","geometryStatus":"Named natural stream segment from statewide hydrography","note":"This named natural stream is included for statewide Colorado hydrography completeness and is outside the current cutthroat lineage assignment set.","source_segment_id":"co_named_stream_034632","water_id":"co_south_dry_creek_11020005_statewideContext_001","occurrence_id":"co_south_dry_creek_11020005_statewideContext_001","occurrence_number":"001","segment_count":58,"disambiguator":"Upper Arkansas-Lake Meredith · Statewide Colorado hydrography context · occurrence 001","basin":"Upper Arkansas-Lake Meredith","atlas_layer":"named_water_occurrence","object_role":"named_water_occurrence","historic_label":"Statewide Colorado hydrography context","current_label":"Statewide Colorado hydrography context","recovery_label":"Statewide Colorado hydrography context","tier":"tier2","minZoom":12,"confidence_public":"Statewide hydrography context outside current cutthroat lineage model","geometry_status_public":"Named natural stream occurrence from statewide hydrography","geometry_source_public":"Grouped public hydrography segments","trout_source_public":"Included for Colorado statewide hydrography completeness","public_notes":"South Dry Creek is shown as statewide Colorado hydrography context outside the current cutthroat lineage assignment set."}},{"type":"Feature","geometry":{"type":"LineString","coordinates":[[-103.8916,37.7686],[-103.8896,37.7696]]},"properties":{"source_id":"co_named_stream_035208","name":"South Dry Creek","display_name":"South Dry Creek","mapped_name":"South Dry Creek","source_name":"South Dry Creek","state":"CO","atlas_class":"named_natural_stream","huc8":"11020005","huc8Name":"Upper Arkansas-Lake Meredith","huc8States":"CO","lineageKey":"statewideContext","lineage":"statewideContext","historic":"statewideContext","current":"statewideContext","recovery":"statewideContext","lineageLabel":"Statewide Colorado hydrography context","lineageBasin":"","lineageNote":"","atlas_context":"statewide_hydrography_context","confidence":"Statewide hydrography context outside current cutthroat lineage model","geometryStatus":"Named natural stream segment from statewide hydrography","note":"This named natural stream is included for statewide Colorado hydrography completeness and is outside the current cutthroat lineage assignment set.","source_segment_id":"co_named_stream_035208","water_id":"co_south_dry_creek_11020005_statewideContext_001","occurrence_id":"co_south_dry_creek_11020005_statewideContext_001","occurrence_number":"001","segment_count":58,"disambiguator":"Upper Arkansas-Lake Meredith · Statewide Colorado hydrography context · occurrence 001","basin":"Upper Arkansas-Lake Meredith","atlas_layer":"named_water_occurrence","object_role":"named_water_occurrence","historic_label":"Statewide Colorado hydrography context","current_label":"Statewide Colorado hydrography context","recovery_label":"Statewide Colorado hydrography context","tier":"tier2","minZoom":12,"confidence_public":"Statewide hydrography context outside current cutthroat lineage model","geometry_status_public":"Named natural stream occurrence from statewide hydrography","geometry_source_public":"Grouped public hydrography segments","trout_source_public":"Included for Colorado statewide hydrography completeness","public_notes":"South Dry Creek is shown as statewide Colorado hydrography context outside the current cutthroat lineage assignment set."}},{"type":"Feature","geometry":{"type":"LineString","coordinates":[[-103.8859,37.7741],[-103.8867,37.7753],[-103.8846,37.7765],[-103.8845,37.7783],[-103.8826,37.7785],[-103.8817,37.7799],[-103.8801,37.7805],[-103.8799,37.7819],[-103.8789,37.7816],[-103.8787,37.7831],[-103.8769,37.7836],[-103.8765,37.7844],[-103.8779,37.7858],[-103.8761,37.7875],[-103.877,37.789],[-103.8763,37.7905],[-103.8747,37.7906],[-103.8751,37.7916],[-103.8738,37.7923],[-103.8732,37.7946],[-103.8706,37.7944],[-103.868,37.7974],[-103.8667,37.7968],[-103.8672,37.7981],[-103.8639,37.801],[-103.8651,37.8015],[-103.8643,37.8019],[-103.8651,37.8033]]},"properties":{"source_id":"co_named_stream_035209","name":"South Dry Creek","display_name":"South Dry Creek","mapped_name":"South Dry Creek","source_name":"South Dry Creek","state":"CO","atlas_class":"named_natural_stream","huc8":"11020005","huc8Name":"Upper Arkansas-Lake Meredith","huc8States":"CO","lineageKey":"statewideContext","lineage":"statewideContext","historic":"statewideContext","current":"statewideContext","recovery":"statewideContext","lineageLabel":"Statewide Colorado hydrography context","lineageBasin":"","lineageNote":"","atlas_context":"statewide_hydrography_context","confidence":"Statewide hydrography context outside current cutthroat lineage model","geometryStatus":"Named natural stream segment from statewide hydrography","note":"This named natural stream is included for statewide Colorado hydrography completeness and is outside the current cutthroat lineage assignment set.","source_segment_id":"co_named_stream_035209","water_id":"co_south_dry_creek_11020005_statewideContext_001","occurrence_id":"co_south_dry_creek_11020005_statewideContext_001","occurrence_number":"001","segment_count":58,"disambiguator":"Upper Arkansas-Lake Meredith · Statewide Colorado hydrography context · occurrence 001","basin":"Upper Arkansas-Lake Meredith","atlas_layer":"named_water_occurrence","object_role":"named_water_occurrence","historic_label":"Statewide Colorado hydrography context","current_label":"Statewide Colorado hydrography context","recovery_label":"Statewide Colorado hydrography context","tier":"tier2","minZoom":12,"confidence_public":"Statewide hydrography context outside current cutthroat lineage model","geometry_status_public":"Named natural stream occurrence from statewide hydrography","geometry_source_public":"Grouped public hydrography segments","trout_source_public":"Included for Colorado statewide hydrography completeness","public_notes":"South Dry Creek is shown as statewide Colorado hydrography context outside the current cutthroat lineage assignment set."}},{"type":"Feature","geometry":{"type":"LineString","coordinates":[[-103.8117,37.8364],[-103.811,37.8375],[-103.8115,37.8383],[-103.8082,37.8399],[-103.8086,37.8407],[-103.8077,37.8418],[-103.8062,37.8419],[-103.8068,37.843],[-103.8053,37.8439]]},"properties":{"source_id":"co_named_stream_036470","name":"South Dry Creek","display_name":"South Dry Creek","mapped_name":"South Dry Creek","source_name":"South Dry Creek","state":"CO","atlas_class":"named_natural_stream","huc8":"11020005","huc8Name":"Upper Arkansas-Lake Meredith","huc8States":"CO","lineageKey":"statewideContext","lineage":"statewideContext","historic":"statewideContext","current":"statewideContext","recovery":"statewideContext","lineageLabel":"Statewide Colorado hydrography context","lineageBasin":"","lineageNote":"","atlas_context":"statewide_hydrography_context","confidence":"Statewide hydrography context outside current cutthroat lineage model","geometryStatus":"Named natural stream segment from statewide hydrography","note":"This named natural stream is included for statewide Colorado hydrography completeness and is outside the current cutthroat lineage assignment set.","source_segment_id":"co_named_stream_036470","water_id":"co_south_dry_creek_11020005_statewideContext_001","occurrence_id":"co_south_dry_creek_11020005_statewideContext_001","occurrence_number":"001","segment_count":58,"disambiguator":"Upper Arkansas-Lake Meredith · Statewide Colorado hydrography context · occurrence 001","basin":"Upper Arkansas-Lake Meredith","atlas_layer":"named_water_occurrence","object_role":"named_water_occurrence","historic_label":"Statewide Colorado hydrography context","current_label":"Statewide Colorado hydrography context","recovery_label":"Statewide Colorado hydrography context","tier":"tier2","minZoom":12,"confidence_public":"Statewide hydrography context outside current cutthroat lineage model","geometry_status_public":"Named natural stream occurrence from statewide hydrography","geometry_source_public":"Grouped public hydrography segments","trout_source_public":"Included for Colorado statewide hydrography completeness","public_notes":"South Dry Creek is shown as statewide Colorado hydrography context outside the current cutthroat lineage assignment set."}},{"type":"Feature","geometry":{"type":"LineString","coordinates":[[-103.8035,37.8523],[-103.805,37.8541],[-103.8043,37.8558],[-103.8033,37.8561],[-103.8048,37.86],[-103.8025,37.8636],[-103.8017,37.8674],[-103.8026,37.868],[-103.805,37.8669],[-103.8035,37.8692],[-103.8045,37.87]]},"properties":{"source_id":"co_named_stream_036471","name":"South Dry Creek","display_name":"South Dry Creek","mapped_name":"South Dry Creek","source_name":"South Dry Creek","state":"CO","atlas_class":"named_natural_stream","huc8":"11020005","huc8Name":"Upper Arkansas-Lake Meredith","huc8States":"CO","lineageKey":"statewideContext","lineage":"statewideContext","historic":"statewideContext","current":"statewideContext","recovery":"statewideContext","lineageLabel":"Statewide Colorado hydrography context","lineageBasin":"","lineageNote":"","atlas_context":"statewide_hydrography_context","confidence":"Statewide hydrography context outside current cutthroat lineage model","geometryStatus":"Named natural stream segment from statewide hydrography","note":"This named natural stream is included for statewide Colorado hydrography completeness and is outside the current cutthroat lineage assignment set.","source_segment_id":"co_named_stream_036471","water_id":"co_south_dry_creek_11020005_statewideContext_001","occurrence_id":"co_south_dry_creek_11020005_statewideContext_001","occurrence_number":"001","segment_count":58,"disambiguator":"Upper Arkansas-Lake Meredith · Statewide Colorado hydrography context · occurrence 001","basin":"Upper Arkansas-Lake Meredith","atlas_layer":"named_water_occurrence","object_role":"named_water_occurrence","historic_label":"Statewide Colorado hydrography context","current_label":"Statewide Colorado hydrography context","recovery_label":"Statewide Colorado hydrography context","tier":"tier2","minZoom":12,"confidence_public":"Statewide hydrography context outside current cutthroat lineage model","geometry_status_public":"Named natural stream occurrence from statewide hydrography","geometry_source_public":"Grouped public hydrography segments","trout_source_public":"Included for Colorado statewide hydrography completeness","public_notes":"South Dry Creek is shown as statewide Colorado hydrography context outside the current cutthroat lineage assignment set."}},{"type":"Feature","geometry":{"type":"LineString","coordinates":[[-103.8651,37.8033],[-103.8603,37.8039],[-103.8583,37.8056],[-103.8553,37.8043],[-103.8514,37.8058]]},"properties":{"source_id":"co_named_stream_036644","name":"South Dry Creek","display_name":"South Dry Creek","mapped_name":"South Dry Creek","source_name":"South Dry Creek","state":"CO","atlas_class":"named_natural_stream","huc8":"11020005","huc8Name":"Upper Arkansas-Lake Meredith","huc8States":"CO","lineageKey":"statewideContext","lineage":"statewideContext","historic":"statewideContext","current":"statewideContext","recovery":"statewideContext","lineageLabel":"Statewide Colorado hydrography context","lineageBasin":"","lineageNote":"","atlas_context":"statewide_hydrography_context","confidence":"Statewide hydrography context outside current cutthroat lineage model","geometryStatus":"Named natural stream segment from statewide hydrography","note":"This named natural stream is included for statewide Colorado hydrography completeness and is outside the current cutthroat lineage assignment set.","source_segment_id":"co_named_stream_036644","water_id":"co_south_dry_creek_11020005_statewideContext_001","occurrence_id":"co_south_dry_creek_11020005_statewideContext_001","occurrence_number":"001","segment_count":58,"disambiguator":"Upper Arkansas-Lake Meredith · Statewide Colorado hydrography context · occurrence 001","basin":"Upper Arkansas-Lake Meredith","atlas_layer":"named_water_occurrence","object_role":"named_water_occurrence","historic_label":"Statewide Colorado hydrography context","current_label":"Statewide Colorado hydrography context","recovery_label":"Statewide Colorado hydrography context","tier":"tier2","minZoom":12,"confidence_public":"Statewide hydrography context outside current cutthroat lineage model","geometry_status_public":"Named natural stream occurrence from statewide hydrography","geometry_source_public":"Grouped public hydrography segments","trout_source_public":"Included for Colorado statewide hydrography completeness","public_notes":"South Dry Creek is shown as statewide Colorado hydrography context outside the current cutthroat lineage assignment set."}},{"type":"Feature","geometry":{"type":"LineString","coordinates":[[-103.9149,37.7527],[-103.9139,37.7538],[-103.913,37.7535]]},"properties":{"source_id":"co_named_stream_036711","name":"South Dry Creek","display_name":"South Dry Creek","mapped_name":"South Dry Creek","source_name":"South Dry Creek","state":"CO","atlas_class":"named_natural_stream","huc8":"11020005","huc8Name":"Upper Arkansas-Lake Meredith","huc8States":"CO","lineageKey":"statewideContext","lineage":"statewideContext","historic":"statewideContext","current":"statewideContext","recovery":"statewideContext","lineageLabel":"Statewide Colorado hydrography context","lineageBasin":"","lineageNote":"","atlas_context":"statewide_hydrography_context","confidence":"Statewide hydrography context outside current cutthroat lineage model","geometryStatus":"Named natural stream segment from statewide hydrography","note":"This named natural stream is included for statewide Colorado hydrography completeness and is outside the current cutthroat lineage assignment set.","source_segment_id":"co_named_stream_036711","water_id":"co_south_dry_creek_11020005_statewideContext_001","occurrence_id":"co_south_dry_creek_11020005_statewideContext_001","occurrence_number":"001","segment_count":58,"disambiguator":"Upper Arkansas-Lake Meredith · Statewide Colorado hydrography context · occurrence 001","basin":"Upper Arkansas-Lake Meredith","atlas_layer":"named_water_occurrence","object_role":"named_water_occurrence","historic_label":"Statewide Colorado hydrography context","current_label":"Statewide Colorado hydrography context","recovery_label":"Statewide Colorado hydrography context","tier":"tier2","minZoom":12,"confidence_public":"Statewide hydrography context outside current cutthroat lineage model","geometry_status_public":"Named natural stream occurrence from statewide hydrography","geometry_source_public":"Grouped public hydrography segments","trout_source_public":"Included for Colorado statewide hydrography completeness","public_notes":"South Dry Creek is shown as statewide Colorado hydrography context outside the current cutthroat lineage assignment set."}},{"type":"Feature","geometry":{"type":"LineString","coordinates":[[-103.9016,37.7641],[-103.9001,37.7667],[-103.8973,37.7657],[-103.8971,37.7665],[-103.8916,37.7686]]},"properties":{"source_id":"co_named_stream_036712","name":"South Dry Creek","display_name":"South Dry Creek","mapped_name":"South Dry Creek","source_name":"South Dry Creek","state":"CO","atlas_class":"named_natural_stream","huc8":"11020005","huc8Name":"Upper Arkansas-Lake Meredith","huc8States":"CO","lineageKey":"statewideContext","lineage":"statewideContext","historic":"statewideContext","current":"statewideContext","recovery":"statewideContext","lineageLabel":"Statewide Colorado hydrography context","lineageBasin":"","lineageNote":"","atlas_context":"statewide_hydrography_context","confidence":"Statewide hydrography context outside current cutthroat lineage model","geometryStatus":"Named natural stream segment from statewide hydrography","note":"This named natural stream is included for statewide Colorado hydrography completeness and is outside the current cutthroat lineage assignment set.","source_segment_id":"co_named_stream_036712","water_id":"co_south_dry_creek_11020005_statewideContext_001","occurrence_id":"co_south_dry_creek_11020005_statewideContext_001","occurrence_number":"001","segment_count":58,"disambiguator":"Upper Arkansas-Lake Meredith · Statewide Colorado hydrography context · occurrence 001","basin":"Upper Arkansas-Lake Meredith","atlas_layer":"named_water_occurrence","object_role":"named_water_occurrence","historic_label":"Statewide Colorado hydrography context","current_label":"Statewide Colorado hydrography context","recovery_label":"Statewide Colorado hydrography context","tier":"tier2","minZoom":12,"confidence_public":"Statewide hydrography context outside current cutthroat lineage model","geometry_status_public":"Named natural stream occurrence from statewide hydrography","geometry_source_public":"Grouped public hydrography segments","trout_source_public":"Included for Colorado statewide hydrography completeness","public_notes":"South Dry Creek is shown as statewide Colorado hydrography context outside the current cutthroat lineage assignment set."}},{"type":"Feature","geometry":{"type":"LineString","coordinates":[[-103.9201,37.7494],[-103.9189,37.7492],[-103.9167,37.7517]]},"properties":{"source_id":"co_named_stream_036876","name":"South Dry Creek","display_name":"South Dry Creek","mapped_name":"South Dry Creek","source_name":"South Dry Creek","state":"CO","atlas_class":"named_natural_stream","huc8":"11020005","huc8Name":"Upper Arkansas-Lake Meredith","huc8States":"CO","lineageKey":"statewideContext","lineage":"statewideContext","historic":"statewideContext","current":"statewideContext","recovery":"statewideContext","lineageLabel":"Statewide Colorado hydrography context","lineageBasin":"","lineageNote":"","atlas_context":"statewide_hydrography_context","confidence":"Statewide hydrography context outside current cutthroat lineage model","geometryStatus":"Named natural stream segment from statewide hydrography","note":"This named natural stream is included for statewide Colorado hydrography completeness and is outside the current cutthroat lineage assignment set.","source_segment_id":"co_named_stream_036876","water_id":"co_south_dry_creek_11020005_statewideContext_001","occurrence_id":"co_south_dry_creek_11020005_statewideContext_001","occurrence_number":"001","segment_count":58,"disambiguator":"Upper Arkansas-Lake Meredith · Statewide Colorado hydrography context · occurrence 001","basin":"Upper Arkansas-Lake Meredith","atlas_layer":"named_water_occurrence","object_role":"named_water_occurrence","historic_label":"Statewide Colorado hydrography context","current_label":"Statewide Colorado hydrography context","recovery_label":"Statewide Colorado hydrography context","tier":"tier2","minZoom":12,"confidence_public":"Statewide hydrography context outside current cutthroat lineage model","geometry_status_public":"Named natural stream occurrence from statewide hydrography","geometry_source_public":"Grouped public hydrography segments","trout_source_public":"Included for Colorado statewide hydrography completeness","public_notes":"South Dry Creek is shown as statewide Colorado hydrography context outside the current cutthroat lineage assignment set."}},{"type":"Feature","geometry":{"type":"LineString","coordinates":[[-103.829,37.8198],[-103.8269,37.8221],[-103.8256,37.8219],[-103.8257,37.8236],[-103.82,37.8257],[-103.8202,37.8277],[-103.8162,37.8313],[-103.8165,37.8317],[-103.8145,37.8321],[-103.8141,37.8345],[-103.8117,37.8364]]},"properties":{"source_id":"co_named_stream_037766","name":"South Dry Creek","display_name":"South Dry Creek","mapped_name":"South Dry Creek","source_name":"South Dry Creek","state":"CO","atlas_class":"named_natural_stream","huc8":"11020005","huc8Name":"Upper Arkansas-Lake Meredith","huc8States":"CO","lineageKey":"statewideContext","lineage":"statewideContext","historic":"statewideContext","current":"statewideContext","recovery":"statewideContext","lineageLabel":"Statewide Colorado hydrography context","lineageBasin":"","lineageNote":"","atlas_context":"statewide_hydrography_context","confidence":"Statewide hydrography context outside current cutthroat lineage model","geometryStatus":"Named natural stream segment from statewide hydrography","note":"This named natural stream is included for statewide Colorado hydrography completeness and is outside the current cutthroat lineage assignment set.","source_segment_id":"co_named_stream_037766","water_id":"co_south_dry_creek_11020005_statewideContext_001","occurrence_id":"co_south_dry_creek_11020005_statewideContext_001","occurrence_number":"001","segment_count":58,"disambiguator":"Upper Arkansas-Lake Meredith · Statewide Colorado hydrography context · occurrence 001","basin":"Upper Arkansas-Lake Meredith","atlas_layer":"named_water_occurrence","object_role":"named_water_occurrence","historic_label":"Statewide Colorado hydrography context","current_label":"Statewide Colorado hydrography context","recovery_label":"Statewide Colorado hydrography context","tier":"tier2","minZoom":12,"confidence_public":"Statewide hydrography context outside current cutthroat lineage model","geometry_status_public":"Named natural stream occurrence from statewide hydrography","geometry_source_public":"Grouped public hydrography segments","trout_source_public":"Included for Colorado statewide hydrography completeness","public_notes":"South Dry Creek is shown as statewide Colorado hydrography context outside the current cutthroat lineage assignment set."}},{"type":"Feature","geometry":{"type":"LineString","coordinates":[[-103.9293,37.7484],[-103.9224,37.7501],[-103.9201,37.7494]]},"properties":{"source_id":"co_named_stream_038442","name":"South Dry Creek","display_name":"South Dry Creek","mapped_name":"South Dry Creek","source_name":"South Dry Creek","state":"CO","atlas_class":"named_natural_stream","huc8":"11020005","huc8Name":"Upper Arkansas-Lake Meredith","huc8States":"CO","lineageKey":"statewideContext","lineage":"statewideContext","historic":"statewideContext","current":"statewideContext","recovery":"statewideContext","lineageLabel":"Statewide Colorado hydrography context","lineageBasin":"","lineageNote":"","atlas_context":"statewide_hydrography_context","confidence":"Statewide hydrography context outside current cutthroat lineage model","geometryStatus":"Named natural stream segment from statewide hydrography","note":"This named natural stream is included for statewide Colorado hydrography completeness and is outside the current cutthroat lineage assignment set.","source_segment_id":"co_named_stream_038442","water_id":"co_south_dry_creek_11020005_statewideContext_001","occurrence_id":"co_south_dry_creek_11020005_statewideContext_001","occurrence_number":"001","segment_count":58,"disambiguator":"Upper Arkansas-Lake Meredith · Statewide Colorado hydrography context · occurrence 001","basin":"Upper Arkansas-Lake Meredith","atlas_layer":"named_water_occurrence","object_role":"named_water_occurrence","historic_label":"Statewide Colorado hydrography context","current_label":"Statewide Colorado hydrography context","recovery_label":"Statewide Colorado hydrography context","tier":"tier2","minZoom":12,"confidence_public":"Statewide hydrography context outside current cutthroat lineage model","geometry_status_public":"Named natural stream occurrence from statewide hydrography","geometry_source_public":"Grouped public hydrography segments","trout_source_public":"Included for Colorado statewide hydrography completeness","public_notes":"South Dry Creek is shown as statewide Colorado hydrography context outside the current cutthroat lineage assignment set."}},{"type":"Feature","geometry":{"type":"LineString","coordinates":[[-103.913,37.7535],[-103.9116,37.7537]]},"properties":{"source_id":"co_named_stream_039600","name":"South Dry Creek","display_name":"South Dry Creek","mapped_name":"South Dry Creek","source_name":"South Dry Creek","state":"CO","atlas_class":"named_natural_stream","huc8":"11020005","huc8Name":"Upper Arkansas-Lake Meredith","huc8States":"CO","lineageKey":"statewideContext","lineage":"statewideContext","historic":"statewideContext","current":"statewideContext","recovery":"statewideContext","lineageLabel":"Statewide Colorado hydrography context","lineageBasin":"","lineageNote":"","atlas_context":"statewide_hydrography_context","confidence":"Statewide hydrography context outside current cutthroat lineage model","geometryStatus":"Named natural stream segment from statewide hydrography","note":"This named natural stream is included for statewide Colorado hydrography completeness and is outside the current cutthroat lineage assignment set.","source_segment_id":"co_named_stream_039600","water_id":"co_south_dry_creek_11020005_statewideContext_001","occurrence_id":"co_south_dry_creek_11020005_statewideContext_001","occurrence_number":"001","segment_count":58,"disambiguator":"Upper Arkansas-Lake Meredith · Statewide Colorado hydrography context · occurrence 001","basin":"Upper Arkansas-Lake Meredith","atlas_layer":"named_water_occurrence","object_role":"named_water_occurrence","historic_label":"Statewide Colorado hydrography context","current_label":"Statewide Colorado hydrography context","recovery_label":"Statewide Colorado hydrography context","tier":"tier2","minZoom":12,"confidence_public":"Statewide hydrography context outside current cutthroat lineage model","geometry_status_public":"Named natural stream occurrence from statewide hydrography","geometry_source_public":"Grouped public hydrography segments","trout_source_public":"Included for Colorado statewide hydrography completeness","public_notes":"South Dry Creek is shown as statewide Colorado hydrography context outside the current cutthroat lineage assignment set."}},{"type":"Feature","geometry":{"type":"LineString","coordinates":[[-103.9095,37.7542],[-103.9084,37.7558]]},"properties":{"source_id":"co_named_stream_039601","name":"South Dry Creek","display_name":"South Dry Creek","mapped_name":"South Dry Creek","source_name":"South Dry Creek","state":"CO","atlas_class":"named_natural_stream","huc8":"11020005","huc8Name":"Upper Arkansas-Lake Meredith","huc8States":"CO","lineageKey":"statewideContext","lineage":"statewideContext","historic":"statewideContext","current":"statewideContext","recovery":"statewideContext","lineageLabel":"Statewide Colorado hydrography context","lineageBasin":"","lineageNote":"","atlas_context":"statewide_hydrography_context","confidence":"Statewide hydrography context outside current cutthroat lineage model","geometryStatus":"Named natural stream segment from statewide hydrography","note":"This named natural stream is included for statewide Colorado hydrography completeness and is outside the current cutthroat lineage assignment set.","source_segment_id":"co_named_stream_039601","water_id":"co_south_dry_creek_11020005_statewideContext_001","occurrence_id":"co_south_dry_creek_11020005_statewideContext_001","occurrence_number":"001","segment_count":58,"disambiguator":"Upper Arkansas-Lake Meredith · Statewide Colorado hydrography context · occurrence 001","basin":"Upper Arkansas-Lake Meredith","atlas_layer":"named_water_occurrence","object_role":"named_water_occurrence","historic_label":"Statewide Colorado hydrography context","current_label":"Statewide Colorado hydrography context","recovery_label":"Statewide Colorado hydrography context","tier":"tier2","minZoom":12,"confidence_public":"Statewide hydrography context outside current cutthroat lineage model","geometry_status_public":"Named natural stream occurrence from statewide hydrography","geometry_source_public":"Grouped public hydrography segments","trout_source_public":"Included for Colorado statewide hydrography completeness","public_notes":"South Dry Creek is shown as statewide Colorado hydrography context outside the current cutthroat lineage assignment set."}},{"type":"Feature","geometry":{"type":"LineString","coordinates":[[-103.9084,37.7562],[-103.9084,37.7574],[-103.9067,37.7569]]},"properties":{"source_id":"co_named_stream_039784","name":"South Dry Creek","display_name":"South Dry Creek","mapped_name":"South Dry Creek","source_name":"South Dry Creek","state":"CO","atlas_class":"named_natural_stream","huc8":"11020005","huc8Name":"Upper Arkansas-Lake Meredith","huc8States":"CO","lineageKey":"statewideContext","lineage":"statewideContext","historic":"statewideContext","current":"statewideContext","recovery":"statewideContext","lineageLabel":"Statewide Colorado hydrography context","lineageBasin":"","lineageNote":"","atlas_context":"statewide_hydrography_context","confidence":"Statewide hydrography context outside current cutthroat lineage model","geometryStatus":"Named natural stream segment from statewide hydrography","note":"This named natural stream is included for statewide Colorado hydrography completeness and is outside the current cutthroat lineage assignment set.","source_segment_id":"co_named_stream_039784","water_id":"co_south_dry_creek_11020005_statewideContext_001","occurrence_id":"co_south_dry_creek_11020005_statewideContext_001","occurrence_number":"001","segment_count":58,"disambiguator":"Upper Arkansas-Lake Meredith · Statewide Colorado hydrography context · occurrence 001","basin":"Upper Arkansas-Lake Meredith","atlas_layer":"named_water_occurrence","object_role":"named_water_occurrence","historic_label":"Statewide Colorado hydrography context","current_label":"Statewide Colorado hydrography context","recovery_label":"Statewide Colorado hydrography context","tier":"tier2","minZoom":12,"confidence_public":"Statewide hydrography context outside current cutthroat lineage model","geometry_status_public":"Named natural stream occurrence from statewide hydrography","geometry_source_public":"Grouped public hydrography segments","trout_source_public":"Included for Colorado statewide hydrography completeness","public_notes":"South Dry Creek is shown as statewide Colorado hydrography context outside the current cutthroat lineage assignment set."}},{"type":"Feature","geometry":{"type":"LineString","coordinates":[[-103.9048,37.7587],[-103.904,37.7597]]},"properties":{"source_id":"co_named_stream_039785","name":"South Dry Creek","display_name":"South Dry Creek","mapped_name":"South Dry Creek","source_name":"South Dry Creek","state":"CO","atlas_class":"named_natural_stream","huc8":"11020005","huc8Name":"Upper Arkansas-Lake Meredith","huc8States":"CO","lineageKey":"statewideContext","lineage":"statewideContext","historic":"statewideContext","current":"statewideContext","recovery":"statewideContext","lineageLabel":"Statewide Colorado hydrography context","lineageBasin":"","lineageNote":"","atlas_context":"statewide_hydrography_context","confidence":"Statewide hydrography context outside current cutthroat lineage model","geometryStatus":"Named natural stream segment from statewide hydrography","note":"This named natural stream is included for statewide Colorado hydrography completeness and is outside the current cutthroat lineage assignment set.","source_segment_id":"co_named_stream_039785","water_id":"co_south_dry_creek_11020005_statewideContext_001","occurrence_id":"co_south_dry_creek_11020005_statewideContext_001","occurrence_number":"001","segment_count":58,"disambiguator":"Upper Arkansas-Lake Meredith · Statewide Colorado hydrography context · occurrence 001","basin":"Upper Arkansas-Lake Meredith","atlas_layer":"named_water_occurrence","object_role":"named_water_occurrence","historic_label":"Statewide Colorado hydrography context","current_label":"Statewide Colorado hydrography context","recovery_label":"Statewide Colorado hydrography context","tier":"tier2","minZoom":12,"confidence_public":"Statewide hydrography context outside current cutthroat lineage model","geometry_status_public":"Named natural stream occurrence from statewide hydrography","geometry_source_public":"Grouped public hydrography segments","trout_source_public":"Included for Colorado statewide hydrography completeness","public_notes":"South Dry Creek is shown as statewide Colorado hydrography context outside the current cutthroat lineage assignment set."}},{"type":"Feature","geometry":{"type":"LineString","coordinates":[[-103.8896,37.7696],[-103.8879,37.7702],[-103.8869,37.7724]]},"properties":{"source_id":"co_named_stream_043499","name":"South Dry Creek","display_name":"South Dry Creek","mapped_name":"South Dry Creek","source_name":"South Dry Creek","state":"CO","atlas_class":"named_natural_stream","huc8":"11020005","huc8Name":"Upper Arkansas-Lake Meredith","huc8States":"CO","lineageKey":"statewideContext","lineage":"statewideContext","historic":"statewideContext","current":"statewideContext","recovery":"statewideContext","lineageLabel":"Statewide Colorado hydrography context","lineageBasin":"","lineageNote":"","atlas_context":"statewide_hydrography_context","confidence":"Statewide hydrography context outside current cutthroat lineage model","geometryStatus":"Named natural stream segment from statewide hydrography","note":"This named natural stream is included for statewide Colorado hydrography completeness and is outside the current cutthroat lineage assignment set.","source_segment_id":"co_named_stream_043499","water_id":"co_south_dry_creek_11020005_statewideContext_001","occurrence_id":"co_south_dry_creek_11020005_statewideContext_001","occurrence_number":"001","segment_count":58,"disambiguator":"Upper Arkansas-Lake Meredith · Statewide Colorado hydrography context · occurrence 001","basin":"Upper Arkansas-Lake Meredith","atlas_layer":"named_water_occurrence","object_role":"named_water_occurrence","historic_label":"Statewide Colorado hydrography context","current_label":"Statewide Colorado hydrography context","recovery_label":"Statewide Colorado hydrography context","tier":"tier2","minZoom":12,"confidence_public":"Statewide hydrography context outside current cutthroat lineage model","geometry_status_public":"Named natural stream occurrence from statewide hydrography","geometry_source_public":"Grouped public hydrography segments","trout_source_public":"Included for Colorado statewide hydrography completeness","public_notes":"South Dry Creek is shown as statewide Colorado hydrography context outside the current cutthroat lineage assignment set."}},{"type":"Feature","geometry":{"type":"LineString","coordinates":[[-103.9167,37.7517],[-103.9149,37.7527]]},"properties":{"source_id":"co_named_stream_045704","name":"South Dry Creek","display_name":"South Dry Creek","mapped_name":"South Dry Creek","source_name":"South Dry Creek","state":"CO","atlas_class":"named_natural_stream","huc8":"11020005","huc8Name":"Upper Arkansas-Lake Meredith","huc8States":"CO","lineageKey":"statewideContext","lineage":"statewideContext","historic":"statewideContext","current":"statewideContext","recovery":"statewideContext","lineageLabel":"Statewide Colorado hydrography context","lineageBasin":"","lineageNote":"","atlas_context":"statewide_hydrography_context","confidence":"Statewide hydrography context outside current cutthroat lineage model","geometryStatus":"Named natural stream segment from statewide hydrography","note":"This named natural stream is included for statewide Colorado hydrography completeness and is outside the current cutthroat lineage assignment set.","source_segment_id":"co_named_stream_045704","water_id":"co_south_dry_creek_11020005_statewideContext_001","occurrence_id":"co_south_dry_creek_11020005_statewideContext_001","occurrence_number":"001","segment_count":58,"disambiguator":"Upper Arkansas-Lake Meredith · Statewide Colorado hydrography context · occurrence 001","basin":"Upper Arkansas-Lake Meredith","atlas_layer":"named_water_occurrence","object_role":"named_water_occurrence","historic_label":"Statewide Colorado hydrography context","current_label":"Statewide Colorado hydrography context","recovery_label":"Statewide Colorado hydrography context","tier":"tier2","minZoom":12,"confidence_public":"Statewide hydrography context outside current cutthroat lineage model","geometry_status_public":"Named natural stream occurrence from statewide hydrography","geometry_source_public":"Grouped public hydrography segments","trout_source_public":"Included for Colorado statewide hydrography completeness","public_notes":"South Dry Creek is shown as statewide Colorado hydrography context outside the current cutthroat lineage assignment set."}},{"type":"Feature","geometry":{"type":"LineString","coordinates":[[-103.904,37.7603],[-103.9043,37.7611],[-103.9016,37.7641]]},"properties":{"source_id":"co_named_stream_045749","name":"South Dry Creek","display_name":"South Dry Creek","mapped_name":"South Dry Creek","source_name":"South Dry Creek","state":"CO","atlas_class":"named_natural_stream","huc8":"11020005","huc8Name":"Upper Arkansas-Lake Meredith","huc8States":"CO","lineageKey":"statewideContext","lineage":"statewideContext","historic":"statewideContext","current":"statewideContext","recovery":"statewideContext","lineageLabel":"Statewide Colorado hydrography context","lineageBasin":"","lineageNote":"","atlas_context":"statewide_hydrography_context","confidence":"Statewide hydrography context outside current cutthroat lineage model","geometryStatus":"Named natural stream segment from statewide hydrography","note":"This named natural stream is included for statewide Colorado hydrography completeness and is outside the current cutthroat lineage assignment set.","source_segment_id":"co_named_stream_045749","water_id":"co_south_dry_creek_11020005_statewideContext_001","occurrence_id":"co_south_dry_creek_11020005_statewideContext_001","occurrence_number":"001","segment_count":58,"disambiguator":"Upper Arkansas-Lake Meredith · Statewide Colorado hydrography context · occurrence 001","basin":"Upper Arkansas-Lake Meredith","atlas_layer":"named_water_occurrence","object_role":"named_water_occurrence","historic_label":"Statewide Colorado hydrography context","current_label":"Statewide Colorado hydrography context","recovery_label":"Statewide Colorado hydrography context","tier":"tier2","minZoom":12,"confidence_public":"Statewide hydrography context outside current cutthroat lineage model","geometry_status_public":"Named natural stream occurrence from statewide hydrography","geometry_source_public":"Grouped public hydrography segments","trout_source_public":"Included for Colorado statewide hydrography completeness","public_notes":"South Dry Creek is shown as statewide Colorado hydrography context outside the current cutthroat lineage assignment set."}},{"type":"Feature","geometry":{"type":"LineString","coordinates":[[-103.8053,37.8439],[-103.8054,37.8448],[-103.8032,37.8459],[-103.8034,37.8475],[-103.8026,37.8477],[-103.8035,37.8492],[-103.8028,37.8507],[-103.804,37.8511],[-103.8035,37.8523]]},"properties":{"source_id":"co_named_stream_045939","name":"South Dry Creek","display_name":"South Dry Creek","mapped_name":"South Dry Creek","source_name":"South Dry Creek","state":"CO","atlas_class":"named_natural_stream","huc8":"11020005","huc8Name":"Upper Arkansas-Lake Meredith","huc8States":"CO","lineageKey":"statewideContext","lineage":"statewideContext","historic":"statewideContext","current":"statewideContext","recovery":"statewideContext","lineageLabel":"Statewide Colorado hydrography context","lineageBasin":"","lineageNote":"","atlas_context":"statewide_hydrography_context","confidence":"Statewide hydrography context outside current cutthroat lineage model","geometryStatus":"Named natural stream segment from statewide hydrography","note":"This named natural stream is included for statewide Colorado hydrography completeness and is outside the current cutthroat lineage assignment set.","source_segment_id":"co_named_stream_045939","water_id":"co_south_dry_creek_11020005_statewideContext_001","occurrence_id":"co_south_dry_creek_11020005_statewideContext_001","occurrence_number":"001","segment_count":58,"disambiguator":"Upper Arkansas-Lake Meredith · Statewide Colorado hydrography context · occurrence 001","basin":"Upper Arkansas-Lake Meredith","atlas_layer":"named_water_occurrence","object_role":"named_water_occurrence","historic_label":"Statewide Colorado hydrography context","current_label":"Statewide Colorado hydrography context","recovery_label":"Statewide Colorado hydrography context","tier":"tier2","minZoom":12,"confidence_public":"Statewide hydrography context outside current cutthroat lineage model","geometry_status_public":"Named natural stream occurrence from statewide hydrography","geometry_source_public":"Grouped public hydrography segments","trout_source_public":"Included for Colorado statewide hydrography completeness","public_notes":"South Dry Creek is shown as statewide Colorado hydrography context outside the current cutthroat lineage assignment set."}},{"type":"Feature","geometry":{"type":"LineString","coordinates":[[-103.904,37.7597],[-103.904,37.7603]]},"properties":{"source_id":"co_named_stream_045999","name":"South Dry Creek","display_name":"South Dry Creek","mapped_name":"South Dry Creek","source_name":"South Dry Creek","state":"CO","atlas_class":"named_natural_stream","huc8":"11020005","huc8Name":"Upper Arkansas-Lake Meredith","huc8States":"CO","lineageKey":"statewideContext","lineage":"statewideContext","historic":"statewideContext","current":"statewideContext","recovery":"statewideContext","lineageLabel":"Statewide Colorado hydrography context","lineageBasin":"","lineageNote":"","atlas_context":"statewide_hydrography_context","confidence":"Statewide hydrography context outside current cutthroat lineage model","geometryStatus":"Named natural stream segment from statewide hydrography","note":"This named natural stream is included for statewide Colorado hydrography completeness and is outside the current cutthroat lineage assignment set.","source_segment_id":"co_named_stream_045999","water_id":"co_south_dry_creek_11020005_statewideContext_001","occurrence_id":"co_south_dry_creek_11020005_statewideContext_001","occurrence_number":"001","segment_count":58,"disambiguator":"Upper Arkansas-Lake Meredith · Statewide Colorado hydrography context · occurrence 001","basin":"Upper Arkansas-Lake Meredith","atlas_layer":"named_water_occurrence","object_role":"named_water_occurrence","historic_label":"Statewide Colorado hydrography context","current_label":"Statewide Colorado hydrography context","recovery_label":"Statewide Colorado hydrography context","tier":"tier2","minZoom":12,"confidence_public":"Statewide hydrography context outside current cutthroat lineage model","geometry_status_public":"Named natural stream occurrence from statewide hydrography","geometry_source_public":"Grouped public hydrography segments","trout_source_public":"Included for Colorado statewide hydrography completeness","public_notes":"South Dry Creek is shown as statewide Colorado hydrography context outside the current cutthroat lineage assignment set."}},{"type":"Feature","geometry":{"type":"LineString","coordinates":[[-103.9116,37.7537],[-103.9095,37.7542]]},"properties":{"source_id":"co_named_stream_046071","name":"South Dry Creek","display_name":"South Dry Creek","mapped_name":"South Dry Creek","source_name":"South Dry Creek","state":"CO","atlas_class":"named_natural_stream","huc8":"11020005","huc8Name":"Upper Arkansas-Lake Meredith","huc8States":"CO","lineageKey":"statewideContext","lineage":"statewideContext","historic":"statewideContext","current":"statewideContext","recovery":"statewideContext","lineageLabel":"Statewide Colorado hydrography context","lineageBasin":"","lineageNote":"","atlas_context":"statewide_hydrography_context","confidence":"Statewide hydrography context outside current cutthroat lineage model","geometryStatus":"Named natural stream segment from statewide hydrography","note":"This named natural stream is included for statewide Colorado hydrography completeness and is outside the current cutthroat lineage assignment set.","source_segment_id":"co_named_stream_046071","water_id":"co_south_dry_creek_11020005_statewideContext_001","occurrence_id":"co_south_dry_creek_11020005_statewideContext_001","occurrence_number":"001","segment_count":58,"disambiguator":"Upper Arkansas-Lake Meredith · Statewide Colorado hydrography context · occurrence 001","basin":"Upper Arkansas-Lake Meredith","atlas_layer":"named_water_occurrence","object_role":"named_water_occurrence","historic_label":"Statewide Colorado hydrography context","current_label":"Statewide Colorado hydrography context","recovery_label":"Statewide Colorado hydrography context","tier":"tier2","minZoom":12,"confidence_public":"Statewide hydrography context outside current cutthroat lineage model","geometry_status_public":"Named natural stream occurrence from statewide hydrography","geometry_source_public":"Grouped public hydrography segments","trout_source_public":"Included for Colorado statewide hydrography completeness","public_notes":"South Dry Creek is shown as statewide Colorado hydrography context outside the current cutthroat lineage assignment set."}},{"type":"Feature","geometry":{"type":"LineString","coordinates":[[-103.9067,37.7569],[-103.9059,37.7589],[-103.9048,37.7587]]},"properties":{"source_id":"co_named_stream_046072","name":"South Dry Creek","display_name":"South Dry Creek","mapped_name":"South Dry Creek","source_name":"South Dry Creek","state":"CO","atlas_class":"named_natural_stream","huc8":"11020005","huc8Name":"Upper Arkansas-Lake Meredith","huc8States":"CO","lineageKey":"statewideContext","lineage":"statewideContext","historic":"statewideContext","current":"statewideContext","recovery":"statewideContext","lineageLabel":"Statewide Colorado hydrography context","lineageBasin":"","lineageNote":"","atlas_context":"statewide_hydrography_context","confidence":"Statewide hydrography context outside current cutthroat lineage model","geometryStatus":"Named natural stream segment from statewide hydrography","note":"This named natural stream is included for statewide Colorado hydrography completeness and is outside the current cutthroat lineage assignment set.","source_segment_id":"co_named_stream_046072","water_id":"co_south_dry_creek_11020005_statewideContext_001","occurrence_id":"co_south_dry_creek_11020005_statewideContext_001","occurrence_number":"001","segment_count":58,"disambiguator":"Upper Arkansas-Lake Meredith · Statewide Colorado hydrography context · occurrence 001","basin":"Upper Arkansas-Lake Meredith","atlas_layer":"named_water_occurrence","object_role":"named_water_occurrence","historic_label":"Statewide Colorado hydrography context","current_label":"Statewide Colorado hydrography context","recovery_label":"Statewide Colorado hydrography context","tier":"tier2","minZoom":12,"confidence_public":"Statewide hydrography context outside current cutthroat lineage model","geometry_status_public":"Named natural stream occurrence from statewide hydrography","geometry_source_public":"Grouped public hydrography segments","trout_source_public":"Included for Colorado statewide hydrography completeness","public_notes":"South Dry Creek is shown as statewide Colorado hydrography context outside the current cutthroat lineage assignment set."}},{"type":"Feature","geometry":{"type":"LineString","coordinates":[[-103.9084,37.7558],[-103.9084,37.7562]]},"properties":{"source_id":"co_named_stream_050207","name":"South Dry Creek","display_name":"South Dry Creek","mapped_name":"South Dry Creek","source_name":"South Dry Creek","state":"CO","atlas_class":"named_natural_stream","huc8":"11020005","huc8Name":"Upper Arkansas-Lake Meredith","huc8States":"CO","lineageKey":"statewideContext","lineage":"statewideContext","historic":"statewideContext","current":"statewideContext","recovery":"statewideContext","lineageLabel":"Statewide Colorado hydrography context","lineageBasin":"","lineageNote":"","atlas_context":"statewide_hydrography_context","confidence":"Statewide hydrography context outside current cutthroat lineage model","geometryStatus":"Named natural stream segment from statewide hydrography","note":"This named natural stream is included for statewide Colorado hydrography completeness and is outside the current cutthroat lineage assignment set.","source_segment_id":"co_named_stream_050207","water_id":"co_south_dry_creek_11020005_statewideContext_001","occurrence_id":"co_south_dry_creek_11020005_statewideContext_001","occurrence_number":"001","segment_count":58,"disambiguator":"Upper Arkansas-Lake Meredith · Statewide Colorado hydrography context · occurrence 001","basin":"Upper Arkansas-Lake Meredith","atlas_layer":"named_water_occurrence","object_role":"named_water_occurrence","historic_label":"Statewide Colorado hydrography context","current_label":"Statewide Colorado hydrography context","recovery_label":"Statewide Colorado hydrography context","tier":"tier2","minZoom":12,"confidence_public":"Statewide hydrography context outside current cutthroat lineage model","geometry_status_public":"Named natural stream occurrence from statewide hydrography","geometry_source_public":"Grouped public hydrography segments","trout_source_public":"Included for Colorado statewide hydrography completeness","public_notes":"South Dry Creek is shown as statewide Colorado hydrography context outside the current cutthroat lineage assignment set."}},{"type":"Feature","geometry":{"type":"LineString","coordinates":[[-103.8048,37.7549],[-103.8059,37.7552],[-103.8066,37.7574],[-103.8088,37.7561]]},"properties":{"source_id":"co_named_stream_030344","name":"Lone Tree Arroyo","display_name":"Lone Tree Arroyo","mapped_name":"Lone Tree Arroyo","source_name":"Lone Tree Arroyo","state":"CO","atlas_class":"named_natural_stream","huc8":"11020005","huc8Name":"Upper Arkansas-Lake Meredith","huc8States":"CO","lineageKey":"statewideContext","lineage":"statewideContext","historic":"statewideContext","current":"statewideContext","recovery":"statewideContext","lineageLabel":"Statewide Colorado hydrography context","lineageBasin":"","lineageNote":"","atlas_context":"statewide_hydrography_context","confidence":"Statewide hydrography context outside current cutthroat lineage model","geometryStatus":"Named natural stream segment from statewide hydrography","note":"This named natural stream is included for statewide Colorado hydrography completeness and is outside the current cutthroat lineage assignment set.","source_segment_id":"co_named_stream_030344","water_id":"co_lone_tree_arroyo_11020005_statewideContext_001","occurrence_id":"co_lone_tree_arroyo_11020005_statewideContext_001","occurrence_number":"001","segment_count":73,"disambiguator":"Upper Arkansas-Lake Meredith · Statewide Colorado hydrography context · occurrence 001","basin":"Upper Arkansas-Lake Meredith","atlas_layer":"named_water_occurrence","object_role":"named_water_occurrence","historic_label":"Statewide Colorado hydrography context","current_label":"Statewide Colorado hydrography context","recovery_label":"Statewide Colorado hydrography context","tier":"tier2","minZoom":12,"confidence_public":"Statewide hydrography context outside current cutthroat lineage model","geometry_status_public":"Named natural stream occurrence from statewide hydrography","geometry_source_public":"Grouped public hydrography segments","trout_source_public":"Included for Colorado statewide hydrography completeness","public_notes":"Lone Tree Arroyo is shown as statewide Colorado hydrography context outside the current cutthroat lineage assignment set."}},{"type":"Feature","geometry":{"type":"LineString","coordinates":[[-103.8111,37.7584],[-103.8116,37.7588]]},"properties":{"source_id":"co_named_stream_034855","name":"Lone Tree Arroyo","display_name":"Lone Tree Arroyo","mapped_name":"Lone Tree Arroyo","source_name":"Lone Tree Arroyo","state":"CO","atlas_class":"named_natural_stream","huc8":"11020005","huc8Name":"Upper Arkansas-Lake Meredith","huc8States":"CO","lineageKey":"statewideContext","lineage":"statewideContext","historic":"statewideContext","current":"statewideContext","recovery":"statewideContext","lineageLabel":"Statewide Colorado hydrography context","lineageBasin":"","lineageNote":"","atlas_context":"statewide_hydrography_context","confidence":"Statewide hydrography context outside current cutthroat lineage model","geometryStatus":"Named natural stream segment from statewide hydrography","note":"This named natural stream is included for statewide Colorado hydrography completeness and is outside the current cutthroat lineage assignment set.","source_segment_id":"co_named_stream_034855","water_id":"co_lone_tree_arroyo_11020005_statewideContext_001","occurrence_id":"co_lone_tree_arroyo_11020005_statewideContext_001","occurrence_number":"001","segment_count":73,"disambiguator":"Upper Arkansas-Lake Meredith · Statewide Colorado hydrography context · occurrence 001","basin":"Upper Arkansas-Lake Meredith","atlas_layer":"named_water_occurrence","object_role":"named_water_occurrence","historic_label":"Statewide Colorado hydrography context","current_label":"Statewide Colorado hydrography context","recovery_label":"Statewide Colorado hydrography context","tier":"tier2","minZoom":12,"confidence_public":"Statewide hydrography context outside current cutthroat lineage model","geometry_status_public":"Named natural stream occurrence from statewide hydrography","geometry_source_public":"Grouped public hydrography segments","trout_source_public":"Included for Colorado statewide hydrography completeness","public_notes":"Lone Tree Arroyo is shown as statewide Colorado hydrography context outside the current cutthroat lineage assignment set."}},{"type":"Feature","geometry":{"type":"LineString","coordinates":[[-103.8018,37.7535],[-103.8026,37.7536]]},"properties":{"source_id":"co_named_stream_034856","name":"Lone Tree Arroyo","display_name":"Lone Tree Arroyo","mapped_name":"Lone Tree Arroyo","source_name":"Lone Tree Arroyo","state":"CO","atlas_class":"named_natural_stream","huc8":"11020005","huc8Name":"Upper Arkansas-Lake Meredith","huc8States":"CO","lineageKey":"statewideContext","lineage":"statewideContext","historic":"statewideContext","current":"statewideContext","recovery":"statewideContext","lineageLabel":"Statewide Colorado hydrography context","lineageBasin":"","lineageNote":"","atlas_context":"statewide_hydrography_context","confidence":"Statewide hydrography context outside current cutthroat lineage model","geometryStatus":"Named natural stream segment from statewide hydrography","note":"This named natural stream is included for statewide Colorado hydrography completeness and is outside the current cutthroat lineage assignment set.","source_segment_id":"co_named_stream_034856","water_id":"co_lone_tree_arroyo_11020005_statewideContext_001","occurrence_id":"co_lone_tree_arroyo_11020005_statewideContext_001","occurrence_number":"001","segment_count":73,"disambiguator":"Upper Arkansas-Lake Meredith · Statewide Colorado hydrography context · occurrence 001","basin":"Upper Arkansas-Lake Meredith","atlas_layer":"named_water_occurrence","object_role":"named_water_occurrence","historic_label":"Statewide Colorado hydrography context","current_label":"Statewide Colorado hydrography context","recovery_label":"Statewide Colorado hydrography context","tier":"tier2","minZoom":12,"confidence_public":"Statewide hydrography context outside current cutthroat lineage model","geometry_status_public":"Named natural stream occurrence from statewide hydrography","geometry_source_public":"Grouped public hydrography segments","trout_source_public":"Included for Colorado statewide hydrography completeness","public_notes":"Lone Tree Arroyo is shown as statewide Colorado hydrography context outside the current cutthroat lineage assignment set."}},{"type":"Feature","geometry":{"type":"LineString","coordinates":[[-103.8166,37.7625],[-103.817,37.7644]]},"properties":{"source_id":"co_named_stream_035085","name":"Lone Tree Arroyo","display_name":"Lone Tree Arroyo","mapped_name":"Lone Tree Arroyo","source_name":"Lone Tree Arroyo","state":"CO","atlas_class":"named_natural_stream","huc8":"11020005","huc8Name":"Upper Arkansas-Lake Meredith","huc8States":"CO","lineageKey":"statewideContext","lineage":"statewideContext","historic":"statewideContext","current":"statewideContext","recovery":"statewideContext","lineageLabel":"Statewide Colorado hydrography context","lineageBasin":"","lineageNote":"","atlas_context":"statewide_hydrography_context","confidence":"Statewide hydrography context outside current cutthroat lineage model","geometryStatus":"Named natural stream segment from statewide hydrography","note":"This named natural stream is included for statewide Colorado hydrography completeness and is outside the current cutthroat lineage assignment set.","source_segment_id":"co_named_stream_035085","water_id":"co_lone_tree_arroyo_11020005_statewideContext_001","occurrence_id":"co_lone_tree_arroyo_11020005_statewideContext_001","occurrence_number":"001","segment_count":73,"disambiguator":"Upper Arkansas-Lake Meredith · Statewide Colorado hydrography context · occurrence 001","basin":"Upper Arkansas-Lake Meredith","atlas_layer":"named_water_occurrence","object_role":"named_water_occurrence","historic_label":"Statewide Colorado hydrography context","current_label":"Statewide Colorado hydrography context","recovery_label":"Statewide Colorado hydrography context","tier":"tier2","minZoom":12,"confidence_public":"Statewide hydrography context outside current cutthroat lineage model","geometry_status_public":"Named natural stream occurrence from statewide hydrography","geometry_source_public":"Grouped public hydrography segments","trout_source_public":"Included for Colorado statewide hydrography completeness","public_notes":"Lone Tree Arroyo is shown as statewide Colorado hydrography context outside the current cutthroat lineage assignment set."}},{"type":"Feature","geometry":{"type":"LineString","coordinates":[[-103.8197,37.7638],[-103.8206,37.7649]]},"properties":{"source_id":"co_named_stream_037764","name":"Lone Tree Arroyo","display_name":"Lone Tree Arroyo","mapped_name":"Lone Tree Arroyo","source_name":"Lone Tree Arroyo","state":"CO","atlas_class":"named_natural_stream","huc8":"11020005","huc8Name":"Upper Arkansas-Lake Meredith","huc8States":"CO","lineageKey":"statewideContext","lineage":"statewideContext","historic":"statewideContext","current":"statewideContext","recovery":"statewideContext","lineageLabel":"Statewide Colorado hydrography context","lineageBasin":"","lineageNote":"","atlas_context":"statewide_hydrography_context","confidence":"Statewide hydrography context outside current cutthroat lineage model","geometryStatus":"Named natural stream segment from statewide hydrography","note":"This named natural stream is included for statewide Colorado hydrography completeness and is outside the current cutthroat lineage assignment set.","source_segment_id":"co_named_stream_037764","water_id":"co_lone_tree_arroyo_11020005_statewideContext_001","occurrence_id":"co_lone_tree_arroyo_11020005_statewideContext_001","occurrence_number":"001","segment_count":73,"disambiguator":"Upper Arkansas-Lake Meredith · Statewide Colorado hydrography context · occurrence 001","basin":"Upper Arkansas-Lake Meredith","atlas_layer":"named_water_occurrence","object_role":"named_water_occurrence","historic_label":"Statewide Colorado hydrography context","current_label":"Statewide Colorado hydrography context","recovery_label":"Statewide Colorado hydrography context","tier":"tier2","minZoom":12,"confidence_public":"Statewide hydrography context outside current cutthroat lineage model","geometry_status_public":"Named natural stream occurrence from statewide hydrography","geometry_source_public":"Grouped public hydrography segments","trout_source_public":"Included for Colorado statewide hydrography completeness","public_notes":"Lone Tree Arroyo is shown as statewide Colorado hydrography context outside the current cutthroat lineage assignment set."}},{"type":"Feature","geometry":{"type":"LineString","coordinates":[[-103.8104,37.7581],[-103.8111,37.7584]]},"properties":{"source_id":"co_named_stream_037778","name":"Lone Tree Arroyo","display_name":"Lone Tree Arroyo","mapped_name":"Lone Tree Arroyo","source_name":"Lone Tree Arroyo","state":"CO","atlas_class":"named_natural_stream","huc8":"11020005","huc8Name":"Upper Arkansas-Lake Meredith","huc8States":"CO","lineageKey":"statewideContext","lineage":"statewideContext","historic":"statewideContext","current":"statewideContext","recovery":"statewideContext","lineageLabel":"Statewide Colorado hydrography context","lineageBasin":"","lineageNote":"","atlas_context":"statewide_hydrography_context","confidence":"Statewide hydrography context outside current cutthroat lineage model","geometryStatus":"Named natural stream segment from statewide hydrography","note":"This named natural stream is included for statewide Colorado hydrography completeness and is outside the current cutthroat lineage assignment set.","source_segment_id":"co_named_stream_037778","water_id":"co_lone_tree_arroyo_11020005_statewideContext_001","occurrence_id":"co_lone_tree_arroyo_11020005_statewideContext_001","occurrence_number":"001","segment_count":73,"disambiguator":"Upper Arkansas-Lake Meredith · Statewide Colorado hydrography context · occurrence 001","basin":"Upper Arkansas-Lake Meredith","atlas_layer":"named_water_occurrence","object_role":"named_water_occurrence","historic_label":"Statewide Colorado hydrography context","current_label":"Statewide Colorado hydrography context","recovery_label":"Statewide Colorado hydrography context","tier":"tier2","minZoom":12,"confidence_public":"Statewide hydrography context outside current cutthroat lineage model","geometry_status_public":"Named natural stream occurrence from statewide hydrography","geometry_source_public":"Grouped public hydrography segments","trout_source_public":"Included for Colorado statewide hydrography completeness","public_notes":"Lone Tree Arroyo is shown as statewide Colorado hydrography context outside the current cutthroat lineage assignment set."}},{"type":"Feature","geometry":{"type":"LineString","coordinates":[[-103.8098,37.7579],[-103.8104,37.7581]]},"properties":{"source_id":"co_named_stream_037779","name":"Lone Tree Arroyo","display_name":"Lone Tree Arroyo","mapped_name":"Lone Tree Arroyo","source_name":"Lone Tree Arroyo","state":"CO","atlas_class":"named_natural_stream","huc8":"11020005","huc8Name":"Upper Arkansas-Lake Meredith","huc8States":"CO","lineageKey":"statewideContext","lineage":"statewideContext","historic":"statewideContext","current":"statewideContext","recovery":"statewideContext","lineageLabel":"Statewide Colorado hydrography context","lineageBasin":"","lineageNote":"","atlas_context":"statewide_hydrography_context","confidence":"Statewide hydrography context outside current cutthroat lineage model","geometryStatus":"Named natural stream segment from statewide hydrography","note":"This named natural stream is included for statewide Colorado hydrography completeness and is outside the current cutthroat lineage assignment set.","source_segment_id":"co_named_stream_037779","water_id":"co_lone_tree_arroyo_11020005_statewideContext_001","occurrence_id":"co_lone_tree_arroyo_11020005_statewideContext_001","occurrence_number":"001","segment_count":73,"disambiguator":"Upper Arkansas-Lake Meredith · Statewide Colorado hydrography context · occurrence 001","basin":"Upper Arkansas-Lake Meredith","atlas_layer":"named_water_occurrence","object_role":"named_water_occurrence","historic_label":"Statewide Colorado hydrography context","current_label":"Statewide Colorado hydrography context","recovery_label":"Statewide Colorado hydrography context","tier":"tier2","minZoom":12,"confidence_public":"Statewide hydrography context outside current cutthroat lineage model","geometry_status_public":"Named natural stream occurrence from statewide hydrography","geometry_source_public":"Grouped public hydrography segments","trout_source_public":"Included for Colorado statewide hydrography completeness","public_notes":"Lone Tree Arroyo is shown as statewide Colorado hydrography context outside the current cutthroat lineage assignment set."}},{"type":"Feature","geometry":{"type":"LineString","coordinates":[[-103.8088,37.7561],[-103.8098,37.7579]]},"properties":{"source_id":"co_named_stream_038981","name":"Lone Tree Arroyo","display_name":"Lone Tree Arroyo","mapped_name":"Lone Tree Arroyo","source_name":"Lone Tree Arroyo","state":"CO","atlas_class":"named_natural_stream","huc8":"11020005","huc8Name":"Upper Arkansas-Lake Meredith","huc8States":"CO","lineageKey":"statewideContext","lineage":"statewideContext","historic":"statewideContext","current":"statewideContext","recovery":"statewideContext","lineageLabel":"Statewide Colorado hydrography context","lineageBasin":"","lineageNote":"","atlas_context":"statewide_hydrography_context","confidence":"Statewide hydrography context outside current cutthroat lineage model","geometryStatus":"Named natural stream segment from statewide hydrography","note":"This named natural stream is included for statewide Colorado hydrography completeness and is outside the current cutthroat lineage assignment set.","source_segment_id":"co_named_stream_038981","water_id":"co_lone_tree_arroyo_11020005_statewideContext_001","occurrence_id":"co_lone_tree_arroyo_11020005_statewideContext_001","occurrence_number":"001","segment_count":73,"disambiguator":"Upper Arkansas-Lake Meredith · Statewide Colorado hydrography context · occurrence 001","basin":"Upper Arkansas-Lake Meredith","atlas_layer":"named_water_occurrence","object_role":"named_water_occurrence","historic_label":"Statewide Colorado hydrography context","current_label":"Statewide Colorado hydrography context","recovery_label":"Statewide Colorado hydrography context","tier":"tier2","minZoom":12,"confidence_public":"Statewide hydrography context outside current cutthroat lineage model","geometry_status_public":"Named natural stream occurrence from statewide hydrography","geometry_source_public":"Grouped public hydrography segments","trout_source_public":"Included for Colorado statewide hydrography completeness","public_notes":"Lone Tree Arroyo is shown as statewide Colorado hydrography context outside the current cutthroat lineage assignment set."}},{"type":"Feature","geometry":{"type":"LineString","coordinates":[[-103.801,37.751],[-103.8018,37.7535]]},"properties":{"source_id":"co_named_stream_040045","name":"Lone Tree Arroyo","display_name":"Lone Tree Arroyo","mapped_name":"Lone Tree Arroyo","source_name":"Lone Tree Arroyo","state":"CO","atlas_class":"named_natural_stream","huc8":"11020005","huc8Name":"Upper Arkansas-Lake Meredith","huc8States":"CO","lineageKey":"statewideContext","lineage":"statewideContext","historic":"statewideContext","current":"statewideContext","recovery":"statewideContext","lineageLabel":"Statewide Colorado hydrography context","lineageBasin":"","lineageNote":"","atlas_context":"statewide_hydrography_context","confidence":"Statewide hydrography context outside current cutthroat lineage model","geometryStatus":"Named natural stream segment from statewide hydrography","note":"This named natural stream is included for statewide Colorado hydrography completeness and is outside the current cutthroat lineage assignment set.","source_segment_id":"co_named_stream_040045","water_id":"co_lone_tree_arroyo_11020005_statewideContext_001","occurrence_id":"co_lone_tree_arroyo_11020005_statewideContext_001","occurrence_number":"001","segment_count":73,"disambiguator":"Upper Arkansas-Lake Meredith · Statewide Colorado hydrography context · occurrence 001","basin":"Upper Arkansas-Lake Meredith","atlas_layer":"named_water_occurrence","object_role":"named_water_occurrence","historic_label":"Statewide Colorado hydrography context","current_label":"Statewide Colorado hydrography context","recovery_label":"Statewide Colorado hydrography context","tier":"tier2","minZoom":12,"confidence_public":"Statewide hydrography context outside current cutthroat lineage model","geometry_status_public":"Named natural stream occurrence from statewide hydrography","geometry_source_public":"Grouped public hydrography segments","trout_source_public":"Included for Colorado statewide hydrography completeness","public_notes":"Lone Tree Arroyo is shown as statewide Colorado hydrography context outside the current cutthroat lineage assignment set."}},{"type":"Feature","geometry":{"type":"LineString","coordinates":[[-103.817,37.7644],[-103.8197,37.7638]]},"properties":{"source_id":"co_named_stream_043596","name":"Lone Tree Arroyo","display_name":"Lone Tree Arroyo","mapped_name":"Lone Tree Arroyo","source_name":"Lone Tree Arroyo","state":"CO","atlas_class":"named_natural_stream","huc8":"11020005","huc8Name":"Upper Arkansas-Lake Meredith","huc8States":"CO","lineageKey":"statewideContext","lineage":"statewideContext","historic":"statewideContext","current":"statewideContext","recovery":"statewideContext","lineageLabel":"Statewide Colorado hydrography context","lineageBasin":"","lineageNote":"","atlas_context":"statewide_hydrography_context","confidence":"Statewide hydrography context outside current cutthroat lineage model","geometryStatus":"Named natural stream segment from statewide hydrography","note":"This named natural stream is included for statewide Colorado hydrography completeness and is outside the current cutthroat lineage assignment set.","source_segment_id":"co_named_stream_043596","water_id":"co_lone_tree_arroyo_11020005_statewideContext_001","occurrence_id":"co_lone_tree_arroyo_11020005_statewideContext_001","occurrence_number":"001","segment_count":73,"disambiguator":"Upper Arkansas-Lake Meredith · Statewide Colorado hydrography context · occurrence 001","basin":"Upper Arkansas-Lake Meredith","atlas_layer":"named_water_occurrence","object_role":"named_water_occurrence","historic_label":"Statewide Colorado hydrography context","current_label":"Statewide Colorado hydrography context","recovery_label":"Statewide Colorado hydrography context","tier":"tier2","minZoom":12,"confidence_public":"Statewide hydrography context outside current cutthroat lineage model","geometry_status_public":"Named natural stream occurrence from statewide hydrography","geometry_source_public":"Grouped public hydrography segments","trout_source_public":"Included for Colorado statewide hydrography completeness","public_notes":"Lone Tree Arroyo is shown as statewide Colorado hydrography context outside the current cutthroat lineage assignment set."}},{"type":"Feature","geometry":{"type":"LineString","coordinates":[[-103.8026,37.7536],[-103.8048,37.7549]]},"properties":{"source_id":"co_named_stream_045583","name":"Lone Tree Arroyo","display_name":"Lone Tree Arroyo","mapped_name":"Lone Tree Arroyo","source_name":"Lone Tree Arroyo","state":"CO","atlas_class":"named_natural_stream","huc8":"11020005","huc8Name":"Upper Arkansas-Lake Meredith","huc8States":"CO","lineageKey":"statewideContext","lineage":"statewideContext","historic":"statewideContext","current":"statewideContext","recovery":"statewideContext","lineageLabel":"Statewide Colorado hydrography context","lineageBasin":"","lineageNote":"","atlas_context":"statewide_hydrography_context","confidence":"Statewide hydrography context outside current cutthroat lineage model","geometryStatus":"Named natural stream segment from statewide hydrography","note":"This named natural stream is included for statewide Colorado hydrography completeness and is outside the current cutthroat lineage assignment set.","source_segment_id":"co_named_stream_045583","water_id":"co_lone_tree_arroyo_11020005_statewideContext_001","occurrence_id":"co_lone_tree_arroyo_11020005_statewideContext_001","occurrence_number":"001","segment_count":73,"disambiguator":"Upper Arkansas-Lake Meredith · Statewide Colorado hydrography context · occurrence 001","basin":"Upper Arkansas-Lake Meredith","atlas_layer":"named_water_occurrence","object_role":"named_water_occurrence","historic_label":"Statewide Colorado hydrography context","current_label":"Statewide Colorado hydrography context","recovery_label":"Statewide Colorado hydrography context","tier":"tier2","minZoom":12,"confidence_public":"Statewide hydrography context outside current cutthroat lineage model","geometry_status_public":"Named natural stream occurrence from statewide hydrography","geometry_source_public":"Grouped public hydrography segments","trout_source_public":"Included for Colorado statewide hydrography completeness","public_notes":"Lone Tree Arroyo is shown as statewide Colorado hydrography context outside the current cutthroat lineage assignment set."}},{"type":"Feature","geometry":{"type":"LineString","coordinates":[[-103.7964,37.7506],[-103.7982,37.7515]]},"properties":{"source_id":"co_named_stream_045747","name":"Lone Tree Arroyo","display_name":"Lone Tree Arroyo","mapped_name":"Lone Tree Arroyo","source_name":"Lone Tree Arroyo","state":"CO","atlas_class":"named_natural_stream","huc8":"11020005","huc8Name":"Upper Arkansas-Lake Meredith","huc8States":"CO","lineageKey":"statewideContext","lineage":"statewideContext","historic":"statewideContext","current":"statewideContext","recovery":"statewideContext","lineageLabel":"Statewide Colorado hydrography context","lineageBasin":"","lineageNote":"","atlas_context":"statewide_hydrography_context","confidence":"Statewide hydrography context outside current cutthroat lineage model","geometryStatus":"Named natural stream segment from statewide hydrography","note":"This named natural stream is included for statewide Colorado hydrography completeness and is outside the current cutthroat lineage assignment set.","source_segment_id":"co_named_stream_045747","water_id":"co_lone_tree_arroyo_11020005_statewideContext_001","occurrence_id":"co_lone_tree_arroyo_11020005_statewideContext_001","occurrence_number":"001","segment_count":73,"disambiguator":"Upper Arkansas-Lake Meredith · Statewide Colorado hydrography context · occurrence 001","basin":"Upper Arkansas-Lake Meredith","atlas_layer":"named_water_occurrence","object_role":"named_water_occurrence","historic_label":"Statewide Colorado hydrography context","current_label":"Statewide Colorado hydrography context","recovery_label":"Statewide Colorado hydrography context","tier":"tier2","minZoom":12,"confidence_public":"Statewide hydrography context outside current cutthroat lineage model","geometry_status_public":"Named natural stream occurrence from statewide hydrography","geometry_source_public":"Grouped public hydrography segments","trout_source_public":"Included for Colorado statewide hydrography completeness","public_notes":"Lone Tree Arroyo is shown as statewide Colorado hydrography context outside the current cutthroat lineage assignment set."}},{"type":"Feature","geometry":{"type":"LineString","coordinates":[[-103.7964,37.7496],[-103.7964,37.7506]]},"properties":{"source_id":"co_named_stream_045748","name":"Lone Tree Arroyo","display_name":"Lone Tree Arroyo","mapped_name":"Lone Tree Arroyo","source_name":"Lone Tree Arroyo","state":"CO","atlas_class":"named_natural_stream","huc8":"11020005","huc8Name":"Upper Arkansas-Lake Meredith","huc8States":"CO","lineageKey":"statewideContext","lineage":"statewideContext","historic":"statewideContext","current":"statewideContext","recovery":"statewideContext","lineageLabel":"Statewide Colorado hydrography context","lineageBasin":"","lineageNote":"","atlas_context":"statewide_hydrography_context","confidence":"Statewide hydrography context outside current cutthroat lineage model","geometryStatus":"Named natural stream segment from statewide hydrography","note":"This named natural stream is included for statewide Colorado hydrography completeness and is outside the current cutthroat lineage assignment set.","source_segment_id":"co_named_stream_045748","water_id":"co_lone_tree_arroyo_11020005_statewideContext_001","occurrence_id":"co_lone_tree_arroyo_11020005_statewideContext_001","occurrence_number":"001","segment_count":73,"disambiguator":"Upper Arkansas-Lake Meredith · Statewide Colorado hydrography context · occurrence 001","basin":"Upper Arkansas-Lake Meredith","atlas_layer":"named_water_occurrence","object_role":"named_water_occurrence","historic_label":"Statewide Colorado hydrography context","current_label":"Statewide Colorado hydrography context","recovery_label":"Statewide Colorado hydrography context","tier":"tier2","minZoom":12,"confidence_public":"Statewide hydrography context outside current cutthroat lineage model","geometry_status_public":"Named natural stream occurrence from statewide hydrography","geometry_source_public":"Grouped public hydrography segments","trout_source_public":"Included for Colorado statewide hydrography completeness","public_notes":"Lone Tree Arroyo is shown as statewide Colorado hydrography context outside the current cutthroat lineage assignment set."}},{"type":"Feature","geometry":{"type":"LineString","coordinates":[[-103.8128,37.7603],[-103.8157,37.7611],[-103.8166,37.7625]]},"properties":{"source_id":"co_named_stream_046459","name":"Lone Tree Arroyo","display_name":"Lone Tree Arroyo","mapped_name":"Lone Tree Arroyo","source_name":"Lone Tree Arroyo","state":"CO","atlas_class":"named_natural_stream","huc8":"11020005","huc8Name":"Upper Arkansas-Lake Meredith","huc8States":"CO","lineageKey":"statewideContext","lineage":"statewideContext","historic":"statewideContext","current":"statewideContext","recovery":"statewideContext","lineageLabel":"Statewide Colorado hydrography context","lineageBasin":"","lineageNote":"","atlas_context":"statewide_hydrography_context","confidence":"Statewide hydrography context outside current cutthroat lineage model","geometryStatus":"Named natural stream segment from statewide hydrography","note":"This named natural stream is included for statewide Colorado hydrography completeness and is outside the current cutthroat lineage assignment set.","source_segment_id":"co_named_stream_046459","water_id":"co_lone_tree_arroyo_11020005_statewideContext_001","occurrence_id":"co_lone_tree_arroyo_11020005_statewideContext_001","occurrence_number":"001","segment_count":73,"disambiguator":"Upper Arkansas-Lake Meredith · Statewide Colorado hydrography context · occurrence 001","basin":"Upper Arkansas-Lake Meredith","atlas_layer":"named_water_occurrence","object_role":"named_water_occurrence","historic_label":"Statewide Colorado hydrography context","current_label":"Statewide Colorado hydrography context","recovery_label":"Statewide Colorado hydrography context","tier":"tier2","minZoom":12,"confidence_public":"Statewide hydrography context outside current cutthroat lineage model","geometry_status_public":"Named natural stream occurrence from statewide hydrography","geometry_source_public":"Grouped public hydrography segments","trout_source_public":"Included for Colorado statewide hydrography completeness","public_notes":"Lone Tree Arroyo is shown as statewide Colorado hydrography context outside the current cutthroat lineage assignment set."}},{"type":"Feature","geometry":{"type":"LineString","coordinates":[[-103.8116,37.7588],[-103.8128,37.7603]]},"properties":{"source_id":"co_named_stream_046803","name":"Lone Tree Arroyo","display_name":"Lone Tree Arroyo","mapped_name":"Lone Tree Arroyo","source_name":"Lone Tree Arroyo","state":"CO","atlas_class":"named_natural_stream","huc8":"11020005","huc8Name":"Upper Arkansas-Lake Meredith","huc8States":"CO","lineageKey":"statewideContext","lineage":"statewideContext","historic":"statewideContext","current":"statewideContext","recovery":"statewideContext","lineageLabel":"Statewide Colorado hydrography context","lineageBasin":"","lineageNote":"","atlas_context":"statewide_hydrography_context","confidence":"Statewide hydrography context outside current cutthroat lineage model","geometryStatus":"Named natural stream segment from statewide hydrography","note":"This named natural stream is included for statewide Colorado hydrography completeness and is outside the current cutthroat lineage assignment set.","source_segment_id":"co_named_stream_046803","water_id":"co_lone_tree_arroyo_11020005_statewideContext_001","occurrence_id":"co_lone_tree_arroyo_11020005_statewideContext_001","occurrence_number":"001","segment_count":73,"disambiguator":"Upper Arkansas-Lake Meredith · Statewide Colorado hydrography context · occurrence 001","basin":"Upper Arkansas-Lake Meredith","atlas_layer":"named_water_occurrence","object_role":"named_water_occurrence","historic_label":"Statewide Colorado hydrography context","current_label":"Statewide Colorado hydrography context","recovery_label":"Statewide Colorado hydrography context","tier":"tier2","minZoom":12,"confidence_public":"Statewide hydrography context outside current cutthroat lineage model","geometry_status_public":"Named natural stream occurrence from statewide hydrography","geometry_source_public":"Grouped public hydrography segments","trout_source_public":"Included for Colorado statewide hydrography completeness","public_notes":"Lone Tree Arroyo is shown as statewide Colorado hydrography context outside the current cutthroat lineage assignment set."}},{"type":"Feature","geometry":{"type":"LineString","coordinates":[[-103.7982,37.7515],[-103.7988,37.7505],[-103.7995,37.7513],[-103.801,37.751]]},"properties":{"source_id":"co_named_stream_046860","name":"Lone Tree Arroyo","display_name":"Lone Tree Arroyo","mapped_name":"Lone Tree Arroyo","source_name":"Lone Tree Arroyo","state":"CO","atlas_class":"named_natural_stream","huc8":"11020005","huc8Name":"Upper Arkansas-Lake Meredith","huc8States":"CO","lineageKey":"statewideContext","lineage":"statewideContext","historic":"statewideContext","current":"statewideContext","recovery":"statewideContext","lineageLabel":"Statewide Colorado hydrography context","lineageBasin":"","lineageNote":"","atlas_context":"statewide_hydrography_context","confidence":"Statewide hydrography context outside current cutthroat lineage model","geometryStatus":"Named natural stream segment from statewide hydrography","note":"This named natural stream is included for statewide Colorado hydrography completeness and is outside the current cutthroat lineage assignment set.","source_segment_id":"co_named_stream_046860","water_id":"co_lone_tree_arroyo_11020005_statewideContext_001","occurrence_id":"co_lone_tree_arroyo_11020005_statewideContext_001","occurrence_number":"001","segment_count":73,"disambiguator":"Upper Arkansas-Lake Meredith · Statewide Colorado hydrography context · occurrence 001","basin":"Upper Arkansas-Lake Meredith","atlas_layer":"named_water_occurrence","object_role":"named_water_occurrence","historic_label":"Statewide Colorado hydrography context","current_label":"Statewide Colorado hydrography context","recovery_label":"Statewide Colorado hydrography context","tier":"tier2","minZoom":12,"confidence_public":"Statewide hydrography context outside current cutthroat lineage model","geometry_status_public":"Named natural stream occurrence from statewide hydrography","geometry_source_public":"Grouped public hydrography segments","trout_source_public":"Included for Colorado statewide hydrography completeness","public_notes":"Lone Tree Arroyo is shown as statewide Colorado hydrography context outside the current cutthroat lineage assignment set."}},{"type":"Feature","geometry":{"type":"LineString","coordinates":[[-103.8206,37.7649],[-103.8225,37.7677],[-103.8245,37.7687],[-103.8234,37.77],[-103.8274,37.7718],[-103.8268,37.7731],[-103.8286,37.7743],[-103.8286,37.7764]]},"properties":{"source_id":"co_named_stream_047403","name":"Lone Tree Arroyo","display_name":"Lone Tree Arroyo","mapped_name":"Lone Tree Arroyo","source_name":"Lone Tree Arroyo","state":"CO","atlas_class":"named_natural_stream","huc8":"11020005","huc8Name":"Upper Arkansas-Lake Meredith","huc8States":"CO","lineageKey":"statewideContext","lineage":"statewideContext","historic":"statewideContext","current":"statewideContext","recovery":"statewideContext","lineageLabel":"Statewide Colorado hydrography context","lineageBasin":"","lineageNote":"","atlas_context":"statewide_hydrography_context","confidence":"Statewide hydrography context outside current cutthroat lineage model","geometryStatus":"Named natural stream segment from statewide hydrography","note":"This named natural stream is included for statewide Colorado hydrography completeness and is outside the current cutthroat lineage assignment set.","source_segment_id":"co_named_stream_047403","water_id":"co_lone_tree_arroyo_11020005_statewideContext_001","occurrence_id":"co_lone_tree_arroyo_11020005_statewideContext_001","occurrence_number":"001","segment_count":73,"disambiguator":"Upper Arkansas-Lake Meredith · Statewide Colorado hydrography context · occurrence 001","basin":"Upper Arkansas-Lake Meredith","atlas_layer":"named_water_occurrence","object_role":"named_water_occurrence","historic_label":"Statewide Colorado hydrography context","current_label":"Statewide Colorado hydrography context","recovery_label":"Statewide Colorado hydrography context","tier":"tier2","minZoom":12,"confidence_public":"Statewide hydrography context outside current cutthroat lineage model","geometry_status_public":"Named natural stream occurrence from statewide hydrography","geometry_source_public":"Grouped public hydrography segments","trout_source_public":"Included for Colorado statewide hydrography completeness","public_notes":"Lone Tree Arroyo is shown as statewide Colorado hydrography context outside the current cutthroat lineage assignment set."}},{"type":"Feature","geometry":{"type":"LineString","coordinates":[[-103.7623,37.9106],[-103.7601,37.9109]]},"properties":{"source_id":"co_named_stream_033874","name":"Dry Creek","display_name":"Dry Creek","mapped_name":"Dry Creek","source_name":"Dry Creek","state":"CO","atlas_class":"named_natural_stream","huc8":"11020005","huc8Name":"Upper Arkansas-Lake Meredith","huc8States":"CO","lineageKey":"statewideContext","lineage":"statewideContext","historic":"statewideContext","current":"statewideContext","recovery":"statewideContext","lineageLabel":"Statewide Colorado hydrography context","lineageBasin":"","lineageNote":"","atlas_context":"statewide_hydrography_context","confidence":"Statewide hydrography context outside current cutthroat lineage model","geometryStatus":"Named natural stream segment from statewide hydrography","note":"This named natural stream is included for statewide Colorado hydrography completeness and is outside the current cutthroat lineage assignment set.","source_segment_id":"co_named_stream_033874","water_id":"co_dry_creek_11020005_statewideContext_001","occurrence_id":"co_dry_creek_11020005_statewideContext_001","occurrence_number":"001","segment_count":24,"disambiguator":"Upper Arkansas-Lake Meredith · Statewide Colorado hydrography context · occurrence 001","basin":"Upper Arkansas-Lake Meredith","atlas_layer":"named_water_occurrence","object_role":"named_water_occurrence","historic_label":"Statewide Colorado hydrography context","current_label":"Statewide Colorado hydrography context","recovery_label":"Statewide Colorado hydrography context","tier":"tier2","minZoom":12,"confidence_public":"Statewide hydrography context outside current cutthroat lineage model","geometry_status_public":"Named natural stream occurrence from statewide hydrography","geometry_source_public":"Grouped public hydrography segments","trout_source_public":"Included for Colorado statewide hydrography completeness","public_notes":"Dry Creek is shown as statewide Colorado hydrography context outside the current cutthroat lineage assignment set."}},{"type":"Feature","geometry":{"type":"LineString","coordinates":[[-103.7601,37.9109],[-103.7602,37.9117],[-103.7582,37.9118]]},"properties":{"source_id":"co_named_stream_033875","name":"Dry Creek","display_name":"Dry Creek","mapped_name":"Dry Creek","source_name":"Dry Creek","state":"CO","atlas_class":"named_natural_stream","huc8":"11020005","huc8Name":"Upper Arkansas-Lake Meredith","huc8States":"CO","lineageKey":"statewideContext","lineage":"statewideContext","historic":"statewideContext","current":"statewideContext","recovery":"statewideContext","lineageLabel":"Statewide Colorado hydrography context","lineageBasin":"","lineageNote":"","atlas_context":"statewide_hydrography_context","confidence":"Statewide hydrography context outside current cutthroat lineage model","geometryStatus":"Named natural stream segment from statewide hydrography","note":"This named natural stream is included for statewide Colorado hydrography completeness and is outside the current cutthroat lineage assignment set.","source_segment_id":"co_named_stream_033875","water_id":"co_dry_creek_11020005_statewideContext_001","occurrence_id":"co_dry_creek_11020005_statewideContext_001","occurrence_number":"001","segment_count":24,"disambiguator":"Upper Arkansas-Lake Meredith · Statewide Colorado hydrography context · occurrence 001","basin":"Upper Arkansas-Lake Meredith","atlas_layer":"named_water_occurrence","object_role":"named_water_occurrence","historic_label":"Statewide Colorado hydrography context","current_label":"Statewide Colorado hydrography context","recovery_label":"Statewide Colorado hydrography context","tier":"tier2","minZoom":12,"confidence_public":"Statewide hydrography context outside current cutthroat lineage model","geometry_status_public":"Named natural stream occurrence from statewide hydrography","geometry_source_public":"Grouped public hydrography segments","trout_source_public":"Included for Colorado statewide hydrography completeness","public_notes":"Dry Creek is shown as statewide Colorado hydrography context outside the current cutthroat lineage assignment set."}},{"type":"Feature","geometry":{"type":"LineString","coordinates":[[-103.7575,37.9125],[-103.7575,37.9138],[-103.7567,37.9131]]},"properties":{"source_id":"co_named_stream_033876","name":"Dry Creek","display_name":"Dry Creek","mapped_name":"Dry Creek","source_name":"Dry Creek","state":"CO","atlas_class":"named_natural_stream","huc8":"11020005","huc8Name":"Upper Arkansas-Lake Meredith","huc8States":"CO","lineageKey":"statewideContext","lineage":"statewideContext","historic":"statewideContext","current":"statewideContext","recovery":"statewideContext","lineageLabel":"Statewide Colorado hydrography context","lineageBasin":"","lineageNote":"","atlas_context":"statewide_hydrography_context","confidence":"Statewide hydrography context outside current cutthroat lineage model","geometryStatus":"Named natural stream segment from statewide hydrography","note":"This named natural stream is included for statewide Colorado hydrography completeness and is outside the current cutthroat lineage assignment set.","source_segment_id":"co_named_stream_033876","water_id":"co_dry_creek_11020005_statewideContext_001","occurrence_id":"co_dry_creek_11020005_statewideContext_001","occurrence_number":"001","segment_count":24,"disambiguator":"Upper Arkansas-Lake Meredith · Statewide Colorado hydrography context · occurrence 001","basin":"Upper Arkansas-Lake Meredith","atlas_layer":"named_water_occurrence","object_role":"named_water_occurrence","historic_label":"Statewide Colorado hydrography context","current_label":"Statewide Colorado hydrography context","recovery_label":"Statewide Colorado hydrography context","tier":"tier2","minZoom":12,"confidence_public":"Statewide hydrography context outside current cutthroat lineage model","geometry_status_public":"Named natural stream occurrence from statewide hydrography","geometry_source_public":"Grouped public hydrography segments","trout_source_public":"Included for Colorado statewide hydrography completeness","public_notes":"Dry Creek is shown as statewide Colorado hydrography context outside the current cutthroat lineage assignment set."}},{"type":"Feature","geometry":{"type":"LineString","coordinates":[[-103.756,37.9148],[-103.7557,37.9149]]},"properties":{"source_id":"co_named_stream_034373","name":"Dry Creek","display_name":"Dry Creek","mapped_name":"Dry Creek","source_name":"Dry Creek","state":"CO","atlas_class":"named_natural_stream","huc8":"11020005","huc8Name":"Upper Arkansas-Lake Meredith","huc8States":"CO","lineageKey":"statewideContext","lineage":"statewideContext","historic":"statewideContext","current":"statewideContext","recovery":"statewideContext","lineageLabel":"Statewide Colorado hydrography context","lineageBasin":"","lineageNote":"","atlas_context":"statewide_hydrography_context","confidence":"Statewide hydrography context outside current cutthroat lineage model","geometryStatus":"Named natural stream segment from statewide hydrography","note":"This named natural stream is included for statewide Colorado hydrography completeness and is outside the current cutthroat lineage assignment set.","source_segment_id":"co_named_stream_034373","water_id":"co_dry_creek_11020005_statewideContext_001","occurrence_id":"co_dry_creek_11020005_statewideContext_001","occurrence_number":"001","segment_count":24,"disambiguator":"Upper Arkansas-Lake Meredith · Statewide Colorado hydrography context · occurrence 001","basin":"Upper Arkansas-Lake Meredith","atlas_layer":"named_water_occurrence","object_role":"named_water_occurrence","historic_label":"Statewide Colorado hydrography context","current_label":"Statewide Colorado hydrography context","recovery_label":"Statewide Colorado hydrography context","tier":"tier2","minZoom":12,"confidence_public":"Statewide hydrography context outside current cutthroat lineage model","geometry_status_public":"Named natural stream occurrence from statewide hydrography","geometry_source_public":"Grouped public hydrography segments","trout_source_public":"Included for Colorado statewide hydrography completeness","public_notes":"Dry Creek is shown as statewide Colorado hydrography context outside the current cutthroat lineage assignment set."}},{"type":"Feature","geometry":{"type":"LineString","coordinates":[[-103.796,37.878],[-103.7951,37.8789]]},"properties":{"source_id":"co_named_stream_034790","name":"Dry Creek","display_name":"Dry Creek","mapped_name":"Dry Creek","source_name":"Dry Creek","state":"CO","atlas_class":"named_natural_stream","huc8":"11020005","huc8Name":"Upper Arkansas-Lake Meredith","huc8States":"CO","lineageKey":"statewideContext","lineage":"statewideContext","historic":"statewideContext","current":"statewideContext","recovery":"statewideContext","lineageLabel":"Statewide Colorado hydrography context","lineageBasin":"","lineageNote":"","atlas_context":"statewide_hydrography_context","confidence":"Statewide hydrography context outside current cutthroat lineage model","geometryStatus":"Named natural stream segment from statewide hydrography","note":"This named natural stream is included for statewide Colorado hydrography completeness and is outside the current cutthroat lineage assignment set.","source_segment_id":"co_named_stream_034790","water_id":"co_dry_creek_11020005_statewideContext_001","occurrence_id":"co_dry_creek_11020005_statewideContext_001","occurrence_number":"001","segment_count":24,"disambiguator":"Upper Arkansas-Lake Meredith · Statewide Colorado hydrography context · occurrence 001","basin":"Upper Arkansas-Lake Meredith","atlas_layer":"named_water_occurrence","object_role":"named_water_occurrence","historic_label":"Statewide Colorado hydrography context","current_label":"Statewide Colorado hydrography context","recovery_label":"Statewide Colorado hydrography context","tier":"tier2","minZoom":12,"confidence_public":"Statewide hydrography context outside current cutthroat lineage model","geometry_status_public":"Named natural stream occurrence from statewide hydrography","geometry_source_public":"Grouped public hydrography segments","trout_source_public":"Included for Colorado statewide hydrography completeness","public_notes":"Dry Creek is shown as statewide Colorado hydrography context outside the current cutthroat lineage assignment set."}},{"type":"Feature","geometry":{"type":"LineString","coordinates":[[-103.7951,37.8789],[-103.7945,37.8812]]},"properties":{"source_id":"co_named_stream_034791","name":"Dry Creek","display_name":"Dry Creek","mapped_name":"Dry Creek","source_name":"Dry Creek","state":"CO","atlas_class":"named_natural_stream","huc8":"11020005","huc8Name":"Upper Arkansas-Lake Meredith","huc8States":"CO","lineageKey":"statewideContext","lineage":"statewideContext","historic":"statewideContext","current":"statewideContext","recovery":"statewideContext","lineageLabel":"Statewide Colorado hydrography context","lineageBasin":"","lineageNote":"","atlas_context":"statewide_hydrography_context","confidence":"Statewide hydrography context outside current cutthroat lineage model","geometryStatus":"Named natural stream segment from statewide hydrography","note":"This named natural stream is included for statewide Colorado hydrography completeness and is outside the current cutthroat lineage assignment set.","source_segment_id":"co_named_stream_034791","water_id":"co_dry_creek_11020005_statewideContext_001","occurrence_id":"co_dry_creek_11020005_statewideContext_001","occurrence_number":"001","segment_count":24,"disambiguator":"Upper Arkansas-Lake Meredith · Statewide Colorado hydrography context · occurrence 001","basin":"Upper Arkansas-Lake Meredith","atlas_layer":"named_water_occurrence","object_role":"named_water_occurrence","historic_label":"Statewide Colorado hydrography context","current_label":"Statewide Colorado hydrography context","recovery_label":"Statewide Colorado hydrography context","tier":"tier2","minZoom":12,"confidence_public":"Statewide hydrography context outside current cutthroat lineage model","geometry_status_public":"Named natural stream occurrence from statewide hydrography","geometry_source_public":"Grouped public hydrography segments","trout_source_public":"Included for Colorado statewide hydrography completeness","public_notes":"Dry Creek is shown as statewide Colorado hydrography context outside the current cutthroat lineage assignment set."}},{"type":"Feature","geometry":{"type":"LineString","coordinates":[[-103.7875,37.8924],[-103.7869,37.8928]]},"properties":{"source_id":"co_named_stream_035734","name":"Dry Creek","display_name":"Dry Creek","mapped_name":"Dry Creek","source_name":"Dry Creek","state":"CO","atlas_class":"named_natural_stream","huc8":"11020005","huc8Name":"Upper Arkansas-Lake Meredith","huc8States":"CO","lineageKey":"statewideContext","lineage":"statewideContext","historic":"statewideContext","current":"statewideContext","recovery":"statewideContext","lineageLabel":"Statewide Colorado hydrography context","lineageBasin":"","lineageNote":"","atlas_context":"statewide_hydrography_context","confidence":"Statewide hydrography context outside current cutthroat lineage model","geometryStatus":"Named natural stream segment from statewide hydrography","note":"This named natural stream is included for statewide Colorado hydrography completeness and is outside the current cutthroat lineage assignment set.","source_segment_id":"co_named_stream_035734","water_id":"co_dry_creek_11020005_statewideContext_001","occurrence_id":"co_dry_creek_11020005_statewideContext_001","occurrence_number":"001","segment_count":24,"disambiguator":"Upper Arkansas-Lake Meredith · Statewide Colorado hydrography context · occurrence 001","basin":"Upper Arkansas-Lake Meredith","atlas_layer":"named_water_occurrence","object_role":"named_water_occurrence","historic_label":"Statewide Colorado hydrography context","current_label":"Statewide Colorado hydrography context","recovery_label":"Statewide Colorado hydrography context","tier":"tier2","minZoom":12,"confidence_public":"Statewide hydrography context outside current cutthroat lineage model","geometry_status_public":"Named natural stream occurrence from statewide hydrography","geometry_source_public":"Grouped public hydrography segments","trout_source_public":"Included for Colorado statewide hydrography completeness","public_notes":"Dry Creek is shown as statewide Colorado hydrography context outside the current cutthroat lineage assignment set."}},{"type":"Feature","geometry":{"type":"LineString","coordinates":[[-103.7564,37.9133],[-103.7568,37.9143],[-103.756,37.9148]]},"properties":{"source_id":"co_named_stream_035735","name":"Dry Creek","display_name":"Dry Creek","mapped_name":"Dry Creek","source_name":"Dry Creek","state":"CO","atlas_class":"named_natural_stream","huc8":"11020005","huc8Name":"Upper Arkansas-Lake Meredith","huc8States":"CO","lineageKey":"statewideContext","lineage":"statewideContext","historic":"statewideContext","current":"statewideContext","recovery":"statewideContext","lineageLabel":"Statewide Colorado hydrography context","lineageBasin":"","lineageNote":"","atlas_context":"statewide_hydrography_context","confidence":"Statewide hydrography context outside current cutthroat lineage model","geometryStatus":"Named natural stream segment from statewide hydrography","note":"This named natural stream is included for statewide Colorado hydrography completeness and is outside the current cutthroat lineage assignment set.","source_segment_id":"co_named_stream_035735","water_id":"co_dry_creek_11020005_statewideContext_001","occurrence_id":"co_dry_creek_11020005_statewideContext_001","occurrence_number":"001","segment_count":24,"disambiguator":"Upper Arkansas-Lake Meredith · Statewide Colorado hydrography context · occurrence 001","basin":"Upper Arkansas-Lake Meredith","atlas_layer":"named_water_occurrence","object_role":"named_water_occurrence","historic_label":"Statewide Colorado hydrography context","current_label":"Statewide Colorado hydrography context","recovery_label":"Statewide Colorado hydrography context","tier":"tier2","minZoom":12,"confidence_public":"Statewide hydrography context outside current cutthroat lineage model","geometry_status_public":"Named natural stream occurrence from statewide hydrography","geometry_source_public":"Grouped public hydrography segments","trout_source_public":"Included for Colorado statewide hydrography completeness","public_notes":"Dry Creek is shown as statewide Colorado hydrography context outside the current cutthroat lineage assignment set."}},{"type":"Feature","geometry":{"type":"LineString","coordinates":[[-103.7869,37.8928],[-103.7863,37.8952],[-103.7878,37.8966],[-103.7864,37.8974],[-103.7891,37.899],[-103.7888,37.9005],[-103.7874,37.8999],[-103.7873,37.9011],[-103.786,37.9014],[-103.7871,37.9026],[-103.7851,37.9044],[-103.7863,37.9049]]},"properties":{"source_id":"co_named_stream_036748","name":"Dry Creek","display_name":"Dry Creek","mapped_name":"Dry Creek","source_name":"Dry Creek","state":"CO","atlas_class":"named_natural_stream","huc8":"11020005","huc8Name":"Upper Arkansas-Lake Meredith","huc8States":"CO","lineageKey":"statewideContext","lineage":"statewideContext","historic":"statewideContext","current":"statewideContext","recovery":"statewideContext","lineageLabel":"Statewide Colorado hydrography context","lineageBasin":"","lineageNote":"","atlas_context":"statewide_hydrography_context","confidence":"Statewide hydrography context outside current cutthroat lineage model","geometryStatus":"Named natural stream segment from statewide hydrography","note":"This named natural stream is included for statewide Colorado hydrography completeness and is outside the current cutthroat lineage assignment set.","source_segment_id":"co_named_stream_036748","water_id":"co_dry_creek_11020005_statewideContext_001","occurrence_id":"co_dry_creek_11020005_statewideContext_001","occurrence_number":"001","segment_count":24,"disambiguator":"Upper Arkansas-Lake Meredith · Statewide Colorado hydrography context · occurrence 001","basin":"Upper Arkansas-Lake Meredith","atlas_layer":"named_water_occurrence","object_role":"named_water_occurrence","historic_label":"Statewide Colorado hydrography context","current_label":"Statewide Colorado hydrography context","recovery_label":"Statewide Colorado hydrography context","tier":"tier2","minZoom":12,"confidence_public":"Statewide hydrography context outside current cutthroat lineage model","geometry_status_public":"Named natural stream occurrence from statewide hydrography","geometry_source_public":"Grouped public hydrography segments","trout_source_public":"Included for Colorado statewide hydrography completeness","public_notes":"Dry Creek is shown as statewide Colorado hydrography context outside the current cutthroat lineage assignment set."}},{"type":"Feature","geometry":{"type":"LineString","coordinates":[[-103.7882,37.8914],[-103.7886,37.8927],[-103.7875,37.8924]]},"properties":{"source_id":"co_named_stream_036755","name":"Dry Creek","display_name":"Dry Creek","mapped_name":"Dry Creek","source_name":"Dry Creek","state":"CO","atlas_class":"named_natural_stream","huc8":"11020005","huc8Name":"Upper Arkansas-Lake Meredith","huc8States":"CO","lineageKey":"statewideContext","lineage":"statewideContext","historic":"statewideContext","current":"statewideContext","recovery":"statewideContext","lineageLabel":"Statewide Colorado hydrography context","lineageBasin":"","lineageNote":"","atlas_context":"statewide_hydrography_context","confidence":"Statewide hydrography context outside current cutthroat lineage model","geometryStatus":"Named natural stream segment from statewide hydrography","note":"This named natural stream is included for statewide Colorado hydrography completeness and is outside the current cutthroat lineage assignment set.","source_segment_id":"co_named_stream_036755","water_id":"co_dry_creek_11020005_statewideContext_001","occurrence_id":"co_dry_creek_11020005_statewideContext_001","occurrence_number":"001","segment_count":24,"disambiguator":"Upper Arkansas-Lake Meredith · Statewide Colorado hydrography context · occurrence 001","basin":"Upper Arkansas-Lake Meredith","atlas_layer":"named_water_occurrence","object_role":"named_water_occurrence","historic_label":"Statewide Colorado hydrography context","current_label":"Statewide Colorado hydrography context","recovery_label":"Statewide Colorado hydrography context","tier":"tier2","minZoom":12,"confidence_public":"Statewide hydrography context outside current cutthroat lineage model","geometry_status_public":"Named natural stream occurrence from statewide hydrography","geometry_source_public":"Grouped public hydrography segments","trout_source_public":"Included for Colorado statewide hydrography completeness","public_notes":"Dry Creek is shown as statewide Colorado hydrography context outside the current cutthroat lineage assignment set."}},{"type":"Feature","geometry":{"type":"LineString","coordinates":[[-103.804,37.8711],[-103.8006,37.8752],[-103.7981,37.8766],[-103.7973,37.8759],[-103.7973,37.8777],[-103.796,37.878]]},"properties":{"source_id":"co_named_stream_037583","name":"Dry Creek","display_name":"Dry Creek","mapped_name":"Dry Creek","source_name":"Dry Creek","state":"CO","atlas_class":"named_natural_stream","huc8":"11020005","huc8Name":"Upper Arkansas-Lake Meredith","huc8States":"CO","lineageKey":"statewideContext","lineage":"statewideContext","historic":"statewideContext","current":"statewideContext","recovery":"statewideContext","lineageLabel":"Statewide Colorado hydrography context","lineageBasin":"","lineageNote":"","atlas_context":"statewide_hydrography_context","confidence":"Statewide hydrography context outside current cutthroat lineage model","geometryStatus":"Named natural stream segment from statewide hydrography","note":"This named natural stream is included for statewide Colorado hydrography completeness and is outside the current cutthroat lineage assignment set.","source_segment_id":"co_named_stream_037583","water_id":"co_dry_creek_11020005_statewideContext_001","occurrence_id":"co_dry_creek_11020005_statewideContext_001","occurrence_number":"001","segment_count":24,"disambiguator":"Upper Arkansas-Lake Meredith · Statewide Colorado hydrography context · occurrence 001","basin":"Upper Arkansas-Lake Meredith","atlas_layer":"named_water_occurrence","object_role":"named_water_occurrence","historic_label":"Statewide Colorado hydrography context","current_label":"Statewide Colorado hydrography context","recovery_label":"Statewide Colorado hydrography context","tier":"tier2","minZoom":12,"confidence_public":"Statewide hydrography context outside current cutthroat lineage model","geometry_status_public":"Named natural stream occurrence from statewide hydrography","geometry_source_public":"Grouped public hydrography segments","trout_source_public":"Included for Colorado statewide hydrography completeness","public_notes":"Dry Creek is shown as statewide Colorado hydrography context outside the current cutthroat lineage assignment set."}},{"type":"Feature","geometry":{"type":"LineString","coordinates":[[-103.7548,37.9167],[-103.7547,37.9177],[-103.7534,37.918]]},"properties":{"source_id":"co_named_stream_037951","name":"Dry Creek","display_name":"Dry Creek","mapped_name":"Dry Creek","source_name":"Dry Creek","state":"CO","atlas_class":"named_natural_stream","huc8":"11020005","huc8Name":"Upper Arkansas-Lake Meredith","huc8States":"CO","lineageKey":"statewideContext","lineage":"statewideContext","historic":"statewideContext","current":"statewideContext","recovery":"statewideContext","lineageLabel":"Statewide Colorado hydrography context","lineageBasin":"","lineageNote":"","atlas_context":"statewide_hydrography_context","confidence":"Statewide hydrography context outside current cutthroat lineage model","geometryStatus":"Named natural stream segment from statewide hydrography","note":"This named natural stream is included for statewide Colorado hydrography completeness and is outside the current cutthroat lineage assignment set.","source_segment_id":"co_named_stream_037951","water_id":"co_dry_creek_11020005_statewideContext_001","occurrence_id":"co_dry_creek_11020005_statewideContext_001","occurrence_number":"001","segment_count":24,"disambiguator":"Upper Arkansas-Lake Meredith · Statewide Colorado hydrography context · occurrence 001","basin":"Upper Arkansas-Lake Meredith","atlas_layer":"named_water_occurrence","object_role":"named_water_occurrence","historic_label":"Statewide Colorado hydrography context","current_label":"Statewide Colorado hydrography context","recovery_label":"Statewide Colorado hydrography context","tier":"tier2","minZoom":12,"confidence_public":"Statewide hydrography context outside current cutthroat lineage model","geometry_status_public":"Named natural stream occurrence from statewide hydrography","geometry_source_public":"Grouped public hydrography segments","trout_source_public":"Included for Colorado statewide hydrography completeness","public_notes":"Dry Creek is shown as statewide Colorado hydrography context outside the current cutthroat lineage assignment set."}},{"type":"Feature","geometry":{"type":"LineString","coordinates":[[-103.7907,37.8884],[-103.7908,37.8891],[-103.7885,37.8903],[-103.7889,37.8913],[-103.7882,37.8914]]},"properties":{"source_id":"co_named_stream_038727","name":"Dry Creek","display_name":"Dry Creek","mapped_name":"Dry Creek","source_name":"Dry Creek","state":"CO","atlas_class":"named_natural_stream","huc8":"11020005","huc8Name":"Upper Arkansas-Lake Meredith","huc8States":"CO","lineageKey":"statewideContext","lineage":"statewideContext","historic":"statewideContext","current":"statewideContext","recovery":"statewideContext","lineageLabel":"Statewide Colorado hydrography context","lineageBasin":"","lineageNote":"","atlas_context":"statewide_hydrography_context","confidence":"Statewide hydrography context outside current cutthroat lineage model","geometryStatus":"Named natural stream segment from statewide hydrography","note":"This named natural stream is included for statewide Colorado hydrography completeness and is outside the current cutthroat lineage assignment set.","source_segment_id":"co_named_stream_038727","water_id":"co_dry_creek_11020005_statewideContext_001","occurrence_id":"co_dry_creek_11020005_statewideContext_001","occurrence_number":"001","segment_count":24,"disambiguator":"Upper Arkansas-Lake Meredith · Statewide Colorado hydrography context · occurrence 001","basin":"Upper Arkansas-Lake Meredith","atlas_layer":"named_water_occurrence","object_role":"named_water_occurrence","historic_label":"Statewide Colorado hydrography context","current_label":"Statewide Colorado hydrography context","recovery_label":"Statewide Colorado hydrography context","tier":"tier2","minZoom":12,"confidence_public":"Statewide hydrography context outside current cutthroat lineage model","geometry_status_public":"Named natural stream occurrence from statewide hydrography","geometry_source_public":"Grouped public hydrography segments","trout_source_public":"Included for Colorado statewide hydrography completeness","public_notes":"Dry Creek is shown as statewide Colorado hydrography context outside the current cutthroat lineage assignment set."}},{"type":"Feature","geometry":{"type":"LineString","coordinates":[[-103.7654,37.9103],[-103.7626,37.9107]]},"properties":{"source_id":"co_named_stream_038871","name":"Dry Creek","display_name":"Dry Creek","mapped_name":"Dry Creek","source_name":"Dry Creek","state":"CO","atlas_class":"named_natural_stream","huc8":"11020005","huc8Name":"Upper Arkansas-Lake Meredith","huc8States":"CO","lineageKey":"statewideContext","lineage":"statewideContext","historic":"statewideContext","current":"statewideContext","recovery":"statewideContext","lineageLabel":"Statewide Colorado hydrography context","lineageBasin":"","lineageNote":"","atlas_context":"statewide_hydrography_context","confidence":"Statewide hydrography context outside current cutthroat lineage model","geometryStatus":"Named natural stream segment from statewide hydrography","note":"This named natural stream is included for statewide Colorado hydrography completeness and is outside the current cutthroat lineage assignment set.","source_segment_id":"co_named_stream_038871","water_id":"co_dry_creek_11020005_statewideContext_001","occurrence_id":"co_dry_creek_11020005_statewideContext_001","occurrence_number":"001","segment_count":24,"disambiguator":"Upper Arkansas-Lake Meredith · Statewide Colorado hydrography context · occurrence 001","basin":"Upper Arkansas-Lake Meredith","atlas_layer":"named_water_occurrence","object_role":"named_water_occurrence","historic_label":"Statewide Colorado hydrography context","current_label":"Statewide Colorado hydrography context","recovery_label":"Statewide Colorado hydrography context","tier":"tier2","minZoom":12,"confidence_public":"Statewide hydrography context outside current cutthroat lineage model","geometry_status_public":"Named natural stream occurrence from statewide hydrography","geometry_source_public":"Grouped public hydrography segments","trout_source_public":"Included for Colorado statewide hydrography completeness","public_notes":"Dry Creek is shown as statewide Colorado hydrography context outside the current cutthroat lineage assignment set."}},{"type":"Feature","geometry":{"type":"LineString","coordinates":[[-103.7557,37.9149],[-103.7548,37.9167]]},"properties":{"source_id":"co_named_stream_038872","name":"Dry Creek","display_name":"Dry Creek","mapped_name":"Dry Creek","source_name":"Dry Creek","state":"CO","atlas_class":"named_natural_stream","huc8":"11020005","huc8Name":"Upper Arkansas-Lake Meredith","huc8States":"CO","lineageKey":"statewideContext","lineage":"statewideContext","historic":"statewideContext","current":"statewideContext","recovery":"statewideContext","lineageLabel":"Statewide Colorado hydrography context","lineageBasin":"","lineageNote":"","atlas_context":"statewide_hydrography_context","confidence":"Statewide hydrography context outside current cutthroat lineage model","geometryStatus":"Named natural stream segment from statewide hydrography","note":"This named natural stream is included for statewide Colorado hydrography completeness and is outside the current cutthroat lineage assignment set.","source_segment_id":"co_named_stream_038872","water_id":"co_dry_creek_11020005_statewideContext_001","occurrence_id":"co_dry_creek_11020005_statewideContext_001","occurrence_number":"001","segment_count":24,"disambiguator":"Upper Arkansas-Lake Meredith · Statewide Colorado hydrography context · occurrence 001","basin":"Upper Arkansas-Lake Meredith","atlas_layer":"named_water_occurrence","object_role":"named_water_occurrence","historic_label":"Statewide Colorado hydrography context","current_label":"Statewide Colorado hydrography context","recovery_label":"Statewide Colorado hydrography context","tier":"tier2","minZoom":12,"confidence_public":"Statewide hydrography context outside current cutthroat lineage model","geometry_status_public":"Named natural stream occurrence from statewide hydrography","geometry_source_public":"Grouped public hydrography segments","trout_source_public":"Included for Colorado statewide hydrography completeness","public_notes":"Dry Creek is shown as statewide Colorado hydrography context outside the current cutthroat lineage assignment set."}},{"type":"Feature","geometry":{"type":"LineString","coordinates":[[-103.7534,37.918],[-103.7543,37.9183],[-103.7541,37.9191]]},"properties":{"source_id":"co_named_stream_038873","name":"Dry Creek","display_name":"Dry Creek","mapped_name":"Dry Creek","source_name":"Dry Creek","state":"CO","atlas_class":"named_natural_stream","huc8":"11020005","huc8Name":"Upper Arkansas-Lake Meredith","huc8States":"CO","lineageKey":"statewideContext","lineage":"statewideContext","historic":"statewideContext","current":"statewideContext","recovery":"statewideContext","lineageLabel":"Statewide Colorado hydrography context","lineageBasin":"","lineageNote":"","atlas_context":"statewide_hydrography_context","confidence":"Statewide hydrography context outside current cutthroat lineage model","geometryStatus":"Named natural stream segment from statewide hydrography","note":"This named natural stream is included for statewide Colorado hydrography completeness and is outside the current cutthroat lineage assignment set.","source_segment_id":"co_named_stream_038873","water_id":"co_dry_creek_11020005_statewideContext_001","occurrence_id":"co_dry_creek_11020005_statewideContext_001","occurrence_number":"001","segment_count":24,"disambiguator":"Upper Arkansas-Lake Meredith · Statewide Colorado hydrography context · occurrence 001","basin":"Upper Arkansas-Lake Meredith","atlas_layer":"named_water_occurrence","object_role":"named_water_occurrence","historic_label":"Statewide Colorado hydrography context","current_label":"Statewide Colorado hydrography context","recovery_label":"Statewide Colorado hydrography context","tier":"tier2","minZoom":12,"confidence_public":"Statewide hydrography context outside current cutthroat lineage model","geometry_status_public":"Named natural stream occurrence from statewide hydrography","geometry_source_public":"Grouped public hydrography segments","trout_source_public":"Included for Colorado statewide hydrography completeness","public_notes":"Dry Creek is shown as statewide Colorado hydrography context outside the current cutthroat lineage assignment set."}},{"type":"Feature","geometry":{"type":"LineString","coordinates":[[-103.7945,37.8812],[-103.7956,37.882],[-103.7948,37.8832],[-103.7965,37.8844],[-103.7961,37.8863],[-103.7973,37.8868],[-103.7928,37.8898],[-103.7907,37.8884]]},"properties":{"source_id":"co_named_stream_040373","name":"Dry Creek","display_name":"Dry Creek","mapped_name":"Dry Creek","source_name":"Dry Creek","state":"CO","atlas_class":"named_natural_stream","huc8":"11020005","huc8Name":"Upper Arkansas-Lake Meredith","huc8States":"CO","lineageKey":"statewideContext","lineage":"statewideContext","historic":"statewideContext","current":"statewideContext","recovery":"statewideContext","lineageLabel":"Statewide Colorado hydrography context","lineageBasin":"","lineageNote":"","atlas_context":"statewide_hydrography_context","confidence":"Statewide hydrography context outside current cutthroat lineage model","geometryStatus":"Named natural stream segment from statewide hydrography","note":"This named natural stream is included for statewide Colorado hydrography completeness and is outside the current cutthroat lineage assignment set.","source_segment_id":"co_named_stream_040373","water_id":"co_dry_creek_11020005_statewideContext_001","occurrence_id":"co_dry_creek_11020005_statewideContext_001","occurrence_number":"001","segment_count":24,"disambiguator":"Upper Arkansas-Lake Meredith · Statewide Colorado hydrography context · occurrence 001","basin":"Upper Arkansas-Lake Meredith","atlas_layer":"named_water_occurrence","object_role":"named_water_occurrence","historic_label":"Statewide Colorado hydrography context","current_label":"Statewide Colorado hydrography context","recovery_label":"Statewide Colorado hydrography context","tier":"tier2","minZoom":12,"confidence_public":"Statewide hydrography context outside current cutthroat lineage model","geometry_status_public":"Named natural stream occurrence from statewide hydrography","geometry_source_public":"Grouped public hydrography segments","trout_source_public":"Included for Colorado statewide hydrography completeness","public_notes":"Dry Creek is shown as statewide Colorado hydrography context outside the current cutthroat lineage assignment set."}},{"type":"Feature","geometry":{"type":"LineString","coordinates":[[-103.7582,37.9118],[-103.7575,37.9125]]},"properties":{"source_id":"co_named_stream_041323","name":"Dry Creek","display_name":"Dry Creek","mapped_name":"Dry Creek","source_name":"Dry Creek","state":"CO","atlas_class":"named_natural_stream","huc8":"11020005","huc8Name":"Upper Arkansas-Lake Meredith","huc8States":"CO","lineageKey":"statewideContext","lineage":"statewideContext","historic":"statewideContext","current":"statewideContext","recovery":"statewideContext","lineageLabel":"Statewide Colorado hydrography context","lineageBasin":"","lineageNote":"","atlas_context":"statewide_hydrography_context","confidence":"Statewide hydrography context outside current cutthroat lineage model","geometryStatus":"Named natural stream segment from statewide hydrography","note":"This named natural stream is included for statewide Colorado hydrography completeness and is outside the current cutthroat lineage assignment set.","source_segment_id":"co_named_stream_041323","water_id":"co_dry_creek_11020005_statewideContext_001","occurrence_id":"co_dry_creek_11020005_statewideContext_001","occurrence_number":"001","segment_count":24,"disambiguator":"Upper Arkansas-Lake Meredith · Statewide Colorado hydrography context · occurrence 001","basin":"Upper Arkansas-Lake Meredith","atlas_layer":"named_water_occurrence","object_role":"named_water_occurrence","historic_label":"Statewide Colorado hydrography context","current_label":"Statewide Colorado hydrography context","recovery_label":"Statewide Colorado hydrography context","tier":"tier2","minZoom":12,"confidence_public":"Statewide hydrography context outside current cutthroat lineage model","geometry_status_public":"Named natural stream occurrence from statewide hydrography","geometry_source_public":"Grouped public hydrography segments","trout_source_public":"Included for Colorado statewide hydrography completeness","public_notes":"Dry Creek is shown as statewide Colorado hydrography context outside the current cutthroat lineage assignment set."}},{"type":"Feature","geometry":{"type":"LineString","coordinates":[[-103.7541,37.9191],[-103.7542,37.9194]]},"properties":{"source_id":"co_named_stream_041324","name":"Dry Creek","display_name":"Dry Creek","mapped_name":"Dry Creek","source_name":"Dry Creek","state":"CO","atlas_class":"named_natural_stream","huc8":"11020005","huc8Name":"Upper Arkansas-Lake Meredith","huc8States":"CO","lineageKey":"statewideContext","lineage":"statewideContext","historic":"statewideContext","current":"statewideContext","recovery":"statewideContext","lineageLabel":"Statewide Colorado hydrography context","lineageBasin":"","lineageNote":"","atlas_context":"statewide_hydrography_context","confidence":"Statewide hydrography context outside current cutthroat lineage model","geometryStatus":"Named natural stream segment from statewide hydrography","note":"This named natural stream is included for statewide Colorado hydrography completeness and is outside the current cutthroat lineage assignment set.","source_segment_id":"co_named_stream_041324","water_id":"co_dry_creek_11020005_statewideContext_001","occurrence_id":"co_dry_creek_11020005_statewideContext_001","occurrence_number":"001","segment_count":24,"disambiguator":"Upper Arkansas-Lake Meredith · Statewide Colorado hydrography context · occurrence 001","basin":"Upper Arkansas-Lake Meredith","atlas_layer":"named_water_occurrence","object_role":"named_water_occurrence","historic_label":"Statewide Colorado hydrography context","current_label":"Statewide Colorado hydrography context","recovery_label":"Statewide Colorado hydrography context","tier":"tier2","minZoom":12,"confidence_public":"Statewide hydrography context outside current cutthroat lineage model","geometry_status_public":"Named natural stream occurrence from statewide hydrography","geometry_source_public":"Grouped public hydrography segments","trout_source_public":"Included for Colorado statewide hydrography completeness","public_notes":"Dry Creek is shown as statewide Colorado hydrography context outside the current cutthroat lineage assignment set."}},{"type":"Feature","geometry":{"type":"LineString","coordinates":[[-103.7626,37.9107],[-103.7623,37.9106]]},"properties":{"source_id":"co_named_stream_046167","name":"Dry Creek","display_name":"Dry Creek","mapped_name":"Dry Creek","source_name":"Dry Creek","state":"CO","atlas_class":"named_natural_stream","huc8":"11020005","huc8Name":"Upper Arkansas-Lake Meredith","huc8States":"CO","lineageKey":"statewideContext","lineage":"statewideContext","historic":"statewideContext","current":"statewideContext","recovery":"statewideContext","lineageLabel":"Statewide Colorado hydrography context","lineageBasin":"","lineageNote":"","atlas_context":"statewide_hydrography_context","confidence":"Statewide hydrography context outside current cutthroat lineage model","geometryStatus":"Named natural stream segment from statewide hydrography","note":"This named natural stream is included for statewide Colorado hydrography completeness and is outside the current cutthroat lineage assignment set.","source_segment_id":"co_named_stream_046167","water_id":"co_dry_creek_11020005_statewideContext_001","occurrence_id":"co_dry_creek_11020005_statewideContext_001","occurrence_number":"001","segment_count":24,"disambiguator":"Upper Arkansas-Lake Meredith · Statewide Colorado hydrography context · occurrence 001","basin":"Upper Arkansas-Lake Meredith","atlas_layer":"named_water_occurrence","object_role":"named_water_occurrence","historic_label":"Statewide Colorado hydrography context","current_label":"Statewide Colorado hydrography context","recovery_label":"Statewide Colorado hydrography context","tier":"tier2","minZoom":12,"confidence_public":"Statewide hydrography context outside current cutthroat lineage model","geometry_status_public":"Named natural stream occurrence from statewide hydrography","geometry_source_public":"Grouped public hydrography segments","trout_source_public":"Included for Colorado statewide hydrography completeness","public_notes":"Dry Creek is shown as statewide Colorado hydrography context outside the current cutthroat lineage assignment set."}},{"type":"Feature","geometry":{"type":"LineString","coordinates":[[-103.7567,37.9131],[-103.7564,37.9133]]},"properties":{"source_id":"co_named_stream_046168","name":"Dry Creek","display_name":"Dry Creek","mapped_name":"Dry Creek","source_name":"Dry Creek","state":"CO","atlas_class":"named_natural_stream","huc8":"11020005","huc8Name":"Upper Arkansas-Lake Meredith","huc8States":"CO","lineageKey":"statewideContext","lineage":"statewideContext","historic":"statewideContext","current":"statewideContext","recovery":"statewideContext","lineageLabel":"Statewide Colorado hydrography context","lineageBasin":"","lineageNote":"","atlas_context":"statewide_hydrography_context","confidence":"Statewide hydrography context outside current cutthroat lineage model","geometryStatus":"Named natural stream segment from statewide hydrography","note":"This named natural stream is included for statewide Colorado hydrography completeness and is outside the current cutthroat lineage assignment set.","source_segment_id":"co_named_stream_046168","water_id":"co_dry_creek_11020005_statewideContext_001","occurrence_id":"co_dry_creek_11020005_statewideContext_001","occurrence_number":"001","segment_count":24,"disambiguator":"Upper Arkansas-Lake Meredith · Statewide Colorado hydrography context · occurrence 001","basin":"Upper Arkansas-Lake Meredith","atlas_layer":"named_water_occurrence","object_role":"named_water_occurrence","historic_label":"Statewide Colorado hydrography context","current_label":"Statewide Colorado hydrography context","recovery_label":"Statewide Colorado hydrography context","tier":"tier2","minZoom":12,"confidence_public":"Statewide hydrography context outside current cutthroat lineage model","geometry_status_public":"Named natural stream occurrence from statewide hydrography","geometry_source_public":"Grouped public hydrography segments","trout_source_public":"Included for Colorado statewide hydrography completeness","public_notes":"Dry Creek is shown as statewide Colorado hydrography context outside the current cutthroat lineage assignment set."}},{"type":"Feature","geometry":{"type":"LineString","coordinates":[[-103.7542,37.9194],[-103.7552,37.922],[-103.7528,37.9223],[-103.7531,37.9239],[-103.7508,37.9258],[-103.7519,37.9268],[-103.751,37.9267],[-103.7514,37.9273],[-103.7499,37.9283],[-103.7499,37.93],[-103.7477,37.9306]]},"properties":{"source_id":"co_named_stream_046450","name":"Dry Creek","display_name":"Dry Creek","mapped_name":"Dry Creek","source_name":"Dry Creek","state":"CO","atlas_class":"named_natural_stream","huc8":"11020005","huc8Name":"Upper Arkansas-Lake Meredith","huc8States":"CO","lineageKey":"statewideContext","lineage":"statewideContext","historic":"statewideContext","current":"statewideContext","recovery":"statewideContext","lineageLabel":"Statewide Colorado hydrography context","lineageBasin":"","lineageNote":"","atlas_context":"statewide_hydrography_context","confidence":"Statewide hydrography context outside current cutthroat lineage model","geometryStatus":"Named natural stream segment from statewide hydrography","note":"This named natural stream is included for statewide Colorado hydrography completeness and is outside the current cutthroat lineage assignment set.","source_segment_id":"co_named_stream_046450","water_id":"co_dry_creek_11020005_statewideContext_001","occurrence_id":"co_dry_creek_11020005_statewideContext_001","occurrence_number":"001","segment_count":24,"disambiguator":"Upper Arkansas-Lake Meredith · Statewide Colorado hydrography context · occurrence 001","basin":"Upper Arkansas-Lake Meredith","atlas_layer":"named_water_occurrence","object_role":"named_water_occurrence","historic_label":"Statewide Colorado hydrography context","current_label":"Statewide Colorado hydrography context","recovery_label":"Statewide Colorado hydrography context","tier":"tier2","minZoom":12,"confidence_public":"Statewide hydrography context outside current cutthroat lineage model","geometry_status_public":"Named natural stream occurrence from statewide hydrography","geometry_source_public":"Grouped public hydrography segments","trout_source_public":"Included for Colorado statewide hydrography completeness","public_notes":"Dry Creek is shown as statewide Colorado hydrography context outside the current cutthroat lineage assignment set."}},{"type":"Feature","geometry":{"type":"LineString","coordinates":[[-103.7839,37.9065],[-103.7831,37.9076],[-103.7808,37.9076],[-103.7813,37.9096],[-103.7794,37.9084],[-103.7791,37.9103],[-103.778,37.9091],[-103.7762,37.9102],[-103.7767,37.9091],[-103.7755,37.9092],[-103.7754,37.9111],[-103.7742,37.9098],[-103.7737,37.9109],[-103.7713,37.9102],[-103.7667,37.9109],[-103.7661,37.9101]]},"properties":{"source_id":"co_named_stream_047499","name":"Dry Creek","display_name":"Dry Creek","mapped_name":"Dry Creek","source_name":"Dry Creek","state":"CO","atlas_class":"named_natural_stream","huc8":"11020005","huc8Name":"Upper Arkansas-Lake Meredith","huc8States":"CO","lineageKey":"statewideContext","lineage":"statewideContext","historic":"statewideContext","current":"statewideContext","recovery":"statewideContext","lineageLabel":"Statewide Colorado hydrography context","lineageBasin":"","lineageNote":"","atlas_context":"statewide_hydrography_context","confidence":"Statewide hydrography context outside current cutthroat lineage model","geometryStatus":"Named natural stream segment from statewide hydrography","note":"This named natural stream is included for statewide Colorado hydrography completeness and is outside the current cutthroat lineage assignment set.","source_segment_id":"co_named_stream_047499","water_id":"co_dry_creek_11020005_statewideContext_001","occurrence_id":"co_dry_creek_11020005_statewideContext_001","occurrence_number":"001","segment_count":24,"disambiguator":"Upper Arkansas-Lake Meredith · Statewide Colorado hydrography context · occurrence 001","basin":"Upper Arkansas-Lake Meredith","atlas_layer":"named_water_occurrence","object_role":"named_water_occurrence","historic_label":"Statewide Colorado hydrography context","current_label":"Statewide Colorado hydrography context","recovery_label":"Statewide Colorado hydrography context","tier":"tier2","minZoom":12,"confidence_public":"Statewide hydrography context outside current cutthroat lineage model","geometry_status_public":"Named natural stream occurrence from statewide hydrography","geometry_source_public":"Grouped public hydrography segments","trout_source_public":"Included for Colorado statewide hydrography completeness","public_notes":"Dry Creek is shown as statewide Colorado hydrography context outside the current cutthroat lineage assignment set."}},{"type":"Feature","geometry":{"type":"LineString","coordinates":[[-103.7661,37.9101],[-103.7654,37.9103]]},"properties":{"source_id":"co_named_stream_049857","name":"Dry Creek","display_name":"Dry Creek","mapped_name":"Dry Creek","source_name":"Dry Creek","state":"CO","atlas_class":"named_natural_stream","huc8":"11020005","huc8Name":"Upper Arkansas-Lake Meredith","huc8States":"CO","lineageKey":"statewideContext","lineage":"statewideContext","historic":"statewideContext","current":"statewideContext","recovery":"statewideContext","lineageLabel":"Statewide Colorado hydrography context","lineageBasin":"","lineageNote":"","atlas_context":"statewide_hydrography_context","confidence":"Statewide hydrography context outside current cutthroat lineage model","geometryStatus":"Named natural stream segment from statewide hydrography","note":"This named natural stream is included for statewide Colorado hydrography completeness and is outside the current cutthroat lineage assignment set.","source_segment_id":"co_named_stream_049857","water_id":"co_dry_creek_11020005_statewideContext_001","occurrence_id":"co_dry_creek_11020005_statewideContext_001","occurrence_number":"001","segment_count":24,"disambiguator":"Upper Arkansas-Lake Meredith · Statewide Colorado hydrography context · occurrence 001","basin":"Upper Arkansas-Lake Meredith","atlas_layer":"named_water_occurrence","object_role":"named_water_occurrence","historic_label":"Statewide Colorado hydrography context","current_label":"Statewide Colorado hydrography context","recovery_label":"Statewide Colorado hydrography context","tier":"tier2","minZoom":12,"confidence_public":"Statewide hydrography context outside current cutthroat lineage model","geometry_status_public":"Named natural stream occurrence from statewide hydrography","geometry_source_public":"Grouped public hydrography segments","trout_source_public":"Included for Colorado statewide hydrography completeness","public_notes":"Dry Creek is shown as statewide Colorado hydrography context outside the current cutthroat lineage assignment set."}}]}