{"type":"FeatureCollection","metadata":{"source":"C:\\ct-atlas-data\\processed\\geojson\\interpreted\\colorado_named_natural_streams_complete_v1.geojson","tier":"tier2","tile_size_degrees":0.25,"x":-430,"y":162,"bounds":{"west":-107.5,"south":40.5,"east":-107.25,"north":40.75}},"features":[{"type":"Feature","geometry":{"type":"LineString","coordinates":[[-107.4952,40.5703],[-107.4961,40.568]]},"properties":{"source_id":"co_named_stream_103847","name":"Fortification Creek","display_name":"Fortification Creek","mapped_name":"Fortification Creek","source_name":"Fortification Creek","state":"CO","atlas_class":"named_natural_stream","huc8":"14050001","huc8Name":"Upper Yampa","huc8States":"CO","lineageKey":"greenRiverBlue","lineage":"greenRiverBlue","historic":"greenRiverBlue","current":"greenRiverBlue","recovery":"recoveryWatch","lineageLabel":"Green River / blue-lineage CT","lineageBasin":"Upper Yampa","lineageNote":"Yampa blue-lineage context","atlas_context":"cutthroat_lineage_context","confidence":"Watershed-level lineage context; expert review recommended","geometryStatus":"Named natural stream segment from statewide hydrography","note":"This named natural stream falls within a HUC8 assigned to a cutthroat lineage context.","source_segment_id":"co_named_stream_103847","water_id":"co_fortification_creek_14050001_greenRiverBlue_002","occurrence_id":"co_fortification_creek_14050001_greenRiverBlue_002","occurrence_number":"002","segment_count":65,"disambiguator":"Upper Yampa · Green River / blue-lineage CT · occurrence 002","basin":"Upper Yampa","atlas_layer":"named_water_occurrence","object_role":"named_water_occurrence","historic_label":"Green River / blue-lineage CT","current_label":"Green River / blue-lineage CT","recovery_label":"Recovery watch / review area","tier":"tier2","minZoom":12,"confidence_public":"Watershed-level lineage context; expert review recommended","geometry_status_public":"Named natural stream occurrence from statewide hydrography","geometry_source_public":"Grouped public hydrography segments","trout_source_public":"Compiled public recovery and lineage context; expert review recommended","public_notes":"Fortification Creek is shown as a named-water occurrence within watershed-level cutthroat lineage context. This is not a precise biological boundary."}},{"type":"Feature","geometry":{"type":"LineString","coordinates":[[-107.4965,40.5672],[-107.4975,40.5648]]},"properties":{"source_id":"co_named_stream_103848","name":"Fortification Creek","display_name":"Fortification Creek","mapped_name":"Fortification Creek","source_name":"Fortification Creek","state":"CO","atlas_class":"named_natural_stream","huc8":"14050001","huc8Name":"Upper Yampa","huc8States":"CO","lineageKey":"greenRiverBlue","lineage":"greenRiverBlue","historic":"greenRiverBlue","current":"greenRiverBlue","recovery":"recoveryWatch","lineageLabel":"Green River / blue-lineage CT","lineageBasin":"Upper Yampa","lineageNote":"Yampa blue-lineage context","atlas_context":"cutthroat_lineage_context","confidence":"Watershed-level lineage context; expert review recommended","geometryStatus":"Named natural stream segment from statewide hydrography","note":"This named natural stream falls within a HUC8 assigned to a cutthroat lineage context.","source_segment_id":"co_named_stream_103848","water_id":"co_fortification_creek_14050001_greenRiverBlue_002","occurrence_id":"co_fortification_creek_14050001_greenRiverBlue_002","occurrence_number":"002","segment_count":65,"disambiguator":"Upper Yampa · Green River / blue-lineage CT · occurrence 002","basin":"Upper Yampa","atlas_layer":"named_water_occurrence","object_role":"named_water_occurrence","historic_label":"Green River / blue-lineage CT","current_label":"Green River / blue-lineage CT","recovery_label":"Recovery watch / review area","tier":"tier2","minZoom":12,"confidence_public":"Watershed-level lineage context; expert review recommended","geometry_status_public":"Named natural stream occurrence from statewide hydrography","geometry_source_public":"Grouped public hydrography segments","trout_source_public":"Compiled public recovery and lineage context; expert review recommended","public_notes":"Fortification Creek is shown as a named-water occurrence within watershed-level cutthroat lineage context. This is not a precise biological boundary."}},{"type":"Feature","geometry":{"type":"LineString","coordinates":[[-107.4949,40.5708],[-107.4952,40.5703]]},"properties":{"source_id":"co_named_stream_103849","name":"Fortification Creek","display_name":"Fortification Creek","mapped_name":"Fortification Creek","source_name":"Fortification Creek","state":"CO","atlas_class":"named_natural_stream","huc8":"14050001","huc8Name":"Upper Yampa","huc8States":"CO","lineageKey":"greenRiverBlue","lineage":"greenRiverBlue","historic":"greenRiverBlue","current":"greenRiverBlue","recovery":"recoveryWatch","lineageLabel":"Green River / blue-lineage CT","lineageBasin":"Upper Yampa","lineageNote":"Yampa blue-lineage context","atlas_context":"cutthroat_lineage_context","confidence":"Watershed-level lineage context; expert review recommended","geometryStatus":"Named natural stream segment from statewide hydrography","note":"This named natural stream falls within a HUC8 assigned to a cutthroat lineage context.","source_segment_id":"co_named_stream_103849","water_id":"co_fortification_creek_14050001_greenRiverBlue_002","occurrence_id":"co_fortification_creek_14050001_greenRiverBlue_002","occurrence_number":"002","segment_count":65,"disambiguator":"Upper Yampa · Green River / blue-lineage CT · occurrence 002","basin":"Upper Yampa","atlas_layer":"named_water_occurrence","object_role":"named_water_occurrence","historic_label":"Green River / blue-lineage CT","current_label":"Green River / blue-lineage CT","recovery_label":"Recovery watch / review area","tier":"tier2","minZoom":12,"confidence_public":"Watershed-level lineage context; expert review recommended","geometry_status_public":"Named natural stream occurrence from statewide hydrography","geometry_source_public":"Grouped public hydrography segments","trout_source_public":"Compiled public recovery and lineage context; expert review recommended","public_notes":"Fortification Creek is shown as a named-water occurrence within watershed-level cutthroat lineage context. This is not a precise biological boundary."}},{"type":"Feature","geometry":{"type":"LineString","coordinates":[[-107.478,40.5862],[-107.4799,40.585],[-107.4813,40.5858],[-107.4823,40.5849],[-107.4836,40.5855],[-107.483,40.5836],[-107.4839,40.5832],[-107.4831,40.5819],[-107.4859,40.5786],[-107.4878,40.5776]]},"properties":{"source_id":"co_named_stream_103850","name":"Fortification Creek","display_name":"Fortification Creek","mapped_name":"Fortification Creek","source_name":"Fortification Creek","state":"CO","atlas_class":"named_natural_stream","huc8":"14050001","huc8Name":"Upper Yampa","huc8States":"CO","lineageKey":"greenRiverBlue","lineage":"greenRiverBlue","historic":"greenRiverBlue","current":"greenRiverBlue","recovery":"recoveryWatch","lineageLabel":"Green River / blue-lineage CT","lineageBasin":"Upper Yampa","lineageNote":"Yampa blue-lineage context","atlas_context":"cutthroat_lineage_context","confidence":"Watershed-level lineage context; expert review recommended","geometryStatus":"Named natural stream segment from statewide hydrography","note":"This named natural stream falls within a HUC8 assigned to a cutthroat lineage context.","source_segment_id":"co_named_stream_103850","water_id":"co_fortification_creek_14050001_greenRiverBlue_002","occurrence_id":"co_fortification_creek_14050001_greenRiverBlue_002","occurrence_number":"002","segment_count":65,"disambiguator":"Upper Yampa · Green River / blue-lineage CT · occurrence 002","basin":"Upper Yampa","atlas_layer":"named_water_occurrence","object_role":"named_water_occurrence","historic_label":"Green River / blue-lineage CT","current_label":"Green River / blue-lineage CT","recovery_label":"Recovery watch / review area","tier":"tier2","minZoom":12,"confidence_public":"Watershed-level lineage context; expert review recommended","geometry_status_public":"Named natural stream occurrence from statewide hydrography","geometry_source_public":"Grouped public hydrography segments","trout_source_public":"Compiled public recovery and lineage context; expert review recommended","public_notes":"Fortification Creek is shown as a named-water occurrence within watershed-level cutthroat lineage context. This is not a precise biological boundary."}},{"type":"Feature","geometry":{"type":"LineString","coordinates":[[-107.4776,40.5871],[-107.478,40.5862]]},"properties":{"source_id":"co_named_stream_103851","name":"Fortification Creek","display_name":"Fortification Creek","mapped_name":"Fortification Creek","source_name":"Fortification Creek","state":"CO","atlas_class":"named_natural_stream","huc8":"14050001","huc8Name":"Upper Yampa","huc8States":"CO","lineageKey":"greenRiverBlue","lineage":"greenRiverBlue","historic":"greenRiverBlue","current":"greenRiverBlue","recovery":"recoveryWatch","lineageLabel":"Green River / blue-lineage CT","lineageBasin":"Upper Yampa","lineageNote":"Yampa blue-lineage context","atlas_context":"cutthroat_lineage_context","confidence":"Watershed-level lineage context; expert review recommended","geometryStatus":"Named natural stream segment from statewide hydrography","note":"This named natural stream falls within a HUC8 assigned to a cutthroat lineage context.","source_segment_id":"co_named_stream_103851","water_id":"co_fortification_creek_14050001_greenRiverBlue_002","occurrence_id":"co_fortification_creek_14050001_greenRiverBlue_002","occurrence_number":"002","segment_count":65,"disambiguator":"Upper Yampa · Green River / blue-lineage CT · occurrence 002","basin":"Upper Yampa","atlas_layer":"named_water_occurrence","object_role":"named_water_occurrence","historic_label":"Green River / blue-lineage CT","current_label":"Green River / blue-lineage CT","recovery_label":"Recovery watch / review area","tier":"tier2","minZoom":12,"confidence_public":"Watershed-level lineage context; expert review recommended","geometry_status_public":"Named natural stream occurrence from statewide hydrography","geometry_source_public":"Grouped public hydrography segments","trout_source_public":"Compiled public recovery and lineage context; expert review recommended","public_notes":"Fortification Creek is shown as a named-water occurrence within watershed-level cutthroat lineage context. This is not a precise biological boundary."}},{"type":"Feature","geometry":{"type":"LineString","coordinates":[[-107.4729,40.6057],[-107.4731,40.6007],[-107.4736,40.5992],[-107.4751,40.5987],[-107.475,40.5974]]},"properties":{"source_id":"co_named_stream_103852","name":"Fortification Creek","display_name":"Fortification Creek","mapped_name":"Fortification Creek","source_name":"Fortification Creek","state":"CO","atlas_class":"named_natural_stream","huc8":"14050001","huc8Name":"Upper Yampa","huc8States":"CO","lineageKey":"greenRiverBlue","lineage":"greenRiverBlue","historic":"greenRiverBlue","current":"greenRiverBlue","recovery":"recoveryWatch","lineageLabel":"Green River / blue-lineage CT","lineageBasin":"Upper Yampa","lineageNote":"Yampa blue-lineage context","atlas_context":"cutthroat_lineage_context","confidence":"Watershed-level lineage context; expert review recommended","geometryStatus":"Named natural stream segment from statewide hydrography","note":"This named natural stream falls within a HUC8 assigned to a cutthroat lineage context.","source_segment_id":"co_named_stream_103852","water_id":"co_fortification_creek_14050001_greenRiverBlue_002","occurrence_id":"co_fortification_creek_14050001_greenRiverBlue_002","occurrence_number":"002","segment_count":65,"disambiguator":"Upper Yampa · Green River / blue-lineage CT · occurrence 002","basin":"Upper Yampa","atlas_layer":"named_water_occurrence","object_role":"named_water_occurrence","historic_label":"Green River / blue-lineage CT","current_label":"Green River / blue-lineage CT","recovery_label":"Recovery watch / review area","tier":"tier2","minZoom":12,"confidence_public":"Watershed-level lineage context; expert review recommended","geometry_status_public":"Named natural stream occurrence from statewide hydrography","geometry_source_public":"Grouped public hydrography segments","trout_source_public":"Compiled public recovery and lineage context; expert review recommended","public_notes":"Fortification Creek is shown as a named-water occurrence within watershed-level cutthroat lineage context. This is not a precise biological boundary."}},{"type":"Feature","geometry":{"type":"LineString","coordinates":[[-107.4742,40.5904],[-107.4767,40.5898],[-107.4762,40.5886],[-107.4778,40.5884],[-107.4776,40.5871]]},"properties":{"source_id":"co_named_stream_103853","name":"Fortification Creek","display_name":"Fortification Creek","mapped_name":"Fortification Creek","source_name":"Fortification Creek","state":"CO","atlas_class":"named_natural_stream","huc8":"14050001","huc8Name":"Upper Yampa","huc8States":"CO","lineageKey":"greenRiverBlue","lineage":"greenRiverBlue","historic":"greenRiverBlue","current":"greenRiverBlue","recovery":"recoveryWatch","lineageLabel":"Green River / blue-lineage CT","lineageBasin":"Upper Yampa","lineageNote":"Yampa blue-lineage context","atlas_context":"cutthroat_lineage_context","confidence":"Watershed-level lineage context; expert review recommended","geometryStatus":"Named natural stream segment from statewide hydrography","note":"This named natural stream falls within a HUC8 assigned to a cutthroat lineage context.","source_segment_id":"co_named_stream_103853","water_id":"co_fortification_creek_14050001_greenRiverBlue_002","occurrence_id":"co_fortification_creek_14050001_greenRiverBlue_002","occurrence_number":"002","segment_count":65,"disambiguator":"Upper Yampa · Green River / blue-lineage CT · occurrence 002","basin":"Upper Yampa","atlas_layer":"named_water_occurrence","object_role":"named_water_occurrence","historic_label":"Green River / blue-lineage CT","current_label":"Green River / blue-lineage CT","recovery_label":"Recovery watch / review area","tier":"tier2","minZoom":12,"confidence_public":"Watershed-level lineage context; expert review recommended","geometry_status_public":"Named natural stream occurrence from statewide hydrography","geometry_source_public":"Grouped public hydrography segments","trout_source_public":"Compiled public recovery and lineage context; expert review recommended","public_notes":"Fortification Creek is shown as a named-water occurrence within watershed-level cutthroat lineage context. This is not a precise biological boundary."}},{"type":"Feature","geometry":{"type":"LineString","coordinates":[[-107.4878,40.5776],[-107.4883,40.576],[-107.4907,40.5757],[-107.4929,40.5741],[-107.4949,40.5708]]},"properties":{"source_id":"co_named_stream_103854","name":"Fortification Creek","display_name":"Fortification Creek","mapped_name":"Fortification Creek","source_name":"Fortification Creek","state":"CO","atlas_class":"named_natural_stream","huc8":"14050001","huc8Name":"Upper Yampa","huc8States":"CO","lineageKey":"greenRiverBlue","lineage":"greenRiverBlue","historic":"greenRiverBlue","current":"greenRiverBlue","recovery":"recoveryWatch","lineageLabel":"Green River / blue-lineage CT","lineageBasin":"Upper Yampa","lineageNote":"Yampa blue-lineage context","atlas_context":"cutthroat_lineage_context","confidence":"Watershed-level lineage context; expert review recommended","geometryStatus":"Named natural stream segment from statewide hydrography","note":"This named natural stream falls within a HUC8 assigned to a cutthroat lineage context.","source_segment_id":"co_named_stream_103854","water_id":"co_fortification_creek_14050001_greenRiverBlue_002","occurrence_id":"co_fortification_creek_14050001_greenRiverBlue_002","occurrence_number":"002","segment_count":65,"disambiguator":"Upper Yampa · Green River / blue-lineage CT · occurrence 002","basin":"Upper Yampa","atlas_layer":"named_water_occurrence","object_role":"named_water_occurrence","historic_label":"Green River / blue-lineage CT","current_label":"Green River / blue-lineage CT","recovery_label":"Recovery watch / review area","tier":"tier2","minZoom":12,"confidence_public":"Watershed-level lineage context; expert review recommended","geometry_status_public":"Named natural stream occurrence from statewide hydrography","geometry_source_public":"Grouped public hydrography segments","trout_source_public":"Compiled public recovery and lineage context; expert review recommended","public_notes":"Fortification Creek is shown as a named-water occurrence within watershed-level cutthroat lineage context. This is not a precise biological boundary."}},{"type":"Feature","geometry":{"type":"LineString","coordinates":[[-107.4961,40.568],[-107.4965,40.5672]]},"properties":{"source_id":"co_named_stream_103855","name":"Fortification Creek","display_name":"Fortification Creek","mapped_name":"Fortification Creek","source_name":"Fortification Creek","state":"CO","atlas_class":"named_natural_stream","huc8":"14050001","huc8Name":"Upper Yampa","huc8States":"CO","lineageKey":"greenRiverBlue","lineage":"greenRiverBlue","historic":"greenRiverBlue","current":"greenRiverBlue","recovery":"recoveryWatch","lineageLabel":"Green River / blue-lineage CT","lineageBasin":"Upper Yampa","lineageNote":"Yampa blue-lineage context","atlas_context":"cutthroat_lineage_context","confidence":"Watershed-level lineage context; expert review recommended","geometryStatus":"Named natural stream segment from statewide hydrography","note":"This named natural stream falls within a HUC8 assigned to a cutthroat lineage context.","source_segment_id":"co_named_stream_103855","water_id":"co_fortification_creek_14050001_greenRiverBlue_002","occurrence_id":"co_fortification_creek_14050001_greenRiverBlue_002","occurrence_number":"002","segment_count":65,"disambiguator":"Upper Yampa · Green River / blue-lineage CT · occurrence 002","basin":"Upper Yampa","atlas_layer":"named_water_occurrence","object_role":"named_water_occurrence","historic_label":"Green River / blue-lineage CT","current_label":"Green River / blue-lineage CT","recovery_label":"Recovery watch / review area","tier":"tier2","minZoom":12,"confidence_public":"Watershed-level lineage context; expert review recommended","geometry_status_public":"Named natural stream occurrence from statewide hydrography","geometry_source_public":"Grouped public hydrography segments","trout_source_public":"Compiled public recovery and lineage context; expert review recommended","public_notes":"Fortification Creek is shown as a named-water occurrence within watershed-level cutthroat lineage context. This is not a precise biological boundary."}},{"type":"Feature","geometry":{"type":"LineString","coordinates":[[-107.4678,40.6276],[-107.4672,40.6267],[-107.468,40.6259]]},"properties":{"source_id":"co_named_stream_104147","name":"Fortification Creek","display_name":"Fortification Creek","mapped_name":"Fortification Creek","source_name":"Fortification Creek","state":"CO","atlas_class":"named_natural_stream","huc8":"14050001","huc8Name":"Upper Yampa","huc8States":"CO","lineageKey":"greenRiverBlue","lineage":"greenRiverBlue","historic":"greenRiverBlue","current":"greenRiverBlue","recovery":"recoveryWatch","lineageLabel":"Green River / blue-lineage CT","lineageBasin":"Upper Yampa","lineageNote":"Yampa blue-lineage context","atlas_context":"cutthroat_lineage_context","confidence":"Watershed-level lineage context; expert review recommended","geometryStatus":"Named natural stream segment from statewide hydrography","note":"This named natural stream falls within a HUC8 assigned to a cutthroat lineage context.","source_segment_id":"co_named_stream_104147","water_id":"co_fortification_creek_14050001_greenRiverBlue_002","occurrence_id":"co_fortification_creek_14050001_greenRiverBlue_002","occurrence_number":"002","segment_count":65,"disambiguator":"Upper Yampa · Green River / blue-lineage CT · occurrence 002","basin":"Upper Yampa","atlas_layer":"named_water_occurrence","object_role":"named_water_occurrence","historic_label":"Green River / blue-lineage CT","current_label":"Green River / blue-lineage CT","recovery_label":"Recovery watch / review area","tier":"tier2","minZoom":12,"confidence_public":"Watershed-level lineage context; expert review recommended","geometry_status_public":"Named natural stream occurrence from statewide hydrography","geometry_source_public":"Grouped public hydrography segments","trout_source_public":"Compiled public recovery and lineage context; expert review recommended","public_notes":"Fortification Creek is shown as a named-water occurrence within watershed-level cutthroat lineage context. This is not a precise biological boundary."}},{"type":"Feature","geometry":{"type":"LineString","coordinates":[[-107.4721,40.6533],[-107.4702,40.6504],[-107.4702,40.6487]]},"properties":{"source_id":"co_named_stream_104148","name":"Fortification Creek","display_name":"Fortification Creek","mapped_name":"Fortification Creek","source_name":"Fortification Creek","state":"CO","atlas_class":"named_natural_stream","huc8":"14050001","huc8Name":"Upper Yampa","huc8States":"CO","lineageKey":"greenRiverBlue","lineage":"greenRiverBlue","historic":"greenRiverBlue","current":"greenRiverBlue","recovery":"recoveryWatch","lineageLabel":"Green River / blue-lineage CT","lineageBasin":"Upper Yampa","lineageNote":"Yampa blue-lineage context","atlas_context":"cutthroat_lineage_context","confidence":"Watershed-level lineage context; expert review recommended","geometryStatus":"Named natural stream segment from statewide hydrography","note":"This named natural stream falls within a HUC8 assigned to a cutthroat lineage context.","source_segment_id":"co_named_stream_104148","water_id":"co_fortification_creek_14050001_greenRiverBlue_002","occurrence_id":"co_fortification_creek_14050001_greenRiverBlue_002","occurrence_number":"002","segment_count":65,"disambiguator":"Upper Yampa · Green River / blue-lineage CT · occurrence 002","basin":"Upper Yampa","atlas_layer":"named_water_occurrence","object_role":"named_water_occurrence","historic_label":"Green River / blue-lineage CT","current_label":"Green River / blue-lineage CT","recovery_label":"Recovery watch / review area","tier":"tier2","minZoom":12,"confidence_public":"Watershed-level lineage context; expert review recommended","geometry_status_public":"Named natural stream occurrence from statewide hydrography","geometry_source_public":"Grouped public hydrography segments","trout_source_public":"Compiled public recovery and lineage context; expert review recommended","public_notes":"Fortification Creek is shown as a named-water occurrence within watershed-level cutthroat lineage context. This is not a precise biological boundary."}},{"type":"Feature","geometry":{"type":"LineString","coordinates":[[-107.472,40.6592],[-107.4752,40.6589],[-107.4739,40.6571],[-107.4741,40.6557],[-107.4718,40.6553],[-107.4721,40.6533]]},"properties":{"source_id":"co_named_stream_104153","name":"Fortification Creek","display_name":"Fortification Creek","mapped_name":"Fortification Creek","source_name":"Fortification Creek","state":"CO","atlas_class":"named_natural_stream","huc8":"14050001","huc8Name":"Upper Yampa","huc8States":"CO","lineageKey":"greenRiverBlue","lineage":"greenRiverBlue","historic":"greenRiverBlue","current":"greenRiverBlue","recovery":"recoveryWatch","lineageLabel":"Green River / blue-lineage CT","lineageBasin":"Upper Yampa","lineageNote":"Yampa blue-lineage context","atlas_context":"cutthroat_lineage_context","confidence":"Watershed-level lineage context; expert review recommended","geometryStatus":"Named natural stream segment from statewide hydrography","note":"This named natural stream falls within a HUC8 assigned to a cutthroat lineage context.","source_segment_id":"co_named_stream_104153","water_id":"co_fortification_creek_14050001_greenRiverBlue_002","occurrence_id":"co_fortification_creek_14050001_greenRiverBlue_002","occurrence_number":"002","segment_count":65,"disambiguator":"Upper Yampa · Green River / blue-lineage CT · occurrence 002","basin":"Upper Yampa","atlas_layer":"named_water_occurrence","object_role":"named_water_occurrence","historic_label":"Green River / blue-lineage CT","current_label":"Green River / blue-lineage CT","recovery_label":"Recovery watch / review area","tier":"tier2","minZoom":12,"confidence_public":"Watershed-level lineage context; expert review recommended","geometry_status_public":"Named natural stream occurrence from statewide hydrography","geometry_source_public":"Grouped public hydrography segments","trout_source_public":"Compiled public recovery and lineage context; expert review recommended","public_notes":"Fortification Creek is shown as a named-water occurrence within watershed-level cutthroat lineage context. This is not a precise biological boundary."}},{"type":"Feature","geometry":{"type":"LineString","coordinates":[[-107.4634,40.6389],[-107.4628,40.6373],[-107.4639,40.6374],[-107.4648,40.6361],[-107.4637,40.6361],[-107.4642,40.6348],[-107.4628,40.6345],[-107.4633,40.6339],[-107.4627,40.6335]]},"properties":{"source_id":"co_named_stream_104154","name":"Fortification Creek","display_name":"Fortification Creek","mapped_name":"Fortification Creek","source_name":"Fortification Creek","state":"CO","atlas_class":"named_natural_stream","huc8":"14050001","huc8Name":"Upper Yampa","huc8States":"CO","lineageKey":"greenRiverBlue","lineage":"greenRiverBlue","historic":"greenRiverBlue","current":"greenRiverBlue","recovery":"recoveryWatch","lineageLabel":"Green River / blue-lineage CT","lineageBasin":"Upper Yampa","lineageNote":"Yampa blue-lineage context","atlas_context":"cutthroat_lineage_context","confidence":"Watershed-level lineage context; expert review recommended","geometryStatus":"Named natural stream segment from statewide hydrography","note":"This named natural stream falls within a HUC8 assigned to a cutthroat lineage context.","source_segment_id":"co_named_stream_104154","water_id":"co_fortification_creek_14050001_greenRiverBlue_002","occurrence_id":"co_fortification_creek_14050001_greenRiverBlue_002","occurrence_number":"002","segment_count":65,"disambiguator":"Upper Yampa · Green River / blue-lineage CT · occurrence 002","basin":"Upper Yampa","atlas_layer":"named_water_occurrence","object_role":"named_water_occurrence","historic_label":"Green River / blue-lineage CT","current_label":"Green River / blue-lineage CT","recovery_label":"Recovery watch / review area","tier":"tier2","minZoom":12,"confidence_public":"Watershed-level lineage context; expert review recommended","geometry_status_public":"Named natural stream occurrence from statewide hydrography","geometry_source_public":"Grouped public hydrography segments","trout_source_public":"Compiled public recovery and lineage context; expert review recommended","public_notes":"Fortification Creek is shown as a named-water occurrence within watershed-level cutthroat lineage context. This is not a precise biological boundary."}},{"type":"Feature","geometry":{"type":"LineString","coordinates":[[-107.466,40.6439],[-107.4645,40.6442],[-107.4622,40.6433],[-107.4648,40.6398],[-107.4634,40.6389]]},"properties":{"source_id":"co_named_stream_104159","name":"Fortification Creek","display_name":"Fortification Creek","mapped_name":"Fortification Creek","source_name":"Fortification Creek","state":"CO","atlas_class":"named_natural_stream","huc8":"14050001","huc8Name":"Upper Yampa","huc8States":"CO","lineageKey":"greenRiverBlue","lineage":"greenRiverBlue","historic":"greenRiverBlue","current":"greenRiverBlue","recovery":"recoveryWatch","lineageLabel":"Green River / blue-lineage CT","lineageBasin":"Upper Yampa","lineageNote":"Yampa blue-lineage context","atlas_context":"cutthroat_lineage_context","confidence":"Watershed-level lineage context; expert review recommended","geometryStatus":"Named natural stream segment from statewide hydrography","note":"This named natural stream falls within a HUC8 assigned to a cutthroat lineage context.","source_segment_id":"co_named_stream_104159","water_id":"co_fortification_creek_14050001_greenRiverBlue_002","occurrence_id":"co_fortification_creek_14050001_greenRiverBlue_002","occurrence_number":"002","segment_count":65,"disambiguator":"Upper Yampa · Green River / blue-lineage CT · occurrence 002","basin":"Upper Yampa","atlas_layer":"named_water_occurrence","object_role":"named_water_occurrence","historic_label":"Green River / blue-lineage CT","current_label":"Green River / blue-lineage CT","recovery_label":"Recovery watch / review area","tier":"tier2","minZoom":12,"confidence_public":"Watershed-level lineage context; expert review recommended","geometry_status_public":"Named natural stream occurrence from statewide hydrography","geometry_source_public":"Grouped public hydrography segments","trout_source_public":"Compiled public recovery and lineage context; expert review recommended","public_notes":"Fortification Creek is shown as a named-water occurrence within watershed-level cutthroat lineage context. This is not a precise biological boundary."}},{"type":"Feature","geometry":{"type":"LineString","coordinates":[[-107.4735,40.665],[-107.4708,40.6636]]},"properties":{"source_id":"co_named_stream_104160","name":"Fortification Creek","display_name":"Fortification Creek","mapped_name":"Fortification Creek","source_name":"Fortification Creek","state":"CO","atlas_class":"named_natural_stream","huc8":"14050001","huc8Name":"Upper Yampa","huc8States":"CO","lineageKey":"greenRiverBlue","lineage":"greenRiverBlue","historic":"greenRiverBlue","current":"greenRiverBlue","recovery":"recoveryWatch","lineageLabel":"Green River / blue-lineage CT","lineageBasin":"Upper Yampa","lineageNote":"Yampa blue-lineage context","atlas_context":"cutthroat_lineage_context","confidence":"Watershed-level lineage context; expert review recommended","geometryStatus":"Named natural stream segment from statewide hydrography","note":"This named natural stream falls within a HUC8 assigned to a cutthroat lineage context.","source_segment_id":"co_named_stream_104160","water_id":"co_fortification_creek_14050001_greenRiverBlue_002","occurrence_id":"co_fortification_creek_14050001_greenRiverBlue_002","occurrence_number":"002","segment_count":65,"disambiguator":"Upper Yampa · Green River / blue-lineage CT · occurrence 002","basin":"Upper Yampa","atlas_layer":"named_water_occurrence","object_role":"named_water_occurrence","historic_label":"Green River / blue-lineage CT","current_label":"Green River / blue-lineage CT","recovery_label":"Recovery watch / review area","tier":"tier2","minZoom":12,"confidence_public":"Watershed-level lineage context; expert review recommended","geometry_status_public":"Named natural stream occurrence from statewide hydrography","geometry_source_public":"Grouped public hydrography segments","trout_source_public":"Compiled public recovery and lineage context; expert review recommended","public_notes":"Fortification Creek is shown as a named-water occurrence within watershed-level cutthroat lineage context. This is not a precise biological boundary."}},{"type":"Feature","geometry":{"type":"LineString","coordinates":[[-107.4708,40.6636],[-107.4703,40.663],[-107.4738,40.6627],[-107.4715,40.6604],[-107.472,40.6592]]},"properties":{"source_id":"co_named_stream_104162","name":"Fortification Creek","display_name":"Fortification Creek","mapped_name":"Fortification Creek","source_name":"Fortification Creek","state":"CO","atlas_class":"named_natural_stream","huc8":"14050001","huc8Name":"Upper Yampa","huc8States":"CO","lineageKey":"greenRiverBlue","lineage":"greenRiverBlue","historic":"greenRiverBlue","current":"greenRiverBlue","recovery":"recoveryWatch","lineageLabel":"Green River / blue-lineage CT","lineageBasin":"Upper Yampa","lineageNote":"Yampa blue-lineage context","atlas_context":"cutthroat_lineage_context","confidence":"Watershed-level lineage context; expert review recommended","geometryStatus":"Named natural stream segment from statewide hydrography","note":"This named natural stream falls within a HUC8 assigned to a cutthroat lineage context.","source_segment_id":"co_named_stream_104162","water_id":"co_fortification_creek_14050001_greenRiverBlue_002","occurrence_id":"co_fortification_creek_14050001_greenRiverBlue_002","occurrence_number":"002","segment_count":65,"disambiguator":"Upper Yampa · Green River / blue-lineage CT · occurrence 002","basin":"Upper Yampa","atlas_layer":"named_water_occurrence","object_role":"named_water_occurrence","historic_label":"Green River / blue-lineage CT","current_label":"Green River / blue-lineage CT","recovery_label":"Recovery watch / review area","tier":"tier2","minZoom":12,"confidence_public":"Watershed-level lineage context; expert review recommended","geometry_status_public":"Named natural stream occurrence from statewide hydrography","geometry_source_public":"Grouped public hydrography segments","trout_source_public":"Compiled public recovery and lineage context; expert review recommended","public_notes":"Fortification Creek is shown as a named-water occurrence within watershed-level cutthroat lineage context. This is not a precise biological boundary."}},{"type":"Feature","geometry":{"type":"LineString","coordinates":[[-107.4671,40.6278],[-107.4678,40.6276]]},"properties":{"source_id":"co_named_stream_104163","name":"Fortification Creek","display_name":"Fortification Creek","mapped_name":"Fortification Creek","source_name":"Fortification Creek","state":"CO","atlas_class":"named_natural_stream","huc8":"14050001","huc8Name":"Upper Yampa","huc8States":"CO","lineageKey":"greenRiverBlue","lineage":"greenRiverBlue","historic":"greenRiverBlue","current":"greenRiverBlue","recovery":"recoveryWatch","lineageLabel":"Green River / blue-lineage CT","lineageBasin":"Upper Yampa","lineageNote":"Yampa blue-lineage context","atlas_context":"cutthroat_lineage_context","confidence":"Watershed-level lineage context; expert review recommended","geometryStatus":"Named natural stream segment from statewide hydrography","note":"This named natural stream falls within a HUC8 assigned to a cutthroat lineage context.","source_segment_id":"co_named_stream_104163","water_id":"co_fortification_creek_14050001_greenRiverBlue_002","occurrence_id":"co_fortification_creek_14050001_greenRiverBlue_002","occurrence_number":"002","segment_count":65,"disambiguator":"Upper Yampa · Green River / blue-lineage CT · occurrence 002","basin":"Upper Yampa","atlas_layer":"named_water_occurrence","object_role":"named_water_occurrence","historic_label":"Green River / blue-lineage CT","current_label":"Green River / blue-lineage CT","recovery_label":"Recovery watch / review area","tier":"tier2","minZoom":12,"confidence_public":"Watershed-level lineage context; expert review recommended","geometry_status_public":"Named natural stream occurrence from statewide hydrography","geometry_source_public":"Grouped public hydrography segments","trout_source_public":"Compiled public recovery and lineage context; expert review recommended","public_notes":"Fortification Creek is shown as a named-water occurrence within watershed-level cutthroat lineage context. This is not a precise biological boundary."}},{"type":"Feature","geometry":{"type":"LineString","coordinates":[[-107.4649,40.6481],[-107.4648,40.6456],[-107.466,40.6439]]},"properties":{"source_id":"co_named_stream_104164","name":"Fortification Creek","display_name":"Fortification Creek","mapped_name":"Fortification Creek","source_name":"Fortification Creek","state":"CO","atlas_class":"named_natural_stream","huc8":"14050001","huc8Name":"Upper Yampa","huc8States":"CO","lineageKey":"greenRiverBlue","lineage":"greenRiverBlue","historic":"greenRiverBlue","current":"greenRiverBlue","recovery":"recoveryWatch","lineageLabel":"Green River / blue-lineage CT","lineageBasin":"Upper Yampa","lineageNote":"Yampa blue-lineage context","atlas_context":"cutthroat_lineage_context","confidence":"Watershed-level lineage context; expert review recommended","geometryStatus":"Named natural stream segment from statewide hydrography","note":"This named natural stream falls within a HUC8 assigned to a cutthroat lineage context.","source_segment_id":"co_named_stream_104164","water_id":"co_fortification_creek_14050001_greenRiverBlue_002","occurrence_id":"co_fortification_creek_14050001_greenRiverBlue_002","occurrence_number":"002","segment_count":65,"disambiguator":"Upper Yampa · Green River / blue-lineage CT · occurrence 002","basin":"Upper Yampa","atlas_layer":"named_water_occurrence","object_role":"named_water_occurrence","historic_label":"Green River / blue-lineage CT","current_label":"Green River / blue-lineage CT","recovery_label":"Recovery watch / review area","tier":"tier2","minZoom":12,"confidence_public":"Watershed-level lineage context; expert review recommended","geometry_status_public":"Named natural stream occurrence from statewide hydrography","geometry_source_public":"Grouped public hydrography segments","trout_source_public":"Compiled public recovery and lineage context; expert review recommended","public_notes":"Fortification Creek is shown as a named-water occurrence within watershed-level cutthroat lineage context. This is not a precise biological boundary."}},{"type":"Feature","geometry":{"type":"LineString","coordinates":[[-107.4627,40.6335],[-107.4644,40.6324]]},"properties":{"source_id":"co_named_stream_104165","name":"Fortification Creek","display_name":"Fortification Creek","mapped_name":"Fortification Creek","source_name":"Fortification Creek","state":"CO","atlas_class":"named_natural_stream","huc8":"14050001","huc8Name":"Upper Yampa","huc8States":"CO","lineageKey":"greenRiverBlue","lineage":"greenRiverBlue","historic":"greenRiverBlue","current":"greenRiverBlue","recovery":"recoveryWatch","lineageLabel":"Green River / blue-lineage CT","lineageBasin":"Upper Yampa","lineageNote":"Yampa blue-lineage context","atlas_context":"cutthroat_lineage_context","confidence":"Watershed-level lineage context; expert review recommended","geometryStatus":"Named natural stream segment from statewide hydrography","note":"This named natural stream falls within a HUC8 assigned to a cutthroat lineage context.","source_segment_id":"co_named_stream_104165","water_id":"co_fortification_creek_14050001_greenRiverBlue_002","occurrence_id":"co_fortification_creek_14050001_greenRiverBlue_002","occurrence_number":"002","segment_count":65,"disambiguator":"Upper Yampa · Green River / blue-lineage CT · occurrence 002","basin":"Upper Yampa","atlas_layer":"named_water_occurrence","object_role":"named_water_occurrence","historic_label":"Green River / blue-lineage CT","current_label":"Green River / blue-lineage CT","recovery_label":"Recovery watch / review area","tier":"tier2","minZoom":12,"confidence_public":"Watershed-level lineage context; expert review recommended","geometry_status_public":"Named natural stream occurrence from statewide hydrography","geometry_source_public":"Grouped public hydrography segments","trout_source_public":"Compiled public recovery and lineage context; expert review recommended","public_notes":"Fortification Creek is shown as a named-water occurrence within watershed-level cutthroat lineage context. This is not a precise biological boundary."}},{"type":"Feature","geometry":{"type":"LineString","coordinates":[[-107.466,40.6295],[-107.4646,40.6287],[-107.4658,40.6276]]},"properties":{"source_id":"co_named_stream_104169","name":"Fortification Creek","display_name":"Fortification Creek","mapped_name":"Fortification Creek","source_name":"Fortification Creek","state":"CO","atlas_class":"named_natural_stream","huc8":"14050001","huc8Name":"Upper Yampa","huc8States":"CO","lineageKey":"greenRiverBlue","lineage":"greenRiverBlue","historic":"greenRiverBlue","current":"greenRiverBlue","recovery":"recoveryWatch","lineageLabel":"Green River / blue-lineage CT","lineageBasin":"Upper Yampa","lineageNote":"Yampa blue-lineage context","atlas_context":"cutthroat_lineage_context","confidence":"Watershed-level lineage context; expert review recommended","geometryStatus":"Named natural stream segment from statewide hydrography","note":"This named natural stream falls within a HUC8 assigned to a cutthroat lineage context.","source_segment_id":"co_named_stream_104169","water_id":"co_fortification_creek_14050001_greenRiverBlue_002","occurrence_id":"co_fortification_creek_14050001_greenRiverBlue_002","occurrence_number":"002","segment_count":65,"disambiguator":"Upper Yampa · Green River / blue-lineage CT · occurrence 002","basin":"Upper Yampa","atlas_layer":"named_water_occurrence","object_role":"named_water_occurrence","historic_label":"Green River / blue-lineage CT","current_label":"Green River / blue-lineage CT","recovery_label":"Recovery watch / review area","tier":"tier2","minZoom":12,"confidence_public":"Watershed-level lineage context; expert review recommended","geometry_status_public":"Named natural stream occurrence from statewide hydrography","geometry_source_public":"Grouped public hydrography segments","trout_source_public":"Compiled public recovery and lineage context; expert review recommended","public_notes":"Fortification Creek is shown as a named-water occurrence within watershed-level cutthroat lineage context. This is not a precise biological boundary."}},{"type":"Feature","geometry":{"type":"LineString","coordinates":[[-107.4644,40.6324],[-107.4645,40.6317],[-107.4631,40.6315],[-107.4647,40.6304],[-107.4634,40.63],[-107.466,40.6295]]},"properties":{"source_id":"co_named_stream_104171","name":"Fortification Creek","display_name":"Fortification Creek","mapped_name":"Fortification Creek","source_name":"Fortification Creek","state":"CO","atlas_class":"named_natural_stream","huc8":"14050001","huc8Name":"Upper Yampa","huc8States":"CO","lineageKey":"greenRiverBlue","lineage":"greenRiverBlue","historic":"greenRiverBlue","current":"greenRiverBlue","recovery":"recoveryWatch","lineageLabel":"Green River / blue-lineage CT","lineageBasin":"Upper Yampa","lineageNote":"Yampa blue-lineage context","atlas_context":"cutthroat_lineage_context","confidence":"Watershed-level lineage context; expert review recommended","geometryStatus":"Named natural stream segment from statewide hydrography","note":"This named natural stream falls within a HUC8 assigned to a cutthroat lineage context.","source_segment_id":"co_named_stream_104171","water_id":"co_fortification_creek_14050001_greenRiverBlue_002","occurrence_id":"co_fortification_creek_14050001_greenRiverBlue_002","occurrence_number":"002","segment_count":65,"disambiguator":"Upper Yampa · Green River / blue-lineage CT · occurrence 002","basin":"Upper Yampa","atlas_layer":"named_water_occurrence","object_role":"named_water_occurrence","historic_label":"Green River / blue-lineage CT","current_label":"Green River / blue-lineage CT","recovery_label":"Recovery watch / review area","tier":"tier2","minZoom":12,"confidence_public":"Watershed-level lineage context; expert review recommended","geometry_status_public":"Named natural stream occurrence from statewide hydrography","geometry_source_public":"Grouped public hydrography segments","trout_source_public":"Compiled public recovery and lineage context; expert review recommended","public_notes":"Fortification Creek is shown as a named-water occurrence within watershed-level cutthroat lineage context. This is not a precise biological boundary."}},{"type":"Feature","geometry":{"type":"LineString","coordinates":[[-107.4702,40.6682],[-107.4721,40.6673]]},"properties":{"source_id":"co_named_stream_104174","name":"Fortification Creek","display_name":"Fortification Creek","mapped_name":"Fortification Creek","source_name":"Fortification Creek","state":"CO","atlas_class":"named_natural_stream","huc8":"14050001","huc8Name":"Upper Yampa","huc8States":"CO","lineageKey":"greenRiverBlue","lineage":"greenRiverBlue","historic":"greenRiverBlue","current":"greenRiverBlue","recovery":"recoveryWatch","lineageLabel":"Green River / blue-lineage CT","lineageBasin":"Upper Yampa","lineageNote":"Yampa blue-lineage context","atlas_context":"cutthroat_lineage_context","confidence":"Watershed-level lineage context; expert review recommended","geometryStatus":"Named natural stream segment from statewide hydrography","note":"This named natural stream falls within a HUC8 assigned to a cutthroat lineage context.","source_segment_id":"co_named_stream_104174","water_id":"co_fortification_creek_14050001_greenRiverBlue_002","occurrence_id":"co_fortification_creek_14050001_greenRiverBlue_002","occurrence_number":"002","segment_count":65,"disambiguator":"Upper Yampa · Green River / blue-lineage CT · occurrence 002","basin":"Upper Yampa","atlas_layer":"named_water_occurrence","object_role":"named_water_occurrence","historic_label":"Green River / blue-lineage CT","current_label":"Green River / blue-lineage CT","recovery_label":"Recovery watch / review area","tier":"tier2","minZoom":12,"confidence_public":"Watershed-level lineage context; expert review recommended","geometry_status_public":"Named natural stream occurrence from statewide hydrography","geometry_source_public":"Grouped public hydrography segments","trout_source_public":"Compiled public recovery and lineage context; expert review recommended","public_notes":"Fortification Creek is shown as a named-water occurrence within watershed-level cutthroat lineage context. This is not a precise biological boundary."}},{"type":"Feature","geometry":{"type":"LineString","coordinates":[[-107.4702,40.6487],[-107.4649,40.6481]]},"properties":{"source_id":"co_named_stream_104175","name":"Fortification Creek","display_name":"Fortification Creek","mapped_name":"Fortification Creek","source_name":"Fortification Creek","state":"CO","atlas_class":"named_natural_stream","huc8":"14050001","huc8Name":"Upper Yampa","huc8States":"CO","lineageKey":"greenRiverBlue","lineage":"greenRiverBlue","historic":"greenRiverBlue","current":"greenRiverBlue","recovery":"recoveryWatch","lineageLabel":"Green River / blue-lineage CT","lineageBasin":"Upper Yampa","lineageNote":"Yampa blue-lineage context","atlas_context":"cutthroat_lineage_context","confidence":"Watershed-level lineage context; expert review recommended","geometryStatus":"Named natural stream segment from statewide hydrography","note":"This named natural stream falls within a HUC8 assigned to a cutthroat lineage context.","source_segment_id":"co_named_stream_104175","water_id":"co_fortification_creek_14050001_greenRiverBlue_002","occurrence_id":"co_fortification_creek_14050001_greenRiverBlue_002","occurrence_number":"002","segment_count":65,"disambiguator":"Upper Yampa · Green River / blue-lineage CT · occurrence 002","basin":"Upper Yampa","atlas_layer":"named_water_occurrence","object_role":"named_water_occurrence","historic_label":"Green River / blue-lineage CT","current_label":"Green River / blue-lineage CT","recovery_label":"Recovery watch / review area","tier":"tier2","minZoom":12,"confidence_public":"Watershed-level lineage context; expert review recommended","geometry_status_public":"Named natural stream occurrence from statewide hydrography","geometry_source_public":"Grouped public hydrography segments","trout_source_public":"Compiled public recovery and lineage context; expert review recommended","public_notes":"Fortification Creek is shown as a named-water occurrence within watershed-level cutthroat lineage context. This is not a precise biological boundary."}},{"type":"Feature","geometry":{"type":"LineString","coordinates":[[-107.4658,40.6276],[-107.4671,40.6278]]},"properties":{"source_id":"co_named_stream_104176","name":"Fortification Creek","display_name":"Fortification Creek","mapped_name":"Fortification Creek","source_name":"Fortification Creek","state":"CO","atlas_class":"named_natural_stream","huc8":"14050001","huc8Name":"Upper Yampa","huc8States":"CO","lineageKey":"greenRiverBlue","lineage":"greenRiverBlue","historic":"greenRiverBlue","current":"greenRiverBlue","recovery":"recoveryWatch","lineageLabel":"Green River / blue-lineage CT","lineageBasin":"Upper Yampa","lineageNote":"Yampa blue-lineage context","atlas_context":"cutthroat_lineage_context","confidence":"Watershed-level lineage context; expert review recommended","geometryStatus":"Named natural stream segment from statewide hydrography","note":"This named natural stream falls within a HUC8 assigned to a cutthroat lineage context.","source_segment_id":"co_named_stream_104176","water_id":"co_fortification_creek_14050001_greenRiverBlue_002","occurrence_id":"co_fortification_creek_14050001_greenRiverBlue_002","occurrence_number":"002","segment_count":65,"disambiguator":"Upper Yampa · Green River / blue-lineage CT · occurrence 002","basin":"Upper Yampa","atlas_layer":"named_water_occurrence","object_role":"named_water_occurrence","historic_label":"Green River / blue-lineage CT","current_label":"Green River / blue-lineage CT","recovery_label":"Recovery watch / review area","tier":"tier2","minZoom":12,"confidence_public":"Watershed-level lineage context; expert review recommended","geometry_status_public":"Named natural stream occurrence from statewide hydrography","geometry_source_public":"Grouped public hydrography segments","trout_source_public":"Compiled public recovery and lineage context; expert review recommended","public_notes":"Fortification Creek is shown as a named-water occurrence within watershed-level cutthroat lineage context. This is not a precise biological boundary."}},{"type":"Feature","geometry":{"type":"LineString","coordinates":[[-107.4883,40.6908],[-107.4857,40.689]]},"properties":{"source_id":"co_named_stream_104592","name":"Fortification Creek","display_name":"Fortification Creek","mapped_name":"Fortification Creek","source_name":"Fortification Creek","state":"CO","atlas_class":"named_natural_stream","huc8":"14050001","huc8Name":"Upper Yampa","huc8States":"CO","lineageKey":"greenRiverBlue","lineage":"greenRiverBlue","historic":"greenRiverBlue","current":"greenRiverBlue","recovery":"recoveryWatch","lineageLabel":"Green River / blue-lineage CT","lineageBasin":"Upper Yampa","lineageNote":"Yampa blue-lineage context","atlas_context":"cutthroat_lineage_context","confidence":"Watershed-level lineage context; expert review recommended","geometryStatus":"Named natural stream segment from statewide hydrography","note":"This named natural stream falls within a HUC8 assigned to a cutthroat lineage context.","source_segment_id":"co_named_stream_104592","water_id":"co_fortification_creek_14050001_greenRiverBlue_002","occurrence_id":"co_fortification_creek_14050001_greenRiverBlue_002","occurrence_number":"002","segment_count":65,"disambiguator":"Upper Yampa · Green River / blue-lineage CT · occurrence 002","basin":"Upper Yampa","atlas_layer":"named_water_occurrence","object_role":"named_water_occurrence","historic_label":"Green River / blue-lineage CT","current_label":"Green River / blue-lineage CT","recovery_label":"Recovery watch / review area","tier":"tier2","minZoom":12,"confidence_public":"Watershed-level lineage context; expert review recommended","geometry_status_public":"Named natural stream occurrence from statewide hydrography","geometry_source_public":"Grouped public hydrography segments","trout_source_public":"Compiled public recovery and lineage context; expert review recommended","public_notes":"Fortification Creek is shown as a named-water occurrence within watershed-level cutthroat lineage context. This is not a precise biological boundary."}},{"type":"Feature","geometry":{"type":"LineString","coordinates":[[-107.5025,40.7026],[-107.5019,40.7035],[-107.5009,40.7028],[-107.5011,40.7018],[-107.4995,40.7006],[-107.5011,40.7005],[-107.4992,40.6991],[-107.4985,40.6997],[-107.4978,40.6978],[-107.4947,40.6971],[-107.4944,40.6962],[-107.4953,40.6959],[-107.4941,40.6956],[-107.4945,40.6942],[-107.4921,40.6932],[-107.491,40.6912],[-107.4893,40.6915],[-107.4883,40.6908]]},"properties":{"source_id":"co_named_stream_104593","name":"Fortification Creek","display_name":"Fortification Creek","mapped_name":"Fortification Creek","source_name":"Fortification Creek","state":"CO","atlas_class":"named_natural_stream","huc8":"14050001","huc8Name":"Upper Yampa","huc8States":"CO","lineageKey":"greenRiverBlue","lineage":"greenRiverBlue","historic":"greenRiverBlue","current":"greenRiverBlue","recovery":"recoveryWatch","lineageLabel":"Green River / blue-lineage CT","lineageBasin":"Upper Yampa","lineageNote":"Yampa blue-lineage context","atlas_context":"cutthroat_lineage_context","confidence":"Watershed-level lineage context; expert review recommended","geometryStatus":"Named natural stream segment from statewide hydrography","note":"This named natural stream falls within a HUC8 assigned to a cutthroat lineage context.","source_segment_id":"co_named_stream_104593","water_id":"co_fortification_creek_14050001_greenRiverBlue_002","occurrence_id":"co_fortification_creek_14050001_greenRiverBlue_002","occurrence_number":"002","segment_count":65,"disambiguator":"Upper Yampa · Green River / blue-lineage CT · occurrence 002","basin":"Upper Yampa","atlas_layer":"named_water_occurrence","object_role":"named_water_occurrence","historic_label":"Green River / blue-lineage CT","current_label":"Green River / blue-lineage CT","recovery_label":"Recovery watch / review area","tier":"tier2","minZoom":12,"confidence_public":"Watershed-level lineage context; expert review recommended","geometry_status_public":"Named natural stream occurrence from statewide hydrography","geometry_source_public":"Grouped public hydrography segments","trout_source_public":"Compiled public recovery and lineage context; expert review recommended","public_notes":"Fortification Creek is shown as a named-water occurrence within watershed-level cutthroat lineage context. This is not a precise biological boundary."}},{"type":"Feature","geometry":{"type":"LineString","coordinates":[[-107.4799,40.6827],[-107.4777,40.6823]]},"properties":{"source_id":"co_named_stream_104599","name":"Fortification Creek","display_name":"Fortification Creek","mapped_name":"Fortification Creek","source_name":"Fortification Creek","state":"CO","atlas_class":"named_natural_stream","huc8":"14050001","huc8Name":"Upper Yampa","huc8States":"CO","lineageKey":"greenRiverBlue","lineage":"greenRiverBlue","historic":"greenRiverBlue","current":"greenRiverBlue","recovery":"recoveryWatch","lineageLabel":"Green River / blue-lineage CT","lineageBasin":"Upper Yampa","lineageNote":"Yampa blue-lineage context","atlas_context":"cutthroat_lineage_context","confidence":"Watershed-level lineage context; expert review recommended","geometryStatus":"Named natural stream segment from statewide hydrography","note":"This named natural stream falls within a HUC8 assigned to a cutthroat lineage context.","source_segment_id":"co_named_stream_104599","water_id":"co_fortification_creek_14050001_greenRiverBlue_002","occurrence_id":"co_fortification_creek_14050001_greenRiverBlue_002","occurrence_number":"002","segment_count":65,"disambiguator":"Upper Yampa · Green River / blue-lineage CT · occurrence 002","basin":"Upper Yampa","atlas_layer":"named_water_occurrence","object_role":"named_water_occurrence","historic_label":"Green River / blue-lineage CT","current_label":"Green River / blue-lineage CT","recovery_label":"Recovery watch / review area","tier":"tier2","minZoom":12,"confidence_public":"Watershed-level lineage context; expert review recommended","geometry_status_public":"Named natural stream occurrence from statewide hydrography","geometry_source_public":"Grouped public hydrography segments","trout_source_public":"Compiled public recovery and lineage context; expert review recommended","public_notes":"Fortification Creek is shown as a named-water occurrence within watershed-level cutthroat lineage context. This is not a precise biological boundary."}},{"type":"Feature","geometry":{"type":"LineString","coordinates":[[-107.4777,40.6823],[-107.4782,40.6809],[-107.4775,40.68],[-107.4759,40.6804],[-107.475,40.6797],[-107.4772,40.6778],[-107.4749,40.677]]},"properties":{"source_id":"co_named_stream_104606","name":"Fortification Creek","display_name":"Fortification Creek","mapped_name":"Fortification Creek","source_name":"Fortification Creek","state":"CO","atlas_class":"named_natural_stream","huc8":"14050001","huc8Name":"Upper Yampa","huc8States":"CO","lineageKey":"greenRiverBlue","lineage":"greenRiverBlue","historic":"greenRiverBlue","current":"greenRiverBlue","recovery":"recoveryWatch","lineageLabel":"Green River / blue-lineage CT","lineageBasin":"Upper Yampa","lineageNote":"Yampa blue-lineage context","atlas_context":"cutthroat_lineage_context","confidence":"Watershed-level lineage context; expert review recommended","geometryStatus":"Named natural stream segment from statewide hydrography","note":"This named natural stream falls within a HUC8 assigned to a cutthroat lineage context.","source_segment_id":"co_named_stream_104606","water_id":"co_fortification_creek_14050001_greenRiverBlue_002","occurrence_id":"co_fortification_creek_14050001_greenRiverBlue_002","occurrence_number":"002","segment_count":65,"disambiguator":"Upper Yampa · Green River / blue-lineage CT · occurrence 002","basin":"Upper Yampa","atlas_layer":"named_water_occurrence","object_role":"named_water_occurrence","historic_label":"Green River / blue-lineage CT","current_label":"Green River / blue-lineage CT","recovery_label":"Recovery watch / review area","tier":"tier2","minZoom":12,"confidence_public":"Watershed-level lineage context; expert review recommended","geometry_status_public":"Named natural stream occurrence from statewide hydrography","geometry_source_public":"Grouped public hydrography segments","trout_source_public":"Compiled public recovery and lineage context; expert review recommended","public_notes":"Fortification Creek is shown as a named-water occurrence within watershed-level cutthroat lineage context. This is not a precise biological boundary."}},{"type":"Feature","geometry":{"type":"LineString","coordinates":[[-107.4749,40.677],[-107.4742,40.6766],[-107.4749,40.6759],[-107.4734,40.6758],[-107.4727,40.6749],[-107.4729,40.673]]},"properties":{"source_id":"co_named_stream_104612","name":"Fortification Creek","display_name":"Fortification Creek","mapped_name":"Fortification Creek","source_name":"Fortification Creek","state":"CO","atlas_class":"named_natural_stream","huc8":"14050001","huc8Name":"Upper Yampa","huc8States":"CO","lineageKey":"greenRiverBlue","lineage":"greenRiverBlue","historic":"greenRiverBlue","current":"greenRiverBlue","recovery":"recoveryWatch","lineageLabel":"Green River / blue-lineage CT","lineageBasin":"Upper Yampa","lineageNote":"Yampa blue-lineage context","atlas_context":"cutthroat_lineage_context","confidence":"Watershed-level lineage context; expert review recommended","geometryStatus":"Named natural stream segment from statewide hydrography","note":"This named natural stream falls within a HUC8 assigned to a cutthroat lineage context.","source_segment_id":"co_named_stream_104612","water_id":"co_fortification_creek_14050001_greenRiverBlue_002","occurrence_id":"co_fortification_creek_14050001_greenRiverBlue_002","occurrence_number":"002","segment_count":65,"disambiguator":"Upper Yampa · Green River / blue-lineage CT · occurrence 002","basin":"Upper Yampa","atlas_layer":"named_water_occurrence","object_role":"named_water_occurrence","historic_label":"Green River / blue-lineage CT","current_label":"Green River / blue-lineage CT","recovery_label":"Recovery watch / review area","tier":"tier2","minZoom":12,"confidence_public":"Watershed-level lineage context; expert review recommended","geometry_status_public":"Named natural stream occurrence from statewide hydrography","geometry_source_public":"Grouped public hydrography segments","trout_source_public":"Compiled public recovery and lineage context; expert review recommended","public_notes":"Fortification Creek is shown as a named-water occurrence within watershed-level cutthroat lineage context. This is not a precise biological boundary."}},{"type":"Feature","geometry":{"type":"LineString","coordinates":[[-107.4857,40.689],[-107.4832,40.6884],[-107.482,40.6869],[-107.4806,40.6873],[-107.4795,40.6866]]},"properties":{"source_id":"co_named_stream_104615","name":"Fortification Creek","display_name":"Fortification Creek","mapped_name":"Fortification Creek","source_name":"Fortification Creek","state":"CO","atlas_class":"named_natural_stream","huc8":"14050001","huc8Name":"Upper Yampa","huc8States":"CO","lineageKey":"greenRiverBlue","lineage":"greenRiverBlue","historic":"greenRiverBlue","current":"greenRiverBlue","recovery":"recoveryWatch","lineageLabel":"Green River / blue-lineage CT","lineageBasin":"Upper Yampa","lineageNote":"Yampa blue-lineage context","atlas_context":"cutthroat_lineage_context","confidence":"Watershed-level lineage context; expert review recommended","geometryStatus":"Named natural stream segment from statewide hydrography","note":"This named natural stream falls within a HUC8 assigned to a cutthroat lineage context.","source_segment_id":"co_named_stream_104615","water_id":"co_fortification_creek_14050001_greenRiverBlue_002","occurrence_id":"co_fortification_creek_14050001_greenRiverBlue_002","occurrence_number":"002","segment_count":65,"disambiguator":"Upper Yampa · Green River / blue-lineage CT · occurrence 002","basin":"Upper Yampa","atlas_layer":"named_water_occurrence","object_role":"named_water_occurrence","historic_label":"Green River / blue-lineage CT","current_label":"Green River / blue-lineage CT","recovery_label":"Recovery watch / review area","tier":"tier2","minZoom":12,"confidence_public":"Watershed-level lineage context; expert review recommended","geometry_status_public":"Named natural stream occurrence from statewide hydrography","geometry_source_public":"Grouped public hydrography segments","trout_source_public":"Compiled public recovery and lineage context; expert review recommended","public_notes":"Fortification Creek is shown as a named-water occurrence within watershed-level cutthroat lineage context. This is not a precise biological boundary."}},{"type":"Feature","geometry":{"type":"LineString","coordinates":[[-107.4721,40.6673],[-107.4735,40.665]]},"properties":{"source_id":"co_named_stream_104627","name":"Fortification Creek","display_name":"Fortification Creek","mapped_name":"Fortification Creek","source_name":"Fortification Creek","state":"CO","atlas_class":"named_natural_stream","huc8":"14050001","huc8Name":"Upper Yampa","huc8States":"CO","lineageKey":"greenRiverBlue","lineage":"greenRiverBlue","historic":"greenRiverBlue","current":"greenRiverBlue","recovery":"recoveryWatch","lineageLabel":"Green River / blue-lineage CT","lineageBasin":"Upper Yampa","lineageNote":"Yampa blue-lineage context","atlas_context":"cutthroat_lineage_context","confidence":"Watershed-level lineage context; expert review recommended","geometryStatus":"Named natural stream segment from statewide hydrography","note":"This named natural stream falls within a HUC8 assigned to a cutthroat lineage context.","source_segment_id":"co_named_stream_104627","water_id":"co_fortification_creek_14050001_greenRiverBlue_002","occurrence_id":"co_fortification_creek_14050001_greenRiverBlue_002","occurrence_number":"002","segment_count":65,"disambiguator":"Upper Yampa · Green River / blue-lineage CT · occurrence 002","basin":"Upper Yampa","atlas_layer":"named_water_occurrence","object_role":"named_water_occurrence","historic_label":"Green River / blue-lineage CT","current_label":"Green River / blue-lineage CT","recovery_label":"Recovery watch / review area","tier":"tier2","minZoom":12,"confidence_public":"Watershed-level lineage context; expert review recommended","geometry_status_public":"Named natural stream occurrence from statewide hydrography","geometry_source_public":"Grouped public hydrography segments","trout_source_public":"Compiled public recovery and lineage context; expert review recommended","public_notes":"Fortification Creek is shown as a named-water occurrence within watershed-level cutthroat lineage context. This is not a precise biological boundary."}},{"type":"Feature","geometry":{"type":"LineString","coordinates":[[-107.4729,40.673],[-107.4705,40.671]]},"properties":{"source_id":"co_named_stream_104632","name":"Fortification Creek","display_name":"Fortification Creek","mapped_name":"Fortification Creek","source_name":"Fortification Creek","state":"CO","atlas_class":"named_natural_stream","huc8":"14050001","huc8Name":"Upper Yampa","huc8States":"CO","lineageKey":"greenRiverBlue","lineage":"greenRiverBlue","historic":"greenRiverBlue","current":"greenRiverBlue","recovery":"recoveryWatch","lineageLabel":"Green River / blue-lineage CT","lineageBasin":"Upper Yampa","lineageNote":"Yampa blue-lineage context","atlas_context":"cutthroat_lineage_context","confidence":"Watershed-level lineage context; expert review recommended","geometryStatus":"Named natural stream segment from statewide hydrography","note":"This named natural stream falls within a HUC8 assigned to a cutthroat lineage context.","source_segment_id":"co_named_stream_104632","water_id":"co_fortification_creek_14050001_greenRiverBlue_002","occurrence_id":"co_fortification_creek_14050001_greenRiverBlue_002","occurrence_number":"002","segment_count":65,"disambiguator":"Upper Yampa · Green River / blue-lineage CT · occurrence 002","basin":"Upper Yampa","atlas_layer":"named_water_occurrence","object_role":"named_water_occurrence","historic_label":"Green River / blue-lineage CT","current_label":"Green River / blue-lineage CT","recovery_label":"Recovery watch / review area","tier":"tier2","minZoom":12,"confidence_public":"Watershed-level lineage context; expert review recommended","geometry_status_public":"Named natural stream occurrence from statewide hydrography","geometry_source_public":"Grouped public hydrography segments","trout_source_public":"Compiled public recovery and lineage context; expert review recommended","public_notes":"Fortification Creek is shown as a named-water occurrence within watershed-level cutthroat lineage context. This is not a precise biological boundary."}},{"type":"Feature","geometry":{"type":"LineString","coordinates":[[-107.4705,40.671],[-107.4727,40.6692],[-107.4702,40.6682]]},"properties":{"source_id":"co_named_stream_104637","name":"Fortification Creek","display_name":"Fortification Creek","mapped_name":"Fortification Creek","source_name":"Fortification Creek","state":"CO","atlas_class":"named_natural_stream","huc8":"14050001","huc8Name":"Upper Yampa","huc8States":"CO","lineageKey":"greenRiverBlue","lineage":"greenRiverBlue","historic":"greenRiverBlue","current":"greenRiverBlue","recovery":"recoveryWatch","lineageLabel":"Green River / blue-lineage CT","lineageBasin":"Upper Yampa","lineageNote":"Yampa blue-lineage context","atlas_context":"cutthroat_lineage_context","confidence":"Watershed-level lineage context; expert review recommended","geometryStatus":"Named natural stream segment from statewide hydrography","note":"This named natural stream falls within a HUC8 assigned to a cutthroat lineage context.","source_segment_id":"co_named_stream_104637","water_id":"co_fortification_creek_14050001_greenRiverBlue_002","occurrence_id":"co_fortification_creek_14050001_greenRiverBlue_002","occurrence_number":"002","segment_count":65,"disambiguator":"Upper Yampa · Green River / blue-lineage CT · occurrence 002","basin":"Upper Yampa","atlas_layer":"named_water_occurrence","object_role":"named_water_occurrence","historic_label":"Green River / blue-lineage CT","current_label":"Green River / blue-lineage CT","recovery_label":"Recovery watch / review area","tier":"tier2","minZoom":12,"confidence_public":"Watershed-level lineage context; expert review recommended","geometry_status_public":"Named natural stream occurrence from statewide hydrography","geometry_source_public":"Grouped public hydrography segments","trout_source_public":"Compiled public recovery and lineage context; expert review recommended","public_notes":"Fortification Creek is shown as a named-water occurrence within watershed-level cutthroat lineage context. This is not a precise biological boundary."}},{"type":"Feature","geometry":{"type":"LineString","coordinates":[[-107.4795,40.6866],[-107.4809,40.6846],[-107.4799,40.6843],[-107.4799,40.6827]]},"properties":{"source_id":"co_named_stream_104638","name":"Fortification Creek","display_name":"Fortification Creek","mapped_name":"Fortification Creek","source_name":"Fortification Creek","state":"CO","atlas_class":"named_natural_stream","huc8":"14050001","huc8Name":"Upper Yampa","huc8States":"CO","lineageKey":"greenRiverBlue","lineage":"greenRiverBlue","historic":"greenRiverBlue","current":"greenRiverBlue","recovery":"recoveryWatch","lineageLabel":"Green River / blue-lineage CT","lineageBasin":"Upper Yampa","lineageNote":"Yampa blue-lineage context","atlas_context":"cutthroat_lineage_context","confidence":"Watershed-level lineage context; expert review recommended","geometryStatus":"Named natural stream segment from statewide hydrography","note":"This named natural stream falls within a HUC8 assigned to a cutthroat lineage context.","source_segment_id":"co_named_stream_104638","water_id":"co_fortification_creek_14050001_greenRiverBlue_002","occurrence_id":"co_fortification_creek_14050001_greenRiverBlue_002","occurrence_number":"002","segment_count":65,"disambiguator":"Upper Yampa · Green River / blue-lineage CT · occurrence 002","basin":"Upper Yampa","atlas_layer":"named_water_occurrence","object_role":"named_water_occurrence","historic_label":"Green River / blue-lineage CT","current_label":"Green River / blue-lineage CT","recovery_label":"Recovery watch / review area","tier":"tier2","minZoom":12,"confidence_public":"Watershed-level lineage context; expert review recommended","geometry_status_public":"Named natural stream occurrence from statewide hydrography","geometry_source_public":"Grouped public hydrography segments","trout_source_public":"Compiled public recovery and lineage context; expert review recommended","public_notes":"Fortification Creek is shown as a named-water occurrence within watershed-level cutthroat lineage context. This is not a precise biological boundary."}},{"type":"Feature","geometry":{"type":"LineString","coordinates":[[-107.4959,40.5599],[-107.4964,40.5585],[-107.4982,40.5582],[-107.4985,40.557],[-107.5004,40.5578],[-107.4998,40.5557]]},"properties":{"source_id":"co_named_stream_106515","name":"Fortification Creek","display_name":"Fortification Creek","mapped_name":"Fortification Creek","source_name":"Fortification Creek","state":"CO","atlas_class":"named_natural_stream","huc8":"14050001","huc8Name":"Upper Yampa","huc8States":"CO","lineageKey":"greenRiverBlue","lineage":"greenRiverBlue","historic":"greenRiverBlue","current":"greenRiverBlue","recovery":"recoveryWatch","lineageLabel":"Green River / blue-lineage CT","lineageBasin":"Upper Yampa","lineageNote":"Yampa blue-lineage context","atlas_context":"cutthroat_lineage_context","confidence":"Watershed-level lineage context; expert review recommended","geometryStatus":"Named natural stream segment from statewide hydrography","note":"This named natural stream falls within a HUC8 assigned to a cutthroat lineage context.","source_segment_id":"co_named_stream_106515","water_id":"co_fortification_creek_14050001_greenRiverBlue_002","occurrence_id":"co_fortification_creek_14050001_greenRiverBlue_002","occurrence_number":"002","segment_count":65,"disambiguator":"Upper Yampa · Green River / blue-lineage CT · occurrence 002","basin":"Upper Yampa","atlas_layer":"named_water_occurrence","object_role":"named_water_occurrence","historic_label":"Green River / blue-lineage CT","current_label":"Green River / blue-lineage CT","recovery_label":"Recovery watch / review area","tier":"tier2","minZoom":12,"confidence_public":"Watershed-level lineage context; expert review recommended","geometry_status_public":"Named natural stream occurrence from statewide hydrography","geometry_source_public":"Grouped public hydrography segments","trout_source_public":"Compiled public recovery and lineage context; expert review recommended","public_notes":"Fortification Creek is shown as a named-water occurrence within watershed-level cutthroat lineage context. This is not a precise biological boundary."}},{"type":"Feature","geometry":{"type":"LineString","coordinates":[[-107.4975,40.5648],[-107.4979,40.5644]]},"properties":{"source_id":"co_named_stream_106522","name":"Fortification Creek","display_name":"Fortification Creek","mapped_name":"Fortification Creek","source_name":"Fortification Creek","state":"CO","atlas_class":"named_natural_stream","huc8":"14050001","huc8Name":"Upper Yampa","huc8States":"CO","lineageKey":"greenRiverBlue","lineage":"greenRiverBlue","historic":"greenRiverBlue","current":"greenRiverBlue","recovery":"recoveryWatch","lineageLabel":"Green River / blue-lineage CT","lineageBasin":"Upper Yampa","lineageNote":"Yampa blue-lineage context","atlas_context":"cutthroat_lineage_context","confidence":"Watershed-level lineage context; expert review recommended","geometryStatus":"Named natural stream segment from statewide hydrography","note":"This named natural stream falls within a HUC8 assigned to a cutthroat lineage context.","source_segment_id":"co_named_stream_106522","water_id":"co_fortification_creek_14050001_greenRiverBlue_002","occurrence_id":"co_fortification_creek_14050001_greenRiverBlue_002","occurrence_number":"002","segment_count":65,"disambiguator":"Upper Yampa · Green River / blue-lineage CT · occurrence 002","basin":"Upper Yampa","atlas_layer":"named_water_occurrence","object_role":"named_water_occurrence","historic_label":"Green River / blue-lineage CT","current_label":"Green River / blue-lineage CT","recovery_label":"Recovery watch / review area","tier":"tier2","minZoom":12,"confidence_public":"Watershed-level lineage context; expert review recommended","geometry_status_public":"Named natural stream occurrence from statewide hydrography","geometry_source_public":"Grouped public hydrography segments","trout_source_public":"Compiled public recovery and lineage context; expert review recommended","public_notes":"Fortification Creek is shown as a named-water occurrence within watershed-level cutthroat lineage context. This is not a precise biological boundary."}},{"type":"Feature","geometry":{"type":"LineString","coordinates":[[-107.4989,40.562],[-107.4991,40.5608],[-107.4972,40.5615],[-107.4959,40.5599]]},"properties":{"source_id":"co_named_stream_106528","name":"Fortification Creek","display_name":"Fortification Creek","mapped_name":"Fortification Creek","source_name":"Fortification Creek","state":"CO","atlas_class":"named_natural_stream","huc8":"14050001","huc8Name":"Upper Yampa","huc8States":"CO","lineageKey":"greenRiverBlue","lineage":"greenRiverBlue","historic":"greenRiverBlue","current":"greenRiverBlue","recovery":"recoveryWatch","lineageLabel":"Green River / blue-lineage CT","lineageBasin":"Upper Yampa","lineageNote":"Yampa blue-lineage context","atlas_context":"cutthroat_lineage_context","confidence":"Watershed-level lineage context; expert review recommended","geometryStatus":"Named natural stream segment from statewide hydrography","note":"This named natural stream falls within a HUC8 assigned to a cutthroat lineage context.","source_segment_id":"co_named_stream_106528","water_id":"co_fortification_creek_14050001_greenRiverBlue_002","occurrence_id":"co_fortification_creek_14050001_greenRiverBlue_002","occurrence_number":"002","segment_count":65,"disambiguator":"Upper Yampa · Green River / blue-lineage CT · occurrence 002","basin":"Upper Yampa","atlas_layer":"named_water_occurrence","object_role":"named_water_occurrence","historic_label":"Green River / blue-lineage CT","current_label":"Green River / blue-lineage CT","recovery_label":"Recovery watch / review area","tier":"tier2","minZoom":12,"confidence_public":"Watershed-level lineage context; expert review recommended","geometry_status_public":"Named natural stream occurrence from statewide hydrography","geometry_source_public":"Grouped public hydrography segments","trout_source_public":"Compiled public recovery and lineage context; expert review recommended","public_notes":"Fortification Creek is shown as a named-water occurrence within watershed-level cutthroat lineage context. This is not a precise biological boundary."}},{"type":"Feature","geometry":{"type":"LineString","coordinates":[[-107.4979,40.5644],[-107.4989,40.562]]},"properties":{"source_id":"co_named_stream_106533","name":"Fortification Creek","display_name":"Fortification Creek","mapped_name":"Fortification Creek","source_name":"Fortification Creek","state":"CO","atlas_class":"named_natural_stream","huc8":"14050001","huc8Name":"Upper Yampa","huc8States":"CO","lineageKey":"greenRiverBlue","lineage":"greenRiverBlue","historic":"greenRiverBlue","current":"greenRiverBlue","recovery":"recoveryWatch","lineageLabel":"Green River / blue-lineage CT","lineageBasin":"Upper Yampa","lineageNote":"Yampa blue-lineage context","atlas_context":"cutthroat_lineage_context","confidence":"Watershed-level lineage context; expert review recommended","geometryStatus":"Named natural stream segment from statewide hydrography","note":"This named natural stream falls within a HUC8 assigned to a cutthroat lineage context.","source_segment_id":"co_named_stream_106533","water_id":"co_fortification_creek_14050001_greenRiverBlue_002","occurrence_id":"co_fortification_creek_14050001_greenRiverBlue_002","occurrence_number":"002","segment_count":65,"disambiguator":"Upper Yampa · Green River / blue-lineage CT · occurrence 002","basin":"Upper Yampa","atlas_layer":"named_water_occurrence","object_role":"named_water_occurrence","historic_label":"Green River / blue-lineage CT","current_label":"Green River / blue-lineage CT","recovery_label":"Recovery watch / review area","tier":"tier2","minZoom":12,"confidence_public":"Watershed-level lineage context; expert review recommended","geometry_status_public":"Named natural stream occurrence from statewide hydrography","geometry_source_public":"Grouped public hydrography segments","trout_source_public":"Compiled public recovery and lineage context; expert review recommended","public_notes":"Fortification Creek is shown as a named-water occurrence within watershed-level cutthroat lineage context. This is not a precise biological boundary."}},{"type":"Feature","geometry":{"type":"LineString","coordinates":[[-107.4998,40.5557],[-107.5033,40.5535],[-107.5044,40.5546],[-107.5031,40.5561],[-107.506,40.5552],[-107.5066,40.5543],[-107.505,40.5539],[-107.5067,40.5537],[-107.5079,40.5516]]},"properties":{"source_id":"co_named_stream_106534","name":"Fortification Creek","display_name":"Fortification Creek","mapped_name":"Fortification Creek","source_name":"Fortification Creek","state":"CO","atlas_class":"named_natural_stream","huc8":"14050001","huc8Name":"Upper Yampa","huc8States":"CO","lineageKey":"greenRiverBlue","lineage":"greenRiverBlue","historic":"greenRiverBlue","current":"greenRiverBlue","recovery":"recoveryWatch","lineageLabel":"Green River / blue-lineage CT","lineageBasin":"Upper Yampa","lineageNote":"Yampa blue-lineage context","atlas_context":"cutthroat_lineage_context","confidence":"Watershed-level lineage context; expert review recommended","geometryStatus":"Named natural stream segment from statewide hydrography","note":"This named natural stream falls within a HUC8 assigned to a cutthroat lineage context.","source_segment_id":"co_named_stream_106534","water_id":"co_fortification_creek_14050001_greenRiverBlue_002","occurrence_id":"co_fortification_creek_14050001_greenRiverBlue_002","occurrence_number":"002","segment_count":65,"disambiguator":"Upper Yampa · Green River / blue-lineage CT · occurrence 002","basin":"Upper Yampa","atlas_layer":"named_water_occurrence","object_role":"named_water_occurrence","historic_label":"Green River / blue-lineage CT","current_label":"Green River / blue-lineage CT","recovery_label":"Recovery watch / review area","tier":"tier2","minZoom":12,"confidence_public":"Watershed-level lineage context; expert review recommended","geometry_status_public":"Named natural stream occurrence from statewide hydrography","geometry_source_public":"Grouped public hydrography segments","trout_source_public":"Compiled public recovery and lineage context; expert review recommended","public_notes":"Fortification Creek is shown as a named-water occurrence within watershed-level cutthroat lineage context. This is not a precise biological boundary."}},{"type":"Feature","geometry":{"type":"LineString","coordinates":[[-107.4711,40.6141],[-107.4728,40.6124]]},"properties":{"source_id":"co_named_stream_106596","name":"Fortification Creek","display_name":"Fortification Creek","mapped_name":"Fortification Creek","source_name":"Fortification Creek","state":"CO","atlas_class":"named_natural_stream","huc8":"14050001","huc8Name":"Upper Yampa","huc8States":"CO","lineageKey":"greenRiverBlue","lineage":"greenRiverBlue","historic":"greenRiverBlue","current":"greenRiverBlue","recovery":"recoveryWatch","lineageLabel":"Green River / blue-lineage CT","lineageBasin":"Upper Yampa","lineageNote":"Yampa blue-lineage context","atlas_context":"cutthroat_lineage_context","confidence":"Watershed-level lineage context; expert review recommended","geometryStatus":"Named natural stream segment from statewide hydrography","note":"This named natural stream falls within a HUC8 assigned to a cutthroat lineage context.","source_segment_id":"co_named_stream_106596","water_id":"co_fortification_creek_14050001_greenRiverBlue_002","occurrence_id":"co_fortification_creek_14050001_greenRiverBlue_002","occurrence_number":"002","segment_count":65,"disambiguator":"Upper Yampa · Green River / blue-lineage CT · occurrence 002","basin":"Upper Yampa","atlas_layer":"named_water_occurrence","object_role":"named_water_occurrence","historic_label":"Green River / blue-lineage CT","current_label":"Green River / blue-lineage CT","recovery_label":"Recovery watch / review area","tier":"tier2","minZoom":12,"confidence_public":"Watershed-level lineage context; expert review recommended","geometry_status_public":"Named natural stream occurrence from statewide hydrography","geometry_source_public":"Grouped public hydrography segments","trout_source_public":"Compiled public recovery and lineage context; expert review recommended","public_notes":"Fortification Creek is shown as a named-water occurrence within watershed-level cutthroat lineage context. This is not a precise biological boundary."}},{"type":"Feature","geometry":{"type":"LineString","coordinates":[[-107.4726,40.6116],[-107.4721,40.6105]]},"properties":{"source_id":"co_named_stream_106597","name":"Fortification Creek","display_name":"Fortification Creek","mapped_name":"Fortification Creek","source_name":"Fortification Creek","state":"CO","atlas_class":"named_natural_stream","huc8":"14050001","huc8Name":"Upper Yampa","huc8States":"CO","lineageKey":"greenRiverBlue","lineage":"greenRiverBlue","historic":"greenRiverBlue","current":"greenRiverBlue","recovery":"recoveryWatch","lineageLabel":"Green River / blue-lineage CT","lineageBasin":"Upper Yampa","lineageNote":"Yampa blue-lineage context","atlas_context":"cutthroat_lineage_context","confidence":"Watershed-level lineage context; expert review recommended","geometryStatus":"Named natural stream segment from statewide hydrography","note":"This named natural stream falls within a HUC8 assigned to a cutthroat lineage context.","source_segment_id":"co_named_stream_106597","water_id":"co_fortification_creek_14050001_greenRiverBlue_002","occurrence_id":"co_fortification_creek_14050001_greenRiverBlue_002","occurrence_number":"002","segment_count":65,"disambiguator":"Upper Yampa · Green River / blue-lineage CT · occurrence 002","basin":"Upper Yampa","atlas_layer":"named_water_occurrence","object_role":"named_water_occurrence","historic_label":"Green River / blue-lineage CT","current_label":"Green River / blue-lineage CT","recovery_label":"Recovery watch / review area","tier":"tier2","minZoom":12,"confidence_public":"Watershed-level lineage context; expert review recommended","geometry_status_public":"Named natural stream occurrence from statewide hydrography","geometry_source_public":"Grouped public hydrography segments","trout_source_public":"Compiled public recovery and lineage context; expert review recommended","public_notes":"Fortification Creek is shown as a named-water occurrence within watershed-level cutthroat lineage context. This is not a precise biological boundary."}},{"type":"Feature","geometry":{"type":"LineString","coordinates":[[-107.4721,40.6105],[-107.4743,40.61],[-107.4725,40.6078],[-107.4729,40.6057]]},"properties":{"source_id":"co_named_stream_106601","name":"Fortification Creek","display_name":"Fortification Creek","mapped_name":"Fortification Creek","source_name":"Fortification Creek","state":"CO","atlas_class":"named_natural_stream","huc8":"14050001","huc8Name":"Upper Yampa","huc8States":"CO","lineageKey":"greenRiverBlue","lineage":"greenRiverBlue","historic":"greenRiverBlue","current":"greenRiverBlue","recovery":"recoveryWatch","lineageLabel":"Green River / blue-lineage CT","lineageBasin":"Upper Yampa","lineageNote":"Yampa blue-lineage context","atlas_context":"cutthroat_lineage_context","confidence":"Watershed-level lineage context; expert review recommended","geometryStatus":"Named natural stream segment from statewide hydrography","note":"This named natural stream falls within a HUC8 assigned to a cutthroat lineage context.","source_segment_id":"co_named_stream_106601","water_id":"co_fortification_creek_14050001_greenRiverBlue_002","occurrence_id":"co_fortification_creek_14050001_greenRiverBlue_002","occurrence_number":"002","segment_count":65,"disambiguator":"Upper Yampa · Green River / blue-lineage CT · occurrence 002","basin":"Upper Yampa","atlas_layer":"named_water_occurrence","object_role":"named_water_occurrence","historic_label":"Green River / blue-lineage CT","current_label":"Green River / blue-lineage CT","recovery_label":"Recovery watch / review area","tier":"tier2","minZoom":12,"confidence_public":"Watershed-level lineage context; expert review recommended","geometry_status_public":"Named natural stream occurrence from statewide hydrography","geometry_source_public":"Grouped public hydrography segments","trout_source_public":"Compiled public recovery and lineage context; expert review recommended","public_notes":"Fortification Creek is shown as a named-water occurrence within watershed-level cutthroat lineage context. This is not a precise biological boundary."}},{"type":"Feature","geometry":{"type":"LineString","coordinates":[[-107.4728,40.6124],[-107.4726,40.6116]]},"properties":{"source_id":"co_named_stream_106602","name":"Fortification Creek","display_name":"Fortification Creek","mapped_name":"Fortification Creek","source_name":"Fortification Creek","state":"CO","atlas_class":"named_natural_stream","huc8":"14050001","huc8Name":"Upper Yampa","huc8States":"CO","lineageKey":"greenRiverBlue","lineage":"greenRiverBlue","historic":"greenRiverBlue","current":"greenRiverBlue","recovery":"recoveryWatch","lineageLabel":"Green River / blue-lineage CT","lineageBasin":"Upper Yampa","lineageNote":"Yampa blue-lineage context","atlas_context":"cutthroat_lineage_context","confidence":"Watershed-level lineage context; expert review recommended","geometryStatus":"Named natural stream segment from statewide hydrography","note":"This named natural stream falls within a HUC8 assigned to a cutthroat lineage context.","source_segment_id":"co_named_stream_106602","water_id":"co_fortification_creek_14050001_greenRiverBlue_002","occurrence_id":"co_fortification_creek_14050001_greenRiverBlue_002","occurrence_number":"002","segment_count":65,"disambiguator":"Upper Yampa · Green River / blue-lineage CT · occurrence 002","basin":"Upper Yampa","atlas_layer":"named_water_occurrence","object_role":"named_water_occurrence","historic_label":"Green River / blue-lineage CT","current_label":"Green River / blue-lineage CT","recovery_label":"Recovery watch / review area","tier":"tier2","minZoom":12,"confidence_public":"Watershed-level lineage context; expert review recommended","geometry_status_public":"Named natural stream occurrence from statewide hydrography","geometry_source_public":"Grouped public hydrography segments","trout_source_public":"Compiled public recovery and lineage context; expert review recommended","public_notes":"Fortification Creek is shown as a named-water occurrence within watershed-level cutthroat lineage context. This is not a precise biological boundary."}},{"type":"Feature","geometry":{"type":"LineString","coordinates":[[-107.2632,40.6503],[-107.2647,40.6472],[-107.2615,40.6444],[-107.2611,40.643],[-107.2624,40.6423]]},"properties":{"source_id":"co_named_stream_104642","name":"Calf Creek","display_name":"Calf Creek","mapped_name":"Calf Creek","source_name":"Calf Creek","state":"CO","atlas_class":"named_natural_stream","huc8":"14050001","huc8Name":"Upper Yampa","huc8States":"CO","lineageKey":"greenRiverBlue","lineage":"greenRiverBlue","historic":"greenRiverBlue","current":"greenRiverBlue","recovery":"recoveryWatch","lineageLabel":"Green River / blue-lineage CT","lineageBasin":"Upper Yampa","lineageNote":"Yampa blue-lineage context","atlas_context":"cutthroat_lineage_context","confidence":"Watershed-level lineage context; expert review recommended","geometryStatus":"Named natural stream segment from statewide hydrography","note":"This named natural stream falls within a HUC8 assigned to a cutthroat lineage context.","source_segment_id":"co_named_stream_104642","water_id":"co_calf_creek_14050001_greenRiverBlue_001","occurrence_id":"co_calf_creek_14050001_greenRiverBlue_001","occurrence_number":"001","segment_count":26,"disambiguator":"Upper Yampa · Green River / blue-lineage CT · occurrence 001","basin":"Upper Yampa","atlas_layer":"named_water_occurrence","object_role":"named_water_occurrence","historic_label":"Green River / blue-lineage CT","current_label":"Green River / blue-lineage CT","recovery_label":"Recovery watch / review area","tier":"tier2","minZoom":12,"confidence_public":"Watershed-level lineage context; expert review recommended","geometry_status_public":"Named natural stream occurrence from statewide hydrography","geometry_source_public":"Grouped public hydrography segments","trout_source_public":"Compiled public recovery and lineage context; expert review recommended","public_notes":"Calf Creek is shown as a named-water occurrence within watershed-level cutthroat lineage context. This is not a precise biological boundary."}},{"type":"Feature","geometry":{"type":"LineString","coordinates":[[-107.2631,40.6508],[-107.2632,40.6503]]},"properties":{"source_id":"co_named_stream_104647","name":"Calf Creek","display_name":"Calf Creek","mapped_name":"Calf Creek","source_name":"Calf Creek","state":"CO","atlas_class":"named_natural_stream","huc8":"14050001","huc8Name":"Upper Yampa","huc8States":"CO","lineageKey":"greenRiverBlue","lineage":"greenRiverBlue","historic":"greenRiverBlue","current":"greenRiverBlue","recovery":"recoveryWatch","lineageLabel":"Green River / blue-lineage CT","lineageBasin":"Upper Yampa","lineageNote":"Yampa blue-lineage context","atlas_context":"cutthroat_lineage_context","confidence":"Watershed-level lineage context; expert review recommended","geometryStatus":"Named natural stream segment from statewide hydrography","note":"This named natural stream falls within a HUC8 assigned to a cutthroat lineage context.","source_segment_id":"co_named_stream_104647","water_id":"co_calf_creek_14050001_greenRiverBlue_001","occurrence_id":"co_calf_creek_14050001_greenRiverBlue_001","occurrence_number":"001","segment_count":26,"disambiguator":"Upper Yampa · Green River / blue-lineage CT · occurrence 001","basin":"Upper Yampa","atlas_layer":"named_water_occurrence","object_role":"named_water_occurrence","historic_label":"Green River / blue-lineage CT","current_label":"Green River / blue-lineage CT","recovery_label":"Recovery watch / review area","tier":"tier2","minZoom":12,"confidence_public":"Watershed-level lineage context; expert review recommended","geometry_status_public":"Named natural stream occurrence from statewide hydrography","geometry_source_public":"Grouped public hydrography segments","trout_source_public":"Compiled public recovery and lineage context; expert review recommended","public_notes":"Calf Creek is shown as a named-water occurrence within watershed-level cutthroat lineage context. This is not a precise biological boundary."}},{"type":"Feature","geometry":{"type":"LineString","coordinates":[[-107.2444,40.6517],[-107.2521,40.6555]]},"properties":{"source_id":"co_named_stream_104653","name":"Calf Creek","display_name":"Calf Creek","mapped_name":"Calf Creek","source_name":"Calf Creek","state":"CO","atlas_class":"named_natural_stream","huc8":"14050001","huc8Name":"Upper Yampa","huc8States":"CO","lineageKey":"greenRiverBlue","lineage":"greenRiverBlue","historic":"greenRiverBlue","current":"greenRiverBlue","recovery":"recoveryWatch","lineageLabel":"Green River / blue-lineage CT","lineageBasin":"Upper Yampa","lineageNote":"Yampa blue-lineage context","atlas_context":"cutthroat_lineage_context","confidence":"Watershed-level lineage context; expert review recommended","geometryStatus":"Named natural stream segment from statewide hydrography","note":"This named natural stream falls within a HUC8 assigned to a cutthroat lineage context.","source_segment_id":"co_named_stream_104653","water_id":"co_calf_creek_14050001_greenRiverBlue_001","occurrence_id":"co_calf_creek_14050001_greenRiverBlue_001","occurrence_number":"001","segment_count":26,"disambiguator":"Upper Yampa · Green River / blue-lineage CT · occurrence 001","basin":"Upper Yampa","atlas_layer":"named_water_occurrence","object_role":"named_water_occurrence","historic_label":"Green River / blue-lineage CT","current_label":"Green River / blue-lineage CT","recovery_label":"Recovery watch / review area","tier":"tier2","minZoom":12,"confidence_public":"Watershed-level lineage context; expert review recommended","geometry_status_public":"Named natural stream occurrence from statewide hydrography","geometry_source_public":"Grouped public hydrography segments","trout_source_public":"Compiled public recovery and lineage context; expert review recommended","public_notes":"Calf Creek is shown as a named-water occurrence within watershed-level cutthroat lineage context. This is not a precise biological boundary."}},{"type":"Feature","geometry":{"type":"LineString","coordinates":[[-107.2624,40.6423],[-107.2648,40.6406]]},"properties":{"source_id":"co_named_stream_104661","name":"Calf Creek","display_name":"Calf Creek","mapped_name":"Calf Creek","source_name":"Calf Creek","state":"CO","atlas_class":"named_natural_stream","huc8":"14050001","huc8Name":"Upper Yampa","huc8States":"CO","lineageKey":"greenRiverBlue","lineage":"greenRiverBlue","historic":"greenRiverBlue","current":"greenRiverBlue","recovery":"recoveryWatch","lineageLabel":"Green River / blue-lineage CT","lineageBasin":"Upper Yampa","lineageNote":"Yampa blue-lineage context","atlas_context":"cutthroat_lineage_context","confidence":"Watershed-level lineage context; expert review recommended","geometryStatus":"Named natural stream segment from statewide hydrography","note":"This named natural stream falls within a HUC8 assigned to a cutthroat lineage context.","source_segment_id":"co_named_stream_104661","water_id":"co_calf_creek_14050001_greenRiverBlue_001","occurrence_id":"co_calf_creek_14050001_greenRiverBlue_001","occurrence_number":"001","segment_count":26,"disambiguator":"Upper Yampa · Green River / blue-lineage CT · occurrence 001","basin":"Upper Yampa","atlas_layer":"named_water_occurrence","object_role":"named_water_occurrence","historic_label":"Green River / blue-lineage CT","current_label":"Green River / blue-lineage CT","recovery_label":"Recovery watch / review area","tier":"tier2","minZoom":12,"confidence_public":"Watershed-level lineage context; expert review recommended","geometry_status_public":"Named natural stream occurrence from statewide hydrography","geometry_source_public":"Grouped public hydrography segments","trout_source_public":"Compiled public recovery and lineage context; expert review recommended","public_notes":"Calf Creek is shown as a named-water occurrence within watershed-level cutthroat lineage context. This is not a precise biological boundary."}},{"type":"Feature","geometry":{"type":"LineString","coordinates":[[-107.2542,40.6556],[-107.2606,40.6537],[-107.2605,40.6527],[-107.2627,40.651]]},"properties":{"source_id":"co_named_stream_104662","name":"Calf Creek","display_name":"Calf Creek","mapped_name":"Calf Creek","source_name":"Calf Creek","state":"CO","atlas_class":"named_natural_stream","huc8":"14050001","huc8Name":"Upper Yampa","huc8States":"CO","lineageKey":"greenRiverBlue","lineage":"greenRiverBlue","historic":"greenRiverBlue","current":"greenRiverBlue","recovery":"recoveryWatch","lineageLabel":"Green River / blue-lineage CT","lineageBasin":"Upper Yampa","lineageNote":"Yampa blue-lineage context","atlas_context":"cutthroat_lineage_context","confidence":"Watershed-level lineage context; expert review recommended","geometryStatus":"Named natural stream segment from statewide hydrography","note":"This named natural stream falls within a HUC8 assigned to a cutthroat lineage context.","source_segment_id":"co_named_stream_104662","water_id":"co_calf_creek_14050001_greenRiverBlue_001","occurrence_id":"co_calf_creek_14050001_greenRiverBlue_001","occurrence_number":"001","segment_count":26,"disambiguator":"Upper Yampa · Green River / blue-lineage CT · occurrence 001","basin":"Upper Yampa","atlas_layer":"named_water_occurrence","object_role":"named_water_occurrence","historic_label":"Green River / blue-lineage CT","current_label":"Green River / blue-lineage CT","recovery_label":"Recovery watch / review area","tier":"tier2","minZoom":12,"confidence_public":"Watershed-level lineage context; expert review recommended","geometry_status_public":"Named natural stream occurrence from statewide hydrography","geometry_source_public":"Grouped public hydrography segments","trout_source_public":"Compiled public recovery and lineage context; expert review recommended","public_notes":"Calf Creek is shown as a named-water occurrence within watershed-level cutthroat lineage context. This is not a precise biological boundary."}},{"type":"Feature","geometry":{"type":"LineString","coordinates":[[-107.2627,40.651],[-107.2631,40.6508]]},"properties":{"source_id":"co_named_stream_104663","name":"Calf Creek","display_name":"Calf Creek","mapped_name":"Calf Creek","source_name":"Calf Creek","state":"CO","atlas_class":"named_natural_stream","huc8":"14050001","huc8Name":"Upper Yampa","huc8States":"CO","lineageKey":"greenRiverBlue","lineage":"greenRiverBlue","historic":"greenRiverBlue","current":"greenRiverBlue","recovery":"recoveryWatch","lineageLabel":"Green River / blue-lineage CT","lineageBasin":"Upper Yampa","lineageNote":"Yampa blue-lineage context","atlas_context":"cutthroat_lineage_context","confidence":"Watershed-level lineage context; expert review recommended","geometryStatus":"Named natural stream segment from statewide hydrography","note":"This named natural stream falls within a HUC8 assigned to a cutthroat lineage context.","source_segment_id":"co_named_stream_104663","water_id":"co_calf_creek_14050001_greenRiverBlue_001","occurrence_id":"co_calf_creek_14050001_greenRiverBlue_001","occurrence_number":"001","segment_count":26,"disambiguator":"Upper Yampa · Green River / blue-lineage CT · occurrence 001","basin":"Upper Yampa","atlas_layer":"named_water_occurrence","object_role":"named_water_occurrence","historic_label":"Green River / blue-lineage CT","current_label":"Green River / blue-lineage CT","recovery_label":"Recovery watch / review area","tier":"tier2","minZoom":12,"confidence_public":"Watershed-level lineage context; expert review recommended","geometry_status_public":"Named natural stream occurrence from statewide hydrography","geometry_source_public":"Grouped public hydrography segments","trout_source_public":"Compiled public recovery and lineage context; expert review recommended","public_notes":"Calf Creek is shown as a named-water occurrence within watershed-level cutthroat lineage context. This is not a precise biological boundary."}},{"type":"Feature","geometry":{"type":"LineString","coordinates":[[-107.2521,40.6555],[-107.2542,40.6556]]},"properties":{"source_id":"co_named_stream_105109","name":"Calf Creek","display_name":"Calf Creek","mapped_name":"Calf Creek","source_name":"Calf Creek","state":"CO","atlas_class":"named_natural_stream","huc8":"14050001","huc8Name":"Upper Yampa","huc8States":"CO","lineageKey":"greenRiverBlue","lineage":"greenRiverBlue","historic":"greenRiverBlue","current":"greenRiverBlue","recovery":"recoveryWatch","lineageLabel":"Green River / blue-lineage CT","lineageBasin":"Upper Yampa","lineageNote":"Yampa blue-lineage context","atlas_context":"cutthroat_lineage_context","confidence":"Watershed-level lineage context; expert review recommended","geometryStatus":"Named natural stream segment from statewide hydrography","note":"This named natural stream falls within a HUC8 assigned to a cutthroat lineage context.","source_segment_id":"co_named_stream_105109","water_id":"co_calf_creek_14050001_greenRiverBlue_001","occurrence_id":"co_calf_creek_14050001_greenRiverBlue_001","occurrence_number":"001","segment_count":26,"disambiguator":"Upper Yampa · Green River / blue-lineage CT · occurrence 001","basin":"Upper Yampa","atlas_layer":"named_water_occurrence","object_role":"named_water_occurrence","historic_label":"Green River / blue-lineage CT","current_label":"Green River / blue-lineage CT","recovery_label":"Recovery watch / review area","tier":"tier2","minZoom":12,"confidence_public":"Watershed-level lineage context; expert review recommended","geometry_status_public":"Named natural stream occurrence from statewide hydrography","geometry_source_public":"Grouped public hydrography segments","trout_source_public":"Compiled public recovery and lineage context; expert review recommended","public_notes":"Calf Creek is shown as a named-water occurrence within watershed-level cutthroat lineage context. This is not a precise biological boundary."}},{"type":"Feature","geometry":{"type":"LineString","coordinates":[[-107.4047,40.6496],[-107.4075,40.6495],[-107.4118,40.6469]]},"properties":{"source_id":"co_named_stream_104141","name":"Dry Fork Little Bear Creek","display_name":"Dry Fork Little Bear Creek","mapped_name":"Dry Fork Little Bear Creek","source_name":"Dry Fork Little Bear Creek","state":"CO","atlas_class":"named_natural_stream","huc8":"14050001","huc8Name":"Upper Yampa","huc8States":"CO","lineageKey":"greenRiverBlue","lineage":"greenRiverBlue","historic":"greenRiverBlue","current":"greenRiverBlue","recovery":"recoveryWatch","lineageLabel":"Green River / blue-lineage CT","lineageBasin":"Upper Yampa","lineageNote":"Yampa blue-lineage context","atlas_context":"cutthroat_lineage_context","confidence":"Watershed-level lineage context; expert review recommended","geometryStatus":"Named natural stream segment from statewide hydrography","note":"This named natural stream falls within a HUC8 assigned to a cutthroat lineage context.","source_segment_id":"co_named_stream_104141","water_id":"co_dry_fork_little_bear_creek_14050001_greenRiverBlue_001","occurrence_id":"co_dry_fork_little_bear_creek_14050001_greenRiverBlue_001","occurrence_number":"001","segment_count":28,"disambiguator":"Upper Yampa · Green River / blue-lineage CT · occurrence 001","basin":"Upper Yampa","atlas_layer":"named_water_occurrence","object_role":"named_water_occurrence","historic_label":"Green River / blue-lineage CT","current_label":"Green River / blue-lineage CT","recovery_label":"Recovery watch / review area","tier":"tier2","minZoom":12,"confidence_public":"Watershed-level lineage context; expert review recommended","geometry_status_public":"Named natural stream occurrence from statewide hydrography","geometry_source_public":"Grouped public hydrography segments","trout_source_public":"Compiled public recovery and lineage context; expert review recommended","public_notes":"Dry Fork Little Bear Creek is shown as a named-water occurrence within watershed-level cutthroat lineage context. This is not a precise biological boundary."}},{"type":"Feature","geometry":{"type":"LineString","coordinates":[[-107.388,40.6531],[-107.3896,40.6522]]},"properties":{"source_id":"co_named_stream_104142","name":"Dry Fork Little Bear Creek","display_name":"Dry Fork Little Bear Creek","mapped_name":"Dry Fork Little Bear Creek","source_name":"Dry Fork Little Bear Creek","state":"CO","atlas_class":"named_natural_stream","huc8":"14050001","huc8Name":"Upper Yampa","huc8States":"CO","lineageKey":"greenRiverBlue","lineage":"greenRiverBlue","historic":"greenRiverBlue","current":"greenRiverBlue","recovery":"recoveryWatch","lineageLabel":"Green River / blue-lineage CT","lineageBasin":"Upper Yampa","lineageNote":"Yampa blue-lineage context","atlas_context":"cutthroat_lineage_context","confidence":"Watershed-level lineage context; expert review recommended","geometryStatus":"Named natural stream segment from statewide hydrography","note":"This named natural stream falls within a HUC8 assigned to a cutthroat lineage context.","source_segment_id":"co_named_stream_104142","water_id":"co_dry_fork_little_bear_creek_14050001_greenRiverBlue_001","occurrence_id":"co_dry_fork_little_bear_creek_14050001_greenRiverBlue_001","occurrence_number":"001","segment_count":28,"disambiguator":"Upper Yampa · Green River / blue-lineage CT · occurrence 001","basin":"Upper Yampa","atlas_layer":"named_water_occurrence","object_role":"named_water_occurrence","historic_label":"Green River / blue-lineage CT","current_label":"Green River / blue-lineage CT","recovery_label":"Recovery watch / review area","tier":"tier2","minZoom":12,"confidence_public":"Watershed-level lineage context; expert review recommended","geometry_status_public":"Named natural stream occurrence from statewide hydrography","geometry_source_public":"Grouped public hydrography segments","trout_source_public":"Compiled public recovery and lineage context; expert review recommended","public_notes":"Dry Fork Little Bear Creek is shown as a named-water occurrence within watershed-level cutthroat lineage context. This is not a precise biological boundary."}},{"type":"Feature","geometry":{"type":"LineString","coordinates":[[-107.3985,40.6499],[-107.4002,40.6489],[-107.403,40.65],[-107.4047,40.6496]]},"properties":{"source_id":"co_named_stream_104145","name":"Dry Fork Little Bear Creek","display_name":"Dry Fork Little Bear Creek","mapped_name":"Dry Fork Little Bear Creek","source_name":"Dry Fork Little Bear Creek","state":"CO","atlas_class":"named_natural_stream","huc8":"14050001","huc8Name":"Upper Yampa","huc8States":"CO","lineageKey":"greenRiverBlue","lineage":"greenRiverBlue","historic":"greenRiverBlue","current":"greenRiverBlue","recovery":"recoveryWatch","lineageLabel":"Green River / blue-lineage CT","lineageBasin":"Upper Yampa","lineageNote":"Yampa blue-lineage context","atlas_context":"cutthroat_lineage_context","confidence":"Watershed-level lineage context; expert review recommended","geometryStatus":"Named natural stream segment from statewide hydrography","note":"This named natural stream falls within a HUC8 assigned to a cutthroat lineage context.","source_segment_id":"co_named_stream_104145","water_id":"co_dry_fork_little_bear_creek_14050001_greenRiverBlue_001","occurrence_id":"co_dry_fork_little_bear_creek_14050001_greenRiverBlue_001","occurrence_number":"001","segment_count":28,"disambiguator":"Upper Yampa · Green River / blue-lineage CT · occurrence 001","basin":"Upper Yampa","atlas_layer":"named_water_occurrence","object_role":"named_water_occurrence","historic_label":"Green River / blue-lineage CT","current_label":"Green River / blue-lineage CT","recovery_label":"Recovery watch / review area","tier":"tier2","minZoom":12,"confidence_public":"Watershed-level lineage context; expert review recommended","geometry_status_public":"Named natural stream occurrence from statewide hydrography","geometry_source_public":"Grouped public hydrography segments","trout_source_public":"Compiled public recovery and lineage context; expert review recommended","public_notes":"Dry Fork Little Bear Creek is shown as a named-water occurrence within watershed-level cutthroat lineage context. This is not a precise biological boundary."}},{"type":"Feature","geometry":{"type":"LineString","coordinates":[[-107.3946,40.6499],[-107.3968,40.6501]]},"properties":{"source_id":"co_named_stream_104149","name":"Dry Fork Little Bear Creek","display_name":"Dry Fork Little Bear Creek","mapped_name":"Dry Fork Little Bear Creek","source_name":"Dry Fork Little Bear Creek","state":"CO","atlas_class":"named_natural_stream","huc8":"14050001","huc8Name":"Upper Yampa","huc8States":"CO","lineageKey":"greenRiverBlue","lineage":"greenRiverBlue","historic":"greenRiverBlue","current":"greenRiverBlue","recovery":"recoveryWatch","lineageLabel":"Green River / blue-lineage CT","lineageBasin":"Upper Yampa","lineageNote":"Yampa blue-lineage context","atlas_context":"cutthroat_lineage_context","confidence":"Watershed-level lineage context; expert review recommended","geometryStatus":"Named natural stream segment from statewide hydrography","note":"This named natural stream falls within a HUC8 assigned to a cutthroat lineage context.","source_segment_id":"co_named_stream_104149","water_id":"co_dry_fork_little_bear_creek_14050001_greenRiverBlue_001","occurrence_id":"co_dry_fork_little_bear_creek_14050001_greenRiverBlue_001","occurrence_number":"001","segment_count":28,"disambiguator":"Upper Yampa · Green River / blue-lineage CT · occurrence 001","basin":"Upper Yampa","atlas_layer":"named_water_occurrence","object_role":"named_water_occurrence","historic_label":"Green River / blue-lineage CT","current_label":"Green River / blue-lineage CT","recovery_label":"Recovery watch / review area","tier":"tier2","minZoom":12,"confidence_public":"Watershed-level lineage context; expert review recommended","geometry_status_public":"Named natural stream occurrence from statewide hydrography","geometry_source_public":"Grouped public hydrography segments","trout_source_public":"Compiled public recovery and lineage context; expert review recommended","public_notes":"Dry Fork Little Bear Creek is shown as a named-water occurrence within watershed-level cutthroat lineage context. This is not a precise biological boundary."}},{"type":"Feature","geometry":{"type":"LineString","coordinates":[[-107.3847,40.6549],[-107.3858,40.6532],[-107.388,40.6531]]},"properties":{"source_id":"co_named_stream_104152","name":"Dry Fork Little Bear Creek","display_name":"Dry Fork Little Bear Creek","mapped_name":"Dry Fork Little Bear Creek","source_name":"Dry Fork Little Bear Creek","state":"CO","atlas_class":"named_natural_stream","huc8":"14050001","huc8Name":"Upper Yampa","huc8States":"CO","lineageKey":"greenRiverBlue","lineage":"greenRiverBlue","historic":"greenRiverBlue","current":"greenRiverBlue","recovery":"recoveryWatch","lineageLabel":"Green River / blue-lineage CT","lineageBasin":"Upper Yampa","lineageNote":"Yampa blue-lineage context","atlas_context":"cutthroat_lineage_context","confidence":"Watershed-level lineage context; expert review recommended","geometryStatus":"Named natural stream segment from statewide hydrography","note":"This named natural stream falls within a HUC8 assigned to a cutthroat lineage context.","source_segment_id":"co_named_stream_104152","water_id":"co_dry_fork_little_bear_creek_14050001_greenRiverBlue_001","occurrence_id":"co_dry_fork_little_bear_creek_14050001_greenRiverBlue_001","occurrence_number":"001","segment_count":28,"disambiguator":"Upper Yampa · Green River / blue-lineage CT · occurrence 001","basin":"Upper Yampa","atlas_layer":"named_water_occurrence","object_role":"named_water_occurrence","historic_label":"Green River / blue-lineage CT","current_label":"Green River / blue-lineage CT","recovery_label":"Recovery watch / review area","tier":"tier2","minZoom":12,"confidence_public":"Watershed-level lineage context; expert review recommended","geometry_status_public":"Named natural stream occurrence from statewide hydrography","geometry_source_public":"Grouped public hydrography segments","trout_source_public":"Compiled public recovery and lineage context; expert review recommended","public_notes":"Dry Fork Little Bear Creek is shown as a named-water occurrence within watershed-level cutthroat lineage context. This is not a precise biological boundary."}},{"type":"Feature","geometry":{"type":"LineString","coordinates":[[-107.3799,40.6637],[-107.3813,40.6622],[-107.3805,40.661],[-107.3817,40.6586],[-107.3831,40.659],[-107.3844,40.6581],[-107.3838,40.6566],[-107.3849,40.656],[-107.3841,40.6556],[-107.3847,40.6549]]},"properties":{"source_id":"co_named_stream_104168","name":"Dry Fork Little Bear Creek","display_name":"Dry Fork Little Bear Creek","mapped_name":"Dry Fork Little Bear Creek","source_name":"Dry Fork Little Bear Creek","state":"CO","atlas_class":"named_natural_stream","huc8":"14050001","huc8Name":"Upper Yampa","huc8States":"CO","lineageKey":"greenRiverBlue","lineage":"greenRiverBlue","historic":"greenRiverBlue","current":"greenRiverBlue","recovery":"recoveryWatch","lineageLabel":"Green River / blue-lineage CT","lineageBasin":"Upper Yampa","lineageNote":"Yampa blue-lineage context","atlas_context":"cutthroat_lineage_context","confidence":"Watershed-level lineage context; expert review recommended","geometryStatus":"Named natural stream segment from statewide hydrography","note":"This named natural stream falls within a HUC8 assigned to a cutthroat lineage context.","source_segment_id":"co_named_stream_104168","water_id":"co_dry_fork_little_bear_creek_14050001_greenRiverBlue_001","occurrence_id":"co_dry_fork_little_bear_creek_14050001_greenRiverBlue_001","occurrence_number":"001","segment_count":28,"disambiguator":"Upper Yampa · Green River / blue-lineage CT · occurrence 001","basin":"Upper Yampa","atlas_layer":"named_water_occurrence","object_role":"named_water_occurrence","historic_label":"Green River / blue-lineage CT","current_label":"Green River / blue-lineage CT","recovery_label":"Recovery watch / review area","tier":"tier2","minZoom":12,"confidence_public":"Watershed-level lineage context; expert review recommended","geometry_status_public":"Named natural stream occurrence from statewide hydrography","geometry_source_public":"Grouped public hydrography segments","trout_source_public":"Compiled public recovery and lineage context; expert review recommended","public_notes":"Dry Fork Little Bear Creek is shown as a named-water occurrence within watershed-level cutthroat lineage context. This is not a precise biological boundary."}},{"type":"Feature","geometry":{"type":"LineString","coordinates":[[-107.3896,40.6522],[-107.3924,40.6515],[-107.3924,40.6508],[-107.3931,40.6514],[-107.3946,40.6499]]},"properties":{"source_id":"co_named_stream_104177","name":"Dry Fork Little Bear Creek","display_name":"Dry Fork Little Bear Creek","mapped_name":"Dry Fork Little Bear Creek","source_name":"Dry Fork Little Bear Creek","state":"CO","atlas_class":"named_natural_stream","huc8":"14050001","huc8Name":"Upper Yampa","huc8States":"CO","lineageKey":"greenRiverBlue","lineage":"greenRiverBlue","historic":"greenRiverBlue","current":"greenRiverBlue","recovery":"recoveryWatch","lineageLabel":"Green River / blue-lineage CT","lineageBasin":"Upper Yampa","lineageNote":"Yampa blue-lineage context","atlas_context":"cutthroat_lineage_context","confidence":"Watershed-level lineage context; expert review recommended","geometryStatus":"Named natural stream segment from statewide hydrography","note":"This named natural stream falls within a HUC8 assigned to a cutthroat lineage context.","source_segment_id":"co_named_stream_104177","water_id":"co_dry_fork_little_bear_creek_14050001_greenRiverBlue_001","occurrence_id":"co_dry_fork_little_bear_creek_14050001_greenRiverBlue_001","occurrence_number":"001","segment_count":28,"disambiguator":"Upper Yampa · Green River / blue-lineage CT · occurrence 001","basin":"Upper Yampa","atlas_layer":"named_water_occurrence","object_role":"named_water_occurrence","historic_label":"Green River / blue-lineage CT","current_label":"Green River / blue-lineage CT","recovery_label":"Recovery watch / review area","tier":"tier2","minZoom":12,"confidence_public":"Watershed-level lineage context; expert review recommended","geometry_status_public":"Named natural stream occurrence from statewide hydrography","geometry_source_public":"Grouped public hydrography segments","trout_source_public":"Compiled public recovery and lineage context; expert review recommended","public_notes":"Dry Fork Little Bear Creek is shown as a named-water occurrence within watershed-level cutthroat lineage context. This is not a precise biological boundary."}},{"type":"Feature","geometry":{"type":"LineString","coordinates":[[-107.3968,40.6501],[-107.3985,40.6499]]},"properties":{"source_id":"co_named_stream_104178","name":"Dry Fork Little Bear Creek","display_name":"Dry Fork Little Bear Creek","mapped_name":"Dry Fork Little Bear Creek","source_name":"Dry Fork Little Bear Creek","state":"CO","atlas_class":"named_natural_stream","huc8":"14050001","huc8Name":"Upper Yampa","huc8States":"CO","lineageKey":"greenRiverBlue","lineage":"greenRiverBlue","historic":"greenRiverBlue","current":"greenRiverBlue","recovery":"recoveryWatch","lineageLabel":"Green River / blue-lineage CT","lineageBasin":"Upper Yampa","lineageNote":"Yampa blue-lineage context","atlas_context":"cutthroat_lineage_context","confidence":"Watershed-level lineage context; expert review recommended","geometryStatus":"Named natural stream segment from statewide hydrography","note":"This named natural stream falls within a HUC8 assigned to a cutthroat lineage context.","source_segment_id":"co_named_stream_104178","water_id":"co_dry_fork_little_bear_creek_14050001_greenRiverBlue_001","occurrence_id":"co_dry_fork_little_bear_creek_14050001_greenRiverBlue_001","occurrence_number":"001","segment_count":28,"disambiguator":"Upper Yampa · Green River / blue-lineage CT · occurrence 001","basin":"Upper Yampa","atlas_layer":"named_water_occurrence","object_role":"named_water_occurrence","historic_label":"Green River / blue-lineage CT","current_label":"Green River / blue-lineage CT","recovery_label":"Recovery watch / review area","tier":"tier2","minZoom":12,"confidence_public":"Watershed-level lineage context; expert review recommended","geometry_status_public":"Named natural stream occurrence from statewide hydrography","geometry_source_public":"Grouped public hydrography segments","trout_source_public":"Compiled public recovery and lineage context; expert review recommended","public_notes":"Dry Fork Little Bear Creek is shown as a named-water occurrence within watershed-level cutthroat lineage context. This is not a precise biological boundary."}},{"type":"Feature","geometry":{"type":"LineString","coordinates":[[-107.4252,40.6466],[-107.4272,40.6469],[-107.4288,40.6484],[-107.4298,40.648],[-107.4306,40.6491],[-107.4342,40.648]]},"properties":{"source_id":"co_named_stream_104183","name":"Dry Fork Little Bear Creek","display_name":"Dry Fork Little Bear Creek","mapped_name":"Dry Fork Little Bear Creek","source_name":"Dry Fork Little Bear Creek","state":"CO","atlas_class":"named_natural_stream","huc8":"14050001","huc8Name":"Upper Yampa","huc8States":"CO","lineageKey":"greenRiverBlue","lineage":"greenRiverBlue","historic":"greenRiverBlue","current":"greenRiverBlue","recovery":"recoveryWatch","lineageLabel":"Green River / blue-lineage CT","lineageBasin":"Upper Yampa","lineageNote":"Yampa blue-lineage context","atlas_context":"cutthroat_lineage_context","confidence":"Watershed-level lineage context; expert review recommended","geometryStatus":"Named natural stream segment from statewide hydrography","note":"This named natural stream falls within a HUC8 assigned to a cutthroat lineage context.","source_segment_id":"co_named_stream_104183","water_id":"co_dry_fork_little_bear_creek_14050001_greenRiverBlue_001","occurrence_id":"co_dry_fork_little_bear_creek_14050001_greenRiverBlue_001","occurrence_number":"001","segment_count":28,"disambiguator":"Upper Yampa · Green River / blue-lineage CT · occurrence 001","basin":"Upper Yampa","atlas_layer":"named_water_occurrence","object_role":"named_water_occurrence","historic_label":"Green River / blue-lineage CT","current_label":"Green River / blue-lineage CT","recovery_label":"Recovery watch / review area","tier":"tier2","minZoom":12,"confidence_public":"Watershed-level lineage context; expert review recommended","geometry_status_public":"Named natural stream occurrence from statewide hydrography","geometry_source_public":"Grouped public hydrography segments","trout_source_public":"Compiled public recovery and lineage context; expert review recommended","public_notes":"Dry Fork Little Bear Creek is shown as a named-water occurrence within watershed-level cutthroat lineage context. This is not a precise biological boundary."}},{"type":"Feature","geometry":{"type":"LineString","coordinates":[[-107.4118,40.6469],[-107.4147,40.6474],[-107.4154,40.6485],[-107.42,40.6475],[-107.4214,40.6481],[-107.4241,40.6476],[-107.4252,40.6466]]},"properties":{"source_id":"co_named_stream_104184","name":"Dry Fork Little Bear Creek","display_name":"Dry Fork Little Bear Creek","mapped_name":"Dry Fork Little Bear Creek","source_name":"Dry Fork Little Bear Creek","state":"CO","atlas_class":"named_natural_stream","huc8":"14050001","huc8Name":"Upper Yampa","huc8States":"CO","lineageKey":"greenRiverBlue","lineage":"greenRiverBlue","historic":"greenRiverBlue","current":"greenRiverBlue","recovery":"recoveryWatch","lineageLabel":"Green River / blue-lineage CT","lineageBasin":"Upper Yampa","lineageNote":"Yampa blue-lineage context","atlas_context":"cutthroat_lineage_context","confidence":"Watershed-level lineage context; expert review recommended","geometryStatus":"Named natural stream segment from statewide hydrography","note":"This named natural stream falls within a HUC8 assigned to a cutthroat lineage context.","source_segment_id":"co_named_stream_104184","water_id":"co_dry_fork_little_bear_creek_14050001_greenRiverBlue_001","occurrence_id":"co_dry_fork_little_bear_creek_14050001_greenRiverBlue_001","occurrence_number":"001","segment_count":28,"disambiguator":"Upper Yampa · Green River / blue-lineage CT · occurrence 001","basin":"Upper Yampa","atlas_layer":"named_water_occurrence","object_role":"named_water_occurrence","historic_label":"Green River / blue-lineage CT","current_label":"Green River / blue-lineage CT","recovery_label":"Recovery watch / review area","tier":"tier2","minZoom":12,"confidence_public":"Watershed-level lineage context; expert review recommended","geometry_status_public":"Named natural stream occurrence from statewide hydrography","geometry_source_public":"Grouped public hydrography segments","trout_source_public":"Compiled public recovery and lineage context; expert review recommended","public_notes":"Dry Fork Little Bear Creek is shown as a named-water occurrence within watershed-level cutthroat lineage context. This is not a precise biological boundary."}},{"type":"Feature","geometry":{"type":"LineString","coordinates":[[-107.374,40.6687],[-107.3751,40.6671],[-107.3761,40.6672],[-107.3752,40.6652],[-107.3799,40.6637]]},"properties":{"source_id":"co_named_stream_104343","name":"Dry Fork Little Bear Creek","display_name":"Dry Fork Little Bear Creek","mapped_name":"Dry Fork Little Bear Creek","source_name":"Dry Fork Little Bear Creek","state":"CO","atlas_class":"named_natural_stream","huc8":"14050001","huc8Name":"Upper Yampa","huc8States":"CO","lineageKey":"greenRiverBlue","lineage":"greenRiverBlue","historic":"greenRiverBlue","current":"greenRiverBlue","recovery":"recoveryWatch","lineageLabel":"Green River / blue-lineage CT","lineageBasin":"Upper Yampa","lineageNote":"Yampa blue-lineage context","atlas_context":"cutthroat_lineage_context","confidence":"Watershed-level lineage context; expert review recommended","geometryStatus":"Named natural stream segment from statewide hydrography","note":"This named natural stream falls within a HUC8 assigned to a cutthroat lineage context.","source_segment_id":"co_named_stream_104343","water_id":"co_dry_fork_little_bear_creek_14050001_greenRiverBlue_001","occurrence_id":"co_dry_fork_little_bear_creek_14050001_greenRiverBlue_001","occurrence_number":"001","segment_count":28,"disambiguator":"Upper Yampa · Green River / blue-lineage CT · occurrence 001","basin":"Upper Yampa","atlas_layer":"named_water_occurrence","object_role":"named_water_occurrence","historic_label":"Green River / blue-lineage CT","current_label":"Green River / blue-lineage CT","recovery_label":"Recovery watch / review area","tier":"tier2","minZoom":12,"confidence_public":"Watershed-level lineage context; expert review recommended","geometry_status_public":"Named natural stream occurrence from statewide hydrography","geometry_source_public":"Grouped public hydrography segments","trout_source_public":"Compiled public recovery and lineage context; expert review recommended","public_notes":"Dry Fork Little Bear Creek is shown as a named-water occurrence within watershed-level cutthroat lineage context. This is not a precise biological boundary."}},{"type":"Feature","geometry":{"type":"LineString","coordinates":[[-107.3507,40.6847],[-107.3547,40.6817],[-107.3608,40.6796]]},"properties":{"source_id":"co_named_stream_105344","name":"Dry Fork Little Bear Creek","display_name":"Dry Fork Little Bear Creek","mapped_name":"Dry Fork Little Bear Creek","source_name":"Dry Fork Little Bear Creek","state":"CO","atlas_class":"named_natural_stream","huc8":"14050001","huc8Name":"Upper Yampa","huc8States":"CO","lineageKey":"greenRiverBlue","lineage":"greenRiverBlue","historic":"greenRiverBlue","current":"greenRiverBlue","recovery":"recoveryWatch","lineageLabel":"Green River / blue-lineage CT","lineageBasin":"Upper Yampa","lineageNote":"Yampa blue-lineage context","atlas_context":"cutthroat_lineage_context","confidence":"Watershed-level lineage context; expert review recommended","geometryStatus":"Named natural stream segment from statewide hydrography","note":"This named natural stream falls within a HUC8 assigned to a cutthroat lineage context.","source_segment_id":"co_named_stream_105344","water_id":"co_dry_fork_little_bear_creek_14050001_greenRiverBlue_001","occurrence_id":"co_dry_fork_little_bear_creek_14050001_greenRiverBlue_001","occurrence_number":"001","segment_count":28,"disambiguator":"Upper Yampa · Green River / blue-lineage CT · occurrence 001","basin":"Upper Yampa","atlas_layer":"named_water_occurrence","object_role":"named_water_occurrence","historic_label":"Green River / blue-lineage CT","current_label":"Green River / blue-lineage CT","recovery_label":"Recovery watch / review area","tier":"tier2","minZoom":12,"confidence_public":"Watershed-level lineage context; expert review recommended","geometry_status_public":"Named natural stream occurrence from statewide hydrography","geometry_source_public":"Grouped public hydrography segments","trout_source_public":"Compiled public recovery and lineage context; expert review recommended","public_notes":"Dry Fork Little Bear Creek is shown as a named-water occurrence within watershed-level cutthroat lineage context. This is not a precise biological boundary."}},{"type":"Feature","geometry":{"type":"LineString","coordinates":[[-107.3567,40.7187],[-107.3593,40.7174]]},"properties":{"source_id":"co_named_stream_105347","name":"Dry Fork Little Bear Creek","display_name":"Dry Fork Little Bear Creek","mapped_name":"Dry Fork Little Bear Creek","source_name":"Dry Fork Little Bear Creek","state":"CO","atlas_class":"named_natural_stream","huc8":"14050001","huc8Name":"Upper Yampa","huc8States":"CO","lineageKey":"greenRiverBlue","lineage":"greenRiverBlue","historic":"greenRiverBlue","current":"greenRiverBlue","recovery":"recoveryWatch","lineageLabel":"Green River / blue-lineage CT","lineageBasin":"Upper Yampa","lineageNote":"Yampa blue-lineage context","atlas_context":"cutthroat_lineage_context","confidence":"Watershed-level lineage context; expert review recommended","geometryStatus":"Named natural stream segment from statewide hydrography","note":"This named natural stream falls within a HUC8 assigned to a cutthroat lineage context.","source_segment_id":"co_named_stream_105347","water_id":"co_dry_fork_little_bear_creek_14050001_greenRiverBlue_001","occurrence_id":"co_dry_fork_little_bear_creek_14050001_greenRiverBlue_001","occurrence_number":"001","segment_count":28,"disambiguator":"Upper Yampa · Green River / blue-lineage CT · occurrence 001","basin":"Upper Yampa","atlas_layer":"named_water_occurrence","object_role":"named_water_occurrence","historic_label":"Green River / blue-lineage CT","current_label":"Green River / blue-lineage CT","recovery_label":"Recovery watch / review area","tier":"tier2","minZoom":12,"confidence_public":"Watershed-level lineage context; expert review recommended","geometry_status_public":"Named natural stream occurrence from statewide hydrography","geometry_source_public":"Grouped public hydrography segments","trout_source_public":"Compiled public recovery and lineage context; expert review recommended","public_notes":"Dry Fork Little Bear Creek is shown as a named-water occurrence within watershed-level cutthroat lineage context. This is not a precise biological boundary."}},{"type":"Feature","geometry":{"type":"LineString","coordinates":[[-107.3619,40.7068],[-107.3612,40.7055],[-107.3583,40.7056],[-107.351,40.7032],[-107.3475,40.6992]]},"properties":{"source_id":"co_named_stream_105349","name":"Dry Fork Little Bear Creek","display_name":"Dry Fork Little Bear Creek","mapped_name":"Dry Fork Little Bear Creek","source_name":"Dry Fork Little Bear Creek","state":"CO","atlas_class":"named_natural_stream","huc8":"14050001","huc8Name":"Upper Yampa","huc8States":"CO","lineageKey":"greenRiverBlue","lineage":"greenRiverBlue","historic":"greenRiverBlue","current":"greenRiverBlue","recovery":"recoveryWatch","lineageLabel":"Green River / blue-lineage CT","lineageBasin":"Upper Yampa","lineageNote":"Yampa blue-lineage context","atlas_context":"cutthroat_lineage_context","confidence":"Watershed-level lineage context; expert review recommended","geometryStatus":"Named natural stream segment from statewide hydrography","note":"This named natural stream falls within a HUC8 assigned to a cutthroat lineage context.","source_segment_id":"co_named_stream_105349","water_id":"co_dry_fork_little_bear_creek_14050001_greenRiverBlue_001","occurrence_id":"co_dry_fork_little_bear_creek_14050001_greenRiverBlue_001","occurrence_number":"001","segment_count":28,"disambiguator":"Upper Yampa · Green River / blue-lineage CT · occurrence 001","basin":"Upper Yampa","atlas_layer":"named_water_occurrence","object_role":"named_water_occurrence","historic_label":"Green River / blue-lineage CT","current_label":"Green River / blue-lineage CT","recovery_label":"Recovery watch / review area","tier":"tier2","minZoom":12,"confidence_public":"Watershed-level lineage context; expert review recommended","geometry_status_public":"Named natural stream occurrence from statewide hydrography","geometry_source_public":"Grouped public hydrography segments","trout_source_public":"Compiled public recovery and lineage context; expert review recommended","public_notes":"Dry Fork Little Bear Creek is shown as a named-water occurrence within watershed-level cutthroat lineage context. This is not a precise biological boundary."}},{"type":"Feature","geometry":{"type":"LineString","coordinates":[[-107.3484,40.6895],[-107.3495,40.6876],[-107.3492,40.6856]]},"properties":{"source_id":"co_named_stream_105350","name":"Dry Fork Little Bear Creek","display_name":"Dry Fork Little Bear Creek","mapped_name":"Dry Fork Little Bear Creek","source_name":"Dry Fork Little Bear Creek","state":"CO","atlas_class":"named_natural_stream","huc8":"14050001","huc8Name":"Upper Yampa","huc8States":"CO","lineageKey":"greenRiverBlue","lineage":"greenRiverBlue","historic":"greenRiverBlue","current":"greenRiverBlue","recovery":"recoveryWatch","lineageLabel":"Green River / blue-lineage CT","lineageBasin":"Upper Yampa","lineageNote":"Yampa blue-lineage context","atlas_context":"cutthroat_lineage_context","confidence":"Watershed-level lineage context; expert review recommended","geometryStatus":"Named natural stream segment from statewide hydrography","note":"This named natural stream falls within a HUC8 assigned to a cutthroat lineage context.","source_segment_id":"co_named_stream_105350","water_id":"co_dry_fork_little_bear_creek_14050001_greenRiverBlue_001","occurrence_id":"co_dry_fork_little_bear_creek_14050001_greenRiverBlue_001","occurrence_number":"001","segment_count":28,"disambiguator":"Upper Yampa · Green River / blue-lineage CT · occurrence 001","basin":"Upper Yampa","atlas_layer":"named_water_occurrence","object_role":"named_water_occurrence","historic_label":"Green River / blue-lineage CT","current_label":"Green River / blue-lineage CT","recovery_label":"Recovery watch / review area","tier":"tier2","minZoom":12,"confidence_public":"Watershed-level lineage context; expert review recommended","geometry_status_public":"Named natural stream occurrence from statewide hydrography","geometry_source_public":"Grouped public hydrography segments","trout_source_public":"Compiled public recovery and lineage context; expert review recommended","public_notes":"Dry Fork Little Bear Creek is shown as a named-water occurrence within watershed-level cutthroat lineage context. This is not a precise biological boundary."}},{"type":"Feature","geometry":{"type":"LineString","coordinates":[[-107.3725,40.6721],[-107.374,40.6687]]},"properties":{"source_id":"co_named_stream_105351","name":"Dry Fork Little Bear Creek","display_name":"Dry Fork Little Bear Creek","mapped_name":"Dry Fork Little Bear Creek","source_name":"Dry Fork Little Bear Creek","state":"CO","atlas_class":"named_natural_stream","huc8":"14050001","huc8Name":"Upper Yampa","huc8States":"CO","lineageKey":"greenRiverBlue","lineage":"greenRiverBlue","historic":"greenRiverBlue","current":"greenRiverBlue","recovery":"recoveryWatch","lineageLabel":"Green River / blue-lineage CT","lineageBasin":"Upper Yampa","lineageNote":"Yampa blue-lineage context","atlas_context":"cutthroat_lineage_context","confidence":"Watershed-level lineage context; expert review recommended","geometryStatus":"Named natural stream segment from statewide hydrography","note":"This named natural stream falls within a HUC8 assigned to a cutthroat lineage context.","source_segment_id":"co_named_stream_105351","water_id":"co_dry_fork_little_bear_creek_14050001_greenRiverBlue_001","occurrence_id":"co_dry_fork_little_bear_creek_14050001_greenRiverBlue_001","occurrence_number":"001","segment_count":28,"disambiguator":"Upper Yampa · Green River / blue-lineage CT · occurrence 001","basin":"Upper Yampa","atlas_layer":"named_water_occurrence","object_role":"named_water_occurrence","historic_label":"Green River / blue-lineage CT","current_label":"Green River / blue-lineage CT","recovery_label":"Recovery watch / review area","tier":"tier2","minZoom":12,"confidence_public":"Watershed-level lineage context; expert review recommended","geometry_status_public":"Named natural stream occurrence from statewide hydrography","geometry_source_public":"Grouped public hydrography segments","trout_source_public":"Compiled public recovery and lineage context; expert review recommended","public_notes":"Dry Fork Little Bear Creek is shown as a named-water occurrence within watershed-level cutthroat lineage context. This is not a precise biological boundary."}},{"type":"Feature","geometry":{"type":"LineString","coordinates":[[-107.3594,40.7171],[-107.3616,40.7117]]},"properties":{"source_id":"co_named_stream_105352","name":"Dry Fork Little Bear Creek","display_name":"Dry Fork Little Bear Creek","mapped_name":"Dry Fork Little Bear Creek","source_name":"Dry Fork Little Bear Creek","state":"CO","atlas_class":"named_natural_stream","huc8":"14050001","huc8Name":"Upper Yampa","huc8States":"CO","lineageKey":"greenRiverBlue","lineage":"greenRiverBlue","historic":"greenRiverBlue","current":"greenRiverBlue","recovery":"recoveryWatch","lineageLabel":"Green River / blue-lineage CT","lineageBasin":"Upper Yampa","lineageNote":"Yampa blue-lineage context","atlas_context":"cutthroat_lineage_context","confidence":"Watershed-level lineage context; expert review recommended","geometryStatus":"Named natural stream segment from statewide hydrography","note":"This named natural stream falls within a HUC8 assigned to a cutthroat lineage context.","source_segment_id":"co_named_stream_105352","water_id":"co_dry_fork_little_bear_creek_14050001_greenRiverBlue_001","occurrence_id":"co_dry_fork_little_bear_creek_14050001_greenRiverBlue_001","occurrence_number":"001","segment_count":28,"disambiguator":"Upper Yampa · Green River / blue-lineage CT · occurrence 001","basin":"Upper Yampa","atlas_layer":"named_water_occurrence","object_role":"named_water_occurrence","historic_label":"Green River / blue-lineage CT","current_label":"Green River / blue-lineage CT","recovery_label":"Recovery watch / review area","tier":"tier2","minZoom":12,"confidence_public":"Watershed-level lineage context; expert review recommended","geometry_status_public":"Named natural stream occurrence from statewide hydrography","geometry_source_public":"Grouped public hydrography segments","trout_source_public":"Compiled public recovery and lineage context; expert review recommended","public_notes":"Dry Fork Little Bear Creek is shown as a named-water occurrence within watershed-level cutthroat lineage context. This is not a precise biological boundary."}},{"type":"Feature","geometry":{"type":"LineString","coordinates":[[-107.3492,40.6856],[-107.3507,40.6847]]},"properties":{"source_id":"co_named_stream_105353","name":"Dry Fork Little Bear Creek","display_name":"Dry Fork Little Bear Creek","mapped_name":"Dry Fork Little Bear Creek","source_name":"Dry Fork Little Bear Creek","state":"CO","atlas_class":"named_natural_stream","huc8":"14050001","huc8Name":"Upper Yampa","huc8States":"CO","lineageKey":"greenRiverBlue","lineage":"greenRiverBlue","historic":"greenRiverBlue","current":"greenRiverBlue","recovery":"recoveryWatch","lineageLabel":"Green River / blue-lineage CT","lineageBasin":"Upper Yampa","lineageNote":"Yampa blue-lineage context","atlas_context":"cutthroat_lineage_context","confidence":"Watershed-level lineage context; expert review recommended","geometryStatus":"Named natural stream segment from statewide hydrography","note":"This named natural stream falls within a HUC8 assigned to a cutthroat lineage context.","source_segment_id":"co_named_stream_105353","water_id":"co_dry_fork_little_bear_creek_14050001_greenRiverBlue_001","occurrence_id":"co_dry_fork_little_bear_creek_14050001_greenRiverBlue_001","occurrence_number":"001","segment_count":28,"disambiguator":"Upper Yampa · Green River / blue-lineage CT · occurrence 001","basin":"Upper Yampa","atlas_layer":"named_water_occurrence","object_role":"named_water_occurrence","historic_label":"Green River / blue-lineage CT","current_label":"Green River / blue-lineage CT","recovery_label":"Recovery watch / review area","tier":"tier2","minZoom":12,"confidence_public":"Watershed-level lineage context; expert review recommended","geometry_status_public":"Named natural stream occurrence from statewide hydrography","geometry_source_public":"Grouped public hydrography segments","trout_source_public":"Compiled public recovery and lineage context; expert review recommended","public_notes":"Dry Fork Little Bear Creek is shown as a named-water occurrence within watershed-level cutthroat lineage context. This is not a precise biological boundary."}},{"type":"Feature","geometry":{"type":"LineString","coordinates":[[-107.3608,40.6796],[-107.3632,40.6774]]},"properties":{"source_id":"co_named_stream_105354","name":"Dry Fork Little Bear Creek","display_name":"Dry Fork Little Bear Creek","mapped_name":"Dry Fork Little Bear Creek","source_name":"Dry Fork Little Bear Creek","state":"CO","atlas_class":"named_natural_stream","huc8":"14050001","huc8Name":"Upper Yampa","huc8States":"CO","lineageKey":"greenRiverBlue","lineage":"greenRiverBlue","historic":"greenRiverBlue","current":"greenRiverBlue","recovery":"recoveryWatch","lineageLabel":"Green River / blue-lineage CT","lineageBasin":"Upper Yampa","lineageNote":"Yampa blue-lineage context","atlas_context":"cutthroat_lineage_context","confidence":"Watershed-level lineage context; expert review recommended","geometryStatus":"Named natural stream segment from statewide hydrography","note":"This named natural stream falls within a HUC8 assigned to a cutthroat lineage context.","source_segment_id":"co_named_stream_105354","water_id":"co_dry_fork_little_bear_creek_14050001_greenRiverBlue_001","occurrence_id":"co_dry_fork_little_bear_creek_14050001_greenRiverBlue_001","occurrence_number":"001","segment_count":28,"disambiguator":"Upper Yampa · Green River / blue-lineage CT · occurrence 001","basin":"Upper Yampa","atlas_layer":"named_water_occurrence","object_role":"named_water_occurrence","historic_label":"Green River / blue-lineage CT","current_label":"Green River / blue-lineage CT","recovery_label":"Recovery watch / review area","tier":"tier2","minZoom":12,"confidence_public":"Watershed-level lineage context; expert review recommended","geometry_status_public":"Named natural stream occurrence from statewide hydrography","geometry_source_public":"Grouped public hydrography segments","trout_source_public":"Compiled public recovery and lineage context; expert review recommended","public_notes":"Dry Fork Little Bear Creek is shown as a named-water occurrence within watershed-level cutthroat lineage context. This is not a precise biological boundary."}},{"type":"Feature","geometry":{"type":"LineString","coordinates":[[-107.3593,40.7174],[-107.3594,40.7171]]},"properties":{"source_id":"co_named_stream_105355","name":"Dry Fork Little Bear Creek","display_name":"Dry Fork Little Bear Creek","mapped_name":"Dry Fork Little Bear Creek","source_name":"Dry Fork Little Bear Creek","state":"CO","atlas_class":"named_natural_stream","huc8":"14050001","huc8Name":"Upper Yampa","huc8States":"CO","lineageKey":"greenRiverBlue","lineage":"greenRiverBlue","historic":"greenRiverBlue","current":"greenRiverBlue","recovery":"recoveryWatch","lineageLabel":"Green River / blue-lineage CT","lineageBasin":"Upper Yampa","lineageNote":"Yampa blue-lineage context","atlas_context":"cutthroat_lineage_context","confidence":"Watershed-level lineage context; expert review recommended","geometryStatus":"Named natural stream segment from statewide hydrography","note":"This named natural stream falls within a HUC8 assigned to a cutthroat lineage context.","source_segment_id":"co_named_stream_105355","water_id":"co_dry_fork_little_bear_creek_14050001_greenRiverBlue_001","occurrence_id":"co_dry_fork_little_bear_creek_14050001_greenRiverBlue_001","occurrence_number":"001","segment_count":28,"disambiguator":"Upper Yampa · Green River / blue-lineage CT · occurrence 001","basin":"Upper Yampa","atlas_layer":"named_water_occurrence","object_role":"named_water_occurrence","historic_label":"Green River / blue-lineage CT","current_label":"Green River / blue-lineage CT","recovery_label":"Recovery watch / review area","tier":"tier2","minZoom":12,"confidence_public":"Watershed-level lineage context; expert review recommended","geometry_status_public":"Named natural stream occurrence from statewide hydrography","geometry_source_public":"Grouped public hydrography segments","trout_source_public":"Compiled public recovery and lineage context; expert review recommended","public_notes":"Dry Fork Little Bear Creek is shown as a named-water occurrence within watershed-level cutthroat lineage context. This is not a precise biological boundary."}},{"type":"Feature","geometry":{"type":"LineString","coordinates":[[-107.3632,40.6774],[-107.3637,40.676],[-107.3696,40.6747],[-107.3705,40.6733],[-107.3724,40.6732],[-107.3725,40.6721]]},"properties":{"source_id":"co_named_stream_105358","name":"Dry Fork Little Bear Creek","display_name":"Dry Fork Little Bear Creek","mapped_name":"Dry Fork Little Bear Creek","source_name":"Dry Fork Little Bear Creek","state":"CO","atlas_class":"named_natural_stream","huc8":"14050001","huc8Name":"Upper Yampa","huc8States":"CO","lineageKey":"greenRiverBlue","lineage":"greenRiverBlue","historic":"greenRiverBlue","current":"greenRiverBlue","recovery":"recoveryWatch","lineageLabel":"Green River / blue-lineage CT","lineageBasin":"Upper Yampa","lineageNote":"Yampa blue-lineage context","atlas_context":"cutthroat_lineage_context","confidence":"Watershed-level lineage context; expert review recommended","geometryStatus":"Named natural stream segment from statewide hydrography","note":"This named natural stream falls within a HUC8 assigned to a cutthroat lineage context.","source_segment_id":"co_named_stream_105358","water_id":"co_dry_fork_little_bear_creek_14050001_greenRiverBlue_001","occurrence_id":"co_dry_fork_little_bear_creek_14050001_greenRiverBlue_001","occurrence_number":"001","segment_count":28,"disambiguator":"Upper Yampa · Green River / blue-lineage CT · occurrence 001","basin":"Upper Yampa","atlas_layer":"named_water_occurrence","object_role":"named_water_occurrence","historic_label":"Green River / blue-lineage CT","current_label":"Green River / blue-lineage CT","recovery_label":"Recovery watch / review area","tier":"tier2","minZoom":12,"confidence_public":"Watershed-level lineage context; expert review recommended","geometry_status_public":"Named natural stream occurrence from statewide hydrography","geometry_source_public":"Grouped public hydrography segments","trout_source_public":"Compiled public recovery and lineage context; expert review recommended","public_notes":"Dry Fork Little Bear Creek is shown as a named-water occurrence within watershed-level cutthroat lineage context. This is not a precise biological boundary."}},{"type":"Feature","geometry":{"type":"LineString","coordinates":[[-107.3616,40.7117],[-107.3625,40.7083],[-107.3619,40.7068]]},"properties":{"source_id":"co_named_stream_105359","name":"Dry Fork Little Bear Creek","display_name":"Dry Fork Little Bear Creek","mapped_name":"Dry Fork Little Bear Creek","source_name":"Dry Fork Little Bear Creek","state":"CO","atlas_class":"named_natural_stream","huc8":"14050001","huc8Name":"Upper Yampa","huc8States":"CO","lineageKey":"greenRiverBlue","lineage":"greenRiverBlue","historic":"greenRiverBlue","current":"greenRiverBlue","recovery":"recoveryWatch","lineageLabel":"Green River / blue-lineage CT","lineageBasin":"Upper Yampa","lineageNote":"Yampa blue-lineage context","atlas_context":"cutthroat_lineage_context","confidence":"Watershed-level lineage context; expert review recommended","geometryStatus":"Named natural stream segment from statewide hydrography","note":"This named natural stream falls within a HUC8 assigned to a cutthroat lineage context.","source_segment_id":"co_named_stream_105359","water_id":"co_dry_fork_little_bear_creek_14050001_greenRiverBlue_001","occurrence_id":"co_dry_fork_little_bear_creek_14050001_greenRiverBlue_001","occurrence_number":"001","segment_count":28,"disambiguator":"Upper Yampa · Green River / blue-lineage CT · occurrence 001","basin":"Upper Yampa","atlas_layer":"named_water_occurrence","object_role":"named_water_occurrence","historic_label":"Green River / blue-lineage CT","current_label":"Green River / blue-lineage CT","recovery_label":"Recovery watch / review area","tier":"tier2","minZoom":12,"confidence_public":"Watershed-level lineage context; expert review recommended","geometry_status_public":"Named natural stream occurrence from statewide hydrography","geometry_source_public":"Grouped public hydrography segments","trout_source_public":"Compiled public recovery and lineage context; expert review recommended","public_notes":"Dry Fork Little Bear Creek is shown as a named-water occurrence within watershed-level cutthroat lineage context. This is not a precise biological boundary."}},{"type":"Feature","geometry":{"type":"LineString","coordinates":[[-107.3392,40.7423],[-107.3395,40.7393],[-107.3419,40.7371],[-107.3449,40.7322],[-107.3494,40.7297],[-107.3518,40.7266],[-107.3543,40.7206],[-107.3567,40.7187]]},"properties":{"source_id":"co_named_stream_105594","name":"Dry Fork Little Bear Creek","display_name":"Dry Fork Little Bear Creek","mapped_name":"Dry Fork Little Bear Creek","source_name":"Dry Fork Little Bear Creek","state":"CO","atlas_class":"named_natural_stream","huc8":"14050001","huc8Name":"Upper Yampa","huc8States":"CO","lineageKey":"greenRiverBlue","lineage":"greenRiverBlue","historic":"greenRiverBlue","current":"greenRiverBlue","recovery":"recoveryWatch","lineageLabel":"Green River / blue-lineage CT","lineageBasin":"Upper Yampa","lineageNote":"Yampa blue-lineage context","atlas_context":"cutthroat_lineage_context","confidence":"Watershed-level lineage context; expert review recommended","geometryStatus":"Named natural stream segment from statewide hydrography","note":"This named natural stream falls within a HUC8 assigned to a cutthroat lineage context.","source_segment_id":"co_named_stream_105594","water_id":"co_dry_fork_little_bear_creek_14050001_greenRiverBlue_001","occurrence_id":"co_dry_fork_little_bear_creek_14050001_greenRiverBlue_001","occurrence_number":"001","segment_count":28,"disambiguator":"Upper Yampa · Green River / blue-lineage CT · occurrence 001","basin":"Upper Yampa","atlas_layer":"named_water_occurrence","object_role":"named_water_occurrence","historic_label":"Green River / blue-lineage CT","current_label":"Green River / blue-lineage CT","recovery_label":"Recovery watch / review area","tier":"tier2","minZoom":12,"confidence_public":"Watershed-level lineage context; expert review recommended","geometry_status_public":"Named natural stream occurrence from statewide hydrography","geometry_source_public":"Grouped public hydrography segments","trout_source_public":"Compiled public recovery and lineage context; expert review recommended","public_notes":"Dry Fork Little Bear Creek is shown as a named-water occurrence within watershed-level cutthroat lineage context. This is not a precise biological boundary."}},{"type":"Feature","geometry":{"type":"LineString","coordinates":[[-107.3403,40.7565],[-107.3398,40.7545],[-107.3413,40.7502],[-107.3389,40.7469]]},"properties":{"source_id":"co_named_stream_105599","name":"Dry Fork Little Bear Creek","display_name":"Dry Fork Little Bear Creek","mapped_name":"Dry Fork Little Bear Creek","source_name":"Dry Fork Little Bear Creek","state":"CO","atlas_class":"named_natural_stream","huc8":"14050001","huc8Name":"Upper Yampa","huc8States":"CO","lineageKey":"greenRiverBlue","lineage":"greenRiverBlue","historic":"greenRiverBlue","current":"greenRiverBlue","recovery":"recoveryWatch","lineageLabel":"Green River / blue-lineage CT","lineageBasin":"Upper Yampa","lineageNote":"Yampa blue-lineage context","atlas_context":"cutthroat_lineage_context","confidence":"Watershed-level lineage context; expert review recommended","geometryStatus":"Named natural stream segment from statewide hydrography","note":"This named natural stream falls within a HUC8 assigned to a cutthroat lineage context.","source_segment_id":"co_named_stream_105599","water_id":"co_dry_fork_little_bear_creek_14050001_greenRiverBlue_001","occurrence_id":"co_dry_fork_little_bear_creek_14050001_greenRiverBlue_001","occurrence_number":"001","segment_count":28,"disambiguator":"Upper Yampa · Green River / blue-lineage CT · occurrence 001","basin":"Upper Yampa","atlas_layer":"named_water_occurrence","object_role":"named_water_occurrence","historic_label":"Green River / blue-lineage CT","current_label":"Green River / blue-lineage CT","recovery_label":"Recovery watch / review area","tier":"tier2","minZoom":12,"confidence_public":"Watershed-level lineage context; expert review recommended","geometry_status_public":"Named natural stream occurrence from statewide hydrography","geometry_source_public":"Grouped public hydrography segments","trout_source_public":"Compiled public recovery and lineage context; expert review recommended","public_notes":"Dry Fork Little Bear Creek is shown as a named-water occurrence within watershed-level cutthroat lineage context. This is not a precise biological boundary."}},{"type":"Feature","geometry":{"type":"LineString","coordinates":[[-107.3389,40.7469],[-107.3392,40.7423]]},"properties":{"source_id":"co_named_stream_105602","name":"Dry Fork Little Bear Creek","display_name":"Dry Fork Little Bear Creek","mapped_name":"Dry Fork Little Bear Creek","source_name":"Dry Fork Little Bear Creek","state":"CO","atlas_class":"named_natural_stream","huc8":"14050001","huc8Name":"Upper Yampa","huc8States":"CO","lineageKey":"greenRiverBlue","lineage":"greenRiverBlue","historic":"greenRiverBlue","current":"greenRiverBlue","recovery":"recoveryWatch","lineageLabel":"Green River / blue-lineage CT","lineageBasin":"Upper Yampa","lineageNote":"Yampa blue-lineage context","atlas_context":"cutthroat_lineage_context","confidence":"Watershed-level lineage context; expert review recommended","geometryStatus":"Named natural stream segment from statewide hydrography","note":"This named natural stream falls within a HUC8 assigned to a cutthroat lineage context.","source_segment_id":"co_named_stream_105602","water_id":"co_dry_fork_little_bear_creek_14050001_greenRiverBlue_001","occurrence_id":"co_dry_fork_little_bear_creek_14050001_greenRiverBlue_001","occurrence_number":"001","segment_count":28,"disambiguator":"Upper Yampa · Green River / blue-lineage CT · occurrence 001","basin":"Upper Yampa","atlas_layer":"named_water_occurrence","object_role":"named_water_occurrence","historic_label":"Green River / blue-lineage CT","current_label":"Green River / blue-lineage CT","recovery_label":"Recovery watch / review area","tier":"tier2","minZoom":12,"confidence_public":"Watershed-level lineage context; expert review recommended","geometry_status_public":"Named natural stream occurrence from statewide hydrography","geometry_source_public":"Grouped public hydrography segments","trout_source_public":"Compiled public recovery and lineage context; expert review recommended","public_notes":"Dry Fork Little Bear Creek is shown as a named-water occurrence within watershed-level cutthroat lineage context. This is not a precise biological boundary."}},{"type":"Feature","geometry":{"type":"LineString","coordinates":[[-107.3475,40.6992],[-107.3459,40.6965],[-107.3484,40.6895]]},"properties":{"source_id":"co_named_stream_105760","name":"Dry Fork Little Bear Creek","display_name":"Dry Fork Little Bear Creek","mapped_name":"Dry Fork Little Bear Creek","source_name":"Dry Fork Little Bear Creek","state":"CO","atlas_class":"named_natural_stream","huc8":"14050001","huc8Name":"Upper Yampa","huc8States":"CO","lineageKey":"greenRiverBlue","lineage":"greenRiverBlue","historic":"greenRiverBlue","current":"greenRiverBlue","recovery":"recoveryWatch","lineageLabel":"Green River / blue-lineage CT","lineageBasin":"Upper Yampa","lineageNote":"Yampa blue-lineage context","atlas_context":"cutthroat_lineage_context","confidence":"Watershed-level lineage context; expert review recommended","geometryStatus":"Named natural stream segment from statewide hydrography","note":"This named natural stream falls within a HUC8 assigned to a cutthroat lineage context.","source_segment_id":"co_named_stream_105760","water_id":"co_dry_fork_little_bear_creek_14050001_greenRiverBlue_001","occurrence_id":"co_dry_fork_little_bear_creek_14050001_greenRiverBlue_001","occurrence_number":"001","segment_count":28,"disambiguator":"Upper Yampa · Green River / blue-lineage CT · occurrence 001","basin":"Upper Yampa","atlas_layer":"named_water_occurrence","object_role":"named_water_occurrence","historic_label":"Green River / blue-lineage CT","current_label":"Green River / blue-lineage CT","recovery_label":"Recovery watch / review area","tier":"tier2","minZoom":12,"confidence_public":"Watershed-level lineage context; expert review recommended","geometry_status_public":"Named natural stream occurrence from statewide hydrography","geometry_source_public":"Grouped public hydrography segments","trout_source_public":"Compiled public recovery and lineage context; expert review recommended","public_notes":"Dry Fork Little Bear Creek is shown as a named-water occurrence within watershed-level cutthroat lineage context. This is not a precise biological boundary."}},{"type":"Feature","geometry":{"type":"LineString","coordinates":[[-107.4508,40.6446],[-107.4519,40.6433],[-107.4508,40.6417]]},"properties":{"source_id":"co_named_stream_104143","name":"Little Bear Creek","display_name":"Little Bear Creek","mapped_name":"Little Bear Creek","source_name":"Little Bear Creek","state":"CO","atlas_class":"named_natural_stream","huc8":"14050001","huc8Name":"Upper Yampa","huc8States":"CO","lineageKey":"greenRiverBlue","lineage":"greenRiverBlue","historic":"greenRiverBlue","current":"greenRiverBlue","recovery":"recoveryWatch","lineageLabel":"Green River / blue-lineage CT","lineageBasin":"Upper Yampa","lineageNote":"Yampa blue-lineage context","atlas_context":"cutthroat_lineage_context","confidence":"Watershed-level lineage context; expert review recommended","geometryStatus":"Named natural stream segment from statewide hydrography","note":"This named natural stream falls within a HUC8 assigned to a cutthroat lineage context.","source_segment_id":"co_named_stream_104143","water_id":"co_little_bear_creek_14050001_greenRiverBlue_001","occurrence_id":"co_little_bear_creek_14050001_greenRiverBlue_001","occurrence_number":"001","segment_count":41,"disambiguator":"Upper Yampa · Green River / blue-lineage CT · occurrence 001","basin":"Upper Yampa","atlas_layer":"named_water_occurrence","object_role":"named_water_occurrence","historic_label":"Green River / blue-lineage CT","current_label":"Green River / blue-lineage CT","recovery_label":"Recovery watch / review area","tier":"tier2","minZoom":12,"confidence_public":"Watershed-level lineage context; expert review recommended","geometry_status_public":"Named natural stream occurrence from statewide hydrography","geometry_source_public":"Grouped public hydrography segments","trout_source_public":"Compiled public recovery and lineage context; expert review recommended","public_notes":"Little Bear Creek is shown as a named-water occurrence within watershed-level cutthroat lineage context. This is not a precise biological boundary."}},{"type":"Feature","geometry":{"type":"LineString","coordinates":[[-107.435,40.6571],[-107.436,40.6564],[-107.4361,40.6554],[-107.4349,40.6549],[-107.4354,40.6534],[-107.437,40.6528]]},"properties":{"source_id":"co_named_stream_104144","name":"Little Bear Creek","display_name":"Little Bear Creek","mapped_name":"Little Bear Creek","source_name":"Little Bear Creek","state":"CO","atlas_class":"named_natural_stream","huc8":"14050001","huc8Name":"Upper Yampa","huc8States":"CO","lineageKey":"greenRiverBlue","lineage":"greenRiverBlue","historic":"greenRiverBlue","current":"greenRiverBlue","recovery":"recoveryWatch","lineageLabel":"Green River / blue-lineage CT","lineageBasin":"Upper Yampa","lineageNote":"Yampa blue-lineage context","atlas_context":"cutthroat_lineage_context","confidence":"Watershed-level lineage context; expert review recommended","geometryStatus":"Named natural stream segment from statewide hydrography","note":"This named natural stream falls within a HUC8 assigned to a cutthroat lineage context.","source_segment_id":"co_named_stream_104144","water_id":"co_little_bear_creek_14050001_greenRiverBlue_001","occurrence_id":"co_little_bear_creek_14050001_greenRiverBlue_001","occurrence_number":"001","segment_count":41,"disambiguator":"Upper Yampa · Green River / blue-lineage CT · occurrence 001","basin":"Upper Yampa","atlas_layer":"named_water_occurrence","object_role":"named_water_occurrence","historic_label":"Green River / blue-lineage CT","current_label":"Green River / blue-lineage CT","recovery_label":"Recovery watch / review area","tier":"tier2","minZoom":12,"confidence_public":"Watershed-level lineage context; expert review recommended","geometry_status_public":"Named natural stream occurrence from statewide hydrography","geometry_source_public":"Grouped public hydrography segments","trout_source_public":"Compiled public recovery and lineage context; expert review recommended","public_notes":"Little Bear Creek is shown as a named-water occurrence within watershed-level cutthroat lineage context. This is not a precise biological boundary."}},{"type":"Feature","geometry":{"type":"LineString","coordinates":[[-107.4403,40.663],[-107.4414,40.6619],[-107.4398,40.6605]]},"properties":{"source_id":"co_named_stream_104146","name":"Little Bear Creek","display_name":"Little Bear Creek","mapped_name":"Little Bear Creek","source_name":"Little Bear Creek","state":"CO","atlas_class":"named_natural_stream","huc8":"14050001","huc8Name":"Upper Yampa","huc8States":"CO","lineageKey":"greenRiverBlue","lineage":"greenRiverBlue","historic":"greenRiverBlue","current":"greenRiverBlue","recovery":"recoveryWatch","lineageLabel":"Green River / blue-lineage CT","lineageBasin":"Upper Yampa","lineageNote":"Yampa blue-lineage context","atlas_context":"cutthroat_lineage_context","confidence":"Watershed-level lineage context; expert review recommended","geometryStatus":"Named natural stream segment from statewide hydrography","note":"This named natural stream falls within a HUC8 assigned to a cutthroat lineage context.","source_segment_id":"co_named_stream_104146","water_id":"co_little_bear_creek_14050001_greenRiverBlue_001","occurrence_id":"co_little_bear_creek_14050001_greenRiverBlue_001","occurrence_number":"001","segment_count":41,"disambiguator":"Upper Yampa · Green River / blue-lineage CT · occurrence 001","basin":"Upper Yampa","atlas_layer":"named_water_occurrence","object_role":"named_water_occurrence","historic_label":"Green River / blue-lineage CT","current_label":"Green River / blue-lineage CT","recovery_label":"Recovery watch / review area","tier":"tier2","minZoom":12,"confidence_public":"Watershed-level lineage context; expert review recommended","geometry_status_public":"Named natural stream occurrence from statewide hydrography","geometry_source_public":"Grouped public hydrography segments","trout_source_public":"Compiled public recovery and lineage context; expert review recommended","public_notes":"Little Bear Creek is shown as a named-water occurrence within watershed-level cutthroat lineage context. This is not a precise biological boundary."}},{"type":"Feature","geometry":{"type":"LineString","coordinates":[[-107.4429,40.6451],[-107.4425,40.645]]},"properties":{"source_id":"co_named_stream_104150","name":"Little Bear Creek","display_name":"Little Bear Creek","mapped_name":"Little Bear Creek","source_name":"Little Bear Creek","state":"CO","atlas_class":"named_natural_stream","huc8":"14050001","huc8Name":"Upper Yampa","huc8States":"CO","lineageKey":"greenRiverBlue","lineage":"greenRiverBlue","historic":"greenRiverBlue","current":"greenRiverBlue","recovery":"recoveryWatch","lineageLabel":"Green River / blue-lineage CT","lineageBasin":"Upper Yampa","lineageNote":"Yampa blue-lineage context","atlas_context":"cutthroat_lineage_context","confidence":"Watershed-level lineage context; expert review recommended","geometryStatus":"Named natural stream segment from statewide hydrography","note":"This named natural stream falls within a HUC8 assigned to a cutthroat lineage context.","source_segment_id":"co_named_stream_104150","water_id":"co_little_bear_creek_14050001_greenRiverBlue_001","occurrence_id":"co_little_bear_creek_14050001_greenRiverBlue_001","occurrence_number":"001","segment_count":41,"disambiguator":"Upper Yampa · Green River / blue-lineage CT · occurrence 001","basin":"Upper Yampa","atlas_layer":"named_water_occurrence","object_role":"named_water_occurrence","historic_label":"Green River / blue-lineage CT","current_label":"Green River / blue-lineage CT","recovery_label":"Recovery watch / review area","tier":"tier2","minZoom":12,"confidence_public":"Watershed-level lineage context; expert review recommended","geometry_status_public":"Named natural stream occurrence from statewide hydrography","geometry_source_public":"Grouped public hydrography segments","trout_source_public":"Compiled public recovery and lineage context; expert review recommended","public_notes":"Little Bear Creek is shown as a named-water occurrence within watershed-level cutthroat lineage context. This is not a precise biological boundary."}},{"type":"Feature","geometry":{"type":"LineString","coordinates":[[-107.4369,40.6685],[-107.4377,40.6658]]},"properties":{"source_id":"co_named_stream_104151","name":"Little Bear Creek","display_name":"Little Bear Creek","mapped_name":"Little Bear Creek","source_name":"Little Bear Creek","state":"CO","atlas_class":"named_natural_stream","huc8":"14050001","huc8Name":"Upper Yampa","huc8States":"CO","lineageKey":"greenRiverBlue","lineage":"greenRiverBlue","historic":"greenRiverBlue","current":"greenRiverBlue","recovery":"recoveryWatch","lineageLabel":"Green River / blue-lineage CT","lineageBasin":"Upper Yampa","lineageNote":"Yampa blue-lineage context","atlas_context":"cutthroat_lineage_context","confidence":"Watershed-level lineage context; expert review recommended","geometryStatus":"Named natural stream segment from statewide hydrography","note":"This named natural stream falls within a HUC8 assigned to a cutthroat lineage context.","source_segment_id":"co_named_stream_104151","water_id":"co_little_bear_creek_14050001_greenRiverBlue_001","occurrence_id":"co_little_bear_creek_14050001_greenRiverBlue_001","occurrence_number":"001","segment_count":41,"disambiguator":"Upper Yampa · Green River / blue-lineage CT · occurrence 001","basin":"Upper Yampa","atlas_layer":"named_water_occurrence","object_role":"named_water_occurrence","historic_label":"Green River / blue-lineage CT","current_label":"Green River / blue-lineage CT","recovery_label":"Recovery watch / review area","tier":"tier2","minZoom":12,"confidence_public":"Watershed-level lineage context; expert review recommended","geometry_status_public":"Named natural stream occurrence from statewide hydrography","geometry_source_public":"Grouped public hydrography segments","trout_source_public":"Compiled public recovery and lineage context; expert review recommended","public_notes":"Little Bear Creek is shown as a named-water occurrence within watershed-level cutthroat lineage context. This is not a precise biological boundary."}},{"type":"Feature","geometry":{"type":"LineString","coordinates":[[-107.4465,40.6447],[-107.4486,40.645],[-107.4477,40.644],[-107.4492,40.6437],[-107.4505,40.6444],[-107.4496,40.6448],[-107.4508,40.6446]]},"properties":{"source_id":"co_named_stream_104155","name":"Little Bear Creek","display_name":"Little Bear Creek","mapped_name":"Little Bear Creek","source_name":"Little Bear Creek","state":"CO","atlas_class":"named_natural_stream","huc8":"14050001","huc8Name":"Upper Yampa","huc8States":"CO","lineageKey":"greenRiverBlue","lineage":"greenRiverBlue","historic":"greenRiverBlue","current":"greenRiverBlue","recovery":"recoveryWatch","lineageLabel":"Green River / blue-lineage CT","lineageBasin":"Upper Yampa","lineageNote":"Yampa blue-lineage context","atlas_context":"cutthroat_lineage_context","confidence":"Watershed-level lineage context; expert review recommended","geometryStatus":"Named natural stream segment from statewide hydrography","note":"This named natural stream falls within a HUC8 assigned to a cutthroat lineage context.","source_segment_id":"co_named_stream_104155","water_id":"co_little_bear_creek_14050001_greenRiverBlue_001","occurrence_id":"co_little_bear_creek_14050001_greenRiverBlue_001","occurrence_number":"001","segment_count":41,"disambiguator":"Upper Yampa · Green River / blue-lineage CT · occurrence 001","basin":"Upper Yampa","atlas_layer":"named_water_occurrence","object_role":"named_water_occurrence","historic_label":"Green River / blue-lineage CT","current_label":"Green River / blue-lineage CT","recovery_label":"Recovery watch / review area","tier":"tier2","minZoom":12,"confidence_public":"Watershed-level lineage context; expert review recommended","geometry_status_public":"Named natural stream occurrence from statewide hydrography","geometry_source_public":"Grouped public hydrography segments","trout_source_public":"Compiled public recovery and lineage context; expert review recommended","public_notes":"Little Bear Creek is shown as a named-water occurrence within watershed-level cutthroat lineage context. This is not a precise biological boundary."}},{"type":"Feature","geometry":{"type":"LineString","coordinates":[[-107.437,40.6528],[-107.4373,40.6523]]},"properties":{"source_id":"co_named_stream_104156","name":"Little Bear Creek","display_name":"Little Bear Creek","mapped_name":"Little Bear Creek","source_name":"Little Bear Creek","state":"CO","atlas_class":"named_natural_stream","huc8":"14050001","huc8Name":"Upper Yampa","huc8States":"CO","lineageKey":"greenRiverBlue","lineage":"greenRiverBlue","historic":"greenRiverBlue","current":"greenRiverBlue","recovery":"recoveryWatch","lineageLabel":"Green River / blue-lineage CT","lineageBasin":"Upper Yampa","lineageNote":"Yampa blue-lineage context","atlas_context":"cutthroat_lineage_context","confidence":"Watershed-level lineage context; expert review recommended","geometryStatus":"Named natural stream segment from statewide hydrography","note":"This named natural stream falls within a HUC8 assigned to a cutthroat lineage context.","source_segment_id":"co_named_stream_104156","water_id":"co_little_bear_creek_14050001_greenRiverBlue_001","occurrence_id":"co_little_bear_creek_14050001_greenRiverBlue_001","occurrence_number":"001","segment_count":41,"disambiguator":"Upper Yampa · Green River / blue-lineage CT · occurrence 001","basin":"Upper Yampa","atlas_layer":"named_water_occurrence","object_role":"named_water_occurrence","historic_label":"Green River / blue-lineage CT","current_label":"Green River / blue-lineage CT","recovery_label":"Recovery watch / review area","tier":"tier2","minZoom":12,"confidence_public":"Watershed-level lineage context; expert review recommended","geometry_status_public":"Named natural stream occurrence from statewide hydrography","geometry_source_public":"Grouped public hydrography segments","trout_source_public":"Compiled public recovery and lineage context; expert review recommended","public_notes":"Little Bear Creek is shown as a named-water occurrence within watershed-level cutthroat lineage context. This is not a precise biological boundary."}},{"type":"Feature","geometry":{"type":"LineString","coordinates":[[-107.4398,40.6605],[-107.4389,40.6601],[-107.4393,40.6595],[-107.4366,40.6589],[-107.4371,40.6584],[-107.435,40.6571]]},"properties":{"source_id":"co_named_stream_104157","name":"Little Bear Creek","display_name":"Little Bear Creek","mapped_name":"Little Bear Creek","source_name":"Little Bear Creek","state":"CO","atlas_class":"named_natural_stream","huc8":"14050001","huc8Name":"Upper Yampa","huc8States":"CO","lineageKey":"greenRiverBlue","lineage":"greenRiverBlue","historic":"greenRiverBlue","current":"greenRiverBlue","recovery":"recoveryWatch","lineageLabel":"Green River / blue-lineage CT","lineageBasin":"Upper Yampa","lineageNote":"Yampa blue-lineage context","atlas_context":"cutthroat_lineage_context","confidence":"Watershed-level lineage context; expert review recommended","geometryStatus":"Named natural stream segment from statewide hydrography","note":"This named natural stream falls within a HUC8 assigned to a cutthroat lineage context.","source_segment_id":"co_named_stream_104157","water_id":"co_little_bear_creek_14050001_greenRiverBlue_001","occurrence_id":"co_little_bear_creek_14050001_greenRiverBlue_001","occurrence_number":"001","segment_count":41,"disambiguator":"Upper Yampa · Green River / blue-lineage CT · occurrence 001","basin":"Upper Yampa","atlas_layer":"named_water_occurrence","object_role":"named_water_occurrence","historic_label":"Green River / blue-lineage CT","current_label":"Green River / blue-lineage CT","recovery_label":"Recovery watch / review area","tier":"tier2","minZoom":12,"confidence_public":"Watershed-level lineage context; expert review recommended","geometry_status_public":"Named natural stream occurrence from statewide hydrography","geometry_source_public":"Grouped public hydrography segments","trout_source_public":"Compiled public recovery and lineage context; expert review recommended","public_notes":"Little Bear Creek is shown as a named-water occurrence within watershed-level cutthroat lineage context. This is not a precise biological boundary."}},{"type":"Feature","geometry":{"type":"LineString","coordinates":[[-107.4516,40.6404],[-107.4534,40.6403],[-107.4526,40.6397],[-107.4532,40.6394],[-107.4547,40.6398],[-107.454,40.6387],[-107.4557,40.6386],[-107.4545,40.6356]]},"properties":{"source_id":"co_named_stream_104158","name":"Little Bear Creek","display_name":"Little Bear Creek","mapped_name":"Little Bear Creek","source_name":"Little Bear Creek","state":"CO","atlas_class":"named_natural_stream","huc8":"14050001","huc8Name":"Upper Yampa","huc8States":"CO","lineageKey":"greenRiverBlue","lineage":"greenRiverBlue","historic":"greenRiverBlue","current":"greenRiverBlue","recovery":"recoveryWatch","lineageLabel":"Green River / blue-lineage CT","lineageBasin":"Upper Yampa","lineageNote":"Yampa blue-lineage context","atlas_context":"cutthroat_lineage_context","confidence":"Watershed-level lineage context; expert review recommended","geometryStatus":"Named natural stream segment from statewide hydrography","note":"This named natural stream falls within a HUC8 assigned to a cutthroat lineage context.","source_segment_id":"co_named_stream_104158","water_id":"co_little_bear_creek_14050001_greenRiverBlue_001","occurrence_id":"co_little_bear_creek_14050001_greenRiverBlue_001","occurrence_number":"001","segment_count":41,"disambiguator":"Upper Yampa · Green River / blue-lineage CT · occurrence 001","basin":"Upper Yampa","atlas_layer":"named_water_occurrence","object_role":"named_water_occurrence","historic_label":"Green River / blue-lineage CT","current_label":"Green River / blue-lineage CT","recovery_label":"Recovery watch / review area","tier":"tier2","minZoom":12,"confidence_public":"Watershed-level lineage context; expert review recommended","geometry_status_public":"Named natural stream occurrence from statewide hydrography","geometry_source_public":"Grouped public hydrography segments","trout_source_public":"Compiled public recovery and lineage context; expert review recommended","public_notes":"Little Bear Creek is shown as a named-water occurrence within watershed-level cutthroat lineage context. This is not a precise biological boundary."}},{"type":"Feature","geometry":{"type":"LineString","coordinates":[[-107.4545,40.6356],[-107.459,40.6348],[-107.4601,40.6353],[-107.4611,40.6343],[-107.4597,40.6344],[-107.4603,40.6331]]},"properties":{"source_id":"co_named_stream_104161","name":"Little Bear Creek","display_name":"Little Bear Creek","mapped_name":"Little Bear Creek","source_name":"Little Bear Creek","state":"CO","atlas_class":"named_natural_stream","huc8":"14050001","huc8Name":"Upper Yampa","huc8States":"CO","lineageKey":"greenRiverBlue","lineage":"greenRiverBlue","historic":"greenRiverBlue","current":"greenRiverBlue","recovery":"recoveryWatch","lineageLabel":"Green River / blue-lineage CT","lineageBasin":"Upper Yampa","lineageNote":"Yampa blue-lineage context","atlas_context":"cutthroat_lineage_context","confidence":"Watershed-level lineage context; expert review recommended","geometryStatus":"Named natural stream segment from statewide hydrography","note":"This named natural stream falls within a HUC8 assigned to a cutthroat lineage context.","source_segment_id":"co_named_stream_104161","water_id":"co_little_bear_creek_14050001_greenRiverBlue_001","occurrence_id":"co_little_bear_creek_14050001_greenRiverBlue_001","occurrence_number":"001","segment_count":41,"disambiguator":"Upper Yampa · Green River / blue-lineage CT · occurrence 001","basin":"Upper Yampa","atlas_layer":"named_water_occurrence","object_role":"named_water_occurrence","historic_label":"Green River / blue-lineage CT","current_label":"Green River / blue-lineage CT","recovery_label":"Recovery watch / review area","tier":"tier2","minZoom":12,"confidence_public":"Watershed-level lineage context; expert review recommended","geometry_status_public":"Named natural stream occurrence from statewide hydrography","geometry_source_public":"Grouped public hydrography segments","trout_source_public":"Compiled public recovery and lineage context; expert review recommended","public_notes":"Little Bear Creek is shown as a named-water occurrence within watershed-level cutthroat lineage context. This is not a precise biological boundary."}},{"type":"Feature","geometry":{"type":"LineString","coordinates":[[-107.4383,40.6462],[-107.4397,40.6455],[-107.4423,40.646]]},"properties":{"source_id":"co_named_stream_104166","name":"Little Bear Creek","display_name":"Little Bear Creek","mapped_name":"Little Bear Creek","source_name":"Little Bear Creek","state":"CO","atlas_class":"named_natural_stream","huc8":"14050001","huc8Name":"Upper Yampa","huc8States":"CO","lineageKey":"greenRiverBlue","lineage":"greenRiverBlue","historic":"greenRiverBlue","current":"greenRiverBlue","recovery":"recoveryWatch","lineageLabel":"Green River / blue-lineage CT","lineageBasin":"Upper Yampa","lineageNote":"Yampa blue-lineage context","atlas_context":"cutthroat_lineage_context","confidence":"Watershed-level lineage context; expert review recommended","geometryStatus":"Named natural stream segment from statewide hydrography","note":"This named natural stream falls within a HUC8 assigned to a cutthroat lineage context.","source_segment_id":"co_named_stream_104166","water_id":"co_little_bear_creek_14050001_greenRiverBlue_001","occurrence_id":"co_little_bear_creek_14050001_greenRiverBlue_001","occurrence_number":"001","segment_count":41,"disambiguator":"Upper Yampa · Green River / blue-lineage CT · occurrence 001","basin":"Upper Yampa","atlas_layer":"named_water_occurrence","object_role":"named_water_occurrence","historic_label":"Green River / blue-lineage CT","current_label":"Green River / blue-lineage CT","recovery_label":"Recovery watch / review area","tier":"tier2","minZoom":12,"confidence_public":"Watershed-level lineage context; expert review recommended","geometry_status_public":"Named natural stream occurrence from statewide hydrography","geometry_source_public":"Grouped public hydrography segments","trout_source_public":"Compiled public recovery and lineage context; expert review recommended","public_notes":"Little Bear Creek is shown as a named-water occurrence within watershed-level cutthroat lineage context. This is not a precise biological boundary."}},{"type":"Feature","geometry":{"type":"LineString","coordinates":[[-107.4377,40.6658],[-107.4409,40.6648],[-107.4403,40.663]]},"properties":{"source_id":"co_named_stream_104167","name":"Little Bear Creek","display_name":"Little Bear Creek","mapped_name":"Little Bear Creek","source_name":"Little Bear Creek","state":"CO","atlas_class":"named_natural_stream","huc8":"14050001","huc8Name":"Upper Yampa","huc8States":"CO","lineageKey":"greenRiverBlue","lineage":"greenRiverBlue","historic":"greenRiverBlue","current":"greenRiverBlue","recovery":"recoveryWatch","lineageLabel":"Green River / blue-lineage CT","lineageBasin":"Upper Yampa","lineageNote":"Yampa blue-lineage context","atlas_context":"cutthroat_lineage_context","confidence":"Watershed-level lineage context; expert review recommended","geometryStatus":"Named natural stream segment from statewide hydrography","note":"This named natural stream falls within a HUC8 assigned to a cutthroat lineage context.","source_segment_id":"co_named_stream_104167","water_id":"co_little_bear_creek_14050001_greenRiverBlue_001","occurrence_id":"co_little_bear_creek_14050001_greenRiverBlue_001","occurrence_number":"001","segment_count":41,"disambiguator":"Upper Yampa · Green River / blue-lineage CT · occurrence 001","basin":"Upper Yampa","atlas_layer":"named_water_occurrence","object_role":"named_water_occurrence","historic_label":"Green River / blue-lineage CT","current_label":"Green River / blue-lineage CT","recovery_label":"Recovery watch / review area","tier":"tier2","minZoom":12,"confidence_public":"Watershed-level lineage context; expert review recommended","geometry_status_public":"Named natural stream occurrence from statewide hydrography","geometry_source_public":"Grouped public hydrography segments","trout_source_public":"Compiled public recovery and lineage context; expert review recommended","public_notes":"Little Bear Creek is shown as a named-water occurrence within watershed-level cutthroat lineage context. This is not a precise biological boundary."}},{"type":"Feature","geometry":{"type":"LineString","coordinates":[[-107.4603,40.6331],[-107.4615,40.6331],[-107.4618,40.6323]]},"properties":{"source_id":"co_named_stream_104170","name":"Little Bear Creek","display_name":"Little Bear Creek","mapped_name":"Little Bear Creek","source_name":"Little Bear Creek","state":"CO","atlas_class":"named_natural_stream","huc8":"14050001","huc8Name":"Upper Yampa","huc8States":"CO","lineageKey":"greenRiverBlue","lineage":"greenRiverBlue","historic":"greenRiverBlue","current":"greenRiverBlue","recovery":"recoveryWatch","lineageLabel":"Green River / blue-lineage CT","lineageBasin":"Upper Yampa","lineageNote":"Yampa blue-lineage context","atlas_context":"cutthroat_lineage_context","confidence":"Watershed-level lineage context; expert review recommended","geometryStatus":"Named natural stream segment from statewide hydrography","note":"This named natural stream falls within a HUC8 assigned to a cutthroat lineage context.","source_segment_id":"co_named_stream_104170","water_id":"co_little_bear_creek_14050001_greenRiverBlue_001","occurrence_id":"co_little_bear_creek_14050001_greenRiverBlue_001","occurrence_number":"001","segment_count":41,"disambiguator":"Upper Yampa · Green River / blue-lineage CT · occurrence 001","basin":"Upper Yampa","atlas_layer":"named_water_occurrence","object_role":"named_water_occurrence","historic_label":"Green River / blue-lineage CT","current_label":"Green River / blue-lineage CT","recovery_label":"Recovery watch / review area","tier":"tier2","minZoom":12,"confidence_public":"Watershed-level lineage context; expert review recommended","geometry_status_public":"Named natural stream occurrence from statewide hydrography","geometry_source_public":"Grouped public hydrography segments","trout_source_public":"Compiled public recovery and lineage context; expert review recommended","public_notes":"Little Bear Creek is shown as a named-water occurrence within watershed-level cutthroat lineage context. This is not a precise biological boundary."}},{"type":"Feature","geometry":{"type":"LineString","coordinates":[[-107.4342,40.648],[-107.4341,40.6471],[-107.4355,40.6467],[-107.4366,40.6474],[-107.4369,40.6463],[-107.4383,40.6462]]},"properties":{"source_id":"co_named_stream_104172","name":"Little Bear Creek","display_name":"Little Bear Creek","mapped_name":"Little Bear Creek","source_name":"Little Bear Creek","state":"CO","atlas_class":"named_natural_stream","huc8":"14050001","huc8Name":"Upper Yampa","huc8States":"CO","lineageKey":"greenRiverBlue","lineage":"greenRiverBlue","historic":"greenRiverBlue","current":"greenRiverBlue","recovery":"recoveryWatch","lineageLabel":"Green River / blue-lineage CT","lineageBasin":"Upper Yampa","lineageNote":"Yampa blue-lineage context","atlas_context":"cutthroat_lineage_context","confidence":"Watershed-level lineage context; expert review recommended","geometryStatus":"Named natural stream segment from statewide hydrography","note":"This named natural stream falls within a HUC8 assigned to a cutthroat lineage context.","source_segment_id":"co_named_stream_104172","water_id":"co_little_bear_creek_14050001_greenRiverBlue_001","occurrence_id":"co_little_bear_creek_14050001_greenRiverBlue_001","occurrence_number":"001","segment_count":41,"disambiguator":"Upper Yampa · Green River / blue-lineage CT · occurrence 001","basin":"Upper Yampa","atlas_layer":"named_water_occurrence","object_role":"named_water_occurrence","historic_label":"Green River / blue-lineage CT","current_label":"Green River / blue-lineage CT","recovery_label":"Recovery watch / review area","tier":"tier2","minZoom":12,"confidence_public":"Watershed-level lineage context; expert review recommended","geometry_status_public":"Named natural stream occurrence from statewide hydrography","geometry_source_public":"Grouped public hydrography segments","trout_source_public":"Compiled public recovery and lineage context; expert review recommended","public_notes":"Little Bear Creek is shown as a named-water occurrence within watershed-level cutthroat lineage context. This is not a precise biological boundary."}},{"type":"Feature","geometry":{"type":"LineString","coordinates":[[-107.4423,40.646],[-107.4429,40.6451]]},"properties":{"source_id":"co_named_stream_104173","name":"Little Bear Creek","display_name":"Little Bear Creek","mapped_name":"Little Bear Creek","source_name":"Little Bear Creek","state":"CO","atlas_class":"named_natural_stream","huc8":"14050001","huc8Name":"Upper Yampa","huc8States":"CO","lineageKey":"greenRiverBlue","lineage":"greenRiverBlue","historic":"greenRiverBlue","current":"greenRiverBlue","recovery":"recoveryWatch","lineageLabel":"Green River / blue-lineage CT","lineageBasin":"Upper Yampa","lineageNote":"Yampa blue-lineage context","atlas_context":"cutthroat_lineage_context","confidence":"Watershed-level lineage context; expert review recommended","geometryStatus":"Named natural stream segment from statewide hydrography","note":"This named natural stream falls within a HUC8 assigned to a cutthroat lineage context.","source_segment_id":"co_named_stream_104173","water_id":"co_little_bear_creek_14050001_greenRiverBlue_001","occurrence_id":"co_little_bear_creek_14050001_greenRiverBlue_001","occurrence_number":"001","segment_count":41,"disambiguator":"Upper Yampa · Green River / blue-lineage CT · occurrence 001","basin":"Upper Yampa","atlas_layer":"named_water_occurrence","object_role":"named_water_occurrence","historic_label":"Green River / blue-lineage CT","current_label":"Green River / blue-lineage CT","recovery_label":"Recovery watch / review area","tier":"tier2","minZoom":12,"confidence_public":"Watershed-level lineage context; expert review recommended","geometry_status_public":"Named natural stream occurrence from statewide hydrography","geometry_source_public":"Grouped public hydrography segments","trout_source_public":"Compiled public recovery and lineage context; expert review recommended","public_notes":"Little Bear Creek is shown as a named-water occurrence within watershed-level cutthroat lineage context. This is not a precise biological boundary."}},{"type":"Feature","geometry":{"type":"LineString","coordinates":[[-107.4618,40.6323],[-107.4627,40.6335]]},"properties":{"source_id":"co_named_stream_104179","name":"Little Bear Creek","display_name":"Little Bear Creek","mapped_name":"Little Bear Creek","source_name":"Little Bear Creek","state":"CO","atlas_class":"named_natural_stream","huc8":"14050001","huc8Name":"Upper Yampa","huc8States":"CO","lineageKey":"greenRiverBlue","lineage":"greenRiverBlue","historic":"greenRiverBlue","current":"greenRiverBlue","recovery":"recoveryWatch","lineageLabel":"Green River / blue-lineage CT","lineageBasin":"Upper Yampa","lineageNote":"Yampa blue-lineage context","atlas_context":"cutthroat_lineage_context","confidence":"Watershed-level lineage context; expert review recommended","geometryStatus":"Named natural stream segment from statewide hydrography","note":"This named natural stream falls within a HUC8 assigned to a cutthroat lineage context.","source_segment_id":"co_named_stream_104179","water_id":"co_little_bear_creek_14050001_greenRiverBlue_001","occurrence_id":"co_little_bear_creek_14050001_greenRiverBlue_001","occurrence_number":"001","segment_count":41,"disambiguator":"Upper Yampa · Green River / blue-lineage CT · occurrence 001","basin":"Upper Yampa","atlas_layer":"named_water_occurrence","object_role":"named_water_occurrence","historic_label":"Green River / blue-lineage CT","current_label":"Green River / blue-lineage CT","recovery_label":"Recovery watch / review area","tier":"tier2","minZoom":12,"confidence_public":"Watershed-level lineage context; expert review recommended","geometry_status_public":"Named natural stream occurrence from statewide hydrography","geometry_source_public":"Grouped public hydrography segments","trout_source_public":"Compiled public recovery and lineage context; expert review recommended","public_notes":"Little Bear Creek is shown as a named-water occurrence within watershed-level cutthroat lineage context. This is not a precise biological boundary."}},{"type":"Feature","geometry":{"type":"LineString","coordinates":[[-107.4425,40.645],[-107.4434,40.6443],[-107.4455,40.6445],[-107.4457,40.6452],[-107.4465,40.6447]]},"properties":{"source_id":"co_named_stream_104180","name":"Little Bear Creek","display_name":"Little Bear Creek","mapped_name":"Little Bear Creek","source_name":"Little Bear Creek","state":"CO","atlas_class":"named_natural_stream","huc8":"14050001","huc8Name":"Upper Yampa","huc8States":"CO","lineageKey":"greenRiverBlue","lineage":"greenRiverBlue","historic":"greenRiverBlue","current":"greenRiverBlue","recovery":"recoveryWatch","lineageLabel":"Green River / blue-lineage CT","lineageBasin":"Upper Yampa","lineageNote":"Yampa blue-lineage context","atlas_context":"cutthroat_lineage_context","confidence":"Watershed-level lineage context; expert review recommended","geometryStatus":"Named natural stream segment from statewide hydrography","note":"This named natural stream falls within a HUC8 assigned to a cutthroat lineage context.","source_segment_id":"co_named_stream_104180","water_id":"co_little_bear_creek_14050001_greenRiverBlue_001","occurrence_id":"co_little_bear_creek_14050001_greenRiverBlue_001","occurrence_number":"001","segment_count":41,"disambiguator":"Upper Yampa · Green River / blue-lineage CT · occurrence 001","basin":"Upper Yampa","atlas_layer":"named_water_occurrence","object_role":"named_water_occurrence","historic_label":"Green River / blue-lineage CT","current_label":"Green River / blue-lineage CT","recovery_label":"Recovery watch / review area","tier":"tier2","minZoom":12,"confidence_public":"Watershed-level lineage context; expert review recommended","geometry_status_public":"Named natural stream occurrence from statewide hydrography","geometry_source_public":"Grouped public hydrography segments","trout_source_public":"Compiled public recovery and lineage context; expert review recommended","public_notes":"Little Bear Creek is shown as a named-water occurrence within watershed-level cutthroat lineage context. This is not a precise biological boundary."}},{"type":"Feature","geometry":{"type":"LineString","coordinates":[[-107.4508,40.6417],[-107.4516,40.6404]]},"properties":{"source_id":"co_named_stream_104181","name":"Little Bear Creek","display_name":"Little Bear Creek","mapped_name":"Little Bear Creek","source_name":"Little Bear Creek","state":"CO","atlas_class":"named_natural_stream","huc8":"14050001","huc8Name":"Upper Yampa","huc8States":"CO","lineageKey":"greenRiverBlue","lineage":"greenRiverBlue","historic":"greenRiverBlue","current":"greenRiverBlue","recovery":"recoveryWatch","lineageLabel":"Green River / blue-lineage CT","lineageBasin":"Upper Yampa","lineageNote":"Yampa blue-lineage context","atlas_context":"cutthroat_lineage_context","confidence":"Watershed-level lineage context; expert review recommended","geometryStatus":"Named natural stream segment from statewide hydrography","note":"This named natural stream falls within a HUC8 assigned to a cutthroat lineage context.","source_segment_id":"co_named_stream_104181","water_id":"co_little_bear_creek_14050001_greenRiverBlue_001","occurrence_id":"co_little_bear_creek_14050001_greenRiverBlue_001","occurrence_number":"001","segment_count":41,"disambiguator":"Upper Yampa · Green River / blue-lineage CT · occurrence 001","basin":"Upper Yampa","atlas_layer":"named_water_occurrence","object_role":"named_water_occurrence","historic_label":"Green River / blue-lineage CT","current_label":"Green River / blue-lineage CT","recovery_label":"Recovery watch / review area","tier":"tier2","minZoom":12,"confidence_public":"Watershed-level lineage context; expert review recommended","geometry_status_public":"Named natural stream occurrence from statewide hydrography","geometry_source_public":"Grouped public hydrography segments","trout_source_public":"Compiled public recovery and lineage context; expert review recommended","public_notes":"Little Bear Creek is shown as a named-water occurrence within watershed-level cutthroat lineage context. This is not a precise biological boundary."}},{"type":"Feature","geometry":{"type":"LineString","coordinates":[[-107.4373,40.6523],[-107.4361,40.6512],[-107.4369,40.6505],[-107.4353,40.6487],[-107.4341,40.6488],[-107.4342,40.648]]},"properties":{"source_id":"co_named_stream_104182","name":"Little Bear Creek","display_name":"Little Bear Creek","mapped_name":"Little Bear Creek","source_name":"Little Bear Creek","state":"CO","atlas_class":"named_natural_stream","huc8":"14050001","huc8Name":"Upper Yampa","huc8States":"CO","lineageKey":"greenRiverBlue","lineage":"greenRiverBlue","historic":"greenRiverBlue","current":"greenRiverBlue","recovery":"recoveryWatch","lineageLabel":"Green River / blue-lineage CT","lineageBasin":"Upper Yampa","lineageNote":"Yampa blue-lineage context","atlas_context":"cutthroat_lineage_context","confidence":"Watershed-level lineage context; expert review recommended","geometryStatus":"Named natural stream segment from statewide hydrography","note":"This named natural stream falls within a HUC8 assigned to a cutthroat lineage context.","source_segment_id":"co_named_stream_104182","water_id":"co_little_bear_creek_14050001_greenRiverBlue_001","occurrence_id":"co_little_bear_creek_14050001_greenRiverBlue_001","occurrence_number":"001","segment_count":41,"disambiguator":"Upper Yampa · Green River / blue-lineage CT · occurrence 001","basin":"Upper Yampa","atlas_layer":"named_water_occurrence","object_role":"named_water_occurrence","historic_label":"Green River / blue-lineage CT","current_label":"Green River / blue-lineage CT","recovery_label":"Recovery watch / review area","tier":"tier2","minZoom":12,"confidence_public":"Watershed-level lineage context; expert review recommended","geometry_status_public":"Named natural stream occurrence from statewide hydrography","geometry_source_public":"Grouped public hydrography segments","trout_source_public":"Compiled public recovery and lineage context; expert review recommended","public_notes":"Little Bear Creek is shown as a named-water occurrence within watershed-level cutthroat lineage context. This is not a precise biological boundary."}},{"type":"Feature","geometry":{"type":"LineString","coordinates":[[-107.4388,40.6722],[-107.4374,40.671],[-107.4377,40.6704]]},"properties":{"source_id":"co_named_stream_104596","name":"Little Bear Creek","display_name":"Little Bear Creek","mapped_name":"Little Bear Creek","source_name":"Little Bear Creek","state":"CO","atlas_class":"named_natural_stream","huc8":"14050001","huc8Name":"Upper Yampa","huc8States":"CO","lineageKey":"greenRiverBlue","lineage":"greenRiverBlue","historic":"greenRiverBlue","current":"greenRiverBlue","recovery":"recoveryWatch","lineageLabel":"Green River / blue-lineage CT","lineageBasin":"Upper Yampa","lineageNote":"Yampa blue-lineage context","atlas_context":"cutthroat_lineage_context","confidence":"Watershed-level lineage context; expert review recommended","geometryStatus":"Named natural stream segment from statewide hydrography","note":"This named natural stream falls within a HUC8 assigned to a cutthroat lineage context.","source_segment_id":"co_named_stream_104596","water_id":"co_little_bear_creek_14050001_greenRiverBlue_001","occurrence_id":"co_little_bear_creek_14050001_greenRiverBlue_001","occurrence_number":"001","segment_count":41,"disambiguator":"Upper Yampa · Green River / blue-lineage CT · occurrence 001","basin":"Upper Yampa","atlas_layer":"named_water_occurrence","object_role":"named_water_occurrence","historic_label":"Green River / blue-lineage CT","current_label":"Green River / blue-lineage CT","recovery_label":"Recovery watch / review area","tier":"tier2","minZoom":12,"confidence_public":"Watershed-level lineage context; expert review recommended","geometry_status_public":"Named natural stream occurrence from statewide hydrography","geometry_source_public":"Grouped public hydrography segments","trout_source_public":"Compiled public recovery and lineage context; expert review recommended","public_notes":"Little Bear Creek is shown as a named-water occurrence within watershed-level cutthroat lineage context. This is not a precise biological boundary."}},{"type":"Feature","geometry":{"type":"LineString","coordinates":[[-107.4317,40.6995],[-107.4341,40.6977],[-107.4366,40.6937]]},"properties":{"source_id":"co_named_stream_104602","name":"Little Bear Creek","display_name":"Little Bear Creek","mapped_name":"Little Bear Creek","source_name":"Little Bear Creek","state":"CO","atlas_class":"named_natural_stream","huc8":"14050001","huc8Name":"Upper Yampa","huc8States":"CO","lineageKey":"greenRiverBlue","lineage":"greenRiverBlue","historic":"greenRiverBlue","current":"greenRiverBlue","recovery":"recoveryWatch","lineageLabel":"Green River / blue-lineage CT","lineageBasin":"Upper Yampa","lineageNote":"Yampa blue-lineage context","atlas_context":"cutthroat_lineage_context","confidence":"Watershed-level lineage context; expert review recommended","geometryStatus":"Named natural stream segment from statewide hydrography","note":"This named natural stream falls within a HUC8 assigned to a cutthroat lineage context.","source_segment_id":"co_named_stream_104602","water_id":"co_little_bear_creek_14050001_greenRiverBlue_001","occurrence_id":"co_little_bear_creek_14050001_greenRiverBlue_001","occurrence_number":"001","segment_count":41,"disambiguator":"Upper Yampa · Green River / blue-lineage CT · occurrence 001","basin":"Upper Yampa","atlas_layer":"named_water_occurrence","object_role":"named_water_occurrence","historic_label":"Green River / blue-lineage CT","current_label":"Green River / blue-lineage CT","recovery_label":"Recovery watch / review area","tier":"tier2","minZoom":12,"confidence_public":"Watershed-level lineage context; expert review recommended","geometry_status_public":"Named natural stream occurrence from statewide hydrography","geometry_source_public":"Grouped public hydrography segments","trout_source_public":"Compiled public recovery and lineage context; expert review recommended","public_notes":"Little Bear Creek is shown as a named-water occurrence within watershed-level cutthroat lineage context. This is not a precise biological boundary."}},{"type":"Feature","geometry":{"type":"LineString","coordinates":[[-107.4366,40.6937],[-107.4358,40.6917]]},"properties":{"source_id":"co_named_stream_104605","name":"Little Bear Creek","display_name":"Little Bear Creek","mapped_name":"Little Bear Creek","source_name":"Little Bear Creek","state":"CO","atlas_class":"named_natural_stream","huc8":"14050001","huc8Name":"Upper Yampa","huc8States":"CO","lineageKey":"greenRiverBlue","lineage":"greenRiverBlue","historic":"greenRiverBlue","current":"greenRiverBlue","recovery":"recoveryWatch","lineageLabel":"Green River / blue-lineage CT","lineageBasin":"Upper Yampa","lineageNote":"Yampa blue-lineage context","atlas_context":"cutthroat_lineage_context","confidence":"Watershed-level lineage context; expert review recommended","geometryStatus":"Named natural stream segment from statewide hydrography","note":"This named natural stream falls within a HUC8 assigned to a cutthroat lineage context.","source_segment_id":"co_named_stream_104605","water_id":"co_little_bear_creek_14050001_greenRiverBlue_001","occurrence_id":"co_little_bear_creek_14050001_greenRiverBlue_001","occurrence_number":"001","segment_count":41,"disambiguator":"Upper Yampa · Green River / blue-lineage CT · occurrence 001","basin":"Upper Yampa","atlas_layer":"named_water_occurrence","object_role":"named_water_occurrence","historic_label":"Green River / blue-lineage CT","current_label":"Green River / blue-lineage CT","recovery_label":"Recovery watch / review area","tier":"tier2","minZoom":12,"confidence_public":"Watershed-level lineage context; expert review recommended","geometry_status_public":"Named natural stream occurrence from statewide hydrography","geometry_source_public":"Grouped public hydrography segments","trout_source_public":"Compiled public recovery and lineage context; expert review recommended","public_notes":"Little Bear Creek is shown as a named-water occurrence within watershed-level cutthroat lineage context. This is not a precise biological boundary."}},{"type":"Feature","geometry":{"type":"LineString","coordinates":[[-107.4237,40.7084],[-107.4247,40.7061],[-107.4265,40.7051]]},"properties":{"source_id":"co_named_stream_104609","name":"Little Bear Creek","display_name":"Little Bear Creek","mapped_name":"Little Bear Creek","source_name":"Little Bear Creek","state":"CO","atlas_class":"named_natural_stream","huc8":"14050001","huc8Name":"Upper Yampa","huc8States":"CO","lineageKey":"greenRiverBlue","lineage":"greenRiverBlue","historic":"greenRiverBlue","current":"greenRiverBlue","recovery":"recoveryWatch","lineageLabel":"Green River / blue-lineage CT","lineageBasin":"Upper Yampa","lineageNote":"Yampa blue-lineage context","atlas_context":"cutthroat_lineage_context","confidence":"Watershed-level lineage context; expert review recommended","geometryStatus":"Named natural stream segment from statewide hydrography","note":"This named natural stream falls within a HUC8 assigned to a cutthroat lineage context.","source_segment_id":"co_named_stream_104609","water_id":"co_little_bear_creek_14050001_greenRiverBlue_001","occurrence_id":"co_little_bear_creek_14050001_greenRiverBlue_001","occurrence_number":"001","segment_count":41,"disambiguator":"Upper Yampa · Green River / blue-lineage CT · occurrence 001","basin":"Upper Yampa","atlas_layer":"named_water_occurrence","object_role":"named_water_occurrence","historic_label":"Green River / blue-lineage CT","current_label":"Green River / blue-lineage CT","recovery_label":"Recovery watch / review area","tier":"tier2","minZoom":12,"confidence_public":"Watershed-level lineage context; expert review recommended","geometry_status_public":"Named natural stream occurrence from statewide hydrography","geometry_source_public":"Grouped public hydrography segments","trout_source_public":"Compiled public recovery and lineage context; expert review recommended","public_notes":"Little Bear Creek is shown as a named-water occurrence within watershed-level cutthroat lineage context. This is not a precise biological boundary."}},{"type":"Feature","geometry":{"type":"LineString","coordinates":[[-107.4381,40.6837],[-107.4377,40.682],[-107.441,40.6772],[-107.4404,40.6763]]},"properties":{"source_id":"co_named_stream_104619","name":"Little Bear Creek","display_name":"Little Bear Creek","mapped_name":"Little Bear Creek","source_name":"Little Bear Creek","state":"CO","atlas_class":"named_natural_stream","huc8":"14050001","huc8Name":"Upper Yampa","huc8States":"CO","lineageKey":"greenRiverBlue","lineage":"greenRiverBlue","historic":"greenRiverBlue","current":"greenRiverBlue","recovery":"recoveryWatch","lineageLabel":"Green River / blue-lineage CT","lineageBasin":"Upper Yampa","lineageNote":"Yampa blue-lineage context","atlas_context":"cutthroat_lineage_context","confidence":"Watershed-level lineage context; expert review recommended","geometryStatus":"Named natural stream segment from statewide hydrography","note":"This named natural stream falls within a HUC8 assigned to a cutthroat lineage context.","source_segment_id":"co_named_stream_104619","water_id":"co_little_bear_creek_14050001_greenRiverBlue_001","occurrence_id":"co_little_bear_creek_14050001_greenRiverBlue_001","occurrence_number":"001","segment_count":41,"disambiguator":"Upper Yampa · Green River / blue-lineage CT · occurrence 001","basin":"Upper Yampa","atlas_layer":"named_water_occurrence","object_role":"named_water_occurrence","historic_label":"Green River / blue-lineage CT","current_label":"Green River / blue-lineage CT","recovery_label":"Recovery watch / review area","tier":"tier2","minZoom":12,"confidence_public":"Watershed-level lineage context; expert review recommended","geometry_status_public":"Named natural stream occurrence from statewide hydrography","geometry_source_public":"Grouped public hydrography segments","trout_source_public":"Compiled public recovery and lineage context; expert review recommended","public_notes":"Little Bear Creek is shown as a named-water occurrence within watershed-level cutthroat lineage context. This is not a precise biological boundary."}},{"type":"Feature","geometry":{"type":"LineString","coordinates":[[-107.4404,40.6763],[-107.441,40.6745],[-107.4388,40.6722]]},"properties":{"source_id":"co_named_stream_104620","name":"Little Bear Creek","display_name":"Little Bear Creek","mapped_name":"Little Bear Creek","source_name":"Little Bear Creek","state":"CO","atlas_class":"named_natural_stream","huc8":"14050001","huc8Name":"Upper Yampa","huc8States":"CO","lineageKey":"greenRiverBlue","lineage":"greenRiverBlue","historic":"greenRiverBlue","current":"greenRiverBlue","recovery":"recoveryWatch","lineageLabel":"Green River / blue-lineage CT","lineageBasin":"Upper Yampa","lineageNote":"Yampa blue-lineage context","atlas_context":"cutthroat_lineage_context","confidence":"Watershed-level lineage context; expert review recommended","geometryStatus":"Named natural stream segment from statewide hydrography","note":"This named natural stream falls within a HUC8 assigned to a cutthroat lineage context.","source_segment_id":"co_named_stream_104620","water_id":"co_little_bear_creek_14050001_greenRiverBlue_001","occurrence_id":"co_little_bear_creek_14050001_greenRiverBlue_001","occurrence_number":"001","segment_count":41,"disambiguator":"Upper Yampa · Green River / blue-lineage CT · occurrence 001","basin":"Upper Yampa","atlas_layer":"named_water_occurrence","object_role":"named_water_occurrence","historic_label":"Green River / blue-lineage CT","current_label":"Green River / blue-lineage CT","recovery_label":"Recovery watch / review area","tier":"tier2","minZoom":12,"confidence_public":"Watershed-level lineage context; expert review recommended","geometry_status_public":"Named natural stream occurrence from statewide hydrography","geometry_source_public":"Grouped public hydrography segments","trout_source_public":"Compiled public recovery and lineage context; expert review recommended","public_notes":"Little Bear Creek is shown as a named-water occurrence within watershed-level cutthroat lineage context. This is not a precise biological boundary."}},{"type":"Feature","geometry":{"type":"LineString","coordinates":[[-107.4197,40.7117],[-107.4233,40.7095],[-107.4237,40.7084]]},"properties":{"source_id":"co_named_stream_104621","name":"Little Bear Creek","display_name":"Little Bear Creek","mapped_name":"Little Bear Creek","source_name":"Little Bear Creek","state":"CO","atlas_class":"named_natural_stream","huc8":"14050001","huc8Name":"Upper Yampa","huc8States":"CO","lineageKey":"greenRiverBlue","lineage":"greenRiverBlue","historic":"greenRiverBlue","current":"greenRiverBlue","recovery":"recoveryWatch","lineageLabel":"Green River / blue-lineage CT","lineageBasin":"Upper Yampa","lineageNote":"Yampa blue-lineage context","atlas_context":"cutthroat_lineage_context","confidence":"Watershed-level lineage context; expert review recommended","geometryStatus":"Named natural stream segment from statewide hydrography","note":"This named natural stream falls within a HUC8 assigned to a cutthroat lineage context.","source_segment_id":"co_named_stream_104621","water_id":"co_little_bear_creek_14050001_greenRiverBlue_001","occurrence_id":"co_little_bear_creek_14050001_greenRiverBlue_001","occurrence_number":"001","segment_count":41,"disambiguator":"Upper Yampa · Green River / blue-lineage CT · occurrence 001","basin":"Upper Yampa","atlas_layer":"named_water_occurrence","object_role":"named_water_occurrence","historic_label":"Green River / blue-lineage CT","current_label":"Green River / blue-lineage CT","recovery_label":"Recovery watch / review area","tier":"tier2","minZoom":12,"confidence_public":"Watershed-level lineage context; expert review recommended","geometry_status_public":"Named natural stream occurrence from statewide hydrography","geometry_source_public":"Grouped public hydrography segments","trout_source_public":"Compiled public recovery and lineage context; expert review recommended","public_notes":"Little Bear Creek is shown as a named-water occurrence within watershed-level cutthroat lineage context. This is not a precise biological boundary."}},{"type":"Feature","geometry":{"type":"LineString","coordinates":[[-107.4387,40.6861],[-107.439,40.6857]]},"properties":{"source_id":"co_named_stream_104628","name":"Little Bear Creek","display_name":"Little Bear Creek","mapped_name":"Little Bear Creek","source_name":"Little Bear Creek","state":"CO","atlas_class":"named_natural_stream","huc8":"14050001","huc8Name":"Upper Yampa","huc8States":"CO","lineageKey":"greenRiverBlue","lineage":"greenRiverBlue","historic":"greenRiverBlue","current":"greenRiverBlue","recovery":"recoveryWatch","lineageLabel":"Green River / blue-lineage CT","lineageBasin":"Upper Yampa","lineageNote":"Yampa blue-lineage context","atlas_context":"cutthroat_lineage_context","confidence":"Watershed-level lineage context; expert review recommended","geometryStatus":"Named natural stream segment from statewide hydrography","note":"This named natural stream falls within a HUC8 assigned to a cutthroat lineage context.","source_segment_id":"co_named_stream_104628","water_id":"co_little_bear_creek_14050001_greenRiverBlue_001","occurrence_id":"co_little_bear_creek_14050001_greenRiverBlue_001","occurrence_number":"001","segment_count":41,"disambiguator":"Upper Yampa · Green River / blue-lineage CT · occurrence 001","basin":"Upper Yampa","atlas_layer":"named_water_occurrence","object_role":"named_water_occurrence","historic_label":"Green River / blue-lineage CT","current_label":"Green River / blue-lineage CT","recovery_label":"Recovery watch / review area","tier":"tier2","minZoom":12,"confidence_public":"Watershed-level lineage context; expert review recommended","geometry_status_public":"Named natural stream occurrence from statewide hydrography","geometry_source_public":"Grouped public hydrography segments","trout_source_public":"Compiled public recovery and lineage context; expert review recommended","public_notes":"Little Bear Creek is shown as a named-water occurrence within watershed-level cutthroat lineage context. This is not a precise biological boundary."}},{"type":"Feature","geometry":{"type":"LineString","coordinates":[[-107.4358,40.6917],[-107.435,40.6899],[-107.4387,40.6861]]},"properties":{"source_id":"co_named_stream_104631","name":"Little Bear Creek","display_name":"Little Bear Creek","mapped_name":"Little Bear Creek","source_name":"Little Bear Creek","state":"CO","atlas_class":"named_natural_stream","huc8":"14050001","huc8Name":"Upper Yampa","huc8States":"CO","lineageKey":"greenRiverBlue","lineage":"greenRiverBlue","historic":"greenRiverBlue","current":"greenRiverBlue","recovery":"recoveryWatch","lineageLabel":"Green River / blue-lineage CT","lineageBasin":"Upper Yampa","lineageNote":"Yampa blue-lineage context","atlas_context":"cutthroat_lineage_context","confidence":"Watershed-level lineage context; expert review recommended","geometryStatus":"Named natural stream segment from statewide hydrography","note":"This named natural stream falls within a HUC8 assigned to a cutthroat lineage context.","source_segment_id":"co_named_stream_104631","water_id":"co_little_bear_creek_14050001_greenRiverBlue_001","occurrence_id":"co_little_bear_creek_14050001_greenRiverBlue_001","occurrence_number":"001","segment_count":41,"disambiguator":"Upper Yampa · Green River / blue-lineage CT · occurrence 001","basin":"Upper Yampa","atlas_layer":"named_water_occurrence","object_role":"named_water_occurrence","historic_label":"Green River / blue-lineage CT","current_label":"Green River / blue-lineage CT","recovery_label":"Recovery watch / review area","tier":"tier2","minZoom":12,"confidence_public":"Watershed-level lineage context; expert review recommended","geometry_status_public":"Named natural stream occurrence from statewide hydrography","geometry_source_public":"Grouped public hydrography segments","trout_source_public":"Compiled public recovery and lineage context; expert review recommended","public_notes":"Little Bear Creek is shown as a named-water occurrence within watershed-level cutthroat lineage context. This is not a precise biological boundary."}},{"type":"Feature","geometry":{"type":"LineString","coordinates":[[-107.439,40.6857],[-107.4381,40.6837]]},"properties":{"source_id":"co_named_stream_104633","name":"Little Bear Creek","display_name":"Little Bear Creek","mapped_name":"Little Bear Creek","source_name":"Little Bear Creek","state":"CO","atlas_class":"named_natural_stream","huc8":"14050001","huc8Name":"Upper Yampa","huc8States":"CO","lineageKey":"greenRiverBlue","lineage":"greenRiverBlue","historic":"greenRiverBlue","current":"greenRiverBlue","recovery":"recoveryWatch","lineageLabel":"Green River / blue-lineage CT","lineageBasin":"Upper Yampa","lineageNote":"Yampa blue-lineage context","atlas_context":"cutthroat_lineage_context","confidence":"Watershed-level lineage context; expert review recommended","geometryStatus":"Named natural stream segment from statewide hydrography","note":"This named natural stream falls within a HUC8 assigned to a cutthroat lineage context.","source_segment_id":"co_named_stream_104633","water_id":"co_little_bear_creek_14050001_greenRiverBlue_001","occurrence_id":"co_little_bear_creek_14050001_greenRiverBlue_001","occurrence_number":"001","segment_count":41,"disambiguator":"Upper Yampa · Green River / blue-lineage CT · occurrence 001","basin":"Upper Yampa","atlas_layer":"named_water_occurrence","object_role":"named_water_occurrence","historic_label":"Green River / blue-lineage CT","current_label":"Green River / blue-lineage CT","recovery_label":"Recovery watch / review area","tier":"tier2","minZoom":12,"confidence_public":"Watershed-level lineage context; expert review recommended","geometry_status_public":"Named natural stream occurrence from statewide hydrography","geometry_source_public":"Grouped public hydrography segments","trout_source_public":"Compiled public recovery and lineage context; expert review recommended","public_notes":"Little Bear Creek is shown as a named-water occurrence within watershed-level cutthroat lineage context. This is not a precise biological boundary."}},{"type":"Feature","geometry":{"type":"LineString","coordinates":[[-107.4265,40.7051],[-107.4297,40.7031],[-107.4317,40.6995]]},"properties":{"source_id":"co_named_stream_104635","name":"Little Bear Creek","display_name":"Little Bear Creek","mapped_name":"Little Bear Creek","source_name":"Little Bear Creek","state":"CO","atlas_class":"named_natural_stream","huc8":"14050001","huc8Name":"Upper Yampa","huc8States":"CO","lineageKey":"greenRiverBlue","lineage":"greenRiverBlue","historic":"greenRiverBlue","current":"greenRiverBlue","recovery":"recoveryWatch","lineageLabel":"Green River / blue-lineage CT","lineageBasin":"Upper Yampa","lineageNote":"Yampa blue-lineage context","atlas_context":"cutthroat_lineage_context","confidence":"Watershed-level lineage context; expert review recommended","geometryStatus":"Named natural stream segment from statewide hydrography","note":"This named natural stream falls within a HUC8 assigned to a cutthroat lineage context.","source_segment_id":"co_named_stream_104635","water_id":"co_little_bear_creek_14050001_greenRiverBlue_001","occurrence_id":"co_little_bear_creek_14050001_greenRiverBlue_001","occurrence_number":"001","segment_count":41,"disambiguator":"Upper Yampa · Green River / blue-lineage CT · occurrence 001","basin":"Upper Yampa","atlas_layer":"named_water_occurrence","object_role":"named_water_occurrence","historic_label":"Green River / blue-lineage CT","current_label":"Green River / blue-lineage CT","recovery_label":"Recovery watch / review area","tier":"tier2","minZoom":12,"confidence_public":"Watershed-level lineage context; expert review recommended","geometry_status_public":"Named natural stream occurrence from statewide hydrography","geometry_source_public":"Grouped public hydrography segments","trout_source_public":"Compiled public recovery and lineage context; expert review recommended","public_notes":"Little Bear Creek is shown as a named-water occurrence within watershed-level cutthroat lineage context. This is not a precise biological boundary."}},{"type":"Feature","geometry":{"type":"LineString","coordinates":[[-107.4377,40.6704],[-107.4369,40.6685]]},"properties":{"source_id":"co_named_stream_104640","name":"Little Bear Creek","display_name":"Little Bear Creek","mapped_name":"Little Bear Creek","source_name":"Little Bear Creek","state":"CO","atlas_class":"named_natural_stream","huc8":"14050001","huc8Name":"Upper Yampa","huc8States":"CO","lineageKey":"greenRiverBlue","lineage":"greenRiverBlue","historic":"greenRiverBlue","current":"greenRiverBlue","recovery":"recoveryWatch","lineageLabel":"Green River / blue-lineage CT","lineageBasin":"Upper Yampa","lineageNote":"Yampa blue-lineage context","atlas_context":"cutthroat_lineage_context","confidence":"Watershed-level lineage context; expert review recommended","geometryStatus":"Named natural stream segment from statewide hydrography","note":"This named natural stream falls within a HUC8 assigned to a cutthroat lineage context.","source_segment_id":"co_named_stream_104640","water_id":"co_little_bear_creek_14050001_greenRiverBlue_001","occurrence_id":"co_little_bear_creek_14050001_greenRiverBlue_001","occurrence_number":"001","segment_count":41,"disambiguator":"Upper Yampa · Green River / blue-lineage CT · occurrence 001","basin":"Upper Yampa","atlas_layer":"named_water_occurrence","object_role":"named_water_occurrence","historic_label":"Green River / blue-lineage CT","current_label":"Green River / blue-lineage CT","recovery_label":"Recovery watch / review area","tier":"tier2","minZoom":12,"confidence_public":"Watershed-level lineage context; expert review recommended","geometry_status_public":"Named natural stream occurrence from statewide hydrography","geometry_source_public":"Grouped public hydrography segments","trout_source_public":"Compiled public recovery and lineage context; expert review recommended","public_notes":"Little Bear Creek is shown as a named-water occurrence within watershed-level cutthroat lineage context. This is not a precise biological boundary."}},{"type":"Feature","geometry":{"type":"LineString","coordinates":[[-107.3734,40.7539],[-107.3771,40.7484]]},"properties":{"source_id":"co_named_stream_105345","name":"Little Bear Creek","display_name":"Little Bear Creek","mapped_name":"Little Bear Creek","source_name":"Little Bear Creek","state":"CO","atlas_class":"named_natural_stream","huc8":"14050001","huc8Name":"Upper Yampa","huc8States":"CO","lineageKey":"greenRiverBlue","lineage":"greenRiverBlue","historic":"greenRiverBlue","current":"greenRiverBlue","recovery":"recoveryWatch","lineageLabel":"Green River / blue-lineage CT","lineageBasin":"Upper Yampa","lineageNote":"Yampa blue-lineage context","atlas_context":"cutthroat_lineage_context","confidence":"Watershed-level lineage context; expert review recommended","geometryStatus":"Named natural stream segment from statewide hydrography","note":"This named natural stream falls within a HUC8 assigned to a cutthroat lineage context.","source_segment_id":"co_named_stream_105345","water_id":"co_little_bear_creek_14050001_greenRiverBlue_001","occurrence_id":"co_little_bear_creek_14050001_greenRiverBlue_001","occurrence_number":"001","segment_count":41,"disambiguator":"Upper Yampa · Green River / blue-lineage CT · occurrence 001","basin":"Upper Yampa","atlas_layer":"named_water_occurrence","object_role":"named_water_occurrence","historic_label":"Green River / blue-lineage CT","current_label":"Green River / blue-lineage CT","recovery_label":"Recovery watch / review area","tier":"tier2","minZoom":12,"confidence_public":"Watershed-level lineage context; expert review recommended","geometry_status_public":"Named natural stream occurrence from statewide hydrography","geometry_source_public":"Grouped public hydrography segments","trout_source_public":"Compiled public recovery and lineage context; expert review recommended","public_notes":"Little Bear Creek is shown as a named-water occurrence within watershed-level cutthroat lineage context. This is not a precise biological boundary."}},{"type":"Feature","geometry":{"type":"LineString","coordinates":[[-107.3771,40.7484],[-107.381,40.7459],[-107.3812,40.7445],[-107.3834,40.7431]]},"properties":{"source_id":"co_named_stream_105346","name":"Little Bear Creek","display_name":"Little Bear Creek","mapped_name":"Little Bear Creek","source_name":"Little Bear Creek","state":"CO","atlas_class":"named_natural_stream","huc8":"14050001","huc8Name":"Upper Yampa","huc8States":"CO","lineageKey":"greenRiverBlue","lineage":"greenRiverBlue","historic":"greenRiverBlue","current":"greenRiverBlue","recovery":"recoveryWatch","lineageLabel":"Green River / blue-lineage CT","lineageBasin":"Upper Yampa","lineageNote":"Yampa blue-lineage context","atlas_context":"cutthroat_lineage_context","confidence":"Watershed-level lineage context; expert review recommended","geometryStatus":"Named natural stream segment from statewide hydrography","note":"This named natural stream falls within a HUC8 assigned to a cutthroat lineage context.","source_segment_id":"co_named_stream_105346","water_id":"co_little_bear_creek_14050001_greenRiverBlue_001","occurrence_id":"co_little_bear_creek_14050001_greenRiverBlue_001","occurrence_number":"001","segment_count":41,"disambiguator":"Upper Yampa · Green River / blue-lineage CT · occurrence 001","basin":"Upper Yampa","atlas_layer":"named_water_occurrence","object_role":"named_water_occurrence","historic_label":"Green River / blue-lineage CT","current_label":"Green River / blue-lineage CT","recovery_label":"Recovery watch / review area","tier":"tier2","minZoom":12,"confidence_public":"Watershed-level lineage context; expert review recommended","geometry_status_public":"Named natural stream occurrence from statewide hydrography","geometry_source_public":"Grouped public hydrography segments","trout_source_public":"Compiled public recovery and lineage context; expert review recommended","public_notes":"Little Bear Creek is shown as a named-water occurrence within watershed-level cutthroat lineage context. This is not a precise biological boundary."}},{"type":"Feature","geometry":{"type":"LineString","coordinates":[[-107.3834,40.7431],[-107.3852,40.7416]]},"properties":{"source_id":"co_named_stream_105360","name":"Little Bear Creek","display_name":"Little Bear Creek","mapped_name":"Little Bear Creek","source_name":"Little Bear Creek","state":"CO","atlas_class":"named_natural_stream","huc8":"14050001","huc8Name":"Upper Yampa","huc8States":"CO","lineageKey":"greenRiverBlue","lineage":"greenRiverBlue","historic":"greenRiverBlue","current":"greenRiverBlue","recovery":"recoveryWatch","lineageLabel":"Green River / blue-lineage CT","lineageBasin":"Upper Yampa","lineageNote":"Yampa blue-lineage context","atlas_context":"cutthroat_lineage_context","confidence":"Watershed-level lineage context; expert review recommended","geometryStatus":"Named natural stream segment from statewide hydrography","note":"This named natural stream falls within a HUC8 assigned to a cutthroat lineage context.","source_segment_id":"co_named_stream_105360","water_id":"co_little_bear_creek_14050001_greenRiverBlue_001","occurrence_id":"co_little_bear_creek_14050001_greenRiverBlue_001","occurrence_number":"001","segment_count":41,"disambiguator":"Upper Yampa · Green River / blue-lineage CT · occurrence 001","basin":"Upper Yampa","atlas_layer":"named_water_occurrence","object_role":"named_water_occurrence","historic_label":"Green River / blue-lineage CT","current_label":"Green River / blue-lineage CT","recovery_label":"Recovery watch / review area","tier":"tier2","minZoom":12,"confidence_public":"Watershed-level lineage context; expert review recommended","geometry_status_public":"Named natural stream occurrence from statewide hydrography","geometry_source_public":"Grouped public hydrography segments","trout_source_public":"Compiled public recovery and lineage context; expert review recommended","public_notes":"Little Bear Creek is shown as a named-water occurrence within watershed-level cutthroat lineage context. This is not a precise biological boundary."}},{"type":"Feature","geometry":{"type":"LineString","coordinates":[[-107.4066,40.7328],[-107.4108,40.7316],[-107.416,40.728]]},"properties":{"source_id":"co_named_stream_105911","name":"Little Bear Creek","display_name":"Little Bear Creek","mapped_name":"Little Bear Creek","source_name":"Little Bear Creek","state":"CO","atlas_class":"named_natural_stream","huc8":"14050001","huc8Name":"Upper Yampa","huc8States":"CO","lineageKey":"greenRiverBlue","lineage":"greenRiverBlue","historic":"greenRiverBlue","current":"greenRiverBlue","recovery":"recoveryWatch","lineageLabel":"Green River / blue-lineage CT","lineageBasin":"Upper Yampa","lineageNote":"Yampa blue-lineage context","atlas_context":"cutthroat_lineage_context","confidence":"Watershed-level lineage context; expert review recommended","geometryStatus":"Named natural stream segment from statewide hydrography","note":"This named natural stream falls within a HUC8 assigned to a cutthroat lineage context.","source_segment_id":"co_named_stream_105911","water_id":"co_little_bear_creek_14050001_greenRiverBlue_001","occurrence_id":"co_little_bear_creek_14050001_greenRiverBlue_001","occurrence_number":"001","segment_count":41,"disambiguator":"Upper Yampa · Green River / blue-lineage CT · occurrence 001","basin":"Upper Yampa","atlas_layer":"named_water_occurrence","object_role":"named_water_occurrence","historic_label":"Green River / blue-lineage CT","current_label":"Green River / blue-lineage CT","recovery_label":"Recovery watch / review area","tier":"tier2","minZoom":12,"confidence_public":"Watershed-level lineage context; expert review recommended","geometry_status_public":"Named natural stream occurrence from statewide hydrography","geometry_source_public":"Grouped public hydrography segments","trout_source_public":"Compiled public recovery and lineage context; expert review recommended","public_notes":"Little Bear Creek is shown as a named-water occurrence within watershed-level cutthroat lineage context. This is not a precise biological boundary."}},{"type":"Feature","geometry":{"type":"LineString","coordinates":[[-107.3997,40.7341],[-107.404,40.7326],[-107.4066,40.7328]]},"properties":{"source_id":"co_named_stream_105915","name":"Little Bear Creek","display_name":"Little Bear Creek","mapped_name":"Little Bear Creek","source_name":"Little Bear Creek","state":"CO","atlas_class":"named_natural_stream","huc8":"14050001","huc8Name":"Upper Yampa","huc8States":"CO","lineageKey":"greenRiverBlue","lineage":"greenRiverBlue","historic":"greenRiverBlue","current":"greenRiverBlue","recovery":"recoveryWatch","lineageLabel":"Green River / blue-lineage CT","lineageBasin":"Upper Yampa","lineageNote":"Yampa blue-lineage context","atlas_context":"cutthroat_lineage_context","confidence":"Watershed-level lineage context; expert review recommended","geometryStatus":"Named natural stream segment from statewide hydrography","note":"This named natural stream falls within a HUC8 assigned to a cutthroat lineage context.","source_segment_id":"co_named_stream_105915","water_id":"co_little_bear_creek_14050001_greenRiverBlue_001","occurrence_id":"co_little_bear_creek_14050001_greenRiverBlue_001","occurrence_number":"001","segment_count":41,"disambiguator":"Upper Yampa · Green River / blue-lineage CT · occurrence 001","basin":"Upper Yampa","atlas_layer":"named_water_occurrence","object_role":"named_water_occurrence","historic_label":"Green River / blue-lineage CT","current_label":"Green River / blue-lineage CT","recovery_label":"Recovery watch / review area","tier":"tier2","minZoom":12,"confidence_public":"Watershed-level lineage context; expert review recommended","geometry_status_public":"Named natural stream occurrence from statewide hydrography","geometry_source_public":"Grouped public hydrography segments","trout_source_public":"Compiled public recovery and lineage context; expert review recommended","public_notes":"Little Bear Creek is shown as a named-water occurrence within watershed-level cutthroat lineage context. This is not a precise biological boundary."}},{"type":"Feature","geometry":{"type":"LineString","coordinates":[[-107.3852,40.7416],[-107.3867,40.74],[-107.3997,40.7341]]},"properties":{"source_id":"co_named_stream_105916","name":"Little Bear Creek","display_name":"Little Bear Creek","mapped_name":"Little Bear Creek","source_name":"Little Bear Creek","state":"CO","atlas_class":"named_natural_stream","huc8":"14050001","huc8Name":"Upper Yampa","huc8States":"CO","lineageKey":"greenRiverBlue","lineage":"greenRiverBlue","historic":"greenRiverBlue","current":"greenRiverBlue","recovery":"recoveryWatch","lineageLabel":"Green River / blue-lineage CT","lineageBasin":"Upper Yampa","lineageNote":"Yampa blue-lineage context","atlas_context":"cutthroat_lineage_context","confidence":"Watershed-level lineage context; expert review recommended","geometryStatus":"Named natural stream segment from statewide hydrography","note":"This named natural stream falls within a HUC8 assigned to a cutthroat lineage context.","source_segment_id":"co_named_stream_105916","water_id":"co_little_bear_creek_14050001_greenRiverBlue_001","occurrence_id":"co_little_bear_creek_14050001_greenRiverBlue_001","occurrence_number":"001","segment_count":41,"disambiguator":"Upper Yampa · Green River / blue-lineage CT · occurrence 001","basin":"Upper Yampa","atlas_layer":"named_water_occurrence","object_role":"named_water_occurrence","historic_label":"Green River / blue-lineage CT","current_label":"Green River / blue-lineage CT","recovery_label":"Recovery watch / review area","tier":"tier2","minZoom":12,"confidence_public":"Watershed-level lineage context; expert review recommended","geometry_status_public":"Named natural stream occurrence from statewide hydrography","geometry_source_public":"Grouped public hydrography segments","trout_source_public":"Compiled public recovery and lineage context; expert review recommended","public_notes":"Little Bear Creek is shown as a named-water occurrence within watershed-level cutthroat lineage context. This is not a precise biological boundary."}},{"type":"Feature","geometry":{"type":"LineString","coordinates":[[-107.416,40.728],[-107.4171,40.7254],[-107.4166,40.7198]]},"properties":{"source_id":"co_named_stream_105919","name":"Little Bear Creek","display_name":"Little Bear Creek","mapped_name":"Little Bear Creek","source_name":"Little Bear Creek","state":"CO","atlas_class":"named_natural_stream","huc8":"14050001","huc8Name":"Upper Yampa","huc8States":"CO","lineageKey":"greenRiverBlue","lineage":"greenRiverBlue","historic":"greenRiverBlue","current":"greenRiverBlue","recovery":"recoveryWatch","lineageLabel":"Green River / blue-lineage CT","lineageBasin":"Upper Yampa","lineageNote":"Yampa blue-lineage context","atlas_context":"cutthroat_lineage_context","confidence":"Watershed-level lineage context; expert review recommended","geometryStatus":"Named natural stream segment from statewide hydrography","note":"This named natural stream falls within a HUC8 assigned to a cutthroat lineage context.","source_segment_id":"co_named_stream_105919","water_id":"co_little_bear_creek_14050001_greenRiverBlue_001","occurrence_id":"co_little_bear_creek_14050001_greenRiverBlue_001","occurrence_number":"001","segment_count":41,"disambiguator":"Upper Yampa · Green River / blue-lineage CT · occurrence 001","basin":"Upper Yampa","atlas_layer":"named_water_occurrence","object_role":"named_water_occurrence","historic_label":"Green River / blue-lineage CT","current_label":"Green River / blue-lineage CT","recovery_label":"Recovery watch / review area","tier":"tier2","minZoom":12,"confidence_public":"Watershed-level lineage context; expert review recommended","geometry_status_public":"Named natural stream occurrence from statewide hydrography","geometry_source_public":"Grouped public hydrography segments","trout_source_public":"Compiled public recovery and lineage context; expert review recommended","public_notes":"Little Bear Creek is shown as a named-water occurrence within watershed-level cutthroat lineage context. This is not a precise biological boundary."}},{"type":"Feature","geometry":{"type":"LineString","coordinates":[[-107.4166,40.7198],[-107.4174,40.7188],[-107.4173,40.7163]]},"properties":{"source_id":"co_named_stream_105920","name":"Little Bear Creek","display_name":"Little Bear Creek","mapped_name":"Little Bear Creek","source_name":"Little Bear Creek","state":"CO","atlas_class":"named_natural_stream","huc8":"14050001","huc8Name":"Upper Yampa","huc8States":"CO","lineageKey":"greenRiverBlue","lineage":"greenRiverBlue","historic":"greenRiverBlue","current":"greenRiverBlue","recovery":"recoveryWatch","lineageLabel":"Green River / blue-lineage CT","lineageBasin":"Upper Yampa","lineageNote":"Yampa blue-lineage context","atlas_context":"cutthroat_lineage_context","confidence":"Watershed-level lineage context; expert review recommended","geometryStatus":"Named natural stream segment from statewide hydrography","note":"This named natural stream falls within a HUC8 assigned to a cutthroat lineage context.","source_segment_id":"co_named_stream_105920","water_id":"co_little_bear_creek_14050001_greenRiverBlue_001","occurrence_id":"co_little_bear_creek_14050001_greenRiverBlue_001","occurrence_number":"001","segment_count":41,"disambiguator":"Upper Yampa · Green River / blue-lineage CT · occurrence 001","basin":"Upper Yampa","atlas_layer":"named_water_occurrence","object_role":"named_water_occurrence","historic_label":"Green River / blue-lineage CT","current_label":"Green River / blue-lineage CT","recovery_label":"Recovery watch / review area","tier":"tier2","minZoom":12,"confidence_public":"Watershed-level lineage context; expert review recommended","geometry_status_public":"Named natural stream occurrence from statewide hydrography","geometry_source_public":"Grouped public hydrography segments","trout_source_public":"Compiled public recovery and lineage context; expert review recommended","public_notes":"Little Bear Creek is shown as a named-water occurrence within watershed-level cutthroat lineage context. This is not a precise biological boundary."}},{"type":"Feature","geometry":{"type":"LineString","coordinates":[[-107.4173,40.7163],[-107.417,40.7146],[-107.4184,40.714],[-107.4197,40.7117]]},"properties":{"source_id":"co_named_stream_105921","name":"Little Bear Creek","display_name":"Little Bear Creek","mapped_name":"Little Bear Creek","source_name":"Little Bear Creek","state":"CO","atlas_class":"named_natural_stream","huc8":"14050001","huc8Name":"Upper Yampa","huc8States":"CO","lineageKey":"greenRiverBlue","lineage":"greenRiverBlue","historic":"greenRiverBlue","current":"greenRiverBlue","recovery":"recoveryWatch","lineageLabel":"Green River / blue-lineage CT","lineageBasin":"Upper Yampa","lineageNote":"Yampa blue-lineage context","atlas_context":"cutthroat_lineage_context","confidence":"Watershed-level lineage context; expert review recommended","geometryStatus":"Named natural stream segment from statewide hydrography","note":"This named natural stream falls within a HUC8 assigned to a cutthroat lineage context.","source_segment_id":"co_named_stream_105921","water_id":"co_little_bear_creek_14050001_greenRiverBlue_001","occurrence_id":"co_little_bear_creek_14050001_greenRiverBlue_001","occurrence_number":"001","segment_count":41,"disambiguator":"Upper Yampa · Green River / blue-lineage CT · occurrence 001","basin":"Upper Yampa","atlas_layer":"named_water_occurrence","object_role":"named_water_occurrence","historic_label":"Green River / blue-lineage CT","current_label":"Green River / blue-lineage CT","recovery_label":"Recovery watch / review area","tier":"tier2","minZoom":12,"confidence_public":"Watershed-level lineage context; expert review recommended","geometry_status_public":"Named natural stream occurrence from statewide hydrography","geometry_source_public":"Grouped public hydrography segments","trout_source_public":"Compiled public recovery and lineage context; expert review recommended","public_notes":"Little Bear Creek is shown as a named-water occurrence within watershed-level cutthroat lineage context. This is not a precise biological boundary."}},{"type":"Feature","geometry":{"type":"LineString","coordinates":[[-107.2622,40.4891],[-107.2651,40.4925],[-107.2677,40.4926],[-107.2682,40.4956],[-107.2706,40.4964],[-107.2742,40.5007],[-107.2752,40.5003]]},"properties":{"source_id":"co_named_stream_104486","name":"Dry Creek","display_name":"Dry Creek","mapped_name":"Dry Creek","source_name":"Dry Creek","state":"CO","atlas_class":"named_natural_stream","huc8":"14050001","huc8Name":"Upper Yampa","huc8States":"CO","lineageKey":"greenRiverBlue","lineage":"greenRiverBlue","historic":"greenRiverBlue","current":"greenRiverBlue","recovery":"recoveryWatch","lineageLabel":"Green River / blue-lineage CT","lineageBasin":"Upper Yampa","lineageNote":"Yampa blue-lineage context","atlas_context":"cutthroat_lineage_context","confidence":"Watershed-level lineage context; expert review recommended","geometryStatus":"Named natural stream segment from statewide hydrography","note":"This named natural stream falls within a HUC8 assigned to a cutthroat lineage context.","source_segment_id":"co_named_stream_104486","water_id":"co_dry_creek_14050001_greenRiverBlue_001","occurrence_id":"co_dry_creek_14050001_greenRiverBlue_001","occurrence_number":"001","segment_count":24,"disambiguator":"Upper Yampa · Green River / blue-lineage CT · occurrence 001","basin":"Upper Yampa","atlas_layer":"named_water_occurrence","object_role":"named_water_occurrence","historic_label":"Green River / blue-lineage CT","current_label":"Green River / blue-lineage CT","recovery_label":"Recovery watch / review area","tier":"tier2","minZoom":12,"confidence_public":"Watershed-level lineage context; expert review recommended","geometry_status_public":"Named natural stream occurrence from statewide hydrography","geometry_source_public":"Grouped public hydrography segments","trout_source_public":"Compiled public recovery and lineage context; expert review recommended","public_notes":"Dry Creek is shown as a named-water occurrence within watershed-level cutthroat lineage context. This is not a precise biological boundary."}},{"type":"Feature","geometry":{"type":"LineString","coordinates":[[-107.2527,40.5949],[-107.2545,40.5949],[-107.2546,40.5941]]},"properties":{"source_id":"co_named_stream_104683","name":"Dry Fork Elkhead Creek","display_name":"Dry Fork Elkhead Creek","mapped_name":"Dry Fork Elkhead Creek","source_name":"Dry Fork Elkhead Creek","state":"CO","atlas_class":"named_natural_stream","huc8":"14050001","huc8Name":"Upper Yampa","huc8States":"CO","lineageKey":"greenRiverBlue","lineage":"greenRiverBlue","historic":"greenRiverBlue","current":"greenRiverBlue","recovery":"recoveryWatch","lineageLabel":"Green River / blue-lineage CT","lineageBasin":"Upper Yampa","lineageNote":"Yampa blue-lineage context","atlas_context":"cutthroat_lineage_context","confidence":"Watershed-level lineage context; expert review recommended","geometryStatus":"Named natural stream segment from statewide hydrography","note":"This named natural stream falls within a HUC8 assigned to a cutthroat lineage context.","source_segment_id":"co_named_stream_104683","water_id":"co_dry_fork_elkhead_creek_14050001_greenRiverBlue_001","occurrence_id":"co_dry_fork_elkhead_creek_14050001_greenRiverBlue_001","occurrence_number":"001","segment_count":30,"disambiguator":"Upper Yampa · Green River / blue-lineage CT · occurrence 001","basin":"Upper Yampa","atlas_layer":"named_water_occurrence","object_role":"named_water_occurrence","historic_label":"Green River / blue-lineage CT","current_label":"Green River / blue-lineage CT","recovery_label":"Recovery watch / review area","tier":"tier2","minZoom":12,"confidence_public":"Watershed-level lineage context; expert review recommended","geometry_status_public":"Named natural stream occurrence from statewide hydrography","geometry_source_public":"Grouped public hydrography segments","trout_source_public":"Compiled public recovery and lineage context; expert review recommended","public_notes":"Dry Fork Elkhead Creek is shown as a named-water occurrence within watershed-level cutthroat lineage context. This is not a precise biological boundary."}},{"type":"Feature","geometry":{"type":"LineString","coordinates":[[-107.2738,40.6065],[-107.2805,40.6086]]},"properties":{"source_id":"co_named_stream_104684","name":"Dry Fork Elkhead Creek","display_name":"Dry Fork Elkhead Creek","mapped_name":"Dry Fork Elkhead Creek","source_name":"Dry Fork Elkhead Creek","state":"CO","atlas_class":"named_natural_stream","huc8":"14050001","huc8Name":"Upper Yampa","huc8States":"CO","lineageKey":"greenRiverBlue","lineage":"greenRiverBlue","historic":"greenRiverBlue","current":"greenRiverBlue","recovery":"recoveryWatch","lineageLabel":"Green River / blue-lineage CT","lineageBasin":"Upper Yampa","lineageNote":"Yampa blue-lineage context","atlas_context":"cutthroat_lineage_context","confidence":"Watershed-level lineage context; expert review recommended","geometryStatus":"Named natural stream segment from statewide hydrography","note":"This named natural stream falls within a HUC8 assigned to a cutthroat lineage context.","source_segment_id":"co_named_stream_104684","water_id":"co_dry_fork_elkhead_creek_14050001_greenRiverBlue_001","occurrence_id":"co_dry_fork_elkhead_creek_14050001_greenRiverBlue_001","occurrence_number":"001","segment_count":30,"disambiguator":"Upper Yampa · Green River / blue-lineage CT · occurrence 001","basin":"Upper Yampa","atlas_layer":"named_water_occurrence","object_role":"named_water_occurrence","historic_label":"Green River / blue-lineage CT","current_label":"Green River / blue-lineage CT","recovery_label":"Recovery watch / review area","tier":"tier2","minZoom":12,"confidence_public":"Watershed-level lineage context; expert review recommended","geometry_status_public":"Named natural stream occurrence from statewide hydrography","geometry_source_public":"Grouped public hydrography segments","trout_source_public":"Compiled public recovery and lineage context; expert review recommended","public_notes":"Dry Fork Elkhead Creek is shown as a named-water occurrence within watershed-level cutthroat lineage context. This is not a precise biological boundary."}},{"type":"Feature","geometry":{"type":"LineString","coordinates":[[-107.2608,40.5965],[-107.2612,40.5975],[-107.2645,40.5991],[-107.265,40.601],[-107.266,40.601],[-107.2653,40.6016],[-107.2695,40.6028],[-107.2687,40.6044],[-107.2705,40.6061]]},"properties":{"source_id":"co_named_stream_104690","name":"Dry Fork Elkhead Creek","display_name":"Dry Fork Elkhead Creek","mapped_name":"Dry Fork Elkhead Creek","source_name":"Dry Fork Elkhead Creek","state":"CO","atlas_class":"named_natural_stream","huc8":"14050001","huc8Name":"Upper Yampa","huc8States":"CO","lineageKey":"greenRiverBlue","lineage":"greenRiverBlue","historic":"greenRiverBlue","current":"greenRiverBlue","recovery":"recoveryWatch","lineageLabel":"Green River / blue-lineage CT","lineageBasin":"Upper Yampa","lineageNote":"Yampa blue-lineage context","atlas_context":"cutthroat_lineage_context","confidence":"Watershed-level lineage context; expert review recommended","geometryStatus":"Named natural stream segment from statewide hydrography","note":"This named natural stream falls within a HUC8 assigned to a cutthroat lineage context.","source_segment_id":"co_named_stream_104690","water_id":"co_dry_fork_elkhead_creek_14050001_greenRiverBlue_001","occurrence_id":"co_dry_fork_elkhead_creek_14050001_greenRiverBlue_001","occurrence_number":"001","segment_count":30,"disambiguator":"Upper Yampa · Green River / blue-lineage CT · occurrence 001","basin":"Upper Yampa","atlas_layer":"named_water_occurrence","object_role":"named_water_occurrence","historic_label":"Green River / blue-lineage CT","current_label":"Green River / blue-lineage CT","recovery_label":"Recovery watch / review area","tier":"tier2","minZoom":12,"confidence_public":"Watershed-level lineage context; expert review recommended","geometry_status_public":"Named natural stream occurrence from statewide hydrography","geometry_source_public":"Grouped public hydrography segments","trout_source_public":"Compiled public recovery and lineage context; expert review recommended","public_notes":"Dry Fork Elkhead Creek is shown as a named-water occurrence within watershed-level cutthroat lineage context. This is not a precise biological boundary."}},{"type":"Feature","geometry":{"type":"LineString","coordinates":[[-107.2851,40.6025],[-107.2863,40.6029],[-107.2879,40.6009],[-107.2888,40.6012]]},"properties":{"source_id":"co_named_stream_104700","name":"Dry Fork Elkhead Creek","display_name":"Dry Fork Elkhead Creek","mapped_name":"Dry Fork Elkhead Creek","source_name":"Dry Fork Elkhead Creek","state":"CO","atlas_class":"named_natural_stream","huc8":"14050001","huc8Name":"Upper Yampa","huc8States":"CO","lineageKey":"greenRiverBlue","lineage":"greenRiverBlue","historic":"greenRiverBlue","current":"greenRiverBlue","recovery":"recoveryWatch","lineageLabel":"Green River / blue-lineage CT","lineageBasin":"Upper Yampa","lineageNote":"Yampa blue-lineage context","atlas_context":"cutthroat_lineage_context","confidence":"Watershed-level lineage context; expert review recommended","geometryStatus":"Named natural stream segment from statewide hydrography","note":"This named natural stream falls within a HUC8 assigned to a cutthroat lineage context.","source_segment_id":"co_named_stream_104700","water_id":"co_dry_fork_elkhead_creek_14050001_greenRiverBlue_001","occurrence_id":"co_dry_fork_elkhead_creek_14050001_greenRiverBlue_001","occurrence_number":"001","segment_count":30,"disambiguator":"Upper Yampa · Green River / blue-lineage CT · occurrence 001","basin":"Upper Yampa","atlas_layer":"named_water_occurrence","object_role":"named_water_occurrence","historic_label":"Green River / blue-lineage CT","current_label":"Green River / blue-lineage CT","recovery_label":"Recovery watch / review area","tier":"tier2","minZoom":12,"confidence_public":"Watershed-level lineage context; expert review recommended","geometry_status_public":"Named natural stream occurrence from statewide hydrography","geometry_source_public":"Grouped public hydrography segments","trout_source_public":"Compiled public recovery and lineage context; expert review recommended","public_notes":"Dry Fork Elkhead Creek is shown as a named-water occurrence within watershed-level cutthroat lineage context. This is not a precise biological boundary."}},{"type":"Feature","geometry":{"type":"LineString","coordinates":[[-107.2805,40.6086],[-107.2817,40.6064],[-107.2829,40.6074],[-107.284,40.6067],[-107.2826,40.6063],[-107.2827,40.6051],[-107.2853,40.6031],[-107.2851,40.6025]]},"properties":{"source_id":"co_named_stream_104703","name":"Dry Fork Elkhead Creek","display_name":"Dry Fork Elkhead Creek","mapped_name":"Dry Fork Elkhead Creek","source_name":"Dry Fork Elkhead Creek","state":"CO","atlas_class":"named_natural_stream","huc8":"14050001","huc8Name":"Upper Yampa","huc8States":"CO","lineageKey":"greenRiverBlue","lineage":"greenRiverBlue","historic":"greenRiverBlue","current":"greenRiverBlue","recovery":"recoveryWatch","lineageLabel":"Green River / blue-lineage CT","lineageBasin":"Upper Yampa","lineageNote":"Yampa blue-lineage context","atlas_context":"cutthroat_lineage_context","confidence":"Watershed-level lineage context; expert review recommended","geometryStatus":"Named natural stream segment from statewide hydrography","note":"This named natural stream falls within a HUC8 assigned to a cutthroat lineage context.","source_segment_id":"co_named_stream_104703","water_id":"co_dry_fork_elkhead_creek_14050001_greenRiverBlue_001","occurrence_id":"co_dry_fork_elkhead_creek_14050001_greenRiverBlue_001","occurrence_number":"001","segment_count":30,"disambiguator":"Upper Yampa · Green River / blue-lineage CT · occurrence 001","basin":"Upper Yampa","atlas_layer":"named_water_occurrence","object_role":"named_water_occurrence","historic_label":"Green River / blue-lineage CT","current_label":"Green River / blue-lineage CT","recovery_label":"Recovery watch / review area","tier":"tier2","minZoom":12,"confidence_public":"Watershed-level lineage context; expert review recommended","geometry_status_public":"Named natural stream occurrence from statewide hydrography","geometry_source_public":"Grouped public hydrography segments","trout_source_public":"Compiled public recovery and lineage context; expert review recommended","public_notes":"Dry Fork Elkhead Creek is shown as a named-water occurrence within watershed-level cutthroat lineage context. This is not a precise biological boundary."}},{"type":"Feature","geometry":{"type":"LineString","coordinates":[[-107.2546,40.5941],[-107.2561,40.5949],[-107.2569,40.5938],[-107.2576,40.5948],[-107.2583,40.5945],[-107.2576,40.5953],[-107.2581,40.596],[-107.2608,40.5965]]},"properties":{"source_id":"co_named_stream_104705","name":"Dry Fork Elkhead Creek","display_name":"Dry Fork Elkhead Creek","mapped_name":"Dry Fork Elkhead Creek","source_name":"Dry Fork Elkhead Creek","state":"CO","atlas_class":"named_natural_stream","huc8":"14050001","huc8Name":"Upper Yampa","huc8States":"CO","lineageKey":"greenRiverBlue","lineage":"greenRiverBlue","historic":"greenRiverBlue","current":"greenRiverBlue","recovery":"recoveryWatch","lineageLabel":"Green River / blue-lineage CT","lineageBasin":"Upper Yampa","lineageNote":"Yampa blue-lineage context","atlas_context":"cutthroat_lineage_context","confidence":"Watershed-level lineage context; expert review recommended","geometryStatus":"Named natural stream segment from statewide hydrography","note":"This named natural stream falls within a HUC8 assigned to a cutthroat lineage context.","source_segment_id":"co_named_stream_104705","water_id":"co_dry_fork_elkhead_creek_14050001_greenRiverBlue_001","occurrence_id":"co_dry_fork_elkhead_creek_14050001_greenRiverBlue_001","occurrence_number":"001","segment_count":30,"disambiguator":"Upper Yampa · Green River / blue-lineage CT · occurrence 001","basin":"Upper Yampa","atlas_layer":"named_water_occurrence","object_role":"named_water_occurrence","historic_label":"Green River / blue-lineage CT","current_label":"Green River / blue-lineage CT","recovery_label":"Recovery watch / review area","tier":"tier2","minZoom":12,"confidence_public":"Watershed-level lineage context; expert review recommended","geometry_status_public":"Named natural stream occurrence from statewide hydrography","geometry_source_public":"Grouped public hydrography segments","trout_source_public":"Compiled public recovery and lineage context; expert review recommended","public_notes":"Dry Fork Elkhead Creek is shown as a named-water occurrence within watershed-level cutthroat lineage context. This is not a precise biological boundary."}},{"type":"Feature","geometry":{"type":"LineString","coordinates":[[-107.2705,40.6061],[-107.2711,40.6052],[-107.2714,40.6065]]},"properties":{"source_id":"co_named_stream_104708","name":"Dry Fork Elkhead Creek","display_name":"Dry Fork Elkhead Creek","mapped_name":"Dry Fork Elkhead Creek","source_name":"Dry Fork Elkhead Creek","state":"CO","atlas_class":"named_natural_stream","huc8":"14050001","huc8Name":"Upper Yampa","huc8States":"CO","lineageKey":"greenRiverBlue","lineage":"greenRiverBlue","historic":"greenRiverBlue","current":"greenRiverBlue","recovery":"recoveryWatch","lineageLabel":"Green River / blue-lineage CT","lineageBasin":"Upper Yampa","lineageNote":"Yampa blue-lineage context","atlas_context":"cutthroat_lineage_context","confidence":"Watershed-level lineage context; expert review recommended","geometryStatus":"Named natural stream segment from statewide hydrography","note":"This named natural stream falls within a HUC8 assigned to a cutthroat lineage context.","source_segment_id":"co_named_stream_104708","water_id":"co_dry_fork_elkhead_creek_14050001_greenRiverBlue_001","occurrence_id":"co_dry_fork_elkhead_creek_14050001_greenRiverBlue_001","occurrence_number":"001","segment_count":30,"disambiguator":"Upper Yampa · Green River / blue-lineage CT · occurrence 001","basin":"Upper Yampa","atlas_layer":"named_water_occurrence","object_role":"named_water_occurrence","historic_label":"Green River / blue-lineage CT","current_label":"Green River / blue-lineage CT","recovery_label":"Recovery watch / review area","tier":"tier2","minZoom":12,"confidence_public":"Watershed-level lineage context; expert review recommended","geometry_status_public":"Named natural stream occurrence from statewide hydrography","geometry_source_public":"Grouped public hydrography segments","trout_source_public":"Compiled public recovery and lineage context; expert review recommended","public_notes":"Dry Fork Elkhead Creek is shown as a named-water occurrence within watershed-level cutthroat lineage context. This is not a precise biological boundary."}},{"type":"Feature","geometry":{"type":"LineString","coordinates":[[-107.248,40.5949],[-107.2509,40.5943],[-107.2513,40.5954],[-107.2527,40.5949]]},"properties":{"source_id":"co_named_stream_104709","name":"Dry Fork Elkhead Creek","display_name":"Dry Fork Elkhead Creek","mapped_name":"Dry Fork Elkhead Creek","source_name":"Dry Fork Elkhead Creek","state":"CO","atlas_class":"named_natural_stream","huc8":"14050001","huc8Name":"Upper Yampa","huc8States":"CO","lineageKey":"greenRiverBlue","lineage":"greenRiverBlue","historic":"greenRiverBlue","current":"greenRiverBlue","recovery":"recoveryWatch","lineageLabel":"Green River / blue-lineage CT","lineageBasin":"Upper Yampa","lineageNote":"Yampa blue-lineage context","atlas_context":"cutthroat_lineage_context","confidence":"Watershed-level lineage context; expert review recommended","geometryStatus":"Named natural stream segment from statewide hydrography","note":"This named natural stream falls within a HUC8 assigned to a cutthroat lineage context.","source_segment_id":"co_named_stream_104709","water_id":"co_dry_fork_elkhead_creek_14050001_greenRiverBlue_001","occurrence_id":"co_dry_fork_elkhead_creek_14050001_greenRiverBlue_001","occurrence_number":"001","segment_count":30,"disambiguator":"Upper Yampa · Green River / blue-lineage CT · occurrence 001","basin":"Upper Yampa","atlas_layer":"named_water_occurrence","object_role":"named_water_occurrence","historic_label":"Green River / blue-lineage CT","current_label":"Green River / blue-lineage CT","recovery_label":"Recovery watch / review area","tier":"tier2","minZoom":12,"confidence_public":"Watershed-level lineage context; expert review recommended","geometry_status_public":"Named natural stream occurrence from statewide hydrography","geometry_source_public":"Grouped public hydrography segments","trout_source_public":"Compiled public recovery and lineage context; expert review recommended","public_notes":"Dry Fork Elkhead Creek is shown as a named-water occurrence within watershed-level cutthroat lineage context. This is not a precise biological boundary."}},{"type":"Feature","geometry":{"type":"LineString","coordinates":[[-107.2714,40.6065],[-107.2738,40.6065]]},"properties":{"source_id":"co_named_stream_104713","name":"Dry Fork Elkhead Creek","display_name":"Dry Fork Elkhead Creek","mapped_name":"Dry Fork Elkhead Creek","source_name":"Dry Fork Elkhead Creek","state":"CO","atlas_class":"named_natural_stream","huc8":"14050001","huc8Name":"Upper Yampa","huc8States":"CO","lineageKey":"greenRiverBlue","lineage":"greenRiverBlue","historic":"greenRiverBlue","current":"greenRiverBlue","recovery":"recoveryWatch","lineageLabel":"Green River / blue-lineage CT","lineageBasin":"Upper Yampa","lineageNote":"Yampa blue-lineage context","atlas_context":"cutthroat_lineage_context","confidence":"Watershed-level lineage context; expert review recommended","geometryStatus":"Named natural stream segment from statewide hydrography","note":"This named natural stream falls within a HUC8 assigned to a cutthroat lineage context.","source_segment_id":"co_named_stream_104713","water_id":"co_dry_fork_elkhead_creek_14050001_greenRiverBlue_001","occurrence_id":"co_dry_fork_elkhead_creek_14050001_greenRiverBlue_001","occurrence_number":"001","segment_count":30,"disambiguator":"Upper Yampa · Green River / blue-lineage CT · occurrence 001","basin":"Upper Yampa","atlas_layer":"named_water_occurrence","object_role":"named_water_occurrence","historic_label":"Green River / blue-lineage CT","current_label":"Green River / blue-lineage CT","recovery_label":"Recovery watch / review area","tier":"tier2","minZoom":12,"confidence_public":"Watershed-level lineage context; expert review recommended","geometry_status_public":"Named natural stream occurrence from statewide hydrography","geometry_source_public":"Grouped public hydrography segments","trout_source_public":"Compiled public recovery and lineage context; expert review recommended","public_notes":"Dry Fork Elkhead Creek is shown as a named-water occurrence within watershed-level cutthroat lineage context. This is not a precise biological boundary."}},{"type":"Feature","geometry":{"type":"LineString","coordinates":[[-107.2872,40.6803],[-107.2876,40.6795],[-107.286,40.6786],[-107.2856,40.6768],[-107.2864,40.6764],[-107.2879,40.672]]},"properties":{"source_id":"co_named_stream_105761","name":"North Fork Elkhead Creek","display_name":"North Fork Elkhead Creek","mapped_name":"North Fork Elkhead Creek","source_name":"North Fork Elkhead Creek","state":"CO","atlas_class":"named_natural_stream","huc8":"14050001","huc8Name":"Upper Yampa","huc8States":"CO","lineageKey":"greenRiverBlue","lineage":"greenRiverBlue","historic":"greenRiverBlue","current":"greenRiverBlue","recovery":"recoveryWatch","lineageLabel":"Green River / blue-lineage CT","lineageBasin":"Upper Yampa","lineageNote":"Yampa blue-lineage context","atlas_context":"cutthroat_lineage_context","confidence":"Watershed-level lineage context; expert review recommended","geometryStatus":"Named natural stream segment from statewide hydrography","note":"This named natural stream falls within a HUC8 assigned to a cutthroat lineage context.","source_segment_id":"co_named_stream_105761","water_id":"co_north_fork_elkhead_creek_14050001_greenRiverBlue_001","occurrence_id":"co_north_fork_elkhead_creek_14050001_greenRiverBlue_001","occurrence_number":"001","segment_count":28,"disambiguator":"Upper Yampa · Green River / blue-lineage CT · occurrence 001","basin":"Upper Yampa","atlas_layer":"named_water_occurrence","object_role":"named_water_occurrence","historic_label":"Green River / blue-lineage CT","current_label":"Green River / blue-lineage CT","recovery_label":"Recovery watch / review area","tier":"tier2","minZoom":12,"confidence_public":"Watershed-level lineage context; expert review recommended","geometry_status_public":"Named natural stream occurrence from statewide hydrography","geometry_source_public":"Grouped public hydrography segments","trout_source_public":"Compiled public recovery and lineage context; expert review recommended","public_notes":"North Fork Elkhead Creek is shown as a named-water occurrence within watershed-level cutthroat lineage context. This is not a precise biological boundary."}},{"type":"Feature","geometry":{"type":"LineString","coordinates":[[-107.2879,40.672],[-107.2881,40.669],[-107.2873,40.6683]]},"properties":{"source_id":"co_named_stream_105762","name":"North Fork Elkhead Creek","display_name":"North Fork Elkhead Creek","mapped_name":"North Fork Elkhead Creek","source_name":"North Fork Elkhead Creek","state":"CO","atlas_class":"named_natural_stream","huc8":"14050001","huc8Name":"Upper Yampa","huc8States":"CO","lineageKey":"greenRiverBlue","lineage":"greenRiverBlue","historic":"greenRiverBlue","current":"greenRiverBlue","recovery":"recoveryWatch","lineageLabel":"Green River / blue-lineage CT","lineageBasin":"Upper Yampa","lineageNote":"Yampa blue-lineage context","atlas_context":"cutthroat_lineage_context","confidence":"Watershed-level lineage context; expert review recommended","geometryStatus":"Named natural stream segment from statewide hydrography","note":"This named natural stream falls within a HUC8 assigned to a cutthroat lineage context.","source_segment_id":"co_named_stream_105762","water_id":"co_north_fork_elkhead_creek_14050001_greenRiverBlue_001","occurrence_id":"co_north_fork_elkhead_creek_14050001_greenRiverBlue_001","occurrence_number":"001","segment_count":28,"disambiguator":"Upper Yampa · Green River / blue-lineage CT · occurrence 001","basin":"Upper Yampa","atlas_layer":"named_water_occurrence","object_role":"named_water_occurrence","historic_label":"Green River / blue-lineage CT","current_label":"Green River / blue-lineage CT","recovery_label":"Recovery watch / review area","tier":"tier2","minZoom":12,"confidence_public":"Watershed-level lineage context; expert review recommended","geometry_status_public":"Named natural stream occurrence from statewide hydrography","geometry_source_public":"Grouped public hydrography segments","trout_source_public":"Compiled public recovery and lineage context; expert review recommended","public_notes":"North Fork Elkhead Creek is shown as a named-water occurrence within watershed-level cutthroat lineage context. This is not a precise biological boundary."}},{"type":"Feature","geometry":{"type":"LineString","coordinates":[[-107.2779,40.7009],[-107.2764,40.6992],[-107.2761,40.6966],[-107.2777,40.694]]},"properties":{"source_id":"co_named_stream_106748","name":"North Fork Elkhead Creek","display_name":"North Fork Elkhead Creek","mapped_name":"North Fork Elkhead Creek","source_name":"North Fork Elkhead Creek","state":"CO","atlas_class":"named_natural_stream","huc8":"14050001","huc8Name":"Upper Yampa","huc8States":"CO","lineageKey":"greenRiverBlue","lineage":"greenRiverBlue","historic":"greenRiverBlue","current":"greenRiverBlue","recovery":"recoveryWatch","lineageLabel":"Green River / blue-lineage CT","lineageBasin":"Upper Yampa","lineageNote":"Yampa blue-lineage context","atlas_context":"cutthroat_lineage_context","confidence":"Watershed-level lineage context; expert review recommended","geometryStatus":"Named natural stream segment from statewide hydrography","note":"This named natural stream falls within a HUC8 assigned to a cutthroat lineage context.","source_segment_id":"co_named_stream_106748","water_id":"co_north_fork_elkhead_creek_14050001_greenRiverBlue_001","occurrence_id":"co_north_fork_elkhead_creek_14050001_greenRiverBlue_001","occurrence_number":"001","segment_count":28,"disambiguator":"Upper Yampa · Green River / blue-lineage CT · occurrence 001","basin":"Upper Yampa","atlas_layer":"named_water_occurrence","object_role":"named_water_occurrence","historic_label":"Green River / blue-lineage CT","current_label":"Green River / blue-lineage CT","recovery_label":"Recovery watch / review area","tier":"tier2","minZoom":12,"confidence_public":"Watershed-level lineage context; expert review recommended","geometry_status_public":"Named natural stream occurrence from statewide hydrography","geometry_source_public":"Grouped public hydrography segments","trout_source_public":"Compiled public recovery and lineage context; expert review recommended","public_notes":"North Fork Elkhead Creek is shown as a named-water occurrence within watershed-level cutthroat lineage context. This is not a precise biological boundary."}},{"type":"Feature","geometry":{"type":"LineString","coordinates":[[-107.2784,40.7097],[-107.2792,40.7084]]},"properties":{"source_id":"co_named_stream_106749","name":"North Fork Elkhead Creek","display_name":"North Fork Elkhead Creek","mapped_name":"North Fork Elkhead Creek","source_name":"North Fork Elkhead Creek","state":"CO","atlas_class":"named_natural_stream","huc8":"14050001","huc8Name":"Upper Yampa","huc8States":"CO","lineageKey":"greenRiverBlue","lineage":"greenRiverBlue","historic":"greenRiverBlue","current":"greenRiverBlue","recovery":"recoveryWatch","lineageLabel":"Green River / blue-lineage CT","lineageBasin":"Upper Yampa","lineageNote":"Yampa blue-lineage context","atlas_context":"cutthroat_lineage_context","confidence":"Watershed-level lineage context; expert review recommended","geometryStatus":"Named natural stream segment from statewide hydrography","note":"This named natural stream falls within a HUC8 assigned to a cutthroat lineage context.","source_segment_id":"co_named_stream_106749","water_id":"co_north_fork_elkhead_creek_14050001_greenRiverBlue_001","occurrence_id":"co_north_fork_elkhead_creek_14050001_greenRiverBlue_001","occurrence_number":"001","segment_count":28,"disambiguator":"Upper Yampa · Green River / blue-lineage CT · occurrence 001","basin":"Upper Yampa","atlas_layer":"named_water_occurrence","object_role":"named_water_occurrence","historic_label":"Green River / blue-lineage CT","current_label":"Green River / blue-lineage CT","recovery_label":"Recovery watch / review area","tier":"tier2","minZoom":12,"confidence_public":"Watershed-level lineage context; expert review recommended","geometry_status_public":"Named natural stream occurrence from statewide hydrography","geometry_source_public":"Grouped public hydrography segments","trout_source_public":"Compiled public recovery and lineage context; expert review recommended","public_notes":"North Fork Elkhead Creek is shown as a named-water occurrence within watershed-level cutthroat lineage context. This is not a precise biological boundary."}},{"type":"Feature","geometry":{"type":"LineString","coordinates":[[-107.279,40.7202],[-107.2799,40.7199],[-107.2801,40.7173]]},"properties":{"source_id":"co_named_stream_106750","name":"North Fork Elkhead Creek","display_name":"North Fork Elkhead Creek","mapped_name":"North Fork Elkhead Creek","source_name":"North Fork Elkhead Creek","state":"CO","atlas_class":"named_natural_stream","huc8":"14050001","huc8Name":"Upper Yampa","huc8States":"CO","lineageKey":"greenRiverBlue","lineage":"greenRiverBlue","historic":"greenRiverBlue","current":"greenRiverBlue","recovery":"recoveryWatch","lineageLabel":"Green River / blue-lineage CT","lineageBasin":"Upper Yampa","lineageNote":"Yampa blue-lineage context","atlas_context":"cutthroat_lineage_context","confidence":"Watershed-level lineage context; expert review recommended","geometryStatus":"Named natural stream segment from statewide hydrography","note":"This named natural stream falls within a HUC8 assigned to a cutthroat lineage context.","source_segment_id":"co_named_stream_106750","water_id":"co_north_fork_elkhead_creek_14050001_greenRiverBlue_001","occurrence_id":"co_north_fork_elkhead_creek_14050001_greenRiverBlue_001","occurrence_number":"001","segment_count":28,"disambiguator":"Upper Yampa · Green River / blue-lineage CT · occurrence 001","basin":"Upper Yampa","atlas_layer":"named_water_occurrence","object_role":"named_water_occurrence","historic_label":"Green River / blue-lineage CT","current_label":"Green River / blue-lineage CT","recovery_label":"Recovery watch / review area","tier":"tier2","minZoom":12,"confidence_public":"Watershed-level lineage context; expert review recommended","geometry_status_public":"Named natural stream occurrence from statewide hydrography","geometry_source_public":"Grouped public hydrography segments","trout_source_public":"Compiled public recovery and lineage context; expert review recommended","public_notes":"North Fork Elkhead Creek is shown as a named-water occurrence within watershed-level cutthroat lineage context. This is not a precise biological boundary."}},{"type":"Feature","geometry":{"type":"LineString","coordinates":[[-107.2724,40.7432],[-107.2735,40.7406]]},"properties":{"source_id":"co_named_stream_106751","name":"North Fork Elkhead Creek","display_name":"North Fork Elkhead Creek","mapped_name":"North Fork Elkhead Creek","source_name":"North Fork Elkhead Creek","state":"CO","atlas_class":"named_natural_stream","huc8":"14050001","huc8Name":"Upper Yampa","huc8States":"CO","lineageKey":"greenRiverBlue","lineage":"greenRiverBlue","historic":"greenRiverBlue","current":"greenRiverBlue","recovery":"recoveryWatch","lineageLabel":"Green River / blue-lineage CT","lineageBasin":"Upper Yampa","lineageNote":"Yampa blue-lineage context","atlas_context":"cutthroat_lineage_context","confidence":"Watershed-level lineage context; expert review recommended","geometryStatus":"Named natural stream segment from statewide hydrography","note":"This named natural stream falls within a HUC8 assigned to a cutthroat lineage context.","source_segment_id":"co_named_stream_106751","water_id":"co_north_fork_elkhead_creek_14050001_greenRiverBlue_001","occurrence_id":"co_north_fork_elkhead_creek_14050001_greenRiverBlue_001","occurrence_number":"001","segment_count":28,"disambiguator":"Upper Yampa · Green River / blue-lineage CT · occurrence 001","basin":"Upper Yampa","atlas_layer":"named_water_occurrence","object_role":"named_water_occurrence","historic_label":"Green River / blue-lineage CT","current_label":"Green River / blue-lineage CT","recovery_label":"Recovery watch / review area","tier":"tier2","minZoom":12,"confidence_public":"Watershed-level lineage context; expert review recommended","geometry_status_public":"Named natural stream occurrence from statewide hydrography","geometry_source_public":"Grouped public hydrography segments","trout_source_public":"Compiled public recovery and lineage context; expert review recommended","public_notes":"North Fork Elkhead Creek is shown as a named-water occurrence within watershed-level cutthroat lineage context. This is not a precise biological boundary."}},{"type":"Feature","geometry":{"type":"LineString","coordinates":[[-107.2717,40.7437],[-107.2724,40.7432]]},"properties":{"source_id":"co_named_stream_106752","name":"North Fork Elkhead Creek","display_name":"North Fork Elkhead Creek","mapped_name":"North Fork Elkhead Creek","source_name":"North Fork Elkhead Creek","state":"CO","atlas_class":"named_natural_stream","huc8":"14050001","huc8Name":"Upper Yampa","huc8States":"CO","lineageKey":"greenRiverBlue","lineage":"greenRiverBlue","historic":"greenRiverBlue","current":"greenRiverBlue","recovery":"recoveryWatch","lineageLabel":"Green River / blue-lineage CT","lineageBasin":"Upper Yampa","lineageNote":"Yampa blue-lineage context","atlas_context":"cutthroat_lineage_context","confidence":"Watershed-level lineage context; expert review recommended","geometryStatus":"Named natural stream segment from statewide hydrography","note":"This named natural stream falls within a HUC8 assigned to a cutthroat lineage context.","source_segment_id":"co_named_stream_106752","water_id":"co_north_fork_elkhead_creek_14050001_greenRiverBlue_001","occurrence_id":"co_north_fork_elkhead_creek_14050001_greenRiverBlue_001","occurrence_number":"001","segment_count":28,"disambiguator":"Upper Yampa · Green River / blue-lineage CT · occurrence 001","basin":"Upper Yampa","atlas_layer":"named_water_occurrence","object_role":"named_water_occurrence","historic_label":"Green River / blue-lineage CT","current_label":"Green River / blue-lineage CT","recovery_label":"Recovery watch / review area","tier":"tier2","minZoom":12,"confidence_public":"Watershed-level lineage context; expert review recommended","geometry_status_public":"Named natural stream occurrence from statewide hydrography","geometry_source_public":"Grouped public hydrography segments","trout_source_public":"Compiled public recovery and lineage context; expert review recommended","public_notes":"North Fork Elkhead Creek is shown as a named-water occurrence within watershed-level cutthroat lineage context. This is not a precise biological boundary."}},{"type":"Feature","geometry":{"type":"LineString","coordinates":[[-107.2786,40.7112],[-107.2784,40.7097]]},"properties":{"source_id":"co_named_stream_106753","name":"North Fork Elkhead Creek","display_name":"North Fork Elkhead Creek","mapped_name":"North Fork Elkhead Creek","source_name":"North Fork Elkhead Creek","state":"CO","atlas_class":"named_natural_stream","huc8":"14050001","huc8Name":"Upper Yampa","huc8States":"CO","lineageKey":"greenRiverBlue","lineage":"greenRiverBlue","historic":"greenRiverBlue","current":"greenRiverBlue","recovery":"recoveryWatch","lineageLabel":"Green River / blue-lineage CT","lineageBasin":"Upper Yampa","lineageNote":"Yampa blue-lineage context","atlas_context":"cutthroat_lineage_context","confidence":"Watershed-level lineage context; expert review recommended","geometryStatus":"Named natural stream segment from statewide hydrography","note":"This named natural stream falls within a HUC8 assigned to a cutthroat lineage context.","source_segment_id":"co_named_stream_106753","water_id":"co_north_fork_elkhead_creek_14050001_greenRiverBlue_001","occurrence_id":"co_north_fork_elkhead_creek_14050001_greenRiverBlue_001","occurrence_number":"001","segment_count":28,"disambiguator":"Upper Yampa · Green River / blue-lineage CT · occurrence 001","basin":"Upper Yampa","atlas_layer":"named_water_occurrence","object_role":"named_water_occurrence","historic_label":"Green River / blue-lineage CT","current_label":"Green River / blue-lineage CT","recovery_label":"Recovery watch / review area","tier":"tier2","minZoom":12,"confidence_public":"Watershed-level lineage context; expert review recommended","geometry_status_public":"Named natural stream occurrence from statewide hydrography","geometry_source_public":"Grouped public hydrography segments","trout_source_public":"Compiled public recovery and lineage context; expert review recommended","public_notes":"North Fork Elkhead Creek is shown as a named-water occurrence within watershed-level cutthroat lineage context. This is not a precise biological boundary."}},{"type":"Feature","geometry":{"type":"LineString","coordinates":[[-107.2777,40.694],[-107.2783,40.6937]]},"properties":{"source_id":"co_named_stream_106754","name":"North Fork Elkhead Creek","display_name":"North Fork Elkhead Creek","mapped_name":"North Fork Elkhead Creek","source_name":"North Fork Elkhead Creek","state":"CO","atlas_class":"named_natural_stream","huc8":"14050001","huc8Name":"Upper Yampa","huc8States":"CO","lineageKey":"greenRiverBlue","lineage":"greenRiverBlue","historic":"greenRiverBlue","current":"greenRiverBlue","recovery":"recoveryWatch","lineageLabel":"Green River / blue-lineage CT","lineageBasin":"Upper Yampa","lineageNote":"Yampa blue-lineage context","atlas_context":"cutthroat_lineage_context","confidence":"Watershed-level lineage context; expert review recommended","geometryStatus":"Named natural stream segment from statewide hydrography","note":"This named natural stream falls within a HUC8 assigned to a cutthroat lineage context.","source_segment_id":"co_named_stream_106754","water_id":"co_north_fork_elkhead_creek_14050001_greenRiverBlue_001","occurrence_id":"co_north_fork_elkhead_creek_14050001_greenRiverBlue_001","occurrence_number":"001","segment_count":28,"disambiguator":"Upper Yampa · Green River / blue-lineage CT · occurrence 001","basin":"Upper Yampa","atlas_layer":"named_water_occurrence","object_role":"named_water_occurrence","historic_label":"Green River / blue-lineage CT","current_label":"Green River / blue-lineage CT","recovery_label":"Recovery watch / review area","tier":"tier2","minZoom":12,"confidence_public":"Watershed-level lineage context; expert review recommended","geometry_status_public":"Named natural stream occurrence from statewide hydrography","geometry_source_public":"Grouped public hydrography segments","trout_source_public":"Compiled public recovery and lineage context; expert review recommended","public_notes":"North Fork Elkhead Creek is shown as a named-water occurrence within watershed-level cutthroat lineage context. This is not a precise biological boundary."}},{"type":"Feature","geometry":{"type":"LineString","coordinates":[[-107.2735,40.7406],[-107.2737,40.7362]]},"properties":{"source_id":"co_named_stream_106755","name":"North Fork Elkhead Creek","display_name":"North Fork Elkhead Creek","mapped_name":"North Fork Elkhead Creek","source_name":"North Fork Elkhead Creek","state":"CO","atlas_class":"named_natural_stream","huc8":"14050001","huc8Name":"Upper Yampa","huc8States":"CO","lineageKey":"greenRiverBlue","lineage":"greenRiverBlue","historic":"greenRiverBlue","current":"greenRiverBlue","recovery":"recoveryWatch","lineageLabel":"Green River / blue-lineage CT","lineageBasin":"Upper Yampa","lineageNote":"Yampa blue-lineage context","atlas_context":"cutthroat_lineage_context","confidence":"Watershed-level lineage context; expert review recommended","geometryStatus":"Named natural stream segment from statewide hydrography","note":"This named natural stream falls within a HUC8 assigned to a cutthroat lineage context.","source_segment_id":"co_named_stream_106755","water_id":"co_north_fork_elkhead_creek_14050001_greenRiverBlue_001","occurrence_id":"co_north_fork_elkhead_creek_14050001_greenRiverBlue_001","occurrence_number":"001","segment_count":28,"disambiguator":"Upper Yampa · Green River / blue-lineage CT · occurrence 001","basin":"Upper Yampa","atlas_layer":"named_water_occurrence","object_role":"named_water_occurrence","historic_label":"Green River / blue-lineage CT","current_label":"Green River / blue-lineage CT","recovery_label":"Recovery watch / review area","tier":"tier2","minZoom":12,"confidence_public":"Watershed-level lineage context; expert review recommended","geometry_status_public":"Named natural stream occurrence from statewide hydrography","geometry_source_public":"Grouped public hydrography segments","trout_source_public":"Compiled public recovery and lineage context; expert review recommended","public_notes":"North Fork Elkhead Creek is shown as a named-water occurrence within watershed-level cutthroat lineage context. This is not a precise biological boundary."}},{"type":"Feature","geometry":{"type":"LineString","coordinates":[[-107.2715,40.7444],[-107.2717,40.7437]]},"properties":{"source_id":"co_named_stream_106756","name":"North Fork Elkhead Creek","display_name":"North Fork Elkhead Creek","mapped_name":"North Fork Elkhead Creek","source_name":"North Fork Elkhead Creek","state":"CO","atlas_class":"named_natural_stream","huc8":"14050001","huc8Name":"Upper Yampa","huc8States":"CO","lineageKey":"greenRiverBlue","lineage":"greenRiverBlue","historic":"greenRiverBlue","current":"greenRiverBlue","recovery":"recoveryWatch","lineageLabel":"Green River / blue-lineage CT","lineageBasin":"Upper Yampa","lineageNote":"Yampa blue-lineage context","atlas_context":"cutthroat_lineage_context","confidence":"Watershed-level lineage context; expert review recommended","geometryStatus":"Named natural stream segment from statewide hydrography","note":"This named natural stream falls within a HUC8 assigned to a cutthroat lineage context.","source_segment_id":"co_named_stream_106756","water_id":"co_north_fork_elkhead_creek_14050001_greenRiverBlue_001","occurrence_id":"co_north_fork_elkhead_creek_14050001_greenRiverBlue_001","occurrence_number":"001","segment_count":28,"disambiguator":"Upper Yampa · Green River / blue-lineage CT · occurrence 001","basin":"Upper Yampa","atlas_layer":"named_water_occurrence","object_role":"named_water_occurrence","historic_label":"Green River / blue-lineage CT","current_label":"Green River / blue-lineage CT","recovery_label":"Recovery watch / review area","tier":"tier2","minZoom":12,"confidence_public":"Watershed-level lineage context; expert review recommended","geometry_status_public":"Named natural stream occurrence from statewide hydrography","geometry_source_public":"Grouped public hydrography segments","trout_source_public":"Compiled public recovery and lineage context; expert review recommended","public_notes":"North Fork Elkhead Creek is shown as a named-water occurrence within watershed-level cutthroat lineage context. This is not a precise biological boundary."}},{"type":"Feature","geometry":{"type":"LineString","coordinates":[[-107.2739,40.7258],[-107.2751,40.7245]]},"properties":{"source_id":"co_named_stream_106758","name":"North Fork Elkhead Creek","display_name":"North Fork Elkhead Creek","mapped_name":"North Fork Elkhead Creek","source_name":"North Fork Elkhead Creek","state":"CO","atlas_class":"named_natural_stream","huc8":"14050001","huc8Name":"Upper Yampa","huc8States":"CO","lineageKey":"greenRiverBlue","lineage":"greenRiverBlue","historic":"greenRiverBlue","current":"greenRiverBlue","recovery":"recoveryWatch","lineageLabel":"Green River / blue-lineage CT","lineageBasin":"Upper Yampa","lineageNote":"Yampa blue-lineage context","atlas_context":"cutthroat_lineage_context","confidence":"Watershed-level lineage context; expert review recommended","geometryStatus":"Named natural stream segment from statewide hydrography","note":"This named natural stream falls within a HUC8 assigned to a cutthroat lineage context.","source_segment_id":"co_named_stream_106758","water_id":"co_north_fork_elkhead_creek_14050001_greenRiverBlue_001","occurrence_id":"co_north_fork_elkhead_creek_14050001_greenRiverBlue_001","occurrence_number":"001","segment_count":28,"disambiguator":"Upper Yampa · Green River / blue-lineage CT · occurrence 001","basin":"Upper Yampa","atlas_layer":"named_water_occurrence","object_role":"named_water_occurrence","historic_label":"Green River / blue-lineage CT","current_label":"Green River / blue-lineage CT","recovery_label":"Recovery watch / review area","tier":"tier2","minZoom":12,"confidence_public":"Watershed-level lineage context; expert review recommended","geometry_status_public":"Named natural stream occurrence from statewide hydrography","geometry_source_public":"Grouped public hydrography segments","trout_source_public":"Compiled public recovery and lineage context; expert review recommended","public_notes":"North Fork Elkhead Creek is shown as a named-water occurrence within watershed-level cutthroat lineage context. This is not a precise biological boundary."}},{"type":"Feature","geometry":{"type":"LineString","coordinates":[[-107.2769,40.7222],[-107.2777,40.7218]]},"properties":{"source_id":"co_named_stream_106759","name":"North Fork Elkhead Creek","display_name":"North Fork Elkhead Creek","mapped_name":"North Fork Elkhead Creek","source_name":"North Fork Elkhead Creek","state":"CO","atlas_class":"named_natural_stream","huc8":"14050001","huc8Name":"Upper Yampa","huc8States":"CO","lineageKey":"greenRiverBlue","lineage":"greenRiverBlue","historic":"greenRiverBlue","current":"greenRiverBlue","recovery":"recoveryWatch","lineageLabel":"Green River / blue-lineage CT","lineageBasin":"Upper Yampa","lineageNote":"Yampa blue-lineage context","atlas_context":"cutthroat_lineage_context","confidence":"Watershed-level lineage context; expert review recommended","geometryStatus":"Named natural stream segment from statewide hydrography","note":"This named natural stream falls within a HUC8 assigned to a cutthroat lineage context.","source_segment_id":"co_named_stream_106759","water_id":"co_north_fork_elkhead_creek_14050001_greenRiverBlue_001","occurrence_id":"co_north_fork_elkhead_creek_14050001_greenRiverBlue_001","occurrence_number":"001","segment_count":28,"disambiguator":"Upper Yampa · Green River / blue-lineage CT · occurrence 001","basin":"Upper Yampa","atlas_layer":"named_water_occurrence","object_role":"named_water_occurrence","historic_label":"Green River / blue-lineage CT","current_label":"Green River / blue-lineage CT","recovery_label":"Recovery watch / review area","tier":"tier2","minZoom":12,"confidence_public":"Watershed-level lineage context; expert review recommended","geometry_status_public":"Named natural stream occurrence from statewide hydrography","geometry_source_public":"Grouped public hydrography segments","trout_source_public":"Compiled public recovery and lineage context; expert review recommended","public_notes":"North Fork Elkhead Creek is shown as a named-water occurrence within watershed-level cutthroat lineage context. This is not a precise biological boundary."}},{"type":"Feature","geometry":{"type":"LineString","coordinates":[[-107.2731,40.7266],[-107.2737,40.7259]]},"properties":{"source_id":"co_named_stream_106760","name":"North Fork Elkhead Creek","display_name":"North Fork Elkhead Creek","mapped_name":"North Fork Elkhead Creek","source_name":"North Fork Elkhead Creek","state":"CO","atlas_class":"named_natural_stream","huc8":"14050001","huc8Name":"Upper Yampa","huc8States":"CO","lineageKey":"greenRiverBlue","lineage":"greenRiverBlue","historic":"greenRiverBlue","current":"greenRiverBlue","recovery":"recoveryWatch","lineageLabel":"Green River / blue-lineage CT","lineageBasin":"Upper Yampa","lineageNote":"Yampa blue-lineage context","atlas_context":"cutthroat_lineage_context","confidence":"Watershed-level lineage context; expert review recommended","geometryStatus":"Named natural stream segment from statewide hydrography","note":"This named natural stream falls within a HUC8 assigned to a cutthroat lineage context.","source_segment_id":"co_named_stream_106760","water_id":"co_north_fork_elkhead_creek_14050001_greenRiverBlue_001","occurrence_id":"co_north_fork_elkhead_creek_14050001_greenRiverBlue_001","occurrence_number":"001","segment_count":28,"disambiguator":"Upper Yampa · Green River / blue-lineage CT · occurrence 001","basin":"Upper Yampa","atlas_layer":"named_water_occurrence","object_role":"named_water_occurrence","historic_label":"Green River / blue-lineage CT","current_label":"Green River / blue-lineage CT","recovery_label":"Recovery watch / review area","tier":"tier2","minZoom":12,"confidence_public":"Watershed-level lineage context; expert review recommended","geometry_status_public":"Named natural stream occurrence from statewide hydrography","geometry_source_public":"Grouped public hydrography segments","trout_source_public":"Compiled public recovery and lineage context; expert review recommended","public_notes":"North Fork Elkhead Creek is shown as a named-water occurrence within watershed-level cutthroat lineage context. This is not a precise biological boundary."}},{"type":"Feature","geometry":{"type":"LineString","coordinates":[[-107.2737,40.7362],[-107.2737,40.7351]]},"properties":{"source_id":"co_named_stream_106761","name":"North Fork Elkhead Creek","display_name":"North Fork Elkhead Creek","mapped_name":"North Fork Elkhead Creek","source_name":"North Fork Elkhead Creek","state":"CO","atlas_class":"named_natural_stream","huc8":"14050001","huc8Name":"Upper Yampa","huc8States":"CO","lineageKey":"greenRiverBlue","lineage":"greenRiverBlue","historic":"greenRiverBlue","current":"greenRiverBlue","recovery":"recoveryWatch","lineageLabel":"Green River / blue-lineage CT","lineageBasin":"Upper Yampa","lineageNote":"Yampa blue-lineage context","atlas_context":"cutthroat_lineage_context","confidence":"Watershed-level lineage context; expert review recommended","geometryStatus":"Named natural stream segment from statewide hydrography","note":"This named natural stream falls within a HUC8 assigned to a cutthroat lineage context.","source_segment_id":"co_named_stream_106761","water_id":"co_north_fork_elkhead_creek_14050001_greenRiverBlue_001","occurrence_id":"co_north_fork_elkhead_creek_14050001_greenRiverBlue_001","occurrence_number":"001","segment_count":28,"disambiguator":"Upper Yampa · Green River / blue-lineage CT · occurrence 001","basin":"Upper Yampa","atlas_layer":"named_water_occurrence","object_role":"named_water_occurrence","historic_label":"Green River / blue-lineage CT","current_label":"Green River / blue-lineage CT","recovery_label":"Recovery watch / review area","tier":"tier2","minZoom":12,"confidence_public":"Watershed-level lineage context; expert review recommended","geometry_status_public":"Named natural stream occurrence from statewide hydrography","geometry_source_public":"Grouped public hydrography segments","trout_source_public":"Compiled public recovery and lineage context; expert review recommended","public_notes":"North Fork Elkhead Creek is shown as a named-water occurrence within watershed-level cutthroat lineage context. This is not a precise biological boundary."}},{"type":"Feature","geometry":{"type":"LineString","coordinates":[[-107.276,40.723],[-107.2761,40.7228]]},"properties":{"source_id":"co_named_stream_106762","name":"North Fork Elkhead Creek","display_name":"North Fork Elkhead Creek","mapped_name":"North Fork Elkhead Creek","source_name":"North Fork Elkhead Creek","state":"CO","atlas_class":"named_natural_stream","huc8":"14050001","huc8Name":"Upper Yampa","huc8States":"CO","lineageKey":"greenRiverBlue","lineage":"greenRiverBlue","historic":"greenRiverBlue","current":"greenRiverBlue","recovery":"recoveryWatch","lineageLabel":"Green River / blue-lineage CT","lineageBasin":"Upper Yampa","lineageNote":"Yampa blue-lineage context","atlas_context":"cutthroat_lineage_context","confidence":"Watershed-level lineage context; expert review recommended","geometryStatus":"Named natural stream segment from statewide hydrography","note":"This named natural stream falls within a HUC8 assigned to a cutthroat lineage context.","source_segment_id":"co_named_stream_106762","water_id":"co_north_fork_elkhead_creek_14050001_greenRiverBlue_001","occurrence_id":"co_north_fork_elkhead_creek_14050001_greenRiverBlue_001","occurrence_number":"001","segment_count":28,"disambiguator":"Upper Yampa · Green River / blue-lineage CT · occurrence 001","basin":"Upper Yampa","atlas_layer":"named_water_occurrence","object_role":"named_water_occurrence","historic_label":"Green River / blue-lineage CT","current_label":"Green River / blue-lineage CT","recovery_label":"Recovery watch / review area","tier":"tier2","minZoom":12,"confidence_public":"Watershed-level lineage context; expert review recommended","geometry_status_public":"Named natural stream occurrence from statewide hydrography","geometry_source_public":"Grouped public hydrography segments","trout_source_public":"Compiled public recovery and lineage context; expert review recommended","public_notes":"North Fork Elkhead Creek is shown as a named-water occurrence within watershed-level cutthroat lineage context. This is not a precise biological boundary."}},{"type":"Feature","geometry":{"type":"LineString","coordinates":[[-107.2751,40.7245],[-107.276,40.723]]},"properties":{"source_id":"co_named_stream_106763","name":"North Fork Elkhead Creek","display_name":"North Fork Elkhead Creek","mapped_name":"North Fork Elkhead Creek","source_name":"North Fork Elkhead Creek","state":"CO","atlas_class":"named_natural_stream","huc8":"14050001","huc8Name":"Upper Yampa","huc8States":"CO","lineageKey":"greenRiverBlue","lineage":"greenRiverBlue","historic":"greenRiverBlue","current":"greenRiverBlue","recovery":"recoveryWatch","lineageLabel":"Green River / blue-lineage CT","lineageBasin":"Upper Yampa","lineageNote":"Yampa blue-lineage context","atlas_context":"cutthroat_lineage_context","confidence":"Watershed-level lineage context; expert review recommended","geometryStatus":"Named natural stream segment from statewide hydrography","note":"This named natural stream falls within a HUC8 assigned to a cutthroat lineage context.","source_segment_id":"co_named_stream_106763","water_id":"co_north_fork_elkhead_creek_14050001_greenRiverBlue_001","occurrence_id":"co_north_fork_elkhead_creek_14050001_greenRiverBlue_001","occurrence_number":"001","segment_count":28,"disambiguator":"Upper Yampa · Green River / blue-lineage CT · occurrence 001","basin":"Upper Yampa","atlas_layer":"named_water_occurrence","object_role":"named_water_occurrence","historic_label":"Green River / blue-lineage CT","current_label":"Green River / blue-lineage CT","recovery_label":"Recovery watch / review area","tier":"tier2","minZoom":12,"confidence_public":"Watershed-level lineage context; expert review recommended","geometry_status_public":"Named natural stream occurrence from statewide hydrography","geometry_source_public":"Grouped public hydrography segments","trout_source_public":"Compiled public recovery and lineage context; expert review recommended","public_notes":"North Fork Elkhead Creek is shown as a named-water occurrence within watershed-level cutthroat lineage context. This is not a precise biological boundary."}},{"type":"Feature","geometry":{"type":"LineString","coordinates":[[-107.2722,40.7279],[-107.2731,40.7266]]},"properties":{"source_id":"co_named_stream_106764","name":"North Fork Elkhead Creek","display_name":"North Fork Elkhead Creek","mapped_name":"North Fork Elkhead Creek","source_name":"North Fork Elkhead Creek","state":"CO","atlas_class":"named_natural_stream","huc8":"14050001","huc8Name":"Upper Yampa","huc8States":"CO","lineageKey":"greenRiverBlue","lineage":"greenRiverBlue","historic":"greenRiverBlue","current":"greenRiverBlue","recovery":"recoveryWatch","lineageLabel":"Green River / blue-lineage CT","lineageBasin":"Upper Yampa","lineageNote":"Yampa blue-lineage context","atlas_context":"cutthroat_lineage_context","confidence":"Watershed-level lineage context; expert review recommended","geometryStatus":"Named natural stream segment from statewide hydrography","note":"This named natural stream falls within a HUC8 assigned to a cutthroat lineage context.","source_segment_id":"co_named_stream_106764","water_id":"co_north_fork_elkhead_creek_14050001_greenRiverBlue_001","occurrence_id":"co_north_fork_elkhead_creek_14050001_greenRiverBlue_001","occurrence_number":"001","segment_count":28,"disambiguator":"Upper Yampa · Green River / blue-lineage CT · occurrence 001","basin":"Upper Yampa","atlas_layer":"named_water_occurrence","object_role":"named_water_occurrence","historic_label":"Green River / blue-lineage CT","current_label":"Green River / blue-lineage CT","recovery_label":"Recovery watch / review area","tier":"tier2","minZoom":12,"confidence_public":"Watershed-level lineage context; expert review recommended","geometry_status_public":"Named natural stream occurrence from statewide hydrography","geometry_source_public":"Grouped public hydrography segments","trout_source_public":"Compiled public recovery and lineage context; expert review recommended","public_notes":"North Fork Elkhead Creek is shown as a named-water occurrence within watershed-level cutthroat lineage context. This is not a precise biological boundary."}},{"type":"Feature","geometry":{"type":"LineString","coordinates":[[-107.2792,40.7084],[-107.2804,40.7062],[-107.2788,40.7032],[-107.2794,40.7028]]},"properties":{"source_id":"co_named_stream_106765","name":"North Fork Elkhead Creek","display_name":"North Fork Elkhead Creek","mapped_name":"North Fork Elkhead Creek","source_name":"North Fork Elkhead Creek","state":"CO","atlas_class":"named_natural_stream","huc8":"14050001","huc8Name":"Upper Yampa","huc8States":"CO","lineageKey":"greenRiverBlue","lineage":"greenRiverBlue","historic":"greenRiverBlue","current":"greenRiverBlue","recovery":"recoveryWatch","lineageLabel":"Green River / blue-lineage CT","lineageBasin":"Upper Yampa","lineageNote":"Yampa blue-lineage context","atlas_context":"cutthroat_lineage_context","confidence":"Watershed-level lineage context; expert review recommended","geometryStatus":"Named natural stream segment from statewide hydrography","note":"This named natural stream falls within a HUC8 assigned to a cutthroat lineage context.","source_segment_id":"co_named_stream_106765","water_id":"co_north_fork_elkhead_creek_14050001_greenRiverBlue_001","occurrence_id":"co_north_fork_elkhead_creek_14050001_greenRiverBlue_001","occurrence_number":"001","segment_count":28,"disambiguator":"Upper Yampa · Green River / blue-lineage CT · occurrence 001","basin":"Upper Yampa","atlas_layer":"named_water_occurrence","object_role":"named_water_occurrence","historic_label":"Green River / blue-lineage CT","current_label":"Green River / blue-lineage CT","recovery_label":"Recovery watch / review area","tier":"tier2","minZoom":12,"confidence_public":"Watershed-level lineage context; expert review recommended","geometry_status_public":"Named natural stream occurrence from statewide hydrography","geometry_source_public":"Grouped public hydrography segments","trout_source_public":"Compiled public recovery and lineage context; expert review recommended","public_notes":"North Fork Elkhead Creek is shown as a named-water occurrence within watershed-level cutthroat lineage context. This is not a precise biological boundary."}},{"type":"Feature","geometry":{"type":"LineString","coordinates":[[-107.2737,40.7351],[-107.2744,40.733],[-107.2722,40.7279]]},"properties":{"source_id":"co_named_stream_106766","name":"North Fork Elkhead Creek","display_name":"North Fork Elkhead Creek","mapped_name":"North Fork Elkhead Creek","source_name":"North Fork Elkhead Creek","state":"CO","atlas_class":"named_natural_stream","huc8":"14050001","huc8Name":"Upper Yampa","huc8States":"CO","lineageKey":"greenRiverBlue","lineage":"greenRiverBlue","historic":"greenRiverBlue","current":"greenRiverBlue","recovery":"recoveryWatch","lineageLabel":"Green River / blue-lineage CT","lineageBasin":"Upper Yampa","lineageNote":"Yampa blue-lineage context","atlas_context":"cutthroat_lineage_context","confidence":"Watershed-level lineage context; expert review recommended","geometryStatus":"Named natural stream segment from statewide hydrography","note":"This named natural stream falls within a HUC8 assigned to a cutthroat lineage context.","source_segment_id":"co_named_stream_106766","water_id":"co_north_fork_elkhead_creek_14050001_greenRiverBlue_001","occurrence_id":"co_north_fork_elkhead_creek_14050001_greenRiverBlue_001","occurrence_number":"001","segment_count":28,"disambiguator":"Upper Yampa · Green River / blue-lineage CT · occurrence 001","basin":"Upper Yampa","atlas_layer":"named_water_occurrence","object_role":"named_water_occurrence","historic_label":"Green River / blue-lineage CT","current_label":"Green River / blue-lineage CT","recovery_label":"Recovery watch / review area","tier":"tier2","minZoom":12,"confidence_public":"Watershed-level lineage context; expert review recommended","geometry_status_public":"Named natural stream occurrence from statewide hydrography","geometry_source_public":"Grouped public hydrography segments","trout_source_public":"Compiled public recovery and lineage context; expert review recommended","public_notes":"North Fork Elkhead Creek is shown as a named-water occurrence within watershed-level cutthroat lineage context. This is not a precise biological boundary."}},{"type":"Feature","geometry":{"type":"LineString","coordinates":[[-107.2777,40.7218],[-107.279,40.7202]]},"properties":{"source_id":"co_named_stream_106767","name":"North Fork Elkhead Creek","display_name":"North Fork Elkhead Creek","mapped_name":"North Fork Elkhead Creek","source_name":"North Fork Elkhead Creek","state":"CO","atlas_class":"named_natural_stream","huc8":"14050001","huc8Name":"Upper Yampa","huc8States":"CO","lineageKey":"greenRiverBlue","lineage":"greenRiverBlue","historic":"greenRiverBlue","current":"greenRiverBlue","recovery":"recoveryWatch","lineageLabel":"Green River / blue-lineage CT","lineageBasin":"Upper Yampa","lineageNote":"Yampa blue-lineage context","atlas_context":"cutthroat_lineage_context","confidence":"Watershed-level lineage context; expert review recommended","geometryStatus":"Named natural stream segment from statewide hydrography","note":"This named natural stream falls within a HUC8 assigned to a cutthroat lineage context.","source_segment_id":"co_named_stream_106767","water_id":"co_north_fork_elkhead_creek_14050001_greenRiverBlue_001","occurrence_id":"co_north_fork_elkhead_creek_14050001_greenRiverBlue_001","occurrence_number":"001","segment_count":28,"disambiguator":"Upper Yampa · Green River / blue-lineage CT · occurrence 001","basin":"Upper Yampa","atlas_layer":"named_water_occurrence","object_role":"named_water_occurrence","historic_label":"Green River / blue-lineage CT","current_label":"Green River / blue-lineage CT","recovery_label":"Recovery watch / review area","tier":"tier2","minZoom":12,"confidence_public":"Watershed-level lineage context; expert review recommended","geometry_status_public":"Named natural stream occurrence from statewide hydrography","geometry_source_public":"Grouped public hydrography segments","trout_source_public":"Compiled public recovery and lineage context; expert review recommended","public_notes":"North Fork Elkhead Creek is shown as a named-water occurrence within watershed-level cutthroat lineage context. This is not a precise biological boundary."}},{"type":"Feature","geometry":{"type":"LineString","coordinates":[[-107.2784,40.6936],[-107.28,40.6917],[-107.2793,40.6875],[-107.2809,40.6855],[-107.2849,40.6835],[-107.2872,40.6803]]},"properties":{"source_id":"co_named_stream_106769","name":"North Fork Elkhead Creek","display_name":"North Fork Elkhead Creek","mapped_name":"North Fork Elkhead Creek","source_name":"North Fork Elkhead Creek","state":"CO","atlas_class":"named_natural_stream","huc8":"14050001","huc8Name":"Upper Yampa","huc8States":"CO","lineageKey":"greenRiverBlue","lineage":"greenRiverBlue","historic":"greenRiverBlue","current":"greenRiverBlue","recovery":"recoveryWatch","lineageLabel":"Green River / blue-lineage CT","lineageBasin":"Upper Yampa","lineageNote":"Yampa blue-lineage context","atlas_context":"cutthroat_lineage_context","confidence":"Watershed-level lineage context; expert review recommended","geometryStatus":"Named natural stream segment from statewide hydrography","note":"This named natural stream falls within a HUC8 assigned to a cutthroat lineage context.","source_segment_id":"co_named_stream_106769","water_id":"co_north_fork_elkhead_creek_14050001_greenRiverBlue_001","occurrence_id":"co_north_fork_elkhead_creek_14050001_greenRiverBlue_001","occurrence_number":"001","segment_count":28,"disambiguator":"Upper Yampa · Green River / blue-lineage CT · occurrence 001","basin":"Upper Yampa","atlas_layer":"named_water_occurrence","object_role":"named_water_occurrence","historic_label":"Green River / blue-lineage CT","current_label":"Green River / blue-lineage CT","recovery_label":"Recovery watch / review area","tier":"tier2","minZoom":12,"confidence_public":"Watershed-level lineage context; expert review recommended","geometry_status_public":"Named natural stream occurrence from statewide hydrography","geometry_source_public":"Grouped public hydrography segments","trout_source_public":"Compiled public recovery and lineage context; expert review recommended","public_notes":"North Fork Elkhead Creek is shown as a named-water occurrence within watershed-level cutthroat lineage context. This is not a precise biological boundary."}},{"type":"Feature","geometry":{"type":"LineString","coordinates":[[-107.28,40.717],[-107.2799,40.7148],[-107.2784,40.7139],[-107.2792,40.7133],[-107.2786,40.7112]]},"properties":{"source_id":"co_named_stream_106773","name":"North Fork Elkhead Creek","display_name":"North Fork Elkhead Creek","mapped_name":"North Fork Elkhead Creek","source_name":"North Fork Elkhead Creek","state":"CO","atlas_class":"named_natural_stream","huc8":"14050001","huc8Name":"Upper Yampa","huc8States":"CO","lineageKey":"greenRiverBlue","lineage":"greenRiverBlue","historic":"greenRiverBlue","current":"greenRiverBlue","recovery":"recoveryWatch","lineageLabel":"Green River / blue-lineage CT","lineageBasin":"Upper Yampa","lineageNote":"Yampa blue-lineage context","atlas_context":"cutthroat_lineage_context","confidence":"Watershed-level lineage context; expert review recommended","geometryStatus":"Named natural stream segment from statewide hydrography","note":"This named natural stream falls within a HUC8 assigned to a cutthroat lineage context.","source_segment_id":"co_named_stream_106773","water_id":"co_north_fork_elkhead_creek_14050001_greenRiverBlue_001","occurrence_id":"co_north_fork_elkhead_creek_14050001_greenRiverBlue_001","occurrence_number":"001","segment_count":28,"disambiguator":"Upper Yampa · Green River / blue-lineage CT · occurrence 001","basin":"Upper Yampa","atlas_layer":"named_water_occurrence","object_role":"named_water_occurrence","historic_label":"Green River / blue-lineage CT","current_label":"Green River / blue-lineage CT","recovery_label":"Recovery watch / review area","tier":"tier2","minZoom":12,"confidence_public":"Watershed-level lineage context; expert review recommended","geometry_status_public":"Named natural stream occurrence from statewide hydrography","geometry_source_public":"Grouped public hydrography segments","trout_source_public":"Compiled public recovery and lineage context; expert review recommended","public_notes":"North Fork Elkhead Creek is shown as a named-water occurrence within watershed-level cutthroat lineage context. This is not a precise biological boundary."}},{"type":"Feature","geometry":{"type":"LineString","coordinates":[[-107.2737,40.7259],[-107.2739,40.7258]]},"properties":{"source_id":"co_named_stream_106774","name":"North Fork Elkhead Creek","display_name":"North Fork Elkhead Creek","mapped_name":"North Fork Elkhead Creek","source_name":"North Fork Elkhead Creek","state":"CO","atlas_class":"named_natural_stream","huc8":"14050001","huc8Name":"Upper Yampa","huc8States":"CO","lineageKey":"greenRiverBlue","lineage":"greenRiverBlue","historic":"greenRiverBlue","current":"greenRiverBlue","recovery":"recoveryWatch","lineageLabel":"Green River / blue-lineage CT","lineageBasin":"Upper Yampa","lineageNote":"Yampa blue-lineage context","atlas_context":"cutthroat_lineage_context","confidence":"Watershed-level lineage context; expert review recommended","geometryStatus":"Named natural stream segment from statewide hydrography","note":"This named natural stream falls within a HUC8 assigned to a cutthroat lineage context.","source_segment_id":"co_named_stream_106774","water_id":"co_north_fork_elkhead_creek_14050001_greenRiverBlue_001","occurrence_id":"co_north_fork_elkhead_creek_14050001_greenRiverBlue_001","occurrence_number":"001","segment_count":28,"disambiguator":"Upper Yampa · Green River / blue-lineage CT · occurrence 001","basin":"Upper Yampa","atlas_layer":"named_water_occurrence","object_role":"named_water_occurrence","historic_label":"Green River / blue-lineage CT","current_label":"Green River / blue-lineage CT","recovery_label":"Recovery watch / review area","tier":"tier2","minZoom":12,"confidence_public":"Watershed-level lineage context; expert review recommended","geometry_status_public":"Named natural stream occurrence from statewide hydrography","geometry_source_public":"Grouped public hydrography segments","trout_source_public":"Compiled public recovery and lineage context; expert review recommended","public_notes":"North Fork Elkhead Creek is shown as a named-water occurrence within watershed-level cutthroat lineage context. This is not a precise biological boundary."}},{"type":"Feature","geometry":{"type":"LineString","coordinates":[[-107.2801,40.7173],[-107.28,40.717]]},"properties":{"source_id":"co_named_stream_106776","name":"North Fork Elkhead Creek","display_name":"North Fork Elkhead Creek","mapped_name":"North Fork Elkhead Creek","source_name":"North Fork Elkhead Creek","state":"CO","atlas_class":"named_natural_stream","huc8":"14050001","huc8Name":"Upper Yampa","huc8States":"CO","lineageKey":"greenRiverBlue","lineage":"greenRiverBlue","historic":"greenRiverBlue","current":"greenRiverBlue","recovery":"recoveryWatch","lineageLabel":"Green River / blue-lineage CT","lineageBasin":"Upper Yampa","lineageNote":"Yampa blue-lineage context","atlas_context":"cutthroat_lineage_context","confidence":"Watershed-level lineage context; expert review recommended","geometryStatus":"Named natural stream segment from statewide hydrography","note":"This named natural stream falls within a HUC8 assigned to a cutthroat lineage context.","source_segment_id":"co_named_stream_106776","water_id":"co_north_fork_elkhead_creek_14050001_greenRiverBlue_001","occurrence_id":"co_north_fork_elkhead_creek_14050001_greenRiverBlue_001","occurrence_number":"001","segment_count":28,"disambiguator":"Upper Yampa · Green River / blue-lineage CT · occurrence 001","basin":"Upper Yampa","atlas_layer":"named_water_occurrence","object_role":"named_water_occurrence","historic_label":"Green River / blue-lineage CT","current_label":"Green River / blue-lineage CT","recovery_label":"Recovery watch / review area","tier":"tier2","minZoom":12,"confidence_public":"Watershed-level lineage context; expert review recommended","geometry_status_public":"Named natural stream occurrence from statewide hydrography","geometry_source_public":"Grouped public hydrography segments","trout_source_public":"Compiled public recovery and lineage context; expert review recommended","public_notes":"North Fork Elkhead Creek is shown as a named-water occurrence within watershed-level cutthroat lineage context. This is not a precise biological boundary."}},{"type":"Feature","geometry":{"type":"LineString","coordinates":[[-107.2794,40.7028],[-107.2779,40.7009]]},"properties":{"source_id":"co_named_stream_106777","name":"North Fork Elkhead Creek","display_name":"North Fork Elkhead Creek","mapped_name":"North Fork Elkhead Creek","source_name":"North Fork Elkhead Creek","state":"CO","atlas_class":"named_natural_stream","huc8":"14050001","huc8Name":"Upper Yampa","huc8States":"CO","lineageKey":"greenRiverBlue","lineage":"greenRiverBlue","historic":"greenRiverBlue","current":"greenRiverBlue","recovery":"recoveryWatch","lineageLabel":"Green River / blue-lineage CT","lineageBasin":"Upper Yampa","lineageNote":"Yampa blue-lineage context","atlas_context":"cutthroat_lineage_context","confidence":"Watershed-level lineage context; expert review recommended","geometryStatus":"Named natural stream segment from statewide hydrography","note":"This named natural stream falls within a HUC8 assigned to a cutthroat lineage context.","source_segment_id":"co_named_stream_106777","water_id":"co_north_fork_elkhead_creek_14050001_greenRiverBlue_001","occurrence_id":"co_north_fork_elkhead_creek_14050001_greenRiverBlue_001","occurrence_number":"001","segment_count":28,"disambiguator":"Upper Yampa · Green River / blue-lineage CT · occurrence 001","basin":"Upper Yampa","atlas_layer":"named_water_occurrence","object_role":"named_water_occurrence","historic_label":"Green River / blue-lineage CT","current_label":"Green River / blue-lineage CT","recovery_label":"Recovery watch / review area","tier":"tier2","minZoom":12,"confidence_public":"Watershed-level lineage context; expert review recommended","geometry_status_public":"Named natural stream occurrence from statewide hydrography","geometry_source_public":"Grouped public hydrography segments","trout_source_public":"Compiled public recovery and lineage context; expert review recommended","public_notes":"North Fork Elkhead Creek is shown as a named-water occurrence within watershed-level cutthroat lineage context. This is not a precise biological boundary."}},{"type":"Feature","geometry":{"type":"LineString","coordinates":[[-107.2783,40.6937],[-107.2784,40.6936]]},"properties":{"source_id":"co_named_stream_106778","name":"North Fork Elkhead Creek","display_name":"North Fork Elkhead Creek","mapped_name":"North Fork Elkhead Creek","source_name":"North Fork Elkhead Creek","state":"CO","atlas_class":"named_natural_stream","huc8":"14050001","huc8Name":"Upper Yampa","huc8States":"CO","lineageKey":"greenRiverBlue","lineage":"greenRiverBlue","historic":"greenRiverBlue","current":"greenRiverBlue","recovery":"recoveryWatch","lineageLabel":"Green River / blue-lineage CT","lineageBasin":"Upper Yampa","lineageNote":"Yampa blue-lineage context","atlas_context":"cutthroat_lineage_context","confidence":"Watershed-level lineage context; expert review recommended","geometryStatus":"Named natural stream segment from statewide hydrography","note":"This named natural stream falls within a HUC8 assigned to a cutthroat lineage context.","source_segment_id":"co_named_stream_106778","water_id":"co_north_fork_elkhead_creek_14050001_greenRiverBlue_001","occurrence_id":"co_north_fork_elkhead_creek_14050001_greenRiverBlue_001","occurrence_number":"001","segment_count":28,"disambiguator":"Upper Yampa · Green River / blue-lineage CT · occurrence 001","basin":"Upper Yampa","atlas_layer":"named_water_occurrence","object_role":"named_water_occurrence","historic_label":"Green River / blue-lineage CT","current_label":"Green River / blue-lineage CT","recovery_label":"Recovery watch / review area","tier":"tier2","minZoom":12,"confidence_public":"Watershed-level lineage context; expert review recommended","geometry_status_public":"Named natural stream occurrence from statewide hydrography","geometry_source_public":"Grouped public hydrography segments","trout_source_public":"Compiled public recovery and lineage context; expert review recommended","public_notes":"North Fork Elkhead Creek is shown as a named-water occurrence within watershed-level cutthroat lineage context. This is not a precise biological boundary."}},{"type":"Feature","geometry":{"type":"LineString","coordinates":[[-107.2761,40.7228],[-107.2769,40.7222]]},"properties":{"source_id":"co_named_stream_106779","name":"North Fork Elkhead Creek","display_name":"North Fork Elkhead Creek","mapped_name":"North Fork Elkhead Creek","source_name":"North Fork Elkhead Creek","state":"CO","atlas_class":"named_natural_stream","huc8":"14050001","huc8Name":"Upper Yampa","huc8States":"CO","lineageKey":"greenRiverBlue","lineage":"greenRiverBlue","historic":"greenRiverBlue","current":"greenRiverBlue","recovery":"recoveryWatch","lineageLabel":"Green River / blue-lineage CT","lineageBasin":"Upper Yampa","lineageNote":"Yampa blue-lineage context","atlas_context":"cutthroat_lineage_context","confidence":"Watershed-level lineage context; expert review recommended","geometryStatus":"Named natural stream segment from statewide hydrography","note":"This named natural stream falls within a HUC8 assigned to a cutthroat lineage context.","source_segment_id":"co_named_stream_106779","water_id":"co_north_fork_elkhead_creek_14050001_greenRiverBlue_001","occurrence_id":"co_north_fork_elkhead_creek_14050001_greenRiverBlue_001","occurrence_number":"001","segment_count":28,"disambiguator":"Upper Yampa · Green River / blue-lineage CT · occurrence 001","basin":"Upper Yampa","atlas_layer":"named_water_occurrence","object_role":"named_water_occurrence","historic_label":"Green River / blue-lineage CT","current_label":"Green River / blue-lineage CT","recovery_label":"Recovery watch / review area","tier":"tier2","minZoom":12,"confidence_public":"Watershed-level lineage context; expert review recommended","geometry_status_public":"Named natural stream occurrence from statewide hydrography","geometry_source_public":"Grouped public hydrography segments","trout_source_public":"Compiled public recovery and lineage context; expert review recommended","public_notes":"North Fork Elkhead Creek is shown as a named-water occurrence within watershed-level cutthroat lineage context. This is not a precise biological boundary."}}]}