{"type":"FeatureCollection","metadata":{"source":"C:\\ct-atlas-data\\processed\\geojson\\interpreted\\colorado_named_natural_streams_complete_v1.geojson","tier":"tier2","tile_size_degrees":0.25,"x":-425,"y":160,"bounds":{"west":-106.25,"south":40,"east":-106,"north":40.25}},"features":[{"type":"Feature","geometry":{"type":"LineString","coordinates":[[-106.1536,40.1063],[-106.157,40.1049]]},"properties":{"source_id":"co_named_stream_071206","name":"Smith Creek","display_name":"Smith Creek","mapped_name":"Smith Creek","source_name":"Smith Creek","state":"CO","atlas_class":"named_natural_stream","huc8":"14010001","huc8Name":"Colorado Headwaters","huc8States":"CO","lineageKey":"coloradoRiver","lineage":"coloradoRiver","historic":"coloradoRiver","current":"coloradoRiver","recovery":"recoveryWatch","lineageLabel":"Colorado River green lineage","lineageBasin":"Colorado Headwaters","lineageNote":"Upper Colorado green-lineage context","atlas_context":"cutthroat_lineage_context","confidence":"Watershed-level lineage context; expert review recommended","geometryStatus":"Named natural stream segment from statewide hydrography","note":"This named natural stream falls within a HUC8 assigned to a cutthroat lineage context.","source_segment_id":"co_named_stream_071206","water_id":"co_smith_creek_14010001_coloradoRiver_003","occurrence_id":"co_smith_creek_14010001_coloradoRiver_003","occurrence_number":"003","segment_count":20,"disambiguator":"Colorado Headwaters · Colorado River green lineage · occurrence 003","basin":"Colorado Headwaters","atlas_layer":"named_water_occurrence","object_role":"named_water_occurrence","historic_label":"Colorado River green lineage","current_label":"Colorado River green lineage","recovery_label":"Recovery watch / review area","tier":"tier2","minZoom":12,"confidence_public":"Watershed-level lineage context; expert review recommended","geometry_status_public":"Named natural stream occurrence from statewide hydrography","geometry_source_public":"Grouped public hydrography segments","trout_source_public":"Compiled public recovery and lineage context; expert review recommended","public_notes":"Smith Creek is shown as a named-water occurrence within watershed-level cutthroat lineage context. This is not a precise biological boundary."}},{"type":"Feature","geometry":{"type":"LineString","coordinates":[[-106.1514,40.1098],[-106.1536,40.1063]]},"properties":{"source_id":"co_named_stream_071207","name":"Smith Creek","display_name":"Smith Creek","mapped_name":"Smith Creek","source_name":"Smith Creek","state":"CO","atlas_class":"named_natural_stream","huc8":"14010001","huc8Name":"Colorado Headwaters","huc8States":"CO","lineageKey":"coloradoRiver","lineage":"coloradoRiver","historic":"coloradoRiver","current":"coloradoRiver","recovery":"recoveryWatch","lineageLabel":"Colorado River green lineage","lineageBasin":"Colorado Headwaters","lineageNote":"Upper Colorado green-lineage context","atlas_context":"cutthroat_lineage_context","confidence":"Watershed-level lineage context; expert review recommended","geometryStatus":"Named natural stream segment from statewide hydrography","note":"This named natural stream falls within a HUC8 assigned to a cutthroat lineage context.","source_segment_id":"co_named_stream_071207","water_id":"co_smith_creek_14010001_coloradoRiver_003","occurrence_id":"co_smith_creek_14010001_coloradoRiver_003","occurrence_number":"003","segment_count":20,"disambiguator":"Colorado Headwaters · Colorado River green lineage · occurrence 003","basin":"Colorado Headwaters","atlas_layer":"named_water_occurrence","object_role":"named_water_occurrence","historic_label":"Colorado River green lineage","current_label":"Colorado River green lineage","recovery_label":"Recovery watch / review area","tier":"tier2","minZoom":12,"confidence_public":"Watershed-level lineage context; expert review recommended","geometry_status_public":"Named natural stream occurrence from statewide hydrography","geometry_source_public":"Grouped public hydrography segments","trout_source_public":"Compiled public recovery and lineage context; expert review recommended","public_notes":"Smith Creek is shown as a named-water occurrence within watershed-level cutthroat lineage context. This is not a precise biological boundary."}},{"type":"Feature","geometry":{"type":"LineString","coordinates":[[-106.1741,40.1016],[-106.1828,40.1011]]},"properties":{"source_id":"co_named_stream_071220","name":"Smith Creek","display_name":"Smith Creek","mapped_name":"Smith Creek","source_name":"Smith Creek","state":"CO","atlas_class":"named_natural_stream","huc8":"14010001","huc8Name":"Colorado Headwaters","huc8States":"CO","lineageKey":"coloradoRiver","lineage":"coloradoRiver","historic":"coloradoRiver","current":"coloradoRiver","recovery":"recoveryWatch","lineageLabel":"Colorado River green lineage","lineageBasin":"Colorado Headwaters","lineageNote":"Upper Colorado green-lineage context","atlas_context":"cutthroat_lineage_context","confidence":"Watershed-level lineage context; expert review recommended","geometryStatus":"Named natural stream segment from statewide hydrography","note":"This named natural stream falls within a HUC8 assigned to a cutthroat lineage context.","source_segment_id":"co_named_stream_071220","water_id":"co_smith_creek_14010001_coloradoRiver_003","occurrence_id":"co_smith_creek_14010001_coloradoRiver_003","occurrence_number":"003","segment_count":20,"disambiguator":"Colorado Headwaters · Colorado River green lineage · occurrence 003","basin":"Colorado Headwaters","atlas_layer":"named_water_occurrence","object_role":"named_water_occurrence","historic_label":"Colorado River green lineage","current_label":"Colorado River green lineage","recovery_label":"Recovery watch / review area","tier":"tier2","minZoom":12,"confidence_public":"Watershed-level lineage context; expert review recommended","geometry_status_public":"Named natural stream occurrence from statewide hydrography","geometry_source_public":"Grouped public hydrography segments","trout_source_public":"Compiled public recovery and lineage context; expert review recommended","public_notes":"Smith Creek is shown as a named-water occurrence within watershed-level cutthroat lineage context. This is not a precise biological boundary."}},{"type":"Feature","geometry":{"type":"LineString","coordinates":[[-106.1411,40.1301],[-106.1415,40.1272]]},"properties":{"source_id":"co_named_stream_071272","name":"Smith Creek","display_name":"Smith Creek","mapped_name":"Smith Creek","source_name":"Smith Creek","state":"CO","atlas_class":"named_natural_stream","huc8":"14010001","huc8Name":"Colorado Headwaters","huc8States":"CO","lineageKey":"coloradoRiver","lineage":"coloradoRiver","historic":"coloradoRiver","current":"coloradoRiver","recovery":"recoveryWatch","lineageLabel":"Colorado River green lineage","lineageBasin":"Colorado Headwaters","lineageNote":"Upper Colorado green-lineage context","atlas_context":"cutthroat_lineage_context","confidence":"Watershed-level lineage context; expert review recommended","geometryStatus":"Named natural stream segment from statewide hydrography","note":"This named natural stream falls within a HUC8 assigned to a cutthroat lineage context.","source_segment_id":"co_named_stream_071272","water_id":"co_smith_creek_14010001_coloradoRiver_003","occurrence_id":"co_smith_creek_14010001_coloradoRiver_003","occurrence_number":"003","segment_count":20,"disambiguator":"Colorado Headwaters · Colorado River green lineage · occurrence 003","basin":"Colorado Headwaters","atlas_layer":"named_water_occurrence","object_role":"named_water_occurrence","historic_label":"Colorado River green lineage","current_label":"Colorado River green lineage","recovery_label":"Recovery watch / review area","tier":"tier2","minZoom":12,"confidence_public":"Watershed-level lineage context; expert review recommended","geometry_status_public":"Named natural stream occurrence from statewide hydrography","geometry_source_public":"Grouped public hydrography segments","trout_source_public":"Compiled public recovery and lineage context; expert review recommended","public_notes":"Smith Creek is shown as a named-water occurrence within watershed-level cutthroat lineage context. This is not a precise biological boundary."}},{"type":"Feature","geometry":{"type":"LineString","coordinates":[[-106.145,40.1322],[-106.1416,40.1307]]},"properties":{"source_id":"co_named_stream_071273","name":"Smith Creek","display_name":"Smith Creek","mapped_name":"Smith Creek","source_name":"Smith Creek","state":"CO","atlas_class":"named_natural_stream","huc8":"14010001","huc8Name":"Colorado Headwaters","huc8States":"CO","lineageKey":"coloradoRiver","lineage":"coloradoRiver","historic":"coloradoRiver","current":"coloradoRiver","recovery":"recoveryWatch","lineageLabel":"Colorado River green lineage","lineageBasin":"Colorado Headwaters","lineageNote":"Upper Colorado green-lineage context","atlas_context":"cutthroat_lineage_context","confidence":"Watershed-level lineage context; expert review recommended","geometryStatus":"Named natural stream segment from statewide hydrography","note":"This named natural stream falls within a HUC8 assigned to a cutthroat lineage context.","source_segment_id":"co_named_stream_071273","water_id":"co_smith_creek_14010001_coloradoRiver_003","occurrence_id":"co_smith_creek_14010001_coloradoRiver_003","occurrence_number":"003","segment_count":20,"disambiguator":"Colorado Headwaters · Colorado River green lineage · occurrence 003","basin":"Colorado Headwaters","atlas_layer":"named_water_occurrence","object_role":"named_water_occurrence","historic_label":"Colorado River green lineage","current_label":"Colorado River green lineage","recovery_label":"Recovery watch / review area","tier":"tier2","minZoom":12,"confidence_public":"Watershed-level lineage context; expert review recommended","geometry_status_public":"Named natural stream occurrence from statewide hydrography","geometry_source_public":"Grouped public hydrography segments","trout_source_public":"Compiled public recovery and lineage context; expert review recommended","public_notes":"Smith Creek is shown as a named-water occurrence within watershed-level cutthroat lineage context. This is not a precise biological boundary."}},{"type":"Feature","geometry":{"type":"LineString","coordinates":[[-106.1415,40.1272],[-106.1475,40.1174]]},"properties":{"source_id":"co_named_stream_071275","name":"Smith Creek","display_name":"Smith Creek","mapped_name":"Smith Creek","source_name":"Smith Creek","state":"CO","atlas_class":"named_natural_stream","huc8":"14010001","huc8Name":"Colorado Headwaters","huc8States":"CO","lineageKey":"coloradoRiver","lineage":"coloradoRiver","historic":"coloradoRiver","current":"coloradoRiver","recovery":"recoveryWatch","lineageLabel":"Colorado River green lineage","lineageBasin":"Colorado Headwaters","lineageNote":"Upper Colorado green-lineage context","atlas_context":"cutthroat_lineage_context","confidence":"Watershed-level lineage context; expert review recommended","geometryStatus":"Named natural stream segment from statewide hydrography","note":"This named natural stream falls within a HUC8 assigned to a cutthroat lineage context.","source_segment_id":"co_named_stream_071275","water_id":"co_smith_creek_14010001_coloradoRiver_003","occurrence_id":"co_smith_creek_14010001_coloradoRiver_003","occurrence_number":"003","segment_count":20,"disambiguator":"Colorado Headwaters · Colorado River green lineage · occurrence 003","basin":"Colorado Headwaters","atlas_layer":"named_water_occurrence","object_role":"named_water_occurrence","historic_label":"Colorado River green lineage","current_label":"Colorado River green lineage","recovery_label":"Recovery watch / review area","tier":"tier2","minZoom":12,"confidence_public":"Watershed-level lineage context; expert review recommended","geometry_status_public":"Named natural stream occurrence from statewide hydrography","geometry_source_public":"Grouped public hydrography segments","trout_source_public":"Compiled public recovery and lineage context; expert review recommended","public_notes":"Smith Creek is shown as a named-water occurrence within watershed-level cutthroat lineage context. This is not a precise biological boundary."}},{"type":"Feature","geometry":{"type":"LineString","coordinates":[[-106.1446,40.1361],[-106.1452,40.1353],[-106.145,40.1322]]},"properties":{"source_id":"co_named_stream_071276","name":"Smith Creek","display_name":"Smith Creek","mapped_name":"Smith Creek","source_name":"Smith Creek","state":"CO","atlas_class":"named_natural_stream","huc8":"14010001","huc8Name":"Colorado Headwaters","huc8States":"CO","lineageKey":"coloradoRiver","lineage":"coloradoRiver","historic":"coloradoRiver","current":"coloradoRiver","recovery":"recoveryWatch","lineageLabel":"Colorado River green lineage","lineageBasin":"Colorado Headwaters","lineageNote":"Upper Colorado green-lineage context","atlas_context":"cutthroat_lineage_context","confidence":"Watershed-level lineage context; expert review recommended","geometryStatus":"Named natural stream segment from statewide hydrography","note":"This named natural stream falls within a HUC8 assigned to a cutthroat lineage context.","source_segment_id":"co_named_stream_071276","water_id":"co_smith_creek_14010001_coloradoRiver_003","occurrence_id":"co_smith_creek_14010001_coloradoRiver_003","occurrence_number":"003","segment_count":20,"disambiguator":"Colorado Headwaters · Colorado River green lineage · occurrence 003","basin":"Colorado Headwaters","atlas_layer":"named_water_occurrence","object_role":"named_water_occurrence","historic_label":"Colorado River green lineage","current_label":"Colorado River green lineage","recovery_label":"Recovery watch / review area","tier":"tier2","minZoom":12,"confidence_public":"Watershed-level lineage context; expert review recommended","geometry_status_public":"Named natural stream occurrence from statewide hydrography","geometry_source_public":"Grouped public hydrography segments","trout_source_public":"Compiled public recovery and lineage context; expert review recommended","public_notes":"Smith Creek is shown as a named-water occurrence within watershed-level cutthroat lineage context. This is not a precise biological boundary."}},{"type":"Feature","geometry":{"type":"LineString","coordinates":[[-106.1532,40.1437],[-106.1514,40.1423]]},"properties":{"source_id":"co_named_stream_071277","name":"Smith Creek","display_name":"Smith Creek","mapped_name":"Smith Creek","source_name":"Smith Creek","state":"CO","atlas_class":"named_natural_stream","huc8":"14010001","huc8Name":"Colorado Headwaters","huc8States":"CO","lineageKey":"coloradoRiver","lineage":"coloradoRiver","historic":"coloradoRiver","current":"coloradoRiver","recovery":"recoveryWatch","lineageLabel":"Colorado River green lineage","lineageBasin":"Colorado Headwaters","lineageNote":"Upper Colorado green-lineage context","atlas_context":"cutthroat_lineage_context","confidence":"Watershed-level lineage context; expert review recommended","geometryStatus":"Named natural stream segment from statewide hydrography","note":"This named natural stream falls within a HUC8 assigned to a cutthroat lineage context.","source_segment_id":"co_named_stream_071277","water_id":"co_smith_creek_14010001_coloradoRiver_003","occurrence_id":"co_smith_creek_14010001_coloradoRiver_003","occurrence_number":"003","segment_count":20,"disambiguator":"Colorado Headwaters · Colorado River green lineage · occurrence 003","basin":"Colorado Headwaters","atlas_layer":"named_water_occurrence","object_role":"named_water_occurrence","historic_label":"Colorado River green lineage","current_label":"Colorado River green lineage","recovery_label":"Recovery watch / review area","tier":"tier2","minZoom":12,"confidence_public":"Watershed-level lineage context; expert review recommended","geometry_status_public":"Named natural stream occurrence from statewide hydrography","geometry_source_public":"Grouped public hydrography segments","trout_source_public":"Compiled public recovery and lineage context; expert review recommended","public_notes":"Smith Creek is shown as a named-water occurrence within watershed-level cutthroat lineage context. This is not a precise biological boundary."}},{"type":"Feature","geometry":{"type":"LineString","coordinates":[[-106.1514,40.1423],[-106.1484,40.1408]]},"properties":{"source_id":"co_named_stream_071280","name":"Smith Creek","display_name":"Smith Creek","mapped_name":"Smith Creek","source_name":"Smith Creek","state":"CO","atlas_class":"named_natural_stream","huc8":"14010001","huc8Name":"Colorado Headwaters","huc8States":"CO","lineageKey":"coloradoRiver","lineage":"coloradoRiver","historic":"coloradoRiver","current":"coloradoRiver","recovery":"recoveryWatch","lineageLabel":"Colorado River green lineage","lineageBasin":"Colorado Headwaters","lineageNote":"Upper Colorado green-lineage context","atlas_context":"cutthroat_lineage_context","confidence":"Watershed-level lineage context; expert review recommended","geometryStatus":"Named natural stream segment from statewide hydrography","note":"This named natural stream falls within a HUC8 assigned to a cutthroat lineage context.","source_segment_id":"co_named_stream_071280","water_id":"co_smith_creek_14010001_coloradoRiver_003","occurrence_id":"co_smith_creek_14010001_coloradoRiver_003","occurrence_number":"003","segment_count":20,"disambiguator":"Colorado Headwaters · Colorado River green lineage · occurrence 003","basin":"Colorado Headwaters","atlas_layer":"named_water_occurrence","object_role":"named_water_occurrence","historic_label":"Colorado River green lineage","current_label":"Colorado River green lineage","recovery_label":"Recovery watch / review area","tier":"tier2","minZoom":12,"confidence_public":"Watershed-level lineage context; expert review recommended","geometry_status_public":"Named natural stream occurrence from statewide hydrography","geometry_source_public":"Grouped public hydrography segments","trout_source_public":"Compiled public recovery and lineage context; expert review recommended","public_notes":"Smith Creek is shown as a named-water occurrence within watershed-level cutthroat lineage context. This is not a precise biological boundary."}},{"type":"Feature","geometry":{"type":"LineString","coordinates":[[-106.1475,40.1174],[-106.1485,40.1157]]},"properties":{"source_id":"co_named_stream_071283","name":"Smith Creek","display_name":"Smith Creek","mapped_name":"Smith Creek","source_name":"Smith Creek","state":"CO","atlas_class":"named_natural_stream","huc8":"14010001","huc8Name":"Colorado Headwaters","huc8States":"CO","lineageKey":"coloradoRiver","lineage":"coloradoRiver","historic":"coloradoRiver","current":"coloradoRiver","recovery":"recoveryWatch","lineageLabel":"Colorado River green lineage","lineageBasin":"Colorado Headwaters","lineageNote":"Upper Colorado green-lineage context","atlas_context":"cutthroat_lineage_context","confidence":"Watershed-level lineage context; expert review recommended","geometryStatus":"Named natural stream segment from statewide hydrography","note":"This named natural stream falls within a HUC8 assigned to a cutthroat lineage context.","source_segment_id":"co_named_stream_071283","water_id":"co_smith_creek_14010001_coloradoRiver_003","occurrence_id":"co_smith_creek_14010001_coloradoRiver_003","occurrence_number":"003","segment_count":20,"disambiguator":"Colorado Headwaters · Colorado River green lineage · occurrence 003","basin":"Colorado Headwaters","atlas_layer":"named_water_occurrence","object_role":"named_water_occurrence","historic_label":"Colorado River green lineage","current_label":"Colorado River green lineage","recovery_label":"Recovery watch / review area","tier":"tier2","minZoom":12,"confidence_public":"Watershed-level lineage context; expert review recommended","geometry_status_public":"Named natural stream occurrence from statewide hydrography","geometry_source_public":"Grouped public hydrography segments","trout_source_public":"Compiled public recovery and lineage context; expert review recommended","public_notes":"Smith Creek is shown as a named-water occurrence within watershed-level cutthroat lineage context. This is not a precise biological boundary."}},{"type":"Feature","geometry":{"type":"LineString","coordinates":[[-106.1466,40.1391],[-106.1453,40.1375]]},"properties":{"source_id":"co_named_stream_071284","name":"Smith Creek","display_name":"Smith Creek","mapped_name":"Smith Creek","source_name":"Smith Creek","state":"CO","atlas_class":"named_natural_stream","huc8":"14010001","huc8Name":"Colorado Headwaters","huc8States":"CO","lineageKey":"coloradoRiver","lineage":"coloradoRiver","historic":"coloradoRiver","current":"coloradoRiver","recovery":"recoveryWatch","lineageLabel":"Colorado River green lineage","lineageBasin":"Colorado Headwaters","lineageNote":"Upper Colorado green-lineage context","atlas_context":"cutthroat_lineage_context","confidence":"Watershed-level lineage context; expert review recommended","geometryStatus":"Named natural stream segment from statewide hydrography","note":"This named natural stream falls within a HUC8 assigned to a cutthroat lineage context.","source_segment_id":"co_named_stream_071284","water_id":"co_smith_creek_14010001_coloradoRiver_003","occurrence_id":"co_smith_creek_14010001_coloradoRiver_003","occurrence_number":"003","segment_count":20,"disambiguator":"Colorado Headwaters · Colorado River green lineage · occurrence 003","basin":"Colorado Headwaters","atlas_layer":"named_water_occurrence","object_role":"named_water_occurrence","historic_label":"Colorado River green lineage","current_label":"Colorado River green lineage","recovery_label":"Recovery watch / review area","tier":"tier2","minZoom":12,"confidence_public":"Watershed-level lineage context; expert review recommended","geometry_status_public":"Named natural stream occurrence from statewide hydrography","geometry_source_public":"Grouped public hydrography segments","trout_source_public":"Compiled public recovery and lineage context; expert review recommended","public_notes":"Smith Creek is shown as a named-water occurrence within watershed-level cutthroat lineage context. This is not a precise biological boundary."}},{"type":"Feature","geometry":{"type":"LineString","coordinates":[[-106.1468,40.1396],[-106.1466,40.1391]]},"properties":{"source_id":"co_named_stream_071288","name":"Smith Creek","display_name":"Smith Creek","mapped_name":"Smith Creek","source_name":"Smith Creek","state":"CO","atlas_class":"named_natural_stream","huc8":"14010001","huc8Name":"Colorado Headwaters","huc8States":"CO","lineageKey":"coloradoRiver","lineage":"coloradoRiver","historic":"coloradoRiver","current":"coloradoRiver","recovery":"recoveryWatch","lineageLabel":"Colorado River green lineage","lineageBasin":"Colorado Headwaters","lineageNote":"Upper Colorado green-lineage context","atlas_context":"cutthroat_lineage_context","confidence":"Watershed-level lineage context; expert review recommended","geometryStatus":"Named natural stream segment from statewide hydrography","note":"This named natural stream falls within a HUC8 assigned to a cutthroat lineage context.","source_segment_id":"co_named_stream_071288","water_id":"co_smith_creek_14010001_coloradoRiver_003","occurrence_id":"co_smith_creek_14010001_coloradoRiver_003","occurrence_number":"003","segment_count":20,"disambiguator":"Colorado Headwaters · Colorado River green lineage · occurrence 003","basin":"Colorado Headwaters","atlas_layer":"named_water_occurrence","object_role":"named_water_occurrence","historic_label":"Colorado River green lineage","current_label":"Colorado River green lineage","recovery_label":"Recovery watch / review area","tier":"tier2","minZoom":12,"confidence_public":"Watershed-level lineage context; expert review recommended","geometry_status_public":"Named natural stream occurrence from statewide hydrography","geometry_source_public":"Grouped public hydrography segments","trout_source_public":"Compiled public recovery and lineage context; expert review recommended","public_notes":"Smith Creek is shown as a named-water occurrence within watershed-level cutthroat lineage context. This is not a precise biological boundary."}},{"type":"Feature","geometry":{"type":"LineString","coordinates":[[-106.1446,40.1369],[-106.1446,40.1361]]},"properties":{"source_id":"co_named_stream_078029","name":"Smith Creek","display_name":"Smith Creek","mapped_name":"Smith Creek","source_name":"Smith Creek","state":"CO","atlas_class":"named_natural_stream","huc8":"14010001","huc8Name":"Colorado Headwaters","huc8States":"CO","lineageKey":"coloradoRiver","lineage":"coloradoRiver","historic":"coloradoRiver","current":"coloradoRiver","recovery":"recoveryWatch","lineageLabel":"Colorado River green lineage","lineageBasin":"Colorado Headwaters","lineageNote":"Upper Colorado green-lineage context","atlas_context":"cutthroat_lineage_context","confidence":"Watershed-level lineage context; expert review recommended","geometryStatus":"Named natural stream segment from statewide hydrography","note":"This named natural stream falls within a HUC8 assigned to a cutthroat lineage context.","source_segment_id":"co_named_stream_078029","water_id":"co_smith_creek_14010001_coloradoRiver_003","occurrence_id":"co_smith_creek_14010001_coloradoRiver_003","occurrence_number":"003","segment_count":20,"disambiguator":"Colorado Headwaters · Colorado River green lineage · occurrence 003","basin":"Colorado Headwaters","atlas_layer":"named_water_occurrence","object_role":"named_water_occurrence","historic_label":"Colorado River green lineage","current_label":"Colorado River green lineage","recovery_label":"Recovery watch / review area","tier":"tier2","minZoom":12,"confidence_public":"Watershed-level lineage context; expert review recommended","geometry_status_public":"Named natural stream occurrence from statewide hydrography","geometry_source_public":"Grouped public hydrography segments","trout_source_public":"Compiled public recovery and lineage context; expert review recommended","public_notes":"Smith Creek is shown as a named-water occurrence within watershed-level cutthroat lineage context. This is not a precise biological boundary."}},{"type":"Feature","geometry":{"type":"LineString","coordinates":[[-106.1453,40.1375],[-106.1446,40.1369]]},"properties":{"source_id":"co_named_stream_078042","name":"Smith Creek","display_name":"Smith Creek","mapped_name":"Smith Creek","source_name":"Smith Creek","state":"CO","atlas_class":"named_natural_stream","huc8":"14010001","huc8Name":"Colorado Headwaters","huc8States":"CO","lineageKey":"coloradoRiver","lineage":"coloradoRiver","historic":"coloradoRiver","current":"coloradoRiver","recovery":"recoveryWatch","lineageLabel":"Colorado River green lineage","lineageBasin":"Colorado Headwaters","lineageNote":"Upper Colorado green-lineage context","atlas_context":"cutthroat_lineage_context","confidence":"Watershed-level lineage context; expert review recommended","geometryStatus":"Named natural stream segment from statewide hydrography","note":"This named natural stream falls within a HUC8 assigned to a cutthroat lineage context.","source_segment_id":"co_named_stream_078042","water_id":"co_smith_creek_14010001_coloradoRiver_003","occurrence_id":"co_smith_creek_14010001_coloradoRiver_003","occurrence_number":"003","segment_count":20,"disambiguator":"Colorado Headwaters · Colorado River green lineage · occurrence 003","basin":"Colorado Headwaters","atlas_layer":"named_water_occurrence","object_role":"named_water_occurrence","historic_label":"Colorado River green lineage","current_label":"Colorado River green lineage","recovery_label":"Recovery watch / review area","tier":"tier2","minZoom":12,"confidence_public":"Watershed-level lineage context; expert review recommended","geometry_status_public":"Named natural stream occurrence from statewide hydrography","geometry_source_public":"Grouped public hydrography segments","trout_source_public":"Compiled public recovery and lineage context; expert review recommended","public_notes":"Smith Creek is shown as a named-water occurrence within watershed-level cutthroat lineage context. This is not a precise biological boundary."}},{"type":"Feature","geometry":{"type":"LineString","coordinates":[[-106.157,40.1049],[-106.1667,40.1019],[-106.1741,40.1016]]},"properties":{"source_id":"co_named_stream_078044","name":"Smith Creek","display_name":"Smith Creek","mapped_name":"Smith Creek","source_name":"Smith Creek","state":"CO","atlas_class":"named_natural_stream","huc8":"14010001","huc8Name":"Colorado Headwaters","huc8States":"CO","lineageKey":"coloradoRiver","lineage":"coloradoRiver","historic":"coloradoRiver","current":"coloradoRiver","recovery":"recoveryWatch","lineageLabel":"Colorado River green lineage","lineageBasin":"Colorado Headwaters","lineageNote":"Upper Colorado green-lineage context","atlas_context":"cutthroat_lineage_context","confidence":"Watershed-level lineage context; expert review recommended","geometryStatus":"Named natural stream segment from statewide hydrography","note":"This named natural stream falls within a HUC8 assigned to a cutthroat lineage context.","source_segment_id":"co_named_stream_078044","water_id":"co_smith_creek_14010001_coloradoRiver_003","occurrence_id":"co_smith_creek_14010001_coloradoRiver_003","occurrence_number":"003","segment_count":20,"disambiguator":"Colorado Headwaters · Colorado River green lineage · occurrence 003","basin":"Colorado Headwaters","atlas_layer":"named_water_occurrence","object_role":"named_water_occurrence","historic_label":"Colorado River green lineage","current_label":"Colorado River green lineage","recovery_label":"Recovery watch / review area","tier":"tier2","minZoom":12,"confidence_public":"Watershed-level lineage context; expert review recommended","geometry_status_public":"Named natural stream occurrence from statewide hydrography","geometry_source_public":"Grouped public hydrography segments","trout_source_public":"Compiled public recovery and lineage context; expert review recommended","public_notes":"Smith Creek is shown as a named-water occurrence within watershed-level cutthroat lineage context. This is not a precise biological boundary."}},{"type":"Feature","geometry":{"type":"LineString","coordinates":[[-106.1486,40.1155],[-106.1512,40.1101]]},"properties":{"source_id":"co_named_stream_078046","name":"Smith Creek","display_name":"Smith Creek","mapped_name":"Smith Creek","source_name":"Smith Creek","state":"CO","atlas_class":"named_natural_stream","huc8":"14010001","huc8Name":"Colorado Headwaters","huc8States":"CO","lineageKey":"coloradoRiver","lineage":"coloradoRiver","historic":"coloradoRiver","current":"coloradoRiver","recovery":"recoveryWatch","lineageLabel":"Colorado River green lineage","lineageBasin":"Colorado Headwaters","lineageNote":"Upper Colorado green-lineage context","atlas_context":"cutthroat_lineage_context","confidence":"Watershed-level lineage context; expert review recommended","geometryStatus":"Named natural stream segment from statewide hydrography","note":"This named natural stream falls within a HUC8 assigned to a cutthroat lineage context.","source_segment_id":"co_named_stream_078046","water_id":"co_smith_creek_14010001_coloradoRiver_003","occurrence_id":"co_smith_creek_14010001_coloradoRiver_003","occurrence_number":"003","segment_count":20,"disambiguator":"Colorado Headwaters · Colorado River green lineage · occurrence 003","basin":"Colorado Headwaters","atlas_layer":"named_water_occurrence","object_role":"named_water_occurrence","historic_label":"Colorado River green lineage","current_label":"Colorado River green lineage","recovery_label":"Recovery watch / review area","tier":"tier2","minZoom":12,"confidence_public":"Watershed-level lineage context; expert review recommended","geometry_status_public":"Named natural stream occurrence from statewide hydrography","geometry_source_public":"Grouped public hydrography segments","trout_source_public":"Compiled public recovery and lineage context; expert review recommended","public_notes":"Smith Creek is shown as a named-water occurrence within watershed-level cutthroat lineage context. This is not a precise biological boundary."}},{"type":"Feature","geometry":{"type":"LineString","coordinates":[[-106.1416,40.1307],[-106.1411,40.1301]]},"properties":{"source_id":"co_named_stream_078048","name":"Smith Creek","display_name":"Smith Creek","mapped_name":"Smith Creek","source_name":"Smith Creek","state":"CO","atlas_class":"named_natural_stream","huc8":"14010001","huc8Name":"Colorado Headwaters","huc8States":"CO","lineageKey":"coloradoRiver","lineage":"coloradoRiver","historic":"coloradoRiver","current":"coloradoRiver","recovery":"recoveryWatch","lineageLabel":"Colorado River green lineage","lineageBasin":"Colorado Headwaters","lineageNote":"Upper Colorado green-lineage context","atlas_context":"cutthroat_lineage_context","confidence":"Watershed-level lineage context; expert review recommended","geometryStatus":"Named natural stream segment from statewide hydrography","note":"This named natural stream falls within a HUC8 assigned to a cutthroat lineage context.","source_segment_id":"co_named_stream_078048","water_id":"co_smith_creek_14010001_coloradoRiver_003","occurrence_id":"co_smith_creek_14010001_coloradoRiver_003","occurrence_number":"003","segment_count":20,"disambiguator":"Colorado Headwaters · Colorado River green lineage · occurrence 003","basin":"Colorado Headwaters","atlas_layer":"named_water_occurrence","object_role":"named_water_occurrence","historic_label":"Colorado River green lineage","current_label":"Colorado River green lineage","recovery_label":"Recovery watch / review area","tier":"tier2","minZoom":12,"confidence_public":"Watershed-level lineage context; expert review recommended","geometry_status_public":"Named natural stream occurrence from statewide hydrography","geometry_source_public":"Grouped public hydrography segments","trout_source_public":"Compiled public recovery and lineage context; expert review recommended","public_notes":"Smith Creek is shown as a named-water occurrence within watershed-level cutthroat lineage context. This is not a precise biological boundary."}},{"type":"Feature","geometry":{"type":"LineString","coordinates":[[-106.1484,40.1408],[-106.1468,40.1396]]},"properties":{"source_id":"co_named_stream_078055","name":"Smith Creek","display_name":"Smith Creek","mapped_name":"Smith Creek","source_name":"Smith Creek","state":"CO","atlas_class":"named_natural_stream","huc8":"14010001","huc8Name":"Colorado Headwaters","huc8States":"CO","lineageKey":"coloradoRiver","lineage":"coloradoRiver","historic":"coloradoRiver","current":"coloradoRiver","recovery":"recoveryWatch","lineageLabel":"Colorado River green lineage","lineageBasin":"Colorado Headwaters","lineageNote":"Upper Colorado green-lineage context","atlas_context":"cutthroat_lineage_context","confidence":"Watershed-level lineage context; expert review recommended","geometryStatus":"Named natural stream segment from statewide hydrography","note":"This named natural stream falls within a HUC8 assigned to a cutthroat lineage context.","source_segment_id":"co_named_stream_078055","water_id":"co_smith_creek_14010001_coloradoRiver_003","occurrence_id":"co_smith_creek_14010001_coloradoRiver_003","occurrence_number":"003","segment_count":20,"disambiguator":"Colorado Headwaters · Colorado River green lineage · occurrence 003","basin":"Colorado Headwaters","atlas_layer":"named_water_occurrence","object_role":"named_water_occurrence","historic_label":"Colorado River green lineage","current_label":"Colorado River green lineage","recovery_label":"Recovery watch / review area","tier":"tier2","minZoom":12,"confidence_public":"Watershed-level lineage context; expert review recommended","geometry_status_public":"Named natural stream occurrence from statewide hydrography","geometry_source_public":"Grouped public hydrography segments","trout_source_public":"Compiled public recovery and lineage context; expert review recommended","public_notes":"Smith Creek is shown as a named-water occurrence within watershed-level cutthroat lineage context. This is not a precise biological boundary."}},{"type":"Feature","geometry":{"type":"LineString","coordinates":[[-106.1828,40.1011],[-106.1849,40.0997]]},"properties":{"source_id":"co_named_stream_078093","name":"Smith Creek","display_name":"Smith Creek","mapped_name":"Smith Creek","source_name":"Smith Creek","state":"CO","atlas_class":"named_natural_stream","huc8":"14010001","huc8Name":"Colorado Headwaters","huc8States":"CO","lineageKey":"coloradoRiver","lineage":"coloradoRiver","historic":"coloradoRiver","current":"coloradoRiver","recovery":"recoveryWatch","lineageLabel":"Colorado River green lineage","lineageBasin":"Colorado Headwaters","lineageNote":"Upper Colorado green-lineage context","atlas_context":"cutthroat_lineage_context","confidence":"Watershed-level lineage context; expert review recommended","geometryStatus":"Named natural stream segment from statewide hydrography","note":"This named natural stream falls within a HUC8 assigned to a cutthroat lineage context.","source_segment_id":"co_named_stream_078093","water_id":"co_smith_creek_14010001_coloradoRiver_003","occurrence_id":"co_smith_creek_14010001_coloradoRiver_003","occurrence_number":"003","segment_count":20,"disambiguator":"Colorado Headwaters · Colorado River green lineage · occurrence 003","basin":"Colorado Headwaters","atlas_layer":"named_water_occurrence","object_role":"named_water_occurrence","historic_label":"Colorado River green lineage","current_label":"Colorado River green lineage","recovery_label":"Recovery watch / review area","tier":"tier2","minZoom":12,"confidence_public":"Watershed-level lineage context; expert review recommended","geometry_status_public":"Named natural stream occurrence from statewide hydrography","geometry_source_public":"Grouped public hydrography segments","trout_source_public":"Compiled public recovery and lineage context; expert review recommended","public_notes":"Smith Creek is shown as a named-water occurrence within watershed-level cutthroat lineage context. This is not a precise biological boundary."}},{"type":"Feature","geometry":{"type":"LineString","coordinates":[[-106.1849,40.0997],[-106.1855,40.0991]]},"properties":{"source_id":"co_named_stream_078099","name":"Smith Creek","display_name":"Smith Creek","mapped_name":"Smith Creek","source_name":"Smith Creek","state":"CO","atlas_class":"named_natural_stream","huc8":"14010001","huc8Name":"Colorado Headwaters","huc8States":"CO","lineageKey":"coloradoRiver","lineage":"coloradoRiver","historic":"coloradoRiver","current":"coloradoRiver","recovery":"recoveryWatch","lineageLabel":"Colorado River green lineage","lineageBasin":"Colorado Headwaters","lineageNote":"Upper Colorado green-lineage context","atlas_context":"cutthroat_lineage_context","confidence":"Watershed-level lineage context; expert review recommended","geometryStatus":"Named natural stream segment from statewide hydrography","note":"This named natural stream falls within a HUC8 assigned to a cutthroat lineage context.","source_segment_id":"co_named_stream_078099","water_id":"co_smith_creek_14010001_coloradoRiver_003","occurrence_id":"co_smith_creek_14010001_coloradoRiver_003","occurrence_number":"003","segment_count":20,"disambiguator":"Colorado Headwaters · Colorado River green lineage · occurrence 003","basin":"Colorado Headwaters","atlas_layer":"named_water_occurrence","object_role":"named_water_occurrence","historic_label":"Colorado River green lineage","current_label":"Colorado River green lineage","recovery_label":"Recovery watch / review area","tier":"tier2","minZoom":12,"confidence_public":"Watershed-level lineage context; expert review recommended","geometry_status_public":"Named natural stream occurrence from statewide hydrography","geometry_source_public":"Grouped public hydrography segments","trout_source_public":"Compiled public recovery and lineage context; expert review recommended","public_notes":"Smith Creek is shown as a named-water occurrence within watershed-level cutthroat lineage context. This is not a precise biological boundary."}},{"type":"Feature","geometry":{"type":"LineString","coordinates":[[-106.109,40.1768],[-106.1063,40.178]]},"properties":{"source_id":"co_named_stream_067333","name":"Cabin Creek","display_name":"Cabin Creek","mapped_name":"Cabin Creek","source_name":"Cabin Creek","state":"CO","atlas_class":"named_natural_stream","huc8":"14010001","huc8Name":"Colorado Headwaters","huc8States":"CO","lineageKey":"coloradoRiver","lineage":"coloradoRiver","historic":"coloradoRiver","current":"coloradoRiver","recovery":"recoveryWatch","lineageLabel":"Colorado River green lineage","lineageBasin":"Colorado Headwaters","lineageNote":"Upper Colorado green-lineage context","atlas_context":"cutthroat_lineage_context","confidence":"Watershed-level lineage context; expert review recommended","geometryStatus":"Named natural stream segment from statewide hydrography","note":"This named natural stream falls within a HUC8 assigned to a cutthroat lineage context.","source_segment_id":"co_named_stream_067333","water_id":"co_cabin_creek_14010001_coloradoRiver_003","occurrence_id":"co_cabin_creek_14010001_coloradoRiver_003","occurrence_number":"003","segment_count":35,"disambiguator":"Colorado Headwaters · Colorado River green lineage · occurrence 003","basin":"Colorado Headwaters","atlas_layer":"named_water_occurrence","object_role":"named_water_occurrence","historic_label":"Colorado River green lineage","current_label":"Colorado River green lineage","recovery_label":"Recovery watch / review area","tier":"tier2","minZoom":12,"confidence_public":"Watershed-level lineage context; expert review recommended","geometry_status_public":"Named natural stream occurrence from statewide hydrography","geometry_source_public":"Grouped public hydrography segments","trout_source_public":"Compiled public recovery and lineage context; expert review recommended","public_notes":"Cabin Creek is shown as a named-water occurrence within watershed-level cutthroat lineage context. This is not a precise biological boundary."}},{"type":"Feature","geometry":{"type":"LineString","coordinates":[[-106.1042,40.179],[-106.1026,40.1797]]},"properties":{"source_id":"co_named_stream_067334","name":"Cabin Creek","display_name":"Cabin Creek","mapped_name":"Cabin Creek","source_name":"Cabin Creek","state":"CO","atlas_class":"named_natural_stream","huc8":"14010001","huc8Name":"Colorado Headwaters","huc8States":"CO","lineageKey":"coloradoRiver","lineage":"coloradoRiver","historic":"coloradoRiver","current":"coloradoRiver","recovery":"recoveryWatch","lineageLabel":"Colorado River green lineage","lineageBasin":"Colorado Headwaters","lineageNote":"Upper Colorado green-lineage context","atlas_context":"cutthroat_lineage_context","confidence":"Watershed-level lineage context; expert review recommended","geometryStatus":"Named natural stream segment from statewide hydrography","note":"This named natural stream falls within a HUC8 assigned to a cutthroat lineage context.","source_segment_id":"co_named_stream_067334","water_id":"co_cabin_creek_14010001_coloradoRiver_003","occurrence_id":"co_cabin_creek_14010001_coloradoRiver_003","occurrence_number":"003","segment_count":35,"disambiguator":"Colorado Headwaters · Colorado River green lineage · occurrence 003","basin":"Colorado Headwaters","atlas_layer":"named_water_occurrence","object_role":"named_water_occurrence","historic_label":"Colorado River green lineage","current_label":"Colorado River green lineage","recovery_label":"Recovery watch / review area","tier":"tier2","minZoom":12,"confidence_public":"Watershed-level lineage context; expert review recommended","geometry_status_public":"Named natural stream occurrence from statewide hydrography","geometry_source_public":"Grouped public hydrography segments","trout_source_public":"Compiled public recovery and lineage context; expert review recommended","public_notes":"Cabin Creek is shown as a named-water occurrence within watershed-level cutthroat lineage context. This is not a precise biological boundary."}},{"type":"Feature","geometry":{"type":"LineString","coordinates":[[-106.0945,40.1812],[-106.0935,40.1814]]},"properties":{"source_id":"co_named_stream_067335","name":"Cabin Creek","display_name":"Cabin Creek","mapped_name":"Cabin Creek","source_name":"Cabin Creek","state":"CO","atlas_class":"named_natural_stream","huc8":"14010001","huc8Name":"Colorado Headwaters","huc8States":"CO","lineageKey":"coloradoRiver","lineage":"coloradoRiver","historic":"coloradoRiver","current":"coloradoRiver","recovery":"recoveryWatch","lineageLabel":"Colorado River green lineage","lineageBasin":"Colorado Headwaters","lineageNote":"Upper Colorado green-lineage context","atlas_context":"cutthroat_lineage_context","confidence":"Watershed-level lineage context; expert review recommended","geometryStatus":"Named natural stream segment from statewide hydrography","note":"This named natural stream falls within a HUC8 assigned to a cutthroat lineage context.","source_segment_id":"co_named_stream_067335","water_id":"co_cabin_creek_14010001_coloradoRiver_003","occurrence_id":"co_cabin_creek_14010001_coloradoRiver_003","occurrence_number":"003","segment_count":35,"disambiguator":"Colorado Headwaters · Colorado River green lineage · occurrence 003","basin":"Colorado Headwaters","atlas_layer":"named_water_occurrence","object_role":"named_water_occurrence","historic_label":"Colorado River green lineage","current_label":"Colorado River green lineage","recovery_label":"Recovery watch / review area","tier":"tier2","minZoom":12,"confidence_public":"Watershed-level lineage context; expert review recommended","geometry_status_public":"Named natural stream occurrence from statewide hydrography","geometry_source_public":"Grouped public hydrography segments","trout_source_public":"Compiled public recovery and lineage context; expert review recommended","public_notes":"Cabin Creek is shown as a named-water occurrence within watershed-level cutthroat lineage context. This is not a precise biological boundary."}},{"type":"Feature","geometry":{"type":"LineString","coordinates":[[-106.1123,40.1765],[-106.109,40.1768]]},"properties":{"source_id":"co_named_stream_067336","name":"Cabin Creek","display_name":"Cabin Creek","mapped_name":"Cabin Creek","source_name":"Cabin Creek","state":"CO","atlas_class":"named_natural_stream","huc8":"14010001","huc8Name":"Colorado Headwaters","huc8States":"CO","lineageKey":"coloradoRiver","lineage":"coloradoRiver","historic":"coloradoRiver","current":"coloradoRiver","recovery":"recoveryWatch","lineageLabel":"Colorado River green lineage","lineageBasin":"Colorado Headwaters","lineageNote":"Upper Colorado green-lineage context","atlas_context":"cutthroat_lineage_context","confidence":"Watershed-level lineage context; expert review recommended","geometryStatus":"Named natural stream segment from statewide hydrography","note":"This named natural stream falls within a HUC8 assigned to a cutthroat lineage context.","source_segment_id":"co_named_stream_067336","water_id":"co_cabin_creek_14010001_coloradoRiver_003","occurrence_id":"co_cabin_creek_14010001_coloradoRiver_003","occurrence_number":"003","segment_count":35,"disambiguator":"Colorado Headwaters · Colorado River green lineage · occurrence 003","basin":"Colorado Headwaters","atlas_layer":"named_water_occurrence","object_role":"named_water_occurrence","historic_label":"Colorado River green lineage","current_label":"Colorado River green lineage","recovery_label":"Recovery watch / review area","tier":"tier2","minZoom":12,"confidence_public":"Watershed-level lineage context; expert review recommended","geometry_status_public":"Named natural stream occurrence from statewide hydrography","geometry_source_public":"Grouped public hydrography segments","trout_source_public":"Compiled public recovery and lineage context; expert review recommended","public_notes":"Cabin Creek is shown as a named-water occurrence within watershed-level cutthroat lineage context. This is not a precise biological boundary."}},{"type":"Feature","geometry":{"type":"LineString","coordinates":[[-106.1006,40.1802],[-106.0979,40.1804]]},"properties":{"source_id":"co_named_stream_067337","name":"Cabin Creek","display_name":"Cabin Creek","mapped_name":"Cabin Creek","source_name":"Cabin Creek","state":"CO","atlas_class":"named_natural_stream","huc8":"14010001","huc8Name":"Colorado Headwaters","huc8States":"CO","lineageKey":"coloradoRiver","lineage":"coloradoRiver","historic":"coloradoRiver","current":"coloradoRiver","recovery":"recoveryWatch","lineageLabel":"Colorado River green lineage","lineageBasin":"Colorado Headwaters","lineageNote":"Upper Colorado green-lineage context","atlas_context":"cutthroat_lineage_context","confidence":"Watershed-level lineage context; expert review recommended","geometryStatus":"Named natural stream segment from statewide hydrography","note":"This named natural stream falls within a HUC8 assigned to a cutthroat lineage context.","source_segment_id":"co_named_stream_067337","water_id":"co_cabin_creek_14010001_coloradoRiver_003","occurrence_id":"co_cabin_creek_14010001_coloradoRiver_003","occurrence_number":"003","segment_count":35,"disambiguator":"Colorado Headwaters · Colorado River green lineage · occurrence 003","basin":"Colorado Headwaters","atlas_layer":"named_water_occurrence","object_role":"named_water_occurrence","historic_label":"Colorado River green lineage","current_label":"Colorado River green lineage","recovery_label":"Recovery watch / review area","tier":"tier2","minZoom":12,"confidence_public":"Watershed-level lineage context; expert review recommended","geometry_status_public":"Named natural stream occurrence from statewide hydrography","geometry_source_public":"Grouped public hydrography segments","trout_source_public":"Compiled public recovery and lineage context; expert review recommended","public_notes":"Cabin Creek is shown as a named-water occurrence within watershed-level cutthroat lineage context. This is not a precise biological boundary."}},{"type":"Feature","geometry":{"type":"LineString","coordinates":[[-106.0958,40.1809],[-106.0956,40.1809]]},"properties":{"source_id":"co_named_stream_067338","name":"Cabin Creek","display_name":"Cabin Creek","mapped_name":"Cabin Creek","source_name":"Cabin Creek","state":"CO","atlas_class":"named_natural_stream","huc8":"14010001","huc8Name":"Colorado Headwaters","huc8States":"CO","lineageKey":"coloradoRiver","lineage":"coloradoRiver","historic":"coloradoRiver","current":"coloradoRiver","recovery":"recoveryWatch","lineageLabel":"Colorado River green lineage","lineageBasin":"Colorado Headwaters","lineageNote":"Upper Colorado green-lineage context","atlas_context":"cutthroat_lineage_context","confidence":"Watershed-level lineage context; expert review recommended","geometryStatus":"Named natural stream segment from statewide hydrography","note":"This named natural stream falls within a HUC8 assigned to a cutthroat lineage context.","source_segment_id":"co_named_stream_067338","water_id":"co_cabin_creek_14010001_coloradoRiver_003","occurrence_id":"co_cabin_creek_14010001_coloradoRiver_003","occurrence_number":"003","segment_count":35,"disambiguator":"Colorado Headwaters · Colorado River green lineage · occurrence 003","basin":"Colorado Headwaters","atlas_layer":"named_water_occurrence","object_role":"named_water_occurrence","historic_label":"Colorado River green lineage","current_label":"Colorado River green lineage","recovery_label":"Recovery watch / review area","tier":"tier2","minZoom":12,"confidence_public":"Watershed-level lineage context; expert review recommended","geometry_status_public":"Named natural stream occurrence from statewide hydrography","geometry_source_public":"Grouped public hydrography segments","trout_source_public":"Compiled public recovery and lineage context; expert review recommended","public_notes":"Cabin Creek is shown as a named-water occurrence within watershed-level cutthroat lineage context. This is not a precise biological boundary."}},{"type":"Feature","geometry":{"type":"LineString","coordinates":[[-106.1125,40.1764],[-106.1123,40.1765]]},"properties":{"source_id":"co_named_stream_067340","name":"Cabin Creek","display_name":"Cabin Creek","mapped_name":"Cabin Creek","source_name":"Cabin Creek","state":"CO","atlas_class":"named_natural_stream","huc8":"14010001","huc8Name":"Colorado Headwaters","huc8States":"CO","lineageKey":"coloradoRiver","lineage":"coloradoRiver","historic":"coloradoRiver","current":"coloradoRiver","recovery":"recoveryWatch","lineageLabel":"Colorado River green lineage","lineageBasin":"Colorado Headwaters","lineageNote":"Upper Colorado green-lineage context","atlas_context":"cutthroat_lineage_context","confidence":"Watershed-level lineage context; expert review recommended","geometryStatus":"Named natural stream segment from statewide hydrography","note":"This named natural stream falls within a HUC8 assigned to a cutthroat lineage context.","source_segment_id":"co_named_stream_067340","water_id":"co_cabin_creek_14010001_coloradoRiver_003","occurrence_id":"co_cabin_creek_14010001_coloradoRiver_003","occurrence_number":"003","segment_count":35,"disambiguator":"Colorado Headwaters · Colorado River green lineage · occurrence 003","basin":"Colorado Headwaters","atlas_layer":"named_water_occurrence","object_role":"named_water_occurrence","historic_label":"Colorado River green lineage","current_label":"Colorado River green lineage","recovery_label":"Recovery watch / review area","tier":"tier2","minZoom":12,"confidence_public":"Watershed-level lineage context; expert review recommended","geometry_status_public":"Named natural stream occurrence from statewide hydrography","geometry_source_public":"Grouped public hydrography segments","trout_source_public":"Compiled public recovery and lineage context; expert review recommended","public_notes":"Cabin Creek is shown as a named-water occurrence within watershed-level cutthroat lineage context. This is not a precise biological boundary."}},{"type":"Feature","geometry":{"type":"LineString","coordinates":[[-106.1026,40.1797],[-106.1006,40.1802]]},"properties":{"source_id":"co_named_stream_067342","name":"Cabin Creek","display_name":"Cabin Creek","mapped_name":"Cabin Creek","source_name":"Cabin Creek","state":"CO","atlas_class":"named_natural_stream","huc8":"14010001","huc8Name":"Colorado Headwaters","huc8States":"CO","lineageKey":"coloradoRiver","lineage":"coloradoRiver","historic":"coloradoRiver","current":"coloradoRiver","recovery":"recoveryWatch","lineageLabel":"Colorado River green lineage","lineageBasin":"Colorado Headwaters","lineageNote":"Upper Colorado green-lineage context","atlas_context":"cutthroat_lineage_context","confidence":"Watershed-level lineage context; expert review recommended","geometryStatus":"Named natural stream segment from statewide hydrography","note":"This named natural stream falls within a HUC8 assigned to a cutthroat lineage context.","source_segment_id":"co_named_stream_067342","water_id":"co_cabin_creek_14010001_coloradoRiver_003","occurrence_id":"co_cabin_creek_14010001_coloradoRiver_003","occurrence_number":"003","segment_count":35,"disambiguator":"Colorado Headwaters · Colorado River green lineage · occurrence 003","basin":"Colorado Headwaters","atlas_layer":"named_water_occurrence","object_role":"named_water_occurrence","historic_label":"Colorado River green lineage","current_label":"Colorado River green lineage","recovery_label":"Recovery watch / review area","tier":"tier2","minZoom":12,"confidence_public":"Watershed-level lineage context; expert review recommended","geometry_status_public":"Named natural stream occurrence from statewide hydrography","geometry_source_public":"Grouped public hydrography segments","trout_source_public":"Compiled public recovery and lineage context; expert review recommended","public_notes":"Cabin Creek is shown as a named-water occurrence within watershed-level cutthroat lineage context. This is not a precise biological boundary."}},{"type":"Feature","geometry":{"type":"LineString","coordinates":[[-106.0904,40.1827],[-106.0851,40.1861]]},"properties":{"source_id":"co_named_stream_067344","name":"Cabin Creek","display_name":"Cabin Creek","mapped_name":"Cabin Creek","source_name":"Cabin Creek","state":"CO","atlas_class":"named_natural_stream","huc8":"14010001","huc8Name":"Colorado Headwaters","huc8States":"CO","lineageKey":"coloradoRiver","lineage":"coloradoRiver","historic":"coloradoRiver","current":"coloradoRiver","recovery":"recoveryWatch","lineageLabel":"Colorado River green lineage","lineageBasin":"Colorado Headwaters","lineageNote":"Upper Colorado green-lineage context","atlas_context":"cutthroat_lineage_context","confidence":"Watershed-level lineage context; expert review recommended","geometryStatus":"Named natural stream segment from statewide hydrography","note":"This named natural stream falls within a HUC8 assigned to a cutthroat lineage context.","source_segment_id":"co_named_stream_067344","water_id":"co_cabin_creek_14010001_coloradoRiver_003","occurrence_id":"co_cabin_creek_14010001_coloradoRiver_003","occurrence_number":"003","segment_count":35,"disambiguator":"Colorado Headwaters · Colorado River green lineage · occurrence 003","basin":"Colorado Headwaters","atlas_layer":"named_water_occurrence","object_role":"named_water_occurrence","historic_label":"Colorado River green lineage","current_label":"Colorado River green lineage","recovery_label":"Recovery watch / review area","tier":"tier2","minZoom":12,"confidence_public":"Watershed-level lineage context; expert review recommended","geometry_status_public":"Named natural stream occurrence from statewide hydrography","geometry_source_public":"Grouped public hydrography segments","trout_source_public":"Compiled public recovery and lineage context; expert review recommended","public_notes":"Cabin Creek is shown as a named-water occurrence within watershed-level cutthroat lineage context. This is not a precise biological boundary."}},{"type":"Feature","geometry":{"type":"LineString","coordinates":[[-106.1222,40.171],[-106.1185,40.1719],[-106.1158,40.1749],[-106.1126,40.1763]]},"properties":{"source_id":"co_named_stream_067345","name":"Cabin Creek","display_name":"Cabin Creek","mapped_name":"Cabin Creek","source_name":"Cabin Creek","state":"CO","atlas_class":"named_natural_stream","huc8":"14010001","huc8Name":"Colorado Headwaters","huc8States":"CO","lineageKey":"coloradoRiver","lineage":"coloradoRiver","historic":"coloradoRiver","current":"coloradoRiver","recovery":"recoveryWatch","lineageLabel":"Colorado River green lineage","lineageBasin":"Colorado Headwaters","lineageNote":"Upper Colorado green-lineage context","atlas_context":"cutthroat_lineage_context","confidence":"Watershed-level lineage context; expert review recommended","geometryStatus":"Named natural stream segment from statewide hydrography","note":"This named natural stream falls within a HUC8 assigned to a cutthroat lineage context.","source_segment_id":"co_named_stream_067345","water_id":"co_cabin_creek_14010001_coloradoRiver_003","occurrence_id":"co_cabin_creek_14010001_coloradoRiver_003","occurrence_number":"003","segment_count":35,"disambiguator":"Colorado Headwaters · Colorado River green lineage · occurrence 003","basin":"Colorado Headwaters","atlas_layer":"named_water_occurrence","object_role":"named_water_occurrence","historic_label":"Colorado River green lineage","current_label":"Colorado River green lineage","recovery_label":"Recovery watch / review area","tier":"tier2","minZoom":12,"confidence_public":"Watershed-level lineage context; expert review recommended","geometry_status_public":"Named natural stream occurrence from statewide hydrography","geometry_source_public":"Grouped public hydrography segments","trout_source_public":"Compiled public recovery and lineage context; expert review recommended","public_notes":"Cabin Creek is shown as a named-water occurrence within watershed-level cutthroat lineage context. This is not a precise biological boundary."}},{"type":"Feature","geometry":{"type":"LineString","coordinates":[[-106.0956,40.1809],[-106.0945,40.1812]]},"properties":{"source_id":"co_named_stream_067347","name":"Cabin Creek","display_name":"Cabin Creek","mapped_name":"Cabin Creek","source_name":"Cabin Creek","state":"CO","atlas_class":"named_natural_stream","huc8":"14010001","huc8Name":"Colorado Headwaters","huc8States":"CO","lineageKey":"coloradoRiver","lineage":"coloradoRiver","historic":"coloradoRiver","current":"coloradoRiver","recovery":"recoveryWatch","lineageLabel":"Colorado River green lineage","lineageBasin":"Colorado Headwaters","lineageNote":"Upper Colorado green-lineage context","atlas_context":"cutthroat_lineage_context","confidence":"Watershed-level lineage context; expert review recommended","geometryStatus":"Named natural stream segment from statewide hydrography","note":"This named natural stream falls within a HUC8 assigned to a cutthroat lineage context.","source_segment_id":"co_named_stream_067347","water_id":"co_cabin_creek_14010001_coloradoRiver_003","occurrence_id":"co_cabin_creek_14010001_coloradoRiver_003","occurrence_number":"003","segment_count":35,"disambiguator":"Colorado Headwaters · Colorado River green lineage · occurrence 003","basin":"Colorado Headwaters","atlas_layer":"named_water_occurrence","object_role":"named_water_occurrence","historic_label":"Colorado River green lineage","current_label":"Colorado River green lineage","recovery_label":"Recovery watch / review area","tier":"tier2","minZoom":12,"confidence_public":"Watershed-level lineage context; expert review recommended","geometry_status_public":"Named natural stream occurrence from statewide hydrography","geometry_source_public":"Grouped public hydrography segments","trout_source_public":"Compiled public recovery and lineage context; expert review recommended","public_notes":"Cabin Creek is shown as a named-water occurrence within watershed-level cutthroat lineage context. This is not a precise biological boundary."}},{"type":"Feature","geometry":{"type":"LineString","coordinates":[[-106.1063,40.178],[-106.1042,40.179]]},"properties":{"source_id":"co_named_stream_067348","name":"Cabin Creek","display_name":"Cabin Creek","mapped_name":"Cabin Creek","source_name":"Cabin Creek","state":"CO","atlas_class":"named_natural_stream","huc8":"14010001","huc8Name":"Colorado Headwaters","huc8States":"CO","lineageKey":"coloradoRiver","lineage":"coloradoRiver","historic":"coloradoRiver","current":"coloradoRiver","recovery":"recoveryWatch","lineageLabel":"Colorado River green lineage","lineageBasin":"Colorado Headwaters","lineageNote":"Upper Colorado green-lineage context","atlas_context":"cutthroat_lineage_context","confidence":"Watershed-level lineage context; expert review recommended","geometryStatus":"Named natural stream segment from statewide hydrography","note":"This named natural stream falls within a HUC8 assigned to a cutthroat lineage context.","source_segment_id":"co_named_stream_067348","water_id":"co_cabin_creek_14010001_coloradoRiver_003","occurrence_id":"co_cabin_creek_14010001_coloradoRiver_003","occurrence_number":"003","segment_count":35,"disambiguator":"Colorado Headwaters · Colorado River green lineage · occurrence 003","basin":"Colorado Headwaters","atlas_layer":"named_water_occurrence","object_role":"named_water_occurrence","historic_label":"Colorado River green lineage","current_label":"Colorado River green lineage","recovery_label":"Recovery watch / review area","tier":"tier2","minZoom":12,"confidence_public":"Watershed-level lineage context; expert review recommended","geometry_status_public":"Named natural stream occurrence from statewide hydrography","geometry_source_public":"Grouped public hydrography segments","trout_source_public":"Compiled public recovery and lineage context; expert review recommended","public_notes":"Cabin Creek is shown as a named-water occurrence within watershed-level cutthroat lineage context. This is not a precise biological boundary."}},{"type":"Feature","geometry":{"type":"LineString","coordinates":[[-106.0935,40.1814],[-106.0904,40.1827]]},"properties":{"source_id":"co_named_stream_067349","name":"Cabin Creek","display_name":"Cabin Creek","mapped_name":"Cabin Creek","source_name":"Cabin Creek","state":"CO","atlas_class":"named_natural_stream","huc8":"14010001","huc8Name":"Colorado Headwaters","huc8States":"CO","lineageKey":"coloradoRiver","lineage":"coloradoRiver","historic":"coloradoRiver","current":"coloradoRiver","recovery":"recoveryWatch","lineageLabel":"Colorado River green lineage","lineageBasin":"Colorado Headwaters","lineageNote":"Upper Colorado green-lineage context","atlas_context":"cutthroat_lineage_context","confidence":"Watershed-level lineage context; expert review recommended","geometryStatus":"Named natural stream segment from statewide hydrography","note":"This named natural stream falls within a HUC8 assigned to a cutthroat lineage context.","source_segment_id":"co_named_stream_067349","water_id":"co_cabin_creek_14010001_coloradoRiver_003","occurrence_id":"co_cabin_creek_14010001_coloradoRiver_003","occurrence_number":"003","segment_count":35,"disambiguator":"Colorado Headwaters · Colorado River green lineage · occurrence 003","basin":"Colorado Headwaters","atlas_layer":"named_water_occurrence","object_role":"named_water_occurrence","historic_label":"Colorado River green lineage","current_label":"Colorado River green lineage","recovery_label":"Recovery watch / review area","tier":"tier2","minZoom":12,"confidence_public":"Watershed-level lineage context; expert review recommended","geometry_status_public":"Named natural stream occurrence from statewide hydrography","geometry_source_public":"Grouped public hydrography segments","trout_source_public":"Compiled public recovery and lineage context; expert review recommended","public_notes":"Cabin Creek is shown as a named-water occurrence within watershed-level cutthroat lineage context. This is not a precise biological boundary."}},{"type":"Feature","geometry":{"type":"LineString","coordinates":[[-106.1234,40.1705],[-106.1222,40.171]]},"properties":{"source_id":"co_named_stream_067350","name":"Cabin Creek","display_name":"Cabin Creek","mapped_name":"Cabin Creek","source_name":"Cabin Creek","state":"CO","atlas_class":"named_natural_stream","huc8":"14010001","huc8Name":"Colorado Headwaters","huc8States":"CO","lineageKey":"coloradoRiver","lineage":"coloradoRiver","historic":"coloradoRiver","current":"coloradoRiver","recovery":"recoveryWatch","lineageLabel":"Colorado River green lineage","lineageBasin":"Colorado Headwaters","lineageNote":"Upper Colorado green-lineage context","atlas_context":"cutthroat_lineage_context","confidence":"Watershed-level lineage context; expert review recommended","geometryStatus":"Named natural stream segment from statewide hydrography","note":"This named natural stream falls within a HUC8 assigned to a cutthroat lineage context.","source_segment_id":"co_named_stream_067350","water_id":"co_cabin_creek_14010001_coloradoRiver_003","occurrence_id":"co_cabin_creek_14010001_coloradoRiver_003","occurrence_number":"003","segment_count":35,"disambiguator":"Colorado Headwaters · Colorado River green lineage · occurrence 003","basin":"Colorado Headwaters","atlas_layer":"named_water_occurrence","object_role":"named_water_occurrence","historic_label":"Colorado River green lineage","current_label":"Colorado River green lineage","recovery_label":"Recovery watch / review area","tier":"tier2","minZoom":12,"confidence_public":"Watershed-level lineage context; expert review recommended","geometry_status_public":"Named natural stream occurrence from statewide hydrography","geometry_source_public":"Grouped public hydrography segments","trout_source_public":"Compiled public recovery and lineage context; expert review recommended","public_notes":"Cabin Creek is shown as a named-water occurrence within watershed-level cutthroat lineage context. This is not a precise biological boundary."}},{"type":"Feature","geometry":{"type":"LineString","coordinates":[[-106.1126,40.1763],[-106.1125,40.1764]]},"properties":{"source_id":"co_named_stream_067351","name":"Cabin Creek","display_name":"Cabin Creek","mapped_name":"Cabin Creek","source_name":"Cabin Creek","state":"CO","atlas_class":"named_natural_stream","huc8":"14010001","huc8Name":"Colorado Headwaters","huc8States":"CO","lineageKey":"coloradoRiver","lineage":"coloradoRiver","historic":"coloradoRiver","current":"coloradoRiver","recovery":"recoveryWatch","lineageLabel":"Colorado River green lineage","lineageBasin":"Colorado Headwaters","lineageNote":"Upper Colorado green-lineage context","atlas_context":"cutthroat_lineage_context","confidence":"Watershed-level lineage context; expert review recommended","geometryStatus":"Named natural stream segment from statewide hydrography","note":"This named natural stream falls within a HUC8 assigned to a cutthroat lineage context.","source_segment_id":"co_named_stream_067351","water_id":"co_cabin_creek_14010001_coloradoRiver_003","occurrence_id":"co_cabin_creek_14010001_coloradoRiver_003","occurrence_number":"003","segment_count":35,"disambiguator":"Colorado Headwaters · Colorado River green lineage · occurrence 003","basin":"Colorado Headwaters","atlas_layer":"named_water_occurrence","object_role":"named_water_occurrence","historic_label":"Colorado River green lineage","current_label":"Colorado River green lineage","recovery_label":"Recovery watch / review area","tier":"tier2","minZoom":12,"confidence_public":"Watershed-level lineage context; expert review recommended","geometry_status_public":"Named natural stream occurrence from statewide hydrography","geometry_source_public":"Grouped public hydrography segments","trout_source_public":"Compiled public recovery and lineage context; expert review recommended","public_notes":"Cabin Creek is shown as a named-water occurrence within watershed-level cutthroat lineage context. This is not a precise biological boundary."}},{"type":"Feature","geometry":{"type":"LineString","coordinates":[[-106.0979,40.1804],[-106.0958,40.1809]]},"properties":{"source_id":"co_named_stream_067352","name":"Cabin Creek","display_name":"Cabin Creek","mapped_name":"Cabin Creek","source_name":"Cabin Creek","state":"CO","atlas_class":"named_natural_stream","huc8":"14010001","huc8Name":"Colorado Headwaters","huc8States":"CO","lineageKey":"coloradoRiver","lineage":"coloradoRiver","historic":"coloradoRiver","current":"coloradoRiver","recovery":"recoveryWatch","lineageLabel":"Colorado River green lineage","lineageBasin":"Colorado Headwaters","lineageNote":"Upper Colorado green-lineage context","atlas_context":"cutthroat_lineage_context","confidence":"Watershed-level lineage context; expert review recommended","geometryStatus":"Named natural stream segment from statewide hydrography","note":"This named natural stream falls within a HUC8 assigned to a cutthroat lineage context.","source_segment_id":"co_named_stream_067352","water_id":"co_cabin_creek_14010001_coloradoRiver_003","occurrence_id":"co_cabin_creek_14010001_coloradoRiver_003","occurrence_number":"003","segment_count":35,"disambiguator":"Colorado Headwaters · Colorado River green lineage · occurrence 003","basin":"Colorado Headwaters","atlas_layer":"named_water_occurrence","object_role":"named_water_occurrence","historic_label":"Colorado River green lineage","current_label":"Colorado River green lineage","recovery_label":"Recovery watch / review area","tier":"tier2","minZoom":12,"confidence_public":"Watershed-level lineage context; expert review recommended","geometry_status_public":"Named natural stream occurrence from statewide hydrography","geometry_source_public":"Grouped public hydrography segments","trout_source_public":"Compiled public recovery and lineage context; expert review recommended","public_notes":"Cabin Creek is shown as a named-water occurrence within watershed-level cutthroat lineage context. This is not a precise biological boundary."}},{"type":"Feature","geometry":{"type":"LineString","coordinates":[[-106.0731,40.193],[-106.0723,40.1933]]},"properties":{"source_id":"co_named_stream_068003","name":"Cabin Creek","display_name":"Cabin Creek","mapped_name":"Cabin Creek","source_name":"Cabin Creek","state":"CO","atlas_class":"named_natural_stream","huc8":"14010001","huc8Name":"Colorado Headwaters","huc8States":"CO","lineageKey":"coloradoRiver","lineage":"coloradoRiver","historic":"coloradoRiver","current":"coloradoRiver","recovery":"recoveryWatch","lineageLabel":"Colorado River green lineage","lineageBasin":"Colorado Headwaters","lineageNote":"Upper Colorado green-lineage context","atlas_context":"cutthroat_lineage_context","confidence":"Watershed-level lineage context; expert review recommended","geometryStatus":"Named natural stream segment from statewide hydrography","note":"This named natural stream falls within a HUC8 assigned to a cutthroat lineage context.","source_segment_id":"co_named_stream_068003","water_id":"co_cabin_creek_14010001_coloradoRiver_003","occurrence_id":"co_cabin_creek_14010001_coloradoRiver_003","occurrence_number":"003","segment_count":35,"disambiguator":"Colorado Headwaters · Colorado River green lineage · occurrence 003","basin":"Colorado Headwaters","atlas_layer":"named_water_occurrence","object_role":"named_water_occurrence","historic_label":"Colorado River green lineage","current_label":"Colorado River green lineage","recovery_label":"Recovery watch / review area","tier":"tier2","minZoom":12,"confidence_public":"Watershed-level lineage context; expert review recommended","geometry_status_public":"Named natural stream occurrence from statewide hydrography","geometry_source_public":"Grouped public hydrography segments","trout_source_public":"Compiled public recovery and lineage context; expert review recommended","public_notes":"Cabin Creek is shown as a named-water occurrence within watershed-level cutthroat lineage context. This is not a precise biological boundary."}},{"type":"Feature","geometry":{"type":"LineString","coordinates":[[-106.0851,40.1861],[-106.0834,40.1867]]},"properties":{"source_id":"co_named_stream_068005","name":"Cabin Creek","display_name":"Cabin Creek","mapped_name":"Cabin Creek","source_name":"Cabin Creek","state":"CO","atlas_class":"named_natural_stream","huc8":"14010001","huc8Name":"Colorado Headwaters","huc8States":"CO","lineageKey":"coloradoRiver","lineage":"coloradoRiver","historic":"coloradoRiver","current":"coloradoRiver","recovery":"recoveryWatch","lineageLabel":"Colorado River green lineage","lineageBasin":"Colorado Headwaters","lineageNote":"Upper Colorado green-lineage context","atlas_context":"cutthroat_lineage_context","confidence":"Watershed-level lineage context; expert review recommended","geometryStatus":"Named natural stream segment from statewide hydrography","note":"This named natural stream falls within a HUC8 assigned to a cutthroat lineage context.","source_segment_id":"co_named_stream_068005","water_id":"co_cabin_creek_14010001_coloradoRiver_003","occurrence_id":"co_cabin_creek_14010001_coloradoRiver_003","occurrence_number":"003","segment_count":35,"disambiguator":"Colorado Headwaters · Colorado River green lineage · occurrence 003","basin":"Colorado Headwaters","atlas_layer":"named_water_occurrence","object_role":"named_water_occurrence","historic_label":"Colorado River green lineage","current_label":"Colorado River green lineage","recovery_label":"Recovery watch / review area","tier":"tier2","minZoom":12,"confidence_public":"Watershed-level lineage context; expert review recommended","geometry_status_public":"Named natural stream occurrence from statewide hydrography","geometry_source_public":"Grouped public hydrography segments","trout_source_public":"Compiled public recovery and lineage context; expert review recommended","public_notes":"Cabin Creek is shown as a named-water occurrence within watershed-level cutthroat lineage context. This is not a precise biological boundary."}},{"type":"Feature","geometry":{"type":"LineString","coordinates":[[-106.0827,40.187],[-106.0796,40.1882]]},"properties":{"source_id":"co_named_stream_068006","name":"Cabin Creek","display_name":"Cabin Creek","mapped_name":"Cabin Creek","source_name":"Cabin Creek","state":"CO","atlas_class":"named_natural_stream","huc8":"14010001","huc8Name":"Colorado Headwaters","huc8States":"CO","lineageKey":"coloradoRiver","lineage":"coloradoRiver","historic":"coloradoRiver","current":"coloradoRiver","recovery":"recoveryWatch","lineageLabel":"Colorado River green lineage","lineageBasin":"Colorado Headwaters","lineageNote":"Upper Colorado green-lineage context","atlas_context":"cutthroat_lineage_context","confidence":"Watershed-level lineage context; expert review recommended","geometryStatus":"Named natural stream segment from statewide hydrography","note":"This named natural stream falls within a HUC8 assigned to a cutthroat lineage context.","source_segment_id":"co_named_stream_068006","water_id":"co_cabin_creek_14010001_coloradoRiver_003","occurrence_id":"co_cabin_creek_14010001_coloradoRiver_003","occurrence_number":"003","segment_count":35,"disambiguator":"Colorado Headwaters · Colorado River green lineage · occurrence 003","basin":"Colorado Headwaters","atlas_layer":"named_water_occurrence","object_role":"named_water_occurrence","historic_label":"Colorado River green lineage","current_label":"Colorado River green lineage","recovery_label":"Recovery watch / review area","tier":"tier2","minZoom":12,"confidence_public":"Watershed-level lineage context; expert review recommended","geometry_status_public":"Named natural stream occurrence from statewide hydrography","geometry_source_public":"Grouped public hydrography segments","trout_source_public":"Compiled public recovery and lineage context; expert review recommended","public_notes":"Cabin Creek is shown as a named-water occurrence within watershed-level cutthroat lineage context. This is not a precise biological boundary."}},{"type":"Feature","geometry":{"type":"LineString","coordinates":[[-106.0834,40.1867],[-106.0827,40.187]]},"properties":{"source_id":"co_named_stream_068008","name":"Cabin Creek","display_name":"Cabin Creek","mapped_name":"Cabin Creek","source_name":"Cabin Creek","state":"CO","atlas_class":"named_natural_stream","huc8":"14010001","huc8Name":"Colorado Headwaters","huc8States":"CO","lineageKey":"coloradoRiver","lineage":"coloradoRiver","historic":"coloradoRiver","current":"coloradoRiver","recovery":"recoveryWatch","lineageLabel":"Colorado River green lineage","lineageBasin":"Colorado Headwaters","lineageNote":"Upper Colorado green-lineage context","atlas_context":"cutthroat_lineage_context","confidence":"Watershed-level lineage context; expert review recommended","geometryStatus":"Named natural stream segment from statewide hydrography","note":"This named natural stream falls within a HUC8 assigned to a cutthroat lineage context.","source_segment_id":"co_named_stream_068008","water_id":"co_cabin_creek_14010001_coloradoRiver_003","occurrence_id":"co_cabin_creek_14010001_coloradoRiver_003","occurrence_number":"003","segment_count":35,"disambiguator":"Colorado Headwaters · Colorado River green lineage · occurrence 003","basin":"Colorado Headwaters","atlas_layer":"named_water_occurrence","object_role":"named_water_occurrence","historic_label":"Colorado River green lineage","current_label":"Colorado River green lineage","recovery_label":"Recovery watch / review area","tier":"tier2","minZoom":12,"confidence_public":"Watershed-level lineage context; expert review recommended","geometry_status_public":"Named natural stream occurrence from statewide hydrography","geometry_source_public":"Grouped public hydrography segments","trout_source_public":"Compiled public recovery and lineage context; expert review recommended","public_notes":"Cabin Creek is shown as a named-water occurrence within watershed-level cutthroat lineage context. This is not a precise biological boundary."}},{"type":"Feature","geometry":{"type":"LineString","coordinates":[[-106.0775,40.19],[-106.0761,40.1918]]},"properties":{"source_id":"co_named_stream_068009","name":"Cabin Creek","display_name":"Cabin Creek","mapped_name":"Cabin Creek","source_name":"Cabin Creek","state":"CO","atlas_class":"named_natural_stream","huc8":"14010001","huc8Name":"Colorado Headwaters","huc8States":"CO","lineageKey":"coloradoRiver","lineage":"coloradoRiver","historic":"coloradoRiver","current":"coloradoRiver","recovery":"recoveryWatch","lineageLabel":"Colorado River green lineage","lineageBasin":"Colorado Headwaters","lineageNote":"Upper Colorado green-lineage context","atlas_context":"cutthroat_lineage_context","confidence":"Watershed-level lineage context; expert review recommended","geometryStatus":"Named natural stream segment from statewide hydrography","note":"This named natural stream falls within a HUC8 assigned to a cutthroat lineage context.","source_segment_id":"co_named_stream_068009","water_id":"co_cabin_creek_14010001_coloradoRiver_003","occurrence_id":"co_cabin_creek_14010001_coloradoRiver_003","occurrence_number":"003","segment_count":35,"disambiguator":"Colorado Headwaters · Colorado River green lineage · occurrence 003","basin":"Colorado Headwaters","atlas_layer":"named_water_occurrence","object_role":"named_water_occurrence","historic_label":"Colorado River green lineage","current_label":"Colorado River green lineage","recovery_label":"Recovery watch / review area","tier":"tier2","minZoom":12,"confidence_public":"Watershed-level lineage context; expert review recommended","geometry_status_public":"Named natural stream occurrence from statewide hydrography","geometry_source_public":"Grouped public hydrography segments","trout_source_public":"Compiled public recovery and lineage context; expert review recommended","public_notes":"Cabin Creek is shown as a named-water occurrence within watershed-level cutthroat lineage context. This is not a precise biological boundary."}},{"type":"Feature","geometry":{"type":"LineString","coordinates":[[-106.0758,40.1919],[-106.0731,40.193]]},"properties":{"source_id":"co_named_stream_068011","name":"Cabin Creek","display_name":"Cabin Creek","mapped_name":"Cabin Creek","source_name":"Cabin Creek","state":"CO","atlas_class":"named_natural_stream","huc8":"14010001","huc8Name":"Colorado Headwaters","huc8States":"CO","lineageKey":"coloradoRiver","lineage":"coloradoRiver","historic":"coloradoRiver","current":"coloradoRiver","recovery":"recoveryWatch","lineageLabel":"Colorado River green lineage","lineageBasin":"Colorado Headwaters","lineageNote":"Upper Colorado green-lineage context","atlas_context":"cutthroat_lineage_context","confidence":"Watershed-level lineage context; expert review recommended","geometryStatus":"Named natural stream segment from statewide hydrography","note":"This named natural stream falls within a HUC8 assigned to a cutthroat lineage context.","source_segment_id":"co_named_stream_068011","water_id":"co_cabin_creek_14010001_coloradoRiver_003","occurrence_id":"co_cabin_creek_14010001_coloradoRiver_003","occurrence_number":"003","segment_count":35,"disambiguator":"Colorado Headwaters · Colorado River green lineage · occurrence 003","basin":"Colorado Headwaters","atlas_layer":"named_water_occurrence","object_role":"named_water_occurrence","historic_label":"Colorado River green lineage","current_label":"Colorado River green lineage","recovery_label":"Recovery watch / review area","tier":"tier2","minZoom":12,"confidence_public":"Watershed-level lineage context; expert review recommended","geometry_status_public":"Named natural stream occurrence from statewide hydrography","geometry_source_public":"Grouped public hydrography segments","trout_source_public":"Compiled public recovery and lineage context; expert review recommended","public_notes":"Cabin Creek is shown as a named-water occurrence within watershed-level cutthroat lineage context. This is not a precise biological boundary."}},{"type":"Feature","geometry":{"type":"LineString","coordinates":[[-106.0761,40.1918],[-106.0758,40.1919]]},"properties":{"source_id":"co_named_stream_068013","name":"Cabin Creek","display_name":"Cabin Creek","mapped_name":"Cabin Creek","source_name":"Cabin Creek","state":"CO","atlas_class":"named_natural_stream","huc8":"14010001","huc8Name":"Colorado Headwaters","huc8States":"CO","lineageKey":"coloradoRiver","lineage":"coloradoRiver","historic":"coloradoRiver","current":"coloradoRiver","recovery":"recoveryWatch","lineageLabel":"Colorado River green lineage","lineageBasin":"Colorado Headwaters","lineageNote":"Upper Colorado green-lineage context","atlas_context":"cutthroat_lineage_context","confidence":"Watershed-level lineage context; expert review recommended","geometryStatus":"Named natural stream segment from statewide hydrography","note":"This named natural stream falls within a HUC8 assigned to a cutthroat lineage context.","source_segment_id":"co_named_stream_068013","water_id":"co_cabin_creek_14010001_coloradoRiver_003","occurrence_id":"co_cabin_creek_14010001_coloradoRiver_003","occurrence_number":"003","segment_count":35,"disambiguator":"Colorado Headwaters · Colorado River green lineage · occurrence 003","basin":"Colorado Headwaters","atlas_layer":"named_water_occurrence","object_role":"named_water_occurrence","historic_label":"Colorado River green lineage","current_label":"Colorado River green lineage","recovery_label":"Recovery watch / review area","tier":"tier2","minZoom":12,"confidence_public":"Watershed-level lineage context; expert review recommended","geometry_status_public":"Named natural stream occurrence from statewide hydrography","geometry_source_public":"Grouped public hydrography segments","trout_source_public":"Compiled public recovery and lineage context; expert review recommended","public_notes":"Cabin Creek is shown as a named-water occurrence within watershed-level cutthroat lineage context. This is not a precise biological boundary."}},{"type":"Feature","geometry":{"type":"LineString","coordinates":[[-106.0796,40.1882],[-106.0775,40.19]]},"properties":{"source_id":"co_named_stream_068014","name":"Cabin Creek","display_name":"Cabin Creek","mapped_name":"Cabin Creek","source_name":"Cabin Creek","state":"CO","atlas_class":"named_natural_stream","huc8":"14010001","huc8Name":"Colorado Headwaters","huc8States":"CO","lineageKey":"coloradoRiver","lineage":"coloradoRiver","historic":"coloradoRiver","current":"coloradoRiver","recovery":"recoveryWatch","lineageLabel":"Colorado River green lineage","lineageBasin":"Colorado Headwaters","lineageNote":"Upper Colorado green-lineage context","atlas_context":"cutthroat_lineage_context","confidence":"Watershed-level lineage context; expert review recommended","geometryStatus":"Named natural stream segment from statewide hydrography","note":"This named natural stream falls within a HUC8 assigned to a cutthroat lineage context.","source_segment_id":"co_named_stream_068014","water_id":"co_cabin_creek_14010001_coloradoRiver_003","occurrence_id":"co_cabin_creek_14010001_coloradoRiver_003","occurrence_number":"003","segment_count":35,"disambiguator":"Colorado Headwaters · Colorado River green lineage · occurrence 003","basin":"Colorado Headwaters","atlas_layer":"named_water_occurrence","object_role":"named_water_occurrence","historic_label":"Colorado River green lineage","current_label":"Colorado River green lineage","recovery_label":"Recovery watch / review area","tier":"tier2","minZoom":12,"confidence_public":"Watershed-level lineage context; expert review recommended","geometry_status_public":"Named natural stream occurrence from statewide hydrography","geometry_source_public":"Grouped public hydrography segments","trout_source_public":"Compiled public recovery and lineage context; expert review recommended","public_notes":"Cabin Creek is shown as a named-water occurrence within watershed-level cutthroat lineage context. This is not a precise biological boundary."}},{"type":"Feature","geometry":{"type":"LineString","coordinates":[[-106.0723,40.1933],[-106.0701,40.194]]},"properties":{"source_id":"co_named_stream_068016","name":"Cabin Creek","display_name":"Cabin Creek","mapped_name":"Cabin Creek","source_name":"Cabin Creek","state":"CO","atlas_class":"named_natural_stream","huc8":"14010001","huc8Name":"Colorado Headwaters","huc8States":"CO","lineageKey":"coloradoRiver","lineage":"coloradoRiver","historic":"coloradoRiver","current":"coloradoRiver","recovery":"recoveryWatch","lineageLabel":"Colorado River green lineage","lineageBasin":"Colorado Headwaters","lineageNote":"Upper Colorado green-lineage context","atlas_context":"cutthroat_lineage_context","confidence":"Watershed-level lineage context; expert review recommended","geometryStatus":"Named natural stream segment from statewide hydrography","note":"This named natural stream falls within a HUC8 assigned to a cutthroat lineage context.","source_segment_id":"co_named_stream_068016","water_id":"co_cabin_creek_14010001_coloradoRiver_003","occurrence_id":"co_cabin_creek_14010001_coloradoRiver_003","occurrence_number":"003","segment_count":35,"disambiguator":"Colorado Headwaters · Colorado River green lineage · occurrence 003","basin":"Colorado Headwaters","atlas_layer":"named_water_occurrence","object_role":"named_water_occurrence","historic_label":"Colorado River green lineage","current_label":"Colorado River green lineage","recovery_label":"Recovery watch / review area","tier":"tier2","minZoom":12,"confidence_public":"Watershed-level lineage context; expert review recommended","geometry_status_public":"Named natural stream occurrence from statewide hydrography","geometry_source_public":"Grouped public hydrography segments","trout_source_public":"Compiled public recovery and lineage context; expert review recommended","public_notes":"Cabin Creek is shown as a named-water occurrence within watershed-level cutthroat lineage context. This is not a precise biological boundary."}},{"type":"Feature","geometry":{"type":"LineString","coordinates":[[-106.0701,40.194],[-106.0688,40.1946]]},"properties":{"source_id":"co_named_stream_068017","name":"Cabin Creek","display_name":"Cabin Creek","mapped_name":"Cabin Creek","source_name":"Cabin Creek","state":"CO","atlas_class":"named_natural_stream","huc8":"14010001","huc8Name":"Colorado Headwaters","huc8States":"CO","lineageKey":"coloradoRiver","lineage":"coloradoRiver","historic":"coloradoRiver","current":"coloradoRiver","recovery":"recoveryWatch","lineageLabel":"Colorado River green lineage","lineageBasin":"Colorado Headwaters","lineageNote":"Upper Colorado green-lineage context","atlas_context":"cutthroat_lineage_context","confidence":"Watershed-level lineage context; expert review recommended","geometryStatus":"Named natural stream segment from statewide hydrography","note":"This named natural stream falls within a HUC8 assigned to a cutthroat lineage context.","source_segment_id":"co_named_stream_068017","water_id":"co_cabin_creek_14010001_coloradoRiver_003","occurrence_id":"co_cabin_creek_14010001_coloradoRiver_003","occurrence_number":"003","segment_count":35,"disambiguator":"Colorado Headwaters · Colorado River green lineage · occurrence 003","basin":"Colorado Headwaters","atlas_layer":"named_water_occurrence","object_role":"named_water_occurrence","historic_label":"Colorado River green lineage","current_label":"Colorado River green lineage","recovery_label":"Recovery watch / review area","tier":"tier2","minZoom":12,"confidence_public":"Watershed-level lineage context; expert review recommended","geometry_status_public":"Named natural stream occurrence from statewide hydrography","geometry_source_public":"Grouped public hydrography segments","trout_source_public":"Compiled public recovery and lineage context; expert review recommended","public_notes":"Cabin Creek is shown as a named-water occurrence within watershed-level cutthroat lineage context. This is not a precise biological boundary."}},{"type":"Feature","geometry":{"type":"LineString","coordinates":[[-106.0673,40.1957],[-106.0642,40.1987],[-106.0638,40.2001]]},"properties":{"source_id":"co_named_stream_068118","name":"Cabin Creek","display_name":"Cabin Creek","mapped_name":"Cabin Creek","source_name":"Cabin Creek","state":"CO","atlas_class":"named_natural_stream","huc8":"14010001","huc8Name":"Colorado Headwaters","huc8States":"CO","lineageKey":"coloradoRiver","lineage":"coloradoRiver","historic":"coloradoRiver","current":"coloradoRiver","recovery":"recoveryWatch","lineageLabel":"Colorado River green lineage","lineageBasin":"Colorado Headwaters","lineageNote":"Upper Colorado green-lineage context","atlas_context":"cutthroat_lineage_context","confidence":"Watershed-level lineage context; expert review recommended","geometryStatus":"Named natural stream segment from statewide hydrography","note":"This named natural stream falls within a HUC8 assigned to a cutthroat lineage context.","source_segment_id":"co_named_stream_068118","water_id":"co_cabin_creek_14010001_coloradoRiver_003","occurrence_id":"co_cabin_creek_14010001_coloradoRiver_003","occurrence_number":"003","segment_count":35,"disambiguator":"Colorado Headwaters · Colorado River green lineage · occurrence 003","basin":"Colorado Headwaters","atlas_layer":"named_water_occurrence","object_role":"named_water_occurrence","historic_label":"Colorado River green lineage","current_label":"Colorado River green lineage","recovery_label":"Recovery watch / review area","tier":"tier2","minZoom":12,"confidence_public":"Watershed-level lineage context; expert review recommended","geometry_status_public":"Named natural stream occurrence from statewide hydrography","geometry_source_public":"Grouped public hydrography segments","trout_source_public":"Compiled public recovery and lineage context; expert review recommended","public_notes":"Cabin Creek is shown as a named-water occurrence within watershed-level cutthroat lineage context. This is not a precise biological boundary."}},{"type":"Feature","geometry":{"type":"LineString","coordinates":[[-106.0606,40.2031],[-106.059,40.2061]]},"properties":{"source_id":"co_named_stream_068119","name":"Cabin Creek","display_name":"Cabin Creek","mapped_name":"Cabin Creek","source_name":"Cabin Creek","state":"CO","atlas_class":"named_natural_stream","huc8":"14010001","huc8Name":"Colorado Headwaters","huc8States":"CO","lineageKey":"coloradoRiver","lineage":"coloradoRiver","historic":"coloradoRiver","current":"coloradoRiver","recovery":"recoveryWatch","lineageLabel":"Colorado River green lineage","lineageBasin":"Colorado Headwaters","lineageNote":"Upper Colorado green-lineage context","atlas_context":"cutthroat_lineage_context","confidence":"Watershed-level lineage context; expert review recommended","geometryStatus":"Named natural stream segment from statewide hydrography","note":"This named natural stream falls within a HUC8 assigned to a cutthroat lineage context.","source_segment_id":"co_named_stream_068119","water_id":"co_cabin_creek_14010001_coloradoRiver_003","occurrence_id":"co_cabin_creek_14010001_coloradoRiver_003","occurrence_number":"003","segment_count":35,"disambiguator":"Colorado Headwaters · Colorado River green lineage · occurrence 003","basin":"Colorado Headwaters","atlas_layer":"named_water_occurrence","object_role":"named_water_occurrence","historic_label":"Colorado River green lineage","current_label":"Colorado River green lineage","recovery_label":"Recovery watch / review area","tier":"tier2","minZoom":12,"confidence_public":"Watershed-level lineage context; expert review recommended","geometry_status_public":"Named natural stream occurrence from statewide hydrography","geometry_source_public":"Grouped public hydrography segments","trout_source_public":"Compiled public recovery and lineage context; expert review recommended","public_notes":"Cabin Creek is shown as a named-water occurrence within watershed-level cutthroat lineage context. This is not a precise biological boundary."}},{"type":"Feature","geometry":{"type":"LineString","coordinates":[[-106.0585,40.2067],[-106.0561,40.2105]]},"properties":{"source_id":"co_named_stream_068121","name":"Cabin Creek","display_name":"Cabin Creek","mapped_name":"Cabin Creek","source_name":"Cabin Creek","state":"CO","atlas_class":"named_natural_stream","huc8":"14010001","huc8Name":"Colorado Headwaters","huc8States":"CO","lineageKey":"coloradoRiver","lineage":"coloradoRiver","historic":"coloradoRiver","current":"coloradoRiver","recovery":"recoveryWatch","lineageLabel":"Colorado River green lineage","lineageBasin":"Colorado Headwaters","lineageNote":"Upper Colorado green-lineage context","atlas_context":"cutthroat_lineage_context","confidence":"Watershed-level lineage context; expert review recommended","geometryStatus":"Named natural stream segment from statewide hydrography","note":"This named natural stream falls within a HUC8 assigned to a cutthroat lineage context.","source_segment_id":"co_named_stream_068121","water_id":"co_cabin_creek_14010001_coloradoRiver_003","occurrence_id":"co_cabin_creek_14010001_coloradoRiver_003","occurrence_number":"003","segment_count":35,"disambiguator":"Colorado Headwaters · Colorado River green lineage · occurrence 003","basin":"Colorado Headwaters","atlas_layer":"named_water_occurrence","object_role":"named_water_occurrence","historic_label":"Colorado River green lineage","current_label":"Colorado River green lineage","recovery_label":"Recovery watch / review area","tier":"tier2","minZoom":12,"confidence_public":"Watershed-level lineage context; expert review recommended","geometry_status_public":"Named natural stream occurrence from statewide hydrography","geometry_source_public":"Grouped public hydrography segments","trout_source_public":"Compiled public recovery and lineage context; expert review recommended","public_notes":"Cabin Creek is shown as a named-water occurrence within watershed-level cutthroat lineage context. This is not a precise biological boundary."}},{"type":"Feature","geometry":{"type":"LineString","coordinates":[[-106.059,40.2061],[-106.0585,40.2067]]},"properties":{"source_id":"co_named_stream_068124","name":"Cabin Creek","display_name":"Cabin Creek","mapped_name":"Cabin Creek","source_name":"Cabin Creek","state":"CO","atlas_class":"named_natural_stream","huc8":"14010001","huc8Name":"Colorado Headwaters","huc8States":"CO","lineageKey":"coloradoRiver","lineage":"coloradoRiver","historic":"coloradoRiver","current":"coloradoRiver","recovery":"recoveryWatch","lineageLabel":"Colorado River green lineage","lineageBasin":"Colorado Headwaters","lineageNote":"Upper Colorado green-lineage context","atlas_context":"cutthroat_lineage_context","confidence":"Watershed-level lineage context; expert review recommended","geometryStatus":"Named natural stream segment from statewide hydrography","note":"This named natural stream falls within a HUC8 assigned to a cutthroat lineage context.","source_segment_id":"co_named_stream_068124","water_id":"co_cabin_creek_14010001_coloradoRiver_003","occurrence_id":"co_cabin_creek_14010001_coloradoRiver_003","occurrence_number":"003","segment_count":35,"disambiguator":"Colorado Headwaters · Colorado River green lineage · occurrence 003","basin":"Colorado Headwaters","atlas_layer":"named_water_occurrence","object_role":"named_water_occurrence","historic_label":"Colorado River green lineage","current_label":"Colorado River green lineage","recovery_label":"Recovery watch / review area","tier":"tier2","minZoom":12,"confidence_public":"Watershed-level lineage context; expert review recommended","geometry_status_public":"Named natural stream occurrence from statewide hydrography","geometry_source_public":"Grouped public hydrography segments","trout_source_public":"Compiled public recovery and lineage context; expert review recommended","public_notes":"Cabin Creek is shown as a named-water occurrence within watershed-level cutthroat lineage context. This is not a precise biological boundary."}},{"type":"Feature","geometry":{"type":"LineString","coordinates":[[-106.0561,40.2105],[-106.0516,40.2129],[-106.051,40.2143]]},"properties":{"source_id":"co_named_stream_068126","name":"Cabin Creek","display_name":"Cabin Creek","mapped_name":"Cabin Creek","source_name":"Cabin Creek","state":"CO","atlas_class":"named_natural_stream","huc8":"14010001","huc8Name":"Colorado Headwaters","huc8States":"CO","lineageKey":"coloradoRiver","lineage":"coloradoRiver","historic":"coloradoRiver","current":"coloradoRiver","recovery":"recoveryWatch","lineageLabel":"Colorado River green lineage","lineageBasin":"Colorado Headwaters","lineageNote":"Upper Colorado green-lineage context","atlas_context":"cutthroat_lineage_context","confidence":"Watershed-level lineage context; expert review recommended","geometryStatus":"Named natural stream segment from statewide hydrography","note":"This named natural stream falls within a HUC8 assigned to a cutthroat lineage context.","source_segment_id":"co_named_stream_068126","water_id":"co_cabin_creek_14010001_coloradoRiver_003","occurrence_id":"co_cabin_creek_14010001_coloradoRiver_003","occurrence_number":"003","segment_count":35,"disambiguator":"Colorado Headwaters · Colorado River green lineage · occurrence 003","basin":"Colorado Headwaters","atlas_layer":"named_water_occurrence","object_role":"named_water_occurrence","historic_label":"Colorado River green lineage","current_label":"Colorado River green lineage","recovery_label":"Recovery watch / review area","tier":"tier2","minZoom":12,"confidence_public":"Watershed-level lineage context; expert review recommended","geometry_status_public":"Named natural stream occurrence from statewide hydrography","geometry_source_public":"Grouped public hydrography segments","trout_source_public":"Compiled public recovery and lineage context; expert review recommended","public_notes":"Cabin Creek is shown as a named-water occurrence within watershed-level cutthroat lineage context. This is not a precise biological boundary."}},{"type":"Feature","geometry":{"type":"LineString","coordinates":[[-106.0688,40.1946],[-106.0673,40.1957]]},"properties":{"source_id":"co_named_stream_068131","name":"Cabin Creek","display_name":"Cabin Creek","mapped_name":"Cabin Creek","source_name":"Cabin Creek","state":"CO","atlas_class":"named_natural_stream","huc8":"14010001","huc8Name":"Colorado Headwaters","huc8States":"CO","lineageKey":"coloradoRiver","lineage":"coloradoRiver","historic":"coloradoRiver","current":"coloradoRiver","recovery":"recoveryWatch","lineageLabel":"Colorado River green lineage","lineageBasin":"Colorado Headwaters","lineageNote":"Upper Colorado green-lineage context","atlas_context":"cutthroat_lineage_context","confidence":"Watershed-level lineage context; expert review recommended","geometryStatus":"Named natural stream segment from statewide hydrography","note":"This named natural stream falls within a HUC8 assigned to a cutthroat lineage context.","source_segment_id":"co_named_stream_068131","water_id":"co_cabin_creek_14010001_coloradoRiver_003","occurrence_id":"co_cabin_creek_14010001_coloradoRiver_003","occurrence_number":"003","segment_count":35,"disambiguator":"Colorado Headwaters · Colorado River green lineage · occurrence 003","basin":"Colorado Headwaters","atlas_layer":"named_water_occurrence","object_role":"named_water_occurrence","historic_label":"Colorado River green lineage","current_label":"Colorado River green lineage","recovery_label":"Recovery watch / review area","tier":"tier2","minZoom":12,"confidence_public":"Watershed-level lineage context; expert review recommended","geometry_status_public":"Named natural stream occurrence from statewide hydrography","geometry_source_public":"Grouped public hydrography segments","trout_source_public":"Compiled public recovery and lineage context; expert review recommended","public_notes":"Cabin Creek is shown as a named-water occurrence within watershed-level cutthroat lineage context. This is not a precise biological boundary."}},{"type":"Feature","geometry":{"type":"LineString","coordinates":[[-106.0638,40.2001],[-106.063,40.2004]]},"properties":{"source_id":"co_named_stream_068135","name":"Cabin Creek","display_name":"Cabin Creek","mapped_name":"Cabin Creek","source_name":"Cabin Creek","state":"CO","atlas_class":"named_natural_stream","huc8":"14010001","huc8Name":"Colorado Headwaters","huc8States":"CO","lineageKey":"coloradoRiver","lineage":"coloradoRiver","historic":"coloradoRiver","current":"coloradoRiver","recovery":"recoveryWatch","lineageLabel":"Colorado River green lineage","lineageBasin":"Colorado Headwaters","lineageNote":"Upper Colorado green-lineage context","atlas_context":"cutthroat_lineage_context","confidence":"Watershed-level lineage context; expert review recommended","geometryStatus":"Named natural stream segment from statewide hydrography","note":"This named natural stream falls within a HUC8 assigned to a cutthroat lineage context.","source_segment_id":"co_named_stream_068135","water_id":"co_cabin_creek_14010001_coloradoRiver_003","occurrence_id":"co_cabin_creek_14010001_coloradoRiver_003","occurrence_number":"003","segment_count":35,"disambiguator":"Colorado Headwaters · Colorado River green lineage · occurrence 003","basin":"Colorado Headwaters","atlas_layer":"named_water_occurrence","object_role":"named_water_occurrence","historic_label":"Colorado River green lineage","current_label":"Colorado River green lineage","recovery_label":"Recovery watch / review area","tier":"tier2","minZoom":12,"confidence_public":"Watershed-level lineage context; expert review recommended","geometry_status_public":"Named natural stream occurrence from statewide hydrography","geometry_source_public":"Grouped public hydrography segments","trout_source_public":"Compiled public recovery and lineage context; expert review recommended","public_notes":"Cabin Creek is shown as a named-water occurrence within watershed-level cutthroat lineage context. This is not a precise biological boundary."}},{"type":"Feature","geometry":{"type":"LineString","coordinates":[[-106.063,40.2004],[-106.0622,40.2016]]},"properties":{"source_id":"co_named_stream_068136","name":"Cabin Creek","display_name":"Cabin Creek","mapped_name":"Cabin Creek","source_name":"Cabin Creek","state":"CO","atlas_class":"named_natural_stream","huc8":"14010001","huc8Name":"Colorado Headwaters","huc8States":"CO","lineageKey":"coloradoRiver","lineage":"coloradoRiver","historic":"coloradoRiver","current":"coloradoRiver","recovery":"recoveryWatch","lineageLabel":"Colorado River green lineage","lineageBasin":"Colorado Headwaters","lineageNote":"Upper Colorado green-lineage context","atlas_context":"cutthroat_lineage_context","confidence":"Watershed-level lineage context; expert review recommended","geometryStatus":"Named natural stream segment from statewide hydrography","note":"This named natural stream falls within a HUC8 assigned to a cutthroat lineage context.","source_segment_id":"co_named_stream_068136","water_id":"co_cabin_creek_14010001_coloradoRiver_003","occurrence_id":"co_cabin_creek_14010001_coloradoRiver_003","occurrence_number":"003","segment_count":35,"disambiguator":"Colorado Headwaters · Colorado River green lineage · occurrence 003","basin":"Colorado Headwaters","atlas_layer":"named_water_occurrence","object_role":"named_water_occurrence","historic_label":"Colorado River green lineage","current_label":"Colorado River green lineage","recovery_label":"Recovery watch / review area","tier":"tier2","minZoom":12,"confidence_public":"Watershed-level lineage context; expert review recommended","geometry_status_public":"Named natural stream occurrence from statewide hydrography","geometry_source_public":"Grouped public hydrography segments","trout_source_public":"Compiled public recovery and lineage context; expert review recommended","public_notes":"Cabin Creek is shown as a named-water occurrence within watershed-level cutthroat lineage context. This is not a precise biological boundary."}},{"type":"Feature","geometry":{"type":"LineString","coordinates":[[-106.0622,40.2016],[-106.0606,40.2031]]},"properties":{"source_id":"co_named_stream_068139","name":"Cabin Creek","display_name":"Cabin Creek","mapped_name":"Cabin Creek","source_name":"Cabin Creek","state":"CO","atlas_class":"named_natural_stream","huc8":"14010001","huc8Name":"Colorado Headwaters","huc8States":"CO","lineageKey":"coloradoRiver","lineage":"coloradoRiver","historic":"coloradoRiver","current":"coloradoRiver","recovery":"recoveryWatch","lineageLabel":"Colorado River green lineage","lineageBasin":"Colorado Headwaters","lineageNote":"Upper Colorado green-lineage context","atlas_context":"cutthroat_lineage_context","confidence":"Watershed-level lineage context; expert review recommended","geometryStatus":"Named natural stream segment from statewide hydrography","note":"This named natural stream falls within a HUC8 assigned to a cutthroat lineage context.","source_segment_id":"co_named_stream_068139","water_id":"co_cabin_creek_14010001_coloradoRiver_003","occurrence_id":"co_cabin_creek_14010001_coloradoRiver_003","occurrence_number":"003","segment_count":35,"disambiguator":"Colorado Headwaters · Colorado River green lineage · occurrence 003","basin":"Colorado Headwaters","atlas_layer":"named_water_occurrence","object_role":"named_water_occurrence","historic_label":"Colorado River green lineage","current_label":"Colorado River green lineage","recovery_label":"Recovery watch / review area","tier":"tier2","minZoom":12,"confidence_public":"Watershed-level lineage context; expert review recommended","geometry_status_public":"Named natural stream occurrence from statewide hydrography","geometry_source_public":"Grouped public hydrography segments","trout_source_public":"Compiled public recovery and lineage context; expert review recommended","public_notes":"Cabin Creek is shown as a named-water occurrence within watershed-level cutthroat lineage context. This is not a precise biological boundary."}},{"type":"Feature","geometry":{"type":"LineString","coordinates":[[-106.2027,39.9999],[-106.2028,40]]},"properties":{"source_id":"co_named_stream_071518","name":"Battle Creek","display_name":"Battle Creek","mapped_name":"Battle Creek","source_name":"Battle Creek","state":"CO","atlas_class":"named_natural_stream","huc8":"14010001","huc8Name":"Colorado Headwaters","huc8States":"CO","lineageKey":"coloradoRiver","lineage":"coloradoRiver","historic":"coloradoRiver","current":"coloradoRiver","recovery":"recoveryWatch","lineageLabel":"Colorado River green lineage","lineageBasin":"Colorado Headwaters","lineageNote":"Upper Colorado green-lineage context","atlas_context":"cutthroat_lineage_context","confidence":"Watershed-level lineage context; expert review recommended","geometryStatus":"Named natural stream segment from statewide hydrography","note":"This named natural stream falls within a HUC8 assigned to a cutthroat lineage context.","source_segment_id":"co_named_stream_071518","water_id":"co_battle_creek_14010001_coloradoRiver_001","occurrence_id":"co_battle_creek_14010001_coloradoRiver_001","occurrence_number":"001","segment_count":28,"disambiguator":"Colorado Headwaters · Colorado River green lineage · occurrence 001","basin":"Colorado Headwaters","atlas_layer":"named_water_occurrence","object_role":"named_water_occurrence","historic_label":"Colorado River green lineage","current_label":"Colorado River green lineage","recovery_label":"Recovery watch / review area","tier":"tier2","minZoom":12,"confidence_public":"Watershed-level lineage context; expert review recommended","geometry_status_public":"Named natural stream occurrence from statewide hydrography","geometry_source_public":"Grouped public hydrography segments","trout_source_public":"Compiled public recovery and lineage context; expert review recommended","public_notes":"Battle Creek is shown as a named-water occurrence within watershed-level cutthroat lineage context. This is not a precise biological boundary."}},{"type":"Feature","geometry":{"type":"LineString","coordinates":[[-106.0721,40.1026],[-106.0618,40.1011]]},"properties":{"source_id":"co_named_stream_066872","name":"Kinney Creek","display_name":"Kinney Creek","mapped_name":"Kinney Creek","source_name":"Kinney Creek","state":"CO","atlas_class":"named_natural_stream","huc8":"14010001","huc8Name":"Colorado Headwaters","huc8States":"CO","lineageKey":"coloradoRiver","lineage":"coloradoRiver","historic":"coloradoRiver","current":"coloradoRiver","recovery":"recoveryWatch","lineageLabel":"Colorado River green lineage","lineageBasin":"Colorado Headwaters","lineageNote":"Upper Colorado green-lineage context","atlas_context":"cutthroat_lineage_context","confidence":"Watershed-level lineage context; expert review recommended","geometryStatus":"Named natural stream segment from statewide hydrography","note":"This named natural stream falls within a HUC8 assigned to a cutthroat lineage context.","source_segment_id":"co_named_stream_066872","water_id":"co_kinney_creek_14010001_coloradoRiver_003","occurrence_id":"co_kinney_creek_14010001_coloradoRiver_003","occurrence_number":"003","segment_count":50,"disambiguator":"Colorado Headwaters · Colorado River green lineage · occurrence 003","basin":"Colorado Headwaters","atlas_layer":"named_water_occurrence","object_role":"named_water_occurrence","historic_label":"Colorado River green lineage","current_label":"Colorado River green lineage","recovery_label":"Recovery watch / review area","tier":"tier2","minZoom":12,"confidence_public":"Watershed-level lineage context; expert review recommended","geometry_status_public":"Named natural stream occurrence from statewide hydrography","geometry_source_public":"Grouped public hydrography segments","trout_source_public":"Compiled public recovery and lineage context; expert review recommended","public_notes":"Kinney Creek is shown as a named-water occurrence within watershed-level cutthroat lineage context. This is not a precise biological boundary."}},{"type":"Feature","geometry":{"type":"LineString","coordinates":[[-106.0436,40.1009],[-106.0404,40.1014],[-106.0383,40.1004],[-106.0378,40.0993],[-106.0392,40.0971]]},"properties":{"source_id":"co_named_stream_066882","name":"Kinney Creek","display_name":"Kinney Creek","mapped_name":"Kinney Creek","source_name":"Kinney Creek","state":"CO","atlas_class":"named_natural_stream","huc8":"14010001","huc8Name":"Colorado Headwaters","huc8States":"CO","lineageKey":"coloradoRiver","lineage":"coloradoRiver","historic":"coloradoRiver","current":"coloradoRiver","recovery":"recoveryWatch","lineageLabel":"Colorado River green lineage","lineageBasin":"Colorado Headwaters","lineageNote":"Upper Colorado green-lineage context","atlas_context":"cutthroat_lineage_context","confidence":"Watershed-level lineage context; expert review recommended","geometryStatus":"Named natural stream segment from statewide hydrography","note":"This named natural stream falls within a HUC8 assigned to a cutthroat lineage context.","source_segment_id":"co_named_stream_066882","water_id":"co_kinney_creek_14010001_coloradoRiver_003","occurrence_id":"co_kinney_creek_14010001_coloradoRiver_003","occurrence_number":"003","segment_count":50,"disambiguator":"Colorado Headwaters · Colorado River green lineage · occurrence 003","basin":"Colorado Headwaters","atlas_layer":"named_water_occurrence","object_role":"named_water_occurrence","historic_label":"Colorado River green lineage","current_label":"Colorado River green lineage","recovery_label":"Recovery watch / review area","tier":"tier2","minZoom":12,"confidence_public":"Watershed-level lineage context; expert review recommended","geometry_status_public":"Named natural stream occurrence from statewide hydrography","geometry_source_public":"Grouped public hydrography segments","trout_source_public":"Compiled public recovery and lineage context; expert review recommended","public_notes":"Kinney Creek is shown as a named-water occurrence within watershed-level cutthroat lineage context. This is not a precise biological boundary."}},{"type":"Feature","geometry":{"type":"LineString","coordinates":[[-106.0461,40.1008],[-106.0452,40.1007]]},"properties":{"source_id":"co_named_stream_066883","name":"Kinney Creek","display_name":"Kinney Creek","mapped_name":"Kinney Creek","source_name":"Kinney Creek","state":"CO","atlas_class":"named_natural_stream","huc8":"14010001","huc8Name":"Colorado Headwaters","huc8States":"CO","lineageKey":"coloradoRiver","lineage":"coloradoRiver","historic":"coloradoRiver","current":"coloradoRiver","recovery":"recoveryWatch","lineageLabel":"Colorado River green lineage","lineageBasin":"Colorado Headwaters","lineageNote":"Upper Colorado green-lineage context","atlas_context":"cutthroat_lineage_context","confidence":"Watershed-level lineage context; expert review recommended","geometryStatus":"Named natural stream segment from statewide hydrography","note":"This named natural stream falls within a HUC8 assigned to a cutthroat lineage context.","source_segment_id":"co_named_stream_066883","water_id":"co_kinney_creek_14010001_coloradoRiver_003","occurrence_id":"co_kinney_creek_14010001_coloradoRiver_003","occurrence_number":"003","segment_count":50,"disambiguator":"Colorado Headwaters · Colorado River green lineage · occurrence 003","basin":"Colorado Headwaters","atlas_layer":"named_water_occurrence","object_role":"named_water_occurrence","historic_label":"Colorado River green lineage","current_label":"Colorado River green lineage","recovery_label":"Recovery watch / review area","tier":"tier2","minZoom":12,"confidence_public":"Watershed-level lineage context; expert review recommended","geometry_status_public":"Named natural stream occurrence from statewide hydrography","geometry_source_public":"Grouped public hydrography segments","trout_source_public":"Compiled public recovery and lineage context; expert review recommended","public_notes":"Kinney Creek is shown as a named-water occurrence within watershed-level cutthroat lineage context. This is not a precise biological boundary."}},{"type":"Feature","geometry":{"type":"LineString","coordinates":[[-106.0799,40.1149],[-106.0819,40.108],[-106.0807,40.106],[-106.0783,40.1046]]},"properties":{"source_id":"co_named_stream_071223","name":"Kinney Creek","display_name":"Kinney Creek","mapped_name":"Kinney Creek","source_name":"Kinney Creek","state":"CO","atlas_class":"named_natural_stream","huc8":"14010001","huc8Name":"Colorado Headwaters","huc8States":"CO","lineageKey":"coloradoRiver","lineage":"coloradoRiver","historic":"coloradoRiver","current":"coloradoRiver","recovery":"recoveryWatch","lineageLabel":"Colorado River green lineage","lineageBasin":"Colorado Headwaters","lineageNote":"Upper Colorado green-lineage context","atlas_context":"cutthroat_lineage_context","confidence":"Watershed-level lineage context; expert review recommended","geometryStatus":"Named natural stream segment from statewide hydrography","note":"This named natural stream falls within a HUC8 assigned to a cutthroat lineage context.","source_segment_id":"co_named_stream_071223","water_id":"co_kinney_creek_14010001_coloradoRiver_003","occurrence_id":"co_kinney_creek_14010001_coloradoRiver_003","occurrence_number":"003","segment_count":50,"disambiguator":"Colorado Headwaters · Colorado River green lineage · occurrence 003","basin":"Colorado Headwaters","atlas_layer":"named_water_occurrence","object_role":"named_water_occurrence","historic_label":"Colorado River green lineage","current_label":"Colorado River green lineage","recovery_label":"Recovery watch / review area","tier":"tier2","minZoom":12,"confidence_public":"Watershed-level lineage context; expert review recommended","geometry_status_public":"Named natural stream occurrence from statewide hydrography","geometry_source_public":"Grouped public hydrography segments","trout_source_public":"Compiled public recovery and lineage context; expert review recommended","public_notes":"Kinney Creek is shown as a named-water occurrence within watershed-level cutthroat lineage context. This is not a precise biological boundary."}},{"type":"Feature","geometry":{"type":"LineString","coordinates":[[-106.0783,40.1046],[-106.0721,40.1026]]},"properties":{"source_id":"co_named_stream_071233","name":"Kinney Creek","display_name":"Kinney Creek","mapped_name":"Kinney Creek","source_name":"Kinney Creek","state":"CO","atlas_class":"named_natural_stream","huc8":"14010001","huc8Name":"Colorado Headwaters","huc8States":"CO","lineageKey":"coloradoRiver","lineage":"coloradoRiver","historic":"coloradoRiver","current":"coloradoRiver","recovery":"recoveryWatch","lineageLabel":"Colorado River green lineage","lineageBasin":"Colorado Headwaters","lineageNote":"Upper Colorado green-lineage context","atlas_context":"cutthroat_lineage_context","confidence":"Watershed-level lineage context; expert review recommended","geometryStatus":"Named natural stream segment from statewide hydrography","note":"This named natural stream falls within a HUC8 assigned to a cutthroat lineage context.","source_segment_id":"co_named_stream_071233","water_id":"co_kinney_creek_14010001_coloradoRiver_003","occurrence_id":"co_kinney_creek_14010001_coloradoRiver_003","occurrence_number":"003","segment_count":50,"disambiguator":"Colorado Headwaters · Colorado River green lineage · occurrence 003","basin":"Colorado Headwaters","atlas_layer":"named_water_occurrence","object_role":"named_water_occurrence","historic_label":"Colorado River green lineage","current_label":"Colorado River green lineage","recovery_label":"Recovery watch / review area","tier":"tier2","minZoom":12,"confidence_public":"Watershed-level lineage context; expert review recommended","geometry_status_public":"Named natural stream occurrence from statewide hydrography","geometry_source_public":"Grouped public hydrography segments","trout_source_public":"Compiled public recovery and lineage context; expert review recommended","public_notes":"Kinney Creek is shown as a named-water occurrence within watershed-level cutthroat lineage context. This is not a precise biological boundary."}},{"type":"Feature","geometry":{"type":"LineString","coordinates":[[-106.0839,40.1219],[-106.0822,40.1209],[-106.0817,40.119]]},"properties":{"source_id":"co_named_stream_071268","name":"Kinney Creek","display_name":"Kinney Creek","mapped_name":"Kinney Creek","source_name":"Kinney Creek","state":"CO","atlas_class":"named_natural_stream","huc8":"14010001","huc8Name":"Colorado Headwaters","huc8States":"CO","lineageKey":"coloradoRiver","lineage":"coloradoRiver","historic":"coloradoRiver","current":"coloradoRiver","recovery":"recoveryWatch","lineageLabel":"Colorado River green lineage","lineageBasin":"Colorado Headwaters","lineageNote":"Upper Colorado green-lineage context","atlas_context":"cutthroat_lineage_context","confidence":"Watershed-level lineage context; expert review recommended","geometryStatus":"Named natural stream segment from statewide hydrography","note":"This named natural stream falls within a HUC8 assigned to a cutthroat lineage context.","source_segment_id":"co_named_stream_071268","water_id":"co_kinney_creek_14010001_coloradoRiver_003","occurrence_id":"co_kinney_creek_14010001_coloradoRiver_003","occurrence_number":"003","segment_count":50,"disambiguator":"Colorado Headwaters · Colorado River green lineage · occurrence 003","basin":"Colorado Headwaters","atlas_layer":"named_water_occurrence","object_role":"named_water_occurrence","historic_label":"Colorado River green lineage","current_label":"Colorado River green lineage","recovery_label":"Recovery watch / review area","tier":"tier2","minZoom":12,"confidence_public":"Watershed-level lineage context; expert review recommended","geometry_status_public":"Named natural stream occurrence from statewide hydrography","geometry_source_public":"Grouped public hydrography segments","trout_source_public":"Compiled public recovery and lineage context; expert review recommended","public_notes":"Kinney Creek is shown as a named-water occurrence within watershed-level cutthroat lineage context. This is not a precise biological boundary."}},{"type":"Feature","geometry":{"type":"LineString","coordinates":[[-106.1054,40.1572],[-106.1033,40.1551]]},"properties":{"source_id":"co_named_stream_071269","name":"Kinney Creek","display_name":"Kinney Creek","mapped_name":"Kinney Creek","source_name":"Kinney Creek","state":"CO","atlas_class":"named_natural_stream","huc8":"14010001","huc8Name":"Colorado Headwaters","huc8States":"CO","lineageKey":"coloradoRiver","lineage":"coloradoRiver","historic":"coloradoRiver","current":"coloradoRiver","recovery":"recoveryWatch","lineageLabel":"Colorado River green lineage","lineageBasin":"Colorado Headwaters","lineageNote":"Upper Colorado green-lineage context","atlas_context":"cutthroat_lineage_context","confidence":"Watershed-level lineage context; expert review recommended","geometryStatus":"Named natural stream segment from statewide hydrography","note":"This named natural stream falls within a HUC8 assigned to a cutthroat lineage context.","source_segment_id":"co_named_stream_071269","water_id":"co_kinney_creek_14010001_coloradoRiver_003","occurrence_id":"co_kinney_creek_14010001_coloradoRiver_003","occurrence_number":"003","segment_count":50,"disambiguator":"Colorado Headwaters · Colorado River green lineage · occurrence 003","basin":"Colorado Headwaters","atlas_layer":"named_water_occurrence","object_role":"named_water_occurrence","historic_label":"Colorado River green lineage","current_label":"Colorado River green lineage","recovery_label":"Recovery watch / review area","tier":"tier2","minZoom":12,"confidence_public":"Watershed-level lineage context; expert review recommended","geometry_status_public":"Named natural stream occurrence from statewide hydrography","geometry_source_public":"Grouped public hydrography segments","trout_source_public":"Compiled public recovery and lineage context; expert review recommended","public_notes":"Kinney Creek is shown as a named-water occurrence within watershed-level cutthroat lineage context. This is not a precise biological boundary."}},{"type":"Feature","geometry":{"type":"LineString","coordinates":[[-106.0962,40.1385],[-106.0954,40.1378]]},"properties":{"source_id":"co_named_stream_071271","name":"Kinney Creek","display_name":"Kinney Creek","mapped_name":"Kinney Creek","source_name":"Kinney Creek","state":"CO","atlas_class":"named_natural_stream","huc8":"14010001","huc8Name":"Colorado Headwaters","huc8States":"CO","lineageKey":"coloradoRiver","lineage":"coloradoRiver","historic":"coloradoRiver","current":"coloradoRiver","recovery":"recoveryWatch","lineageLabel":"Colorado River green lineage","lineageBasin":"Colorado Headwaters","lineageNote":"Upper Colorado green-lineage context","atlas_context":"cutthroat_lineage_context","confidence":"Watershed-level lineage context; expert review recommended","geometryStatus":"Named natural stream segment from statewide hydrography","note":"This named natural stream falls within a HUC8 assigned to a cutthroat lineage context.","source_segment_id":"co_named_stream_071271","water_id":"co_kinney_creek_14010001_coloradoRiver_003","occurrence_id":"co_kinney_creek_14010001_coloradoRiver_003","occurrence_number":"003","segment_count":50,"disambiguator":"Colorado Headwaters · Colorado River green lineage · occurrence 003","basin":"Colorado Headwaters","atlas_layer":"named_water_occurrence","object_role":"named_water_occurrence","historic_label":"Colorado River green lineage","current_label":"Colorado River green lineage","recovery_label":"Recovery watch / review area","tier":"tier2","minZoom":12,"confidence_public":"Watershed-level lineage context; expert review recommended","geometry_status_public":"Named natural stream occurrence from statewide hydrography","geometry_source_public":"Grouped public hydrography segments","trout_source_public":"Compiled public recovery and lineage context; expert review recommended","public_notes":"Kinney Creek is shown as a named-water occurrence within watershed-level cutthroat lineage context. This is not a precise biological boundary."}},{"type":"Feature","geometry":{"type":"LineString","coordinates":[[-106.0817,40.119],[-106.0815,40.1175]]},"properties":{"source_id":"co_named_stream_071278","name":"Kinney Creek","display_name":"Kinney Creek","mapped_name":"Kinney Creek","source_name":"Kinney Creek","state":"CO","atlas_class":"named_natural_stream","huc8":"14010001","huc8Name":"Colorado Headwaters","huc8States":"CO","lineageKey":"coloradoRiver","lineage":"coloradoRiver","historic":"coloradoRiver","current":"coloradoRiver","recovery":"recoveryWatch","lineageLabel":"Colorado River green lineage","lineageBasin":"Colorado Headwaters","lineageNote":"Upper Colorado green-lineage context","atlas_context":"cutthroat_lineage_context","confidence":"Watershed-level lineage context; expert review recommended","geometryStatus":"Named natural stream segment from statewide hydrography","note":"This named natural stream falls within a HUC8 assigned to a cutthroat lineage context.","source_segment_id":"co_named_stream_071278","water_id":"co_kinney_creek_14010001_coloradoRiver_003","occurrence_id":"co_kinney_creek_14010001_coloradoRiver_003","occurrence_number":"003","segment_count":50,"disambiguator":"Colorado Headwaters · Colorado River green lineage · occurrence 003","basin":"Colorado Headwaters","atlas_layer":"named_water_occurrence","object_role":"named_water_occurrence","historic_label":"Colorado River green lineage","current_label":"Colorado River green lineage","recovery_label":"Recovery watch / review area","tier":"tier2","minZoom":12,"confidence_public":"Watershed-level lineage context; expert review recommended","geometry_status_public":"Named natural stream occurrence from statewide hydrography","geometry_source_public":"Grouped public hydrography segments","trout_source_public":"Compiled public recovery and lineage context; expert review recommended","public_notes":"Kinney Creek is shown as a named-water occurrence within watershed-level cutthroat lineage context. This is not a precise biological boundary."}},{"type":"Feature","geometry":{"type":"LineString","coordinates":[[-106.0973,40.1469],[-106.097,40.1465]]},"properties":{"source_id":"co_named_stream_071286","name":"Kinney Creek","display_name":"Kinney Creek","mapped_name":"Kinney Creek","source_name":"Kinney Creek","state":"CO","atlas_class":"named_natural_stream","huc8":"14010001","huc8Name":"Colorado Headwaters","huc8States":"CO","lineageKey":"coloradoRiver","lineage":"coloradoRiver","historic":"coloradoRiver","current":"coloradoRiver","recovery":"recoveryWatch","lineageLabel":"Colorado River green lineage","lineageBasin":"Colorado Headwaters","lineageNote":"Upper Colorado green-lineage context","atlas_context":"cutthroat_lineage_context","confidence":"Watershed-level lineage context; expert review recommended","geometryStatus":"Named natural stream segment from statewide hydrography","note":"This named natural stream falls within a HUC8 assigned to a cutthroat lineage context.","source_segment_id":"co_named_stream_071286","water_id":"co_kinney_creek_14010001_coloradoRiver_003","occurrence_id":"co_kinney_creek_14010001_coloradoRiver_003","occurrence_number":"003","segment_count":50,"disambiguator":"Colorado Headwaters · Colorado River green lineage · occurrence 003","basin":"Colorado Headwaters","atlas_layer":"named_water_occurrence","object_role":"named_water_occurrence","historic_label":"Colorado River green lineage","current_label":"Colorado River green lineage","recovery_label":"Recovery watch / review area","tier":"tier2","minZoom":12,"confidence_public":"Watershed-level lineage context; expert review recommended","geometry_status_public":"Named natural stream occurrence from statewide hydrography","geometry_source_public":"Grouped public hydrography segments","trout_source_public":"Compiled public recovery and lineage context; expert review recommended","public_notes":"Kinney Creek is shown as a named-water occurrence within watershed-level cutthroat lineage context. This is not a precise biological boundary."}},{"type":"Feature","geometry":{"type":"LineString","coordinates":[[-106.0946,40.1375],[-106.0942,40.1373]]},"properties":{"source_id":"co_named_stream_071287","name":"Kinney Creek","display_name":"Kinney Creek","mapped_name":"Kinney Creek","source_name":"Kinney Creek","state":"CO","atlas_class":"named_natural_stream","huc8":"14010001","huc8Name":"Colorado Headwaters","huc8States":"CO","lineageKey":"coloradoRiver","lineage":"coloradoRiver","historic":"coloradoRiver","current":"coloradoRiver","recovery":"recoveryWatch","lineageLabel":"Colorado River green lineage","lineageBasin":"Colorado Headwaters","lineageNote":"Upper Colorado green-lineage context","atlas_context":"cutthroat_lineage_context","confidence":"Watershed-level lineage context; expert review recommended","geometryStatus":"Named natural stream segment from statewide hydrography","note":"This named natural stream falls within a HUC8 assigned to a cutthroat lineage context.","source_segment_id":"co_named_stream_071287","water_id":"co_kinney_creek_14010001_coloradoRiver_003","occurrence_id":"co_kinney_creek_14010001_coloradoRiver_003","occurrence_number":"003","segment_count":50,"disambiguator":"Colorado Headwaters · Colorado River green lineage · occurrence 003","basin":"Colorado Headwaters","atlas_layer":"named_water_occurrence","object_role":"named_water_occurrence","historic_label":"Colorado River green lineage","current_label":"Colorado River green lineage","recovery_label":"Recovery watch / review area","tier":"tier2","minZoom":12,"confidence_public":"Watershed-level lineage context; expert review recommended","geometry_status_public":"Named natural stream occurrence from statewide hydrography","geometry_source_public":"Grouped public hydrography segments","trout_source_public":"Compiled public recovery and lineage context; expert review recommended","public_notes":"Kinney Creek is shown as a named-water occurrence within watershed-level cutthroat lineage context. This is not a precise biological boundary."}},{"type":"Feature","geometry":{"type":"LineString","coordinates":[[-106.0815,40.1175],[-106.0812,40.1173]]},"properties":{"source_id":"co_named_stream_071291","name":"Kinney Creek","display_name":"Kinney Creek","mapped_name":"Kinney Creek","source_name":"Kinney Creek","state":"CO","atlas_class":"named_natural_stream","huc8":"14010001","huc8Name":"Colorado Headwaters","huc8States":"CO","lineageKey":"coloradoRiver","lineage":"coloradoRiver","historic":"coloradoRiver","current":"coloradoRiver","recovery":"recoveryWatch","lineageLabel":"Colorado River green lineage","lineageBasin":"Colorado Headwaters","lineageNote":"Upper Colorado green-lineage context","atlas_context":"cutthroat_lineage_context","confidence":"Watershed-level lineage context; expert review recommended","geometryStatus":"Named natural stream segment from statewide hydrography","note":"This named natural stream falls within a HUC8 assigned to a cutthroat lineage context.","source_segment_id":"co_named_stream_071291","water_id":"co_kinney_creek_14010001_coloradoRiver_003","occurrence_id":"co_kinney_creek_14010001_coloradoRiver_003","occurrence_number":"003","segment_count":50,"disambiguator":"Colorado Headwaters · Colorado River green lineage · occurrence 003","basin":"Colorado Headwaters","atlas_layer":"named_water_occurrence","object_role":"named_water_occurrence","historic_label":"Colorado River green lineage","current_label":"Colorado River green lineage","recovery_label":"Recovery watch / review area","tier":"tier2","minZoom":12,"confidence_public":"Watershed-level lineage context; expert review recommended","geometry_status_public":"Named natural stream occurrence from statewide hydrography","geometry_source_public":"Grouped public hydrography segments","trout_source_public":"Compiled public recovery and lineage context; expert review recommended","public_notes":"Kinney Creek is shown as a named-water occurrence within watershed-level cutthroat lineage context. This is not a precise biological boundary."}},{"type":"Feature","geometry":{"type":"LineString","coordinates":[[-106.0959,40.1395],[-106.0962,40.1385]]},"properties":{"source_id":"co_named_stream_071292","name":"Kinney Creek","display_name":"Kinney Creek","mapped_name":"Kinney Creek","source_name":"Kinney Creek","state":"CO","atlas_class":"named_natural_stream","huc8":"14010001","huc8Name":"Colorado Headwaters","huc8States":"CO","lineageKey":"coloradoRiver","lineage":"coloradoRiver","historic":"coloradoRiver","current":"coloradoRiver","recovery":"recoveryWatch","lineageLabel":"Colorado River green lineage","lineageBasin":"Colorado Headwaters","lineageNote":"Upper Colorado green-lineage context","atlas_context":"cutthroat_lineage_context","confidence":"Watershed-level lineage context; expert review recommended","geometryStatus":"Named natural stream segment from statewide hydrography","note":"This named natural stream falls within a HUC8 assigned to a cutthroat lineage context.","source_segment_id":"co_named_stream_071292","water_id":"co_kinney_creek_14010001_coloradoRiver_003","occurrence_id":"co_kinney_creek_14010001_coloradoRiver_003","occurrence_number":"003","segment_count":50,"disambiguator":"Colorado Headwaters · Colorado River green lineage · occurrence 003","basin":"Colorado Headwaters","atlas_layer":"named_water_occurrence","object_role":"named_water_occurrence","historic_label":"Colorado River green lineage","current_label":"Colorado River green lineage","recovery_label":"Recovery watch / review area","tier":"tier2","minZoom":12,"confidence_public":"Watershed-level lineage context; expert review recommended","geometry_status_public":"Named natural stream occurrence from statewide hydrography","geometry_source_public":"Grouped public hydrography segments","trout_source_public":"Compiled public recovery and lineage context; expert review recommended","public_notes":"Kinney Creek is shown as a named-water occurrence within watershed-level cutthroat lineage context. This is not a precise biological boundary."}},{"type":"Feature","geometry":{"type":"LineString","coordinates":[[-106.0969,40.1461],[-106.0965,40.1439]]},"properties":{"source_id":"co_named_stream_071293","name":"Kinney Creek","display_name":"Kinney Creek","mapped_name":"Kinney Creek","source_name":"Kinney Creek","state":"CO","atlas_class":"named_natural_stream","huc8":"14010001","huc8Name":"Colorado Headwaters","huc8States":"CO","lineageKey":"coloradoRiver","lineage":"coloradoRiver","historic":"coloradoRiver","current":"coloradoRiver","recovery":"recoveryWatch","lineageLabel":"Colorado River green lineage","lineageBasin":"Colorado Headwaters","lineageNote":"Upper Colorado green-lineage context","atlas_context":"cutthroat_lineage_context","confidence":"Watershed-level lineage context; expert review recommended","geometryStatus":"Named natural stream segment from statewide hydrography","note":"This named natural stream falls within a HUC8 assigned to a cutthroat lineage context.","source_segment_id":"co_named_stream_071293","water_id":"co_kinney_creek_14010001_coloradoRiver_003","occurrence_id":"co_kinney_creek_14010001_coloradoRiver_003","occurrence_number":"003","segment_count":50,"disambiguator":"Colorado Headwaters · Colorado River green lineage · occurrence 003","basin":"Colorado Headwaters","atlas_layer":"named_water_occurrence","object_role":"named_water_occurrence","historic_label":"Colorado River green lineage","current_label":"Colorado River green lineage","recovery_label":"Recovery watch / review area","tier":"tier2","minZoom":12,"confidence_public":"Watershed-level lineage context; expert review recommended","geometry_status_public":"Named natural stream occurrence from statewide hydrography","geometry_source_public":"Grouped public hydrography segments","trout_source_public":"Compiled public recovery and lineage context; expert review recommended","public_notes":"Kinney Creek is shown as a named-water occurrence within watershed-level cutthroat lineage context. This is not a precise biological boundary."}},{"type":"Feature","geometry":{"type":"LineString","coordinates":[[-106.0929,40.1336],[-106.0924,40.1325]]},"properties":{"source_id":"co_named_stream_071294","name":"Kinney Creek","display_name":"Kinney Creek","mapped_name":"Kinney Creek","source_name":"Kinney Creek","state":"CO","atlas_class":"named_natural_stream","huc8":"14010001","huc8Name":"Colorado Headwaters","huc8States":"CO","lineageKey":"coloradoRiver","lineage":"coloradoRiver","historic":"coloradoRiver","current":"coloradoRiver","recovery":"recoveryWatch","lineageLabel":"Colorado River green lineage","lineageBasin":"Colorado Headwaters","lineageNote":"Upper Colorado green-lineage context","atlas_context":"cutthroat_lineage_context","confidence":"Watershed-level lineage context; expert review recommended","geometryStatus":"Named natural stream segment from statewide hydrography","note":"This named natural stream falls within a HUC8 assigned to a cutthroat lineage context.","source_segment_id":"co_named_stream_071294","water_id":"co_kinney_creek_14010001_coloradoRiver_003","occurrence_id":"co_kinney_creek_14010001_coloradoRiver_003","occurrence_number":"003","segment_count":50,"disambiguator":"Colorado Headwaters · Colorado River green lineage · occurrence 003","basin":"Colorado Headwaters","atlas_layer":"named_water_occurrence","object_role":"named_water_occurrence","historic_label":"Colorado River green lineage","current_label":"Colorado River green lineage","recovery_label":"Recovery watch / review area","tier":"tier2","minZoom":12,"confidence_public":"Watershed-level lineage context; expert review recommended","geometry_status_public":"Named natural stream occurrence from statewide hydrography","geometry_source_public":"Grouped public hydrography segments","trout_source_public":"Compiled public recovery and lineage context; expert review recommended","public_notes":"Kinney Creek is shown as a named-water occurrence within watershed-level cutthroat lineage context. This is not a precise biological boundary."}},{"type":"Feature","geometry":{"type":"LineString","coordinates":[[-106.1034,40.1534],[-106.1019,40.1515]]},"properties":{"source_id":"co_named_stream_071295","name":"Kinney Creek","display_name":"Kinney Creek","mapped_name":"Kinney Creek","source_name":"Kinney Creek","state":"CO","atlas_class":"named_natural_stream","huc8":"14010001","huc8Name":"Colorado Headwaters","huc8States":"CO","lineageKey":"coloradoRiver","lineage":"coloradoRiver","historic":"coloradoRiver","current":"coloradoRiver","recovery":"recoveryWatch","lineageLabel":"Colorado River green lineage","lineageBasin":"Colorado Headwaters","lineageNote":"Upper Colorado green-lineage context","atlas_context":"cutthroat_lineage_context","confidence":"Watershed-level lineage context; expert review recommended","geometryStatus":"Named natural stream segment from statewide hydrography","note":"This named natural stream falls within a HUC8 assigned to a cutthroat lineage context.","source_segment_id":"co_named_stream_071295","water_id":"co_kinney_creek_14010001_coloradoRiver_003","occurrence_id":"co_kinney_creek_14010001_coloradoRiver_003","occurrence_number":"003","segment_count":50,"disambiguator":"Colorado Headwaters · Colorado River green lineage · occurrence 003","basin":"Colorado Headwaters","atlas_layer":"named_water_occurrence","object_role":"named_water_occurrence","historic_label":"Colorado River green lineage","current_label":"Colorado River green lineage","recovery_label":"Recovery watch / review area","tier":"tier2","minZoom":12,"confidence_public":"Watershed-level lineage context; expert review recommended","geometry_status_public":"Named natural stream occurrence from statewide hydrography","geometry_source_public":"Grouped public hydrography segments","trout_source_public":"Compiled public recovery and lineage context; expert review recommended","public_notes":"Kinney Creek is shown as a named-water occurrence within watershed-level cutthroat lineage context. This is not a precise biological boundary."}},{"type":"Feature","geometry":{"type":"LineString","coordinates":[[-106.1,40.1498],[-106.0983,40.1483]]},"properties":{"source_id":"co_named_stream_071297","name":"Kinney Creek","display_name":"Kinney Creek","mapped_name":"Kinney Creek","source_name":"Kinney Creek","state":"CO","atlas_class":"named_natural_stream","huc8":"14010001","huc8Name":"Colorado Headwaters","huc8States":"CO","lineageKey":"coloradoRiver","lineage":"coloradoRiver","historic":"coloradoRiver","current":"coloradoRiver","recovery":"recoveryWatch","lineageLabel":"Colorado River green lineage","lineageBasin":"Colorado Headwaters","lineageNote":"Upper Colorado green-lineage context","atlas_context":"cutthroat_lineage_context","confidence":"Watershed-level lineage context; expert review recommended","geometryStatus":"Named natural stream segment from statewide hydrography","note":"This named natural stream falls within a HUC8 assigned to a cutthroat lineage context.","source_segment_id":"co_named_stream_071297","water_id":"co_kinney_creek_14010001_coloradoRiver_003","occurrence_id":"co_kinney_creek_14010001_coloradoRiver_003","occurrence_number":"003","segment_count":50,"disambiguator":"Colorado Headwaters · Colorado River green lineage · occurrence 003","basin":"Colorado Headwaters","atlas_layer":"named_water_occurrence","object_role":"named_water_occurrence","historic_label":"Colorado River green lineage","current_label":"Colorado River green lineage","recovery_label":"Recovery watch / review area","tier":"tier2","minZoom":12,"confidence_public":"Watershed-level lineage context; expert review recommended","geometry_status_public":"Named natural stream occurrence from statewide hydrography","geometry_source_public":"Grouped public hydrography segments","trout_source_public":"Compiled public recovery and lineage context; expert review recommended","public_notes":"Kinney Creek is shown as a named-water occurrence within watershed-level cutthroat lineage context. This is not a precise biological boundary."}},{"type":"Feature","geometry":{"type":"LineString","coordinates":[[-106.0965,40.1427],[-106.096,40.1411]]},"properties":{"source_id":"co_named_stream_071299","name":"Kinney Creek","display_name":"Kinney Creek","mapped_name":"Kinney Creek","source_name":"Kinney Creek","state":"CO","atlas_class":"named_natural_stream","huc8":"14010001","huc8Name":"Colorado Headwaters","huc8States":"CO","lineageKey":"coloradoRiver","lineage":"coloradoRiver","historic":"coloradoRiver","current":"coloradoRiver","recovery":"recoveryWatch","lineageLabel":"Colorado River green lineage","lineageBasin":"Colorado Headwaters","lineageNote":"Upper Colorado green-lineage context","atlas_context":"cutthroat_lineage_context","confidence":"Watershed-level lineage context; expert review recommended","geometryStatus":"Named natural stream segment from statewide hydrography","note":"This named natural stream falls within a HUC8 assigned to a cutthroat lineage context.","source_segment_id":"co_named_stream_071299","water_id":"co_kinney_creek_14010001_coloradoRiver_003","occurrence_id":"co_kinney_creek_14010001_coloradoRiver_003","occurrence_number":"003","segment_count":50,"disambiguator":"Colorado Headwaters · Colorado River green lineage · occurrence 003","basin":"Colorado Headwaters","atlas_layer":"named_water_occurrence","object_role":"named_water_occurrence","historic_label":"Colorado River green lineage","current_label":"Colorado River green lineage","recovery_label":"Recovery watch / review area","tier":"tier2","minZoom":12,"confidence_public":"Watershed-level lineage context; expert review recommended","geometry_status_public":"Named natural stream occurrence from statewide hydrography","geometry_source_public":"Grouped public hydrography segments","trout_source_public":"Compiled public recovery and lineage context; expert review recommended","public_notes":"Kinney Creek is shown as a named-water occurrence within watershed-level cutthroat lineage context. This is not a precise biological boundary."}},{"type":"Feature","geometry":{"type":"LineString","coordinates":[[-106.0954,40.1378],[-106.0949,40.1376]]},"properties":{"source_id":"co_named_stream_071301","name":"Kinney Creek","display_name":"Kinney Creek","mapped_name":"Kinney Creek","source_name":"Kinney Creek","state":"CO","atlas_class":"named_natural_stream","huc8":"14010001","huc8Name":"Colorado Headwaters","huc8States":"CO","lineageKey":"coloradoRiver","lineage":"coloradoRiver","historic":"coloradoRiver","current":"coloradoRiver","recovery":"recoveryWatch","lineageLabel":"Colorado River green lineage","lineageBasin":"Colorado Headwaters","lineageNote":"Upper Colorado green-lineage context","atlas_context":"cutthroat_lineage_context","confidence":"Watershed-level lineage context; expert review recommended","geometryStatus":"Named natural stream segment from statewide hydrography","note":"This named natural stream falls within a HUC8 assigned to a cutthroat lineage context.","source_segment_id":"co_named_stream_071301","water_id":"co_kinney_creek_14010001_coloradoRiver_003","occurrence_id":"co_kinney_creek_14010001_coloradoRiver_003","occurrence_number":"003","segment_count":50,"disambiguator":"Colorado Headwaters · Colorado River green lineage · occurrence 003","basin":"Colorado Headwaters","atlas_layer":"named_water_occurrence","object_role":"named_water_occurrence","historic_label":"Colorado River green lineage","current_label":"Colorado River green lineage","recovery_label":"Recovery watch / review area","tier":"tier2","minZoom":12,"confidence_public":"Watershed-level lineage context; expert review recommended","geometry_status_public":"Named natural stream occurrence from statewide hydrography","geometry_source_public":"Grouped public hydrography segments","trout_source_public":"Compiled public recovery and lineage context; expert review recommended","public_notes":"Kinney Creek is shown as a named-water occurrence within watershed-level cutthroat lineage context. This is not a precise biological boundary."}},{"type":"Feature","geometry":{"type":"LineString","coordinates":[[-106.0924,40.1325],[-106.0921,40.1319]]},"properties":{"source_id":"co_named_stream_071302","name":"Kinney Creek","display_name":"Kinney Creek","mapped_name":"Kinney Creek","source_name":"Kinney Creek","state":"CO","atlas_class":"named_natural_stream","huc8":"14010001","huc8Name":"Colorado Headwaters","huc8States":"CO","lineageKey":"coloradoRiver","lineage":"coloradoRiver","historic":"coloradoRiver","current":"coloradoRiver","recovery":"recoveryWatch","lineageLabel":"Colorado River green lineage","lineageBasin":"Colorado Headwaters","lineageNote":"Upper Colorado green-lineage context","atlas_context":"cutthroat_lineage_context","confidence":"Watershed-level lineage context; expert review recommended","geometryStatus":"Named natural stream segment from statewide hydrography","note":"This named natural stream falls within a HUC8 assigned to a cutthroat lineage context.","source_segment_id":"co_named_stream_071302","water_id":"co_kinney_creek_14010001_coloradoRiver_003","occurrence_id":"co_kinney_creek_14010001_coloradoRiver_003","occurrence_number":"003","segment_count":50,"disambiguator":"Colorado Headwaters · Colorado River green lineage · occurrence 003","basin":"Colorado Headwaters","atlas_layer":"named_water_occurrence","object_role":"named_water_occurrence","historic_label":"Colorado River green lineage","current_label":"Colorado River green lineage","recovery_label":"Recovery watch / review area","tier":"tier2","minZoom":12,"confidence_public":"Watershed-level lineage context; expert review recommended","geometry_status_public":"Named natural stream occurrence from statewide hydrography","geometry_source_public":"Grouped public hydrography segments","trout_source_public":"Compiled public recovery and lineage context; expert review recommended","public_notes":"Kinney Creek is shown as a named-water occurrence within watershed-level cutthroat lineage context. This is not a precise biological boundary."}},{"type":"Feature","geometry":{"type":"LineString","coordinates":[[-106.0921,40.1319],[-106.0909,40.1309]]},"properties":{"source_id":"co_named_stream_071303","name":"Kinney Creek","display_name":"Kinney Creek","mapped_name":"Kinney Creek","source_name":"Kinney Creek","state":"CO","atlas_class":"named_natural_stream","huc8":"14010001","huc8Name":"Colorado Headwaters","huc8States":"CO","lineageKey":"coloradoRiver","lineage":"coloradoRiver","historic":"coloradoRiver","current":"coloradoRiver","recovery":"recoveryWatch","lineageLabel":"Colorado River green lineage","lineageBasin":"Colorado Headwaters","lineageNote":"Upper Colorado green-lineage context","atlas_context":"cutthroat_lineage_context","confidence":"Watershed-level lineage context; expert review recommended","geometryStatus":"Named natural stream segment from statewide hydrography","note":"This named natural stream falls within a HUC8 assigned to a cutthroat lineage context.","source_segment_id":"co_named_stream_071303","water_id":"co_kinney_creek_14010001_coloradoRiver_003","occurrence_id":"co_kinney_creek_14010001_coloradoRiver_003","occurrence_number":"003","segment_count":50,"disambiguator":"Colorado Headwaters · Colorado River green lineage · occurrence 003","basin":"Colorado Headwaters","atlas_layer":"named_water_occurrence","object_role":"named_water_occurrence","historic_label":"Colorado River green lineage","current_label":"Colorado River green lineage","recovery_label":"Recovery watch / review area","tier":"tier2","minZoom":12,"confidence_public":"Watershed-level lineage context; expert review recommended","geometry_status_public":"Named natural stream occurrence from statewide hydrography","geometry_source_public":"Grouped public hydrography segments","trout_source_public":"Compiled public recovery and lineage context; expert review recommended","public_notes":"Kinney Creek is shown as a named-water occurrence within watershed-level cutthroat lineage context. This is not a precise biological boundary."}},{"type":"Feature","geometry":{"type":"LineString","coordinates":[[-106.0893,40.1285],[-106.0892,40.1265]]},"properties":{"source_id":"co_named_stream_071304","name":"Kinney Creek","display_name":"Kinney Creek","mapped_name":"Kinney Creek","source_name":"Kinney Creek","state":"CO","atlas_class":"named_natural_stream","huc8":"14010001","huc8Name":"Colorado Headwaters","huc8States":"CO","lineageKey":"coloradoRiver","lineage":"coloradoRiver","historic":"coloradoRiver","current":"coloradoRiver","recovery":"recoveryWatch","lineageLabel":"Colorado River green lineage","lineageBasin":"Colorado Headwaters","lineageNote":"Upper Colorado green-lineage context","atlas_context":"cutthroat_lineage_context","confidence":"Watershed-level lineage context; expert review recommended","geometryStatus":"Named natural stream segment from statewide hydrography","note":"This named natural stream falls within a HUC8 assigned to a cutthroat lineage context.","source_segment_id":"co_named_stream_071304","water_id":"co_kinney_creek_14010001_coloradoRiver_003","occurrence_id":"co_kinney_creek_14010001_coloradoRiver_003","occurrence_number":"003","segment_count":50,"disambiguator":"Colorado Headwaters · Colorado River green lineage · occurrence 003","basin":"Colorado Headwaters","atlas_layer":"named_water_occurrence","object_role":"named_water_occurrence","historic_label":"Colorado River green lineage","current_label":"Colorado River green lineage","recovery_label":"Recovery watch / review area","tier":"tier2","minZoom":12,"confidence_public":"Watershed-level lineage context; expert review recommended","geometry_status_public":"Named natural stream occurrence from statewide hydrography","geometry_source_public":"Grouped public hydrography segments","trout_source_public":"Compiled public recovery and lineage context; expert review recommended","public_notes":"Kinney Creek is shown as a named-water occurrence within watershed-level cutthroat lineage context. This is not a precise biological boundary."}},{"type":"Feature","geometry":{"type":"LineString","coordinates":[[-106.1033,40.1551],[-106.1034,40.1534]]},"properties":{"source_id":"co_named_stream_075807","name":"Kinney Creek","display_name":"Kinney Creek","mapped_name":"Kinney Creek","source_name":"Kinney Creek","state":"CO","atlas_class":"named_natural_stream","huc8":"14010001","huc8Name":"Colorado Headwaters","huc8States":"CO","lineageKey":"coloradoRiver","lineage":"coloradoRiver","historic":"coloradoRiver","current":"coloradoRiver","recovery":"recoveryWatch","lineageLabel":"Colorado River green lineage","lineageBasin":"Colorado Headwaters","lineageNote":"Upper Colorado green-lineage context","atlas_context":"cutthroat_lineage_context","confidence":"Watershed-level lineage context; expert review recommended","geometryStatus":"Named natural stream segment from statewide hydrography","note":"This named natural stream falls within a HUC8 assigned to a cutthroat lineage context.","source_segment_id":"co_named_stream_075807","water_id":"co_kinney_creek_14010001_coloradoRiver_003","occurrence_id":"co_kinney_creek_14010001_coloradoRiver_003","occurrence_number":"003","segment_count":50,"disambiguator":"Colorado Headwaters · Colorado River green lineage · occurrence 003","basin":"Colorado Headwaters","atlas_layer":"named_water_occurrence","object_role":"named_water_occurrence","historic_label":"Colorado River green lineage","current_label":"Colorado River green lineage","recovery_label":"Recovery watch / review area","tier":"tier2","minZoom":12,"confidence_public":"Watershed-level lineage context; expert review recommended","geometry_status_public":"Named natural stream occurrence from statewide hydrography","geometry_source_public":"Grouped public hydrography segments","trout_source_public":"Compiled public recovery and lineage context; expert review recommended","public_notes":"Kinney Creek is shown as a named-water occurrence within watershed-level cutthroat lineage context. This is not a precise biological boundary."}},{"type":"Feature","geometry":{"type":"LineString","coordinates":[[-106.1097,40.161],[-106.107,40.1593]]},"properties":{"source_id":"co_named_stream_075809","name":"Kinney Creek","display_name":"Kinney Creek","mapped_name":"Kinney Creek","source_name":"Kinney Creek","state":"CO","atlas_class":"named_natural_stream","huc8":"14010001","huc8Name":"Colorado Headwaters","huc8States":"CO","lineageKey":"coloradoRiver","lineage":"coloradoRiver","historic":"coloradoRiver","current":"coloradoRiver","recovery":"recoveryWatch","lineageLabel":"Colorado River green lineage","lineageBasin":"Colorado Headwaters","lineageNote":"Upper Colorado green-lineage context","atlas_context":"cutthroat_lineage_context","confidence":"Watershed-level lineage context; expert review recommended","geometryStatus":"Named natural stream segment from statewide hydrography","note":"This named natural stream falls within a HUC8 assigned to a cutthroat lineage context.","source_segment_id":"co_named_stream_075809","water_id":"co_kinney_creek_14010001_coloradoRiver_003","occurrence_id":"co_kinney_creek_14010001_coloradoRiver_003","occurrence_number":"003","segment_count":50,"disambiguator":"Colorado Headwaters · Colorado River green lineage · occurrence 003","basin":"Colorado Headwaters","atlas_layer":"named_water_occurrence","object_role":"named_water_occurrence","historic_label":"Colorado River green lineage","current_label":"Colorado River green lineage","recovery_label":"Recovery watch / review area","tier":"tier2","minZoom":12,"confidence_public":"Watershed-level lineage context; expert review recommended","geometry_status_public":"Named natural stream occurrence from statewide hydrography","geometry_source_public":"Grouped public hydrography segments","trout_source_public":"Compiled public recovery and lineage context; expert review recommended","public_notes":"Kinney Creek is shown as a named-water occurrence within watershed-level cutthroat lineage context. This is not a precise biological boundary."}},{"type":"Feature","geometry":{"type":"LineString","coordinates":[[-106.1205,40.164],[-106.1162,40.1628]]},"properties":{"source_id":"co_named_stream_075810","name":"Kinney Creek","display_name":"Kinney Creek","mapped_name":"Kinney Creek","source_name":"Kinney Creek","state":"CO","atlas_class":"named_natural_stream","huc8":"14010001","huc8Name":"Colorado Headwaters","huc8States":"CO","lineageKey":"coloradoRiver","lineage":"coloradoRiver","historic":"coloradoRiver","current":"coloradoRiver","recovery":"recoveryWatch","lineageLabel":"Colorado River green lineage","lineageBasin":"Colorado Headwaters","lineageNote":"Upper Colorado green-lineage context","atlas_context":"cutthroat_lineage_context","confidence":"Watershed-level lineage context; expert review recommended","geometryStatus":"Named natural stream segment from statewide hydrography","note":"This named natural stream falls within a HUC8 assigned to a cutthroat lineage context.","source_segment_id":"co_named_stream_075810","water_id":"co_kinney_creek_14010001_coloradoRiver_003","occurrence_id":"co_kinney_creek_14010001_coloradoRiver_003","occurrence_number":"003","segment_count":50,"disambiguator":"Colorado Headwaters · Colorado River green lineage · occurrence 003","basin":"Colorado Headwaters","atlas_layer":"named_water_occurrence","object_role":"named_water_occurrence","historic_label":"Colorado River green lineage","current_label":"Colorado River green lineage","recovery_label":"Recovery watch / review area","tier":"tier2","minZoom":12,"confidence_public":"Watershed-level lineage context; expert review recommended","geometry_status_public":"Named natural stream occurrence from statewide hydrography","geometry_source_public":"Grouped public hydrography segments","trout_source_public":"Compiled public recovery and lineage context; expert review recommended","public_notes":"Kinney Creek is shown as a named-water occurrence within watershed-level cutthroat lineage context. This is not a precise biological boundary."}},{"type":"Feature","geometry":{"type":"LineString","coordinates":[[-106.107,40.1593],[-106.1057,40.1573]]},"properties":{"source_id":"co_named_stream_075812","name":"Kinney Creek","display_name":"Kinney Creek","mapped_name":"Kinney Creek","source_name":"Kinney Creek","state":"CO","atlas_class":"named_natural_stream","huc8":"14010001","huc8Name":"Colorado Headwaters","huc8States":"CO","lineageKey":"coloradoRiver","lineage":"coloradoRiver","historic":"coloradoRiver","current":"coloradoRiver","recovery":"recoveryWatch","lineageLabel":"Colorado River green lineage","lineageBasin":"Colorado Headwaters","lineageNote":"Upper Colorado green-lineage context","atlas_context":"cutthroat_lineage_context","confidence":"Watershed-level lineage context; expert review recommended","geometryStatus":"Named natural stream segment from statewide hydrography","note":"This named natural stream falls within a HUC8 assigned to a cutthroat lineage context.","source_segment_id":"co_named_stream_075812","water_id":"co_kinney_creek_14010001_coloradoRiver_003","occurrence_id":"co_kinney_creek_14010001_coloradoRiver_003","occurrence_number":"003","segment_count":50,"disambiguator":"Colorado Headwaters · Colorado River green lineage · occurrence 003","basin":"Colorado Headwaters","atlas_layer":"named_water_occurrence","object_role":"named_water_occurrence","historic_label":"Colorado River green lineage","current_label":"Colorado River green lineage","recovery_label":"Recovery watch / review area","tier":"tier2","minZoom":12,"confidence_public":"Watershed-level lineage context; expert review recommended","geometry_status_public":"Named natural stream occurrence from statewide hydrography","geometry_source_public":"Grouped public hydrography segments","trout_source_public":"Compiled public recovery and lineage context; expert review recommended","public_notes":"Kinney Creek is shown as a named-water occurrence within watershed-level cutthroat lineage context. This is not a precise biological boundary."}},{"type":"Feature","geometry":{"type":"LineString","coordinates":[[-106.1057,40.1573],[-106.1054,40.1572]]},"properties":{"source_id":"co_named_stream_075813","name":"Kinney Creek","display_name":"Kinney Creek","mapped_name":"Kinney Creek","source_name":"Kinney Creek","state":"CO","atlas_class":"named_natural_stream","huc8":"14010001","huc8Name":"Colorado Headwaters","huc8States":"CO","lineageKey":"coloradoRiver","lineage":"coloradoRiver","historic":"coloradoRiver","current":"coloradoRiver","recovery":"recoveryWatch","lineageLabel":"Colorado River green lineage","lineageBasin":"Colorado Headwaters","lineageNote":"Upper Colorado green-lineage context","atlas_context":"cutthroat_lineage_context","confidence":"Watershed-level lineage context; expert review recommended","geometryStatus":"Named natural stream segment from statewide hydrography","note":"This named natural stream falls within a HUC8 assigned to a cutthroat lineage context.","source_segment_id":"co_named_stream_075813","water_id":"co_kinney_creek_14010001_coloradoRiver_003","occurrence_id":"co_kinney_creek_14010001_coloradoRiver_003","occurrence_number":"003","segment_count":50,"disambiguator":"Colorado Headwaters · Colorado River green lineage · occurrence 003","basin":"Colorado Headwaters","atlas_layer":"named_water_occurrence","object_role":"named_water_occurrence","historic_label":"Colorado River green lineage","current_label":"Colorado River green lineage","recovery_label":"Recovery watch / review area","tier":"tier2","minZoom":12,"confidence_public":"Watershed-level lineage context; expert review recommended","geometry_status_public":"Named natural stream occurrence from statewide hydrography","geometry_source_public":"Grouped public hydrography segments","trout_source_public":"Compiled public recovery and lineage context; expert review recommended","public_notes":"Kinney Creek is shown as a named-water occurrence within watershed-level cutthroat lineage context. This is not a precise biological boundary."}},{"type":"Feature","geometry":{"type":"LineString","coordinates":[[-106.1012,40.1509],[-106.1,40.1498]]},"properties":{"source_id":"co_named_stream_075814","name":"Kinney Creek","display_name":"Kinney Creek","mapped_name":"Kinney Creek","source_name":"Kinney Creek","state":"CO","atlas_class":"named_natural_stream","huc8":"14010001","huc8Name":"Colorado Headwaters","huc8States":"CO","lineageKey":"coloradoRiver","lineage":"coloradoRiver","historic":"coloradoRiver","current":"coloradoRiver","recovery":"recoveryWatch","lineageLabel":"Colorado River green lineage","lineageBasin":"Colorado Headwaters","lineageNote":"Upper Colorado green-lineage context","atlas_context":"cutthroat_lineage_context","confidence":"Watershed-level lineage context; expert review recommended","geometryStatus":"Named natural stream segment from statewide hydrography","note":"This named natural stream falls within a HUC8 assigned to a cutthroat lineage context.","source_segment_id":"co_named_stream_075814","water_id":"co_kinney_creek_14010001_coloradoRiver_003","occurrence_id":"co_kinney_creek_14010001_coloradoRiver_003","occurrence_number":"003","segment_count":50,"disambiguator":"Colorado Headwaters · Colorado River green lineage · occurrence 003","basin":"Colorado Headwaters","atlas_layer":"named_water_occurrence","object_role":"named_water_occurrence","historic_label":"Colorado River green lineage","current_label":"Colorado River green lineage","recovery_label":"Recovery watch / review area","tier":"tier2","minZoom":12,"confidence_public":"Watershed-level lineage context; expert review recommended","geometry_status_public":"Named natural stream occurrence from statewide hydrography","geometry_source_public":"Grouped public hydrography segments","trout_source_public":"Compiled public recovery and lineage context; expert review recommended","public_notes":"Kinney Creek is shown as a named-water occurrence within watershed-level cutthroat lineage context. This is not a precise biological boundary."}},{"type":"Feature","geometry":{"type":"LineString","coordinates":[[-106.1158,40.1627],[-106.1128,40.1619]]},"properties":{"source_id":"co_named_stream_075815","name":"Kinney Creek","display_name":"Kinney Creek","mapped_name":"Kinney Creek","source_name":"Kinney Creek","state":"CO","atlas_class":"named_natural_stream","huc8":"14010001","huc8Name":"Colorado Headwaters","huc8States":"CO","lineageKey":"coloradoRiver","lineage":"coloradoRiver","historic":"coloradoRiver","current":"coloradoRiver","recovery":"recoveryWatch","lineageLabel":"Colorado River green lineage","lineageBasin":"Colorado Headwaters","lineageNote":"Upper Colorado green-lineage context","atlas_context":"cutthroat_lineage_context","confidence":"Watershed-level lineage context; expert review recommended","geometryStatus":"Named natural stream segment from statewide hydrography","note":"This named natural stream falls within a HUC8 assigned to a cutthroat lineage context.","source_segment_id":"co_named_stream_075815","water_id":"co_kinney_creek_14010001_coloradoRiver_003","occurrence_id":"co_kinney_creek_14010001_coloradoRiver_003","occurrence_number":"003","segment_count":50,"disambiguator":"Colorado Headwaters · Colorado River green lineage · occurrence 003","basin":"Colorado Headwaters","atlas_layer":"named_water_occurrence","object_role":"named_water_occurrence","historic_label":"Colorado River green lineage","current_label":"Colorado River green lineage","recovery_label":"Recovery watch / review area","tier":"tier2","minZoom":12,"confidence_public":"Watershed-level lineage context; expert review recommended","geometry_status_public":"Named natural stream occurrence from statewide hydrography","geometry_source_public":"Grouped public hydrography segments","trout_source_public":"Compiled public recovery and lineage context; expert review recommended","public_notes":"Kinney Creek is shown as a named-water occurrence within watershed-level cutthroat lineage context. This is not a precise biological boundary."}},{"type":"Feature","geometry":{"type":"LineString","coordinates":[[-106.1128,40.1619],[-106.1097,40.161]]},"properties":{"source_id":"co_named_stream_075816","name":"Kinney Creek","display_name":"Kinney Creek","mapped_name":"Kinney Creek","source_name":"Kinney Creek","state":"CO","atlas_class":"named_natural_stream","huc8":"14010001","huc8Name":"Colorado Headwaters","huc8States":"CO","lineageKey":"coloradoRiver","lineage":"coloradoRiver","historic":"coloradoRiver","current":"coloradoRiver","recovery":"recoveryWatch","lineageLabel":"Colorado River green lineage","lineageBasin":"Colorado Headwaters","lineageNote":"Upper Colorado green-lineage context","atlas_context":"cutthroat_lineage_context","confidence":"Watershed-level lineage context; expert review recommended","geometryStatus":"Named natural stream segment from statewide hydrography","note":"This named natural stream falls within a HUC8 assigned to a cutthroat lineage context.","source_segment_id":"co_named_stream_075816","water_id":"co_kinney_creek_14010001_coloradoRiver_003","occurrence_id":"co_kinney_creek_14010001_coloradoRiver_003","occurrence_number":"003","segment_count":50,"disambiguator":"Colorado Headwaters · Colorado River green lineage · occurrence 003","basin":"Colorado Headwaters","atlas_layer":"named_water_occurrence","object_role":"named_water_occurrence","historic_label":"Colorado River green lineage","current_label":"Colorado River green lineage","recovery_label":"Recovery watch / review area","tier":"tier2","minZoom":12,"confidence_public":"Watershed-level lineage context; expert review recommended","geometry_status_public":"Named natural stream occurrence from statewide hydrography","geometry_source_public":"Grouped public hydrography segments","trout_source_public":"Compiled public recovery and lineage context; expert review recommended","public_notes":"Kinney Creek is shown as a named-water occurrence within watershed-level cutthroat lineage context. This is not a precise biological boundary."}},{"type":"Feature","geometry":{"type":"LineString","coordinates":[[-106.1019,40.1515],[-106.1012,40.1509]]},"properties":{"source_id":"co_named_stream_075817","name":"Kinney Creek","display_name":"Kinney Creek","mapped_name":"Kinney Creek","source_name":"Kinney Creek","state":"CO","atlas_class":"named_natural_stream","huc8":"14010001","huc8Name":"Colorado Headwaters","huc8States":"CO","lineageKey":"coloradoRiver","lineage":"coloradoRiver","historic":"coloradoRiver","current":"coloradoRiver","recovery":"recoveryWatch","lineageLabel":"Colorado River green lineage","lineageBasin":"Colorado Headwaters","lineageNote":"Upper Colorado green-lineage context","atlas_context":"cutthroat_lineage_context","confidence":"Watershed-level lineage context; expert review recommended","geometryStatus":"Named natural stream segment from statewide hydrography","note":"This named natural stream falls within a HUC8 assigned to a cutthroat lineage context.","source_segment_id":"co_named_stream_075817","water_id":"co_kinney_creek_14010001_coloradoRiver_003","occurrence_id":"co_kinney_creek_14010001_coloradoRiver_003","occurrence_number":"003","segment_count":50,"disambiguator":"Colorado Headwaters · Colorado River green lineage · occurrence 003","basin":"Colorado Headwaters","atlas_layer":"named_water_occurrence","object_role":"named_water_occurrence","historic_label":"Colorado River green lineage","current_label":"Colorado River green lineage","recovery_label":"Recovery watch / review area","tier":"tier2","minZoom":12,"confidence_public":"Watershed-level lineage context; expert review recommended","geometry_status_public":"Named natural stream occurrence from statewide hydrography","geometry_source_public":"Grouped public hydrography segments","trout_source_public":"Compiled public recovery and lineage context; expert review recommended","public_notes":"Kinney Creek is shown as a named-water occurrence within watershed-level cutthroat lineage context. This is not a precise biological boundary."}},{"type":"Feature","geometry":{"type":"LineString","coordinates":[[-106.0939,40.1361],[-106.0933,40.1345]]},"properties":{"source_id":"co_named_stream_078025","name":"Kinney Creek","display_name":"Kinney Creek","mapped_name":"Kinney Creek","source_name":"Kinney Creek","state":"CO","atlas_class":"named_natural_stream","huc8":"14010001","huc8Name":"Colorado Headwaters","huc8States":"CO","lineageKey":"coloradoRiver","lineage":"coloradoRiver","historic":"coloradoRiver","current":"coloradoRiver","recovery":"recoveryWatch","lineageLabel":"Colorado River green lineage","lineageBasin":"Colorado Headwaters","lineageNote":"Upper Colorado green-lineage context","atlas_context":"cutthroat_lineage_context","confidence":"Watershed-level lineage context; expert review recommended","geometryStatus":"Named natural stream segment from statewide hydrography","note":"This named natural stream falls within a HUC8 assigned to a cutthroat lineage context.","source_segment_id":"co_named_stream_078025","water_id":"co_kinney_creek_14010001_coloradoRiver_003","occurrence_id":"co_kinney_creek_14010001_coloradoRiver_003","occurrence_number":"003","segment_count":50,"disambiguator":"Colorado Headwaters · Colorado River green lineage · occurrence 003","basin":"Colorado Headwaters","atlas_layer":"named_water_occurrence","object_role":"named_water_occurrence","historic_label":"Colorado River green lineage","current_label":"Colorado River green lineage","recovery_label":"Recovery watch / review area","tier":"tier2","minZoom":12,"confidence_public":"Watershed-level lineage context; expert review recommended","geometry_status_public":"Named natural stream occurrence from statewide hydrography","geometry_source_public":"Grouped public hydrography segments","trout_source_public":"Compiled public recovery and lineage context; expert review recommended","public_notes":"Kinney Creek is shown as a named-water occurrence within watershed-level cutthroat lineage context. This is not a precise biological boundary."}},{"type":"Feature","geometry":{"type":"LineString","coordinates":[[-106.0907,40.1304],[-106.0893,40.1285]]},"properties":{"source_id":"co_named_stream_078028","name":"Kinney Creek","display_name":"Kinney Creek","mapped_name":"Kinney Creek","source_name":"Kinney Creek","state":"CO","atlas_class":"named_natural_stream","huc8":"14010001","huc8Name":"Colorado Headwaters","huc8States":"CO","lineageKey":"coloradoRiver","lineage":"coloradoRiver","historic":"coloradoRiver","current":"coloradoRiver","recovery":"recoveryWatch","lineageLabel":"Colorado River green lineage","lineageBasin":"Colorado Headwaters","lineageNote":"Upper Colorado green-lineage context","atlas_context":"cutthroat_lineage_context","confidence":"Watershed-level lineage context; expert review recommended","geometryStatus":"Named natural stream segment from statewide hydrography","note":"This named natural stream falls within a HUC8 assigned to a cutthroat lineage context.","source_segment_id":"co_named_stream_078028","water_id":"co_kinney_creek_14010001_coloradoRiver_003","occurrence_id":"co_kinney_creek_14010001_coloradoRiver_003","occurrence_number":"003","segment_count":50,"disambiguator":"Colorado Headwaters · Colorado River green lineage · occurrence 003","basin":"Colorado Headwaters","atlas_layer":"named_water_occurrence","object_role":"named_water_occurrence","historic_label":"Colorado River green lineage","current_label":"Colorado River green lineage","recovery_label":"Recovery watch / review area","tier":"tier2","minZoom":12,"confidence_public":"Watershed-level lineage context; expert review recommended","geometry_status_public":"Named natural stream occurrence from statewide hydrography","geometry_source_public":"Grouped public hydrography segments","trout_source_public":"Compiled public recovery and lineage context; expert review recommended","public_notes":"Kinney Creek is shown as a named-water occurrence within watershed-level cutthroat lineage context. This is not a precise biological boundary."}},{"type":"Feature","geometry":{"type":"LineString","coordinates":[[-106.0812,40.1173],[-106.0807,40.1169]]},"properties":{"source_id":"co_named_stream_078032","name":"Kinney Creek","display_name":"Kinney Creek","mapped_name":"Kinney Creek","source_name":"Kinney Creek","state":"CO","atlas_class":"named_natural_stream","huc8":"14010001","huc8Name":"Colorado Headwaters","huc8States":"CO","lineageKey":"coloradoRiver","lineage":"coloradoRiver","historic":"coloradoRiver","current":"coloradoRiver","recovery":"recoveryWatch","lineageLabel":"Colorado River green lineage","lineageBasin":"Colorado Headwaters","lineageNote":"Upper Colorado green-lineage context","atlas_context":"cutthroat_lineage_context","confidence":"Watershed-level lineage context; expert review recommended","geometryStatus":"Named natural stream segment from statewide hydrography","note":"This named natural stream falls within a HUC8 assigned to a cutthroat lineage context.","source_segment_id":"co_named_stream_078032","water_id":"co_kinney_creek_14010001_coloradoRiver_003","occurrence_id":"co_kinney_creek_14010001_coloradoRiver_003","occurrence_number":"003","segment_count":50,"disambiguator":"Colorado Headwaters · Colorado River green lineage · occurrence 003","basin":"Colorado Headwaters","atlas_layer":"named_water_occurrence","object_role":"named_water_occurrence","historic_label":"Colorado River green lineage","current_label":"Colorado River green lineage","recovery_label":"Recovery watch / review area","tier":"tier2","minZoom":12,"confidence_public":"Watershed-level lineage context; expert review recommended","geometry_status_public":"Named natural stream occurrence from statewide hydrography","geometry_source_public":"Grouped public hydrography segments","trout_source_public":"Compiled public recovery and lineage context; expert review recommended","public_notes":"Kinney Creek is shown as a named-water occurrence within watershed-level cutthroat lineage context. This is not a precise biological boundary."}},{"type":"Feature","geometry":{"type":"LineString","coordinates":[[-106.0807,40.1169],[-106.0799,40.1149]]},"properties":{"source_id":"co_named_stream_078059","name":"Kinney Creek","display_name":"Kinney Creek","mapped_name":"Kinney Creek","source_name":"Kinney Creek","state":"CO","atlas_class":"named_natural_stream","huc8":"14010001","huc8Name":"Colorado Headwaters","huc8States":"CO","lineageKey":"coloradoRiver","lineage":"coloradoRiver","historic":"coloradoRiver","current":"coloradoRiver","recovery":"recoveryWatch","lineageLabel":"Colorado River green lineage","lineageBasin":"Colorado Headwaters","lineageNote":"Upper Colorado green-lineage context","atlas_context":"cutthroat_lineage_context","confidence":"Watershed-level lineage context; expert review recommended","geometryStatus":"Named natural stream segment from statewide hydrography","note":"This named natural stream falls within a HUC8 assigned to a cutthroat lineage context.","source_segment_id":"co_named_stream_078059","water_id":"co_kinney_creek_14010001_coloradoRiver_003","occurrence_id":"co_kinney_creek_14010001_coloradoRiver_003","occurrence_number":"003","segment_count":50,"disambiguator":"Colorado Headwaters · Colorado River green lineage · occurrence 003","basin":"Colorado Headwaters","atlas_layer":"named_water_occurrence","object_role":"named_water_occurrence","historic_label":"Colorado River green lineage","current_label":"Colorado River green lineage","recovery_label":"Recovery watch / review area","tier":"tier2","minZoom":12,"confidence_public":"Watershed-level lineage context; expert review recommended","geometry_status_public":"Named natural stream occurrence from statewide hydrography","geometry_source_public":"Grouped public hydrography segments","trout_source_public":"Compiled public recovery and lineage context; expert review recommended","public_notes":"Kinney Creek is shown as a named-water occurrence within watershed-level cutthroat lineage context. This is not a precise biological boundary."}},{"type":"Feature","geometry":{"type":"LineString","coordinates":[[-106.0892,40.1265],[-106.0865,40.1234]]},"properties":{"source_id":"co_named_stream_078060","name":"Kinney Creek","display_name":"Kinney Creek","mapped_name":"Kinney Creek","source_name":"Kinney Creek","state":"CO","atlas_class":"named_natural_stream","huc8":"14010001","huc8Name":"Colorado Headwaters","huc8States":"CO","lineageKey":"coloradoRiver","lineage":"coloradoRiver","historic":"coloradoRiver","current":"coloradoRiver","recovery":"recoveryWatch","lineageLabel":"Colorado River green lineage","lineageBasin":"Colorado Headwaters","lineageNote":"Upper Colorado green-lineage context","atlas_context":"cutthroat_lineage_context","confidence":"Watershed-level lineage context; expert review recommended","geometryStatus":"Named natural stream segment from statewide hydrography","note":"This named natural stream falls within a HUC8 assigned to a cutthroat lineage context.","source_segment_id":"co_named_stream_078060","water_id":"co_kinney_creek_14010001_coloradoRiver_003","occurrence_id":"co_kinney_creek_14010001_coloradoRiver_003","occurrence_number":"003","segment_count":50,"disambiguator":"Colorado Headwaters · Colorado River green lineage · occurrence 003","basin":"Colorado Headwaters","atlas_layer":"named_water_occurrence","object_role":"named_water_occurrence","historic_label":"Colorado River green lineage","current_label":"Colorado River green lineage","recovery_label":"Recovery watch / review area","tier":"tier2","minZoom":12,"confidence_public":"Watershed-level lineage context; expert review recommended","geometry_status_public":"Named natural stream occurrence from statewide hydrography","geometry_source_public":"Grouped public hydrography segments","trout_source_public":"Compiled public recovery and lineage context; expert review recommended","public_notes":"Kinney Creek is shown as a named-water occurrence within watershed-level cutthroat lineage context. This is not a precise biological boundary."}},{"type":"Feature","geometry":{"type":"LineString","coordinates":[[-106.0965,40.1439],[-106.0965,40.1427]]},"properties":{"source_id":"co_named_stream_078061","name":"Kinney Creek","display_name":"Kinney Creek","mapped_name":"Kinney Creek","source_name":"Kinney Creek","state":"CO","atlas_class":"named_natural_stream","huc8":"14010001","huc8Name":"Colorado Headwaters","huc8States":"CO","lineageKey":"coloradoRiver","lineage":"coloradoRiver","historic":"coloradoRiver","current":"coloradoRiver","recovery":"recoveryWatch","lineageLabel":"Colorado River green lineage","lineageBasin":"Colorado Headwaters","lineageNote":"Upper Colorado green-lineage context","atlas_context":"cutthroat_lineage_context","confidence":"Watershed-level lineage context; expert review recommended","geometryStatus":"Named natural stream segment from statewide hydrography","note":"This named natural stream falls within a HUC8 assigned to a cutthroat lineage context.","source_segment_id":"co_named_stream_078061","water_id":"co_kinney_creek_14010001_coloradoRiver_003","occurrence_id":"co_kinney_creek_14010001_coloradoRiver_003","occurrence_number":"003","segment_count":50,"disambiguator":"Colorado Headwaters · Colorado River green lineage · occurrence 003","basin":"Colorado Headwaters","atlas_layer":"named_water_occurrence","object_role":"named_water_occurrence","historic_label":"Colorado River green lineage","current_label":"Colorado River green lineage","recovery_label":"Recovery watch / review area","tier":"tier2","minZoom":12,"confidence_public":"Watershed-level lineage context; expert review recommended","geometry_status_public":"Named natural stream occurrence from statewide hydrography","geometry_source_public":"Grouped public hydrography segments","trout_source_public":"Compiled public recovery and lineage context; expert review recommended","public_notes":"Kinney Creek is shown as a named-water occurrence within watershed-level cutthroat lineage context. This is not a precise biological boundary."}},{"type":"Feature","geometry":{"type":"LineString","coordinates":[[-106.0933,40.1345],[-106.0929,40.1336]]},"properties":{"source_id":"co_named_stream_078062","name":"Kinney Creek","display_name":"Kinney Creek","mapped_name":"Kinney Creek","source_name":"Kinney Creek","state":"CO","atlas_class":"named_natural_stream","huc8":"14010001","huc8Name":"Colorado Headwaters","huc8States":"CO","lineageKey":"coloradoRiver","lineage":"coloradoRiver","historic":"coloradoRiver","current":"coloradoRiver","recovery":"recoveryWatch","lineageLabel":"Colorado River green lineage","lineageBasin":"Colorado Headwaters","lineageNote":"Upper Colorado green-lineage context","atlas_context":"cutthroat_lineage_context","confidence":"Watershed-level lineage context; expert review recommended","geometryStatus":"Named natural stream segment from statewide hydrography","note":"This named natural stream falls within a HUC8 assigned to a cutthroat lineage context.","source_segment_id":"co_named_stream_078062","water_id":"co_kinney_creek_14010001_coloradoRiver_003","occurrence_id":"co_kinney_creek_14010001_coloradoRiver_003","occurrence_number":"003","segment_count":50,"disambiguator":"Colorado Headwaters · Colorado River green lineage · occurrence 003","basin":"Colorado Headwaters","atlas_layer":"named_water_occurrence","object_role":"named_water_occurrence","historic_label":"Colorado River green lineage","current_label":"Colorado River green lineage","recovery_label":"Recovery watch / review area","tier":"tier2","minZoom":12,"confidence_public":"Watershed-level lineage context; expert review recommended","geometry_status_public":"Named natural stream occurrence from statewide hydrography","geometry_source_public":"Grouped public hydrography segments","trout_source_public":"Compiled public recovery and lineage context; expert review recommended","public_notes":"Kinney Creek is shown as a named-water occurrence within watershed-level cutthroat lineage context. This is not a precise biological boundary."}},{"type":"Feature","geometry":{"type":"LineString","coordinates":[[-106.0983,40.1483],[-106.0975,40.1476]]},"properties":{"source_id":"co_named_stream_078065","name":"Kinney Creek","display_name":"Kinney Creek","mapped_name":"Kinney Creek","source_name":"Kinney Creek","state":"CO","atlas_class":"named_natural_stream","huc8":"14010001","huc8Name":"Colorado Headwaters","huc8States":"CO","lineageKey":"coloradoRiver","lineage":"coloradoRiver","historic":"coloradoRiver","current":"coloradoRiver","recovery":"recoveryWatch","lineageLabel":"Colorado River green lineage","lineageBasin":"Colorado Headwaters","lineageNote":"Upper Colorado green-lineage context","atlas_context":"cutthroat_lineage_context","confidence":"Watershed-level lineage context; expert review recommended","geometryStatus":"Named natural stream segment from statewide hydrography","note":"This named natural stream falls within a HUC8 assigned to a cutthroat lineage context.","source_segment_id":"co_named_stream_078065","water_id":"co_kinney_creek_14010001_coloradoRiver_003","occurrence_id":"co_kinney_creek_14010001_coloradoRiver_003","occurrence_number":"003","segment_count":50,"disambiguator":"Colorado Headwaters · Colorado River green lineage · occurrence 003","basin":"Colorado Headwaters","atlas_layer":"named_water_occurrence","object_role":"named_water_occurrence","historic_label":"Colorado River green lineage","current_label":"Colorado River green lineage","recovery_label":"Recovery watch / review area","tier":"tier2","minZoom":12,"confidence_public":"Watershed-level lineage context; expert review recommended","geometry_status_public":"Named natural stream occurrence from statewide hydrography","geometry_source_public":"Grouped public hydrography segments","trout_source_public":"Compiled public recovery and lineage context; expert review recommended","public_notes":"Kinney Creek is shown as a named-water occurrence within watershed-level cutthroat lineage context. This is not a precise biological boundary."}},{"type":"Feature","geometry":{"type":"LineString","coordinates":[[-106.0975,40.1476],[-106.0973,40.1469]]},"properties":{"source_id":"co_named_stream_078066","name":"Kinney Creek","display_name":"Kinney Creek","mapped_name":"Kinney Creek","source_name":"Kinney Creek","state":"CO","atlas_class":"named_natural_stream","huc8":"14010001","huc8Name":"Colorado Headwaters","huc8States":"CO","lineageKey":"coloradoRiver","lineage":"coloradoRiver","historic":"coloradoRiver","current":"coloradoRiver","recovery":"recoveryWatch","lineageLabel":"Colorado River green lineage","lineageBasin":"Colorado Headwaters","lineageNote":"Upper Colorado green-lineage context","atlas_context":"cutthroat_lineage_context","confidence":"Watershed-level lineage context; expert review recommended","geometryStatus":"Named natural stream segment from statewide hydrography","note":"This named natural stream falls within a HUC8 assigned to a cutthroat lineage context.","source_segment_id":"co_named_stream_078066","water_id":"co_kinney_creek_14010001_coloradoRiver_003","occurrence_id":"co_kinney_creek_14010001_coloradoRiver_003","occurrence_number":"003","segment_count":50,"disambiguator":"Colorado Headwaters · Colorado River green lineage · occurrence 003","basin":"Colorado Headwaters","atlas_layer":"named_water_occurrence","object_role":"named_water_occurrence","historic_label":"Colorado River green lineage","current_label":"Colorado River green lineage","recovery_label":"Recovery watch / review area","tier":"tier2","minZoom":12,"confidence_public":"Watershed-level lineage context; expert review recommended","geometry_status_public":"Named natural stream occurrence from statewide hydrography","geometry_source_public":"Grouped public hydrography segments","trout_source_public":"Compiled public recovery and lineage context; expert review recommended","public_notes":"Kinney Creek is shown as a named-water occurrence within watershed-level cutthroat lineage context. This is not a precise biological boundary."}},{"type":"Feature","geometry":{"type":"LineString","coordinates":[[-106.097,40.1465],[-106.0969,40.1461]]},"properties":{"source_id":"co_named_stream_078067","name":"Kinney Creek","display_name":"Kinney Creek","mapped_name":"Kinney Creek","source_name":"Kinney Creek","state":"CO","atlas_class":"named_natural_stream","huc8":"14010001","huc8Name":"Colorado Headwaters","huc8States":"CO","lineageKey":"coloradoRiver","lineage":"coloradoRiver","historic":"coloradoRiver","current":"coloradoRiver","recovery":"recoveryWatch","lineageLabel":"Colorado River green lineage","lineageBasin":"Colorado Headwaters","lineageNote":"Upper Colorado green-lineage context","atlas_context":"cutthroat_lineage_context","confidence":"Watershed-level lineage context; expert review recommended","geometryStatus":"Named natural stream segment from statewide hydrography","note":"This named natural stream falls within a HUC8 assigned to a cutthroat lineage context.","source_segment_id":"co_named_stream_078067","water_id":"co_kinney_creek_14010001_coloradoRiver_003","occurrence_id":"co_kinney_creek_14010001_coloradoRiver_003","occurrence_number":"003","segment_count":50,"disambiguator":"Colorado Headwaters · Colorado River green lineage · occurrence 003","basin":"Colorado Headwaters","atlas_layer":"named_water_occurrence","object_role":"named_water_occurrence","historic_label":"Colorado River green lineage","current_label":"Colorado River green lineage","recovery_label":"Recovery watch / review area","tier":"tier2","minZoom":12,"confidence_public":"Watershed-level lineage context; expert review recommended","geometry_status_public":"Named natural stream occurrence from statewide hydrography","geometry_source_public":"Grouped public hydrography segments","trout_source_public":"Compiled public recovery and lineage context; expert review recommended","public_notes":"Kinney Creek is shown as a named-water occurrence within watershed-level cutthroat lineage context. This is not a precise biological boundary."}},{"type":"Feature","geometry":{"type":"LineString","coordinates":[[-106.096,40.1411],[-106.0958,40.1404]]},"properties":{"source_id":"co_named_stream_078068","name":"Kinney Creek","display_name":"Kinney Creek","mapped_name":"Kinney Creek","source_name":"Kinney Creek","state":"CO","atlas_class":"named_natural_stream","huc8":"14010001","huc8Name":"Colorado Headwaters","huc8States":"CO","lineageKey":"coloradoRiver","lineage":"coloradoRiver","historic":"coloradoRiver","current":"coloradoRiver","recovery":"recoveryWatch","lineageLabel":"Colorado River green lineage","lineageBasin":"Colorado Headwaters","lineageNote":"Upper Colorado green-lineage context","atlas_context":"cutthroat_lineage_context","confidence":"Watershed-level lineage context; expert review recommended","geometryStatus":"Named natural stream segment from statewide hydrography","note":"This named natural stream falls within a HUC8 assigned to a cutthroat lineage context.","source_segment_id":"co_named_stream_078068","water_id":"co_kinney_creek_14010001_coloradoRiver_003","occurrence_id":"co_kinney_creek_14010001_coloradoRiver_003","occurrence_number":"003","segment_count":50,"disambiguator":"Colorado Headwaters · Colorado River green lineage · occurrence 003","basin":"Colorado Headwaters","atlas_layer":"named_water_occurrence","object_role":"named_water_occurrence","historic_label":"Colorado River green lineage","current_label":"Colorado River green lineage","recovery_label":"Recovery watch / review area","tier":"tier2","minZoom":12,"confidence_public":"Watershed-level lineage context; expert review recommended","geometry_status_public":"Named natural stream occurrence from statewide hydrography","geometry_source_public":"Grouped public hydrography segments","trout_source_public":"Compiled public recovery and lineage context; expert review recommended","public_notes":"Kinney Creek is shown as a named-water occurrence within watershed-level cutthroat lineage context. This is not a precise biological boundary."}},{"type":"Feature","geometry":{"type":"LineString","coordinates":[[-106.0958,40.1404],[-106.0959,40.1395]]},"properties":{"source_id":"co_named_stream_078069","name":"Kinney Creek","display_name":"Kinney Creek","mapped_name":"Kinney Creek","source_name":"Kinney Creek","state":"CO","atlas_class":"named_natural_stream","huc8":"14010001","huc8Name":"Colorado Headwaters","huc8States":"CO","lineageKey":"coloradoRiver","lineage":"coloradoRiver","historic":"coloradoRiver","current":"coloradoRiver","recovery":"recoveryWatch","lineageLabel":"Colorado River green lineage","lineageBasin":"Colorado Headwaters","lineageNote":"Upper Colorado green-lineage context","atlas_context":"cutthroat_lineage_context","confidence":"Watershed-level lineage context; expert review recommended","geometryStatus":"Named natural stream segment from statewide hydrography","note":"This named natural stream falls within a HUC8 assigned to a cutthroat lineage context.","source_segment_id":"co_named_stream_078069","water_id":"co_kinney_creek_14010001_coloradoRiver_003","occurrence_id":"co_kinney_creek_14010001_coloradoRiver_003","occurrence_number":"003","segment_count":50,"disambiguator":"Colorado Headwaters · Colorado River green lineage · occurrence 003","basin":"Colorado Headwaters","atlas_layer":"named_water_occurrence","object_role":"named_water_occurrence","historic_label":"Colorado River green lineage","current_label":"Colorado River green lineage","recovery_label":"Recovery watch / review area","tier":"tier2","minZoom":12,"confidence_public":"Watershed-level lineage context; expert review recommended","geometry_status_public":"Named natural stream occurrence from statewide hydrography","geometry_source_public":"Grouped public hydrography segments","trout_source_public":"Compiled public recovery and lineage context; expert review recommended","public_notes":"Kinney Creek is shown as a named-water occurrence within watershed-level cutthroat lineage context. This is not a precise biological boundary."}},{"type":"Feature","geometry":{"type":"LineString","coordinates":[[-106.094,40.1371],[-106.094,40.137]]},"properties":{"source_id":"co_named_stream_078070","name":"Kinney Creek","display_name":"Kinney Creek","mapped_name":"Kinney Creek","source_name":"Kinney Creek","state":"CO","atlas_class":"named_natural_stream","huc8":"14010001","huc8Name":"Colorado Headwaters","huc8States":"CO","lineageKey":"coloradoRiver","lineage":"coloradoRiver","historic":"coloradoRiver","current":"coloradoRiver","recovery":"recoveryWatch","lineageLabel":"Colorado River green lineage","lineageBasin":"Colorado Headwaters","lineageNote":"Upper Colorado green-lineage context","atlas_context":"cutthroat_lineage_context","confidence":"Watershed-level lineage context; expert review recommended","geometryStatus":"Named natural stream segment from statewide hydrography","note":"This named natural stream falls within a HUC8 assigned to a cutthroat lineage context.","source_segment_id":"co_named_stream_078070","water_id":"co_kinney_creek_14010001_coloradoRiver_003","occurrence_id":"co_kinney_creek_14010001_coloradoRiver_003","occurrence_number":"003","segment_count":50,"disambiguator":"Colorado Headwaters · Colorado River green lineage · occurrence 003","basin":"Colorado Headwaters","atlas_layer":"named_water_occurrence","object_role":"named_water_occurrence","historic_label":"Colorado River green lineage","current_label":"Colorado River green lineage","recovery_label":"Recovery watch / review area","tier":"tier2","minZoom":12,"confidence_public":"Watershed-level lineage context; expert review recommended","geometry_status_public":"Named natural stream occurrence from statewide hydrography","geometry_source_public":"Grouped public hydrography segments","trout_source_public":"Compiled public recovery and lineage context; expert review recommended","public_notes":"Kinney Creek is shown as a named-water occurrence within watershed-level cutthroat lineage context. This is not a precise biological boundary."}},{"type":"Feature","geometry":{"type":"LineString","coordinates":[[-106.094,40.137],[-106.0939,40.1361]]},"properties":{"source_id":"co_named_stream_078071","name":"Kinney Creek","display_name":"Kinney Creek","mapped_name":"Kinney Creek","source_name":"Kinney Creek","state":"CO","atlas_class":"named_natural_stream","huc8":"14010001","huc8Name":"Colorado Headwaters","huc8States":"CO","lineageKey":"coloradoRiver","lineage":"coloradoRiver","historic":"coloradoRiver","current":"coloradoRiver","recovery":"recoveryWatch","lineageLabel":"Colorado River green lineage","lineageBasin":"Colorado Headwaters","lineageNote":"Upper Colorado green-lineage context","atlas_context":"cutthroat_lineage_context","confidence":"Watershed-level lineage context; expert review recommended","geometryStatus":"Named natural stream segment from statewide hydrography","note":"This named natural stream falls within a HUC8 assigned to a cutthroat lineage context.","source_segment_id":"co_named_stream_078071","water_id":"co_kinney_creek_14010001_coloradoRiver_003","occurrence_id":"co_kinney_creek_14010001_coloradoRiver_003","occurrence_number":"003","segment_count":50,"disambiguator":"Colorado Headwaters · Colorado River green lineage · occurrence 003","basin":"Colorado Headwaters","atlas_layer":"named_water_occurrence","object_role":"named_water_occurrence","historic_label":"Colorado River green lineage","current_label":"Colorado River green lineage","recovery_label":"Recovery watch / review area","tier":"tier2","minZoom":12,"confidence_public":"Watershed-level lineage context; expert review recommended","geometry_status_public":"Named natural stream occurrence from statewide hydrography","geometry_source_public":"Grouped public hydrography segments","trout_source_public":"Compiled public recovery and lineage context; expert review recommended","public_notes":"Kinney Creek is shown as a named-water occurrence within watershed-level cutthroat lineage context. This is not a precise biological boundary."}},{"type":"Feature","geometry":{"type":"LineString","coordinates":[[-106.0909,40.1309],[-106.0907,40.1304]]},"properties":{"source_id":"co_named_stream_078072","name":"Kinney Creek","display_name":"Kinney Creek","mapped_name":"Kinney Creek","source_name":"Kinney Creek","state":"CO","atlas_class":"named_natural_stream","huc8":"14010001","huc8Name":"Colorado Headwaters","huc8States":"CO","lineageKey":"coloradoRiver","lineage":"coloradoRiver","historic":"coloradoRiver","current":"coloradoRiver","recovery":"recoveryWatch","lineageLabel":"Colorado River green lineage","lineageBasin":"Colorado Headwaters","lineageNote":"Upper Colorado green-lineage context","atlas_context":"cutthroat_lineage_context","confidence":"Watershed-level lineage context; expert review recommended","geometryStatus":"Named natural stream segment from statewide hydrography","note":"This named natural stream falls within a HUC8 assigned to a cutthroat lineage context.","source_segment_id":"co_named_stream_078072","water_id":"co_kinney_creek_14010001_coloradoRiver_003","occurrence_id":"co_kinney_creek_14010001_coloradoRiver_003","occurrence_number":"003","segment_count":50,"disambiguator":"Colorado Headwaters · Colorado River green lineage · occurrence 003","basin":"Colorado Headwaters","atlas_layer":"named_water_occurrence","object_role":"named_water_occurrence","historic_label":"Colorado River green lineage","current_label":"Colorado River green lineage","recovery_label":"Recovery watch / review area","tier":"tier2","minZoom":12,"confidence_public":"Watershed-level lineage context; expert review recommended","geometry_status_public":"Named natural stream occurrence from statewide hydrography","geometry_source_public":"Grouped public hydrography segments","trout_source_public":"Compiled public recovery and lineage context; expert review recommended","public_notes":"Kinney Creek is shown as a named-water occurrence within watershed-level cutthroat lineage context. This is not a precise biological boundary."}},{"type":"Feature","geometry":{"type":"LineString","coordinates":[[-106.0865,40.1234],[-106.0839,40.1219]]},"properties":{"source_id":"co_named_stream_078073","name":"Kinney Creek","display_name":"Kinney Creek","mapped_name":"Kinney Creek","source_name":"Kinney Creek","state":"CO","atlas_class":"named_natural_stream","huc8":"14010001","huc8Name":"Colorado Headwaters","huc8States":"CO","lineageKey":"coloradoRiver","lineage":"coloradoRiver","historic":"coloradoRiver","current":"coloradoRiver","recovery":"recoveryWatch","lineageLabel":"Colorado River green lineage","lineageBasin":"Colorado Headwaters","lineageNote":"Upper Colorado green-lineage context","atlas_context":"cutthroat_lineage_context","confidence":"Watershed-level lineage context; expert review recommended","geometryStatus":"Named natural stream segment from statewide hydrography","note":"This named natural stream falls within a HUC8 assigned to a cutthroat lineage context.","source_segment_id":"co_named_stream_078073","water_id":"co_kinney_creek_14010001_coloradoRiver_003","occurrence_id":"co_kinney_creek_14010001_coloradoRiver_003","occurrence_number":"003","segment_count":50,"disambiguator":"Colorado Headwaters · Colorado River green lineage · occurrence 003","basin":"Colorado Headwaters","atlas_layer":"named_water_occurrence","object_role":"named_water_occurrence","historic_label":"Colorado River green lineage","current_label":"Colorado River green lineage","recovery_label":"Recovery watch / review area","tier":"tier2","minZoom":12,"confidence_public":"Watershed-level lineage context; expert review recommended","geometry_status_public":"Named natural stream occurrence from statewide hydrography","geometry_source_public":"Grouped public hydrography segments","trout_source_public":"Compiled public recovery and lineage context; expert review recommended","public_notes":"Kinney Creek is shown as a named-water occurrence within watershed-level cutthroat lineage context. This is not a precise biological boundary."}},{"type":"Feature","geometry":{"type":"LineString","coordinates":[[-106.0448,40.1008],[-106.0436,40.1009]]},"properties":{"source_id":"co_named_stream_079184","name":"Kinney Creek","display_name":"Kinney Creek","mapped_name":"Kinney Creek","source_name":"Kinney Creek","state":"CO","atlas_class":"named_natural_stream","huc8":"14010001","huc8Name":"Colorado Headwaters","huc8States":"CO","lineageKey":"coloradoRiver","lineage":"coloradoRiver","historic":"coloradoRiver","current":"coloradoRiver","recovery":"recoveryWatch","lineageLabel":"Colorado River green lineage","lineageBasin":"Colorado Headwaters","lineageNote":"Upper Colorado green-lineage context","atlas_context":"cutthroat_lineage_context","confidence":"Watershed-level lineage context; expert review recommended","geometryStatus":"Named natural stream segment from statewide hydrography","note":"This named natural stream falls within a HUC8 assigned to a cutthroat lineage context.","source_segment_id":"co_named_stream_079184","water_id":"co_kinney_creek_14010001_coloradoRiver_003","occurrence_id":"co_kinney_creek_14010001_coloradoRiver_003","occurrence_number":"003","segment_count":50,"disambiguator":"Colorado Headwaters · Colorado River green lineage · occurrence 003","basin":"Colorado Headwaters","atlas_layer":"named_water_occurrence","object_role":"named_water_occurrence","historic_label":"Colorado River green lineage","current_label":"Colorado River green lineage","recovery_label":"Recovery watch / review area","tier":"tier2","minZoom":12,"confidence_public":"Watershed-level lineage context; expert review recommended","geometry_status_public":"Named natural stream occurrence from statewide hydrography","geometry_source_public":"Grouped public hydrography segments","trout_source_public":"Compiled public recovery and lineage context; expert review recommended","public_notes":"Kinney Creek is shown as a named-water occurrence within watershed-level cutthroat lineage context. This is not a precise biological boundary."}},{"type":"Feature","geometry":{"type":"LineString","coordinates":[[-106.0618,40.1011],[-106.0594,40.0998],[-106.0463,40.1009]]},"properties":{"source_id":"co_named_stream_079200","name":"Kinney Creek","display_name":"Kinney Creek","mapped_name":"Kinney Creek","source_name":"Kinney Creek","state":"CO","atlas_class":"named_natural_stream","huc8":"14010001","huc8Name":"Colorado Headwaters","huc8States":"CO","lineageKey":"coloradoRiver","lineage":"coloradoRiver","historic":"coloradoRiver","current":"coloradoRiver","recovery":"recoveryWatch","lineageLabel":"Colorado River green lineage","lineageBasin":"Colorado Headwaters","lineageNote":"Upper Colorado green-lineage context","atlas_context":"cutthroat_lineage_context","confidence":"Watershed-level lineage context; expert review recommended","geometryStatus":"Named natural stream segment from statewide hydrography","note":"This named natural stream falls within a HUC8 assigned to a cutthroat lineage context.","source_segment_id":"co_named_stream_079200","water_id":"co_kinney_creek_14010001_coloradoRiver_003","occurrence_id":"co_kinney_creek_14010001_coloradoRiver_003","occurrence_number":"003","segment_count":50,"disambiguator":"Colorado Headwaters · Colorado River green lineage · occurrence 003","basin":"Colorado Headwaters","atlas_layer":"named_water_occurrence","object_role":"named_water_occurrence","historic_label":"Colorado River green lineage","current_label":"Colorado River green lineage","recovery_label":"Recovery watch / review area","tier":"tier2","minZoom":12,"confidence_public":"Watershed-level lineage context; expert review recommended","geometry_status_public":"Named natural stream occurrence from statewide hydrography","geometry_source_public":"Grouped public hydrography segments","trout_source_public":"Compiled public recovery and lineage context; expert review recommended","public_notes":"Kinney Creek is shown as a named-water occurrence within watershed-level cutthroat lineage context. This is not a precise biological boundary."}},{"type":"Feature","geometry":{"type":"LineString","coordinates":[[-106.0392,40.0971],[-106.0383,40.0958]]},"properties":{"source_id":"co_named_stream_079202","name":"Kinney Creek","display_name":"Kinney Creek","mapped_name":"Kinney Creek","source_name":"Kinney Creek","state":"CO","atlas_class":"named_natural_stream","huc8":"14010001","huc8Name":"Colorado Headwaters","huc8States":"CO","lineageKey":"coloradoRiver","lineage":"coloradoRiver","historic":"coloradoRiver","current":"coloradoRiver","recovery":"recoveryWatch","lineageLabel":"Colorado River green lineage","lineageBasin":"Colorado Headwaters","lineageNote":"Upper Colorado green-lineage context","atlas_context":"cutthroat_lineage_context","confidence":"Watershed-level lineage context; expert review recommended","geometryStatus":"Named natural stream segment from statewide hydrography","note":"This named natural stream falls within a HUC8 assigned to a cutthroat lineage context.","source_segment_id":"co_named_stream_079202","water_id":"co_kinney_creek_14010001_coloradoRiver_003","occurrence_id":"co_kinney_creek_14010001_coloradoRiver_003","occurrence_number":"003","segment_count":50,"disambiguator":"Colorado Headwaters · Colorado River green lineage · occurrence 003","basin":"Colorado Headwaters","atlas_layer":"named_water_occurrence","object_role":"named_water_occurrence","historic_label":"Colorado River green lineage","current_label":"Colorado River green lineage","recovery_label":"Recovery watch / review area","tier":"tier2","minZoom":12,"confidence_public":"Watershed-level lineage context; expert review recommended","geometry_status_public":"Named natural stream occurrence from statewide hydrography","geometry_source_public":"Grouped public hydrography segments","trout_source_public":"Compiled public recovery and lineage context; expert review recommended","public_notes":"Kinney Creek is shown as a named-water occurrence within watershed-level cutthroat lineage context. This is not a precise biological boundary."}},{"type":"Feature","geometry":{"type":"LineString","coordinates":[[-106.1798,40],[-106.1798,40.0007]]},"properties":{"source_id":"co_named_stream_082102","name":"Williams Fork","display_name":"Williams Fork","mapped_name":"Williams Fork","source_name":"Williams Fork","state":"CO","atlas_class":"named_natural_stream","huc8":"14010001","huc8Name":"Colorado Headwaters","huc8States":"CO","lineageKey":"coloradoRiver","lineage":"coloradoRiver","historic":"coloradoRiver","current":"coloradoRiver","recovery":"recoveryWatch","lineageLabel":"Colorado River green lineage","lineageBasin":"Colorado Headwaters","lineageNote":"Upper Colorado green-lineage context","atlas_context":"cutthroat_lineage_context","confidence":"Watershed-level lineage context; expert review recommended","geometryStatus":"Named natural stream segment from statewide hydrography","note":"This named natural stream falls within a HUC8 assigned to a cutthroat lineage context.","source_segment_id":"co_named_stream_082102","water_id":"co_williams_fork_14010001_coloradoRiver_002","occurrence_id":"co_williams_fork_14010001_coloradoRiver_002","occurrence_number":"002","segment_count":70,"disambiguator":"Colorado Headwaters · Colorado River green lineage · occurrence 002","basin":"Colorado Headwaters","atlas_layer":"named_water_occurrence","object_role":"named_water_occurrence","historic_label":"Colorado River green lineage","current_label":"Colorado River green lineage","recovery_label":"Recovery watch / review area","tier":"tier2","minZoom":12,"confidence_public":"Watershed-level lineage context; expert review recommended","geometry_status_public":"Named natural stream occurrence from statewide hydrography","geometry_source_public":"Grouped public hydrography segments","trout_source_public":"Compiled public recovery and lineage context; expert review recommended","public_notes":"Williams Fork is shown as a named-water occurrence within watershed-level cutthroat lineage context. This is not a precise biological boundary."}},{"type":"Feature","geometry":{"type":"LineString","coordinates":[[-106.1948,40.0477],[-106.1943,40.0487],[-106.1923,40.0492],[-106.1911,40.0515],[-106.1817,40.0568],[-106.1803,40.0563]]},"properties":{"source_id":"co_named_stream_083334","name":"Williams Fork","display_name":"Williams Fork","mapped_name":"Williams Fork","source_name":"Williams Fork","state":"CO","atlas_class":"named_natural_stream","huc8":"14010001","huc8Name":"Colorado Headwaters","huc8States":"CO","lineageKey":"coloradoRiver","lineage":"coloradoRiver","historic":"coloradoRiver","current":"coloradoRiver","recovery":"recoveryWatch","lineageLabel":"Colorado River green lineage","lineageBasin":"Colorado Headwaters","lineageNote":"Upper Colorado green-lineage context","atlas_context":"cutthroat_lineage_context","confidence":"Watershed-level lineage context; expert review recommended","geometryStatus":"Named natural stream segment from statewide hydrography","note":"This named natural stream falls within a HUC8 assigned to a cutthroat lineage context.","source_segment_id":"co_named_stream_083334","water_id":"co_williams_fork_14010001_coloradoRiver_002","occurrence_id":"co_williams_fork_14010001_coloradoRiver_002","occurrence_number":"002","segment_count":70,"disambiguator":"Colorado Headwaters · Colorado River green lineage · occurrence 002","basin":"Colorado Headwaters","atlas_layer":"named_water_occurrence","object_role":"named_water_occurrence","historic_label":"Colorado River green lineage","current_label":"Colorado River green lineage","recovery_label":"Recovery watch / review area","tier":"tier2","minZoom":12,"confidence_public":"Watershed-level lineage context; expert review recommended","geometry_status_public":"Named natural stream occurrence from statewide hydrography","geometry_source_public":"Grouped public hydrography segments","trout_source_public":"Compiled public recovery and lineage context; expert review recommended","public_notes":"Williams Fork is shown as a named-water occurrence within watershed-level cutthroat lineage context. This is not a precise biological boundary."}},{"type":"Feature","geometry":{"type":"LineString","coordinates":[[-106.1716,39.993],[-106.1723,39.9943],[-106.1739,39.9943],[-106.1734,39.9953],[-106.1754,39.9951],[-106.1794,39.9973],[-106.1798,40]]},"properties":{"source_id":"co_named_stream_083348","name":"Williams Fork","display_name":"Williams Fork","mapped_name":"Williams Fork","source_name":"Williams Fork","state":"CO","atlas_class":"named_natural_stream","huc8":"14010001","huc8Name":"Colorado Headwaters","huc8States":"CO","lineageKey":"coloradoRiver","lineage":"coloradoRiver","historic":"coloradoRiver","current":"coloradoRiver","recovery":"recoveryWatch","lineageLabel":"Colorado River green lineage","lineageBasin":"Colorado Headwaters","lineageNote":"Upper Colorado green-lineage context","atlas_context":"cutthroat_lineage_context","confidence":"Watershed-level lineage context; expert review recommended","geometryStatus":"Named natural stream segment from statewide hydrography","note":"This named natural stream falls within a HUC8 assigned to a cutthroat lineage context.","source_segment_id":"co_named_stream_083348","water_id":"co_williams_fork_14010001_coloradoRiver_002","occurrence_id":"co_williams_fork_14010001_coloradoRiver_002","occurrence_number":"002","segment_count":70,"disambiguator":"Colorado Headwaters · Colorado River green lineage · occurrence 002","basin":"Colorado Headwaters","atlas_layer":"named_water_occurrence","object_role":"named_water_occurrence","historic_label":"Colorado River green lineage","current_label":"Colorado River green lineage","recovery_label":"Recovery watch / review area","tier":"tier2","minZoom":12,"confidence_public":"Watershed-level lineage context; expert review recommended","geometry_status_public":"Named natural stream occurrence from statewide hydrography","geometry_source_public":"Grouped public hydrography segments","trout_source_public":"Compiled public recovery and lineage context; expert review recommended","public_notes":"Williams Fork is shown as a named-water occurrence within watershed-level cutthroat lineage context. This is not a precise biological boundary."}},{"type":"Feature","geometry":{"type":"LineString","coordinates":[[-106.0634,40.1088],[-106.0613,40.1053],[-106.0618,40.1011]]},"properties":{"source_id":"co_named_stream_066871","name":"McQueary Creek","display_name":"McQueary Creek","mapped_name":"McQueary Creek","source_name":"McQueary Creek","state":"CO","atlas_class":"named_natural_stream","huc8":"14010001","huc8Name":"Colorado Headwaters","huc8States":"CO","lineageKey":"coloradoRiver","lineage":"coloradoRiver","historic":"coloradoRiver","current":"coloradoRiver","recovery":"recoveryWatch","lineageLabel":"Colorado River green lineage","lineageBasin":"Colorado Headwaters","lineageNote":"Upper Colorado green-lineage context","atlas_context":"cutthroat_lineage_context","confidence":"Watershed-level lineage context; expert review recommended","geometryStatus":"Named natural stream segment from statewide hydrography","note":"This named natural stream falls within a HUC8 assigned to a cutthroat lineage context.","source_segment_id":"co_named_stream_066871","water_id":"co_mcqueary_creek_14010001_coloradoRiver_001","occurrence_id":"co_mcqueary_creek_14010001_coloradoRiver_001","occurrence_number":"001","segment_count":24,"disambiguator":"Colorado Headwaters · Colorado River green lineage · occurrence 001","basin":"Colorado Headwaters","atlas_layer":"named_water_occurrence","object_role":"named_water_occurrence","historic_label":"Colorado River green lineage","current_label":"Colorado River green lineage","recovery_label":"Recovery watch / review area","tier":"tier2","minZoom":12,"confidence_public":"Watershed-level lineage context; expert review recommended","geometry_status_public":"Named natural stream occurrence from statewide hydrography","geometry_source_public":"Grouped public hydrography segments","trout_source_public":"Compiled public recovery and lineage context; expert review recommended","public_notes":"McQueary Creek is shown as a named-water occurrence within watershed-level cutthroat lineage context. This is not a precise biological boundary."}},{"type":"Feature","geometry":{"type":"LineString","coordinates":[[-106.0687,40.1238],[-106.0663,40.1198]]},"properties":{"source_id":"co_named_stream_066891","name":"McQueary Creek","display_name":"McQueary Creek","mapped_name":"McQueary Creek","source_name":"McQueary Creek","state":"CO","atlas_class":"named_natural_stream","huc8":"14010001","huc8Name":"Colorado Headwaters","huc8States":"CO","lineageKey":"coloradoRiver","lineage":"coloradoRiver","historic":"coloradoRiver","current":"coloradoRiver","recovery":"recoveryWatch","lineageLabel":"Colorado River green lineage","lineageBasin":"Colorado Headwaters","lineageNote":"Upper Colorado green-lineage context","atlas_context":"cutthroat_lineage_context","confidence":"Watershed-level lineage context; expert review recommended","geometryStatus":"Named natural stream segment from statewide hydrography","note":"This named natural stream falls within a HUC8 assigned to a cutthroat lineage context.","source_segment_id":"co_named_stream_066891","water_id":"co_mcqueary_creek_14010001_coloradoRiver_001","occurrence_id":"co_mcqueary_creek_14010001_coloradoRiver_001","occurrence_number":"001","segment_count":24,"disambiguator":"Colorado Headwaters · Colorado River green lineage · occurrence 001","basin":"Colorado Headwaters","atlas_layer":"named_water_occurrence","object_role":"named_water_occurrence","historic_label":"Colorado River green lineage","current_label":"Colorado River green lineage","recovery_label":"Recovery watch / review area","tier":"tier2","minZoom":12,"confidence_public":"Watershed-level lineage context; expert review recommended","geometry_status_public":"Named natural stream occurrence from statewide hydrography","geometry_source_public":"Grouped public hydrography segments","trout_source_public":"Compiled public recovery and lineage context; expert review recommended","public_notes":"McQueary Creek is shown as a named-water occurrence within watershed-level cutthroat lineage context. This is not a precise biological boundary."}},{"type":"Feature","geometry":{"type":"LineString","coordinates":[[-106.0663,40.1198],[-106.0647,40.1179],[-106.0651,40.1159]]},"properties":{"source_id":"co_named_stream_066892","name":"McQueary Creek","display_name":"McQueary Creek","mapped_name":"McQueary Creek","source_name":"McQueary Creek","state":"CO","atlas_class":"named_natural_stream","huc8":"14010001","huc8Name":"Colorado Headwaters","huc8States":"CO","lineageKey":"coloradoRiver","lineage":"coloradoRiver","historic":"coloradoRiver","current":"coloradoRiver","recovery":"recoveryWatch","lineageLabel":"Colorado River green lineage","lineageBasin":"Colorado Headwaters","lineageNote":"Upper Colorado green-lineage context","atlas_context":"cutthroat_lineage_context","confidence":"Watershed-level lineage context; expert review recommended","geometryStatus":"Named natural stream segment from statewide hydrography","note":"This named natural stream falls within a HUC8 assigned to a cutthroat lineage context.","source_segment_id":"co_named_stream_066892","water_id":"co_mcqueary_creek_14010001_coloradoRiver_001","occurrence_id":"co_mcqueary_creek_14010001_coloradoRiver_001","occurrence_number":"001","segment_count":24,"disambiguator":"Colorado Headwaters · Colorado River green lineage · occurrence 001","basin":"Colorado Headwaters","atlas_layer":"named_water_occurrence","object_role":"named_water_occurrence","historic_label":"Colorado River green lineage","current_label":"Colorado River green lineage","recovery_label":"Recovery watch / review area","tier":"tier2","minZoom":12,"confidence_public":"Watershed-level lineage context; expert review recommended","geometry_status_public":"Named natural stream occurrence from statewide hydrography","geometry_source_public":"Grouped public hydrography segments","trout_source_public":"Compiled public recovery and lineage context; expert review recommended","public_notes":"McQueary Creek is shown as a named-water occurrence within watershed-level cutthroat lineage context. This is not a precise biological boundary."}},{"type":"Feature","geometry":{"type":"LineString","coordinates":[[-106.0654,40.1155],[-106.0663,40.1141]]},"properties":{"source_id":"co_named_stream_066893","name":"McQueary Creek","display_name":"McQueary Creek","mapped_name":"McQueary Creek","source_name":"McQueary Creek","state":"CO","atlas_class":"named_natural_stream","huc8":"14010001","huc8Name":"Colorado Headwaters","huc8States":"CO","lineageKey":"coloradoRiver","lineage":"coloradoRiver","historic":"coloradoRiver","current":"coloradoRiver","recovery":"recoveryWatch","lineageLabel":"Colorado River green lineage","lineageBasin":"Colorado Headwaters","lineageNote":"Upper Colorado green-lineage context","atlas_context":"cutthroat_lineage_context","confidence":"Watershed-level lineage context; expert review recommended","geometryStatus":"Named natural stream segment from statewide hydrography","note":"This named natural stream falls within a HUC8 assigned to a cutthroat lineage context.","source_segment_id":"co_named_stream_066893","water_id":"co_mcqueary_creek_14010001_coloradoRiver_001","occurrence_id":"co_mcqueary_creek_14010001_coloradoRiver_001","occurrence_number":"001","segment_count":24,"disambiguator":"Colorado Headwaters · Colorado River green lineage · occurrence 001","basin":"Colorado Headwaters","atlas_layer":"named_water_occurrence","object_role":"named_water_occurrence","historic_label":"Colorado River green lineage","current_label":"Colorado River green lineage","recovery_label":"Recovery watch / review area","tier":"tier2","minZoom":12,"confidence_public":"Watershed-level lineage context; expert review recommended","geometry_status_public":"Named natural stream occurrence from statewide hydrography","geometry_source_public":"Grouped public hydrography segments","trout_source_public":"Compiled public recovery and lineage context; expert review recommended","public_notes":"McQueary Creek is shown as a named-water occurrence within watershed-level cutthroat lineage context. This is not a precise biological boundary."}},{"type":"Feature","geometry":{"type":"LineString","coordinates":[[-106.0656,40.1116],[-106.0634,40.1088]]},"properties":{"source_id":"co_named_stream_066896","name":"McQueary Creek","display_name":"McQueary Creek","mapped_name":"McQueary Creek","source_name":"McQueary Creek","state":"CO","atlas_class":"named_natural_stream","huc8":"14010001","huc8Name":"Colorado Headwaters","huc8States":"CO","lineageKey":"coloradoRiver","lineage":"coloradoRiver","historic":"coloradoRiver","current":"coloradoRiver","recovery":"recoveryWatch","lineageLabel":"Colorado River green lineage","lineageBasin":"Colorado Headwaters","lineageNote":"Upper Colorado green-lineage context","atlas_context":"cutthroat_lineage_context","confidence":"Watershed-level lineage context; expert review recommended","geometryStatus":"Named natural stream segment from statewide hydrography","note":"This named natural stream falls within a HUC8 assigned to a cutthroat lineage context.","source_segment_id":"co_named_stream_066896","water_id":"co_mcqueary_creek_14010001_coloradoRiver_001","occurrence_id":"co_mcqueary_creek_14010001_coloradoRiver_001","occurrence_number":"001","segment_count":24,"disambiguator":"Colorado Headwaters · Colorado River green lineage · occurrence 001","basin":"Colorado Headwaters","atlas_layer":"named_water_occurrence","object_role":"named_water_occurrence","historic_label":"Colorado River green lineage","current_label":"Colorado River green lineage","recovery_label":"Recovery watch / review area","tier":"tier2","minZoom":12,"confidence_public":"Watershed-level lineage context; expert review recommended","geometry_status_public":"Named natural stream occurrence from statewide hydrography","geometry_source_public":"Grouped public hydrography segments","trout_source_public":"Compiled public recovery and lineage context; expert review recommended","public_notes":"McQueary Creek is shown as a named-water occurrence within watershed-level cutthroat lineage context. This is not a precise biological boundary."}},{"type":"Feature","geometry":{"type":"LineString","coordinates":[[-106.081,40.1466],[-106.0798,40.1444]]},"properties":{"source_id":"co_named_stream_071270","name":"McQueary Creek","display_name":"McQueary Creek","mapped_name":"McQueary Creek","source_name":"McQueary Creek","state":"CO","atlas_class":"named_natural_stream","huc8":"14010001","huc8Name":"Colorado Headwaters","huc8States":"CO","lineageKey":"coloradoRiver","lineage":"coloradoRiver","historic":"coloradoRiver","current":"coloradoRiver","recovery":"recoveryWatch","lineageLabel":"Colorado River green lineage","lineageBasin":"Colorado Headwaters","lineageNote":"Upper Colorado green-lineage context","atlas_context":"cutthroat_lineage_context","confidence":"Watershed-level lineage context; expert review recommended","geometryStatus":"Named natural stream segment from statewide hydrography","note":"This named natural stream falls within a HUC8 assigned to a cutthroat lineage context.","source_segment_id":"co_named_stream_071270","water_id":"co_mcqueary_creek_14010001_coloradoRiver_001","occurrence_id":"co_mcqueary_creek_14010001_coloradoRiver_001","occurrence_number":"001","segment_count":24,"disambiguator":"Colorado Headwaters · Colorado River green lineage · occurrence 001","basin":"Colorado Headwaters","atlas_layer":"named_water_occurrence","object_role":"named_water_occurrence","historic_label":"Colorado River green lineage","current_label":"Colorado River green lineage","recovery_label":"Recovery watch / review area","tier":"tier2","minZoom":12,"confidence_public":"Watershed-level lineage context; expert review recommended","geometry_status_public":"Named natural stream occurrence from statewide hydrography","geometry_source_public":"Grouped public hydrography segments","trout_source_public":"Compiled public recovery and lineage context; expert review recommended","public_notes":"McQueary Creek is shown as a named-water occurrence within watershed-level cutthroat lineage context. This is not a precise biological boundary."}},{"type":"Feature","geometry":{"type":"LineString","coordinates":[[-106.0729,40.1299],[-106.0728,40.1284],[-106.0707,40.1267]]},"properties":{"source_id":"co_named_stream_071274","name":"McQueary Creek","display_name":"McQueary Creek","mapped_name":"McQueary Creek","source_name":"McQueary Creek","state":"CO","atlas_class":"named_natural_stream","huc8":"14010001","huc8Name":"Colorado Headwaters","huc8States":"CO","lineageKey":"coloradoRiver","lineage":"coloradoRiver","historic":"coloradoRiver","current":"coloradoRiver","recovery":"recoveryWatch","lineageLabel":"Colorado River green lineage","lineageBasin":"Colorado Headwaters","lineageNote":"Upper Colorado green-lineage context","atlas_context":"cutthroat_lineage_context","confidence":"Watershed-level lineage context; expert review recommended","geometryStatus":"Named natural stream segment from statewide hydrography","note":"This named natural stream falls within a HUC8 assigned to a cutthroat lineage context.","source_segment_id":"co_named_stream_071274","water_id":"co_mcqueary_creek_14010001_coloradoRiver_001","occurrence_id":"co_mcqueary_creek_14010001_coloradoRiver_001","occurrence_number":"001","segment_count":24,"disambiguator":"Colorado Headwaters · Colorado River green lineage · occurrence 001","basin":"Colorado Headwaters","atlas_layer":"named_water_occurrence","object_role":"named_water_occurrence","historic_label":"Colorado River green lineage","current_label":"Colorado River green lineage","recovery_label":"Recovery watch / review area","tier":"tier2","minZoom":12,"confidence_public":"Watershed-level lineage context; expert review recommended","geometry_status_public":"Named natural stream occurrence from statewide hydrography","geometry_source_public":"Grouped public hydrography segments","trout_source_public":"Compiled public recovery and lineage context; expert review recommended","public_notes":"McQueary Creek is shown as a named-water occurrence within watershed-level cutthroat lineage context. This is not a precise biological boundary."}},{"type":"Feature","geometry":{"type":"LineString","coordinates":[[-106.0833,40.1503],[-106.0828,40.1499]]},"properties":{"source_id":"co_named_stream_071296","name":"McQueary Creek","display_name":"McQueary Creek","mapped_name":"McQueary Creek","source_name":"McQueary Creek","state":"CO","atlas_class":"named_natural_stream","huc8":"14010001","huc8Name":"Colorado Headwaters","huc8States":"CO","lineageKey":"coloradoRiver","lineage":"coloradoRiver","historic":"coloradoRiver","current":"coloradoRiver","recovery":"recoveryWatch","lineageLabel":"Colorado River green lineage","lineageBasin":"Colorado Headwaters","lineageNote":"Upper Colorado green-lineage context","atlas_context":"cutthroat_lineage_context","confidence":"Watershed-level lineage context; expert review recommended","geometryStatus":"Named natural stream segment from statewide hydrography","note":"This named natural stream falls within a HUC8 assigned to a cutthroat lineage context.","source_segment_id":"co_named_stream_071296","water_id":"co_mcqueary_creek_14010001_coloradoRiver_001","occurrence_id":"co_mcqueary_creek_14010001_coloradoRiver_001","occurrence_number":"001","segment_count":24,"disambiguator":"Colorado Headwaters · Colorado River green lineage · occurrence 001","basin":"Colorado Headwaters","atlas_layer":"named_water_occurrence","object_role":"named_water_occurrence","historic_label":"Colorado River green lineage","current_label":"Colorado River green lineage","recovery_label":"Recovery watch / review area","tier":"tier2","minZoom":12,"confidence_public":"Watershed-level lineage context; expert review recommended","geometry_status_public":"Named natural stream occurrence from statewide hydrography","geometry_source_public":"Grouped public hydrography segments","trout_source_public":"Compiled public recovery and lineage context; expert review recommended","public_notes":"McQueary Creek is shown as a named-water occurrence within watershed-level cutthroat lineage context. This is not a precise biological boundary."}},{"type":"Feature","geometry":{"type":"LineString","coordinates":[[-106.0817,40.1479],[-106.081,40.1466]]},"properties":{"source_id":"co_named_stream_071298","name":"McQueary Creek","display_name":"McQueary Creek","mapped_name":"McQueary Creek","source_name":"McQueary Creek","state":"CO","atlas_class":"named_natural_stream","huc8":"14010001","huc8Name":"Colorado Headwaters","huc8States":"CO","lineageKey":"coloradoRiver","lineage":"coloradoRiver","historic":"coloradoRiver","current":"coloradoRiver","recovery":"recoveryWatch","lineageLabel":"Colorado River green lineage","lineageBasin":"Colorado Headwaters","lineageNote":"Upper Colorado green-lineage context","atlas_context":"cutthroat_lineage_context","confidence":"Watershed-level lineage context; expert review recommended","geometryStatus":"Named natural stream segment from statewide hydrography","note":"This named natural stream falls within a HUC8 assigned to a cutthroat lineage context.","source_segment_id":"co_named_stream_071298","water_id":"co_mcqueary_creek_14010001_coloradoRiver_001","occurrence_id":"co_mcqueary_creek_14010001_coloradoRiver_001","occurrence_number":"001","segment_count":24,"disambiguator":"Colorado Headwaters · Colorado River green lineage · occurrence 001","basin":"Colorado Headwaters","atlas_layer":"named_water_occurrence","object_role":"named_water_occurrence","historic_label":"Colorado River green lineage","current_label":"Colorado River green lineage","recovery_label":"Recovery watch / review area","tier":"tier2","minZoom":12,"confidence_public":"Watershed-level lineage context; expert review recommended","geometry_status_public":"Named natural stream occurrence from statewide hydrography","geometry_source_public":"Grouped public hydrography segments","trout_source_public":"Compiled public recovery and lineage context; expert review recommended","public_notes":"McQueary Creek is shown as a named-water occurrence within watershed-level cutthroat lineage context. This is not a precise biological boundary."}},{"type":"Feature","geometry":{"type":"LineString","coordinates":[[-106.0779,40.1422],[-106.0769,40.141]]},"properties":{"source_id":"co_named_stream_071300","name":"McQueary Creek","display_name":"McQueary Creek","mapped_name":"McQueary Creek","source_name":"McQueary Creek","state":"CO","atlas_class":"named_natural_stream","huc8":"14010001","huc8Name":"Colorado Headwaters","huc8States":"CO","lineageKey":"coloradoRiver","lineage":"coloradoRiver","historic":"coloradoRiver","current":"coloradoRiver","recovery":"recoveryWatch","lineageLabel":"Colorado River green lineage","lineageBasin":"Colorado Headwaters","lineageNote":"Upper Colorado green-lineage context","atlas_context":"cutthroat_lineage_context","confidence":"Watershed-level lineage context; expert review recommended","geometryStatus":"Named natural stream segment from statewide hydrography","note":"This named natural stream falls within a HUC8 assigned to a cutthroat lineage context.","source_segment_id":"co_named_stream_071300","water_id":"co_mcqueary_creek_14010001_coloradoRiver_001","occurrence_id":"co_mcqueary_creek_14010001_coloradoRiver_001","occurrence_number":"001","segment_count":24,"disambiguator":"Colorado Headwaters · Colorado River green lineage · occurrence 001","basin":"Colorado Headwaters","atlas_layer":"named_water_occurrence","object_role":"named_water_occurrence","historic_label":"Colorado River green lineage","current_label":"Colorado River green lineage","recovery_label":"Recovery watch / review area","tier":"tier2","minZoom":12,"confidence_public":"Watershed-level lineage context; expert review recommended","geometry_status_public":"Named natural stream occurrence from statewide hydrography","geometry_source_public":"Grouped public hydrography segments","trout_source_public":"Compiled public recovery and lineage context; expert review recommended","public_notes":"McQueary Creek is shown as a named-water occurrence within watershed-level cutthroat lineage context. This is not a precise biological boundary."}},{"type":"Feature","geometry":{"type":"LineString","coordinates":[[-106.0828,40.1499],[-106.0823,40.1492]]},"properties":{"source_id":"co_named_stream_075806","name":"McQueary Creek","display_name":"McQueary Creek","mapped_name":"McQueary Creek","source_name":"McQueary Creek","state":"CO","atlas_class":"named_natural_stream","huc8":"14010001","huc8Name":"Colorado Headwaters","huc8States":"CO","lineageKey":"coloradoRiver","lineage":"coloradoRiver","historic":"coloradoRiver","current":"coloradoRiver","recovery":"recoveryWatch","lineageLabel":"Colorado River green lineage","lineageBasin":"Colorado Headwaters","lineageNote":"Upper Colorado green-lineage context","atlas_context":"cutthroat_lineage_context","confidence":"Watershed-level lineage context; expert review recommended","geometryStatus":"Named natural stream segment from statewide hydrography","note":"This named natural stream falls within a HUC8 assigned to a cutthroat lineage context.","source_segment_id":"co_named_stream_075806","water_id":"co_mcqueary_creek_14010001_coloradoRiver_001","occurrence_id":"co_mcqueary_creek_14010001_coloradoRiver_001","occurrence_number":"001","segment_count":24,"disambiguator":"Colorado Headwaters · Colorado River green lineage · occurrence 001","basin":"Colorado Headwaters","atlas_layer":"named_water_occurrence","object_role":"named_water_occurrence","historic_label":"Colorado River green lineage","current_label":"Colorado River green lineage","recovery_label":"Recovery watch / review area","tier":"tier2","minZoom":12,"confidence_public":"Watershed-level lineage context; expert review recommended","geometry_status_public":"Named natural stream occurrence from statewide hydrography","geometry_source_public":"Grouped public hydrography segments","trout_source_public":"Compiled public recovery and lineage context; expert review recommended","public_notes":"McQueary Creek is shown as a named-water occurrence within watershed-level cutthroat lineage context. This is not a precise biological boundary."}},{"type":"Feature","geometry":{"type":"LineString","coordinates":[[-106.0798,40.1444],[-106.0779,40.1422]]},"properties":{"source_id":"co_named_stream_078051","name":"McQueary Creek","display_name":"McQueary Creek","mapped_name":"McQueary Creek","source_name":"McQueary Creek","state":"CO","atlas_class":"named_natural_stream","huc8":"14010001","huc8Name":"Colorado Headwaters","huc8States":"CO","lineageKey":"coloradoRiver","lineage":"coloradoRiver","historic":"coloradoRiver","current":"coloradoRiver","recovery":"recoveryWatch","lineageLabel":"Colorado River green lineage","lineageBasin":"Colorado Headwaters","lineageNote":"Upper Colorado green-lineage context","atlas_context":"cutthroat_lineage_context","confidence":"Watershed-level lineage context; expert review recommended","geometryStatus":"Named natural stream segment from statewide hydrography","note":"This named natural stream falls within a HUC8 assigned to a cutthroat lineage context.","source_segment_id":"co_named_stream_078051","water_id":"co_mcqueary_creek_14010001_coloradoRiver_001","occurrence_id":"co_mcqueary_creek_14010001_coloradoRiver_001","occurrence_number":"001","segment_count":24,"disambiguator":"Colorado Headwaters · Colorado River green lineage · occurrence 001","basin":"Colorado Headwaters","atlas_layer":"named_water_occurrence","object_role":"named_water_occurrence","historic_label":"Colorado River green lineage","current_label":"Colorado River green lineage","recovery_label":"Recovery watch / review area","tier":"tier2","minZoom":12,"confidence_public":"Watershed-level lineage context; expert review recommended","geometry_status_public":"Named natural stream occurrence from statewide hydrography","geometry_source_public":"Grouped public hydrography segments","trout_source_public":"Compiled public recovery and lineage context; expert review recommended","public_notes":"McQueary Creek is shown as a named-water occurrence within watershed-level cutthroat lineage context. This is not a precise biological boundary."}},{"type":"Feature","geometry":{"type":"LineString","coordinates":[[-106.0823,40.1492],[-106.0822,40.1489]]},"properties":{"source_id":"co_named_stream_078063","name":"McQueary Creek","display_name":"McQueary Creek","mapped_name":"McQueary Creek","source_name":"McQueary Creek","state":"CO","atlas_class":"named_natural_stream","huc8":"14010001","huc8Name":"Colorado Headwaters","huc8States":"CO","lineageKey":"coloradoRiver","lineage":"coloradoRiver","historic":"coloradoRiver","current":"coloradoRiver","recovery":"recoveryWatch","lineageLabel":"Colorado River green lineage","lineageBasin":"Colorado Headwaters","lineageNote":"Upper Colorado green-lineage context","atlas_context":"cutthroat_lineage_context","confidence":"Watershed-level lineage context; expert review recommended","geometryStatus":"Named natural stream segment from statewide hydrography","note":"This named natural stream falls within a HUC8 assigned to a cutthroat lineage context.","source_segment_id":"co_named_stream_078063","water_id":"co_mcqueary_creek_14010001_coloradoRiver_001","occurrence_id":"co_mcqueary_creek_14010001_coloradoRiver_001","occurrence_number":"001","segment_count":24,"disambiguator":"Colorado Headwaters · Colorado River green lineage · occurrence 001","basin":"Colorado Headwaters","atlas_layer":"named_water_occurrence","object_role":"named_water_occurrence","historic_label":"Colorado River green lineage","current_label":"Colorado River green lineage","recovery_label":"Recovery watch / review area","tier":"tier2","minZoom":12,"confidence_public":"Watershed-level lineage context; expert review recommended","geometry_status_public":"Named natural stream occurrence from statewide hydrography","geometry_source_public":"Grouped public hydrography segments","trout_source_public":"Compiled public recovery and lineage context; expert review recommended","public_notes":"McQueary Creek is shown as a named-water occurrence within watershed-level cutthroat lineage context. This is not a precise biological boundary."}},{"type":"Feature","geometry":{"type":"LineString","coordinates":[[-106.0822,40.1489],[-106.0817,40.1479]]},"properties":{"source_id":"co_named_stream_078064","name":"McQueary Creek","display_name":"McQueary Creek","mapped_name":"McQueary Creek","source_name":"McQueary Creek","state":"CO","atlas_class":"named_natural_stream","huc8":"14010001","huc8Name":"Colorado Headwaters","huc8States":"CO","lineageKey":"coloradoRiver","lineage":"coloradoRiver","historic":"coloradoRiver","current":"coloradoRiver","recovery":"recoveryWatch","lineageLabel":"Colorado River green lineage","lineageBasin":"Colorado Headwaters","lineageNote":"Upper Colorado green-lineage context","atlas_context":"cutthroat_lineage_context","confidence":"Watershed-level lineage context; expert review recommended","geometryStatus":"Named natural stream segment from statewide hydrography","note":"This named natural stream falls within a HUC8 assigned to a cutthroat lineage context.","source_segment_id":"co_named_stream_078064","water_id":"co_mcqueary_creek_14010001_coloradoRiver_001","occurrence_id":"co_mcqueary_creek_14010001_coloradoRiver_001","occurrence_number":"001","segment_count":24,"disambiguator":"Colorado Headwaters · Colorado River green lineage · occurrence 001","basin":"Colorado Headwaters","atlas_layer":"named_water_occurrence","object_role":"named_water_occurrence","historic_label":"Colorado River green lineage","current_label":"Colorado River green lineage","recovery_label":"Recovery watch / review area","tier":"tier2","minZoom":12,"confidence_public":"Watershed-level lineage context; expert review recommended","geometry_status_public":"Named natural stream occurrence from statewide hydrography","geometry_source_public":"Grouped public hydrography segments","trout_source_public":"Compiled public recovery and lineage context; expert review recommended","public_notes":"McQueary Creek is shown as a named-water occurrence within watershed-level cutthroat lineage context. This is not a precise biological boundary."}},{"type":"Feature","geometry":{"type":"LineString","coordinates":[[-106.0769,40.141],[-106.0751,40.1379]]},"properties":{"source_id":"co_named_stream_079188","name":"McQueary Creek","display_name":"McQueary Creek","mapped_name":"McQueary Creek","source_name":"McQueary Creek","state":"CO","atlas_class":"named_natural_stream","huc8":"14010001","huc8Name":"Colorado Headwaters","huc8States":"CO","lineageKey":"coloradoRiver","lineage":"coloradoRiver","historic":"coloradoRiver","current":"coloradoRiver","recovery":"recoveryWatch","lineageLabel":"Colorado River green lineage","lineageBasin":"Colorado Headwaters","lineageNote":"Upper Colorado green-lineage context","atlas_context":"cutthroat_lineage_context","confidence":"Watershed-level lineage context; expert review recommended","geometryStatus":"Named natural stream segment from statewide hydrography","note":"This named natural stream falls within a HUC8 assigned to a cutthroat lineage context.","source_segment_id":"co_named_stream_079188","water_id":"co_mcqueary_creek_14010001_coloradoRiver_001","occurrence_id":"co_mcqueary_creek_14010001_coloradoRiver_001","occurrence_number":"001","segment_count":24,"disambiguator":"Colorado Headwaters · Colorado River green lineage · occurrence 001","basin":"Colorado Headwaters","atlas_layer":"named_water_occurrence","object_role":"named_water_occurrence","historic_label":"Colorado River green lineage","current_label":"Colorado River green lineage","recovery_label":"Recovery watch / review area","tier":"tier2","minZoom":12,"confidence_public":"Watershed-level lineage context; expert review recommended","geometry_status_public":"Named natural stream occurrence from statewide hydrography","geometry_source_public":"Grouped public hydrography segments","trout_source_public":"Compiled public recovery and lineage context; expert review recommended","public_notes":"McQueary Creek is shown as a named-water occurrence within watershed-level cutthroat lineage context. This is not a precise biological boundary."}},{"type":"Feature","geometry":{"type":"LineString","coordinates":[[-106.0751,40.1379],[-106.0746,40.137]]},"properties":{"source_id":"co_named_stream_079192","name":"McQueary Creek","display_name":"McQueary Creek","mapped_name":"McQueary Creek","source_name":"McQueary Creek","state":"CO","atlas_class":"named_natural_stream","huc8":"14010001","huc8Name":"Colorado Headwaters","huc8States":"CO","lineageKey":"coloradoRiver","lineage":"coloradoRiver","historic":"coloradoRiver","current":"coloradoRiver","recovery":"recoveryWatch","lineageLabel":"Colorado River green lineage","lineageBasin":"Colorado Headwaters","lineageNote":"Upper Colorado green-lineage context","atlas_context":"cutthroat_lineage_context","confidence":"Watershed-level lineage context; expert review recommended","geometryStatus":"Named natural stream segment from statewide hydrography","note":"This named natural stream falls within a HUC8 assigned to a cutthroat lineage context.","source_segment_id":"co_named_stream_079192","water_id":"co_mcqueary_creek_14010001_coloradoRiver_001","occurrence_id":"co_mcqueary_creek_14010001_coloradoRiver_001","occurrence_number":"001","segment_count":24,"disambiguator":"Colorado Headwaters · Colorado River green lineage · occurrence 001","basin":"Colorado Headwaters","atlas_layer":"named_water_occurrence","object_role":"named_water_occurrence","historic_label":"Colorado River green lineage","current_label":"Colorado River green lineage","recovery_label":"Recovery watch / review area","tier":"tier2","minZoom":12,"confidence_public":"Watershed-level lineage context; expert review recommended","geometry_status_public":"Named natural stream occurrence from statewide hydrography","geometry_source_public":"Grouped public hydrography segments","trout_source_public":"Compiled public recovery and lineage context; expert review recommended","public_notes":"McQueary Creek is shown as a named-water occurrence within watershed-level cutthroat lineage context. This is not a precise biological boundary."}},{"type":"Feature","geometry":{"type":"LineString","coordinates":[[-106.0707,40.1267],[-106.0687,40.1238]]},"properties":{"source_id":"co_named_stream_079201","name":"McQueary Creek","display_name":"McQueary Creek","mapped_name":"McQueary Creek","source_name":"McQueary Creek","state":"CO","atlas_class":"named_natural_stream","huc8":"14010001","huc8Name":"Colorado Headwaters","huc8States":"CO","lineageKey":"coloradoRiver","lineage":"coloradoRiver","historic":"coloradoRiver","current":"coloradoRiver","recovery":"recoveryWatch","lineageLabel":"Colorado River green lineage","lineageBasin":"Colorado Headwaters","lineageNote":"Upper Colorado green-lineage context","atlas_context":"cutthroat_lineage_context","confidence":"Watershed-level lineage context; expert review recommended","geometryStatus":"Named natural stream segment from statewide hydrography","note":"This named natural stream falls within a HUC8 assigned to a cutthroat lineage context.","source_segment_id":"co_named_stream_079201","water_id":"co_mcqueary_creek_14010001_coloradoRiver_001","occurrence_id":"co_mcqueary_creek_14010001_coloradoRiver_001","occurrence_number":"001","segment_count":24,"disambiguator":"Colorado Headwaters · Colorado River green lineage · occurrence 001","basin":"Colorado Headwaters","atlas_layer":"named_water_occurrence","object_role":"named_water_occurrence","historic_label":"Colorado River green lineage","current_label":"Colorado River green lineage","recovery_label":"Recovery watch / review area","tier":"tier2","minZoom":12,"confidence_public":"Watershed-level lineage context; expert review recommended","geometry_status_public":"Named natural stream occurrence from statewide hydrography","geometry_source_public":"Grouped public hydrography segments","trout_source_public":"Compiled public recovery and lineage context; expert review recommended","public_notes":"McQueary Creek is shown as a named-water occurrence within watershed-level cutthroat lineage context. This is not a precise biological boundary."}},{"type":"Feature","geometry":{"type":"LineString","coordinates":[[-106.0651,40.1159],[-106.0654,40.1155]]},"properties":{"source_id":"co_named_stream_079219","name":"McQueary Creek","display_name":"McQueary Creek","mapped_name":"McQueary Creek","source_name":"McQueary Creek","state":"CO","atlas_class":"named_natural_stream","huc8":"14010001","huc8Name":"Colorado Headwaters","huc8States":"CO","lineageKey":"coloradoRiver","lineage":"coloradoRiver","historic":"coloradoRiver","current":"coloradoRiver","recovery":"recoveryWatch","lineageLabel":"Colorado River green lineage","lineageBasin":"Colorado Headwaters","lineageNote":"Upper Colorado green-lineage context","atlas_context":"cutthroat_lineage_context","confidence":"Watershed-level lineage context; expert review recommended","geometryStatus":"Named natural stream segment from statewide hydrography","note":"This named natural stream falls within a HUC8 assigned to a cutthroat lineage context.","source_segment_id":"co_named_stream_079219","water_id":"co_mcqueary_creek_14010001_coloradoRiver_001","occurrence_id":"co_mcqueary_creek_14010001_coloradoRiver_001","occurrence_number":"001","segment_count":24,"disambiguator":"Colorado Headwaters · Colorado River green lineage · occurrence 001","basin":"Colorado Headwaters","atlas_layer":"named_water_occurrence","object_role":"named_water_occurrence","historic_label":"Colorado River green lineage","current_label":"Colorado River green lineage","recovery_label":"Recovery watch / review area","tier":"tier2","minZoom":12,"confidence_public":"Watershed-level lineage context; expert review recommended","geometry_status_public":"Named natural stream occurrence from statewide hydrography","geometry_source_public":"Grouped public hydrography segments","trout_source_public":"Compiled public recovery and lineage context; expert review recommended","public_notes":"McQueary Creek is shown as a named-water occurrence within watershed-level cutthroat lineage context. This is not a precise biological boundary."}},{"type":"Feature","geometry":{"type":"LineString","coordinates":[[-106.0663,40.1127],[-106.0656,40.1116]]},"properties":{"source_id":"co_named_stream_079224","name":"McQueary Creek","display_name":"McQueary Creek","mapped_name":"McQueary Creek","source_name":"McQueary Creek","state":"CO","atlas_class":"named_natural_stream","huc8":"14010001","huc8Name":"Colorado Headwaters","huc8States":"CO","lineageKey":"coloradoRiver","lineage":"coloradoRiver","historic":"coloradoRiver","current":"coloradoRiver","recovery":"recoveryWatch","lineageLabel":"Colorado River green lineage","lineageBasin":"Colorado Headwaters","lineageNote":"Upper Colorado green-lineage context","atlas_context":"cutthroat_lineage_context","confidence":"Watershed-level lineage context; expert review recommended","geometryStatus":"Named natural stream segment from statewide hydrography","note":"This named natural stream falls within a HUC8 assigned to a cutthroat lineage context.","source_segment_id":"co_named_stream_079224","water_id":"co_mcqueary_creek_14010001_coloradoRiver_001","occurrence_id":"co_mcqueary_creek_14010001_coloradoRiver_001","occurrence_number":"001","segment_count":24,"disambiguator":"Colorado Headwaters · Colorado River green lineage · occurrence 001","basin":"Colorado Headwaters","atlas_layer":"named_water_occurrence","object_role":"named_water_occurrence","historic_label":"Colorado River green lineage","current_label":"Colorado River green lineage","recovery_label":"Recovery watch / review area","tier":"tier2","minZoom":12,"confidence_public":"Watershed-level lineage context; expert review recommended","geometry_status_public":"Named natural stream occurrence from statewide hydrography","geometry_source_public":"Grouped public hydrography segments","trout_source_public":"Compiled public recovery and lineage context; expert review recommended","public_notes":"McQueary Creek is shown as a named-water occurrence within watershed-level cutthroat lineage context. This is not a precise biological boundary."}},{"type":"Feature","geometry":{"type":"LineString","coordinates":[[-106.0746,40.137],[-106.0737,40.1333]]},"properties":{"source_id":"co_named_stream_079225","name":"McQueary Creek","display_name":"McQueary Creek","mapped_name":"McQueary Creek","source_name":"McQueary Creek","state":"CO","atlas_class":"named_natural_stream","huc8":"14010001","huc8Name":"Colorado Headwaters","huc8States":"CO","lineageKey":"coloradoRiver","lineage":"coloradoRiver","historic":"coloradoRiver","current":"coloradoRiver","recovery":"recoveryWatch","lineageLabel":"Colorado River green lineage","lineageBasin":"Colorado Headwaters","lineageNote":"Upper Colorado green-lineage context","atlas_context":"cutthroat_lineage_context","confidence":"Watershed-level lineage context; expert review recommended","geometryStatus":"Named natural stream segment from statewide hydrography","note":"This named natural stream falls within a HUC8 assigned to a cutthroat lineage context.","source_segment_id":"co_named_stream_079225","water_id":"co_mcqueary_creek_14010001_coloradoRiver_001","occurrence_id":"co_mcqueary_creek_14010001_coloradoRiver_001","occurrence_number":"001","segment_count":24,"disambiguator":"Colorado Headwaters · Colorado River green lineage · occurrence 001","basin":"Colorado Headwaters","atlas_layer":"named_water_occurrence","object_role":"named_water_occurrence","historic_label":"Colorado River green lineage","current_label":"Colorado River green lineage","recovery_label":"Recovery watch / review area","tier":"tier2","minZoom":12,"confidence_public":"Watershed-level lineage context; expert review recommended","geometry_status_public":"Named natural stream occurrence from statewide hydrography","geometry_source_public":"Grouped public hydrography segments","trout_source_public":"Compiled public recovery and lineage context; expert review recommended","public_notes":"McQueary Creek is shown as a named-water occurrence within watershed-level cutthroat lineage context. This is not a precise biological boundary."}},{"type":"Feature","geometry":{"type":"LineString","coordinates":[[-106.0663,40.1141],[-106.0663,40.1127]]},"properties":{"source_id":"co_named_stream_079227","name":"McQueary Creek","display_name":"McQueary Creek","mapped_name":"McQueary Creek","source_name":"McQueary Creek","state":"CO","atlas_class":"named_natural_stream","huc8":"14010001","huc8Name":"Colorado Headwaters","huc8States":"CO","lineageKey":"coloradoRiver","lineage":"coloradoRiver","historic":"coloradoRiver","current":"coloradoRiver","recovery":"recoveryWatch","lineageLabel":"Colorado River green lineage","lineageBasin":"Colorado Headwaters","lineageNote":"Upper Colorado green-lineage context","atlas_context":"cutthroat_lineage_context","confidence":"Watershed-level lineage context; expert review recommended","geometryStatus":"Named natural stream segment from statewide hydrography","note":"This named natural stream falls within a HUC8 assigned to a cutthroat lineage context.","source_segment_id":"co_named_stream_079227","water_id":"co_mcqueary_creek_14010001_coloradoRiver_001","occurrence_id":"co_mcqueary_creek_14010001_coloradoRiver_001","occurrence_number":"001","segment_count":24,"disambiguator":"Colorado Headwaters · Colorado River green lineage · occurrence 001","basin":"Colorado Headwaters","atlas_layer":"named_water_occurrence","object_role":"named_water_occurrence","historic_label":"Colorado River green lineage","current_label":"Colorado River green lineage","recovery_label":"Recovery watch / review area","tier":"tier2","minZoom":12,"confidence_public":"Watershed-level lineage context; expert review recommended","geometry_status_public":"Named natural stream occurrence from statewide hydrography","geometry_source_public":"Grouped public hydrography segments","trout_source_public":"Compiled public recovery and lineage context; expert review recommended","public_notes":"McQueary Creek is shown as a named-water occurrence within watershed-level cutthroat lineage context. This is not a precise biological boundary."}},{"type":"Feature","geometry":{"type":"LineString","coordinates":[[-106.0737,40.1333],[-106.0734,40.1324]]},"properties":{"source_id":"co_named_stream_079232","name":"McQueary Creek","display_name":"McQueary Creek","mapped_name":"McQueary Creek","source_name":"McQueary Creek","state":"CO","atlas_class":"named_natural_stream","huc8":"14010001","huc8Name":"Colorado Headwaters","huc8States":"CO","lineageKey":"coloradoRiver","lineage":"coloradoRiver","historic":"coloradoRiver","current":"coloradoRiver","recovery":"recoveryWatch","lineageLabel":"Colorado River green lineage","lineageBasin":"Colorado Headwaters","lineageNote":"Upper Colorado green-lineage context","atlas_context":"cutthroat_lineage_context","confidence":"Watershed-level lineage context; expert review recommended","geometryStatus":"Named natural stream segment from statewide hydrography","note":"This named natural stream falls within a HUC8 assigned to a cutthroat lineage context.","source_segment_id":"co_named_stream_079232","water_id":"co_mcqueary_creek_14010001_coloradoRiver_001","occurrence_id":"co_mcqueary_creek_14010001_coloradoRiver_001","occurrence_number":"001","segment_count":24,"disambiguator":"Colorado Headwaters · Colorado River green lineage · occurrence 001","basin":"Colorado Headwaters","atlas_layer":"named_water_occurrence","object_role":"named_water_occurrence","historic_label":"Colorado River green lineage","current_label":"Colorado River green lineage","recovery_label":"Recovery watch / review area","tier":"tier2","minZoom":12,"confidence_public":"Watershed-level lineage context; expert review recommended","geometry_status_public":"Named natural stream occurrence from statewide hydrography","geometry_source_public":"Grouped public hydrography segments","trout_source_public":"Compiled public recovery and lineage context; expert review recommended","public_notes":"McQueary Creek is shown as a named-water occurrence within watershed-level cutthroat lineage context. This is not a precise biological boundary."}},{"type":"Feature","geometry":{"type":"LineString","coordinates":[[-106.0734,40.1324],[-106.0734,40.1314]]},"properties":{"source_id":"co_named_stream_079233","name":"McQueary Creek","display_name":"McQueary Creek","mapped_name":"McQueary Creek","source_name":"McQueary Creek","state":"CO","atlas_class":"named_natural_stream","huc8":"14010001","huc8Name":"Colorado Headwaters","huc8States":"CO","lineageKey":"coloradoRiver","lineage":"coloradoRiver","historic":"coloradoRiver","current":"coloradoRiver","recovery":"recoveryWatch","lineageLabel":"Colorado River green lineage","lineageBasin":"Colorado Headwaters","lineageNote":"Upper Colorado green-lineage context","atlas_context":"cutthroat_lineage_context","confidence":"Watershed-level lineage context; expert review recommended","geometryStatus":"Named natural stream segment from statewide hydrography","note":"This named natural stream falls within a HUC8 assigned to a cutthroat lineage context.","source_segment_id":"co_named_stream_079233","water_id":"co_mcqueary_creek_14010001_coloradoRiver_001","occurrence_id":"co_mcqueary_creek_14010001_coloradoRiver_001","occurrence_number":"001","segment_count":24,"disambiguator":"Colorado Headwaters · Colorado River green lineage · occurrence 001","basin":"Colorado Headwaters","atlas_layer":"named_water_occurrence","object_role":"named_water_occurrence","historic_label":"Colorado River green lineage","current_label":"Colorado River green lineage","recovery_label":"Recovery watch / review area","tier":"tier2","minZoom":12,"confidence_public":"Watershed-level lineage context; expert review recommended","geometry_status_public":"Named natural stream occurrence from statewide hydrography","geometry_source_public":"Grouped public hydrography segments","trout_source_public":"Compiled public recovery and lineage context; expert review recommended","public_notes":"McQueary Creek is shown as a named-water occurrence within watershed-level cutthroat lineage context. This is not a precise biological boundary."}},{"type":"Feature","geometry":{"type":"LineString","coordinates":[[-106.0734,40.1314],[-106.0729,40.1299]]},"properties":{"source_id":"co_named_stream_079234","name":"McQueary Creek","display_name":"McQueary Creek","mapped_name":"McQueary Creek","source_name":"McQueary Creek","state":"CO","atlas_class":"named_natural_stream","huc8":"14010001","huc8Name":"Colorado Headwaters","huc8States":"CO","lineageKey":"coloradoRiver","lineage":"coloradoRiver","historic":"coloradoRiver","current":"coloradoRiver","recovery":"recoveryWatch","lineageLabel":"Colorado River green lineage","lineageBasin":"Colorado Headwaters","lineageNote":"Upper Colorado green-lineage context","atlas_context":"cutthroat_lineage_context","confidence":"Watershed-level lineage context; expert review recommended","geometryStatus":"Named natural stream segment from statewide hydrography","note":"This named natural stream falls within a HUC8 assigned to a cutthroat lineage context.","source_segment_id":"co_named_stream_079234","water_id":"co_mcqueary_creek_14010001_coloradoRiver_001","occurrence_id":"co_mcqueary_creek_14010001_coloradoRiver_001","occurrence_number":"001","segment_count":24,"disambiguator":"Colorado Headwaters · Colorado River green lineage · occurrence 001","basin":"Colorado Headwaters","atlas_layer":"named_water_occurrence","object_role":"named_water_occurrence","historic_label":"Colorado River green lineage","current_label":"Colorado River green lineage","recovery_label":"Recovery watch / review area","tier":"tier2","minZoom":12,"confidence_public":"Watershed-level lineage context; expert review recommended","geometry_status_public":"Named natural stream occurrence from statewide hydrography","geometry_source_public":"Grouped public hydrography segments","trout_source_public":"Compiled public recovery and lineage context; expert review recommended","public_notes":"McQueary Creek is shown as a named-water occurrence within watershed-level cutthroat lineage context. This is not a precise biological boundary."}},{"type":"Feature","geometry":{"type":"LineString","coordinates":[[-106.0004,40.1962],[-106.002,40.1931]]},"properties":{"source_id":"co_named_stream_066792","name":"Gold Run","display_name":"Gold Run","mapped_name":"Gold Run","source_name":"Gold Run","state":"CO","atlas_class":"named_natural_stream","huc8":"14010001","huc8Name":"Colorado Headwaters","huc8States":"CO","lineageKey":"coloradoRiver","lineage":"coloradoRiver","historic":"coloradoRiver","current":"coloradoRiver","recovery":"recoveryWatch","lineageLabel":"Colorado River green lineage","lineageBasin":"Colorado Headwaters","lineageNote":"Upper Colorado green-lineage context","atlas_context":"cutthroat_lineage_context","confidence":"Watershed-level lineage context; expert review recommended","geometryStatus":"Named natural stream segment from statewide hydrography","note":"This named natural stream falls within a HUC8 assigned to a cutthroat lineage context.","source_segment_id":"co_named_stream_066792","water_id":"co_gold_run_14010001_coloradoRiver_001","occurrence_id":"co_gold_run_14010001_coloradoRiver_001","occurrence_number":"001","segment_count":28,"disambiguator":"Colorado Headwaters · Colorado River green lineage · occurrence 001","basin":"Colorado Headwaters","atlas_layer":"named_water_occurrence","object_role":"named_water_occurrence","historic_label":"Colorado River green lineage","current_label":"Colorado River green lineage","recovery_label":"Recovery watch / review area","tier":"tier2","minZoom":12,"confidence_public":"Watershed-level lineage context; expert review recommended","geometry_status_public":"Named natural stream occurrence from statewide hydrography","geometry_source_public":"Grouped public hydrography segments","trout_source_public":"Compiled public recovery and lineage context; expert review recommended","public_notes":"Gold Run is shown as a named-water occurrence within watershed-level cutthroat lineage context. This is not a precise biological boundary."}},{"type":"Feature","geometry":{"type":"LineString","coordinates":[[-106.0002,40.1975],[-106.0001,40.1973]]},"properties":{"source_id":"co_named_stream_066793","name":"Gold Run","display_name":"Gold Run","mapped_name":"Gold Run","source_name":"Gold Run","state":"CO","atlas_class":"named_natural_stream","huc8":"14010001","huc8Name":"Colorado Headwaters","huc8States":"CO","lineageKey":"coloradoRiver","lineage":"coloradoRiver","historic":"coloradoRiver","current":"coloradoRiver","recovery":"recoveryWatch","lineageLabel":"Colorado River green lineage","lineageBasin":"Colorado Headwaters","lineageNote":"Upper Colorado green-lineage context","atlas_context":"cutthroat_lineage_context","confidence":"Watershed-level lineage context; expert review recommended","geometryStatus":"Named natural stream segment from statewide hydrography","note":"This named natural stream falls within a HUC8 assigned to a cutthroat lineage context.","source_segment_id":"co_named_stream_066793","water_id":"co_gold_run_14010001_coloradoRiver_001","occurrence_id":"co_gold_run_14010001_coloradoRiver_001","occurrence_number":"001","segment_count":28,"disambiguator":"Colorado Headwaters · Colorado River green lineage · occurrence 001","basin":"Colorado Headwaters","atlas_layer":"named_water_occurrence","object_role":"named_water_occurrence","historic_label":"Colorado River green lineage","current_label":"Colorado River green lineage","recovery_label":"Recovery watch / review area","tier":"tier2","minZoom":12,"confidence_public":"Watershed-level lineage context; expert review recommended","geometry_status_public":"Named natural stream occurrence from statewide hydrography","geometry_source_public":"Grouped public hydrography segments","trout_source_public":"Compiled public recovery and lineage context; expert review recommended","public_notes":"Gold Run is shown as a named-water occurrence within watershed-level cutthroat lineage context. This is not a precise biological boundary."}},{"type":"Feature","geometry":{"type":"LineString","coordinates":[[-106.002,40.1931],[-106.0035,40.1921]]},"properties":{"source_id":"co_named_stream_066797","name":"Gold Run","display_name":"Gold Run","mapped_name":"Gold Run","source_name":"Gold Run","state":"CO","atlas_class":"named_natural_stream","huc8":"14010001","huc8Name":"Colorado Headwaters","huc8States":"CO","lineageKey":"coloradoRiver","lineage":"coloradoRiver","historic":"coloradoRiver","current":"coloradoRiver","recovery":"recoveryWatch","lineageLabel":"Colorado River green lineage","lineageBasin":"Colorado Headwaters","lineageNote":"Upper Colorado green-lineage context","atlas_context":"cutthroat_lineage_context","confidence":"Watershed-level lineage context; expert review recommended","geometryStatus":"Named natural stream segment from statewide hydrography","note":"This named natural stream falls within a HUC8 assigned to a cutthroat lineage context.","source_segment_id":"co_named_stream_066797","water_id":"co_gold_run_14010001_coloradoRiver_001","occurrence_id":"co_gold_run_14010001_coloradoRiver_001","occurrence_number":"001","segment_count":28,"disambiguator":"Colorado Headwaters · Colorado River green lineage · occurrence 001","basin":"Colorado Headwaters","atlas_layer":"named_water_occurrence","object_role":"named_water_occurrence","historic_label":"Colorado River green lineage","current_label":"Colorado River green lineage","recovery_label":"Recovery watch / review area","tier":"tier2","minZoom":12,"confidence_public":"Watershed-level lineage context; expert review recommended","geometry_status_public":"Named natural stream occurrence from statewide hydrography","geometry_source_public":"Grouped public hydrography segments","trout_source_public":"Compiled public recovery and lineage context; expert review recommended","public_notes":"Gold Run is shown as a named-water occurrence within watershed-level cutthroat lineage context. This is not a precise biological boundary."}},{"type":"Feature","geometry":{"type":"LineString","coordinates":[[-106.0037,40.192],[-106.0046,40.1911]]},"properties":{"source_id":"co_named_stream_066802","name":"Gold Run","display_name":"Gold Run","mapped_name":"Gold Run","source_name":"Gold Run","state":"CO","atlas_class":"named_natural_stream","huc8":"14010001","huc8Name":"Colorado Headwaters","huc8States":"CO","lineageKey":"coloradoRiver","lineage":"coloradoRiver","historic":"coloradoRiver","current":"coloradoRiver","recovery":"recoveryWatch","lineageLabel":"Colorado River green lineage","lineageBasin":"Colorado Headwaters","lineageNote":"Upper Colorado green-lineage context","atlas_context":"cutthroat_lineage_context","confidence":"Watershed-level lineage context; expert review recommended","geometryStatus":"Named natural stream segment from statewide hydrography","note":"This named natural stream falls within a HUC8 assigned to a cutthroat lineage context.","source_segment_id":"co_named_stream_066802","water_id":"co_gold_run_14010001_coloradoRiver_001","occurrence_id":"co_gold_run_14010001_coloradoRiver_001","occurrence_number":"001","segment_count":28,"disambiguator":"Colorado Headwaters · Colorado River green lineage · occurrence 001","basin":"Colorado Headwaters","atlas_layer":"named_water_occurrence","object_role":"named_water_occurrence","historic_label":"Colorado River green lineage","current_label":"Colorado River green lineage","recovery_label":"Recovery watch / review area","tier":"tier2","minZoom":12,"confidence_public":"Watershed-level lineage context; expert review recommended","geometry_status_public":"Named natural stream occurrence from statewide hydrography","geometry_source_public":"Grouped public hydrography segments","trout_source_public":"Compiled public recovery and lineage context; expert review recommended","public_notes":"Gold Run is shown as a named-water occurrence within watershed-level cutthroat lineage context. This is not a precise biological boundary."}},{"type":"Feature","geometry":{"type":"LineString","coordinates":[[-106.0049,40.1907],[-106.0058,40.1881],[-106.0076,40.1867]]},"properties":{"source_id":"co_named_stream_066805","name":"Gold Run","display_name":"Gold Run","mapped_name":"Gold Run","source_name":"Gold Run","state":"CO","atlas_class":"named_natural_stream","huc8":"14010001","huc8Name":"Colorado Headwaters","huc8States":"CO","lineageKey":"coloradoRiver","lineage":"coloradoRiver","historic":"coloradoRiver","current":"coloradoRiver","recovery":"recoveryWatch","lineageLabel":"Colorado River green lineage","lineageBasin":"Colorado Headwaters","lineageNote":"Upper Colorado green-lineage context","atlas_context":"cutthroat_lineage_context","confidence":"Watershed-level lineage context; expert review recommended","geometryStatus":"Named natural stream segment from statewide hydrography","note":"This named natural stream falls within a HUC8 assigned to a cutthroat lineage context.","source_segment_id":"co_named_stream_066805","water_id":"co_gold_run_14010001_coloradoRiver_001","occurrence_id":"co_gold_run_14010001_coloradoRiver_001","occurrence_number":"001","segment_count":28,"disambiguator":"Colorado Headwaters · Colorado River green lineage · occurrence 001","basin":"Colorado Headwaters","atlas_layer":"named_water_occurrence","object_role":"named_water_occurrence","historic_label":"Colorado River green lineage","current_label":"Colorado River green lineage","recovery_label":"Recovery watch / review area","tier":"tier2","minZoom":12,"confidence_public":"Watershed-level lineage context; expert review recommended","geometry_status_public":"Named natural stream occurrence from statewide hydrography","geometry_source_public":"Grouped public hydrography segments","trout_source_public":"Compiled public recovery and lineage context; expert review recommended","public_notes":"Gold Run is shown as a named-water occurrence within watershed-level cutthroat lineage context. This is not a precise biological boundary."}},{"type":"Feature","geometry":{"type":"LineString","coordinates":[[-106.0076,40.1867],[-106.0089,40.182]]},"properties":{"source_id":"co_named_stream_066814","name":"Gold Run","display_name":"Gold Run","mapped_name":"Gold Run","source_name":"Gold Run","state":"CO","atlas_class":"named_natural_stream","huc8":"14010001","huc8Name":"Colorado Headwaters","huc8States":"CO","lineageKey":"coloradoRiver","lineage":"coloradoRiver","historic":"coloradoRiver","current":"coloradoRiver","recovery":"recoveryWatch","lineageLabel":"Colorado River green lineage","lineageBasin":"Colorado Headwaters","lineageNote":"Upper Colorado green-lineage context","atlas_context":"cutthroat_lineage_context","confidence":"Watershed-level lineage context; expert review recommended","geometryStatus":"Named natural stream segment from statewide hydrography","note":"This named natural stream falls within a HUC8 assigned to a cutthroat lineage context.","source_segment_id":"co_named_stream_066814","water_id":"co_gold_run_14010001_coloradoRiver_001","occurrence_id":"co_gold_run_14010001_coloradoRiver_001","occurrence_number":"001","segment_count":28,"disambiguator":"Colorado Headwaters · Colorado River green lineage · occurrence 001","basin":"Colorado Headwaters","atlas_layer":"named_water_occurrence","object_role":"named_water_occurrence","historic_label":"Colorado River green lineage","current_label":"Colorado River green lineage","recovery_label":"Recovery watch / review area","tier":"tier2","minZoom":12,"confidence_public":"Watershed-level lineage context; expert review recommended","geometry_status_public":"Named natural stream occurrence from statewide hydrography","geometry_source_public":"Grouped public hydrography segments","trout_source_public":"Compiled public recovery and lineage context; expert review recommended","public_notes":"Gold Run is shown as a named-water occurrence within watershed-level cutthroat lineage context. This is not a precise biological boundary."}},{"type":"Feature","geometry":{"type":"LineString","coordinates":[[-106.0001,40.1978],[-106.0002,40.1975]]},"properties":{"source_id":"co_named_stream_066822","name":"Gold Run","display_name":"Gold Run","mapped_name":"Gold Run","source_name":"Gold Run","state":"CO","atlas_class":"named_natural_stream","huc8":"14010001","huc8Name":"Colorado Headwaters","huc8States":"CO","lineageKey":"coloradoRiver","lineage":"coloradoRiver","historic":"coloradoRiver","current":"coloradoRiver","recovery":"recoveryWatch","lineageLabel":"Colorado River green lineage","lineageBasin":"Colorado Headwaters","lineageNote":"Upper Colorado green-lineage context","atlas_context":"cutthroat_lineage_context","confidence":"Watershed-level lineage context; expert review recommended","geometryStatus":"Named natural stream segment from statewide hydrography","note":"This named natural stream falls within a HUC8 assigned to a cutthroat lineage context.","source_segment_id":"co_named_stream_066822","water_id":"co_gold_run_14010001_coloradoRiver_001","occurrence_id":"co_gold_run_14010001_coloradoRiver_001","occurrence_number":"001","segment_count":28,"disambiguator":"Colorado Headwaters · Colorado River green lineage · occurrence 001","basin":"Colorado Headwaters","atlas_layer":"named_water_occurrence","object_role":"named_water_occurrence","historic_label":"Colorado River green lineage","current_label":"Colorado River green lineage","recovery_label":"Recovery watch / review area","tier":"tier2","minZoom":12,"confidence_public":"Watershed-level lineage context; expert review recommended","geometry_status_public":"Named natural stream occurrence from statewide hydrography","geometry_source_public":"Grouped public hydrography segments","trout_source_public":"Compiled public recovery and lineage context; expert review recommended","public_notes":"Gold Run is shown as a named-water occurrence within watershed-level cutthroat lineage context. This is not a precise biological boundary."}},{"type":"Feature","geometry":{"type":"LineString","coordinates":[[-106.009,40.1818],[-106.0095,40.1804]]},"properties":{"source_id":"co_named_stream_066823","name":"Gold Run","display_name":"Gold Run","mapped_name":"Gold Run","source_name":"Gold Run","state":"CO","atlas_class":"named_natural_stream","huc8":"14010001","huc8Name":"Colorado Headwaters","huc8States":"CO","lineageKey":"coloradoRiver","lineage":"coloradoRiver","historic":"coloradoRiver","current":"coloradoRiver","recovery":"recoveryWatch","lineageLabel":"Colorado River green lineage","lineageBasin":"Colorado Headwaters","lineageNote":"Upper Colorado green-lineage context","atlas_context":"cutthroat_lineage_context","confidence":"Watershed-level lineage context; expert review recommended","geometryStatus":"Named natural stream segment from statewide hydrography","note":"This named natural stream falls within a HUC8 assigned to a cutthroat lineage context.","source_segment_id":"co_named_stream_066823","water_id":"co_gold_run_14010001_coloradoRiver_001","occurrence_id":"co_gold_run_14010001_coloradoRiver_001","occurrence_number":"001","segment_count":28,"disambiguator":"Colorado Headwaters · Colorado River green lineage · occurrence 001","basin":"Colorado Headwaters","atlas_layer":"named_water_occurrence","object_role":"named_water_occurrence","historic_label":"Colorado River green lineage","current_label":"Colorado River green lineage","recovery_label":"Recovery watch / review area","tier":"tier2","minZoom":12,"confidence_public":"Watershed-level lineage context; expert review recommended","geometry_status_public":"Named natural stream occurrence from statewide hydrography","geometry_source_public":"Grouped public hydrography segments","trout_source_public":"Compiled public recovery and lineage context; expert review recommended","public_notes":"Gold Run is shown as a named-water occurrence within watershed-level cutthroat lineage context. This is not a precise biological boundary."}},{"type":"Feature","geometry":{"type":"LineString","coordinates":[[-106.0046,40.1911],[-106.0047,40.1909]]},"properties":{"source_id":"co_named_stream_066832","name":"Gold Run","display_name":"Gold Run","mapped_name":"Gold Run","source_name":"Gold Run","state":"CO","atlas_class":"named_natural_stream","huc8":"14010001","huc8Name":"Colorado Headwaters","huc8States":"CO","lineageKey":"coloradoRiver","lineage":"coloradoRiver","historic":"coloradoRiver","current":"coloradoRiver","recovery":"recoveryWatch","lineageLabel":"Colorado River green lineage","lineageBasin":"Colorado Headwaters","lineageNote":"Upper Colorado green-lineage context","atlas_context":"cutthroat_lineage_context","confidence":"Watershed-level lineage context; expert review recommended","geometryStatus":"Named natural stream segment from statewide hydrography","note":"This named natural stream falls within a HUC8 assigned to a cutthroat lineage context.","source_segment_id":"co_named_stream_066832","water_id":"co_gold_run_14010001_coloradoRiver_001","occurrence_id":"co_gold_run_14010001_coloradoRiver_001","occurrence_number":"001","segment_count":28,"disambiguator":"Colorado Headwaters · Colorado River green lineage · occurrence 001","basin":"Colorado Headwaters","atlas_layer":"named_water_occurrence","object_role":"named_water_occurrence","historic_label":"Colorado River green lineage","current_label":"Colorado River green lineage","recovery_label":"Recovery watch / review area","tier":"tier2","minZoom":12,"confidence_public":"Watershed-level lineage context; expert review recommended","geometry_status_public":"Named natural stream occurrence from statewide hydrography","geometry_source_public":"Grouped public hydrography segments","trout_source_public":"Compiled public recovery and lineage context; expert review recommended","public_notes":"Gold Run is shown as a named-water occurrence within watershed-level cutthroat lineage context. This is not a precise biological boundary."}},{"type":"Feature","geometry":{"type":"LineString","coordinates":[[-106.0031,40.2479],[-106.0022,40.2439],[-105.995,40.2402],[-105.9943,40.2384],[-105.9906,40.2346]]},"properties":{"source_id":"co_named_stream_067427","name":"Gold Run","display_name":"Gold Run","mapped_name":"Gold Run","source_name":"Gold Run","state":"CO","atlas_class":"named_natural_stream","huc8":"14010001","huc8Name":"Colorado Headwaters","huc8States":"CO","lineageKey":"coloradoRiver","lineage":"coloradoRiver","historic":"coloradoRiver","current":"coloradoRiver","recovery":"recoveryWatch","lineageLabel":"Colorado River green lineage","lineageBasin":"Colorado Headwaters","lineageNote":"Upper Colorado green-lineage context","atlas_context":"cutthroat_lineage_context","confidence":"Watershed-level lineage context; expert review recommended","geometryStatus":"Named natural stream segment from statewide hydrography","note":"This named natural stream falls within a HUC8 assigned to a cutthroat lineage context.","source_segment_id":"co_named_stream_067427","water_id":"co_gold_run_14010001_coloradoRiver_001","occurrence_id":"co_gold_run_14010001_coloradoRiver_001","occurrence_number":"001","segment_count":28,"disambiguator":"Colorado Headwaters · Colorado River green lineage · occurrence 001","basin":"Colorado Headwaters","atlas_layer":"named_water_occurrence","object_role":"named_water_occurrence","historic_label":"Colorado River green lineage","current_label":"Colorado River green lineage","recovery_label":"Recovery watch / review area","tier":"tier2","minZoom":12,"confidence_public":"Watershed-level lineage context; expert review recommended","geometry_status_public":"Named natural stream occurrence from statewide hydrography","geometry_source_public":"Grouped public hydrography segments","trout_source_public":"Compiled public recovery and lineage context; expert review recommended","public_notes":"Gold Run is shown as a named-water occurrence within watershed-level cutthroat lineage context. This is not a precise biological boundary."}},{"type":"Feature","geometry":{"type":"LineString","coordinates":[[-106.0487,40.1321],[-106.049,40.1316]]},"properties":{"source_id":"co_named_stream_066863","name":"Drowsy Water Creek","display_name":"Drowsy Water Creek","mapped_name":"Drowsy Water Creek","source_name":"Drowsy Water Creek","state":"CO","atlas_class":"named_natural_stream","huc8":"14010001","huc8Name":"Colorado Headwaters","huc8States":"CO","lineageKey":"coloradoRiver","lineage":"coloradoRiver","historic":"coloradoRiver","current":"coloradoRiver","recovery":"recoveryWatch","lineageLabel":"Colorado River green lineage","lineageBasin":"Colorado Headwaters","lineageNote":"Upper Colorado green-lineage context","atlas_context":"cutthroat_lineage_context","confidence":"Watershed-level lineage context; expert review recommended","geometryStatus":"Named natural stream segment from statewide hydrography","note":"This named natural stream falls within a HUC8 assigned to a cutthroat lineage context.","source_segment_id":"co_named_stream_066863","water_id":"co_drowsy_water_creek_14010001_coloradoRiver_001","occurrence_id":"co_drowsy_water_creek_14010001_coloradoRiver_001","occurrence_number":"001","segment_count":48,"disambiguator":"Colorado Headwaters · Colorado River green lineage · occurrence 001","basin":"Colorado Headwaters","atlas_layer":"named_water_occurrence","object_role":"named_water_occurrence","historic_label":"Colorado River green lineage","current_label":"Colorado River green lineage","recovery_label":"Recovery watch / review area","tier":"tier2","minZoom":12,"confidence_public":"Watershed-level lineage context; expert review recommended","geometry_status_public":"Named natural stream occurrence from statewide hydrography","geometry_source_public":"Grouped public hydrography segments","trout_source_public":"Compiled public recovery and lineage context; expert review recommended","public_notes":"Drowsy Water Creek is shown as a named-water occurrence within watershed-level cutthroat lineage context. This is not a precise biological boundary."}},{"type":"Feature","geometry":{"type":"LineString","coordinates":[[-106.0489,40.1264],[-106.0489,40.1263]]},"properties":{"source_id":"co_named_stream_066864","name":"Drowsy Water Creek","display_name":"Drowsy Water Creek","mapped_name":"Drowsy Water Creek","source_name":"Drowsy Water Creek","state":"CO","atlas_class":"named_natural_stream","huc8":"14010001","huc8Name":"Colorado Headwaters","huc8States":"CO","lineageKey":"coloradoRiver","lineage":"coloradoRiver","historic":"coloradoRiver","current":"coloradoRiver","recovery":"recoveryWatch","lineageLabel":"Colorado River green lineage","lineageBasin":"Colorado Headwaters","lineageNote":"Upper Colorado green-lineage context","atlas_context":"cutthroat_lineage_context","confidence":"Watershed-level lineage context; expert review recommended","geometryStatus":"Named natural stream segment from statewide hydrography","note":"This named natural stream falls within a HUC8 assigned to a cutthroat lineage context.","source_segment_id":"co_named_stream_066864","water_id":"co_drowsy_water_creek_14010001_coloradoRiver_001","occurrence_id":"co_drowsy_water_creek_14010001_coloradoRiver_001","occurrence_number":"001","segment_count":48,"disambiguator":"Colorado Headwaters · Colorado River green lineage · occurrence 001","basin":"Colorado Headwaters","atlas_layer":"named_water_occurrence","object_role":"named_water_occurrence","historic_label":"Colorado River green lineage","current_label":"Colorado River green lineage","recovery_label":"Recovery watch / review area","tier":"tier2","minZoom":12,"confidence_public":"Watershed-level lineage context; expert review recommended","geometry_status_public":"Named natural stream occurrence from statewide hydrography","geometry_source_public":"Grouped public hydrography segments","trout_source_public":"Compiled public recovery and lineage context; expert review recommended","public_notes":"Drowsy Water Creek is shown as a named-water occurrence within watershed-level cutthroat lineage context. This is not a precise biological boundary."}},{"type":"Feature","geometry":{"type":"LineString","coordinates":[[-106.049,40.1261],[-106.049,40.1247]]},"properties":{"source_id":"co_named_stream_066867","name":"Drowsy Water Creek","display_name":"Drowsy Water Creek","mapped_name":"Drowsy Water Creek","source_name":"Drowsy Water Creek","state":"CO","atlas_class":"named_natural_stream","huc8":"14010001","huc8Name":"Colorado Headwaters","huc8States":"CO","lineageKey":"coloradoRiver","lineage":"coloradoRiver","historic":"coloradoRiver","current":"coloradoRiver","recovery":"recoveryWatch","lineageLabel":"Colorado River green lineage","lineageBasin":"Colorado Headwaters","lineageNote":"Upper Colorado green-lineage context","atlas_context":"cutthroat_lineage_context","confidence":"Watershed-level lineage context; expert review recommended","geometryStatus":"Named natural stream segment from statewide hydrography","note":"This named natural stream falls within a HUC8 assigned to a cutthroat lineage context.","source_segment_id":"co_named_stream_066867","water_id":"co_drowsy_water_creek_14010001_coloradoRiver_001","occurrence_id":"co_drowsy_water_creek_14010001_coloradoRiver_001","occurrence_number":"001","segment_count":48,"disambiguator":"Colorado Headwaters · Colorado River green lineage · occurrence 001","basin":"Colorado Headwaters","atlas_layer":"named_water_occurrence","object_role":"named_water_occurrence","historic_label":"Colorado River green lineage","current_label":"Colorado River green lineage","recovery_label":"Recovery watch / review area","tier":"tier2","minZoom":12,"confidence_public":"Watershed-level lineage context; expert review recommended","geometry_status_public":"Named natural stream occurrence from statewide hydrography","geometry_source_public":"Grouped public hydrography segments","trout_source_public":"Compiled public recovery and lineage context; expert review recommended","public_notes":"Drowsy Water Creek is shown as a named-water occurrence within watershed-level cutthroat lineage context. This is not a precise biological boundary."}},{"type":"Feature","geometry":{"type":"LineString","coordinates":[[-106.0487,40.1338],[-106.0487,40.1321]]},"properties":{"source_id":"co_named_stream_066869","name":"Drowsy Water Creek","display_name":"Drowsy Water Creek","mapped_name":"Drowsy Water Creek","source_name":"Drowsy Water Creek","state":"CO","atlas_class":"named_natural_stream","huc8":"14010001","huc8Name":"Colorado Headwaters","huc8States":"CO","lineageKey":"coloradoRiver","lineage":"coloradoRiver","historic":"coloradoRiver","current":"coloradoRiver","recovery":"recoveryWatch","lineageLabel":"Colorado River green lineage","lineageBasin":"Colorado Headwaters","lineageNote":"Upper Colorado green-lineage context","atlas_context":"cutthroat_lineage_context","confidence":"Watershed-level lineage context; expert review recommended","geometryStatus":"Named natural stream segment from statewide hydrography","note":"This named natural stream falls within a HUC8 assigned to a cutthroat lineage context.","source_segment_id":"co_named_stream_066869","water_id":"co_drowsy_water_creek_14010001_coloradoRiver_001","occurrence_id":"co_drowsy_water_creek_14010001_coloradoRiver_001","occurrence_number":"001","segment_count":48,"disambiguator":"Colorado Headwaters · Colorado River green lineage · occurrence 001","basin":"Colorado Headwaters","atlas_layer":"named_water_occurrence","object_role":"named_water_occurrence","historic_label":"Colorado River green lineage","current_label":"Colorado River green lineage","recovery_label":"Recovery watch / review area","tier":"tier2","minZoom":12,"confidence_public":"Watershed-level lineage context; expert review recommended","geometry_status_public":"Named natural stream occurrence from statewide hydrography","geometry_source_public":"Grouped public hydrography segments","trout_source_public":"Compiled public recovery and lineage context; expert review recommended","public_notes":"Drowsy Water Creek is shown as a named-water occurrence within watershed-level cutthroat lineage context. This is not a precise biological boundary."}},{"type":"Feature","geometry":{"type":"LineString","coordinates":[[-106.049,40.1316],[-106.0501,40.1303],[-106.0485,40.1274]]},"properties":{"source_id":"co_named_stream_066873","name":"Drowsy Water Creek","display_name":"Drowsy Water Creek","mapped_name":"Drowsy Water Creek","source_name":"Drowsy Water Creek","state":"CO","atlas_class":"named_natural_stream","huc8":"14010001","huc8Name":"Colorado Headwaters","huc8States":"CO","lineageKey":"coloradoRiver","lineage":"coloradoRiver","historic":"coloradoRiver","current":"coloradoRiver","recovery":"recoveryWatch","lineageLabel":"Colorado River green lineage","lineageBasin":"Colorado Headwaters","lineageNote":"Upper Colorado green-lineage context","atlas_context":"cutthroat_lineage_context","confidence":"Watershed-level lineage context; expert review recommended","geometryStatus":"Named natural stream segment from statewide hydrography","note":"This named natural stream falls within a HUC8 assigned to a cutthroat lineage context.","source_segment_id":"co_named_stream_066873","water_id":"co_drowsy_water_creek_14010001_coloradoRiver_001","occurrence_id":"co_drowsy_water_creek_14010001_coloradoRiver_001","occurrence_number":"001","segment_count":48,"disambiguator":"Colorado Headwaters · Colorado River green lineage · occurrence 001","basin":"Colorado Headwaters","atlas_layer":"named_water_occurrence","object_role":"named_water_occurrence","historic_label":"Colorado River green lineage","current_label":"Colorado River green lineage","recovery_label":"Recovery watch / review area","tier":"tier2","minZoom":12,"confidence_public":"Watershed-level lineage context; expert review recommended","geometry_status_public":"Named natural stream occurrence from statewide hydrography","geometry_source_public":"Grouped public hydrography segments","trout_source_public":"Compiled public recovery and lineage context; expert review recommended","public_notes":"Drowsy Water Creek is shown as a named-water occurrence within watershed-level cutthroat lineage context. This is not a precise biological boundary."}},{"type":"Feature","geometry":{"type":"LineString","coordinates":[[-106.0487,40.1348],[-106.0488,40.134]]},"properties":{"source_id":"co_named_stream_066875","name":"Drowsy Water Creek","display_name":"Drowsy Water Creek","mapped_name":"Drowsy Water Creek","source_name":"Drowsy Water Creek","state":"CO","atlas_class":"named_natural_stream","huc8":"14010001","huc8Name":"Colorado Headwaters","huc8States":"CO","lineageKey":"coloradoRiver","lineage":"coloradoRiver","historic":"coloradoRiver","current":"coloradoRiver","recovery":"recoveryWatch","lineageLabel":"Colorado River green lineage","lineageBasin":"Colorado Headwaters","lineageNote":"Upper Colorado green-lineage context","atlas_context":"cutthroat_lineage_context","confidence":"Watershed-level lineage context; expert review recommended","geometryStatus":"Named natural stream segment from statewide hydrography","note":"This named natural stream falls within a HUC8 assigned to a cutthroat lineage context.","source_segment_id":"co_named_stream_066875","water_id":"co_drowsy_water_creek_14010001_coloradoRiver_001","occurrence_id":"co_drowsy_water_creek_14010001_coloradoRiver_001","occurrence_number":"001","segment_count":48,"disambiguator":"Colorado Headwaters · Colorado River green lineage · occurrence 001","basin":"Colorado Headwaters","atlas_layer":"named_water_occurrence","object_role":"named_water_occurrence","historic_label":"Colorado River green lineage","current_label":"Colorado River green lineage","recovery_label":"Recovery watch / review area","tier":"tier2","minZoom":12,"confidence_public":"Watershed-level lineage context; expert review recommended","geometry_status_public":"Named natural stream occurrence from statewide hydrography","geometry_source_public":"Grouped public hydrography segments","trout_source_public":"Compiled public recovery and lineage context; expert review recommended","public_notes":"Drowsy Water Creek is shown as a named-water occurrence within watershed-level cutthroat lineage context. This is not a precise biological boundary."}},{"type":"Feature","geometry":{"type":"LineString","coordinates":[[-106.0479,40.116],[-106.0475,40.1129]]},"properties":{"source_id":"co_named_stream_066881","name":"Drowsy Water Creek","display_name":"Drowsy Water Creek","mapped_name":"Drowsy Water Creek","source_name":"Drowsy Water Creek","state":"CO","atlas_class":"named_natural_stream","huc8":"14010001","huc8Name":"Colorado Headwaters","huc8States":"CO","lineageKey":"coloradoRiver","lineage":"coloradoRiver","historic":"coloradoRiver","current":"coloradoRiver","recovery":"recoveryWatch","lineageLabel":"Colorado River green lineage","lineageBasin":"Colorado Headwaters","lineageNote":"Upper Colorado green-lineage context","atlas_context":"cutthroat_lineage_context","confidence":"Watershed-level lineage context; expert review recommended","geometryStatus":"Named natural stream segment from statewide hydrography","note":"This named natural stream falls within a HUC8 assigned to a cutthroat lineage context.","source_segment_id":"co_named_stream_066881","water_id":"co_drowsy_water_creek_14010001_coloradoRiver_001","occurrence_id":"co_drowsy_water_creek_14010001_coloradoRiver_001","occurrence_number":"001","segment_count":48,"disambiguator":"Colorado Headwaters · Colorado River green lineage · occurrence 001","basin":"Colorado Headwaters","atlas_layer":"named_water_occurrence","object_role":"named_water_occurrence","historic_label":"Colorado River green lineage","current_label":"Colorado River green lineage","recovery_label":"Recovery watch / review area","tier":"tier2","minZoom":12,"confidence_public":"Watershed-level lineage context; expert review recommended","geometry_status_public":"Named natural stream occurrence from statewide hydrography","geometry_source_public":"Grouped public hydrography segments","trout_source_public":"Compiled public recovery and lineage context; expert review recommended","public_notes":"Drowsy Water Creek is shown as a named-water occurrence within watershed-level cutthroat lineage context. This is not a precise biological boundary."}},{"type":"Feature","geometry":{"type":"LineString","coordinates":[[-106.0475,40.1129],[-106.0475,40.1125]]},"properties":{"source_id":"co_named_stream_066886","name":"Drowsy Water Creek","display_name":"Drowsy Water Creek","mapped_name":"Drowsy Water Creek","source_name":"Drowsy Water Creek","state":"CO","atlas_class":"named_natural_stream","huc8":"14010001","huc8Name":"Colorado Headwaters","huc8States":"CO","lineageKey":"coloradoRiver","lineage":"coloradoRiver","historic":"coloradoRiver","current":"coloradoRiver","recovery":"recoveryWatch","lineageLabel":"Colorado River green lineage","lineageBasin":"Colorado Headwaters","lineageNote":"Upper Colorado green-lineage context","atlas_context":"cutthroat_lineage_context","confidence":"Watershed-level lineage context; expert review recommended","geometryStatus":"Named natural stream segment from statewide hydrography","note":"This named natural stream falls within a HUC8 assigned to a cutthroat lineage context.","source_segment_id":"co_named_stream_066886","water_id":"co_drowsy_water_creek_14010001_coloradoRiver_001","occurrence_id":"co_drowsy_water_creek_14010001_coloradoRiver_001","occurrence_number":"001","segment_count":48,"disambiguator":"Colorado Headwaters · Colorado River green lineage · occurrence 001","basin":"Colorado Headwaters","atlas_layer":"named_water_occurrence","object_role":"named_water_occurrence","historic_label":"Colorado River green lineage","current_label":"Colorado River green lineage","recovery_label":"Recovery watch / review area","tier":"tier2","minZoom":12,"confidence_public":"Watershed-level lineage context; expert review recommended","geometry_status_public":"Named natural stream occurrence from statewide hydrography","geometry_source_public":"Grouped public hydrography segments","trout_source_public":"Compiled public recovery and lineage context; expert review recommended","public_notes":"Drowsy Water Creek is shown as a named-water occurrence within watershed-level cutthroat lineage context. This is not a precise biological boundary."}},{"type":"Feature","geometry":{"type":"LineString","coordinates":[[-106.0477,40.1183],[-106.0479,40.116]]},"properties":{"source_id":"co_named_stream_066894","name":"Drowsy Water Creek","display_name":"Drowsy Water Creek","mapped_name":"Drowsy Water Creek","source_name":"Drowsy Water Creek","state":"CO","atlas_class":"named_natural_stream","huc8":"14010001","huc8Name":"Colorado Headwaters","huc8States":"CO","lineageKey":"coloradoRiver","lineage":"coloradoRiver","historic":"coloradoRiver","current":"coloradoRiver","recovery":"recoveryWatch","lineageLabel":"Colorado River green lineage","lineageBasin":"Colorado Headwaters","lineageNote":"Upper Colorado green-lineage context","atlas_context":"cutthroat_lineage_context","confidence":"Watershed-level lineage context; expert review recommended","geometryStatus":"Named natural stream segment from statewide hydrography","note":"This named natural stream falls within a HUC8 assigned to a cutthroat lineage context.","source_segment_id":"co_named_stream_066894","water_id":"co_drowsy_water_creek_14010001_coloradoRiver_001","occurrence_id":"co_drowsy_water_creek_14010001_coloradoRiver_001","occurrence_number":"001","segment_count":48,"disambiguator":"Colorado Headwaters · Colorado River green lineage · occurrence 001","basin":"Colorado Headwaters","atlas_layer":"named_water_occurrence","object_role":"named_water_occurrence","historic_label":"Colorado River green lineage","current_label":"Colorado River green lineage","recovery_label":"Recovery watch / review area","tier":"tier2","minZoom":12,"confidence_public":"Watershed-level lineage context; expert review recommended","geometry_status_public":"Named natural stream occurrence from statewide hydrography","geometry_source_public":"Grouped public hydrography segments","trout_source_public":"Compiled public recovery and lineage context; expert review recommended","public_notes":"Drowsy Water Creek is shown as a named-water occurrence within watershed-level cutthroat lineage context. This is not a precise biological boundary."}},{"type":"Feature","geometry":{"type":"LineString","coordinates":[[-106.046,40.1104],[-106.046,40.1103]]},"properties":{"source_id":"co_named_stream_066895","name":"Drowsy Water Creek","display_name":"Drowsy Water Creek","mapped_name":"Drowsy Water Creek","source_name":"Drowsy Water Creek","state":"CO","atlas_class":"named_natural_stream","huc8":"14010001","huc8Name":"Colorado Headwaters","huc8States":"CO","lineageKey":"coloradoRiver","lineage":"coloradoRiver","historic":"coloradoRiver","current":"coloradoRiver","recovery":"recoveryWatch","lineageLabel":"Colorado River green lineage","lineageBasin":"Colorado Headwaters","lineageNote":"Upper Colorado green-lineage context","atlas_context":"cutthroat_lineage_context","confidence":"Watershed-level lineage context; expert review recommended","geometryStatus":"Named natural stream segment from statewide hydrography","note":"This named natural stream falls within a HUC8 assigned to a cutthroat lineage context.","source_segment_id":"co_named_stream_066895","water_id":"co_drowsy_water_creek_14010001_coloradoRiver_001","occurrence_id":"co_drowsy_water_creek_14010001_coloradoRiver_001","occurrence_number":"001","segment_count":48,"disambiguator":"Colorado Headwaters · Colorado River green lineage · occurrence 001","basin":"Colorado Headwaters","atlas_layer":"named_water_occurrence","object_role":"named_water_occurrence","historic_label":"Colorado River green lineage","current_label":"Colorado River green lineage","recovery_label":"Recovery watch / review area","tier":"tier2","minZoom":12,"confidence_public":"Watershed-level lineage context; expert review recommended","geometry_status_public":"Named natural stream occurrence from statewide hydrography","geometry_source_public":"Grouped public hydrography segments","trout_source_public":"Compiled public recovery and lineage context; expert review recommended","public_notes":"Drowsy Water Creek is shown as a named-water occurrence within watershed-level cutthroat lineage context. This is not a precise biological boundary."}},{"type":"Feature","geometry":{"type":"LineString","coordinates":[[-106.1089,40.167],[-106.1023,40.1698],[-106.096,40.1685]]},"properties":{"source_id":"co_named_stream_067312","name":"Drowsy Water Creek","display_name":"Drowsy Water Creek","mapped_name":"Drowsy Water Creek","source_name":"Drowsy Water Creek","state":"CO","atlas_class":"named_natural_stream","huc8":"14010001","huc8Name":"Colorado Headwaters","huc8States":"CO","lineageKey":"coloradoRiver","lineage":"coloradoRiver","historic":"coloradoRiver","current":"coloradoRiver","recovery":"recoveryWatch","lineageLabel":"Colorado River green lineage","lineageBasin":"Colorado Headwaters","lineageNote":"Upper Colorado green-lineage context","atlas_context":"cutthroat_lineage_context","confidence":"Watershed-level lineage context; expert review recommended","geometryStatus":"Named natural stream segment from statewide hydrography","note":"This named natural stream falls within a HUC8 assigned to a cutthroat lineage context.","source_segment_id":"co_named_stream_067312","water_id":"co_drowsy_water_creek_14010001_coloradoRiver_001","occurrence_id":"co_drowsy_water_creek_14010001_coloradoRiver_001","occurrence_number":"001","segment_count":48,"disambiguator":"Colorado Headwaters · Colorado River green lineage · occurrence 001","basin":"Colorado Headwaters","atlas_layer":"named_water_occurrence","object_role":"named_water_occurrence","historic_label":"Colorado River green lineage","current_label":"Colorado River green lineage","recovery_label":"Recovery watch / review area","tier":"tier2","minZoom":12,"confidence_public":"Watershed-level lineage context; expert review recommended","geometry_status_public":"Named natural stream occurrence from statewide hydrography","geometry_source_public":"Grouped public hydrography segments","trout_source_public":"Compiled public recovery and lineage context; expert review recommended","public_notes":"Drowsy Water Creek is shown as a named-water occurrence within watershed-level cutthroat lineage context. This is not a precise biological boundary."}},{"type":"Feature","geometry":{"type":"LineString","coordinates":[[-106.0914,40.1673],[-106.09,40.1671]]},"properties":{"source_id":"co_named_stream_067321","name":"Drowsy Water Creek","display_name":"Drowsy Water Creek","mapped_name":"Drowsy Water Creek","source_name":"Drowsy Water Creek","state":"CO","atlas_class":"named_natural_stream","huc8":"14010001","huc8Name":"Colorado Headwaters","huc8States":"CO","lineageKey":"coloradoRiver","lineage":"coloradoRiver","historic":"coloradoRiver","current":"coloradoRiver","recovery":"recoveryWatch","lineageLabel":"Colorado River green lineage","lineageBasin":"Colorado Headwaters","lineageNote":"Upper Colorado green-lineage context","atlas_context":"cutthroat_lineage_context","confidence":"Watershed-level lineage context; expert review recommended","geometryStatus":"Named natural stream segment from statewide hydrography","note":"This named natural stream falls within a HUC8 assigned to a cutthroat lineage context.","source_segment_id":"co_named_stream_067321","water_id":"co_drowsy_water_creek_14010001_coloradoRiver_001","occurrence_id":"co_drowsy_water_creek_14010001_coloradoRiver_001","occurrence_number":"001","segment_count":48,"disambiguator":"Colorado Headwaters · Colorado River green lineage · occurrence 001","basin":"Colorado Headwaters","atlas_layer":"named_water_occurrence","object_role":"named_water_occurrence","historic_label":"Colorado River green lineage","current_label":"Colorado River green lineage","recovery_label":"Recovery watch / review area","tier":"tier2","minZoom":12,"confidence_public":"Watershed-level lineage context; expert review recommended","geometry_status_public":"Named natural stream occurrence from statewide hydrography","geometry_source_public":"Grouped public hydrography segments","trout_source_public":"Compiled public recovery and lineage context; expert review recommended","public_notes":"Drowsy Water Creek is shown as a named-water occurrence within watershed-level cutthroat lineage context. This is not a precise biological boundary."}},{"type":"Feature","geometry":{"type":"LineString","coordinates":[[-106.09,40.1671],[-106.0874,40.1671]]},"properties":{"source_id":"co_named_stream_067322","name":"Drowsy Water Creek","display_name":"Drowsy Water Creek","mapped_name":"Drowsy Water Creek","source_name":"Drowsy Water Creek","state":"CO","atlas_class":"named_natural_stream","huc8":"14010001","huc8Name":"Colorado Headwaters","huc8States":"CO","lineageKey":"coloradoRiver","lineage":"coloradoRiver","historic":"coloradoRiver","current":"coloradoRiver","recovery":"recoveryWatch","lineageLabel":"Colorado River green lineage","lineageBasin":"Colorado Headwaters","lineageNote":"Upper Colorado green-lineage context","atlas_context":"cutthroat_lineage_context","confidence":"Watershed-level lineage context; expert review recommended","geometryStatus":"Named natural stream segment from statewide hydrography","note":"This named natural stream falls within a HUC8 assigned to a cutthroat lineage context.","source_segment_id":"co_named_stream_067322","water_id":"co_drowsy_water_creek_14010001_coloradoRiver_001","occurrence_id":"co_drowsy_water_creek_14010001_coloradoRiver_001","occurrence_number":"001","segment_count":48,"disambiguator":"Colorado Headwaters · Colorado River green lineage · occurrence 001","basin":"Colorado Headwaters","atlas_layer":"named_water_occurrence","object_role":"named_water_occurrence","historic_label":"Colorado River green lineage","current_label":"Colorado River green lineage","recovery_label":"Recovery watch / review area","tier":"tier2","minZoom":12,"confidence_public":"Watershed-level lineage context; expert review recommended","geometry_status_public":"Named natural stream occurrence from statewide hydrography","geometry_source_public":"Grouped public hydrography segments","trout_source_public":"Compiled public recovery and lineage context; expert review recommended","public_notes":"Drowsy Water Creek is shown as a named-water occurrence within watershed-level cutthroat lineage context. This is not a precise biological boundary."}},{"type":"Feature","geometry":{"type":"LineString","coordinates":[[-106.0942,40.1678],[-106.0914,40.1673]]},"properties":{"source_id":"co_named_stream_067323","name":"Drowsy Water Creek","display_name":"Drowsy Water Creek","mapped_name":"Drowsy Water Creek","source_name":"Drowsy Water Creek","state":"CO","atlas_class":"named_natural_stream","huc8":"14010001","huc8Name":"Colorado Headwaters","huc8States":"CO","lineageKey":"coloradoRiver","lineage":"coloradoRiver","historic":"coloradoRiver","current":"coloradoRiver","recovery":"recoveryWatch","lineageLabel":"Colorado River green lineage","lineageBasin":"Colorado Headwaters","lineageNote":"Upper Colorado green-lineage context","atlas_context":"cutthroat_lineage_context","confidence":"Watershed-level lineage context; expert review recommended","geometryStatus":"Named natural stream segment from statewide hydrography","note":"This named natural stream falls within a HUC8 assigned to a cutthroat lineage context.","source_segment_id":"co_named_stream_067323","water_id":"co_drowsy_water_creek_14010001_coloradoRiver_001","occurrence_id":"co_drowsy_water_creek_14010001_coloradoRiver_001","occurrence_number":"001","segment_count":48,"disambiguator":"Colorado Headwaters · Colorado River green lineage · occurrence 001","basin":"Colorado Headwaters","atlas_layer":"named_water_occurrence","object_role":"named_water_occurrence","historic_label":"Colorado River green lineage","current_label":"Colorado River green lineage","recovery_label":"Recovery watch / review area","tier":"tier2","minZoom":12,"confidence_public":"Watershed-level lineage context; expert review recommended","geometry_status_public":"Named natural stream occurrence from statewide hydrography","geometry_source_public":"Grouped public hydrography segments","trout_source_public":"Compiled public recovery and lineage context; expert review recommended","public_notes":"Drowsy Water Creek is shown as a named-water occurrence within watershed-level cutthroat lineage context. This is not a precise biological boundary."}},{"type":"Feature","geometry":{"type":"LineString","coordinates":[[-106.096,40.1685],[-106.0942,40.1678]]},"properties":{"source_id":"co_named_stream_067324","name":"Drowsy Water Creek","display_name":"Drowsy Water Creek","mapped_name":"Drowsy Water Creek","source_name":"Drowsy Water Creek","state":"CO","atlas_class":"named_natural_stream","huc8":"14010001","huc8Name":"Colorado Headwaters","huc8States":"CO","lineageKey":"coloradoRiver","lineage":"coloradoRiver","historic":"coloradoRiver","current":"coloradoRiver","recovery":"recoveryWatch","lineageLabel":"Colorado River green lineage","lineageBasin":"Colorado Headwaters","lineageNote":"Upper Colorado green-lineage context","atlas_context":"cutthroat_lineage_context","confidence":"Watershed-level lineage context; expert review recommended","geometryStatus":"Named natural stream segment from statewide hydrography","note":"This named natural stream falls within a HUC8 assigned to a cutthroat lineage context.","source_segment_id":"co_named_stream_067324","water_id":"co_drowsy_water_creek_14010001_coloradoRiver_001","occurrence_id":"co_drowsy_water_creek_14010001_coloradoRiver_001","occurrence_number":"001","segment_count":48,"disambiguator":"Colorado Headwaters · Colorado River green lineage · occurrence 001","basin":"Colorado Headwaters","atlas_layer":"named_water_occurrence","object_role":"named_water_occurrence","historic_label":"Colorado River green lineage","current_label":"Colorado River green lineage","recovery_label":"Recovery watch / review area","tier":"tier2","minZoom":12,"confidence_public":"Watershed-level lineage context; expert review recommended","geometry_status_public":"Named natural stream occurrence from statewide hydrography","geometry_source_public":"Grouped public hydrography segments","trout_source_public":"Compiled public recovery and lineage context; expert review recommended","public_notes":"Drowsy Water Creek is shown as a named-water occurrence within watershed-level cutthroat lineage context. This is not a precise biological boundary."}},{"type":"Feature","geometry":{"type":"LineString","coordinates":[[-106.0874,40.1671],[-106.0851,40.1668]]},"properties":{"source_id":"co_named_stream_067327","name":"Drowsy Water Creek","display_name":"Drowsy Water Creek","mapped_name":"Drowsy Water Creek","source_name":"Drowsy Water Creek","state":"CO","atlas_class":"named_natural_stream","huc8":"14010001","huc8Name":"Colorado Headwaters","huc8States":"CO","lineageKey":"coloradoRiver","lineage":"coloradoRiver","historic":"coloradoRiver","current":"coloradoRiver","recovery":"recoveryWatch","lineageLabel":"Colorado River green lineage","lineageBasin":"Colorado Headwaters","lineageNote":"Upper Colorado green-lineage context","atlas_context":"cutthroat_lineage_context","confidence":"Watershed-level lineage context; expert review recommended","geometryStatus":"Named natural stream segment from statewide hydrography","note":"This named natural stream falls within a HUC8 assigned to a cutthroat lineage context.","source_segment_id":"co_named_stream_067327","water_id":"co_drowsy_water_creek_14010001_coloradoRiver_001","occurrence_id":"co_drowsy_water_creek_14010001_coloradoRiver_001","occurrence_number":"001","segment_count":48,"disambiguator":"Colorado Headwaters · Colorado River green lineage · occurrence 001","basin":"Colorado Headwaters","atlas_layer":"named_water_occurrence","object_role":"named_water_occurrence","historic_label":"Colorado River green lineage","current_label":"Colorado River green lineage","recovery_label":"Recovery watch / review area","tier":"tier2","minZoom":12,"confidence_public":"Watershed-level lineage context; expert review recommended","geometry_status_public":"Named natural stream occurrence from statewide hydrography","geometry_source_public":"Grouped public hydrography segments","trout_source_public":"Compiled public recovery and lineage context; expert review recommended","public_notes":"Drowsy Water Creek is shown as a named-water occurrence within watershed-level cutthroat lineage context. This is not a precise biological boundary."}},{"type":"Feature","geometry":{"type":"LineString","coordinates":[[-106.0692,40.1609],[-106.0676,40.1598]]},"properties":{"source_id":"co_named_stream_067995","name":"Drowsy Water Creek","display_name":"Drowsy Water Creek","mapped_name":"Drowsy Water Creek","source_name":"Drowsy Water Creek","state":"CO","atlas_class":"named_natural_stream","huc8":"14010001","huc8Name":"Colorado Headwaters","huc8States":"CO","lineageKey":"coloradoRiver","lineage":"coloradoRiver","historic":"coloradoRiver","current":"coloradoRiver","recovery":"recoveryWatch","lineageLabel":"Colorado River green lineage","lineageBasin":"Colorado Headwaters","lineageNote":"Upper Colorado green-lineage context","atlas_context":"cutthroat_lineage_context","confidence":"Watershed-level lineage context; expert review recommended","geometryStatus":"Named natural stream segment from statewide hydrography","note":"This named natural stream falls within a HUC8 assigned to a cutthroat lineage context.","source_segment_id":"co_named_stream_067995","water_id":"co_drowsy_water_creek_14010001_coloradoRiver_001","occurrence_id":"co_drowsy_water_creek_14010001_coloradoRiver_001","occurrence_number":"001","segment_count":48,"disambiguator":"Colorado Headwaters · Colorado River green lineage · occurrence 001","basin":"Colorado Headwaters","atlas_layer":"named_water_occurrence","object_role":"named_water_occurrence","historic_label":"Colorado River green lineage","current_label":"Colorado River green lineage","recovery_label":"Recovery watch / review area","tier":"tier2","minZoom":12,"confidence_public":"Watershed-level lineage context; expert review recommended","geometry_status_public":"Named natural stream occurrence from statewide hydrography","geometry_source_public":"Grouped public hydrography segments","trout_source_public":"Compiled public recovery and lineage context; expert review recommended","public_notes":"Drowsy Water Creek is shown as a named-water occurrence within watershed-level cutthroat lineage context. This is not a precise biological boundary."}},{"type":"Feature","geometry":{"type":"LineString","coordinates":[[-106.0753,40.1653],[-106.0712,40.1629]]},"properties":{"source_id":"co_named_stream_067996","name":"Drowsy Water Creek","display_name":"Drowsy Water Creek","mapped_name":"Drowsy Water Creek","source_name":"Drowsy Water Creek","state":"CO","atlas_class":"named_natural_stream","huc8":"14010001","huc8Name":"Colorado Headwaters","huc8States":"CO","lineageKey":"coloradoRiver","lineage":"coloradoRiver","historic":"coloradoRiver","current":"coloradoRiver","recovery":"recoveryWatch","lineageLabel":"Colorado River green lineage","lineageBasin":"Colorado Headwaters","lineageNote":"Upper Colorado green-lineage context","atlas_context":"cutthroat_lineage_context","confidence":"Watershed-level lineage context; expert review recommended","geometryStatus":"Named natural stream segment from statewide hydrography","note":"This named natural stream falls within a HUC8 assigned to a cutthroat lineage context.","source_segment_id":"co_named_stream_067996","water_id":"co_drowsy_water_creek_14010001_coloradoRiver_001","occurrence_id":"co_drowsy_water_creek_14010001_coloradoRiver_001","occurrence_number":"001","segment_count":48,"disambiguator":"Colorado Headwaters · Colorado River green lineage · occurrence 001","basin":"Colorado Headwaters","atlas_layer":"named_water_occurrence","object_role":"named_water_occurrence","historic_label":"Colorado River green lineage","current_label":"Colorado River green lineage","recovery_label":"Recovery watch / review area","tier":"tier2","minZoom":12,"confidence_public":"Watershed-level lineage context; expert review recommended","geometry_status_public":"Named natural stream occurrence from statewide hydrography","geometry_source_public":"Grouped public hydrography segments","trout_source_public":"Compiled public recovery and lineage context; expert review recommended","public_notes":"Drowsy Water Creek is shown as a named-water occurrence within watershed-level cutthroat lineage context. This is not a precise biological boundary."}},{"type":"Feature","geometry":{"type":"LineString","coordinates":[[-106.0851,40.1668],[-106.0819,40.1661]]},"properties":{"source_id":"co_named_stream_067997","name":"Drowsy Water Creek","display_name":"Drowsy Water Creek","mapped_name":"Drowsy Water Creek","source_name":"Drowsy Water Creek","state":"CO","atlas_class":"named_natural_stream","huc8":"14010001","huc8Name":"Colorado Headwaters","huc8States":"CO","lineageKey":"coloradoRiver","lineage":"coloradoRiver","historic":"coloradoRiver","current":"coloradoRiver","recovery":"recoveryWatch","lineageLabel":"Colorado River green lineage","lineageBasin":"Colorado Headwaters","lineageNote":"Upper Colorado green-lineage context","atlas_context":"cutthroat_lineage_context","confidence":"Watershed-level lineage context; expert review recommended","geometryStatus":"Named natural stream segment from statewide hydrography","note":"This named natural stream falls within a HUC8 assigned to a cutthroat lineage context.","source_segment_id":"co_named_stream_067997","water_id":"co_drowsy_water_creek_14010001_coloradoRiver_001","occurrence_id":"co_drowsy_water_creek_14010001_coloradoRiver_001","occurrence_number":"001","segment_count":48,"disambiguator":"Colorado Headwaters · Colorado River green lineage · occurrence 001","basin":"Colorado Headwaters","atlas_layer":"named_water_occurrence","object_role":"named_water_occurrence","historic_label":"Colorado River green lineage","current_label":"Colorado River green lineage","recovery_label":"Recovery watch / review area","tier":"tier2","minZoom":12,"confidence_public":"Watershed-level lineage context; expert review recommended","geometry_status_public":"Named natural stream occurrence from statewide hydrography","geometry_source_public":"Grouped public hydrography segments","trout_source_public":"Compiled public recovery and lineage context; expert review recommended","public_notes":"Drowsy Water Creek is shown as a named-water occurrence within watershed-level cutthroat lineage context. This is not a precise biological boundary."}},{"type":"Feature","geometry":{"type":"LineString","coordinates":[[-106.0819,40.1661],[-106.0769,40.166]]},"properties":{"source_id":"co_named_stream_067998","name":"Drowsy Water Creek","display_name":"Drowsy Water Creek","mapped_name":"Drowsy Water Creek","source_name":"Drowsy Water Creek","state":"CO","atlas_class":"named_natural_stream","huc8":"14010001","huc8Name":"Colorado Headwaters","huc8States":"CO","lineageKey":"coloradoRiver","lineage":"coloradoRiver","historic":"coloradoRiver","current":"coloradoRiver","recovery":"recoveryWatch","lineageLabel":"Colorado River green lineage","lineageBasin":"Colorado Headwaters","lineageNote":"Upper Colorado green-lineage context","atlas_context":"cutthroat_lineage_context","confidence":"Watershed-level lineage context; expert review recommended","geometryStatus":"Named natural stream segment from statewide hydrography","note":"This named natural stream falls within a HUC8 assigned to a cutthroat lineage context.","source_segment_id":"co_named_stream_067998","water_id":"co_drowsy_water_creek_14010001_coloradoRiver_001","occurrence_id":"co_drowsy_water_creek_14010001_coloradoRiver_001","occurrence_number":"001","segment_count":48,"disambiguator":"Colorado Headwaters · Colorado River green lineage · occurrence 001","basin":"Colorado Headwaters","atlas_layer":"named_water_occurrence","object_role":"named_water_occurrence","historic_label":"Colorado River green lineage","current_label":"Colorado River green lineage","recovery_label":"Recovery watch / review area","tier":"tier2","minZoom":12,"confidence_public":"Watershed-level lineage context; expert review recommended","geometry_status_public":"Named natural stream occurrence from statewide hydrography","geometry_source_public":"Grouped public hydrography segments","trout_source_public":"Compiled public recovery and lineage context; expert review recommended","public_notes":"Drowsy Water Creek is shown as a named-water occurrence within watershed-level cutthroat lineage context. This is not a precise biological boundary."}},{"type":"Feature","geometry":{"type":"LineString","coordinates":[[-106.0769,40.166],[-106.0753,40.1653]]},"properties":{"source_id":"co_named_stream_067999","name":"Drowsy Water Creek","display_name":"Drowsy Water Creek","mapped_name":"Drowsy Water Creek","source_name":"Drowsy Water Creek","state":"CO","atlas_class":"named_natural_stream","huc8":"14010001","huc8Name":"Colorado Headwaters","huc8States":"CO","lineageKey":"coloradoRiver","lineage":"coloradoRiver","historic":"coloradoRiver","current":"coloradoRiver","recovery":"recoveryWatch","lineageLabel":"Colorado River green lineage","lineageBasin":"Colorado Headwaters","lineageNote":"Upper Colorado green-lineage context","atlas_context":"cutthroat_lineage_context","confidence":"Watershed-level lineage context; expert review recommended","geometryStatus":"Named natural stream segment from statewide hydrography","note":"This named natural stream falls within a HUC8 assigned to a cutthroat lineage context.","source_segment_id":"co_named_stream_067999","water_id":"co_drowsy_water_creek_14010001_coloradoRiver_001","occurrence_id":"co_drowsy_water_creek_14010001_coloradoRiver_001","occurrence_number":"001","segment_count":48,"disambiguator":"Colorado Headwaters · Colorado River green lineage · occurrence 001","basin":"Colorado Headwaters","atlas_layer":"named_water_occurrence","object_role":"named_water_occurrence","historic_label":"Colorado River green lineage","current_label":"Colorado River green lineage","recovery_label":"Recovery watch / review area","tier":"tier2","minZoom":12,"confidence_public":"Watershed-level lineage context; expert review recommended","geometry_status_public":"Named natural stream occurrence from statewide hydrography","geometry_source_public":"Grouped public hydrography segments","trout_source_public":"Compiled public recovery and lineage context; expert review recommended","public_notes":"Drowsy Water Creek is shown as a named-water occurrence within watershed-level cutthroat lineage context. This is not a precise biological boundary."}},{"type":"Feature","geometry":{"type":"LineString","coordinates":[[-106.0712,40.1629],[-106.0699,40.1618]]},"properties":{"source_id":"co_named_stream_068000","name":"Drowsy Water Creek","display_name":"Drowsy Water Creek","mapped_name":"Drowsy Water Creek","source_name":"Drowsy Water Creek","state":"CO","atlas_class":"named_natural_stream","huc8":"14010001","huc8Name":"Colorado Headwaters","huc8States":"CO","lineageKey":"coloradoRiver","lineage":"coloradoRiver","historic":"coloradoRiver","current":"coloradoRiver","recovery":"recoveryWatch","lineageLabel":"Colorado River green lineage","lineageBasin":"Colorado Headwaters","lineageNote":"Upper Colorado green-lineage context","atlas_context":"cutthroat_lineage_context","confidence":"Watershed-level lineage context; expert review recommended","geometryStatus":"Named natural stream segment from statewide hydrography","note":"This named natural stream falls within a HUC8 assigned to a cutthroat lineage context.","source_segment_id":"co_named_stream_068000","water_id":"co_drowsy_water_creek_14010001_coloradoRiver_001","occurrence_id":"co_drowsy_water_creek_14010001_coloradoRiver_001","occurrence_number":"001","segment_count":48,"disambiguator":"Colorado Headwaters · Colorado River green lineage · occurrence 001","basin":"Colorado Headwaters","atlas_layer":"named_water_occurrence","object_role":"named_water_occurrence","historic_label":"Colorado River green lineage","current_label":"Colorado River green lineage","recovery_label":"Recovery watch / review area","tier":"tier2","minZoom":12,"confidence_public":"Watershed-level lineage context; expert review recommended","geometry_status_public":"Named natural stream occurrence from statewide hydrography","geometry_source_public":"Grouped public hydrography segments","trout_source_public":"Compiled public recovery and lineage context; expert review recommended","public_notes":"Drowsy Water Creek is shown as a named-water occurrence within watershed-level cutthroat lineage context. This is not a precise biological boundary."}},{"type":"Feature","geometry":{"type":"LineString","coordinates":[[-106.0676,40.1598],[-106.0658,40.1582]]},"properties":{"source_id":"co_named_stream_068001","name":"Drowsy Water Creek","display_name":"Drowsy Water Creek","mapped_name":"Drowsy Water Creek","source_name":"Drowsy Water Creek","state":"CO","atlas_class":"named_natural_stream","huc8":"14010001","huc8Name":"Colorado Headwaters","huc8States":"CO","lineageKey":"coloradoRiver","lineage":"coloradoRiver","historic":"coloradoRiver","current":"coloradoRiver","recovery":"recoveryWatch","lineageLabel":"Colorado River green lineage","lineageBasin":"Colorado Headwaters","lineageNote":"Upper Colorado green-lineage context","atlas_context":"cutthroat_lineage_context","confidence":"Watershed-level lineage context; expert review recommended","geometryStatus":"Named natural stream segment from statewide hydrography","note":"This named natural stream falls within a HUC8 assigned to a cutthroat lineage context.","source_segment_id":"co_named_stream_068001","water_id":"co_drowsy_water_creek_14010001_coloradoRiver_001","occurrence_id":"co_drowsy_water_creek_14010001_coloradoRiver_001","occurrence_number":"001","segment_count":48,"disambiguator":"Colorado Headwaters · Colorado River green lineage · occurrence 001","basin":"Colorado Headwaters","atlas_layer":"named_water_occurrence","object_role":"named_water_occurrence","historic_label":"Colorado River green lineage","current_label":"Colorado River green lineage","recovery_label":"Recovery watch / review area","tier":"tier2","minZoom":12,"confidence_public":"Watershed-level lineage context; expert review recommended","geometry_status_public":"Named natural stream occurrence from statewide hydrography","geometry_source_public":"Grouped public hydrography segments","trout_source_public":"Compiled public recovery and lineage context; expert review recommended","public_notes":"Drowsy Water Creek is shown as a named-water occurrence within watershed-level cutthroat lineage context. This is not a precise biological boundary."}},{"type":"Feature","geometry":{"type":"LineString","coordinates":[[-106.0699,40.1618],[-106.0692,40.1609]]},"properties":{"source_id":"co_named_stream_068002","name":"Drowsy Water Creek","display_name":"Drowsy Water Creek","mapped_name":"Drowsy Water Creek","source_name":"Drowsy Water Creek","state":"CO","atlas_class":"named_natural_stream","huc8":"14010001","huc8Name":"Colorado Headwaters","huc8States":"CO","lineageKey":"coloradoRiver","lineage":"coloradoRiver","historic":"coloradoRiver","current":"coloradoRiver","recovery":"recoveryWatch","lineageLabel":"Colorado River green lineage","lineageBasin":"Colorado Headwaters","lineageNote":"Upper Colorado green-lineage context","atlas_context":"cutthroat_lineage_context","confidence":"Watershed-level lineage context; expert review recommended","geometryStatus":"Named natural stream segment from statewide hydrography","note":"This named natural stream falls within a HUC8 assigned to a cutthroat lineage context.","source_segment_id":"co_named_stream_068002","water_id":"co_drowsy_water_creek_14010001_coloradoRiver_001","occurrence_id":"co_drowsy_water_creek_14010001_coloradoRiver_001","occurrence_number":"001","segment_count":48,"disambiguator":"Colorado Headwaters · Colorado River green lineage · occurrence 001","basin":"Colorado Headwaters","atlas_layer":"named_water_occurrence","object_role":"named_water_occurrence","historic_label":"Colorado River green lineage","current_label":"Colorado River green lineage","recovery_label":"Recovery watch / review area","tier":"tier2","minZoom":12,"confidence_public":"Watershed-level lineage context; expert review recommended","geometry_status_public":"Named natural stream occurrence from statewide hydrography","geometry_source_public":"Grouped public hydrography segments","trout_source_public":"Compiled public recovery and lineage context; expert review recommended","public_notes":"Drowsy Water Creek is shown as a named-water occurrence within watershed-level cutthroat lineage context. This is not a precise biological boundary."}},{"type":"Feature","geometry":{"type":"LineString","coordinates":[[-106.0485,40.1414],[-106.0484,40.1393]]},"properties":{"source_id":"co_named_stream_069546","name":"Drowsy Water Creek","display_name":"Drowsy Water Creek","mapped_name":"Drowsy Water Creek","source_name":"Drowsy Water Creek","state":"CO","atlas_class":"named_natural_stream","huc8":"14010001","huc8Name":"Colorado Headwaters","huc8States":"CO","lineageKey":"coloradoRiver","lineage":"coloradoRiver","historic":"coloradoRiver","current":"coloradoRiver","recovery":"recoveryWatch","lineageLabel":"Colorado River green lineage","lineageBasin":"Colorado Headwaters","lineageNote":"Upper Colorado green-lineage context","atlas_context":"cutthroat_lineage_context","confidence":"Watershed-level lineage context; expert review recommended","geometryStatus":"Named natural stream segment from statewide hydrography","note":"This named natural stream falls within a HUC8 assigned to a cutthroat lineage context.","source_segment_id":"co_named_stream_069546","water_id":"co_drowsy_water_creek_14010001_coloradoRiver_001","occurrence_id":"co_drowsy_water_creek_14010001_coloradoRiver_001","occurrence_number":"001","segment_count":48,"disambiguator":"Colorado Headwaters · Colorado River green lineage · occurrence 001","basin":"Colorado Headwaters","atlas_layer":"named_water_occurrence","object_role":"named_water_occurrence","historic_label":"Colorado River green lineage","current_label":"Colorado River green lineage","recovery_label":"Recovery watch / review area","tier":"tier2","minZoom":12,"confidence_public":"Watershed-level lineage context; expert review recommended","geometry_status_public":"Named natural stream occurrence from statewide hydrography","geometry_source_public":"Grouped public hydrography segments","trout_source_public":"Compiled public recovery and lineage context; expert review recommended","public_notes":"Drowsy Water Creek is shown as a named-water occurrence within watershed-level cutthroat lineage context. This is not a precise biological boundary."}},{"type":"Feature","geometry":{"type":"LineString","coordinates":[[-106.0489,40.1436],[-106.0488,40.1426]]},"properties":{"source_id":"co_named_stream_069548","name":"Drowsy Water Creek","display_name":"Drowsy Water Creek","mapped_name":"Drowsy Water Creek","source_name":"Drowsy Water Creek","state":"CO","atlas_class":"named_natural_stream","huc8":"14010001","huc8Name":"Colorado Headwaters","huc8States":"CO","lineageKey":"coloradoRiver","lineage":"coloradoRiver","historic":"coloradoRiver","current":"coloradoRiver","recovery":"recoveryWatch","lineageLabel":"Colorado River green lineage","lineageBasin":"Colorado Headwaters","lineageNote":"Upper Colorado green-lineage context","atlas_context":"cutthroat_lineage_context","confidence":"Watershed-level lineage context; expert review recommended","geometryStatus":"Named natural stream segment from statewide hydrography","note":"This named natural stream falls within a HUC8 assigned to a cutthroat lineage context.","source_segment_id":"co_named_stream_069548","water_id":"co_drowsy_water_creek_14010001_coloradoRiver_001","occurrence_id":"co_drowsy_water_creek_14010001_coloradoRiver_001","occurrence_number":"001","segment_count":48,"disambiguator":"Colorado Headwaters · Colorado River green lineage · occurrence 001","basin":"Colorado Headwaters","atlas_layer":"named_water_occurrence","object_role":"named_water_occurrence","historic_label":"Colorado River green lineage","current_label":"Colorado River green lineage","recovery_label":"Recovery watch / review area","tier":"tier2","minZoom":12,"confidence_public":"Watershed-level lineage context; expert review recommended","geometry_status_public":"Named natural stream occurrence from statewide hydrography","geometry_source_public":"Grouped public hydrography segments","trout_source_public":"Compiled public recovery and lineage context; expert review recommended","public_notes":"Drowsy Water Creek is shown as a named-water occurrence within watershed-level cutthroat lineage context. This is not a precise biological boundary."}},{"type":"Feature","geometry":{"type":"LineString","coordinates":[[-106.0655,40.1581],[-106.0638,40.1569]]},"properties":{"source_id":"co_named_stream_069552","name":"Drowsy Water Creek","display_name":"Drowsy Water Creek","mapped_name":"Drowsy Water Creek","source_name":"Drowsy Water Creek","state":"CO","atlas_class":"named_natural_stream","huc8":"14010001","huc8Name":"Colorado Headwaters","huc8States":"CO","lineageKey":"coloradoRiver","lineage":"coloradoRiver","historic":"coloradoRiver","current":"coloradoRiver","recovery":"recoveryWatch","lineageLabel":"Colorado River green lineage","lineageBasin":"Colorado Headwaters","lineageNote":"Upper Colorado green-lineage context","atlas_context":"cutthroat_lineage_context","confidence":"Watershed-level lineage context; expert review recommended","geometryStatus":"Named natural stream segment from statewide hydrography","note":"This named natural stream falls within a HUC8 assigned to a cutthroat lineage context.","source_segment_id":"co_named_stream_069552","water_id":"co_drowsy_water_creek_14010001_coloradoRiver_001","occurrence_id":"co_drowsy_water_creek_14010001_coloradoRiver_001","occurrence_number":"001","segment_count":48,"disambiguator":"Colorado Headwaters · Colorado River green lineage · occurrence 001","basin":"Colorado Headwaters","atlas_layer":"named_water_occurrence","object_role":"named_water_occurrence","historic_label":"Colorado River green lineage","current_label":"Colorado River green lineage","recovery_label":"Recovery watch / review area","tier":"tier2","minZoom":12,"confidence_public":"Watershed-level lineage context; expert review recommended","geometry_status_public":"Named natural stream occurrence from statewide hydrography","geometry_source_public":"Grouped public hydrography segments","trout_source_public":"Compiled public recovery and lineage context; expert review recommended","public_notes":"Drowsy Water Creek is shown as a named-water occurrence within watershed-level cutthroat lineage context. This is not a precise biological boundary."}},{"type":"Feature","geometry":{"type":"LineString","coordinates":[[-106.0581,40.1547],[-106.0569,40.1542]]},"properties":{"source_id":"co_named_stream_069553","name":"Drowsy Water Creek","display_name":"Drowsy Water Creek","mapped_name":"Drowsy Water Creek","source_name":"Drowsy Water Creek","state":"CO","atlas_class":"named_natural_stream","huc8":"14010001","huc8Name":"Colorado Headwaters","huc8States":"CO","lineageKey":"coloradoRiver","lineage":"coloradoRiver","historic":"coloradoRiver","current":"coloradoRiver","recovery":"recoveryWatch","lineageLabel":"Colorado River green lineage","lineageBasin":"Colorado Headwaters","lineageNote":"Upper Colorado green-lineage context","atlas_context":"cutthroat_lineage_context","confidence":"Watershed-level lineage context; expert review recommended","geometryStatus":"Named natural stream segment from statewide hydrography","note":"This named natural stream falls within a HUC8 assigned to a cutthroat lineage context.","source_segment_id":"co_named_stream_069553","water_id":"co_drowsy_water_creek_14010001_coloradoRiver_001","occurrence_id":"co_drowsy_water_creek_14010001_coloradoRiver_001","occurrence_number":"001","segment_count":48,"disambiguator":"Colorado Headwaters · Colorado River green lineage · occurrence 001","basin":"Colorado Headwaters","atlas_layer":"named_water_occurrence","object_role":"named_water_occurrence","historic_label":"Colorado River green lineage","current_label":"Colorado River green lineage","recovery_label":"Recovery watch / review area","tier":"tier2","minZoom":12,"confidence_public":"Watershed-level lineage context; expert review recommended","geometry_status_public":"Named natural stream occurrence from statewide hydrography","geometry_source_public":"Grouped public hydrography segments","trout_source_public":"Compiled public recovery and lineage context; expert review recommended","public_notes":"Drowsy Water Creek is shown as a named-water occurrence within watershed-level cutthroat lineage context. This is not a precise biological boundary."}},{"type":"Feature","geometry":{"type":"LineString","coordinates":[[-106.0569,40.1542],[-106.0554,40.1538]]},"properties":{"source_id":"co_named_stream_069554","name":"Drowsy Water Creek","display_name":"Drowsy Water Creek","mapped_name":"Drowsy Water Creek","source_name":"Drowsy Water Creek","state":"CO","atlas_class":"named_natural_stream","huc8":"14010001","huc8Name":"Colorado Headwaters","huc8States":"CO","lineageKey":"coloradoRiver","lineage":"coloradoRiver","historic":"coloradoRiver","current":"coloradoRiver","recovery":"recoveryWatch","lineageLabel":"Colorado River green lineage","lineageBasin":"Colorado Headwaters","lineageNote":"Upper Colorado green-lineage context","atlas_context":"cutthroat_lineage_context","confidence":"Watershed-level lineage context; expert review recommended","geometryStatus":"Named natural stream segment from statewide hydrography","note":"This named natural stream falls within a HUC8 assigned to a cutthroat lineage context.","source_segment_id":"co_named_stream_069554","water_id":"co_drowsy_water_creek_14010001_coloradoRiver_001","occurrence_id":"co_drowsy_water_creek_14010001_coloradoRiver_001","occurrence_number":"001","segment_count":48,"disambiguator":"Colorado Headwaters · Colorado River green lineage · occurrence 001","basin":"Colorado Headwaters","atlas_layer":"named_water_occurrence","object_role":"named_water_occurrence","historic_label":"Colorado River green lineage","current_label":"Colorado River green lineage","recovery_label":"Recovery watch / review area","tier":"tier2","minZoom":12,"confidence_public":"Watershed-level lineage context; expert review recommended","geometry_status_public":"Named natural stream occurrence from statewide hydrography","geometry_source_public":"Grouped public hydrography segments","trout_source_public":"Compiled public recovery and lineage context; expert review recommended","public_notes":"Drowsy Water Creek is shown as a named-water occurrence within watershed-level cutthroat lineage context. This is not a precise biological boundary."}},{"type":"Feature","geometry":{"type":"LineString","coordinates":[[-106.0488,40.1426],[-106.0485,40.1414]]},"properties":{"source_id":"co_named_stream_069555","name":"Drowsy Water Creek","display_name":"Drowsy Water Creek","mapped_name":"Drowsy Water Creek","source_name":"Drowsy Water Creek","state":"CO","atlas_class":"named_natural_stream","huc8":"14010001","huc8Name":"Colorado Headwaters","huc8States":"CO","lineageKey":"coloradoRiver","lineage":"coloradoRiver","historic":"coloradoRiver","current":"coloradoRiver","recovery":"recoveryWatch","lineageLabel":"Colorado River green lineage","lineageBasin":"Colorado Headwaters","lineageNote":"Upper Colorado green-lineage context","atlas_context":"cutthroat_lineage_context","confidence":"Watershed-level lineage context; expert review recommended","geometryStatus":"Named natural stream segment from statewide hydrography","note":"This named natural stream falls within a HUC8 assigned to a cutthroat lineage context.","source_segment_id":"co_named_stream_069555","water_id":"co_drowsy_water_creek_14010001_coloradoRiver_001","occurrence_id":"co_drowsy_water_creek_14010001_coloradoRiver_001","occurrence_number":"001","segment_count":48,"disambiguator":"Colorado Headwaters · Colorado River green lineage · occurrence 001","basin":"Colorado Headwaters","atlas_layer":"named_water_occurrence","object_role":"named_water_occurrence","historic_label":"Colorado River green lineage","current_label":"Colorado River green lineage","recovery_label":"Recovery watch / review area","tier":"tier2","minZoom":12,"confidence_public":"Watershed-level lineage context; expert review recommended","geometry_status_public":"Named natural stream occurrence from statewide hydrography","geometry_source_public":"Grouped public hydrography segments","trout_source_public":"Compiled public recovery and lineage context; expert review recommended","public_notes":"Drowsy Water Creek is shown as a named-water occurrence within watershed-level cutthroat lineage context. This is not a precise biological boundary."}},{"type":"Feature","geometry":{"type":"LineString","coordinates":[[-106.0638,40.1569],[-106.0592,40.1552]]},"properties":{"source_id":"co_named_stream_079178","name":"Drowsy Water Creek","display_name":"Drowsy Water Creek","mapped_name":"Drowsy Water Creek","source_name":"Drowsy Water Creek","state":"CO","atlas_class":"named_natural_stream","huc8":"14010001","huc8Name":"Colorado Headwaters","huc8States":"CO","lineageKey":"coloradoRiver","lineage":"coloradoRiver","historic":"coloradoRiver","current":"coloradoRiver","recovery":"recoveryWatch","lineageLabel":"Colorado River green lineage","lineageBasin":"Colorado Headwaters","lineageNote":"Upper Colorado green-lineage context","atlas_context":"cutthroat_lineage_context","confidence":"Watershed-level lineage context; expert review recommended","geometryStatus":"Named natural stream segment from statewide hydrography","note":"This named natural stream falls within a HUC8 assigned to a cutthroat lineage context.","source_segment_id":"co_named_stream_079178","water_id":"co_drowsy_water_creek_14010001_coloradoRiver_001","occurrence_id":"co_drowsy_water_creek_14010001_coloradoRiver_001","occurrence_number":"001","segment_count":48,"disambiguator":"Colorado Headwaters · Colorado River green lineage · occurrence 001","basin":"Colorado Headwaters","atlas_layer":"named_water_occurrence","object_role":"named_water_occurrence","historic_label":"Colorado River green lineage","current_label":"Colorado River green lineage","recovery_label":"Recovery watch / review area","tier":"tier2","minZoom":12,"confidence_public":"Watershed-level lineage context; expert review recommended","geometry_status_public":"Named natural stream occurrence from statewide hydrography","geometry_source_public":"Grouped public hydrography segments","trout_source_public":"Compiled public recovery and lineage context; expert review recommended","public_notes":"Drowsy Water Creek is shown as a named-water occurrence within watershed-level cutthroat lineage context. This is not a precise biological boundary."}},{"type":"Feature","geometry":{"type":"LineString","coordinates":[[-106.0519,40.1511],[-106.0508,40.1493]]},"properties":{"source_id":"co_named_stream_079181","name":"Drowsy Water Creek","display_name":"Drowsy Water Creek","mapped_name":"Drowsy Water Creek","source_name":"Drowsy Water Creek","state":"CO","atlas_class":"named_natural_stream","huc8":"14010001","huc8Name":"Colorado Headwaters","huc8States":"CO","lineageKey":"coloradoRiver","lineage":"coloradoRiver","historic":"coloradoRiver","current":"coloradoRiver","recovery":"recoveryWatch","lineageLabel":"Colorado River green lineage","lineageBasin":"Colorado Headwaters","lineageNote":"Upper Colorado green-lineage context","atlas_context":"cutthroat_lineage_context","confidence":"Watershed-level lineage context; expert review recommended","geometryStatus":"Named natural stream segment from statewide hydrography","note":"This named natural stream falls within a HUC8 assigned to a cutthroat lineage context.","source_segment_id":"co_named_stream_079181","water_id":"co_drowsy_water_creek_14010001_coloradoRiver_001","occurrence_id":"co_drowsy_water_creek_14010001_coloradoRiver_001","occurrence_number":"001","segment_count":48,"disambiguator":"Colorado Headwaters · Colorado River green lineage · occurrence 001","basin":"Colorado Headwaters","atlas_layer":"named_water_occurrence","object_role":"named_water_occurrence","historic_label":"Colorado River green lineage","current_label":"Colorado River green lineage","recovery_label":"Recovery watch / review area","tier":"tier2","minZoom":12,"confidence_public":"Watershed-level lineage context; expert review recommended","geometry_status_public":"Named natural stream occurrence from statewide hydrography","geometry_source_public":"Grouped public hydrography segments","trout_source_public":"Compiled public recovery and lineage context; expert review recommended","public_notes":"Drowsy Water Creek is shown as a named-water occurrence within watershed-level cutthroat lineage context. This is not a precise biological boundary."}},{"type":"Feature","geometry":{"type":"LineString","coordinates":[[-106.0484,40.1393],[-106.0485,40.1354]]},"properties":{"source_id":"co_named_stream_079182","name":"Drowsy Water Creek","display_name":"Drowsy Water Creek","mapped_name":"Drowsy Water Creek","source_name":"Drowsy Water Creek","state":"CO","atlas_class":"named_natural_stream","huc8":"14010001","huc8Name":"Colorado Headwaters","huc8States":"CO","lineageKey":"coloradoRiver","lineage":"coloradoRiver","historic":"coloradoRiver","current":"coloradoRiver","recovery":"recoveryWatch","lineageLabel":"Colorado River green lineage","lineageBasin":"Colorado Headwaters","lineageNote":"Upper Colorado green-lineage context","atlas_context":"cutthroat_lineage_context","confidence":"Watershed-level lineage context; expert review recommended","geometryStatus":"Named natural stream segment from statewide hydrography","note":"This named natural stream falls within a HUC8 assigned to a cutthroat lineage context.","source_segment_id":"co_named_stream_079182","water_id":"co_drowsy_water_creek_14010001_coloradoRiver_001","occurrence_id":"co_drowsy_water_creek_14010001_coloradoRiver_001","occurrence_number":"001","segment_count":48,"disambiguator":"Colorado Headwaters · Colorado River green lineage · occurrence 001","basin":"Colorado Headwaters","atlas_layer":"named_water_occurrence","object_role":"named_water_occurrence","historic_label":"Colorado River green lineage","current_label":"Colorado River green lineage","recovery_label":"Recovery watch / review area","tier":"tier2","minZoom":12,"confidence_public":"Watershed-level lineage context; expert review recommended","geometry_status_public":"Named natural stream occurrence from statewide hydrography","geometry_source_public":"Grouped public hydrography segments","trout_source_public":"Compiled public recovery and lineage context; expert review recommended","public_notes":"Drowsy Water Creek is shown as a named-water occurrence within watershed-level cutthroat lineage context. This is not a precise biological boundary."}},{"type":"Feature","geometry":{"type":"LineString","coordinates":[[-106.0499,40.1475],[-106.0488,40.1439]]},"properties":{"source_id":"co_named_stream_079185","name":"Drowsy Water Creek","display_name":"Drowsy Water Creek","mapped_name":"Drowsy Water Creek","source_name":"Drowsy Water Creek","state":"CO","atlas_class":"named_natural_stream","huc8":"14010001","huc8Name":"Colorado Headwaters","huc8States":"CO","lineageKey":"coloradoRiver","lineage":"coloradoRiver","historic":"coloradoRiver","current":"coloradoRiver","recovery":"recoveryWatch","lineageLabel":"Colorado River green lineage","lineageBasin":"Colorado Headwaters","lineageNote":"Upper Colorado green-lineage context","atlas_context":"cutthroat_lineage_context","confidence":"Watershed-level lineage context; expert review recommended","geometryStatus":"Named natural stream segment from statewide hydrography","note":"This named natural stream falls within a HUC8 assigned to a cutthroat lineage context.","source_segment_id":"co_named_stream_079185","water_id":"co_drowsy_water_creek_14010001_coloradoRiver_001","occurrence_id":"co_drowsy_water_creek_14010001_coloradoRiver_001","occurrence_number":"001","segment_count":48,"disambiguator":"Colorado Headwaters · Colorado River green lineage · occurrence 001","basin":"Colorado Headwaters","atlas_layer":"named_water_occurrence","object_role":"named_water_occurrence","historic_label":"Colorado River green lineage","current_label":"Colorado River green lineage","recovery_label":"Recovery watch / review area","tier":"tier2","minZoom":12,"confidence_public":"Watershed-level lineage context; expert review recommended","geometry_status_public":"Named natural stream occurrence from statewide hydrography","geometry_source_public":"Grouped public hydrography segments","trout_source_public":"Compiled public recovery and lineage context; expert review recommended","public_notes":"Drowsy Water Creek is shown as a named-water occurrence within watershed-level cutthroat lineage context. This is not a precise biological boundary."}},{"type":"Feature","geometry":{"type":"LineString","coordinates":[[-106.049,40.1247],[-106.0489,40.1238]]},"properties":{"source_id":"co_named_stream_079191","name":"Drowsy Water Creek","display_name":"Drowsy Water Creek","mapped_name":"Drowsy Water Creek","source_name":"Drowsy Water Creek","state":"CO","atlas_class":"named_natural_stream","huc8":"14010001","huc8Name":"Colorado Headwaters","huc8States":"CO","lineageKey":"coloradoRiver","lineage":"coloradoRiver","historic":"coloradoRiver","current":"coloradoRiver","recovery":"recoveryWatch","lineageLabel":"Colorado River green lineage","lineageBasin":"Colorado Headwaters","lineageNote":"Upper Colorado green-lineage context","atlas_context":"cutthroat_lineage_context","confidence":"Watershed-level lineage context; expert review recommended","geometryStatus":"Named natural stream segment from statewide hydrography","note":"This named natural stream falls within a HUC8 assigned to a cutthroat lineage context.","source_segment_id":"co_named_stream_079191","water_id":"co_drowsy_water_creek_14010001_coloradoRiver_001","occurrence_id":"co_drowsy_water_creek_14010001_coloradoRiver_001","occurrence_number":"001","segment_count":48,"disambiguator":"Colorado Headwaters · Colorado River green lineage · occurrence 001","basin":"Colorado Headwaters","atlas_layer":"named_water_occurrence","object_role":"named_water_occurrence","historic_label":"Colorado River green lineage","current_label":"Colorado River green lineage","recovery_label":"Recovery watch / review area","tier":"tier2","minZoom":12,"confidence_public":"Watershed-level lineage context; expert review recommended","geometry_status_public":"Named natural stream occurrence from statewide hydrography","geometry_source_public":"Grouped public hydrography segments","trout_source_public":"Compiled public recovery and lineage context; expert review recommended","public_notes":"Drowsy Water Creek is shown as a named-water occurrence within watershed-level cutthroat lineage context. This is not a precise biological boundary."}},{"type":"Feature","geometry":{"type":"LineString","coordinates":[[-106.0488,40.1351],[-106.0487,40.1348]]},"properties":{"source_id":"co_named_stream_079204","name":"Drowsy Water Creek","display_name":"Drowsy Water Creek","mapped_name":"Drowsy Water Creek","source_name":"Drowsy Water Creek","state":"CO","atlas_class":"named_natural_stream","huc8":"14010001","huc8Name":"Colorado Headwaters","huc8States":"CO","lineageKey":"coloradoRiver","lineage":"coloradoRiver","historic":"coloradoRiver","current":"coloradoRiver","recovery":"recoveryWatch","lineageLabel":"Colorado River green lineage","lineageBasin":"Colorado Headwaters","lineageNote":"Upper Colorado green-lineage context","atlas_context":"cutthroat_lineage_context","confidence":"Watershed-level lineage context; expert review recommended","geometryStatus":"Named natural stream segment from statewide hydrography","note":"This named natural stream falls within a HUC8 assigned to a cutthroat lineage context.","source_segment_id":"co_named_stream_079204","water_id":"co_drowsy_water_creek_14010001_coloradoRiver_001","occurrence_id":"co_drowsy_water_creek_14010001_coloradoRiver_001","occurrence_number":"001","segment_count":48,"disambiguator":"Colorado Headwaters · Colorado River green lineage · occurrence 001","basin":"Colorado Headwaters","atlas_layer":"named_water_occurrence","object_role":"named_water_occurrence","historic_label":"Colorado River green lineage","current_label":"Colorado River green lineage","recovery_label":"Recovery watch / review area","tier":"tier2","minZoom":12,"confidence_public":"Watershed-level lineage context; expert review recommended","geometry_status_public":"Named natural stream occurrence from statewide hydrography","geometry_source_public":"Grouped public hydrography segments","trout_source_public":"Compiled public recovery and lineage context; expert review recommended","public_notes":"Drowsy Water Creek is shown as a named-water occurrence within watershed-level cutthroat lineage context. This is not a precise biological boundary."}},{"type":"Feature","geometry":{"type":"LineString","coordinates":[[-106.0459,40.1102],[-106.0433,40.1059],[-106.0374,40.1032]]},"properties":{"source_id":"co_named_stream_079205","name":"Drowsy Water Creek","display_name":"Drowsy Water Creek","mapped_name":"Drowsy Water Creek","source_name":"Drowsy Water Creek","state":"CO","atlas_class":"named_natural_stream","huc8":"14010001","huc8Name":"Colorado Headwaters","huc8States":"CO","lineageKey":"coloradoRiver","lineage":"coloradoRiver","historic":"coloradoRiver","current":"coloradoRiver","recovery":"recoveryWatch","lineageLabel":"Colorado River green lineage","lineageBasin":"Colorado Headwaters","lineageNote":"Upper Colorado green-lineage context","atlas_context":"cutthroat_lineage_context","confidence":"Watershed-level lineage context; expert review recommended","geometryStatus":"Named natural stream segment from statewide hydrography","note":"This named natural stream falls within a HUC8 assigned to a cutthroat lineage context.","source_segment_id":"co_named_stream_079205","water_id":"co_drowsy_water_creek_14010001_coloradoRiver_001","occurrence_id":"co_drowsy_water_creek_14010001_coloradoRiver_001","occurrence_number":"001","segment_count":48,"disambiguator":"Colorado Headwaters · Colorado River green lineage · occurrence 001","basin":"Colorado Headwaters","atlas_layer":"named_water_occurrence","object_role":"named_water_occurrence","historic_label":"Colorado River green lineage","current_label":"Colorado River green lineage","recovery_label":"Recovery watch / review area","tier":"tier2","minZoom":12,"confidence_public":"Watershed-level lineage context; expert review recommended","geometry_status_public":"Named natural stream occurrence from statewide hydrography","geometry_source_public":"Grouped public hydrography segments","trout_source_public":"Compiled public recovery and lineage context; expert review recommended","public_notes":"Drowsy Water Creek is shown as a named-water occurrence within watershed-level cutthroat lineage context. This is not a precise biological boundary."}},{"type":"Feature","geometry":{"type":"LineString","coordinates":[[-106.0374,40.1032],[-106.0292,40.0998]]},"properties":{"source_id":"co_named_stream_079208","name":"Drowsy Water Creek","display_name":"Drowsy Water Creek","mapped_name":"Drowsy Water Creek","source_name":"Drowsy Water Creek","state":"CO","atlas_class":"named_natural_stream","huc8":"14010001","huc8Name":"Colorado Headwaters","huc8States":"CO","lineageKey":"coloradoRiver","lineage":"coloradoRiver","historic":"coloradoRiver","current":"coloradoRiver","recovery":"recoveryWatch","lineageLabel":"Colorado River green lineage","lineageBasin":"Colorado Headwaters","lineageNote":"Upper Colorado green-lineage context","atlas_context":"cutthroat_lineage_context","confidence":"Watershed-level lineage context; expert review recommended","geometryStatus":"Named natural stream segment from statewide hydrography","note":"This named natural stream falls within a HUC8 assigned to a cutthroat lineage context.","source_segment_id":"co_named_stream_079208","water_id":"co_drowsy_water_creek_14010001_coloradoRiver_001","occurrence_id":"co_drowsy_water_creek_14010001_coloradoRiver_001","occurrence_number":"001","segment_count":48,"disambiguator":"Colorado Headwaters · Colorado River green lineage · occurrence 001","basin":"Colorado Headwaters","atlas_layer":"named_water_occurrence","object_role":"named_water_occurrence","historic_label":"Colorado River green lineage","current_label":"Colorado River green lineage","recovery_label":"Recovery watch / review area","tier":"tier2","minZoom":12,"confidence_public":"Watershed-level lineage context; expert review recommended","geometry_status_public":"Named natural stream occurrence from statewide hydrography","geometry_source_public":"Grouped public hydrography segments","trout_source_public":"Compiled public recovery and lineage context; expert review recommended","public_notes":"Drowsy Water Creek is shown as a named-water occurrence within watershed-level cutthroat lineage context. This is not a precise biological boundary."}},{"type":"Feature","geometry":{"type":"LineString","coordinates":[[-106.0488,40.1268],[-106.0489,40.1266]]},"properties":{"source_id":"co_named_stream_079209","name":"Drowsy Water Creek","display_name":"Drowsy Water Creek","mapped_name":"Drowsy Water Creek","source_name":"Drowsy Water Creek","state":"CO","atlas_class":"named_natural_stream","huc8":"14010001","huc8Name":"Colorado Headwaters","huc8States":"CO","lineageKey":"coloradoRiver","lineage":"coloradoRiver","historic":"coloradoRiver","current":"coloradoRiver","recovery":"recoveryWatch","lineageLabel":"Colorado River green lineage","lineageBasin":"Colorado Headwaters","lineageNote":"Upper Colorado green-lineage context","atlas_context":"cutthroat_lineage_context","confidence":"Watershed-level lineage context; expert review recommended","geometryStatus":"Named natural stream segment from statewide hydrography","note":"This named natural stream falls within a HUC8 assigned to a cutthroat lineage context.","source_segment_id":"co_named_stream_079209","water_id":"co_drowsy_water_creek_14010001_coloradoRiver_001","occurrence_id":"co_drowsy_water_creek_14010001_coloradoRiver_001","occurrence_number":"001","segment_count":48,"disambiguator":"Colorado Headwaters · Colorado River green lineage · occurrence 001","basin":"Colorado Headwaters","atlas_layer":"named_water_occurrence","object_role":"named_water_occurrence","historic_label":"Colorado River green lineage","current_label":"Colorado River green lineage","recovery_label":"Recovery watch / review area","tier":"tier2","minZoom":12,"confidence_public":"Watershed-level lineage context; expert review recommended","geometry_status_public":"Named natural stream occurrence from statewide hydrography","geometry_source_public":"Grouped public hydrography segments","trout_source_public":"Compiled public recovery and lineage context; expert review recommended","public_notes":"Drowsy Water Creek is shown as a named-water occurrence within watershed-level cutthroat lineage context. This is not a precise biological boundary."}},{"type":"Feature","geometry":{"type":"LineString","coordinates":[[-106.0485,40.1274],[-106.0488,40.127]]},"properties":{"source_id":"co_named_stream_079220","name":"Drowsy Water Creek","display_name":"Drowsy Water Creek","mapped_name":"Drowsy Water Creek","source_name":"Drowsy Water Creek","state":"CO","atlas_class":"named_natural_stream","huc8":"14010001","huc8Name":"Colorado Headwaters","huc8States":"CO","lineageKey":"coloradoRiver","lineage":"coloradoRiver","historic":"coloradoRiver","current":"coloradoRiver","recovery":"recoveryWatch","lineageLabel":"Colorado River green lineage","lineageBasin":"Colorado Headwaters","lineageNote":"Upper Colorado green-lineage context","atlas_context":"cutthroat_lineage_context","confidence":"Watershed-level lineage context; expert review recommended","geometryStatus":"Named natural stream segment from statewide hydrography","note":"This named natural stream falls within a HUC8 assigned to a cutthroat lineage context.","source_segment_id":"co_named_stream_079220","water_id":"co_drowsy_water_creek_14010001_coloradoRiver_001","occurrence_id":"co_drowsy_water_creek_14010001_coloradoRiver_001","occurrence_number":"001","segment_count":48,"disambiguator":"Colorado Headwaters · Colorado River green lineage · occurrence 001","basin":"Colorado Headwaters","atlas_layer":"named_water_occurrence","object_role":"named_water_occurrence","historic_label":"Colorado River green lineage","current_label":"Colorado River green lineage","recovery_label":"Recovery watch / review area","tier":"tier2","minZoom":12,"confidence_public":"Watershed-level lineage context; expert review recommended","geometry_status_public":"Named natural stream occurrence from statewide hydrography","geometry_source_public":"Grouped public hydrography segments","trout_source_public":"Compiled public recovery and lineage context; expert review recommended","public_notes":"Drowsy Water Creek is shown as a named-water occurrence within watershed-level cutthroat lineage context. This is not a precise biological boundary."}},{"type":"Feature","geometry":{"type":"LineString","coordinates":[[-106.0475,40.1125],[-106.046,40.1104]]},"properties":{"source_id":"co_named_stream_079221","name":"Drowsy Water Creek","display_name":"Drowsy Water Creek","mapped_name":"Drowsy Water Creek","source_name":"Drowsy Water Creek","state":"CO","atlas_class":"named_natural_stream","huc8":"14010001","huc8Name":"Colorado Headwaters","huc8States":"CO","lineageKey":"coloradoRiver","lineage":"coloradoRiver","historic":"coloradoRiver","current":"coloradoRiver","recovery":"recoveryWatch","lineageLabel":"Colorado River green lineage","lineageBasin":"Colorado Headwaters","lineageNote":"Upper Colorado green-lineage context","atlas_context":"cutthroat_lineage_context","confidence":"Watershed-level lineage context; expert review recommended","geometryStatus":"Named natural stream segment from statewide hydrography","note":"This named natural stream falls within a HUC8 assigned to a cutthroat lineage context.","source_segment_id":"co_named_stream_079221","water_id":"co_drowsy_water_creek_14010001_coloradoRiver_001","occurrence_id":"co_drowsy_water_creek_14010001_coloradoRiver_001","occurrence_number":"001","segment_count":48,"disambiguator":"Colorado Headwaters · Colorado River green lineage · occurrence 001","basin":"Colorado Headwaters","atlas_layer":"named_water_occurrence","object_role":"named_water_occurrence","historic_label":"Colorado River green lineage","current_label":"Colorado River green lineage","recovery_label":"Recovery watch / review area","tier":"tier2","minZoom":12,"confidence_public":"Watershed-level lineage context; expert review recommended","geometry_status_public":"Named natural stream occurrence from statewide hydrography","geometry_source_public":"Grouped public hydrography segments","trout_source_public":"Compiled public recovery and lineage context; expert review recommended","public_notes":"Drowsy Water Creek is shown as a named-water occurrence within watershed-level cutthroat lineage context. This is not a precise biological boundary."}},{"type":"Feature","geometry":{"type":"LineString","coordinates":[[-106.0489,40.1238],[-106.0477,40.1183]]},"properties":{"source_id":"co_named_stream_079222","name":"Drowsy Water Creek","display_name":"Drowsy Water Creek","mapped_name":"Drowsy Water Creek","source_name":"Drowsy Water Creek","state":"CO","atlas_class":"named_natural_stream","huc8":"14010001","huc8Name":"Colorado Headwaters","huc8States":"CO","lineageKey":"coloradoRiver","lineage":"coloradoRiver","historic":"coloradoRiver","current":"coloradoRiver","recovery":"recoveryWatch","lineageLabel":"Colorado River green lineage","lineageBasin":"Colorado Headwaters","lineageNote":"Upper Colorado green-lineage context","atlas_context":"cutthroat_lineage_context","confidence":"Watershed-level lineage context; expert review recommended","geometryStatus":"Named natural stream segment from statewide hydrography","note":"This named natural stream falls within a HUC8 assigned to a cutthroat lineage context.","source_segment_id":"co_named_stream_079222","water_id":"co_drowsy_water_creek_14010001_coloradoRiver_001","occurrence_id":"co_drowsy_water_creek_14010001_coloradoRiver_001","occurrence_number":"001","segment_count":48,"disambiguator":"Colorado Headwaters · Colorado River green lineage · occurrence 001","basin":"Colorado Headwaters","atlas_layer":"named_water_occurrence","object_role":"named_water_occurrence","historic_label":"Colorado River green lineage","current_label":"Colorado River green lineage","recovery_label":"Recovery watch / review area","tier":"tier2","minZoom":12,"confidence_public":"Watershed-level lineage context; expert review recommended","geometry_status_public":"Named natural stream occurrence from statewide hydrography","geometry_source_public":"Grouped public hydrography segments","trout_source_public":"Compiled public recovery and lineage context; expert review recommended","public_notes":"Drowsy Water Creek is shown as a named-water occurrence within watershed-level cutthroat lineage context. This is not a precise biological boundary."}},{"type":"Feature","geometry":{"type":"LineString","coordinates":[[-106.0658,40.1582],[-106.0655,40.1581]]},"properties":{"source_id":"co_named_stream_079223","name":"Drowsy Water Creek","display_name":"Drowsy Water Creek","mapped_name":"Drowsy Water Creek","source_name":"Drowsy Water Creek","state":"CO","atlas_class":"named_natural_stream","huc8":"14010001","huc8Name":"Colorado Headwaters","huc8States":"CO","lineageKey":"coloradoRiver","lineage":"coloradoRiver","historic":"coloradoRiver","current":"coloradoRiver","recovery":"recoveryWatch","lineageLabel":"Colorado River green lineage","lineageBasin":"Colorado Headwaters","lineageNote":"Upper Colorado green-lineage context","atlas_context":"cutthroat_lineage_context","confidence":"Watershed-level lineage context; expert review recommended","geometryStatus":"Named natural stream segment from statewide hydrography","note":"This named natural stream falls within a HUC8 assigned to a cutthroat lineage context.","source_segment_id":"co_named_stream_079223","water_id":"co_drowsy_water_creek_14010001_coloradoRiver_001","occurrence_id":"co_drowsy_water_creek_14010001_coloradoRiver_001","occurrence_number":"001","segment_count":48,"disambiguator":"Colorado Headwaters · Colorado River green lineage · occurrence 001","basin":"Colorado Headwaters","atlas_layer":"named_water_occurrence","object_role":"named_water_occurrence","historic_label":"Colorado River green lineage","current_label":"Colorado River green lineage","recovery_label":"Recovery watch / review area","tier":"tier2","minZoom":12,"confidence_public":"Watershed-level lineage context; expert review recommended","geometry_status_public":"Named natural stream occurrence from statewide hydrography","geometry_source_public":"Grouped public hydrography segments","trout_source_public":"Compiled public recovery and lineage context; expert review recommended","public_notes":"Drowsy Water Creek is shown as a named-water occurrence within watershed-level cutthroat lineage context. This is not a precise biological boundary."}},{"type":"Feature","geometry":{"type":"LineString","coordinates":[[-106.0554,40.1538],[-106.0524,40.1514]]},"properties":{"source_id":"co_named_stream_079226","name":"Drowsy Water Creek","display_name":"Drowsy Water Creek","mapped_name":"Drowsy Water Creek","source_name":"Drowsy Water Creek","state":"CO","atlas_class":"named_natural_stream","huc8":"14010001","huc8Name":"Colorado Headwaters","huc8States":"CO","lineageKey":"coloradoRiver","lineage":"coloradoRiver","historic":"coloradoRiver","current":"coloradoRiver","recovery":"recoveryWatch","lineageLabel":"Colorado River green lineage","lineageBasin":"Colorado Headwaters","lineageNote":"Upper Colorado green-lineage context","atlas_context":"cutthroat_lineage_context","confidence":"Watershed-level lineage context; expert review recommended","geometryStatus":"Named natural stream segment from statewide hydrography","note":"This named natural stream falls within a HUC8 assigned to a cutthroat lineage context.","source_segment_id":"co_named_stream_079226","water_id":"co_drowsy_water_creek_14010001_coloradoRiver_001","occurrence_id":"co_drowsy_water_creek_14010001_coloradoRiver_001","occurrence_number":"001","segment_count":48,"disambiguator":"Colorado Headwaters · Colorado River green lineage · occurrence 001","basin":"Colorado Headwaters","atlas_layer":"named_water_occurrence","object_role":"named_water_occurrence","historic_label":"Colorado River green lineage","current_label":"Colorado River green lineage","recovery_label":"Recovery watch / review area","tier":"tier2","minZoom":12,"confidence_public":"Watershed-level lineage context; expert review recommended","geometry_status_public":"Named natural stream occurrence from statewide hydrography","geometry_source_public":"Grouped public hydrography segments","trout_source_public":"Compiled public recovery and lineage context; expert review recommended","public_notes":"Drowsy Water Creek is shown as a named-water occurrence within watershed-level cutthroat lineage context. This is not a precise biological boundary."}},{"type":"Feature","geometry":{"type":"LineString","coordinates":[[-106.0592,40.1552],[-106.0581,40.1547]]},"properties":{"source_id":"co_named_stream_079228","name":"Drowsy Water Creek","display_name":"Drowsy Water Creek","mapped_name":"Drowsy Water Creek","source_name":"Drowsy Water Creek","state":"CO","atlas_class":"named_natural_stream","huc8":"14010001","huc8Name":"Colorado Headwaters","huc8States":"CO","lineageKey":"coloradoRiver","lineage":"coloradoRiver","historic":"coloradoRiver","current":"coloradoRiver","recovery":"recoveryWatch","lineageLabel":"Colorado River green lineage","lineageBasin":"Colorado Headwaters","lineageNote":"Upper Colorado green-lineage context","atlas_context":"cutthroat_lineage_context","confidence":"Watershed-level lineage context; expert review recommended","geometryStatus":"Named natural stream segment from statewide hydrography","note":"This named natural stream falls within a HUC8 assigned to a cutthroat lineage context.","source_segment_id":"co_named_stream_079228","water_id":"co_drowsy_water_creek_14010001_coloradoRiver_001","occurrence_id":"co_drowsy_water_creek_14010001_coloradoRiver_001","occurrence_number":"001","segment_count":48,"disambiguator":"Colorado Headwaters · Colorado River green lineage · occurrence 001","basin":"Colorado Headwaters","atlas_layer":"named_water_occurrence","object_role":"named_water_occurrence","historic_label":"Colorado River green lineage","current_label":"Colorado River green lineage","recovery_label":"Recovery watch / review area","tier":"tier2","minZoom":12,"confidence_public":"Watershed-level lineage context; expert review recommended","geometry_status_public":"Named natural stream occurrence from statewide hydrography","geometry_source_public":"Grouped public hydrography segments","trout_source_public":"Compiled public recovery and lineage context; expert review recommended","public_notes":"Drowsy Water Creek is shown as a named-water occurrence within watershed-level cutthroat lineage context. This is not a precise biological boundary."}},{"type":"Feature","geometry":{"type":"LineString","coordinates":[[-106.0524,40.1514],[-106.0519,40.1511]]},"properties":{"source_id":"co_named_stream_079229","name":"Drowsy Water Creek","display_name":"Drowsy Water Creek","mapped_name":"Drowsy Water Creek","source_name":"Drowsy Water Creek","state":"CO","atlas_class":"named_natural_stream","huc8":"14010001","huc8Name":"Colorado Headwaters","huc8States":"CO","lineageKey":"coloradoRiver","lineage":"coloradoRiver","historic":"coloradoRiver","current":"coloradoRiver","recovery":"recoveryWatch","lineageLabel":"Colorado River green lineage","lineageBasin":"Colorado Headwaters","lineageNote":"Upper Colorado green-lineage context","atlas_context":"cutthroat_lineage_context","confidence":"Watershed-level lineage context; expert review recommended","geometryStatus":"Named natural stream segment from statewide hydrography","note":"This named natural stream falls within a HUC8 assigned to a cutthroat lineage context.","source_segment_id":"co_named_stream_079229","water_id":"co_drowsy_water_creek_14010001_coloradoRiver_001","occurrence_id":"co_drowsy_water_creek_14010001_coloradoRiver_001","occurrence_number":"001","segment_count":48,"disambiguator":"Colorado Headwaters · Colorado River green lineage · occurrence 001","basin":"Colorado Headwaters","atlas_layer":"named_water_occurrence","object_role":"named_water_occurrence","historic_label":"Colorado River green lineage","current_label":"Colorado River green lineage","recovery_label":"Recovery watch / review area","tier":"tier2","minZoom":12,"confidence_public":"Watershed-level lineage context; expert review recommended","geometry_status_public":"Named natural stream occurrence from statewide hydrography","geometry_source_public":"Grouped public hydrography segments","trout_source_public":"Compiled public recovery and lineage context; expert review recommended","public_notes":"Drowsy Water Creek is shown as a named-water occurrence within watershed-level cutthroat lineage context. This is not a precise biological boundary."}},{"type":"Feature","geometry":{"type":"LineString","coordinates":[[-106.0508,40.1493],[-106.0506,40.1486]]},"properties":{"source_id":"co_named_stream_079230","name":"Drowsy Water Creek","display_name":"Drowsy Water Creek","mapped_name":"Drowsy Water Creek","source_name":"Drowsy Water Creek","state":"CO","atlas_class":"named_natural_stream","huc8":"14010001","huc8Name":"Colorado Headwaters","huc8States":"CO","lineageKey":"coloradoRiver","lineage":"coloradoRiver","historic":"coloradoRiver","current":"coloradoRiver","recovery":"recoveryWatch","lineageLabel":"Colorado River green lineage","lineageBasin":"Colorado Headwaters","lineageNote":"Upper Colorado green-lineage context","atlas_context":"cutthroat_lineage_context","confidence":"Watershed-level lineage context; expert review recommended","geometryStatus":"Named natural stream segment from statewide hydrography","note":"This named natural stream falls within a HUC8 assigned to a cutthroat lineage context.","source_segment_id":"co_named_stream_079230","water_id":"co_drowsy_water_creek_14010001_coloradoRiver_001","occurrence_id":"co_drowsy_water_creek_14010001_coloradoRiver_001","occurrence_number":"001","segment_count":48,"disambiguator":"Colorado Headwaters · Colorado River green lineage · occurrence 001","basin":"Colorado Headwaters","atlas_layer":"named_water_occurrence","object_role":"named_water_occurrence","historic_label":"Colorado River green lineage","current_label":"Colorado River green lineage","recovery_label":"Recovery watch / review area","tier":"tier2","minZoom":12,"confidence_public":"Watershed-level lineage context; expert review recommended","geometry_status_public":"Named natural stream occurrence from statewide hydrography","geometry_source_public":"Grouped public hydrography segments","trout_source_public":"Compiled public recovery and lineage context; expert review recommended","public_notes":"Drowsy Water Creek is shown as a named-water occurrence within watershed-level cutthroat lineage context. This is not a precise biological boundary."}},{"type":"Feature","geometry":{"type":"LineString","coordinates":[[-106.0504,40.1484],[-106.0499,40.1475]]},"properties":{"source_id":"co_named_stream_079231","name":"Drowsy Water Creek","display_name":"Drowsy Water Creek","mapped_name":"Drowsy Water Creek","source_name":"Drowsy Water Creek","state":"CO","atlas_class":"named_natural_stream","huc8":"14010001","huc8Name":"Colorado Headwaters","huc8States":"CO","lineageKey":"coloradoRiver","lineage":"coloradoRiver","historic":"coloradoRiver","current":"coloradoRiver","recovery":"recoveryWatch","lineageLabel":"Colorado River green lineage","lineageBasin":"Colorado Headwaters","lineageNote":"Upper Colorado green-lineage context","atlas_context":"cutthroat_lineage_context","confidence":"Watershed-level lineage context; expert review recommended","geometryStatus":"Named natural stream segment from statewide hydrography","note":"This named natural stream falls within a HUC8 assigned to a cutthroat lineage context.","source_segment_id":"co_named_stream_079231","water_id":"co_drowsy_water_creek_14010001_coloradoRiver_001","occurrence_id":"co_drowsy_water_creek_14010001_coloradoRiver_001","occurrence_number":"001","segment_count":48,"disambiguator":"Colorado Headwaters · Colorado River green lineage · occurrence 001","basin":"Colorado Headwaters","atlas_layer":"named_water_occurrence","object_role":"named_water_occurrence","historic_label":"Colorado River green lineage","current_label":"Colorado River green lineage","recovery_label":"Recovery watch / review area","tier":"tier2","minZoom":12,"confidence_public":"Watershed-level lineage context; expert review recommended","geometry_status_public":"Named natural stream occurrence from statewide hydrography","geometry_source_public":"Grouped public hydrography segments","trout_source_public":"Compiled public recovery and lineage context; expert review recommended","public_notes":"Drowsy Water Creek is shown as a named-water occurrence within watershed-level cutthroat lineage context. This is not a precise biological boundary."}},{"type":"Feature","geometry":{"type":"LineString","coordinates":[[-106.0303,40.0737],[-106.0304,40.0739]]},"properties":{"source_id":"co_named_stream_066866","name":"Marietta Creek","display_name":"Marietta Creek","mapped_name":"Marietta Creek","source_name":"Marietta Creek","state":"CO","atlas_class":"named_natural_stream","huc8":"14010001","huc8Name":"Colorado Headwaters","huc8States":"CO","lineageKey":"coloradoRiver","lineage":"coloradoRiver","historic":"coloradoRiver","current":"coloradoRiver","recovery":"recoveryWatch","lineageLabel":"Colorado River green lineage","lineageBasin":"Colorado Headwaters","lineageNote":"Upper Colorado green-lineage context","atlas_context":"cutthroat_lineage_context","confidence":"Watershed-level lineage context; expert review recommended","geometryStatus":"Named natural stream segment from statewide hydrography","note":"This named natural stream falls within a HUC8 assigned to a cutthroat lineage context.","source_segment_id":"co_named_stream_066866","water_id":"co_marietta_creek_14010001_coloradoRiver_001","occurrence_id":"co_marietta_creek_14010001_coloradoRiver_001","occurrence_number":"001","segment_count":31,"disambiguator":"Colorado Headwaters · Colorado River green lineage · occurrence 001","basin":"Colorado Headwaters","atlas_layer":"named_water_occurrence","object_role":"named_water_occurrence","historic_label":"Colorado River green lineage","current_label":"Colorado River green lineage","recovery_label":"Recovery watch / review area","tier":"tier2","minZoom":12,"confidence_public":"Watershed-level lineage context; expert review recommended","geometry_status_public":"Named natural stream occurrence from statewide hydrography","geometry_source_public":"Grouped public hydrography segments","trout_source_public":"Compiled public recovery and lineage context; expert review recommended","public_notes":"Marietta Creek is shown as a named-water occurrence within watershed-level cutthroat lineage context. This is not a precise biological boundary."}},{"type":"Feature","geometry":{"type":"LineString","coordinates":[[-106.0331,40.0747],[-106.034,40.0747]]},"properties":{"source_id":"co_named_stream_066870","name":"Marietta Creek","display_name":"Marietta Creek","mapped_name":"Marietta Creek","source_name":"Marietta Creek","state":"CO","atlas_class":"named_natural_stream","huc8":"14010001","huc8Name":"Colorado Headwaters","huc8States":"CO","lineageKey":"coloradoRiver","lineage":"coloradoRiver","historic":"coloradoRiver","current":"coloradoRiver","recovery":"recoveryWatch","lineageLabel":"Colorado River green lineage","lineageBasin":"Colorado Headwaters","lineageNote":"Upper Colorado green-lineage context","atlas_context":"cutthroat_lineage_context","confidence":"Watershed-level lineage context; expert review recommended","geometryStatus":"Named natural stream segment from statewide hydrography","note":"This named natural stream falls within a HUC8 assigned to a cutthroat lineage context.","source_segment_id":"co_named_stream_066870","water_id":"co_marietta_creek_14010001_coloradoRiver_001","occurrence_id":"co_marietta_creek_14010001_coloradoRiver_001","occurrence_number":"001","segment_count":31,"disambiguator":"Colorado Headwaters · Colorado River green lineage · occurrence 001","basin":"Colorado Headwaters","atlas_layer":"named_water_occurrence","object_role":"named_water_occurrence","historic_label":"Colorado River green lineage","current_label":"Colorado River green lineage","recovery_label":"Recovery watch / review area","tier":"tier2","minZoom":12,"confidence_public":"Watershed-level lineage context; expert review recommended","geometry_status_public":"Named natural stream occurrence from statewide hydrography","geometry_source_public":"Grouped public hydrography segments","trout_source_public":"Compiled public recovery and lineage context; expert review recommended","public_notes":"Marietta Creek is shown as a named-water occurrence within watershed-level cutthroat lineage context. This is not a precise biological boundary."}},{"type":"Feature","geometry":{"type":"LineString","coordinates":[[-106.0239,40.0697],[-106.0259,40.0716]]},"properties":{"source_id":"co_named_stream_066874","name":"Marietta Creek","display_name":"Marietta Creek","mapped_name":"Marietta Creek","source_name":"Marietta Creek","state":"CO","atlas_class":"named_natural_stream","huc8":"14010001","huc8Name":"Colorado Headwaters","huc8States":"CO","lineageKey":"coloradoRiver","lineage":"coloradoRiver","historic":"coloradoRiver","current":"coloradoRiver","recovery":"recoveryWatch","lineageLabel":"Colorado River green lineage","lineageBasin":"Colorado Headwaters","lineageNote":"Upper Colorado green-lineage context","atlas_context":"cutthroat_lineage_context","confidence":"Watershed-level lineage context; expert review recommended","geometryStatus":"Named natural stream segment from statewide hydrography","note":"This named natural stream falls within a HUC8 assigned to a cutthroat lineage context.","source_segment_id":"co_named_stream_066874","water_id":"co_marietta_creek_14010001_coloradoRiver_001","occurrence_id":"co_marietta_creek_14010001_coloradoRiver_001","occurrence_number":"001","segment_count":31,"disambiguator":"Colorado Headwaters · Colorado River green lineage · occurrence 001","basin":"Colorado Headwaters","atlas_layer":"named_water_occurrence","object_role":"named_water_occurrence","historic_label":"Colorado River green lineage","current_label":"Colorado River green lineage","recovery_label":"Recovery watch / review area","tier":"tier2","minZoom":12,"confidence_public":"Watershed-level lineage context; expert review recommended","geometry_status_public":"Named natural stream occurrence from statewide hydrography","geometry_source_public":"Grouped public hydrography segments","trout_source_public":"Compiled public recovery and lineage context; expert review recommended","public_notes":"Marietta Creek is shown as a named-water occurrence within watershed-level cutthroat lineage context. This is not a precise biological boundary."}},{"type":"Feature","geometry":{"type":"LineString","coordinates":[[-106.0267,40.0721],[-106.0286,40.073]]},"properties":{"source_id":"co_named_stream_066876","name":"Marietta Creek","display_name":"Marietta Creek","mapped_name":"Marietta Creek","source_name":"Marietta Creek","state":"CO","atlas_class":"named_natural_stream","huc8":"14010001","huc8Name":"Colorado Headwaters","huc8States":"CO","lineageKey":"coloradoRiver","lineage":"coloradoRiver","historic":"coloradoRiver","current":"coloradoRiver","recovery":"recoveryWatch","lineageLabel":"Colorado River green lineage","lineageBasin":"Colorado Headwaters","lineageNote":"Upper Colorado green-lineage context","atlas_context":"cutthroat_lineage_context","confidence":"Watershed-level lineage context; expert review recommended","geometryStatus":"Named natural stream segment from statewide hydrography","note":"This named natural stream falls within a HUC8 assigned to a cutthroat lineage context.","source_segment_id":"co_named_stream_066876","water_id":"co_marietta_creek_14010001_coloradoRiver_001","occurrence_id":"co_marietta_creek_14010001_coloradoRiver_001","occurrence_number":"001","segment_count":31,"disambiguator":"Colorado Headwaters · Colorado River green lineage · occurrence 001","basin":"Colorado Headwaters","atlas_layer":"named_water_occurrence","object_role":"named_water_occurrence","historic_label":"Colorado River green lineage","current_label":"Colorado River green lineage","recovery_label":"Recovery watch / review area","tier":"tier2","minZoom":12,"confidence_public":"Watershed-level lineage context; expert review recommended","geometry_status_public":"Named natural stream occurrence from statewide hydrography","geometry_source_public":"Grouped public hydrography segments","trout_source_public":"Compiled public recovery and lineage context; expert review recommended","public_notes":"Marietta Creek is shown as a named-water occurrence within watershed-level cutthroat lineage context. This is not a precise biological boundary."}},{"type":"Feature","geometry":{"type":"LineString","coordinates":[[-106.0291,40.0731],[-106.0295,40.0732]]},"properties":{"source_id":"co_named_stream_066878","name":"Marietta Creek","display_name":"Marietta Creek","mapped_name":"Marietta Creek","source_name":"Marietta Creek","state":"CO","atlas_class":"named_natural_stream","huc8":"14010001","huc8Name":"Colorado Headwaters","huc8States":"CO","lineageKey":"coloradoRiver","lineage":"coloradoRiver","historic":"coloradoRiver","current":"coloradoRiver","recovery":"recoveryWatch","lineageLabel":"Colorado River green lineage","lineageBasin":"Colorado Headwaters","lineageNote":"Upper Colorado green-lineage context","atlas_context":"cutthroat_lineage_context","confidence":"Watershed-level lineage context; expert review recommended","geometryStatus":"Named natural stream segment from statewide hydrography","note":"This named natural stream falls within a HUC8 assigned to a cutthroat lineage context.","source_segment_id":"co_named_stream_066878","water_id":"co_marietta_creek_14010001_coloradoRiver_001","occurrence_id":"co_marietta_creek_14010001_coloradoRiver_001","occurrence_number":"001","segment_count":31,"disambiguator":"Colorado Headwaters · Colorado River green lineage · occurrence 001","basin":"Colorado Headwaters","atlas_layer":"named_water_occurrence","object_role":"named_water_occurrence","historic_label":"Colorado River green lineage","current_label":"Colorado River green lineage","recovery_label":"Recovery watch / review area","tier":"tier2","minZoom":12,"confidence_public":"Watershed-level lineage context; expert review recommended","geometry_status_public":"Named natural stream occurrence from statewide hydrography","geometry_source_public":"Grouped public hydrography segments","trout_source_public":"Compiled public recovery and lineage context; expert review recommended","public_notes":"Marietta Creek is shown as a named-water occurrence within watershed-level cutthroat lineage context. This is not a precise biological boundary."}},{"type":"Feature","geometry":{"type":"LineString","coordinates":[[-106.0287,40.0731],[-106.0288,40.0731]]},"properties":{"source_id":"co_named_stream_066879","name":"Marietta Creek","display_name":"Marietta Creek","mapped_name":"Marietta Creek","source_name":"Marietta Creek","state":"CO","atlas_class":"named_natural_stream","huc8":"14010001","huc8Name":"Colorado Headwaters","huc8States":"CO","lineageKey":"coloradoRiver","lineage":"coloradoRiver","historic":"coloradoRiver","current":"coloradoRiver","recovery":"recoveryWatch","lineageLabel":"Colorado River green lineage","lineageBasin":"Colorado Headwaters","lineageNote":"Upper Colorado green-lineage context","atlas_context":"cutthroat_lineage_context","confidence":"Watershed-level lineage context; expert review recommended","geometryStatus":"Named natural stream segment from statewide hydrography","note":"This named natural stream falls within a HUC8 assigned to a cutthroat lineage context.","source_segment_id":"co_named_stream_066879","water_id":"co_marietta_creek_14010001_coloradoRiver_001","occurrence_id":"co_marietta_creek_14010001_coloradoRiver_001","occurrence_number":"001","segment_count":31,"disambiguator":"Colorado Headwaters · Colorado River green lineage · occurrence 001","basin":"Colorado Headwaters","atlas_layer":"named_water_occurrence","object_role":"named_water_occurrence","historic_label":"Colorado River green lineage","current_label":"Colorado River green lineage","recovery_label":"Recovery watch / review area","tier":"tier2","minZoom":12,"confidence_public":"Watershed-level lineage context; expert review recommended","geometry_status_public":"Named natural stream occurrence from statewide hydrography","geometry_source_public":"Grouped public hydrography segments","trout_source_public":"Compiled public recovery and lineage context; expert review recommended","public_notes":"Marietta Creek is shown as a named-water occurrence within watershed-level cutthroat lineage context. This is not a precise biological boundary."}},{"type":"Feature","geometry":{"type":"LineString","coordinates":[[-106.0348,40.0747],[-106.0356,40.0748]]},"properties":{"source_id":"co_named_stream_066880","name":"Marietta Creek","display_name":"Marietta Creek","mapped_name":"Marietta Creek","source_name":"Marietta Creek","state":"CO","atlas_class":"named_natural_stream","huc8":"14010001","huc8Name":"Colorado Headwaters","huc8States":"CO","lineageKey":"coloradoRiver","lineage":"coloradoRiver","historic":"coloradoRiver","current":"coloradoRiver","recovery":"recoveryWatch","lineageLabel":"Colorado River green lineage","lineageBasin":"Colorado Headwaters","lineageNote":"Upper Colorado green-lineage context","atlas_context":"cutthroat_lineage_context","confidence":"Watershed-level lineage context; expert review recommended","geometryStatus":"Named natural stream segment from statewide hydrography","note":"This named natural stream falls within a HUC8 assigned to a cutthroat lineage context.","source_segment_id":"co_named_stream_066880","water_id":"co_marietta_creek_14010001_coloradoRiver_001","occurrence_id":"co_marietta_creek_14010001_coloradoRiver_001","occurrence_number":"001","segment_count":31,"disambiguator":"Colorado Headwaters · Colorado River green lineage · occurrence 001","basin":"Colorado Headwaters","atlas_layer":"named_water_occurrence","object_role":"named_water_occurrence","historic_label":"Colorado River green lineage","current_label":"Colorado River green lineage","recovery_label":"Recovery watch / review area","tier":"tier2","minZoom":12,"confidence_public":"Watershed-level lineage context; expert review recommended","geometry_status_public":"Named natural stream occurrence from statewide hydrography","geometry_source_public":"Grouped public hydrography segments","trout_source_public":"Compiled public recovery and lineage context; expert review recommended","public_notes":"Marietta Creek is shown as a named-water occurrence within watershed-level cutthroat lineage context. This is not a precise biological boundary."}},{"type":"Feature","geometry":{"type":"LineString","coordinates":[[-106.05,40.0778],[-106.0522,40.0774]]},"properties":{"source_id":"co_named_stream_066887","name":"Marietta Creek","display_name":"Marietta Creek","mapped_name":"Marietta Creek","source_name":"Marietta Creek","state":"CO","atlas_class":"named_natural_stream","huc8":"14010001","huc8Name":"Colorado Headwaters","huc8States":"CO","lineageKey":"coloradoRiver","lineage":"coloradoRiver","historic":"coloradoRiver","current":"coloradoRiver","recovery":"recoveryWatch","lineageLabel":"Colorado River green lineage","lineageBasin":"Colorado Headwaters","lineageNote":"Upper Colorado green-lineage context","atlas_context":"cutthroat_lineage_context","confidence":"Watershed-level lineage context; expert review recommended","geometryStatus":"Named natural stream segment from statewide hydrography","note":"This named natural stream falls within a HUC8 assigned to a cutthroat lineage context.","source_segment_id":"co_named_stream_066887","water_id":"co_marietta_creek_14010001_coloradoRiver_001","occurrence_id":"co_marietta_creek_14010001_coloradoRiver_001","occurrence_number":"001","segment_count":31,"disambiguator":"Colorado Headwaters · Colorado River green lineage · occurrence 001","basin":"Colorado Headwaters","atlas_layer":"named_water_occurrence","object_role":"named_water_occurrence","historic_label":"Colorado River green lineage","current_label":"Colorado River green lineage","recovery_label":"Recovery watch / review area","tier":"tier2","minZoom":12,"confidence_public":"Watershed-level lineage context; expert review recommended","geometry_status_public":"Named natural stream occurrence from statewide hydrography","geometry_source_public":"Grouped public hydrography segments","trout_source_public":"Compiled public recovery and lineage context; expert review recommended","public_notes":"Marietta Creek is shown as a named-water occurrence within watershed-level cutthroat lineage context. This is not a precise biological boundary."}},{"type":"Feature","geometry":{"type":"LineString","coordinates":[[-106.054,40.0819],[-106.0545,40.0825]]},"properties":{"source_id":"co_named_stream_066888","name":"Marietta Creek","display_name":"Marietta Creek","mapped_name":"Marietta Creek","source_name":"Marietta Creek","state":"CO","atlas_class":"named_natural_stream","huc8":"14010001","huc8Name":"Colorado Headwaters","huc8States":"CO","lineageKey":"coloradoRiver","lineage":"coloradoRiver","historic":"coloradoRiver","current":"coloradoRiver","recovery":"recoveryWatch","lineageLabel":"Colorado River green lineage","lineageBasin":"Colorado Headwaters","lineageNote":"Upper Colorado green-lineage context","atlas_context":"cutthroat_lineage_context","confidence":"Watershed-level lineage context; expert review recommended","geometryStatus":"Named natural stream segment from statewide hydrography","note":"This named natural stream falls within a HUC8 assigned to a cutthroat lineage context.","source_segment_id":"co_named_stream_066888","water_id":"co_marietta_creek_14010001_coloradoRiver_001","occurrence_id":"co_marietta_creek_14010001_coloradoRiver_001","occurrence_number":"001","segment_count":31,"disambiguator":"Colorado Headwaters · Colorado River green lineage · occurrence 001","basin":"Colorado Headwaters","atlas_layer":"named_water_occurrence","object_role":"named_water_occurrence","historic_label":"Colorado River green lineage","current_label":"Colorado River green lineage","recovery_label":"Recovery watch / review area","tier":"tier2","minZoom":12,"confidence_public":"Watershed-level lineage context; expert review recommended","geometry_status_public":"Named natural stream occurrence from statewide hydrography","geometry_source_public":"Grouped public hydrography segments","trout_source_public":"Compiled public recovery and lineage context; expert review recommended","public_notes":"Marietta Creek is shown as a named-water occurrence within watershed-level cutthroat lineage context. This is not a precise biological boundary."}},{"type":"Feature","geometry":{"type":"LineString","coordinates":[[-106.0487,40.0758],[-106.0482,40.0778]]},"properties":{"source_id":"co_named_stream_066889","name":"Marietta Creek","display_name":"Marietta Creek","mapped_name":"Marietta Creek","source_name":"Marietta Creek","state":"CO","atlas_class":"named_natural_stream","huc8":"14010001","huc8Name":"Colorado Headwaters","huc8States":"CO","lineageKey":"coloradoRiver","lineage":"coloradoRiver","historic":"coloradoRiver","current":"coloradoRiver","recovery":"recoveryWatch","lineageLabel":"Colorado River green lineage","lineageBasin":"Colorado Headwaters","lineageNote":"Upper Colorado green-lineage context","atlas_context":"cutthroat_lineage_context","confidence":"Watershed-level lineage context; expert review recommended","geometryStatus":"Named natural stream segment from statewide hydrography","note":"This named natural stream falls within a HUC8 assigned to a cutthroat lineage context.","source_segment_id":"co_named_stream_066889","water_id":"co_marietta_creek_14010001_coloradoRiver_001","occurrence_id":"co_marietta_creek_14010001_coloradoRiver_001","occurrence_number":"001","segment_count":31,"disambiguator":"Colorado Headwaters · Colorado River green lineage · occurrence 001","basin":"Colorado Headwaters","atlas_layer":"named_water_occurrence","object_role":"named_water_occurrence","historic_label":"Colorado River green lineage","current_label":"Colorado River green lineage","recovery_label":"Recovery watch / review area","tier":"tier2","minZoom":12,"confidence_public":"Watershed-level lineage context; expert review recommended","geometry_status_public":"Named natural stream occurrence from statewide hydrography","geometry_source_public":"Grouped public hydrography segments","trout_source_public":"Compiled public recovery and lineage context; expert review recommended","public_notes":"Marietta Creek is shown as a named-water occurrence within watershed-level cutthroat lineage context. This is not a precise biological boundary."}},{"type":"Feature","geometry":{"type":"LineString","coordinates":[[-106.0259,40.0716],[-106.0267,40.0721]]},"properties":{"source_id":"co_named_stream_066890","name":"Marietta Creek","display_name":"Marietta Creek","mapped_name":"Marietta Creek","source_name":"Marietta Creek","state":"CO","atlas_class":"named_natural_stream","huc8":"14010001","huc8Name":"Colorado Headwaters","huc8States":"CO","lineageKey":"coloradoRiver","lineage":"coloradoRiver","historic":"coloradoRiver","current":"coloradoRiver","recovery":"recoveryWatch","lineageLabel":"Colorado River green lineage","lineageBasin":"Colorado Headwaters","lineageNote":"Upper Colorado green-lineage context","atlas_context":"cutthroat_lineage_context","confidence":"Watershed-level lineage context; expert review recommended","geometryStatus":"Named natural stream segment from statewide hydrography","note":"This named natural stream falls within a HUC8 assigned to a cutthroat lineage context.","source_segment_id":"co_named_stream_066890","water_id":"co_marietta_creek_14010001_coloradoRiver_001","occurrence_id":"co_marietta_creek_14010001_coloradoRiver_001","occurrence_number":"001","segment_count":31,"disambiguator":"Colorado Headwaters · Colorado River green lineage · occurrence 001","basin":"Colorado Headwaters","atlas_layer":"named_water_occurrence","object_role":"named_water_occurrence","historic_label":"Colorado River green lineage","current_label":"Colorado River green lineage","recovery_label":"Recovery watch / review area","tier":"tier2","minZoom":12,"confidence_public":"Watershed-level lineage context; expert review recommended","geometry_status_public":"Named natural stream occurrence from statewide hydrography","geometry_source_public":"Grouped public hydrography segments","trout_source_public":"Compiled public recovery and lineage context; expert review recommended","public_notes":"Marietta Creek is shown as a named-water occurrence within watershed-level cutthroat lineage context. This is not a precise biological boundary."}},{"type":"Feature","geometry":{"type":"LineString","coordinates":[[-106.0155,40.0598],[-106.0188,40.0667]]},"properties":{"source_id":"co_named_stream_067573","name":"Marietta Creek","display_name":"Marietta Creek","mapped_name":"Marietta Creek","source_name":"Marietta Creek","state":"CO","atlas_class":"named_natural_stream","huc8":"14010001","huc8Name":"Colorado Headwaters","huc8States":"CO","lineageKey":"coloradoRiver","lineage":"coloradoRiver","historic":"coloradoRiver","current":"coloradoRiver","recovery":"recoveryWatch","lineageLabel":"Colorado River green lineage","lineageBasin":"Colorado Headwaters","lineageNote":"Upper Colorado green-lineage context","atlas_context":"cutthroat_lineage_context","confidence":"Watershed-level lineage context; expert review recommended","geometryStatus":"Named natural stream segment from statewide hydrography","note":"This named natural stream falls within a HUC8 assigned to a cutthroat lineage context.","source_segment_id":"co_named_stream_067573","water_id":"co_marietta_creek_14010001_coloradoRiver_001","occurrence_id":"co_marietta_creek_14010001_coloradoRiver_001","occurrence_number":"001","segment_count":31,"disambiguator":"Colorado Headwaters · Colorado River green lineage · occurrence 001","basin":"Colorado Headwaters","atlas_layer":"named_water_occurrence","object_role":"named_water_occurrence","historic_label":"Colorado River green lineage","current_label":"Colorado River green lineage","recovery_label":"Recovery watch / review area","tier":"tier2","minZoom":12,"confidence_public":"Watershed-level lineage context; expert review recommended","geometry_status_public":"Named natural stream occurrence from statewide hydrography","geometry_source_public":"Grouped public hydrography segments","trout_source_public":"Compiled public recovery and lineage context; expert review recommended","public_notes":"Marietta Creek is shown as a named-water occurrence within watershed-level cutthroat lineage context. This is not a precise biological boundary."}},{"type":"Feature","geometry":{"type":"LineString","coordinates":[[-106.0188,40.0667],[-106.0223,40.0678]]},"properties":{"source_id":"co_named_stream_076922","name":"Marietta Creek","display_name":"Marietta Creek","mapped_name":"Marietta Creek","source_name":"Marietta Creek","state":"CO","atlas_class":"named_natural_stream","huc8":"14010001","huc8Name":"Colorado Headwaters","huc8States":"CO","lineageKey":"coloradoRiver","lineage":"coloradoRiver","historic":"coloradoRiver","current":"coloradoRiver","recovery":"recoveryWatch","lineageLabel":"Colorado River green lineage","lineageBasin":"Colorado Headwaters","lineageNote":"Upper Colorado green-lineage context","atlas_context":"cutthroat_lineage_context","confidence":"Watershed-level lineage context; expert review recommended","geometryStatus":"Named natural stream segment from statewide hydrography","note":"This named natural stream falls within a HUC8 assigned to a cutthroat lineage context.","source_segment_id":"co_named_stream_076922","water_id":"co_marietta_creek_14010001_coloradoRiver_001","occurrence_id":"co_marietta_creek_14010001_coloradoRiver_001","occurrence_number":"001","segment_count":31,"disambiguator":"Colorado Headwaters · Colorado River green lineage · occurrence 001","basin":"Colorado Headwaters","atlas_layer":"named_water_occurrence","object_role":"named_water_occurrence","historic_label":"Colorado River green lineage","current_label":"Colorado River green lineage","recovery_label":"Recovery watch / review area","tier":"tier2","minZoom":12,"confidence_public":"Watershed-level lineage context; expert review recommended","geometry_status_public":"Named natural stream occurrence from statewide hydrography","geometry_source_public":"Grouped public hydrography segments","trout_source_public":"Compiled public recovery and lineage context; expert review recommended","public_notes":"Marietta Creek is shown as a named-water occurrence within watershed-level cutthroat lineage context. This is not a precise biological boundary."}},{"type":"Feature","geometry":{"type":"LineString","coordinates":[[-106.0223,40.0678],[-106.023,40.0691]]},"properties":{"source_id":"co_named_stream_076924","name":"Marietta Creek","display_name":"Marietta Creek","mapped_name":"Marietta Creek","source_name":"Marietta Creek","state":"CO","atlas_class":"named_natural_stream","huc8":"14010001","huc8Name":"Colorado Headwaters","huc8States":"CO","lineageKey":"coloradoRiver","lineage":"coloradoRiver","historic":"coloradoRiver","current":"coloradoRiver","recovery":"recoveryWatch","lineageLabel":"Colorado River green lineage","lineageBasin":"Colorado Headwaters","lineageNote":"Upper Colorado green-lineage context","atlas_context":"cutthroat_lineage_context","confidence":"Watershed-level lineage context; expert review recommended","geometryStatus":"Named natural stream segment from statewide hydrography","note":"This named natural stream falls within a HUC8 assigned to a cutthroat lineage context.","source_segment_id":"co_named_stream_076924","water_id":"co_marietta_creek_14010001_coloradoRiver_001","occurrence_id":"co_marietta_creek_14010001_coloradoRiver_001","occurrence_number":"001","segment_count":31,"disambiguator":"Colorado Headwaters · Colorado River green lineage · occurrence 001","basin":"Colorado Headwaters","atlas_layer":"named_water_occurrence","object_role":"named_water_occurrence","historic_label":"Colorado River green lineage","current_label":"Colorado River green lineage","recovery_label":"Recovery watch / review area","tier":"tier2","minZoom":12,"confidence_public":"Watershed-level lineage context; expert review recommended","geometry_status_public":"Named natural stream occurrence from statewide hydrography","geometry_source_public":"Grouped public hydrography segments","trout_source_public":"Compiled public recovery and lineage context; expert review recommended","public_notes":"Marietta Creek is shown as a named-water occurrence within watershed-level cutthroat lineage context. This is not a precise biological boundary."}},{"type":"Feature","geometry":{"type":"LineString","coordinates":[[-106.0374,40.0746],[-106.0376,40.0745]]},"properties":{"source_id":"co_named_stream_079179","name":"Marietta Creek","display_name":"Marietta Creek","mapped_name":"Marietta Creek","source_name":"Marietta Creek","state":"CO","atlas_class":"named_natural_stream","huc8":"14010001","huc8Name":"Colorado Headwaters","huc8States":"CO","lineageKey":"coloradoRiver","lineage":"coloradoRiver","historic":"coloradoRiver","current":"coloradoRiver","recovery":"recoveryWatch","lineageLabel":"Colorado River green lineage","lineageBasin":"Colorado Headwaters","lineageNote":"Upper Colorado green-lineage context","atlas_context":"cutthroat_lineage_context","confidence":"Watershed-level lineage context; expert review recommended","geometryStatus":"Named natural stream segment from statewide hydrography","note":"This named natural stream falls within a HUC8 assigned to a cutthroat lineage context.","source_segment_id":"co_named_stream_079179","water_id":"co_marietta_creek_14010001_coloradoRiver_001","occurrence_id":"co_marietta_creek_14010001_coloradoRiver_001","occurrence_number":"001","segment_count":31,"disambiguator":"Colorado Headwaters · Colorado River green lineage · occurrence 001","basin":"Colorado Headwaters","atlas_layer":"named_water_occurrence","object_role":"named_water_occurrence","historic_label":"Colorado River green lineage","current_label":"Colorado River green lineage","recovery_label":"Recovery watch / review area","tier":"tier2","minZoom":12,"confidence_public":"Watershed-level lineage context; expert review recommended","geometry_status_public":"Named natural stream occurrence from statewide hydrography","geometry_source_public":"Grouped public hydrography segments","trout_source_public":"Compiled public recovery and lineage context; expert review recommended","public_notes":"Marietta Creek is shown as a named-water occurrence within watershed-level cutthroat lineage context. This is not a precise biological boundary."}},{"type":"Feature","geometry":{"type":"LineString","coordinates":[[-106.0343,40.0747],[-106.0345,40.0747]]},"properties":{"source_id":"co_named_stream_079183","name":"Marietta Creek","display_name":"Marietta Creek","mapped_name":"Marietta Creek","source_name":"Marietta Creek","state":"CO","atlas_class":"named_natural_stream","huc8":"14010001","huc8Name":"Colorado Headwaters","huc8States":"CO","lineageKey":"coloradoRiver","lineage":"coloradoRiver","historic":"coloradoRiver","current":"coloradoRiver","recovery":"recoveryWatch","lineageLabel":"Colorado River green lineage","lineageBasin":"Colorado Headwaters","lineageNote":"Upper Colorado green-lineage context","atlas_context":"cutthroat_lineage_context","confidence":"Watershed-level lineage context; expert review recommended","geometryStatus":"Named natural stream segment from statewide hydrography","note":"This named natural stream falls within a HUC8 assigned to a cutthroat lineage context.","source_segment_id":"co_named_stream_079183","water_id":"co_marietta_creek_14010001_coloradoRiver_001","occurrence_id":"co_marietta_creek_14010001_coloradoRiver_001","occurrence_number":"001","segment_count":31,"disambiguator":"Colorado Headwaters · Colorado River green lineage · occurrence 001","basin":"Colorado Headwaters","atlas_layer":"named_water_occurrence","object_role":"named_water_occurrence","historic_label":"Colorado River green lineage","current_label":"Colorado River green lineage","recovery_label":"Recovery watch / review area","tier":"tier2","minZoom":12,"confidence_public":"Watershed-level lineage context; expert review recommended","geometry_status_public":"Named natural stream occurrence from statewide hydrography","geometry_source_public":"Grouped public hydrography segments","trout_source_public":"Compiled public recovery and lineage context; expert review recommended","public_notes":"Marietta Creek is shown as a named-water occurrence within watershed-level cutthroat lineage context. This is not a precise biological boundary."}},{"type":"Feature","geometry":{"type":"LineString","coordinates":[[-106.0325,40.0746],[-106.0328,40.0746]]},"properties":{"source_id":"co_named_stream_079189","name":"Marietta Creek","display_name":"Marietta Creek","mapped_name":"Marietta Creek","source_name":"Marietta Creek","state":"CO","atlas_class":"named_natural_stream","huc8":"14010001","huc8Name":"Colorado Headwaters","huc8States":"CO","lineageKey":"coloradoRiver","lineage":"coloradoRiver","historic":"coloradoRiver","current":"coloradoRiver","recovery":"recoveryWatch","lineageLabel":"Colorado River green lineage","lineageBasin":"Colorado Headwaters","lineageNote":"Upper Colorado green-lineage context","atlas_context":"cutthroat_lineage_context","confidence":"Watershed-level lineage context; expert review recommended","geometryStatus":"Named natural stream segment from statewide hydrography","note":"This named natural stream falls within a HUC8 assigned to a cutthroat lineage context.","source_segment_id":"co_named_stream_079189","water_id":"co_marietta_creek_14010001_coloradoRiver_001","occurrence_id":"co_marietta_creek_14010001_coloradoRiver_001","occurrence_number":"001","segment_count":31,"disambiguator":"Colorado Headwaters · Colorado River green lineage · occurrence 001","basin":"Colorado Headwaters","atlas_layer":"named_water_occurrence","object_role":"named_water_occurrence","historic_label":"Colorado River green lineage","current_label":"Colorado River green lineage","recovery_label":"Recovery watch / review area","tier":"tier2","minZoom":12,"confidence_public":"Watershed-level lineage context; expert review recommended","geometry_status_public":"Named natural stream occurrence from statewide hydrography","geometry_source_public":"Grouped public hydrography segments","trout_source_public":"Compiled public recovery and lineage context; expert review recommended","public_notes":"Marietta Creek is shown as a named-water occurrence within watershed-level cutthroat lineage context. This is not a precise biological boundary."}},{"type":"Feature","geometry":{"type":"LineString","coordinates":[[-106.0297,40.0733],[-106.0302,40.0736]]},"properties":{"source_id":"co_named_stream_079190","name":"Marietta Creek","display_name":"Marietta Creek","mapped_name":"Marietta Creek","source_name":"Marietta Creek","state":"CO","atlas_class":"named_natural_stream","huc8":"14010001","huc8Name":"Colorado Headwaters","huc8States":"CO","lineageKey":"coloradoRiver","lineage":"coloradoRiver","historic":"coloradoRiver","current":"coloradoRiver","recovery":"recoveryWatch","lineageLabel":"Colorado River green lineage","lineageBasin":"Colorado Headwaters","lineageNote":"Upper Colorado green-lineage context","atlas_context":"cutthroat_lineage_context","confidence":"Watershed-level lineage context; expert review recommended","geometryStatus":"Named natural stream segment from statewide hydrography","note":"This named natural stream falls within a HUC8 assigned to a cutthroat lineage context.","source_segment_id":"co_named_stream_079190","water_id":"co_marietta_creek_14010001_coloradoRiver_001","occurrence_id":"co_marietta_creek_14010001_coloradoRiver_001","occurrence_number":"001","segment_count":31,"disambiguator":"Colorado Headwaters · Colorado River green lineage · occurrence 001","basin":"Colorado Headwaters","atlas_layer":"named_water_occurrence","object_role":"named_water_occurrence","historic_label":"Colorado River green lineage","current_label":"Colorado River green lineage","recovery_label":"Recovery watch / review area","tier":"tier2","minZoom":12,"confidence_public":"Watershed-level lineage context; expert review recommended","geometry_status_public":"Named natural stream occurrence from statewide hydrography","geometry_source_public":"Grouped public hydrography segments","trout_source_public":"Compiled public recovery and lineage context; expert review recommended","public_notes":"Marietta Creek is shown as a named-water occurrence within watershed-level cutthroat lineage context. This is not a precise biological boundary."}},{"type":"Feature","geometry":{"type":"LineString","coordinates":[[-106.031,40.0743],[-106.0319,40.0746]]},"properties":{"source_id":"co_named_stream_079193","name":"Marietta Creek","display_name":"Marietta Creek","mapped_name":"Marietta Creek","source_name":"Marietta Creek","state":"CO","atlas_class":"named_natural_stream","huc8":"14010001","huc8Name":"Colorado Headwaters","huc8States":"CO","lineageKey":"coloradoRiver","lineage":"coloradoRiver","historic":"coloradoRiver","current":"coloradoRiver","recovery":"recoveryWatch","lineageLabel":"Colorado River green lineage","lineageBasin":"Colorado Headwaters","lineageNote":"Upper Colorado green-lineage context","atlas_context":"cutthroat_lineage_context","confidence":"Watershed-level lineage context; expert review recommended","geometryStatus":"Named natural stream segment from statewide hydrography","note":"This named natural stream falls within a HUC8 assigned to a cutthroat lineage context.","source_segment_id":"co_named_stream_079193","water_id":"co_marietta_creek_14010001_coloradoRiver_001","occurrence_id":"co_marietta_creek_14010001_coloradoRiver_001","occurrence_number":"001","segment_count":31,"disambiguator":"Colorado Headwaters · Colorado River green lineage · occurrence 001","basin":"Colorado Headwaters","atlas_layer":"named_water_occurrence","object_role":"named_water_occurrence","historic_label":"Colorado River green lineage","current_label":"Colorado River green lineage","recovery_label":"Recovery watch / review area","tier":"tier2","minZoom":12,"confidence_public":"Watershed-level lineage context; expert review recommended","geometry_status_public":"Named natural stream occurrence from statewide hydrography","geometry_source_public":"Grouped public hydrography segments","trout_source_public":"Compiled public recovery and lineage context; expert review recommended","public_notes":"Marietta Creek is shown as a named-water occurrence within watershed-level cutthroat lineage context. This is not a precise biological boundary."}},{"type":"Feature","geometry":{"type":"LineString","coordinates":[[-106.0408,40.0739],[-106.0477,40.0736]]},"properties":{"source_id":"co_named_stream_079195","name":"Marietta Creek","display_name":"Marietta Creek","mapped_name":"Marietta Creek","source_name":"Marietta Creek","state":"CO","atlas_class":"named_natural_stream","huc8":"14010001","huc8Name":"Colorado Headwaters","huc8States":"CO","lineageKey":"coloradoRiver","lineage":"coloradoRiver","historic":"coloradoRiver","current":"coloradoRiver","recovery":"recoveryWatch","lineageLabel":"Colorado River green lineage","lineageBasin":"Colorado Headwaters","lineageNote":"Upper Colorado green-lineage context","atlas_context":"cutthroat_lineage_context","confidence":"Watershed-level lineage context; expert review recommended","geometryStatus":"Named natural stream segment from statewide hydrography","note":"This named natural stream falls within a HUC8 assigned to a cutthroat lineage context.","source_segment_id":"co_named_stream_079195","water_id":"co_marietta_creek_14010001_coloradoRiver_001","occurrence_id":"co_marietta_creek_14010001_coloradoRiver_001","occurrence_number":"001","segment_count":31,"disambiguator":"Colorado Headwaters · Colorado River green lineage · occurrence 001","basin":"Colorado Headwaters","atlas_layer":"named_water_occurrence","object_role":"named_water_occurrence","historic_label":"Colorado River green lineage","current_label":"Colorado River green lineage","recovery_label":"Recovery watch / review area","tier":"tier2","minZoom":12,"confidence_public":"Watershed-level lineage context; expert review recommended","geometry_status_public":"Named natural stream occurrence from statewide hydrography","geometry_source_public":"Grouped public hydrography segments","trout_source_public":"Compiled public recovery and lineage context; expert review recommended","public_notes":"Marietta Creek is shown as a named-water occurrence within watershed-level cutthroat lineage context. This is not a precise biological boundary."}},{"type":"Feature","geometry":{"type":"LineString","coordinates":[[-106.0545,40.0825],[-106.0555,40.084],[-106.0543,40.0904],[-106.0568,40.0911]]},"properties":{"source_id":"co_named_stream_079196","name":"Marietta Creek","display_name":"Marietta Creek","mapped_name":"Marietta Creek","source_name":"Marietta Creek","state":"CO","atlas_class":"named_natural_stream","huc8":"14010001","huc8Name":"Colorado Headwaters","huc8States":"CO","lineageKey":"coloradoRiver","lineage":"coloradoRiver","historic":"coloradoRiver","current":"coloradoRiver","recovery":"recoveryWatch","lineageLabel":"Colorado River green lineage","lineageBasin":"Colorado Headwaters","lineageNote":"Upper Colorado green-lineage context","atlas_context":"cutthroat_lineage_context","confidence":"Watershed-level lineage context; expert review recommended","geometryStatus":"Named natural stream segment from statewide hydrography","note":"This named natural stream falls within a HUC8 assigned to a cutthroat lineage context.","source_segment_id":"co_named_stream_079196","water_id":"co_marietta_creek_14010001_coloradoRiver_001","occurrence_id":"co_marietta_creek_14010001_coloradoRiver_001","occurrence_number":"001","segment_count":31,"disambiguator":"Colorado Headwaters · Colorado River green lineage · occurrence 001","basin":"Colorado Headwaters","atlas_layer":"named_water_occurrence","object_role":"named_water_occurrence","historic_label":"Colorado River green lineage","current_label":"Colorado River green lineage","recovery_label":"Recovery watch / review area","tier":"tier2","minZoom":12,"confidence_public":"Watershed-level lineage context; expert review recommended","geometry_status_public":"Named natural stream occurrence from statewide hydrography","geometry_source_public":"Grouped public hydrography segments","trout_source_public":"Compiled public recovery and lineage context; expert review recommended","public_notes":"Marietta Creek is shown as a named-water occurrence within watershed-level cutthroat lineage context. This is not a precise biological boundary."}},{"type":"Feature","geometry":{"type":"LineString","coordinates":[[-106.0545,40.0798],[-106.0546,40.0802]]},"properties":{"source_id":"co_named_stream_079197","name":"Marietta Creek","display_name":"Marietta Creek","mapped_name":"Marietta Creek","source_name":"Marietta Creek","state":"CO","atlas_class":"named_natural_stream","huc8":"14010001","huc8Name":"Colorado Headwaters","huc8States":"CO","lineageKey":"coloradoRiver","lineage":"coloradoRiver","historic":"coloradoRiver","current":"coloradoRiver","recovery":"recoveryWatch","lineageLabel":"Colorado River green lineage","lineageBasin":"Colorado Headwaters","lineageNote":"Upper Colorado green-lineage context","atlas_context":"cutthroat_lineage_context","confidence":"Watershed-level lineage context; expert review recommended","geometryStatus":"Named natural stream segment from statewide hydrography","note":"This named natural stream falls within a HUC8 assigned to a cutthroat lineage context.","source_segment_id":"co_named_stream_079197","water_id":"co_marietta_creek_14010001_coloradoRiver_001","occurrence_id":"co_marietta_creek_14010001_coloradoRiver_001","occurrence_number":"001","segment_count":31,"disambiguator":"Colorado Headwaters · Colorado River green lineage · occurrence 001","basin":"Colorado Headwaters","atlas_layer":"named_water_occurrence","object_role":"named_water_occurrence","historic_label":"Colorado River green lineage","current_label":"Colorado River green lineage","recovery_label":"Recovery watch / review area","tier":"tier2","minZoom":12,"confidence_public":"Watershed-level lineage context; expert review recommended","geometry_status_public":"Named natural stream occurrence from statewide hydrography","geometry_source_public":"Grouped public hydrography segments","trout_source_public":"Compiled public recovery and lineage context; expert review recommended","public_notes":"Marietta Creek is shown as a named-water occurrence within watershed-level cutthroat lineage context. This is not a precise biological boundary."}},{"type":"Feature","geometry":{"type":"LineString","coordinates":[[-106.0305,40.074],[-106.0308,40.0742]]},"properties":{"source_id":"co_named_stream_079198","name":"Marietta Creek","display_name":"Marietta Creek","mapped_name":"Marietta Creek","source_name":"Marietta Creek","state":"CO","atlas_class":"named_natural_stream","huc8":"14010001","huc8Name":"Colorado Headwaters","huc8States":"CO","lineageKey":"coloradoRiver","lineage":"coloradoRiver","historic":"coloradoRiver","current":"coloradoRiver","recovery":"recoveryWatch","lineageLabel":"Colorado River green lineage","lineageBasin":"Colorado Headwaters","lineageNote":"Upper Colorado green-lineage context","atlas_context":"cutthroat_lineage_context","confidence":"Watershed-level lineage context; expert review recommended","geometryStatus":"Named natural stream segment from statewide hydrography","note":"This named natural stream falls within a HUC8 assigned to a cutthroat lineage context.","source_segment_id":"co_named_stream_079198","water_id":"co_marietta_creek_14010001_coloradoRiver_001","occurrence_id":"co_marietta_creek_14010001_coloradoRiver_001","occurrence_number":"001","segment_count":31,"disambiguator":"Colorado Headwaters · Colorado River green lineage · occurrence 001","basin":"Colorado Headwaters","atlas_layer":"named_water_occurrence","object_role":"named_water_occurrence","historic_label":"Colorado River green lineage","current_label":"Colorado River green lineage","recovery_label":"Recovery watch / review area","tier":"tier2","minZoom":12,"confidence_public":"Watershed-level lineage context; expert review recommended","geometry_status_public":"Named natural stream occurrence from statewide hydrography","geometry_source_public":"Grouped public hydrography segments","trout_source_public":"Compiled public recovery and lineage context; expert review recommended","public_notes":"Marietta Creek is shown as a named-water occurrence within watershed-level cutthroat lineage context. This is not a precise biological boundary."}},{"type":"Feature","geometry":{"type":"LineString","coordinates":[[-106.023,40.0691],[-106.0239,40.0697]]},"properties":{"source_id":"co_named_stream_079199","name":"Marietta Creek","display_name":"Marietta Creek","mapped_name":"Marietta Creek","source_name":"Marietta Creek","state":"CO","atlas_class":"named_natural_stream","huc8":"14010001","huc8Name":"Colorado Headwaters","huc8States":"CO","lineageKey":"coloradoRiver","lineage":"coloradoRiver","historic":"coloradoRiver","current":"coloradoRiver","recovery":"recoveryWatch","lineageLabel":"Colorado River green lineage","lineageBasin":"Colorado Headwaters","lineageNote":"Upper Colorado green-lineage context","atlas_context":"cutthroat_lineage_context","confidence":"Watershed-level lineage context; expert review recommended","geometryStatus":"Named natural stream segment from statewide hydrography","note":"This named natural stream falls within a HUC8 assigned to a cutthroat lineage context.","source_segment_id":"co_named_stream_079199","water_id":"co_marietta_creek_14010001_coloradoRiver_001","occurrence_id":"co_marietta_creek_14010001_coloradoRiver_001","occurrence_number":"001","segment_count":31,"disambiguator":"Colorado Headwaters · Colorado River green lineage · occurrence 001","basin":"Colorado Headwaters","atlas_layer":"named_water_occurrence","object_role":"named_water_occurrence","historic_label":"Colorado River green lineage","current_label":"Colorado River green lineage","recovery_label":"Recovery watch / review area","tier":"tier2","minZoom":12,"confidence_public":"Watershed-level lineage context; expert review recommended","geometry_status_public":"Named natural stream occurrence from statewide hydrography","geometry_source_public":"Grouped public hydrography segments","trout_source_public":"Compiled public recovery and lineage context; expert review recommended","public_notes":"Marietta Creek is shown as a named-water occurrence within watershed-level cutthroat lineage context. This is not a precise biological boundary."}},{"type":"Feature","geometry":{"type":"LineString","coordinates":[[-106.0484,40.0779],[-106.0496,40.0779]]},"properties":{"source_id":"co_named_stream_079206","name":"Marietta Creek","display_name":"Marietta Creek","mapped_name":"Marietta Creek","source_name":"Marietta Creek","state":"CO","atlas_class":"named_natural_stream","huc8":"14010001","huc8Name":"Colorado Headwaters","huc8States":"CO","lineageKey":"coloradoRiver","lineage":"coloradoRiver","historic":"coloradoRiver","current":"coloradoRiver","recovery":"recoveryWatch","lineageLabel":"Colorado River green lineage","lineageBasin":"Colorado Headwaters","lineageNote":"Upper Colorado green-lineage context","atlas_context":"cutthroat_lineage_context","confidence":"Watershed-level lineage context; expert review recommended","geometryStatus":"Named natural stream segment from statewide hydrography","note":"This named natural stream falls within a HUC8 assigned to a cutthroat lineage context.","source_segment_id":"co_named_stream_079206","water_id":"co_marietta_creek_14010001_coloradoRiver_001","occurrence_id":"co_marietta_creek_14010001_coloradoRiver_001","occurrence_number":"001","segment_count":31,"disambiguator":"Colorado Headwaters · Colorado River green lineage · occurrence 001","basin":"Colorado Headwaters","atlas_layer":"named_water_occurrence","object_role":"named_water_occurrence","historic_label":"Colorado River green lineage","current_label":"Colorado River green lineage","recovery_label":"Recovery watch / review area","tier":"tier2","minZoom":12,"confidence_public":"Watershed-level lineage context; expert review recommended","geometry_status_public":"Named natural stream occurrence from statewide hydrography","geometry_source_public":"Grouped public hydrography segments","trout_source_public":"Compiled public recovery and lineage context; expert review recommended","public_notes":"Marietta Creek is shown as a named-water occurrence within watershed-level cutthroat lineage context. This is not a precise biological boundary."}},{"type":"Feature","geometry":{"type":"LineString","coordinates":[[-106.0534,40.0781],[-106.0543,40.0797]]},"properties":{"source_id":"co_named_stream_079207","name":"Marietta Creek","display_name":"Marietta Creek","mapped_name":"Marietta Creek","source_name":"Marietta Creek","state":"CO","atlas_class":"named_natural_stream","huc8":"14010001","huc8Name":"Colorado Headwaters","huc8States":"CO","lineageKey":"coloradoRiver","lineage":"coloradoRiver","historic":"coloradoRiver","current":"coloradoRiver","recovery":"recoveryWatch","lineageLabel":"Colorado River green lineage","lineageBasin":"Colorado Headwaters","lineageNote":"Upper Colorado green-lineage context","atlas_context":"cutthroat_lineage_context","confidence":"Watershed-level lineage context; expert review recommended","geometryStatus":"Named natural stream segment from statewide hydrography","note":"This named natural stream falls within a HUC8 assigned to a cutthroat lineage context.","source_segment_id":"co_named_stream_079207","water_id":"co_marietta_creek_14010001_coloradoRiver_001","occurrence_id":"co_marietta_creek_14010001_coloradoRiver_001","occurrence_number":"001","segment_count":31,"disambiguator":"Colorado Headwaters · Colorado River green lineage · occurrence 001","basin":"Colorado Headwaters","atlas_layer":"named_water_occurrence","object_role":"named_water_occurrence","historic_label":"Colorado River green lineage","current_label":"Colorado River green lineage","recovery_label":"Recovery watch / review area","tier":"tier2","minZoom":12,"confidence_public":"Watershed-level lineage context; expert review recommended","geometry_status_public":"Named natural stream occurrence from statewide hydrography","geometry_source_public":"Grouped public hydrography segments","trout_source_public":"Compiled public recovery and lineage context; expert review recommended","public_notes":"Marietta Creek is shown as a named-water occurrence within watershed-level cutthroat lineage context. This is not a precise biological boundary."}},{"type":"Feature","geometry":{"type":"LineString","coordinates":[[-106.0545,40.0807],[-106.054,40.0819]]},"properties":{"source_id":"co_named_stream_079210","name":"Marietta Creek","display_name":"Marietta Creek","mapped_name":"Marietta Creek","source_name":"Marietta Creek","state":"CO","atlas_class":"named_natural_stream","huc8":"14010001","huc8Name":"Colorado Headwaters","huc8States":"CO","lineageKey":"coloradoRiver","lineage":"coloradoRiver","historic":"coloradoRiver","current":"coloradoRiver","recovery":"recoveryWatch","lineageLabel":"Colorado River green lineage","lineageBasin":"Colorado Headwaters","lineageNote":"Upper Colorado green-lineage context","atlas_context":"cutthroat_lineage_context","confidence":"Watershed-level lineage context; expert review recommended","geometryStatus":"Named natural stream segment from statewide hydrography","note":"This named natural stream falls within a HUC8 assigned to a cutthroat lineage context.","source_segment_id":"co_named_stream_079210","water_id":"co_marietta_creek_14010001_coloradoRiver_001","occurrence_id":"co_marietta_creek_14010001_coloradoRiver_001","occurrence_number":"001","segment_count":31,"disambiguator":"Colorado Headwaters · Colorado River green lineage · occurrence 001","basin":"Colorado Headwaters","atlas_layer":"named_water_occurrence","object_role":"named_water_occurrence","historic_label":"Colorado River green lineage","current_label":"Colorado River green lineage","recovery_label":"Recovery watch / review area","tier":"tier2","minZoom":12,"confidence_public":"Watershed-level lineage context; expert review recommended","geometry_status_public":"Named natural stream occurrence from statewide hydrography","geometry_source_public":"Grouped public hydrography segments","trout_source_public":"Compiled public recovery and lineage context; expert review recommended","public_notes":"Marietta Creek is shown as a named-water occurrence within watershed-level cutthroat lineage context. This is not a precise biological boundary."}},{"type":"Feature","geometry":{"type":"LineString","coordinates":[[-106.0522,40.0774],[-106.0529,40.0777]]},"properties":{"source_id":"co_named_stream_079211","name":"Marietta Creek","display_name":"Marietta Creek","mapped_name":"Marietta Creek","source_name":"Marietta Creek","state":"CO","atlas_class":"named_natural_stream","huc8":"14010001","huc8Name":"Colorado Headwaters","huc8States":"CO","lineageKey":"coloradoRiver","lineage":"coloradoRiver","historic":"coloradoRiver","current":"coloradoRiver","recovery":"recoveryWatch","lineageLabel":"Colorado River green lineage","lineageBasin":"Colorado Headwaters","lineageNote":"Upper Colorado green-lineage context","atlas_context":"cutthroat_lineage_context","confidence":"Watershed-level lineage context; expert review recommended","geometryStatus":"Named natural stream segment from statewide hydrography","note":"This named natural stream falls within a HUC8 assigned to a cutthroat lineage context.","source_segment_id":"co_named_stream_079211","water_id":"co_marietta_creek_14010001_coloradoRiver_001","occurrence_id":"co_marietta_creek_14010001_coloradoRiver_001","occurrence_number":"001","segment_count":31,"disambiguator":"Colorado Headwaters · Colorado River green lineage · occurrence 001","basin":"Colorado Headwaters","atlas_layer":"named_water_occurrence","object_role":"named_water_occurrence","historic_label":"Colorado River green lineage","current_label":"Colorado River green lineage","recovery_label":"Recovery watch / review area","tier":"tier2","minZoom":12,"confidence_public":"Watershed-level lineage context; expert review recommended","geometry_status_public":"Named natural stream occurrence from statewide hydrography","geometry_source_public":"Grouped public hydrography segments","trout_source_public":"Compiled public recovery and lineage context; expert review recommended","public_notes":"Marietta Creek is shown as a named-water occurrence within watershed-level cutthroat lineage context. This is not a precise biological boundary."}},{"type":"Feature","geometry":{"type":"LineString","coordinates":[[-106.0529,40.0777],[-106.0534,40.0781]]},"properties":{"source_id":"co_named_stream_079212","name":"Marietta Creek","display_name":"Marietta Creek","mapped_name":"Marietta Creek","source_name":"Marietta Creek","state":"CO","atlas_class":"named_natural_stream","huc8":"14010001","huc8Name":"Colorado Headwaters","huc8States":"CO","lineageKey":"coloradoRiver","lineage":"coloradoRiver","historic":"coloradoRiver","current":"coloradoRiver","recovery":"recoveryWatch","lineageLabel":"Colorado River green lineage","lineageBasin":"Colorado Headwaters","lineageNote":"Upper Colorado green-lineage context","atlas_context":"cutthroat_lineage_context","confidence":"Watershed-level lineage context; expert review recommended","geometryStatus":"Named natural stream segment from statewide hydrography","note":"This named natural stream falls within a HUC8 assigned to a cutthroat lineage context.","source_segment_id":"co_named_stream_079212","water_id":"co_marietta_creek_14010001_coloradoRiver_001","occurrence_id":"co_marietta_creek_14010001_coloradoRiver_001","occurrence_number":"001","segment_count":31,"disambiguator":"Colorado Headwaters · Colorado River green lineage · occurrence 001","basin":"Colorado Headwaters","atlas_layer":"named_water_occurrence","object_role":"named_water_occurrence","historic_label":"Colorado River green lineage","current_label":"Colorado River green lineage","recovery_label":"Recovery watch / review area","tier":"tier2","minZoom":12,"confidence_public":"Watershed-level lineage context; expert review recommended","geometry_status_public":"Named natural stream occurrence from statewide hydrography","geometry_source_public":"Grouped public hydrography segments","trout_source_public":"Compiled public recovery and lineage context; expert review recommended","public_notes":"Marietta Creek is shown as a named-water occurrence within watershed-level cutthroat lineage context. This is not a precise biological boundary."}},{"type":"Feature","geometry":{"type":"LineString","coordinates":[[-106.0319,40.0746],[-106.0322,40.0746]]},"properties":{"source_id":"co_named_stream_079213","name":"Marietta Creek","display_name":"Marietta Creek","mapped_name":"Marietta Creek","source_name":"Marietta Creek","state":"CO","atlas_class":"named_natural_stream","huc8":"14010001","huc8Name":"Colorado Headwaters","huc8States":"CO","lineageKey":"coloradoRiver","lineage":"coloradoRiver","historic":"coloradoRiver","current":"coloradoRiver","recovery":"recoveryWatch","lineageLabel":"Colorado River green lineage","lineageBasin":"Colorado Headwaters","lineageNote":"Upper Colorado green-lineage context","atlas_context":"cutthroat_lineage_context","confidence":"Watershed-level lineage context; expert review recommended","geometryStatus":"Named natural stream segment from statewide hydrography","note":"This named natural stream falls within a HUC8 assigned to a cutthroat lineage context.","source_segment_id":"co_named_stream_079213","water_id":"co_marietta_creek_14010001_coloradoRiver_001","occurrence_id":"co_marietta_creek_14010001_coloradoRiver_001","occurrence_number":"001","segment_count":31,"disambiguator":"Colorado Headwaters · Colorado River green lineage · occurrence 001","basin":"Colorado Headwaters","atlas_layer":"named_water_occurrence","object_role":"named_water_occurrence","historic_label":"Colorado River green lineage","current_label":"Colorado River green lineage","recovery_label":"Recovery watch / review area","tier":"tier2","minZoom":12,"confidence_public":"Watershed-level lineage context; expert review recommended","geometry_status_public":"Named natural stream occurrence from statewide hydrography","geometry_source_public":"Grouped public hydrography segments","trout_source_public":"Compiled public recovery and lineage context; expert review recommended","public_notes":"Marietta Creek is shown as a named-water occurrence within watershed-level cutthroat lineage context. This is not a precise biological boundary."}},{"type":"Feature","geometry":{"type":"LineString","coordinates":[[-106.0477,40.0736],[-106.0487,40.0758]]},"properties":{"source_id":"co_named_stream_079214","name":"Marietta Creek","display_name":"Marietta Creek","mapped_name":"Marietta Creek","source_name":"Marietta Creek","state":"CO","atlas_class":"named_natural_stream","huc8":"14010001","huc8Name":"Colorado Headwaters","huc8States":"CO","lineageKey":"coloradoRiver","lineage":"coloradoRiver","historic":"coloradoRiver","current":"coloradoRiver","recovery":"recoveryWatch","lineageLabel":"Colorado River green lineage","lineageBasin":"Colorado Headwaters","lineageNote":"Upper Colorado green-lineage context","atlas_context":"cutthroat_lineage_context","confidence":"Watershed-level lineage context; expert review recommended","geometryStatus":"Named natural stream segment from statewide hydrography","note":"This named natural stream falls within a HUC8 assigned to a cutthroat lineage context.","source_segment_id":"co_named_stream_079214","water_id":"co_marietta_creek_14010001_coloradoRiver_001","occurrence_id":"co_marietta_creek_14010001_coloradoRiver_001","occurrence_number":"001","segment_count":31,"disambiguator":"Colorado Headwaters · Colorado River green lineage · occurrence 001","basin":"Colorado Headwaters","atlas_layer":"named_water_occurrence","object_role":"named_water_occurrence","historic_label":"Colorado River green lineage","current_label":"Colorado River green lineage","recovery_label":"Recovery watch / review area","tier":"tier2","minZoom":12,"confidence_public":"Watershed-level lineage context; expert review recommended","geometry_status_public":"Named natural stream occurrence from statewide hydrography","geometry_source_public":"Grouped public hydrography segments","trout_source_public":"Compiled public recovery and lineage context; expert review recommended","public_notes":"Marietta Creek is shown as a named-water occurrence within watershed-level cutthroat lineage context. This is not a precise biological boundary."}},{"type":"Feature","geometry":{"type":"LineString","coordinates":[[-106.0903,40.0224],[-106.091,40.023]]},"properties":{"source_id":"co_named_stream_070561","name":"Beaver Creek","display_name":"Beaver Creek","mapped_name":"Beaver Creek","source_name":"Beaver Creek","state":"CO","atlas_class":"named_natural_stream","huc8":"14010001","huc8Name":"Colorado Headwaters","huc8States":"CO","lineageKey":"coloradoRiver","lineage":"coloradoRiver","historic":"coloradoRiver","current":"coloradoRiver","recovery":"recoveryWatch","lineageLabel":"Colorado River green lineage","lineageBasin":"Colorado Headwaters","lineageNote":"Upper Colorado green-lineage context","atlas_context":"cutthroat_lineage_context","confidence":"Watershed-level lineage context; expert review recommended","geometryStatus":"Named natural stream segment from statewide hydrography","note":"This named natural stream falls within a HUC8 assigned to a cutthroat lineage context.","source_segment_id":"co_named_stream_070561","water_id":"co_beaver_creek_14010001_coloradoRiver_002","occurrence_id":"co_beaver_creek_14010001_coloradoRiver_002","occurrence_number":"002","segment_count":48,"disambiguator":"Colorado Headwaters · Colorado River green lineage · occurrence 002","basin":"Colorado Headwaters","atlas_layer":"named_water_occurrence","object_role":"named_water_occurrence","historic_label":"Colorado River green lineage","current_label":"Colorado River green lineage","recovery_label":"Recovery watch / review area","tier":"tier2","minZoom":12,"confidence_public":"Watershed-level lineage context; expert review recommended","geometry_status_public":"Named natural stream occurrence from statewide hydrography","geometry_source_public":"Grouped public hydrography segments","trout_source_public":"Compiled public recovery and lineage context; expert review recommended","public_notes":"Beaver Creek is shown as a named-water occurrence within watershed-level cutthroat lineage context. This is not a precise biological boundary."}},{"type":"Feature","geometry":{"type":"LineString","coordinates":[[-106.091,40.023],[-106.1008,40.0292]]},"properties":{"source_id":"co_named_stream_070562","name":"Beaver Creek","display_name":"Beaver Creek","mapped_name":"Beaver Creek","source_name":"Beaver Creek","state":"CO","atlas_class":"named_natural_stream","huc8":"14010001","huc8Name":"Colorado Headwaters","huc8States":"CO","lineageKey":"coloradoRiver","lineage":"coloradoRiver","historic":"coloradoRiver","current":"coloradoRiver","recovery":"recoveryWatch","lineageLabel":"Colorado River green lineage","lineageBasin":"Colorado Headwaters","lineageNote":"Upper Colorado green-lineage context","atlas_context":"cutthroat_lineage_context","confidence":"Watershed-level lineage context; expert review recommended","geometryStatus":"Named natural stream segment from statewide hydrography","note":"This named natural stream falls within a HUC8 assigned to a cutthroat lineage context.","source_segment_id":"co_named_stream_070562","water_id":"co_beaver_creek_14010001_coloradoRiver_002","occurrence_id":"co_beaver_creek_14010001_coloradoRiver_002","occurrence_number":"002","segment_count":48,"disambiguator":"Colorado Headwaters · Colorado River green lineage · occurrence 002","basin":"Colorado Headwaters","atlas_layer":"named_water_occurrence","object_role":"named_water_occurrence","historic_label":"Colorado River green lineage","current_label":"Colorado River green lineage","recovery_label":"Recovery watch / review area","tier":"tier2","minZoom":12,"confidence_public":"Watershed-level lineage context; expert review recommended","geometry_status_public":"Named natural stream occurrence from statewide hydrography","geometry_source_public":"Grouped public hydrography segments","trout_source_public":"Compiled public recovery and lineage context; expert review recommended","public_notes":"Beaver Creek is shown as a named-water occurrence within watershed-level cutthroat lineage context. This is not a precise biological boundary."}},{"type":"Feature","geometry":{"type":"LineString","coordinates":[[-106.0643,40.0229],[-106.0703,40.0212]]},"properties":{"source_id":"co_named_stream_070565","name":"Beaver Creek","display_name":"Beaver Creek","mapped_name":"Beaver Creek","source_name":"Beaver Creek","state":"CO","atlas_class":"named_natural_stream","huc8":"14010001","huc8Name":"Colorado Headwaters","huc8States":"CO","lineageKey":"coloradoRiver","lineage":"coloradoRiver","historic":"coloradoRiver","current":"coloradoRiver","recovery":"recoveryWatch","lineageLabel":"Colorado River green lineage","lineageBasin":"Colorado Headwaters","lineageNote":"Upper Colorado green-lineage context","atlas_context":"cutthroat_lineage_context","confidence":"Watershed-level lineage context; expert review recommended","geometryStatus":"Named natural stream segment from statewide hydrography","note":"This named natural stream falls within a HUC8 assigned to a cutthroat lineage context.","source_segment_id":"co_named_stream_070565","water_id":"co_beaver_creek_14010001_coloradoRiver_002","occurrence_id":"co_beaver_creek_14010001_coloradoRiver_002","occurrence_number":"002","segment_count":48,"disambiguator":"Colorado Headwaters · Colorado River green lineage · occurrence 002","basin":"Colorado Headwaters","atlas_layer":"named_water_occurrence","object_role":"named_water_occurrence","historic_label":"Colorado River green lineage","current_label":"Colorado River green lineage","recovery_label":"Recovery watch / review area","tier":"tier2","minZoom":12,"confidence_public":"Watershed-level lineage context; expert review recommended","geometry_status_public":"Named natural stream occurrence from statewide hydrography","geometry_source_public":"Grouped public hydrography segments","trout_source_public":"Compiled public recovery and lineage context; expert review recommended","public_notes":"Beaver Creek is shown as a named-water occurrence within watershed-level cutthroat lineage context. This is not a precise biological boundary."}},{"type":"Feature","geometry":{"type":"LineString","coordinates":[[-106.0413,40.0079],[-106.0438,40.0104]]},"properties":{"source_id":"co_named_stream_070582","name":"Beaver Creek","display_name":"Beaver Creek","mapped_name":"Beaver Creek","source_name":"Beaver Creek","state":"CO","atlas_class":"named_natural_stream","huc8":"14010001","huc8Name":"Colorado Headwaters","huc8States":"CO","lineageKey":"coloradoRiver","lineage":"coloradoRiver","historic":"coloradoRiver","current":"coloradoRiver","recovery":"recoveryWatch","lineageLabel":"Colorado River green lineage","lineageBasin":"Colorado Headwaters","lineageNote":"Upper Colorado green-lineage context","atlas_context":"cutthroat_lineage_context","confidence":"Watershed-level lineage context; expert review recommended","geometryStatus":"Named natural stream segment from statewide hydrography","note":"This named natural stream falls within a HUC8 assigned to a cutthroat lineage context.","source_segment_id":"co_named_stream_070582","water_id":"co_beaver_creek_14010001_coloradoRiver_002","occurrence_id":"co_beaver_creek_14010001_coloradoRiver_002","occurrence_number":"002","segment_count":48,"disambiguator":"Colorado Headwaters · Colorado River green lineage · occurrence 002","basin":"Colorado Headwaters","atlas_layer":"named_water_occurrence","object_role":"named_water_occurrence","historic_label":"Colorado River green lineage","current_label":"Colorado River green lineage","recovery_label":"Recovery watch / review area","tier":"tier2","minZoom":12,"confidence_public":"Watershed-level lineage context; expert review recommended","geometry_status_public":"Named natural stream occurrence from statewide hydrography","geometry_source_public":"Grouped public hydrography segments","trout_source_public":"Compiled public recovery and lineage context; expert review recommended","public_notes":"Beaver Creek is shown as a named-water occurrence within watershed-level cutthroat lineage context. This is not a precise biological boundary."}},{"type":"Feature","geometry":{"type":"LineString","coordinates":[[-106.0737,40.0206],[-106.0748,40.0205]]},"properties":{"source_id":"co_named_stream_070585","name":"Beaver Creek","display_name":"Beaver Creek","mapped_name":"Beaver Creek","source_name":"Beaver Creek","state":"CO","atlas_class":"named_natural_stream","huc8":"14010001","huc8Name":"Colorado Headwaters","huc8States":"CO","lineageKey":"coloradoRiver","lineage":"coloradoRiver","historic":"coloradoRiver","current":"coloradoRiver","recovery":"recoveryWatch","lineageLabel":"Colorado River green lineage","lineageBasin":"Colorado Headwaters","lineageNote":"Upper Colorado green-lineage context","atlas_context":"cutthroat_lineage_context","confidence":"Watershed-level lineage context; expert review recommended","geometryStatus":"Named natural stream segment from statewide hydrography","note":"This named natural stream falls within a HUC8 assigned to a cutthroat lineage context.","source_segment_id":"co_named_stream_070585","water_id":"co_beaver_creek_14010001_coloradoRiver_002","occurrence_id":"co_beaver_creek_14010001_coloradoRiver_002","occurrence_number":"002","segment_count":48,"disambiguator":"Colorado Headwaters · Colorado River green lineage · occurrence 002","basin":"Colorado Headwaters","atlas_layer":"named_water_occurrence","object_role":"named_water_occurrence","historic_label":"Colorado River green lineage","current_label":"Colorado River green lineage","recovery_label":"Recovery watch / review area","tier":"tier2","minZoom":12,"confidence_public":"Watershed-level lineage context; expert review recommended","geometry_status_public":"Named natural stream occurrence from statewide hydrography","geometry_source_public":"Grouped public hydrography segments","trout_source_public":"Compiled public recovery and lineage context; expert review recommended","public_notes":"Beaver Creek is shown as a named-water occurrence within watershed-level cutthroat lineage context. This is not a precise biological boundary."}},{"type":"Feature","geometry":{"type":"LineString","coordinates":[[-106.0574,40.0227],[-106.0601,40.0221],[-106.0623,40.0226]]},"properties":{"source_id":"co_named_stream_071092","name":"Beaver Creek","display_name":"Beaver Creek","mapped_name":"Beaver Creek","source_name":"Beaver Creek","state":"CO","atlas_class":"named_natural_stream","huc8":"14010001","huc8Name":"Colorado Headwaters","huc8States":"CO","lineageKey":"coloradoRiver","lineage":"coloradoRiver","historic":"coloradoRiver","current":"coloradoRiver","recovery":"recoveryWatch","lineageLabel":"Colorado River green lineage","lineageBasin":"Colorado Headwaters","lineageNote":"Upper Colorado green-lineage context","atlas_context":"cutthroat_lineage_context","confidence":"Watershed-level lineage context; expert review recommended","geometryStatus":"Named natural stream segment from statewide hydrography","note":"This named natural stream falls within a HUC8 assigned to a cutthroat lineage context.","source_segment_id":"co_named_stream_071092","water_id":"co_beaver_creek_14010001_coloradoRiver_002","occurrence_id":"co_beaver_creek_14010001_coloradoRiver_002","occurrence_number":"002","segment_count":48,"disambiguator":"Colorado Headwaters · Colorado River green lineage · occurrence 002","basin":"Colorado Headwaters","atlas_layer":"named_water_occurrence","object_role":"named_water_occurrence","historic_label":"Colorado River green lineage","current_label":"Colorado River green lineage","recovery_label":"Recovery watch / review area","tier":"tier2","minZoom":12,"confidence_public":"Watershed-level lineage context; expert review recommended","geometry_status_public":"Named natural stream occurrence from statewide hydrography","geometry_source_public":"Grouped public hydrography segments","trout_source_public":"Compiled public recovery and lineage context; expert review recommended","public_notes":"Beaver Creek is shown as a named-water occurrence within watershed-level cutthroat lineage context. This is not a precise biological boundary."}},{"type":"Feature","geometry":{"type":"LineString","coordinates":[[-106.0438,40.0104],[-106.045,40.012],[-106.0477,40.0128]]},"properties":{"source_id":"co_named_stream_071097","name":"Beaver Creek","display_name":"Beaver Creek","mapped_name":"Beaver Creek","source_name":"Beaver Creek","state":"CO","atlas_class":"named_natural_stream","huc8":"14010001","huc8Name":"Colorado Headwaters","huc8States":"CO","lineageKey":"coloradoRiver","lineage":"coloradoRiver","historic":"coloradoRiver","current":"coloradoRiver","recovery":"recoveryWatch","lineageLabel":"Colorado River green lineage","lineageBasin":"Colorado Headwaters","lineageNote":"Upper Colorado green-lineage context","atlas_context":"cutthroat_lineage_context","confidence":"Watershed-level lineage context; expert review recommended","geometryStatus":"Named natural stream segment from statewide hydrography","note":"This named natural stream falls within a HUC8 assigned to a cutthroat lineage context.","source_segment_id":"co_named_stream_071097","water_id":"co_beaver_creek_14010001_coloradoRiver_002","occurrence_id":"co_beaver_creek_14010001_coloradoRiver_002","occurrence_number":"002","segment_count":48,"disambiguator":"Colorado Headwaters · Colorado River green lineage · occurrence 002","basin":"Colorado Headwaters","atlas_layer":"named_water_occurrence","object_role":"named_water_occurrence","historic_label":"Colorado River green lineage","current_label":"Colorado River green lineage","recovery_label":"Recovery watch / review area","tier":"tier2","minZoom":12,"confidence_public":"Watershed-level lineage context; expert review recommended","geometry_status_public":"Named natural stream occurrence from statewide hydrography","geometry_source_public":"Grouped public hydrography segments","trout_source_public":"Compiled public recovery and lineage context; expert review recommended","public_notes":"Beaver Creek is shown as a named-water occurrence within watershed-level cutthroat lineage context. This is not a precise biological boundary."}},{"type":"Feature","geometry":{"type":"LineString","coordinates":[[-106.0368,40.0031],[-106.0387,40.0064]]},"properties":{"source_id":"co_named_stream_071098","name":"Beaver Creek","display_name":"Beaver Creek","mapped_name":"Beaver Creek","source_name":"Beaver Creek","state":"CO","atlas_class":"named_natural_stream","huc8":"14010001","huc8Name":"Colorado Headwaters","huc8States":"CO","lineageKey":"coloradoRiver","lineage":"coloradoRiver","historic":"coloradoRiver","current":"coloradoRiver","recovery":"recoveryWatch","lineageLabel":"Colorado River green lineage","lineageBasin":"Colorado Headwaters","lineageNote":"Upper Colorado green-lineage context","atlas_context":"cutthroat_lineage_context","confidence":"Watershed-level lineage context; expert review recommended","geometryStatus":"Named natural stream segment from statewide hydrography","note":"This named natural stream falls within a HUC8 assigned to a cutthroat lineage context.","source_segment_id":"co_named_stream_071098","water_id":"co_beaver_creek_14010001_coloradoRiver_002","occurrence_id":"co_beaver_creek_14010001_coloradoRiver_002","occurrence_number":"002","segment_count":48,"disambiguator":"Colorado Headwaters · Colorado River green lineage · occurrence 002","basin":"Colorado Headwaters","atlas_layer":"named_water_occurrence","object_role":"named_water_occurrence","historic_label":"Colorado River green lineage","current_label":"Colorado River green lineage","recovery_label":"Recovery watch / review area","tier":"tier2","minZoom":12,"confidence_public":"Watershed-level lineage context; expert review recommended","geometry_status_public":"Named natural stream occurrence from statewide hydrography","geometry_source_public":"Grouped public hydrography segments","trout_source_public":"Compiled public recovery and lineage context; expert review recommended","public_notes":"Beaver Creek is shown as a named-water occurrence within watershed-level cutthroat lineage context. This is not a precise biological boundary."}},{"type":"Feature","geometry":{"type":"LineString","coordinates":[[-106.0569,40.0223],[-106.0574,40.0227]]},"properties":{"source_id":"co_named_stream_071113","name":"Beaver Creek","display_name":"Beaver Creek","mapped_name":"Beaver Creek","source_name":"Beaver Creek","state":"CO","atlas_class":"named_natural_stream","huc8":"14010001","huc8Name":"Colorado Headwaters","huc8States":"CO","lineageKey":"coloradoRiver","lineage":"coloradoRiver","historic":"coloradoRiver","current":"coloradoRiver","recovery":"recoveryWatch","lineageLabel":"Colorado River green lineage","lineageBasin":"Colorado Headwaters","lineageNote":"Upper Colorado green-lineage context","atlas_context":"cutthroat_lineage_context","confidence":"Watershed-level lineage context; expert review recommended","geometryStatus":"Named natural stream segment from statewide hydrography","note":"This named natural stream falls within a HUC8 assigned to a cutthroat lineage context.","source_segment_id":"co_named_stream_071113","water_id":"co_beaver_creek_14010001_coloradoRiver_002","occurrence_id":"co_beaver_creek_14010001_coloradoRiver_002","occurrence_number":"002","segment_count":48,"disambiguator":"Colorado Headwaters · Colorado River green lineage · occurrence 002","basin":"Colorado Headwaters","atlas_layer":"named_water_occurrence","object_role":"named_water_occurrence","historic_label":"Colorado River green lineage","current_label":"Colorado River green lineage","recovery_label":"Recovery watch / review area","tier":"tier2","minZoom":12,"confidence_public":"Watershed-level lineage context; expert review recommended","geometry_status_public":"Named natural stream occurrence from statewide hydrography","geometry_source_public":"Grouped public hydrography segments","trout_source_public":"Compiled public recovery and lineage context; expert review recommended","public_notes":"Beaver Creek is shown as a named-water occurrence within watershed-level cutthroat lineage context. This is not a precise biological boundary."}},{"type":"Feature","geometry":{"type":"LineString","coordinates":[[-106.051,40.0178],[-106.0519,40.0194]]},"properties":{"source_id":"co_named_stream_071114","name":"Beaver Creek","display_name":"Beaver Creek","mapped_name":"Beaver Creek","source_name":"Beaver Creek","state":"CO","atlas_class":"named_natural_stream","huc8":"14010001","huc8Name":"Colorado Headwaters","huc8States":"CO","lineageKey":"coloradoRiver","lineage":"coloradoRiver","historic":"coloradoRiver","current":"coloradoRiver","recovery":"recoveryWatch","lineageLabel":"Colorado River green lineage","lineageBasin":"Colorado Headwaters","lineageNote":"Upper Colorado green-lineage context","atlas_context":"cutthroat_lineage_context","confidence":"Watershed-level lineage context; expert review recommended","geometryStatus":"Named natural stream segment from statewide hydrography","note":"This named natural stream falls within a HUC8 assigned to a cutthroat lineage context.","source_segment_id":"co_named_stream_071114","water_id":"co_beaver_creek_14010001_coloradoRiver_002","occurrence_id":"co_beaver_creek_14010001_coloradoRiver_002","occurrence_number":"002","segment_count":48,"disambiguator":"Colorado Headwaters · Colorado River green lineage · occurrence 002","basin":"Colorado Headwaters","atlas_layer":"named_water_occurrence","object_role":"named_water_occurrence","historic_label":"Colorado River green lineage","current_label":"Colorado River green lineage","recovery_label":"Recovery watch / review area","tier":"tier2","minZoom":12,"confidence_public":"Watershed-level lineage context; expert review recommended","geometry_status_public":"Named natural stream occurrence from statewide hydrography","geometry_source_public":"Grouped public hydrography segments","trout_source_public":"Compiled public recovery and lineage context; expert review recommended","public_notes":"Beaver Creek is shown as a named-water occurrence within watershed-level cutthroat lineage context. This is not a precise biological boundary."}},{"type":"Feature","geometry":{"type":"LineString","coordinates":[[-106.0902,40.0223],[-106.0903,40.0224]]},"properties":{"source_id":"co_named_stream_071501","name":"Beaver Creek","display_name":"Beaver Creek","mapped_name":"Beaver Creek","source_name":"Beaver Creek","state":"CO","atlas_class":"named_natural_stream","huc8":"14010001","huc8Name":"Colorado Headwaters","huc8States":"CO","lineageKey":"coloradoRiver","lineage":"coloradoRiver","historic":"coloradoRiver","current":"coloradoRiver","recovery":"recoveryWatch","lineageLabel":"Colorado River green lineage","lineageBasin":"Colorado Headwaters","lineageNote":"Upper Colorado green-lineage context","atlas_context":"cutthroat_lineage_context","confidence":"Watershed-level lineage context; expert review recommended","geometryStatus":"Named natural stream segment from statewide hydrography","note":"This named natural stream falls within a HUC8 assigned to a cutthroat lineage context.","source_segment_id":"co_named_stream_071501","water_id":"co_beaver_creek_14010001_coloradoRiver_002","occurrence_id":"co_beaver_creek_14010001_coloradoRiver_002","occurrence_number":"002","segment_count":48,"disambiguator":"Colorado Headwaters · Colorado River green lineage · occurrence 002","basin":"Colorado Headwaters","atlas_layer":"named_water_occurrence","object_role":"named_water_occurrence","historic_label":"Colorado River green lineage","current_label":"Colorado River green lineage","recovery_label":"Recovery watch / review area","tier":"tier2","minZoom":12,"confidence_public":"Watershed-level lineage context; expert review recommended","geometry_status_public":"Named natural stream occurrence from statewide hydrography","geometry_source_public":"Grouped public hydrography segments","trout_source_public":"Compiled public recovery and lineage context; expert review recommended","public_notes":"Beaver Creek is shown as a named-water occurrence within watershed-level cutthroat lineage context. This is not a precise biological boundary."}},{"type":"Feature","geometry":{"type":"LineString","coordinates":[[-106.1065,40.0286],[-106.111,40.0312],[-106.1145,40.0318],[-106.1161,40.0336]]},"properties":{"source_id":"co_named_stream_071505","name":"Beaver Creek","display_name":"Beaver Creek","mapped_name":"Beaver Creek","source_name":"Beaver Creek","state":"CO","atlas_class":"named_natural_stream","huc8":"14010001","huc8Name":"Colorado Headwaters","huc8States":"CO","lineageKey":"coloradoRiver","lineage":"coloradoRiver","historic":"coloradoRiver","current":"coloradoRiver","recovery":"recoveryWatch","lineageLabel":"Colorado River green lineage","lineageBasin":"Colorado Headwaters","lineageNote":"Upper Colorado green-lineage context","atlas_context":"cutthroat_lineage_context","confidence":"Watershed-level lineage context; expert review recommended","geometryStatus":"Named natural stream segment from statewide hydrography","note":"This named natural stream falls within a HUC8 assigned to a cutthroat lineage context.","source_segment_id":"co_named_stream_071505","water_id":"co_beaver_creek_14010001_coloradoRiver_002","occurrence_id":"co_beaver_creek_14010001_coloradoRiver_002","occurrence_number":"002","segment_count":48,"disambiguator":"Colorado Headwaters · Colorado River green lineage · occurrence 002","basin":"Colorado Headwaters","atlas_layer":"named_water_occurrence","object_role":"named_water_occurrence","historic_label":"Colorado River green lineage","current_label":"Colorado River green lineage","recovery_label":"Recovery watch / review area","tier":"tier2","minZoom":12,"confidence_public":"Watershed-level lineage context; expert review recommended","geometry_status_public":"Named natural stream occurrence from statewide hydrography","geometry_source_public":"Grouped public hydrography segments","trout_source_public":"Compiled public recovery and lineage context; expert review recommended","public_notes":"Beaver Creek is shown as a named-water occurrence within watershed-level cutthroat lineage context. This is not a precise biological boundary."}},{"type":"Feature","geometry":{"type":"LineString","coordinates":[[-106.0703,40.0212],[-106.0737,40.0206]]},"properties":{"source_id":"co_named_stream_071509","name":"Beaver Creek","display_name":"Beaver Creek","mapped_name":"Beaver Creek","source_name":"Beaver Creek","state":"CO","atlas_class":"named_natural_stream","huc8":"14010001","huc8Name":"Colorado Headwaters","huc8States":"CO","lineageKey":"coloradoRiver","lineage":"coloradoRiver","historic":"coloradoRiver","current":"coloradoRiver","recovery":"recoveryWatch","lineageLabel":"Colorado River green lineage","lineageBasin":"Colorado Headwaters","lineageNote":"Upper Colorado green-lineage context","atlas_context":"cutthroat_lineage_context","confidence":"Watershed-level lineage context; expert review recommended","geometryStatus":"Named natural stream segment from statewide hydrography","note":"This named natural stream falls within a HUC8 assigned to a cutthroat lineage context.","source_segment_id":"co_named_stream_071509","water_id":"co_beaver_creek_14010001_coloradoRiver_002","occurrence_id":"co_beaver_creek_14010001_coloradoRiver_002","occurrence_number":"002","segment_count":48,"disambiguator":"Colorado Headwaters · Colorado River green lineage · occurrence 002","basin":"Colorado Headwaters","atlas_layer":"named_water_occurrence","object_role":"named_water_occurrence","historic_label":"Colorado River green lineage","current_label":"Colorado River green lineage","recovery_label":"Recovery watch / review area","tier":"tier2","minZoom":12,"confidence_public":"Watershed-level lineage context; expert review recommended","geometry_status_public":"Named natural stream occurrence from statewide hydrography","geometry_source_public":"Grouped public hydrography segments","trout_source_public":"Compiled public recovery and lineage context; expert review recommended","public_notes":"Beaver Creek is shown as a named-water occurrence within watershed-level cutthroat lineage context. This is not a precise biological boundary."}},{"type":"Feature","geometry":{"type":"LineString","coordinates":[[-106.0623,40.0226],[-106.0643,40.0229]]},"properties":{"source_id":"co_named_stream_071531","name":"Beaver Creek","display_name":"Beaver Creek","mapped_name":"Beaver Creek","source_name":"Beaver Creek","state":"CO","atlas_class":"named_natural_stream","huc8":"14010001","huc8Name":"Colorado Headwaters","huc8States":"CO","lineageKey":"coloradoRiver","lineage":"coloradoRiver","historic":"coloradoRiver","current":"coloradoRiver","recovery":"recoveryWatch","lineageLabel":"Colorado River green lineage","lineageBasin":"Colorado Headwaters","lineageNote":"Upper Colorado green-lineage context","atlas_context":"cutthroat_lineage_context","confidence":"Watershed-level lineage context; expert review recommended","geometryStatus":"Named natural stream segment from statewide hydrography","note":"This named natural stream falls within a HUC8 assigned to a cutthroat lineage context.","source_segment_id":"co_named_stream_071531","water_id":"co_beaver_creek_14010001_coloradoRiver_002","occurrence_id":"co_beaver_creek_14010001_coloradoRiver_002","occurrence_number":"002","segment_count":48,"disambiguator":"Colorado Headwaters · Colorado River green lineage · occurrence 002","basin":"Colorado Headwaters","atlas_layer":"named_water_occurrence","object_role":"named_water_occurrence","historic_label":"Colorado River green lineage","current_label":"Colorado River green lineage","recovery_label":"Recovery watch / review area","tier":"tier2","minZoom":12,"confidence_public":"Watershed-level lineage context; expert review recommended","geometry_status_public":"Named natural stream occurrence from statewide hydrography","geometry_source_public":"Grouped public hydrography segments","trout_source_public":"Compiled public recovery and lineage context; expert review recommended","public_notes":"Beaver Creek is shown as a named-water occurrence within watershed-level cutthroat lineage context. This is not a precise biological boundary."}},{"type":"Feature","geometry":{"type":"LineString","coordinates":[[-106.0237,39.9879],[-106.0243,39.9959],[-106.0251,39.9978],[-106.031,40]]},"properties":{"source_id":"co_named_stream_073813","name":"Beaver Creek","display_name":"Beaver Creek","mapped_name":"Beaver Creek","source_name":"Beaver Creek","state":"CO","atlas_class":"named_natural_stream","huc8":"14010001","huc8Name":"Colorado Headwaters","huc8States":"CO","lineageKey":"coloradoRiver","lineage":"coloradoRiver","historic":"coloradoRiver","current":"coloradoRiver","recovery":"recoveryWatch","lineageLabel":"Colorado River green lineage","lineageBasin":"Colorado Headwaters","lineageNote":"Upper Colorado green-lineage context","atlas_context":"cutthroat_lineage_context","confidence":"Watershed-level lineage context; expert review recommended","geometryStatus":"Named natural stream segment from statewide hydrography","note":"This named natural stream falls within a HUC8 assigned to a cutthroat lineage context.","source_segment_id":"co_named_stream_073813","water_id":"co_beaver_creek_14010001_coloradoRiver_002","occurrence_id":"co_beaver_creek_14010001_coloradoRiver_002","occurrence_number":"002","segment_count":48,"disambiguator":"Colorado Headwaters · Colorado River green lineage · occurrence 002","basin":"Colorado Headwaters","atlas_layer":"named_water_occurrence","object_role":"named_water_occurrence","historic_label":"Colorado River green lineage","current_label":"Colorado River green lineage","recovery_label":"Recovery watch / review area","tier":"tier2","minZoom":12,"confidence_public":"Watershed-level lineage context; expert review recommended","geometry_status_public":"Named natural stream occurrence from statewide hydrography","geometry_source_public":"Grouped public hydrography segments","trout_source_public":"Compiled public recovery and lineage context; expert review recommended","public_notes":"Beaver Creek is shown as a named-water occurrence within watershed-level cutthroat lineage context. This is not a precise biological boundary."}},{"type":"Feature","geometry":{"type":"LineString","coordinates":[[-106.0313,40.0002],[-106.033,40.0006]]},"properties":{"source_id":"co_named_stream_073814","name":"Beaver Creek","display_name":"Beaver Creek","mapped_name":"Beaver Creek","source_name":"Beaver Creek","state":"CO","atlas_class":"named_natural_stream","huc8":"14010001","huc8Name":"Colorado Headwaters","huc8States":"CO","lineageKey":"coloradoRiver","lineage":"coloradoRiver","historic":"coloradoRiver","current":"coloradoRiver","recovery":"recoveryWatch","lineageLabel":"Colorado River green lineage","lineageBasin":"Colorado Headwaters","lineageNote":"Upper Colorado green-lineage context","atlas_context":"cutthroat_lineage_context","confidence":"Watershed-level lineage context; expert review recommended","geometryStatus":"Named natural stream segment from statewide hydrography","note":"This named natural stream falls within a HUC8 assigned to a cutthroat lineage context.","source_segment_id":"co_named_stream_073814","water_id":"co_beaver_creek_14010001_coloradoRiver_002","occurrence_id":"co_beaver_creek_14010001_coloradoRiver_002","occurrence_number":"002","segment_count":48,"disambiguator":"Colorado Headwaters · Colorado River green lineage · occurrence 002","basin":"Colorado Headwaters","atlas_layer":"named_water_occurrence","object_role":"named_water_occurrence","historic_label":"Colorado River green lineage","current_label":"Colorado River green lineage","recovery_label":"Recovery watch / review area","tier":"tier2","minZoom":12,"confidence_public":"Watershed-level lineage context; expert review recommended","geometry_status_public":"Named natural stream occurrence from statewide hydrography","geometry_source_public":"Grouped public hydrography segments","trout_source_public":"Compiled public recovery and lineage context; expert review recommended","public_notes":"Beaver Creek is shown as a named-water occurrence within watershed-level cutthroat lineage context. This is not a precise biological boundary."}},{"type":"Feature","geometry":{"type":"LineString","coordinates":[[-106.031,40],[-106.0313,40.0002]]},"properties":{"source_id":"co_named_stream_073827","name":"Beaver Creek","display_name":"Beaver Creek","mapped_name":"Beaver Creek","source_name":"Beaver Creek","state":"CO","atlas_class":"named_natural_stream","huc8":"14010001","huc8Name":"Colorado Headwaters","huc8States":"CO","lineageKey":"coloradoRiver","lineage":"coloradoRiver","historic":"coloradoRiver","current":"coloradoRiver","recovery":"recoveryWatch","lineageLabel":"Colorado River green lineage","lineageBasin":"Colorado Headwaters","lineageNote":"Upper Colorado green-lineage context","atlas_context":"cutthroat_lineage_context","confidence":"Watershed-level lineage context; expert review recommended","geometryStatus":"Named natural stream segment from statewide hydrography","note":"This named natural stream falls within a HUC8 assigned to a cutthroat lineage context.","source_segment_id":"co_named_stream_073827","water_id":"co_beaver_creek_14010001_coloradoRiver_002","occurrence_id":"co_beaver_creek_14010001_coloradoRiver_002","occurrence_number":"002","segment_count":48,"disambiguator":"Colorado Headwaters · Colorado River green lineage · occurrence 002","basin":"Colorado Headwaters","atlas_layer":"named_water_occurrence","object_role":"named_water_occurrence","historic_label":"Colorado River green lineage","current_label":"Colorado River green lineage","recovery_label":"Recovery watch / review area","tier":"tier2","minZoom":12,"confidence_public":"Watershed-level lineage context; expert review recommended","geometry_status_public":"Named natural stream occurrence from statewide hydrography","geometry_source_public":"Grouped public hydrography segments","trout_source_public":"Compiled public recovery and lineage context; expert review recommended","public_notes":"Beaver Creek is shown as a named-water occurrence within watershed-level cutthroat lineage context. This is not a precise biological boundary."}},{"type":"Feature","geometry":{"type":"LineString","coordinates":[[-106.0361,40.0025],[-106.0368,40.0031]]},"properties":{"source_id":"co_named_stream_073862","name":"Beaver Creek","display_name":"Beaver Creek","mapped_name":"Beaver Creek","source_name":"Beaver Creek","state":"CO","atlas_class":"named_natural_stream","huc8":"14010001","huc8Name":"Colorado Headwaters","huc8States":"CO","lineageKey":"coloradoRiver","lineage":"coloradoRiver","historic":"coloradoRiver","current":"coloradoRiver","recovery":"recoveryWatch","lineageLabel":"Colorado River green lineage","lineageBasin":"Colorado Headwaters","lineageNote":"Upper Colorado green-lineage context","atlas_context":"cutthroat_lineage_context","confidence":"Watershed-level lineage context; expert review recommended","geometryStatus":"Named natural stream segment from statewide hydrography","note":"This named natural stream falls within a HUC8 assigned to a cutthroat lineage context.","source_segment_id":"co_named_stream_073862","water_id":"co_beaver_creek_14010001_coloradoRiver_002","occurrence_id":"co_beaver_creek_14010001_coloradoRiver_002","occurrence_number":"002","segment_count":48,"disambiguator":"Colorado Headwaters · Colorado River green lineage · occurrence 002","basin":"Colorado Headwaters","atlas_layer":"named_water_occurrence","object_role":"named_water_occurrence","historic_label":"Colorado River green lineage","current_label":"Colorado River green lineage","recovery_label":"Recovery watch / review area","tier":"tier2","minZoom":12,"confidence_public":"Watershed-level lineage context; expert review recommended","geometry_status_public":"Named natural stream occurrence from statewide hydrography","geometry_source_public":"Grouped public hydrography segments","trout_source_public":"Compiled public recovery and lineage context; expert review recommended","public_notes":"Beaver Creek is shown as a named-water occurrence within watershed-level cutthroat lineage context. This is not a precise biological boundary."}},{"type":"Feature","geometry":{"type":"LineString","coordinates":[[-106.0519,40.0194],[-106.0548,40.021]]},"properties":{"source_id":"co_named_stream_076887","name":"Beaver Creek","display_name":"Beaver Creek","mapped_name":"Beaver Creek","source_name":"Beaver Creek","state":"CO","atlas_class":"named_natural_stream","huc8":"14010001","huc8Name":"Colorado Headwaters","huc8States":"CO","lineageKey":"coloradoRiver","lineage":"coloradoRiver","historic":"coloradoRiver","current":"coloradoRiver","recovery":"recoveryWatch","lineageLabel":"Colorado River green lineage","lineageBasin":"Colorado Headwaters","lineageNote":"Upper Colorado green-lineage context","atlas_context":"cutthroat_lineage_context","confidence":"Watershed-level lineage context; expert review recommended","geometryStatus":"Named natural stream segment from statewide hydrography","note":"This named natural stream falls within a HUC8 assigned to a cutthroat lineage context.","source_segment_id":"co_named_stream_076887","water_id":"co_beaver_creek_14010001_coloradoRiver_002","occurrence_id":"co_beaver_creek_14010001_coloradoRiver_002","occurrence_number":"002","segment_count":48,"disambiguator":"Colorado Headwaters · Colorado River green lineage · occurrence 002","basin":"Colorado Headwaters","atlas_layer":"named_water_occurrence","object_role":"named_water_occurrence","historic_label":"Colorado River green lineage","current_label":"Colorado River green lineage","recovery_label":"Recovery watch / review area","tier":"tier2","minZoom":12,"confidence_public":"Watershed-level lineage context; expert review recommended","geometry_status_public":"Named natural stream occurrence from statewide hydrography","geometry_source_public":"Grouped public hydrography segments","trout_source_public":"Compiled public recovery and lineage context; expert review recommended","public_notes":"Beaver Creek is shown as a named-water occurrence within watershed-level cutthroat lineage context. This is not a precise biological boundary."}},{"type":"Feature","geometry":{"type":"LineString","coordinates":[[-106.0477,40.0128],[-106.0504,40.0148],[-106.051,40.0178]]},"properties":{"source_id":"co_named_stream_076900","name":"Beaver Creek","display_name":"Beaver Creek","mapped_name":"Beaver Creek","source_name":"Beaver Creek","state":"CO","atlas_class":"named_natural_stream","huc8":"14010001","huc8Name":"Colorado Headwaters","huc8States":"CO","lineageKey":"coloradoRiver","lineage":"coloradoRiver","historic":"coloradoRiver","current":"coloradoRiver","recovery":"recoveryWatch","lineageLabel":"Colorado River green lineage","lineageBasin":"Colorado Headwaters","lineageNote":"Upper Colorado green-lineage context","atlas_context":"cutthroat_lineage_context","confidence":"Watershed-level lineage context; expert review recommended","geometryStatus":"Named natural stream segment from statewide hydrography","note":"This named natural stream falls within a HUC8 assigned to a cutthroat lineage context.","source_segment_id":"co_named_stream_076900","water_id":"co_beaver_creek_14010001_coloradoRiver_002","occurrence_id":"co_beaver_creek_14010001_coloradoRiver_002","occurrence_number":"002","segment_count":48,"disambiguator":"Colorado Headwaters · Colorado River green lineage · occurrence 002","basin":"Colorado Headwaters","atlas_layer":"named_water_occurrence","object_role":"named_water_occurrence","historic_label":"Colorado River green lineage","current_label":"Colorado River green lineage","recovery_label":"Recovery watch / review area","tier":"tier2","minZoom":12,"confidence_public":"Watershed-level lineage context; expert review recommended","geometry_status_public":"Named natural stream occurrence from statewide hydrography","geometry_source_public":"Grouped public hydrography segments","trout_source_public":"Compiled public recovery and lineage context; expert review recommended","public_notes":"Beaver Creek is shown as a named-water occurrence within watershed-level cutthroat lineage context. This is not a precise biological boundary."}},{"type":"Feature","geometry":{"type":"LineString","coordinates":[[-106.033,40.0006],[-106.0361,40.0025]]},"properties":{"source_id":"co_named_stream_076917","name":"Beaver Creek","display_name":"Beaver Creek","mapped_name":"Beaver Creek","source_name":"Beaver Creek","state":"CO","atlas_class":"named_natural_stream","huc8":"14010001","huc8Name":"Colorado Headwaters","huc8States":"CO","lineageKey":"coloradoRiver","lineage":"coloradoRiver","historic":"coloradoRiver","current":"coloradoRiver","recovery":"recoveryWatch","lineageLabel":"Colorado River green lineage","lineageBasin":"Colorado Headwaters","lineageNote":"Upper Colorado green-lineage context","atlas_context":"cutthroat_lineage_context","confidence":"Watershed-level lineage context; expert review recommended","geometryStatus":"Named natural stream segment from statewide hydrography","note":"This named natural stream falls within a HUC8 assigned to a cutthroat lineage context.","source_segment_id":"co_named_stream_076917","water_id":"co_beaver_creek_14010001_coloradoRiver_002","occurrence_id":"co_beaver_creek_14010001_coloradoRiver_002","occurrence_number":"002","segment_count":48,"disambiguator":"Colorado Headwaters · Colorado River green lineage · occurrence 002","basin":"Colorado Headwaters","atlas_layer":"named_water_occurrence","object_role":"named_water_occurrence","historic_label":"Colorado River green lineage","current_label":"Colorado River green lineage","recovery_label":"Recovery watch / review area","tier":"tier2","minZoom":12,"confidence_public":"Watershed-level lineage context; expert review recommended","geometry_status_public":"Named natural stream occurrence from statewide hydrography","geometry_source_public":"Grouped public hydrography segments","trout_source_public":"Compiled public recovery and lineage context; expert review recommended","public_notes":"Beaver Creek is shown as a named-water occurrence within watershed-level cutthroat lineage context. This is not a precise biological boundary."}},{"type":"Feature","geometry":{"type":"LineString","coordinates":[[-106.0408,40.0077],[-106.0413,40.0079]]},"properties":{"source_id":"co_named_stream_076918","name":"Beaver Creek","display_name":"Beaver Creek","mapped_name":"Beaver Creek","source_name":"Beaver Creek","state":"CO","atlas_class":"named_natural_stream","huc8":"14010001","huc8Name":"Colorado Headwaters","huc8States":"CO","lineageKey":"coloradoRiver","lineage":"coloradoRiver","historic":"coloradoRiver","current":"coloradoRiver","recovery":"recoveryWatch","lineageLabel":"Colorado River green lineage","lineageBasin":"Colorado Headwaters","lineageNote":"Upper Colorado green-lineage context","atlas_context":"cutthroat_lineage_context","confidence":"Watershed-level lineage context; expert review recommended","geometryStatus":"Named natural stream segment from statewide hydrography","note":"This named natural stream falls within a HUC8 assigned to a cutthroat lineage context.","source_segment_id":"co_named_stream_076918","water_id":"co_beaver_creek_14010001_coloradoRiver_002","occurrence_id":"co_beaver_creek_14010001_coloradoRiver_002","occurrence_number":"002","segment_count":48,"disambiguator":"Colorado Headwaters · Colorado River green lineage · occurrence 002","basin":"Colorado Headwaters","atlas_layer":"named_water_occurrence","object_role":"named_water_occurrence","historic_label":"Colorado River green lineage","current_label":"Colorado River green lineage","recovery_label":"Recovery watch / review area","tier":"tier2","minZoom":12,"confidence_public":"Watershed-level lineage context; expert review recommended","geometry_status_public":"Named natural stream occurrence from statewide hydrography","geometry_source_public":"Grouped public hydrography segments","trout_source_public":"Compiled public recovery and lineage context; expert review recommended","public_notes":"Beaver Creek is shown as a named-water occurrence within watershed-level cutthroat lineage context. This is not a precise biological boundary."}},{"type":"Feature","geometry":{"type":"LineString","coordinates":[[-106.0548,40.021],[-106.0569,40.0223]]},"properties":{"source_id":"co_named_stream_076920","name":"Beaver Creek","display_name":"Beaver Creek","mapped_name":"Beaver Creek","source_name":"Beaver Creek","state":"CO","atlas_class":"named_natural_stream","huc8":"14010001","huc8Name":"Colorado Headwaters","huc8States":"CO","lineageKey":"coloradoRiver","lineage":"coloradoRiver","historic":"coloradoRiver","current":"coloradoRiver","recovery":"recoveryWatch","lineageLabel":"Colorado River green lineage","lineageBasin":"Colorado Headwaters","lineageNote":"Upper Colorado green-lineage context","atlas_context":"cutthroat_lineage_context","confidence":"Watershed-level lineage context; expert review recommended","geometryStatus":"Named natural stream segment from statewide hydrography","note":"This named natural stream falls within a HUC8 assigned to a cutthroat lineage context.","source_segment_id":"co_named_stream_076920","water_id":"co_beaver_creek_14010001_coloradoRiver_002","occurrence_id":"co_beaver_creek_14010001_coloradoRiver_002","occurrence_number":"002","segment_count":48,"disambiguator":"Colorado Headwaters · Colorado River green lineage · occurrence 002","basin":"Colorado Headwaters","atlas_layer":"named_water_occurrence","object_role":"named_water_occurrence","historic_label":"Colorado River green lineage","current_label":"Colorado River green lineage","recovery_label":"Recovery watch / review area","tier":"tier2","minZoom":12,"confidence_public":"Watershed-level lineage context; expert review recommended","geometry_status_public":"Named natural stream occurrence from statewide hydrography","geometry_source_public":"Grouped public hydrography segments","trout_source_public":"Compiled public recovery and lineage context; expert review recommended","public_notes":"Beaver Creek is shown as a named-water occurrence within watershed-level cutthroat lineage context. This is not a precise biological boundary."}},{"type":"Feature","geometry":{"type":"LineString","coordinates":[[-106.0387,40.0064],[-106.0408,40.0077]]},"properties":{"source_id":"co_named_stream_076921","name":"Beaver Creek","display_name":"Beaver Creek","mapped_name":"Beaver Creek","source_name":"Beaver Creek","state":"CO","atlas_class":"named_natural_stream","huc8":"14010001","huc8Name":"Colorado Headwaters","huc8States":"CO","lineageKey":"coloradoRiver","lineage":"coloradoRiver","historic":"coloradoRiver","current":"coloradoRiver","recovery":"recoveryWatch","lineageLabel":"Colorado River green lineage","lineageBasin":"Colorado Headwaters","lineageNote":"Upper Colorado green-lineage context","atlas_context":"cutthroat_lineage_context","confidence":"Watershed-level lineage context; expert review recommended","geometryStatus":"Named natural stream segment from statewide hydrography","note":"This named natural stream falls within a HUC8 assigned to a cutthroat lineage context.","source_segment_id":"co_named_stream_076921","water_id":"co_beaver_creek_14010001_coloradoRiver_002","occurrence_id":"co_beaver_creek_14010001_coloradoRiver_002","occurrence_number":"002","segment_count":48,"disambiguator":"Colorado Headwaters · Colorado River green lineage · occurrence 002","basin":"Colorado Headwaters","atlas_layer":"named_water_occurrence","object_role":"named_water_occurrence","historic_label":"Colorado River green lineage","current_label":"Colorado River green lineage","recovery_label":"Recovery watch / review area","tier":"tier2","minZoom":12,"confidence_public":"Watershed-level lineage context; expert review recommended","geometry_status_public":"Named natural stream occurrence from statewide hydrography","geometry_source_public":"Grouped public hydrography segments","trout_source_public":"Compiled public recovery and lineage context; expert review recommended","public_notes":"Beaver Creek is shown as a named-water occurrence within watershed-level cutthroat lineage context. This is not a precise biological boundary."}},{"type":"Feature","geometry":{"type":"LineString","coordinates":[[-106.1214,40.0402],[-106.12,40.0434]]},"properties":{"source_id":"co_named_stream_078075","name":"Beaver Creek","display_name":"Beaver Creek","mapped_name":"Beaver Creek","source_name":"Beaver Creek","state":"CO","atlas_class":"named_natural_stream","huc8":"14010001","huc8Name":"Colorado Headwaters","huc8States":"CO","lineageKey":"coloradoRiver","lineage":"coloradoRiver","historic":"coloradoRiver","current":"coloradoRiver","recovery":"recoveryWatch","lineageLabel":"Colorado River green lineage","lineageBasin":"Colorado Headwaters","lineageNote":"Upper Colorado green-lineage context","atlas_context":"cutthroat_lineage_context","confidence":"Watershed-level lineage context; expert review recommended","geometryStatus":"Named natural stream segment from statewide hydrography","note":"This named natural stream falls within a HUC8 assigned to a cutthroat lineage context.","source_segment_id":"co_named_stream_078075","water_id":"co_beaver_creek_14010001_coloradoRiver_002","occurrence_id":"co_beaver_creek_14010001_coloradoRiver_002","occurrence_number":"002","segment_count":48,"disambiguator":"Colorado Headwaters · Colorado River green lineage · occurrence 002","basin":"Colorado Headwaters","atlas_layer":"named_water_occurrence","object_role":"named_water_occurrence","historic_label":"Colorado River green lineage","current_label":"Colorado River green lineage","recovery_label":"Recovery watch / review area","tier":"tier2","minZoom":12,"confidence_public":"Watershed-level lineage context; expert review recommended","geometry_status_public":"Named natural stream occurrence from statewide hydrography","geometry_source_public":"Grouped public hydrography segments","trout_source_public":"Compiled public recovery and lineage context; expert review recommended","public_notes":"Beaver Creek is shown as a named-water occurrence within watershed-level cutthroat lineage context. This is not a precise biological boundary."}},{"type":"Feature","geometry":{"type":"LineString","coordinates":[[-106.12,40.0434],[-106.1213,40.0454]]},"properties":{"source_id":"co_named_stream_078080","name":"Beaver Creek","display_name":"Beaver Creek","mapped_name":"Beaver Creek","source_name":"Beaver Creek","state":"CO","atlas_class":"named_natural_stream","huc8":"14010001","huc8Name":"Colorado Headwaters","huc8States":"CO","lineageKey":"coloradoRiver","lineage":"coloradoRiver","historic":"coloradoRiver","current":"coloradoRiver","recovery":"recoveryWatch","lineageLabel":"Colorado River green lineage","lineageBasin":"Colorado Headwaters","lineageNote":"Upper Colorado green-lineage context","atlas_context":"cutthroat_lineage_context","confidence":"Watershed-level lineage context; expert review recommended","geometryStatus":"Named natural stream segment from statewide hydrography","note":"This named natural stream falls within a HUC8 assigned to a cutthroat lineage context.","source_segment_id":"co_named_stream_078080","water_id":"co_beaver_creek_14010001_coloradoRiver_002","occurrence_id":"co_beaver_creek_14010001_coloradoRiver_002","occurrence_number":"002","segment_count":48,"disambiguator":"Colorado Headwaters · Colorado River green lineage · occurrence 002","basin":"Colorado Headwaters","atlas_layer":"named_water_occurrence","object_role":"named_water_occurrence","historic_label":"Colorado River green lineage","current_label":"Colorado River green lineage","recovery_label":"Recovery watch / review area","tier":"tier2","minZoom":12,"confidence_public":"Watershed-level lineage context; expert review recommended","geometry_status_public":"Named natural stream occurrence from statewide hydrography","geometry_source_public":"Grouped public hydrography segments","trout_source_public":"Compiled public recovery and lineage context; expert review recommended","public_notes":"Beaver Creek is shown as a named-water occurrence within watershed-level cutthroat lineage context. This is not a precise biological boundary."}},{"type":"Feature","geometry":{"type":"LineString","coordinates":[[-106.125,40.0471],[-106.1284,40.0484],[-106.1305,40.0481]]},"properties":{"source_id":"co_named_stream_078081","name":"Beaver Creek","display_name":"Beaver Creek","mapped_name":"Beaver Creek","source_name":"Beaver Creek","state":"CO","atlas_class":"named_natural_stream","huc8":"14010001","huc8Name":"Colorado Headwaters","huc8States":"CO","lineageKey":"coloradoRiver","lineage":"coloradoRiver","historic":"coloradoRiver","current":"coloradoRiver","recovery":"recoveryWatch","lineageLabel":"Colorado River green lineage","lineageBasin":"Colorado Headwaters","lineageNote":"Upper Colorado green-lineage context","atlas_context":"cutthroat_lineage_context","confidence":"Watershed-level lineage context; expert review recommended","geometryStatus":"Named natural stream segment from statewide hydrography","note":"This named natural stream falls within a HUC8 assigned to a cutthroat lineage context.","source_segment_id":"co_named_stream_078081","water_id":"co_beaver_creek_14010001_coloradoRiver_002","occurrence_id":"co_beaver_creek_14010001_coloradoRiver_002","occurrence_number":"002","segment_count":48,"disambiguator":"Colorado Headwaters · Colorado River green lineage · occurrence 002","basin":"Colorado Headwaters","atlas_layer":"named_water_occurrence","object_role":"named_water_occurrence","historic_label":"Colorado River green lineage","current_label":"Colorado River green lineage","recovery_label":"Recovery watch / review area","tier":"tier2","minZoom":12,"confidence_public":"Watershed-level lineage context; expert review recommended","geometry_status_public":"Named natural stream occurrence from statewide hydrography","geometry_source_public":"Grouped public hydrography segments","trout_source_public":"Compiled public recovery and lineage context; expert review recommended","public_notes":"Beaver Creek is shown as a named-water occurrence within watershed-level cutthroat lineage context. This is not a precise biological boundary."}},{"type":"Feature","geometry":{"type":"LineString","coordinates":[[-106.0868,40.0206],[-106.0895,40.022]]},"properties":{"source_id":"co_named_stream_078086","name":"Beaver Creek","display_name":"Beaver Creek","mapped_name":"Beaver Creek","source_name":"Beaver Creek","state":"CO","atlas_class":"named_natural_stream","huc8":"14010001","huc8Name":"Colorado Headwaters","huc8States":"CO","lineageKey":"coloradoRiver","lineage":"coloradoRiver","historic":"coloradoRiver","current":"coloradoRiver","recovery":"recoveryWatch","lineageLabel":"Colorado River green lineage","lineageBasin":"Colorado Headwaters","lineageNote":"Upper Colorado green-lineage context","atlas_context":"cutthroat_lineage_context","confidence":"Watershed-level lineage context; expert review recommended","geometryStatus":"Named natural stream segment from statewide hydrography","note":"This named natural stream falls within a HUC8 assigned to a cutthroat lineage context.","source_segment_id":"co_named_stream_078086","water_id":"co_beaver_creek_14010001_coloradoRiver_002","occurrence_id":"co_beaver_creek_14010001_coloradoRiver_002","occurrence_number":"002","segment_count":48,"disambiguator":"Colorado Headwaters · Colorado River green lineage · occurrence 002","basin":"Colorado Headwaters","atlas_layer":"named_water_occurrence","object_role":"named_water_occurrence","historic_label":"Colorado River green lineage","current_label":"Colorado River green lineage","recovery_label":"Recovery watch / review area","tier":"tier2","minZoom":12,"confidence_public":"Watershed-level lineage context; expert review recommended","geometry_status_public":"Named natural stream occurrence from statewide hydrography","geometry_source_public":"Grouped public hydrography segments","trout_source_public":"Compiled public recovery and lineage context; expert review recommended","public_notes":"Beaver Creek is shown as a named-water occurrence within watershed-level cutthroat lineage context. This is not a precise biological boundary."}},{"type":"Feature","geometry":{"type":"LineString","coordinates":[[-106.1161,40.0336],[-106.1216,40.038],[-106.1214,40.0402]]},"properties":{"source_id":"co_named_stream_078094","name":"Beaver Creek","display_name":"Beaver Creek","mapped_name":"Beaver Creek","source_name":"Beaver Creek","state":"CO","atlas_class":"named_natural_stream","huc8":"14010001","huc8Name":"Colorado Headwaters","huc8States":"CO","lineageKey":"coloradoRiver","lineage":"coloradoRiver","historic":"coloradoRiver","current":"coloradoRiver","recovery":"recoveryWatch","lineageLabel":"Colorado River green lineage","lineageBasin":"Colorado Headwaters","lineageNote":"Upper Colorado green-lineage context","atlas_context":"cutthroat_lineage_context","confidence":"Watershed-level lineage context; expert review recommended","geometryStatus":"Named natural stream segment from statewide hydrography","note":"This named natural stream falls within a HUC8 assigned to a cutthroat lineage context.","source_segment_id":"co_named_stream_078094","water_id":"co_beaver_creek_14010001_coloradoRiver_002","occurrence_id":"co_beaver_creek_14010001_coloradoRiver_002","occurrence_number":"002","segment_count":48,"disambiguator":"Colorado Headwaters · Colorado River green lineage · occurrence 002","basin":"Colorado Headwaters","atlas_layer":"named_water_occurrence","object_role":"named_water_occurrence","historic_label":"Colorado River green lineage","current_label":"Colorado River green lineage","recovery_label":"Recovery watch / review area","tier":"tier2","minZoom":12,"confidence_public":"Watershed-level lineage context; expert review recommended","geometry_status_public":"Named natural stream occurrence from statewide hydrography","geometry_source_public":"Grouped public hydrography segments","trout_source_public":"Compiled public recovery and lineage context; expert review recommended","public_notes":"Beaver Creek is shown as a named-water occurrence within watershed-level cutthroat lineage context. This is not a precise biological boundary."}},{"type":"Feature","geometry":{"type":"LineString","coordinates":[[-106.0829,40.0204],[-106.0868,40.0206]]},"properties":{"source_id":"co_named_stream_078102","name":"Beaver Creek","display_name":"Beaver Creek","mapped_name":"Beaver Creek","source_name":"Beaver Creek","state":"CO","atlas_class":"named_natural_stream","huc8":"14010001","huc8Name":"Colorado Headwaters","huc8States":"CO","lineageKey":"coloradoRiver","lineage":"coloradoRiver","historic":"coloradoRiver","current":"coloradoRiver","recovery":"recoveryWatch","lineageLabel":"Colorado River green lineage","lineageBasin":"Colorado Headwaters","lineageNote":"Upper Colorado green-lineage context","atlas_context":"cutthroat_lineage_context","confidence":"Watershed-level lineage context; expert review recommended","geometryStatus":"Named natural stream segment from statewide hydrography","note":"This named natural stream falls within a HUC8 assigned to a cutthroat lineage context.","source_segment_id":"co_named_stream_078102","water_id":"co_beaver_creek_14010001_coloradoRiver_002","occurrence_id":"co_beaver_creek_14010001_coloradoRiver_002","occurrence_number":"002","segment_count":48,"disambiguator":"Colorado Headwaters · Colorado River green lineage · occurrence 002","basin":"Colorado Headwaters","atlas_layer":"named_water_occurrence","object_role":"named_water_occurrence","historic_label":"Colorado River green lineage","current_label":"Colorado River green lineage","recovery_label":"Recovery watch / review area","tier":"tier2","minZoom":12,"confidence_public":"Watershed-level lineage context; expert review recommended","geometry_status_public":"Named natural stream occurrence from statewide hydrography","geometry_source_public":"Grouped public hydrography segments","trout_source_public":"Compiled public recovery and lineage context; expert review recommended","public_notes":"Beaver Creek is shown as a named-water occurrence within watershed-level cutthroat lineage context. This is not a precise biological boundary."}},{"type":"Feature","geometry":{"type":"LineString","coordinates":[[-106.1241,40.0466],[-106.125,40.0471]]},"properties":{"source_id":"co_named_stream_078104","name":"Beaver Creek","display_name":"Beaver Creek","mapped_name":"Beaver Creek","source_name":"Beaver Creek","state":"CO","atlas_class":"named_natural_stream","huc8":"14010001","huc8Name":"Colorado Headwaters","huc8States":"CO","lineageKey":"coloradoRiver","lineage":"coloradoRiver","historic":"coloradoRiver","current":"coloradoRiver","recovery":"recoveryWatch","lineageLabel":"Colorado River green lineage","lineageBasin":"Colorado Headwaters","lineageNote":"Upper Colorado green-lineage context","atlas_context":"cutthroat_lineage_context","confidence":"Watershed-level lineage context; expert review recommended","geometryStatus":"Named natural stream segment from statewide hydrography","note":"This named natural stream falls within a HUC8 assigned to a cutthroat lineage context.","source_segment_id":"co_named_stream_078104","water_id":"co_beaver_creek_14010001_coloradoRiver_002","occurrence_id":"co_beaver_creek_14010001_coloradoRiver_002","occurrence_number":"002","segment_count":48,"disambiguator":"Colorado Headwaters · Colorado River green lineage · occurrence 002","basin":"Colorado Headwaters","atlas_layer":"named_water_occurrence","object_role":"named_water_occurrence","historic_label":"Colorado River green lineage","current_label":"Colorado River green lineage","recovery_label":"Recovery watch / review area","tier":"tier2","minZoom":12,"confidence_public":"Watershed-level lineage context; expert review recommended","geometry_status_public":"Named natural stream occurrence from statewide hydrography","geometry_source_public":"Grouped public hydrography segments","trout_source_public":"Compiled public recovery and lineage context; expert review recommended","public_notes":"Beaver Creek is shown as a named-water occurrence within watershed-level cutthroat lineage context. This is not a precise biological boundary."}},{"type":"Feature","geometry":{"type":"LineString","coordinates":[[-106.0748,40.0205],[-106.0771,40.0195],[-106.0807,40.02]]},"properties":{"source_id":"co_named_stream_078106","name":"Beaver Creek","display_name":"Beaver Creek","mapped_name":"Beaver Creek","source_name":"Beaver Creek","state":"CO","atlas_class":"named_natural_stream","huc8":"14010001","huc8Name":"Colorado Headwaters","huc8States":"CO","lineageKey":"coloradoRiver","lineage":"coloradoRiver","historic":"coloradoRiver","current":"coloradoRiver","recovery":"recoveryWatch","lineageLabel":"Colorado River green lineage","lineageBasin":"Colorado Headwaters","lineageNote":"Upper Colorado green-lineage context","atlas_context":"cutthroat_lineage_context","confidence":"Watershed-level lineage context; expert review recommended","geometryStatus":"Named natural stream segment from statewide hydrography","note":"This named natural stream falls within a HUC8 assigned to a cutthroat lineage context.","source_segment_id":"co_named_stream_078106","water_id":"co_beaver_creek_14010001_coloradoRiver_002","occurrence_id":"co_beaver_creek_14010001_coloradoRiver_002","occurrence_number":"002","segment_count":48,"disambiguator":"Colorado Headwaters · Colorado River green lineage · occurrence 002","basin":"Colorado Headwaters","atlas_layer":"named_water_occurrence","object_role":"named_water_occurrence","historic_label":"Colorado River green lineage","current_label":"Colorado River green lineage","recovery_label":"Recovery watch / review area","tier":"tier2","minZoom":12,"confidence_public":"Watershed-level lineage context; expert review recommended","geometry_status_public":"Named natural stream occurrence from statewide hydrography","geometry_source_public":"Grouped public hydrography segments","trout_source_public":"Compiled public recovery and lineage context; expert review recommended","public_notes":"Beaver Creek is shown as a named-water occurrence within watershed-level cutthroat lineage context. This is not a precise biological boundary."}},{"type":"Feature","geometry":{"type":"LineString","coordinates":[[-106.0807,40.02],[-106.0826,40.0205]]},"properties":{"source_id":"co_named_stream_078121","name":"Beaver Creek","display_name":"Beaver Creek","mapped_name":"Beaver Creek","source_name":"Beaver Creek","state":"CO","atlas_class":"named_natural_stream","huc8":"14010001","huc8Name":"Colorado Headwaters","huc8States":"CO","lineageKey":"coloradoRiver","lineage":"coloradoRiver","historic":"coloradoRiver","current":"coloradoRiver","recovery":"recoveryWatch","lineageLabel":"Colorado River green lineage","lineageBasin":"Colorado Headwaters","lineageNote":"Upper Colorado green-lineage context","atlas_context":"cutthroat_lineage_context","confidence":"Watershed-level lineage context; expert review recommended","geometryStatus":"Named natural stream segment from statewide hydrography","note":"This named natural stream falls within a HUC8 assigned to a cutthroat lineage context.","source_segment_id":"co_named_stream_078121","water_id":"co_beaver_creek_14010001_coloradoRiver_002","occurrence_id":"co_beaver_creek_14010001_coloradoRiver_002","occurrence_number":"002","segment_count":48,"disambiguator":"Colorado Headwaters · Colorado River green lineage · occurrence 002","basin":"Colorado Headwaters","atlas_layer":"named_water_occurrence","object_role":"named_water_occurrence","historic_label":"Colorado River green lineage","current_label":"Colorado River green lineage","recovery_label":"Recovery watch / review area","tier":"tier2","minZoom":12,"confidence_public":"Watershed-level lineage context; expert review recommended","geometry_status_public":"Named natural stream occurrence from statewide hydrography","geometry_source_public":"Grouped public hydrography segments","trout_source_public":"Compiled public recovery and lineage context; expert review recommended","public_notes":"Beaver Creek is shown as a named-water occurrence within watershed-level cutthroat lineage context. This is not a precise biological boundary."}},{"type":"Feature","geometry":{"type":"LineString","coordinates":[[-106.1008,40.0292],[-106.1065,40.0286]]},"properties":{"source_id":"co_named_stream_078122","name":"Beaver Creek","display_name":"Beaver Creek","mapped_name":"Beaver Creek","source_name":"Beaver Creek","state":"CO","atlas_class":"named_natural_stream","huc8":"14010001","huc8Name":"Colorado Headwaters","huc8States":"CO","lineageKey":"coloradoRiver","lineage":"coloradoRiver","historic":"coloradoRiver","current":"coloradoRiver","recovery":"recoveryWatch","lineageLabel":"Colorado River green lineage","lineageBasin":"Colorado Headwaters","lineageNote":"Upper Colorado green-lineage context","atlas_context":"cutthroat_lineage_context","confidence":"Watershed-level lineage context; expert review recommended","geometryStatus":"Named natural stream segment from statewide hydrography","note":"This named natural stream falls within a HUC8 assigned to a cutthroat lineage context.","source_segment_id":"co_named_stream_078122","water_id":"co_beaver_creek_14010001_coloradoRiver_002","occurrence_id":"co_beaver_creek_14010001_coloradoRiver_002","occurrence_number":"002","segment_count":48,"disambiguator":"Colorado Headwaters · Colorado River green lineage · occurrence 002","basin":"Colorado Headwaters","atlas_layer":"named_water_occurrence","object_role":"named_water_occurrence","historic_label":"Colorado River green lineage","current_label":"Colorado River green lineage","recovery_label":"Recovery watch / review area","tier":"tier2","minZoom":12,"confidence_public":"Watershed-level lineage context; expert review recommended","geometry_status_public":"Named natural stream occurrence from statewide hydrography","geometry_source_public":"Grouped public hydrography segments","trout_source_public":"Compiled public recovery and lineage context; expert review recommended","public_notes":"Beaver Creek is shown as a named-water occurrence within watershed-level cutthroat lineage context. This is not a precise biological boundary."}},{"type":"Feature","geometry":{"type":"LineString","coordinates":[[-106.1213,40.0454],[-106.1241,40.0466]]},"properties":{"source_id":"co_named_stream_078123","name":"Beaver Creek","display_name":"Beaver Creek","mapped_name":"Beaver Creek","source_name":"Beaver Creek","state":"CO","atlas_class":"named_natural_stream","huc8":"14010001","huc8Name":"Colorado Headwaters","huc8States":"CO","lineageKey":"coloradoRiver","lineage":"coloradoRiver","historic":"coloradoRiver","current":"coloradoRiver","recovery":"recoveryWatch","lineageLabel":"Colorado River green lineage","lineageBasin":"Colorado Headwaters","lineageNote":"Upper Colorado green-lineage context","atlas_context":"cutthroat_lineage_context","confidence":"Watershed-level lineage context; expert review recommended","geometryStatus":"Named natural stream segment from statewide hydrography","note":"This named natural stream falls within a HUC8 assigned to a cutthroat lineage context.","source_segment_id":"co_named_stream_078123","water_id":"co_beaver_creek_14010001_coloradoRiver_002","occurrence_id":"co_beaver_creek_14010001_coloradoRiver_002","occurrence_number":"002","segment_count":48,"disambiguator":"Colorado Headwaters · Colorado River green lineage · occurrence 002","basin":"Colorado Headwaters","atlas_layer":"named_water_occurrence","object_role":"named_water_occurrence","historic_label":"Colorado River green lineage","current_label":"Colorado River green lineage","recovery_label":"Recovery watch / review area","tier":"tier2","minZoom":12,"confidence_public":"Watershed-level lineage context; expert review recommended","geometry_status_public":"Named natural stream occurrence from statewide hydrography","geometry_source_public":"Grouped public hydrography segments","trout_source_public":"Compiled public recovery and lineage context; expert review recommended","public_notes":"Beaver Creek is shown as a named-water occurrence within watershed-level cutthroat lineage context. This is not a precise biological boundary."}},{"type":"Feature","geometry":{"type":"LineString","coordinates":[[-106.2277,40.2244],[-106.2245,40.2238]]},"properties":{"source_id":"co_named_stream_067134","name":"Hay Park Creek","display_name":"Hay Park Creek","mapped_name":"Hay Park Creek","source_name":"Hay Park Creek","state":"CO","atlas_class":"named_natural_stream","huc8":"14010001","huc8Name":"Colorado Headwaters","huc8States":"CO","lineageKey":"coloradoRiver","lineage":"coloradoRiver","historic":"coloradoRiver","current":"coloradoRiver","recovery":"recoveryWatch","lineageLabel":"Colorado River green lineage","lineageBasin":"Colorado Headwaters","lineageNote":"Upper Colorado green-lineage context","atlas_context":"cutthroat_lineage_context","confidence":"Watershed-level lineage context; expert review recommended","geometryStatus":"Named natural stream segment from statewide hydrography","note":"This named natural stream falls within a HUC8 assigned to a cutthroat lineage context.","source_segment_id":"co_named_stream_067134","water_id":"co_hay_park_creek_14010001_coloradoRiver_001","occurrence_id":"co_hay_park_creek_14010001_coloradoRiver_001","occurrence_number":"001","segment_count":28,"disambiguator":"Colorado Headwaters · Colorado River green lineage · occurrence 001","basin":"Colorado Headwaters","atlas_layer":"named_water_occurrence","object_role":"named_water_occurrence","historic_label":"Colorado River green lineage","current_label":"Colorado River green lineage","recovery_label":"Recovery watch / review area","tier":"tier2","minZoom":12,"confidence_public":"Watershed-level lineage context; expert review recommended","geometry_status_public":"Named natural stream occurrence from statewide hydrography","geometry_source_public":"Grouped public hydrography segments","trout_source_public":"Compiled public recovery and lineage context; expert review recommended","public_notes":"Hay Park Creek is shown as a named-water occurrence within watershed-level cutthroat lineage context. This is not a precise biological boundary."}},{"type":"Feature","geometry":{"type":"LineString","coordinates":[[-106.2245,40.2238],[-106.2211,40.2226]]},"properties":{"source_id":"co_named_stream_067148","name":"Hay Park Creek","display_name":"Hay Park Creek","mapped_name":"Hay Park Creek","source_name":"Hay Park Creek","state":"CO","atlas_class":"named_natural_stream","huc8":"14010001","huc8Name":"Colorado Headwaters","huc8States":"CO","lineageKey":"coloradoRiver","lineage":"coloradoRiver","historic":"coloradoRiver","current":"coloradoRiver","recovery":"recoveryWatch","lineageLabel":"Colorado River green lineage","lineageBasin":"Colorado Headwaters","lineageNote":"Upper Colorado green-lineage context","atlas_context":"cutthroat_lineage_context","confidence":"Watershed-level lineage context; expert review recommended","geometryStatus":"Named natural stream segment from statewide hydrography","note":"This named natural stream falls within a HUC8 assigned to a cutthroat lineage context.","source_segment_id":"co_named_stream_067148","water_id":"co_hay_park_creek_14010001_coloradoRiver_001","occurrence_id":"co_hay_park_creek_14010001_coloradoRiver_001","occurrence_number":"001","segment_count":28,"disambiguator":"Colorado Headwaters · Colorado River green lineage · occurrence 001","basin":"Colorado Headwaters","atlas_layer":"named_water_occurrence","object_role":"named_water_occurrence","historic_label":"Colorado River green lineage","current_label":"Colorado River green lineage","recovery_label":"Recovery watch / review area","tier":"tier2","minZoom":12,"confidence_public":"Watershed-level lineage context; expert review recommended","geometry_status_public":"Named natural stream occurrence from statewide hydrography","geometry_source_public":"Grouped public hydrography segments","trout_source_public":"Compiled public recovery and lineage context; expert review recommended","public_notes":"Hay Park Creek is shown as a named-water occurrence within watershed-level cutthroat lineage context. This is not a precise biological boundary."}},{"type":"Feature","geometry":{"type":"LineString","coordinates":[[-106.2402,40.2418],[-106.2403,40.2396],[-106.2414,40.2391]]},"properties":{"source_id":"co_named_stream_067151","name":"Hay Park Creek","display_name":"Hay Park Creek","mapped_name":"Hay Park Creek","source_name":"Hay Park Creek","state":"CO","atlas_class":"named_natural_stream","huc8":"14010001","huc8Name":"Colorado Headwaters","huc8States":"CO","lineageKey":"coloradoRiver","lineage":"coloradoRiver","historic":"coloradoRiver","current":"coloradoRiver","recovery":"recoveryWatch","lineageLabel":"Colorado River green lineage","lineageBasin":"Colorado Headwaters","lineageNote":"Upper Colorado green-lineage context","atlas_context":"cutthroat_lineage_context","confidence":"Watershed-level lineage context; expert review recommended","geometryStatus":"Named natural stream segment from statewide hydrography","note":"This named natural stream falls within a HUC8 assigned to a cutthroat lineage context.","source_segment_id":"co_named_stream_067151","water_id":"co_hay_park_creek_14010001_coloradoRiver_001","occurrence_id":"co_hay_park_creek_14010001_coloradoRiver_001","occurrence_number":"001","segment_count":28,"disambiguator":"Colorado Headwaters · Colorado River green lineage · occurrence 001","basin":"Colorado Headwaters","atlas_layer":"named_water_occurrence","object_role":"named_water_occurrence","historic_label":"Colorado River green lineage","current_label":"Colorado River green lineage","recovery_label":"Recovery watch / review area","tier":"tier2","minZoom":12,"confidence_public":"Watershed-level lineage context; expert review recommended","geometry_status_public":"Named natural stream occurrence from statewide hydrography","geometry_source_public":"Grouped public hydrography segments","trout_source_public":"Compiled public recovery and lineage context; expert review recommended","public_notes":"Hay Park Creek is shown as a named-water occurrence within watershed-level cutthroat lineage context. This is not a precise biological boundary."}},{"type":"Feature","geometry":{"type":"LineString","coordinates":[[-106.2375,40.2267],[-106.2374,40.2267]]},"properties":{"source_id":"co_named_stream_067154","name":"Hay Park Creek","display_name":"Hay Park Creek","mapped_name":"Hay Park Creek","source_name":"Hay Park Creek","state":"CO","atlas_class":"named_natural_stream","huc8":"14010001","huc8Name":"Colorado Headwaters","huc8States":"CO","lineageKey":"coloradoRiver","lineage":"coloradoRiver","historic":"coloradoRiver","current":"coloradoRiver","recovery":"recoveryWatch","lineageLabel":"Colorado River green lineage","lineageBasin":"Colorado Headwaters","lineageNote":"Upper Colorado green-lineage context","atlas_context":"cutthroat_lineage_context","confidence":"Watershed-level lineage context; expert review recommended","geometryStatus":"Named natural stream segment from statewide hydrography","note":"This named natural stream falls within a HUC8 assigned to a cutthroat lineage context.","source_segment_id":"co_named_stream_067154","water_id":"co_hay_park_creek_14010001_coloradoRiver_001","occurrence_id":"co_hay_park_creek_14010001_coloradoRiver_001","occurrence_number":"001","segment_count":28,"disambiguator":"Colorado Headwaters · Colorado River green lineage · occurrence 001","basin":"Colorado Headwaters","atlas_layer":"named_water_occurrence","object_role":"named_water_occurrence","historic_label":"Colorado River green lineage","current_label":"Colorado River green lineage","recovery_label":"Recovery watch / review area","tier":"tier2","minZoom":12,"confidence_public":"Watershed-level lineage context; expert review recommended","geometry_status_public":"Named natural stream occurrence from statewide hydrography","geometry_source_public":"Grouped public hydrography segments","trout_source_public":"Compiled public recovery and lineage context; expert review recommended","public_notes":"Hay Park Creek is shown as a named-water occurrence within watershed-level cutthroat lineage context. This is not a precise biological boundary."}},{"type":"Feature","geometry":{"type":"LineString","coordinates":[[-106.2423,40.2336],[-106.2401,40.232]]},"properties":{"source_id":"co_named_stream_067157","name":"Hay Park Creek","display_name":"Hay Park Creek","mapped_name":"Hay Park Creek","source_name":"Hay Park Creek","state":"CO","atlas_class":"named_natural_stream","huc8":"14010001","huc8Name":"Colorado Headwaters","huc8States":"CO","lineageKey":"coloradoRiver","lineage":"coloradoRiver","historic":"coloradoRiver","current":"coloradoRiver","recovery":"recoveryWatch","lineageLabel":"Colorado River green lineage","lineageBasin":"Colorado Headwaters","lineageNote":"Upper Colorado green-lineage context","atlas_context":"cutthroat_lineage_context","confidence":"Watershed-level lineage context; expert review recommended","geometryStatus":"Named natural stream segment from statewide hydrography","note":"This named natural stream falls within a HUC8 assigned to a cutthroat lineage context.","source_segment_id":"co_named_stream_067157","water_id":"co_hay_park_creek_14010001_coloradoRiver_001","occurrence_id":"co_hay_park_creek_14010001_coloradoRiver_001","occurrence_number":"001","segment_count":28,"disambiguator":"Colorado Headwaters · Colorado River green lineage · occurrence 001","basin":"Colorado Headwaters","atlas_layer":"named_water_occurrence","object_role":"named_water_occurrence","historic_label":"Colorado River green lineage","current_label":"Colorado River green lineage","recovery_label":"Recovery watch / review area","tier":"tier2","minZoom":12,"confidence_public":"Watershed-level lineage context; expert review recommended","geometry_status_public":"Named natural stream occurrence from statewide hydrography","geometry_source_public":"Grouped public hydrography segments","trout_source_public":"Compiled public recovery and lineage context; expert review recommended","public_notes":"Hay Park Creek is shown as a named-water occurrence within watershed-level cutthroat lineage context. This is not a precise biological boundary."}},{"type":"Feature","geometry":{"type":"LineString","coordinates":[[-106.2201,40.2224],[-106.2166,40.2222]]},"properties":{"source_id":"co_named_stream_067160","name":"Hay Park Creek","display_name":"Hay Park Creek","mapped_name":"Hay Park Creek","source_name":"Hay Park Creek","state":"CO","atlas_class":"named_natural_stream","huc8":"14010001","huc8Name":"Colorado Headwaters","huc8States":"CO","lineageKey":"coloradoRiver","lineage":"coloradoRiver","historic":"coloradoRiver","current":"coloradoRiver","recovery":"recoveryWatch","lineageLabel":"Colorado River green lineage","lineageBasin":"Colorado Headwaters","lineageNote":"Upper Colorado green-lineage context","atlas_context":"cutthroat_lineage_context","confidence":"Watershed-level lineage context; expert review recommended","geometryStatus":"Named natural stream segment from statewide hydrography","note":"This named natural stream falls within a HUC8 assigned to a cutthroat lineage context.","source_segment_id":"co_named_stream_067160","water_id":"co_hay_park_creek_14010001_coloradoRiver_001","occurrence_id":"co_hay_park_creek_14010001_coloradoRiver_001","occurrence_number":"001","segment_count":28,"disambiguator":"Colorado Headwaters · Colorado River green lineage · occurrence 001","basin":"Colorado Headwaters","atlas_layer":"named_water_occurrence","object_role":"named_water_occurrence","historic_label":"Colorado River green lineage","current_label":"Colorado River green lineage","recovery_label":"Recovery watch / review area","tier":"tier2","minZoom":12,"confidence_public":"Watershed-level lineage context; expert review recommended","geometry_status_public":"Named natural stream occurrence from statewide hydrography","geometry_source_public":"Grouped public hydrography segments","trout_source_public":"Compiled public recovery and lineage context; expert review recommended","public_notes":"Hay Park Creek is shown as a named-water occurrence within watershed-level cutthroat lineage context. This is not a precise biological boundary."}},{"type":"Feature","geometry":{"type":"LineString","coordinates":[[-106.2342,40.2248],[-106.232,40.2243]]},"properties":{"source_id":"co_named_stream_067164","name":"Hay Park Creek","display_name":"Hay Park Creek","mapped_name":"Hay Park Creek","source_name":"Hay Park Creek","state":"CO","atlas_class":"named_natural_stream","huc8":"14010001","huc8Name":"Colorado Headwaters","huc8States":"CO","lineageKey":"coloradoRiver","lineage":"coloradoRiver","historic":"coloradoRiver","current":"coloradoRiver","recovery":"recoveryWatch","lineageLabel":"Colorado River green lineage","lineageBasin":"Colorado Headwaters","lineageNote":"Upper Colorado green-lineage context","atlas_context":"cutthroat_lineage_context","confidence":"Watershed-level lineage context; expert review recommended","geometryStatus":"Named natural stream segment from statewide hydrography","note":"This named natural stream falls within a HUC8 assigned to a cutthroat lineage context.","source_segment_id":"co_named_stream_067164","water_id":"co_hay_park_creek_14010001_coloradoRiver_001","occurrence_id":"co_hay_park_creek_14010001_coloradoRiver_001","occurrence_number":"001","segment_count":28,"disambiguator":"Colorado Headwaters · Colorado River green lineage · occurrence 001","basin":"Colorado Headwaters","atlas_layer":"named_water_occurrence","object_role":"named_water_occurrence","historic_label":"Colorado River green lineage","current_label":"Colorado River green lineage","recovery_label":"Recovery watch / review area","tier":"tier2","minZoom":12,"confidence_public":"Watershed-level lineage context; expert review recommended","geometry_status_public":"Named natural stream occurrence from statewide hydrography","geometry_source_public":"Grouped public hydrography segments","trout_source_public":"Compiled public recovery and lineage context; expert review recommended","public_notes":"Hay Park Creek is shown as a named-water occurrence within watershed-level cutthroat lineage context. This is not a precise biological boundary."}},{"type":"Feature","geometry":{"type":"LineString","coordinates":[[-106.2426,40.245],[-106.2402,40.2418]]},"properties":{"source_id":"co_named_stream_067171","name":"Hay Park Creek","display_name":"Hay Park Creek","mapped_name":"Hay Park Creek","source_name":"Hay Park Creek","state":"CO","atlas_class":"named_natural_stream","huc8":"14010001","huc8Name":"Colorado Headwaters","huc8States":"CO","lineageKey":"coloradoRiver","lineage":"coloradoRiver","historic":"coloradoRiver","current":"coloradoRiver","recovery":"recoveryWatch","lineageLabel":"Colorado River green lineage","lineageBasin":"Colorado Headwaters","lineageNote":"Upper Colorado green-lineage context","atlas_context":"cutthroat_lineage_context","confidence":"Watershed-level lineage context; expert review recommended","geometryStatus":"Named natural stream segment from statewide hydrography","note":"This named natural stream falls within a HUC8 assigned to a cutthroat lineage context.","source_segment_id":"co_named_stream_067171","water_id":"co_hay_park_creek_14010001_coloradoRiver_001","occurrence_id":"co_hay_park_creek_14010001_coloradoRiver_001","occurrence_number":"001","segment_count":28,"disambiguator":"Colorado Headwaters · Colorado River green lineage · occurrence 001","basin":"Colorado Headwaters","atlas_layer":"named_water_occurrence","object_role":"named_water_occurrence","historic_label":"Colorado River green lineage","current_label":"Colorado River green lineage","recovery_label":"Recovery watch / review area","tier":"tier2","minZoom":12,"confidence_public":"Watershed-level lineage context; expert review recommended","geometry_status_public":"Named natural stream occurrence from statewide hydrography","geometry_source_public":"Grouped public hydrography segments","trout_source_public":"Compiled public recovery and lineage context; expert review recommended","public_notes":"Hay Park Creek is shown as a named-water occurrence within watershed-level cutthroat lineage context. This is not a precise biological boundary."}},{"type":"Feature","geometry":{"type":"LineString","coordinates":[[-106.236,40.2261],[-106.2342,40.2248]]},"properties":{"source_id":"co_named_stream_067172","name":"Hay Park Creek","display_name":"Hay Park Creek","mapped_name":"Hay Park Creek","source_name":"Hay Park Creek","state":"CO","atlas_class":"named_natural_stream","huc8":"14010001","huc8Name":"Colorado Headwaters","huc8States":"CO","lineageKey":"coloradoRiver","lineage":"coloradoRiver","historic":"coloradoRiver","current":"coloradoRiver","recovery":"recoveryWatch","lineageLabel":"Colorado River green lineage","lineageBasin":"Colorado Headwaters","lineageNote":"Upper Colorado green-lineage context","atlas_context":"cutthroat_lineage_context","confidence":"Watershed-level lineage context; expert review recommended","geometryStatus":"Named natural stream segment from statewide hydrography","note":"This named natural stream falls within a HUC8 assigned to a cutthroat lineage context.","source_segment_id":"co_named_stream_067172","water_id":"co_hay_park_creek_14010001_coloradoRiver_001","occurrence_id":"co_hay_park_creek_14010001_coloradoRiver_001","occurrence_number":"001","segment_count":28,"disambiguator":"Colorado Headwaters · Colorado River green lineage · occurrence 001","basin":"Colorado Headwaters","atlas_layer":"named_water_occurrence","object_role":"named_water_occurrence","historic_label":"Colorado River green lineage","current_label":"Colorado River green lineage","recovery_label":"Recovery watch / review area","tier":"tier2","minZoom":12,"confidence_public":"Watershed-level lineage context; expert review recommended","geometry_status_public":"Named natural stream occurrence from statewide hydrography","geometry_source_public":"Grouped public hydrography segments","trout_source_public":"Compiled public recovery and lineage context; expert review recommended","public_notes":"Hay Park Creek is shown as a named-water occurrence within watershed-level cutthroat lineage context. This is not a precise biological boundary."}},{"type":"Feature","geometry":{"type":"LineString","coordinates":[[-106.239,40.2294],[-106.2388,40.2273],[-106.238,40.2268]]},"properties":{"source_id":"co_named_stream_067173","name":"Hay Park Creek","display_name":"Hay Park Creek","mapped_name":"Hay Park Creek","source_name":"Hay Park Creek","state":"CO","atlas_class":"named_natural_stream","huc8":"14010001","huc8Name":"Colorado Headwaters","huc8States":"CO","lineageKey":"coloradoRiver","lineage":"coloradoRiver","historic":"coloradoRiver","current":"coloradoRiver","recovery":"recoveryWatch","lineageLabel":"Colorado River green lineage","lineageBasin":"Colorado Headwaters","lineageNote":"Upper Colorado green-lineage context","atlas_context":"cutthroat_lineage_context","confidence":"Watershed-level lineage context; expert review recommended","geometryStatus":"Named natural stream segment from statewide hydrography","note":"This named natural stream falls within a HUC8 assigned to a cutthroat lineage context.","source_segment_id":"co_named_stream_067173","water_id":"co_hay_park_creek_14010001_coloradoRiver_001","occurrence_id":"co_hay_park_creek_14010001_coloradoRiver_001","occurrence_number":"001","segment_count":28,"disambiguator":"Colorado Headwaters · Colorado River green lineage · occurrence 001","basin":"Colorado Headwaters","atlas_layer":"named_water_occurrence","object_role":"named_water_occurrence","historic_label":"Colorado River green lineage","current_label":"Colorado River green lineage","recovery_label":"Recovery watch / review area","tier":"tier2","minZoom":12,"confidence_public":"Watershed-level lineage context; expert review recommended","geometry_status_public":"Named natural stream occurrence from statewide hydrography","geometry_source_public":"Grouped public hydrography segments","trout_source_public":"Compiled public recovery and lineage context; expert review recommended","public_notes":"Hay Park Creek is shown as a named-water occurrence within watershed-level cutthroat lineage context. This is not a precise biological boundary."}},{"type":"Feature","geometry":{"type":"LineString","coordinates":[[-106.2211,40.2226],[-106.2202,40.2225]]},"properties":{"source_id":"co_named_stream_082457","name":"Hay Park Creek","display_name":"Hay Park Creek","mapped_name":"Hay Park Creek","source_name":"Hay Park Creek","state":"CO","atlas_class":"named_natural_stream","huc8":"14010001","huc8Name":"Colorado Headwaters","huc8States":"CO","lineageKey":"coloradoRiver","lineage":"coloradoRiver","historic":"coloradoRiver","current":"coloradoRiver","recovery":"recoveryWatch","lineageLabel":"Colorado River green lineage","lineageBasin":"Colorado Headwaters","lineageNote":"Upper Colorado green-lineage context","atlas_context":"cutthroat_lineage_context","confidence":"Watershed-level lineage context; expert review recommended","geometryStatus":"Named natural stream segment from statewide hydrography","note":"This named natural stream falls within a HUC8 assigned to a cutthroat lineage context.","source_segment_id":"co_named_stream_082457","water_id":"co_hay_park_creek_14010001_coloradoRiver_001","occurrence_id":"co_hay_park_creek_14010001_coloradoRiver_001","occurrence_number":"001","segment_count":28,"disambiguator":"Colorado Headwaters · Colorado River green lineage · occurrence 001","basin":"Colorado Headwaters","atlas_layer":"named_water_occurrence","object_role":"named_water_occurrence","historic_label":"Colorado River green lineage","current_label":"Colorado River green lineage","recovery_label":"Recovery watch / review area","tier":"tier2","minZoom":12,"confidence_public":"Watershed-level lineage context; expert review recommended","geometry_status_public":"Named natural stream occurrence from statewide hydrography","geometry_source_public":"Grouped public hydrography segments","trout_source_public":"Compiled public recovery and lineage context; expert review recommended","public_notes":"Hay Park Creek is shown as a named-water occurrence within watershed-level cutthroat lineage context. This is not a precise biological boundary."}},{"type":"Feature","geometry":{"type":"LineString","coordinates":[[-106.2202,40.2225],[-106.2201,40.2224]]},"properties":{"source_id":"co_named_stream_082458","name":"Hay Park Creek","display_name":"Hay Park Creek","mapped_name":"Hay Park Creek","source_name":"Hay Park Creek","state":"CO","atlas_class":"named_natural_stream","huc8":"14010001","huc8Name":"Colorado Headwaters","huc8States":"CO","lineageKey":"coloradoRiver","lineage":"coloradoRiver","historic":"coloradoRiver","current":"coloradoRiver","recovery":"recoveryWatch","lineageLabel":"Colorado River green lineage","lineageBasin":"Colorado Headwaters","lineageNote":"Upper Colorado green-lineage context","atlas_context":"cutthroat_lineage_context","confidence":"Watershed-level lineage context; expert review recommended","geometryStatus":"Named natural stream segment from statewide hydrography","note":"This named natural stream falls within a HUC8 assigned to a cutthroat lineage context.","source_segment_id":"co_named_stream_082458","water_id":"co_hay_park_creek_14010001_coloradoRiver_001","occurrence_id":"co_hay_park_creek_14010001_coloradoRiver_001","occurrence_number":"001","segment_count":28,"disambiguator":"Colorado Headwaters · Colorado River green lineage · occurrence 001","basin":"Colorado Headwaters","atlas_layer":"named_water_occurrence","object_role":"named_water_occurrence","historic_label":"Colorado River green lineage","current_label":"Colorado River green lineage","recovery_label":"Recovery watch / review area","tier":"tier2","minZoom":12,"confidence_public":"Watershed-level lineage context; expert review recommended","geometry_status_public":"Named natural stream occurrence from statewide hydrography","geometry_source_public":"Grouped public hydrography segments","trout_source_public":"Compiled public recovery and lineage context; expert review recommended","public_notes":"Hay Park Creek is shown as a named-water occurrence within watershed-level cutthroat lineage context. This is not a precise biological boundary."}},{"type":"Feature","geometry":{"type":"LineString","coordinates":[[-106.2303,40.2241],[-106.2284,40.2242]]},"properties":{"source_id":"co_named_stream_082464","name":"Hay Park Creek","display_name":"Hay Park Creek","mapped_name":"Hay Park Creek","source_name":"Hay Park Creek","state":"CO","atlas_class":"named_natural_stream","huc8":"14010001","huc8Name":"Colorado Headwaters","huc8States":"CO","lineageKey":"coloradoRiver","lineage":"coloradoRiver","historic":"coloradoRiver","current":"coloradoRiver","recovery":"recoveryWatch","lineageLabel":"Colorado River green lineage","lineageBasin":"Colorado Headwaters","lineageNote":"Upper Colorado green-lineage context","atlas_context":"cutthroat_lineage_context","confidence":"Watershed-level lineage context; expert review recommended","geometryStatus":"Named natural stream segment from statewide hydrography","note":"This named natural stream falls within a HUC8 assigned to a cutthroat lineage context.","source_segment_id":"co_named_stream_082464","water_id":"co_hay_park_creek_14010001_coloradoRiver_001","occurrence_id":"co_hay_park_creek_14010001_coloradoRiver_001","occurrence_number":"001","segment_count":28,"disambiguator":"Colorado Headwaters · Colorado River green lineage · occurrence 001","basin":"Colorado Headwaters","atlas_layer":"named_water_occurrence","object_role":"named_water_occurrence","historic_label":"Colorado River green lineage","current_label":"Colorado River green lineage","recovery_label":"Recovery watch / review area","tier":"tier2","minZoom":12,"confidence_public":"Watershed-level lineage context; expert review recommended","geometry_status_public":"Named natural stream occurrence from statewide hydrography","geometry_source_public":"Grouped public hydrography segments","trout_source_public":"Compiled public recovery and lineage context; expert review recommended","public_notes":"Hay Park Creek is shown as a named-water occurrence within watershed-level cutthroat lineage context. This is not a precise biological boundary."}},{"type":"Feature","geometry":{"type":"LineString","coordinates":[[-106.2365,40.2262],[-106.2363,40.2262]]},"properties":{"source_id":"co_named_stream_082469","name":"Hay Park Creek","display_name":"Hay Park Creek","mapped_name":"Hay Park Creek","source_name":"Hay Park Creek","state":"CO","atlas_class":"named_natural_stream","huc8":"14010001","huc8Name":"Colorado Headwaters","huc8States":"CO","lineageKey":"coloradoRiver","lineage":"coloradoRiver","historic":"coloradoRiver","current":"coloradoRiver","recovery":"recoveryWatch","lineageLabel":"Colorado River green lineage","lineageBasin":"Colorado Headwaters","lineageNote":"Upper Colorado green-lineage context","atlas_context":"cutthroat_lineage_context","confidence":"Watershed-level lineage context; expert review recommended","geometryStatus":"Named natural stream segment from statewide hydrography","note":"This named natural stream falls within a HUC8 assigned to a cutthroat lineage context.","source_segment_id":"co_named_stream_082469","water_id":"co_hay_park_creek_14010001_coloradoRiver_001","occurrence_id":"co_hay_park_creek_14010001_coloradoRiver_001","occurrence_number":"001","segment_count":28,"disambiguator":"Colorado Headwaters · Colorado River green lineage · occurrence 001","basin":"Colorado Headwaters","atlas_layer":"named_water_occurrence","object_role":"named_water_occurrence","historic_label":"Colorado River green lineage","current_label":"Colorado River green lineage","recovery_label":"Recovery watch / review area","tier":"tier2","minZoom":12,"confidence_public":"Watershed-level lineage context; expert review recommended","geometry_status_public":"Named natural stream occurrence from statewide hydrography","geometry_source_public":"Grouped public hydrography segments","trout_source_public":"Compiled public recovery and lineage context; expert review recommended","public_notes":"Hay Park Creek is shown as a named-water occurrence within watershed-level cutthroat lineage context. This is not a precise biological boundary."}},{"type":"Feature","geometry":{"type":"LineString","coordinates":[[-106.2166,40.2222],[-106.2144,40.2225]]},"properties":{"source_id":"co_named_stream_082470","name":"Hay Park Creek","display_name":"Hay Park Creek","mapped_name":"Hay Park Creek","source_name":"Hay Park Creek","state":"CO","atlas_class":"named_natural_stream","huc8":"14010001","huc8Name":"Colorado Headwaters","huc8States":"CO","lineageKey":"coloradoRiver","lineage":"coloradoRiver","historic":"coloradoRiver","current":"coloradoRiver","recovery":"recoveryWatch","lineageLabel":"Colorado River green lineage","lineageBasin":"Colorado Headwaters","lineageNote":"Upper Colorado green-lineage context","atlas_context":"cutthroat_lineage_context","confidence":"Watershed-level lineage context; expert review recommended","geometryStatus":"Named natural stream segment from statewide hydrography","note":"This named natural stream falls within a HUC8 assigned to a cutthroat lineage context.","source_segment_id":"co_named_stream_082470","water_id":"co_hay_park_creek_14010001_coloradoRiver_001","occurrence_id":"co_hay_park_creek_14010001_coloradoRiver_001","occurrence_number":"001","segment_count":28,"disambiguator":"Colorado Headwaters · Colorado River green lineage · occurrence 001","basin":"Colorado Headwaters","atlas_layer":"named_water_occurrence","object_role":"named_water_occurrence","historic_label":"Colorado River green lineage","current_label":"Colorado River green lineage","recovery_label":"Recovery watch / review area","tier":"tier2","minZoom":12,"confidence_public":"Watershed-level lineage context; expert review recommended","geometry_status_public":"Named natural stream occurrence from statewide hydrography","geometry_source_public":"Grouped public hydrography segments","trout_source_public":"Compiled public recovery and lineage context; expert review recommended","public_notes":"Hay Park Creek is shown as a named-water occurrence within watershed-level cutthroat lineage context. This is not a precise biological boundary."}},{"type":"Feature","geometry":{"type":"LineString","coordinates":[[-106.2144,40.2225],[-106.209,40.223]]},"properties":{"source_id":"co_named_stream_082471","name":"Hay Park Creek","display_name":"Hay Park Creek","mapped_name":"Hay Park Creek","source_name":"Hay Park Creek","state":"CO","atlas_class":"named_natural_stream","huc8":"14010001","huc8Name":"Colorado Headwaters","huc8States":"CO","lineageKey":"coloradoRiver","lineage":"coloradoRiver","historic":"coloradoRiver","current":"coloradoRiver","recovery":"recoveryWatch","lineageLabel":"Colorado River green lineage","lineageBasin":"Colorado Headwaters","lineageNote":"Upper Colorado green-lineage context","atlas_context":"cutthroat_lineage_context","confidence":"Watershed-level lineage context; expert review recommended","geometryStatus":"Named natural stream segment from statewide hydrography","note":"This named natural stream falls within a HUC8 assigned to a cutthroat lineage context.","source_segment_id":"co_named_stream_082471","water_id":"co_hay_park_creek_14010001_coloradoRiver_001","occurrence_id":"co_hay_park_creek_14010001_coloradoRiver_001","occurrence_number":"001","segment_count":28,"disambiguator":"Colorado Headwaters · Colorado River green lineage · occurrence 001","basin":"Colorado Headwaters","atlas_layer":"named_water_occurrence","object_role":"named_water_occurrence","historic_label":"Colorado River green lineage","current_label":"Colorado River green lineage","recovery_label":"Recovery watch / review area","tier":"tier2","minZoom":12,"confidence_public":"Watershed-level lineage context; expert review recommended","geometry_status_public":"Named natural stream occurrence from statewide hydrography","geometry_source_public":"Grouped public hydrography segments","trout_source_public":"Compiled public recovery and lineage context; expert review recommended","public_notes":"Hay Park Creek is shown as a named-water occurrence within watershed-level cutthroat lineage context. This is not a precise biological boundary."}},{"type":"Feature","geometry":{"type":"LineString","coordinates":[[-106.2431,40.2374],[-106.2437,40.2353],[-106.2423,40.2336]]},"properties":{"source_id":"co_named_stream_082472","name":"Hay Park Creek","display_name":"Hay Park Creek","mapped_name":"Hay Park Creek","source_name":"Hay Park Creek","state":"CO","atlas_class":"named_natural_stream","huc8":"14010001","huc8Name":"Colorado Headwaters","huc8States":"CO","lineageKey":"coloradoRiver","lineage":"coloradoRiver","historic":"coloradoRiver","current":"coloradoRiver","recovery":"recoveryWatch","lineageLabel":"Colorado River green lineage","lineageBasin":"Colorado Headwaters","lineageNote":"Upper Colorado green-lineage context","atlas_context":"cutthroat_lineage_context","confidence":"Watershed-level lineage context; expert review recommended","geometryStatus":"Named natural stream segment from statewide hydrography","note":"This named natural stream falls within a HUC8 assigned to a cutthroat lineage context.","source_segment_id":"co_named_stream_082472","water_id":"co_hay_park_creek_14010001_coloradoRiver_001","occurrence_id":"co_hay_park_creek_14010001_coloradoRiver_001","occurrence_number":"001","segment_count":28,"disambiguator":"Colorado Headwaters · Colorado River green lineage · occurrence 001","basin":"Colorado Headwaters","atlas_layer":"named_water_occurrence","object_role":"named_water_occurrence","historic_label":"Colorado River green lineage","current_label":"Colorado River green lineage","recovery_label":"Recovery watch / review area","tier":"tier2","minZoom":12,"confidence_public":"Watershed-level lineage context; expert review recommended","geometry_status_public":"Named natural stream occurrence from statewide hydrography","geometry_source_public":"Grouped public hydrography segments","trout_source_public":"Compiled public recovery and lineage context; expert review recommended","public_notes":"Hay Park Creek is shown as a named-water occurrence within watershed-level cutthroat lineage context. This is not a precise biological boundary."}},{"type":"Feature","geometry":{"type":"LineString","coordinates":[[-106.2374,40.2267],[-106.2365,40.2262]]},"properties":{"source_id":"co_named_stream_082475","name":"Hay Park Creek","display_name":"Hay Park Creek","mapped_name":"Hay Park Creek","source_name":"Hay Park Creek","state":"CO","atlas_class":"named_natural_stream","huc8":"14010001","huc8Name":"Colorado Headwaters","huc8States":"CO","lineageKey":"coloradoRiver","lineage":"coloradoRiver","historic":"coloradoRiver","current":"coloradoRiver","recovery":"recoveryWatch","lineageLabel":"Colorado River green lineage","lineageBasin":"Colorado Headwaters","lineageNote":"Upper Colorado green-lineage context","atlas_context":"cutthroat_lineage_context","confidence":"Watershed-level lineage context; expert review recommended","geometryStatus":"Named natural stream segment from statewide hydrography","note":"This named natural stream falls within a HUC8 assigned to a cutthroat lineage context.","source_segment_id":"co_named_stream_082475","water_id":"co_hay_park_creek_14010001_coloradoRiver_001","occurrence_id":"co_hay_park_creek_14010001_coloradoRiver_001","occurrence_number":"001","segment_count":28,"disambiguator":"Colorado Headwaters · Colorado River green lineage · occurrence 001","basin":"Colorado Headwaters","atlas_layer":"named_water_occurrence","object_role":"named_water_occurrence","historic_label":"Colorado River green lineage","current_label":"Colorado River green lineage","recovery_label":"Recovery watch / review area","tier":"tier2","minZoom":12,"confidence_public":"Watershed-level lineage context; expert review recommended","geometry_status_public":"Named natural stream occurrence from statewide hydrography","geometry_source_public":"Grouped public hydrography segments","trout_source_public":"Compiled public recovery and lineage context; expert review recommended","public_notes":"Hay Park Creek is shown as a named-water occurrence within watershed-level cutthroat lineage context. This is not a precise biological boundary."}},{"type":"Feature","geometry":{"type":"LineString","coordinates":[[-106.232,40.2243],[-106.2303,40.2241]]},"properties":{"source_id":"co_named_stream_082485","name":"Hay Park Creek","display_name":"Hay Park Creek","mapped_name":"Hay Park Creek","source_name":"Hay Park Creek","state":"CO","atlas_class":"named_natural_stream","huc8":"14010001","huc8Name":"Colorado Headwaters","huc8States":"CO","lineageKey":"coloradoRiver","lineage":"coloradoRiver","historic":"coloradoRiver","current":"coloradoRiver","recovery":"recoveryWatch","lineageLabel":"Colorado River green lineage","lineageBasin":"Colorado Headwaters","lineageNote":"Upper Colorado green-lineage context","atlas_context":"cutthroat_lineage_context","confidence":"Watershed-level lineage context; expert review recommended","geometryStatus":"Named natural stream segment from statewide hydrography","note":"This named natural stream falls within a HUC8 assigned to a cutthroat lineage context.","source_segment_id":"co_named_stream_082485","water_id":"co_hay_park_creek_14010001_coloradoRiver_001","occurrence_id":"co_hay_park_creek_14010001_coloradoRiver_001","occurrence_number":"001","segment_count":28,"disambiguator":"Colorado Headwaters · Colorado River green lineage · occurrence 001","basin":"Colorado Headwaters","atlas_layer":"named_water_occurrence","object_role":"named_water_occurrence","historic_label":"Colorado River green lineage","current_label":"Colorado River green lineage","recovery_label":"Recovery watch / review area","tier":"tier2","minZoom":12,"confidence_public":"Watershed-level lineage context; expert review recommended","geometry_status_public":"Named natural stream occurrence from statewide hydrography","geometry_source_public":"Grouped public hydrography segments","trout_source_public":"Compiled public recovery and lineage context; expert review recommended","public_notes":"Hay Park Creek is shown as a named-water occurrence within watershed-level cutthroat lineage context. This is not a precise biological boundary."}},{"type":"Feature","geometry":{"type":"LineString","coordinates":[[-106.2397,40.2317],[-106.239,40.2294]]},"properties":{"source_id":"co_named_stream_082486","name":"Hay Park Creek","display_name":"Hay Park Creek","mapped_name":"Hay Park Creek","source_name":"Hay Park Creek","state":"CO","atlas_class":"named_natural_stream","huc8":"14010001","huc8Name":"Colorado Headwaters","huc8States":"CO","lineageKey":"coloradoRiver","lineage":"coloradoRiver","historic":"coloradoRiver","current":"coloradoRiver","recovery":"recoveryWatch","lineageLabel":"Colorado River green lineage","lineageBasin":"Colorado Headwaters","lineageNote":"Upper Colorado green-lineage context","atlas_context":"cutthroat_lineage_context","confidence":"Watershed-level lineage context; expert review recommended","geometryStatus":"Named natural stream segment from statewide hydrography","note":"This named natural stream falls within a HUC8 assigned to a cutthroat lineage context.","source_segment_id":"co_named_stream_082486","water_id":"co_hay_park_creek_14010001_coloradoRiver_001","occurrence_id":"co_hay_park_creek_14010001_coloradoRiver_001","occurrence_number":"001","segment_count":28,"disambiguator":"Colorado Headwaters · Colorado River green lineage · occurrence 001","basin":"Colorado Headwaters","atlas_layer":"named_water_occurrence","object_role":"named_water_occurrence","historic_label":"Colorado River green lineage","current_label":"Colorado River green lineage","recovery_label":"Recovery watch / review area","tier":"tier2","minZoom":12,"confidence_public":"Watershed-level lineage context; expert review recommended","geometry_status_public":"Named natural stream occurrence from statewide hydrography","geometry_source_public":"Grouped public hydrography segments","trout_source_public":"Compiled public recovery and lineage context; expert review recommended","public_notes":"Hay Park Creek is shown as a named-water occurrence within watershed-level cutthroat lineage context. This is not a precise biological boundary."}},{"type":"Feature","geometry":{"type":"LineString","coordinates":[[-106.2284,40.2242],[-106.2277,40.2244]]},"properties":{"source_id":"co_named_stream_082491","name":"Hay Park Creek","display_name":"Hay Park Creek","mapped_name":"Hay Park Creek","source_name":"Hay Park Creek","state":"CO","atlas_class":"named_natural_stream","huc8":"14010001","huc8Name":"Colorado Headwaters","huc8States":"CO","lineageKey":"coloradoRiver","lineage":"coloradoRiver","historic":"coloradoRiver","current":"coloradoRiver","recovery":"recoveryWatch","lineageLabel":"Colorado River green lineage","lineageBasin":"Colorado Headwaters","lineageNote":"Upper Colorado green-lineage context","atlas_context":"cutthroat_lineage_context","confidence":"Watershed-level lineage context; expert review recommended","geometryStatus":"Named natural stream segment from statewide hydrography","note":"This named natural stream falls within a HUC8 assigned to a cutthroat lineage context.","source_segment_id":"co_named_stream_082491","water_id":"co_hay_park_creek_14010001_coloradoRiver_001","occurrence_id":"co_hay_park_creek_14010001_coloradoRiver_001","occurrence_number":"001","segment_count":28,"disambiguator":"Colorado Headwaters · Colorado River green lineage · occurrence 001","basin":"Colorado Headwaters","atlas_layer":"named_water_occurrence","object_role":"named_water_occurrence","historic_label":"Colorado River green lineage","current_label":"Colorado River green lineage","recovery_label":"Recovery watch / review area","tier":"tier2","minZoom":12,"confidence_public":"Watershed-level lineage context; expert review recommended","geometry_status_public":"Named natural stream occurrence from statewide hydrography","geometry_source_public":"Grouped public hydrography segments","trout_source_public":"Compiled public recovery and lineage context; expert review recommended","public_notes":"Hay Park Creek is shown as a named-water occurrence within watershed-level cutthroat lineage context. This is not a precise biological boundary."}},{"type":"Feature","geometry":{"type":"LineString","coordinates":[[-106.2414,40.2391],[-106.2429,40.2385],[-106.2431,40.2374]]},"properties":{"source_id":"co_named_stream_083956","name":"Hay Park Creek","display_name":"Hay Park Creek","mapped_name":"Hay Park Creek","source_name":"Hay Park Creek","state":"CO","atlas_class":"named_natural_stream","huc8":"14010001","huc8Name":"Colorado Headwaters","huc8States":"CO","lineageKey":"coloradoRiver","lineage":"coloradoRiver","historic":"coloradoRiver","current":"coloradoRiver","recovery":"recoveryWatch","lineageLabel":"Colorado River green lineage","lineageBasin":"Colorado Headwaters","lineageNote":"Upper Colorado green-lineage context","atlas_context":"cutthroat_lineage_context","confidence":"Watershed-level lineage context; expert review recommended","geometryStatus":"Named natural stream segment from statewide hydrography","note":"This named natural stream falls within a HUC8 assigned to a cutthroat lineage context.","source_segment_id":"co_named_stream_083956","water_id":"co_hay_park_creek_14010001_coloradoRiver_001","occurrence_id":"co_hay_park_creek_14010001_coloradoRiver_001","occurrence_number":"001","segment_count":28,"disambiguator":"Colorado Headwaters · Colorado River green lineage · occurrence 001","basin":"Colorado Headwaters","atlas_layer":"named_water_occurrence","object_role":"named_water_occurrence","historic_label":"Colorado River green lineage","current_label":"Colorado River green lineage","recovery_label":"Recovery watch / review area","tier":"tier2","minZoom":12,"confidence_public":"Watershed-level lineage context; expert review recommended","geometry_status_public":"Named natural stream occurrence from statewide hydrography","geometry_source_public":"Grouped public hydrography segments","trout_source_public":"Compiled public recovery and lineage context; expert review recommended","public_notes":"Hay Park Creek is shown as a named-water occurrence within watershed-level cutthroat lineage context. This is not a precise biological boundary."}},{"type":"Feature","geometry":{"type":"LineString","coordinates":[[-106.2453,40.2464],[-106.2452,40.2464]]},"properties":{"source_id":"co_named_stream_083961","name":"Hay Park Creek","display_name":"Hay Park Creek","mapped_name":"Hay Park Creek","source_name":"Hay Park Creek","state":"CO","atlas_class":"named_natural_stream","huc8":"14010001","huc8Name":"Colorado Headwaters","huc8States":"CO","lineageKey":"coloradoRiver","lineage":"coloradoRiver","historic":"coloradoRiver","current":"coloradoRiver","recovery":"recoveryWatch","lineageLabel":"Colorado River green lineage","lineageBasin":"Colorado Headwaters","lineageNote":"Upper Colorado green-lineage context","atlas_context":"cutthroat_lineage_context","confidence":"Watershed-level lineage context; expert review recommended","geometryStatus":"Named natural stream segment from statewide hydrography","note":"This named natural stream falls within a HUC8 assigned to a cutthroat lineage context.","source_segment_id":"co_named_stream_083961","water_id":"co_hay_park_creek_14010001_coloradoRiver_001","occurrence_id":"co_hay_park_creek_14010001_coloradoRiver_001","occurrence_number":"001","segment_count":28,"disambiguator":"Colorado Headwaters · Colorado River green lineage · occurrence 001","basin":"Colorado Headwaters","atlas_layer":"named_water_occurrence","object_role":"named_water_occurrence","historic_label":"Colorado River green lineage","current_label":"Colorado River green lineage","recovery_label":"Recovery watch / review area","tier":"tier2","minZoom":12,"confidence_public":"Watershed-level lineage context; expert review recommended","geometry_status_public":"Named natural stream occurrence from statewide hydrography","geometry_source_public":"Grouped public hydrography segments","trout_source_public":"Compiled public recovery and lineage context; expert review recommended","public_notes":"Hay Park Creek is shown as a named-water occurrence within watershed-level cutthroat lineage context. This is not a precise biological boundary."}},{"type":"Feature","geometry":{"type":"LineString","coordinates":[[-106.2448,40.2462],[-106.2446,40.2462]]},"properties":{"source_id":"co_named_stream_083962","name":"Hay Park Creek","display_name":"Hay Park Creek","mapped_name":"Hay Park Creek","source_name":"Hay Park Creek","state":"CO","atlas_class":"named_natural_stream","huc8":"14010001","huc8Name":"Colorado Headwaters","huc8States":"CO","lineageKey":"coloradoRiver","lineage":"coloradoRiver","historic":"coloradoRiver","current":"coloradoRiver","recovery":"recoveryWatch","lineageLabel":"Colorado River green lineage","lineageBasin":"Colorado Headwaters","lineageNote":"Upper Colorado green-lineage context","atlas_context":"cutthroat_lineage_context","confidence":"Watershed-level lineage context; expert review recommended","geometryStatus":"Named natural stream segment from statewide hydrography","note":"This named natural stream falls within a HUC8 assigned to a cutthroat lineage context.","source_segment_id":"co_named_stream_083962","water_id":"co_hay_park_creek_14010001_coloradoRiver_001","occurrence_id":"co_hay_park_creek_14010001_coloradoRiver_001","occurrence_number":"001","segment_count":28,"disambiguator":"Colorado Headwaters · Colorado River green lineage · occurrence 001","basin":"Colorado Headwaters","atlas_layer":"named_water_occurrence","object_role":"named_water_occurrence","historic_label":"Colorado River green lineage","current_label":"Colorado River green lineage","recovery_label":"Recovery watch / review area","tier":"tier2","minZoom":12,"confidence_public":"Watershed-level lineage context; expert review recommended","geometry_status_public":"Named natural stream occurrence from statewide hydrography","geometry_source_public":"Grouped public hydrography segments","trout_source_public":"Compiled public recovery and lineage context; expert review recommended","public_notes":"Hay Park Creek is shown as a named-water occurrence within watershed-level cutthroat lineage context. This is not a precise biological boundary."}},{"type":"Feature","geometry":{"type":"LineString","coordinates":[[-106.2455,40.2467],[-106.2454,40.2466]]},"properties":{"source_id":"co_named_stream_083966","name":"Hay Park Creek","display_name":"Hay Park Creek","mapped_name":"Hay Park Creek","source_name":"Hay Park Creek","state":"CO","atlas_class":"named_natural_stream","huc8":"14010001","huc8Name":"Colorado Headwaters","huc8States":"CO","lineageKey":"coloradoRiver","lineage":"coloradoRiver","historic":"coloradoRiver","current":"coloradoRiver","recovery":"recoveryWatch","lineageLabel":"Colorado River green lineage","lineageBasin":"Colorado Headwaters","lineageNote":"Upper Colorado green-lineage context","atlas_context":"cutthroat_lineage_context","confidence":"Watershed-level lineage context; expert review recommended","geometryStatus":"Named natural stream segment from statewide hydrography","note":"This named natural stream falls within a HUC8 assigned to a cutthroat lineage context.","source_segment_id":"co_named_stream_083966","water_id":"co_hay_park_creek_14010001_coloradoRiver_001","occurrence_id":"co_hay_park_creek_14010001_coloradoRiver_001","occurrence_number":"001","segment_count":28,"disambiguator":"Colorado Headwaters · Colorado River green lineage · occurrence 001","basin":"Colorado Headwaters","atlas_layer":"named_water_occurrence","object_role":"named_water_occurrence","historic_label":"Colorado River green lineage","current_label":"Colorado River green lineage","recovery_label":"Recovery watch / review area","tier":"tier2","minZoom":12,"confidence_public":"Watershed-level lineage context; expert review recommended","geometry_status_public":"Named natural stream occurrence from statewide hydrography","geometry_source_public":"Grouped public hydrography segments","trout_source_public":"Compiled public recovery and lineage context; expert review recommended","public_notes":"Hay Park Creek is shown as a named-water occurrence within watershed-level cutthroat lineage context. This is not a precise biological boundary."}},{"type":"Feature","geometry":{"type":"LineString","coordinates":[[-106.2446,40.2462],[-106.2426,40.245]]},"properties":{"source_id":"co_named_stream_083974","name":"Hay Park Creek","display_name":"Hay Park Creek","mapped_name":"Hay Park Creek","source_name":"Hay Park Creek","state":"CO","atlas_class":"named_natural_stream","huc8":"14010001","huc8Name":"Colorado Headwaters","huc8States":"CO","lineageKey":"coloradoRiver","lineage":"coloradoRiver","historic":"coloradoRiver","current":"coloradoRiver","recovery":"recoveryWatch","lineageLabel":"Colorado River green lineage","lineageBasin":"Colorado Headwaters","lineageNote":"Upper Colorado green-lineage context","atlas_context":"cutthroat_lineage_context","confidence":"Watershed-level lineage context; expert review recommended","geometryStatus":"Named natural stream segment from statewide hydrography","note":"This named natural stream falls within a HUC8 assigned to a cutthroat lineage context.","source_segment_id":"co_named_stream_083974","water_id":"co_hay_park_creek_14010001_coloradoRiver_001","occurrence_id":"co_hay_park_creek_14010001_coloradoRiver_001","occurrence_number":"001","segment_count":28,"disambiguator":"Colorado Headwaters · Colorado River green lineage · occurrence 001","basin":"Colorado Headwaters","atlas_layer":"named_water_occurrence","object_role":"named_water_occurrence","historic_label":"Colorado River green lineage","current_label":"Colorado River green lineage","recovery_label":"Recovery watch / review area","tier":"tier2","minZoom":12,"confidence_public":"Watershed-level lineage context; expert review recommended","geometry_status_public":"Named natural stream occurrence from statewide hydrography","geometry_source_public":"Grouped public hydrography segments","trout_source_public":"Compiled public recovery and lineage context; expert review recommended","public_notes":"Hay Park Creek is shown as a named-water occurrence within watershed-level cutthroat lineage context. This is not a precise biological boundary."}},{"type":"Feature","geometry":{"type":"LineString","coordinates":[[-106.2449,40.2462],[-106.2448,40.2462]]},"properties":{"source_id":"co_named_stream_083978","name":"Hay Park Creek","display_name":"Hay Park Creek","mapped_name":"Hay Park Creek","source_name":"Hay Park Creek","state":"CO","atlas_class":"named_natural_stream","huc8":"14010001","huc8Name":"Colorado Headwaters","huc8States":"CO","lineageKey":"coloradoRiver","lineage":"coloradoRiver","historic":"coloradoRiver","current":"coloradoRiver","recovery":"recoveryWatch","lineageLabel":"Colorado River green lineage","lineageBasin":"Colorado Headwaters","lineageNote":"Upper Colorado green-lineage context","atlas_context":"cutthroat_lineage_context","confidence":"Watershed-level lineage context; expert review recommended","geometryStatus":"Named natural stream segment from statewide hydrography","note":"This named natural stream falls within a HUC8 assigned to a cutthroat lineage context.","source_segment_id":"co_named_stream_083978","water_id":"co_hay_park_creek_14010001_coloradoRiver_001","occurrence_id":"co_hay_park_creek_14010001_coloradoRiver_001","occurrence_number":"001","segment_count":28,"disambiguator":"Colorado Headwaters · Colorado River green lineage · occurrence 001","basin":"Colorado Headwaters","atlas_layer":"named_water_occurrence","object_role":"named_water_occurrence","historic_label":"Colorado River green lineage","current_label":"Colorado River green lineage","recovery_label":"Recovery watch / review area","tier":"tier2","minZoom":12,"confidence_public":"Watershed-level lineage context; expert review recommended","geometry_status_public":"Named natural stream occurrence from statewide hydrography","geometry_source_public":"Grouped public hydrography segments","trout_source_public":"Compiled public recovery and lineage context; expert review recommended","public_notes":"Hay Park Creek is shown as a named-water occurrence within watershed-level cutthroat lineage context. This is not a precise biological boundary."}},{"type":"Feature","geometry":{"type":"LineString","coordinates":[[-106.2459,40.2469],[-106.2456,40.2468]]},"properties":{"source_id":"co_named_stream_083980","name":"Hay Park Creek","display_name":"Hay Park Creek","mapped_name":"Hay Park Creek","source_name":"Hay Park Creek","state":"CO","atlas_class":"named_natural_stream","huc8":"14010001","huc8Name":"Colorado Headwaters","huc8States":"CO","lineageKey":"coloradoRiver","lineage":"coloradoRiver","historic":"coloradoRiver","current":"coloradoRiver","recovery":"recoveryWatch","lineageLabel":"Colorado River green lineage","lineageBasin":"Colorado Headwaters","lineageNote":"Upper Colorado green-lineage context","atlas_context":"cutthroat_lineage_context","confidence":"Watershed-level lineage context; expert review recommended","geometryStatus":"Named natural stream segment from statewide hydrography","note":"This named natural stream falls within a HUC8 assigned to a cutthroat lineage context.","source_segment_id":"co_named_stream_083980","water_id":"co_hay_park_creek_14010001_coloradoRiver_001","occurrence_id":"co_hay_park_creek_14010001_coloradoRiver_001","occurrence_number":"001","segment_count":28,"disambiguator":"Colorado Headwaters · Colorado River green lineage · occurrence 001","basin":"Colorado Headwaters","atlas_layer":"named_water_occurrence","object_role":"named_water_occurrence","historic_label":"Colorado River green lineage","current_label":"Colorado River green lineage","recovery_label":"Recovery watch / review area","tier":"tier2","minZoom":12,"confidence_public":"Watershed-level lineage context; expert review recommended","geometry_status_public":"Named natural stream occurrence from statewide hydrography","geometry_source_public":"Grouped public hydrography segments","trout_source_public":"Compiled public recovery and lineage context; expert review recommended","public_notes":"Hay Park Creek is shown as a named-water occurrence within watershed-level cutthroat lineage context. This is not a precise biological boundary."}},{"type":"Feature","geometry":{"type":"LineString","coordinates":[[-106.2026,40.2],[-106.2028,40.2044]]},"properties":{"source_id":"co_named_stream_067135","name":"Wheatley Creek","display_name":"Wheatley Creek","mapped_name":"Wheatley Creek","source_name":"Wheatley Creek","state":"CO","atlas_class":"named_natural_stream","huc8":"14010001","huc8Name":"Colorado Headwaters","huc8States":"CO","lineageKey":"coloradoRiver","lineage":"coloradoRiver","historic":"coloradoRiver","current":"coloradoRiver","recovery":"recoveryWatch","lineageLabel":"Colorado River green lineage","lineageBasin":"Colorado Headwaters","lineageNote":"Upper Colorado green-lineage context","atlas_context":"cutthroat_lineage_context","confidence":"Watershed-level lineage context; expert review recommended","geometryStatus":"Named natural stream segment from statewide hydrography","note":"This named natural stream falls within a HUC8 assigned to a cutthroat lineage context.","source_segment_id":"co_named_stream_067135","water_id":"co_wheatley_creek_14010001_coloradoRiver_001","occurrence_id":"co_wheatley_creek_14010001_coloradoRiver_001","occurrence_number":"001","segment_count":21,"disambiguator":"Colorado Headwaters · Colorado River green lineage · occurrence 001","basin":"Colorado Headwaters","atlas_layer":"named_water_occurrence","object_role":"named_water_occurrence","historic_label":"Colorado River green lineage","current_label":"Colorado River green lineage","recovery_label":"Recovery watch / review area","tier":"tier2","minZoom":12,"confidence_public":"Watershed-level lineage context; expert review recommended","geometry_status_public":"Named natural stream occurrence from statewide hydrography","geometry_source_public":"Grouped public hydrography segments","trout_source_public":"Compiled public recovery and lineage context; expert review recommended","public_notes":"Wheatley Creek is shown as a named-water occurrence within watershed-level cutthroat lineage context. This is not a precise biological boundary."}},{"type":"Feature","geometry":{"type":"LineString","coordinates":[[-106.1897,40.1895],[-106.19,40.19]]},"properties":{"source_id":"co_named_stream_067137","name":"Wheatley Creek","display_name":"Wheatley Creek","mapped_name":"Wheatley Creek","source_name":"Wheatley Creek","state":"CO","atlas_class":"named_natural_stream","huc8":"14010001","huc8Name":"Colorado Headwaters","huc8States":"CO","lineageKey":"coloradoRiver","lineage":"coloradoRiver","historic":"coloradoRiver","current":"coloradoRiver","recovery":"recoveryWatch","lineageLabel":"Colorado River green lineage","lineageBasin":"Colorado Headwaters","lineageNote":"Upper Colorado green-lineage context","atlas_context":"cutthroat_lineage_context","confidence":"Watershed-level lineage context; expert review recommended","geometryStatus":"Named natural stream segment from statewide hydrography","note":"This named natural stream falls within a HUC8 assigned to a cutthroat lineage context.","source_segment_id":"co_named_stream_067137","water_id":"co_wheatley_creek_14010001_coloradoRiver_001","occurrence_id":"co_wheatley_creek_14010001_coloradoRiver_001","occurrence_number":"001","segment_count":21,"disambiguator":"Colorado Headwaters · Colorado River green lineage · occurrence 001","basin":"Colorado Headwaters","atlas_layer":"named_water_occurrence","object_role":"named_water_occurrence","historic_label":"Colorado River green lineage","current_label":"Colorado River green lineage","recovery_label":"Recovery watch / review area","tier":"tier2","minZoom":12,"confidence_public":"Watershed-level lineage context; expert review recommended","geometry_status_public":"Named natural stream occurrence from statewide hydrography","geometry_source_public":"Grouped public hydrography segments","trout_source_public":"Compiled public recovery and lineage context; expert review recommended","public_notes":"Wheatley Creek is shown as a named-water occurrence within watershed-level cutthroat lineage context. This is not a precise biological boundary."}},{"type":"Feature","geometry":{"type":"LineString","coordinates":[[-106.1898,40.1859],[-106.1898,40.1879]]},"properties":{"source_id":"co_named_stream_067138","name":"Wheatley Creek","display_name":"Wheatley Creek","mapped_name":"Wheatley Creek","source_name":"Wheatley Creek","state":"CO","atlas_class":"named_natural_stream","huc8":"14010001","huc8Name":"Colorado Headwaters","huc8States":"CO","lineageKey":"coloradoRiver","lineage":"coloradoRiver","historic":"coloradoRiver","current":"coloradoRiver","recovery":"recoveryWatch","lineageLabel":"Colorado River green lineage","lineageBasin":"Colorado Headwaters","lineageNote":"Upper Colorado green-lineage context","atlas_context":"cutthroat_lineage_context","confidence":"Watershed-level lineage context; expert review recommended","geometryStatus":"Named natural stream segment from statewide hydrography","note":"This named natural stream falls within a HUC8 assigned to a cutthroat lineage context.","source_segment_id":"co_named_stream_067138","water_id":"co_wheatley_creek_14010001_coloradoRiver_001","occurrence_id":"co_wheatley_creek_14010001_coloradoRiver_001","occurrence_number":"001","segment_count":21,"disambiguator":"Colorado Headwaters · Colorado River green lineage · occurrence 001","basin":"Colorado Headwaters","atlas_layer":"named_water_occurrence","object_role":"named_water_occurrence","historic_label":"Colorado River green lineage","current_label":"Colorado River green lineage","recovery_label":"Recovery watch / review area","tier":"tier2","minZoom":12,"confidence_public":"Watershed-level lineage context; expert review recommended","geometry_status_public":"Named natural stream occurrence from statewide hydrography","geometry_source_public":"Grouped public hydrography segments","trout_source_public":"Compiled public recovery and lineage context; expert review recommended","public_notes":"Wheatley Creek is shown as a named-water occurrence within watershed-level cutthroat lineage context. This is not a precise biological boundary."}},{"type":"Feature","geometry":{"type":"LineString","coordinates":[[-106.19,40.19],[-106.1927,40.1928]]},"properties":{"source_id":"co_named_stream_067142","name":"Wheatley Creek","display_name":"Wheatley Creek","mapped_name":"Wheatley Creek","source_name":"Wheatley Creek","state":"CO","atlas_class":"named_natural_stream","huc8":"14010001","huc8Name":"Colorado Headwaters","huc8States":"CO","lineageKey":"coloradoRiver","lineage":"coloradoRiver","historic":"coloradoRiver","current":"coloradoRiver","recovery":"recoveryWatch","lineageLabel":"Colorado River green lineage","lineageBasin":"Colorado Headwaters","lineageNote":"Upper Colorado green-lineage context","atlas_context":"cutthroat_lineage_context","confidence":"Watershed-level lineage context; expert review recommended","geometryStatus":"Named natural stream segment from statewide hydrography","note":"This named natural stream falls within a HUC8 assigned to a cutthroat lineage context.","source_segment_id":"co_named_stream_067142","water_id":"co_wheatley_creek_14010001_coloradoRiver_001","occurrence_id":"co_wheatley_creek_14010001_coloradoRiver_001","occurrence_number":"001","segment_count":21,"disambiguator":"Colorado Headwaters · Colorado River green lineage · occurrence 001","basin":"Colorado Headwaters","atlas_layer":"named_water_occurrence","object_role":"named_water_occurrence","historic_label":"Colorado River green lineage","current_label":"Colorado River green lineage","recovery_label":"Recovery watch / review area","tier":"tier2","minZoom":12,"confidence_public":"Watershed-level lineage context; expert review recommended","geometry_status_public":"Named natural stream occurrence from statewide hydrography","geometry_source_public":"Grouped public hydrography segments","trout_source_public":"Compiled public recovery and lineage context; expert review recommended","public_notes":"Wheatley Creek is shown as a named-water occurrence within watershed-level cutthroat lineage context. This is not a precise biological boundary."}},{"type":"Feature","geometry":{"type":"LineString","coordinates":[[-106.1979,40.1973],[-106.1989,40.1975]]},"properties":{"source_id":"co_named_stream_067161","name":"Wheatley Creek","display_name":"Wheatley Creek","mapped_name":"Wheatley Creek","source_name":"Wheatley Creek","state":"CO","atlas_class":"named_natural_stream","huc8":"14010001","huc8Name":"Colorado Headwaters","huc8States":"CO","lineageKey":"coloradoRiver","lineage":"coloradoRiver","historic":"coloradoRiver","current":"coloradoRiver","recovery":"recoveryWatch","lineageLabel":"Colorado River green lineage","lineageBasin":"Colorado Headwaters","lineageNote":"Upper Colorado green-lineage context","atlas_context":"cutthroat_lineage_context","confidence":"Watershed-level lineage context; expert review recommended","geometryStatus":"Named natural stream segment from statewide hydrography","note":"This named natural stream falls within a HUC8 assigned to a cutthroat lineage context.","source_segment_id":"co_named_stream_067161","water_id":"co_wheatley_creek_14010001_coloradoRiver_001","occurrence_id":"co_wheatley_creek_14010001_coloradoRiver_001","occurrence_number":"001","segment_count":21,"disambiguator":"Colorado Headwaters · Colorado River green lineage · occurrence 001","basin":"Colorado Headwaters","atlas_layer":"named_water_occurrence","object_role":"named_water_occurrence","historic_label":"Colorado River green lineage","current_label":"Colorado River green lineage","recovery_label":"Recovery watch / review area","tier":"tier2","minZoom":12,"confidence_public":"Watershed-level lineage context; expert review recommended","geometry_status_public":"Named natural stream occurrence from statewide hydrography","geometry_source_public":"Grouped public hydrography segments","trout_source_public":"Compiled public recovery and lineage context; expert review recommended","public_notes":"Wheatley Creek is shown as a named-water occurrence within watershed-level cutthroat lineage context. This is not a precise biological boundary."}},{"type":"Feature","geometry":{"type":"LineString","coordinates":[[-106.1927,40.1928],[-106.197,40.1968]]},"properties":{"source_id":"co_named_stream_067169","name":"Wheatley Creek","display_name":"Wheatley Creek","mapped_name":"Wheatley Creek","source_name":"Wheatley Creek","state":"CO","atlas_class":"named_natural_stream","huc8":"14010001","huc8Name":"Colorado Headwaters","huc8States":"CO","lineageKey":"coloradoRiver","lineage":"coloradoRiver","historic":"coloradoRiver","current":"coloradoRiver","recovery":"recoveryWatch","lineageLabel":"Colorado River green lineage","lineageBasin":"Colorado Headwaters","lineageNote":"Upper Colorado green-lineage context","atlas_context":"cutthroat_lineage_context","confidence":"Watershed-level lineage context; expert review recommended","geometryStatus":"Named natural stream segment from statewide hydrography","note":"This named natural stream falls within a HUC8 assigned to a cutthroat lineage context.","source_segment_id":"co_named_stream_067169","water_id":"co_wheatley_creek_14010001_coloradoRiver_001","occurrence_id":"co_wheatley_creek_14010001_coloradoRiver_001","occurrence_number":"001","segment_count":21,"disambiguator":"Colorado Headwaters · Colorado River green lineage · occurrence 001","basin":"Colorado Headwaters","atlas_layer":"named_water_occurrence","object_role":"named_water_occurrence","historic_label":"Colorado River green lineage","current_label":"Colorado River green lineage","recovery_label":"Recovery watch / review area","tier":"tier2","minZoom":12,"confidence_public":"Watershed-level lineage context; expert review recommended","geometry_status_public":"Named natural stream occurrence from statewide hydrography","geometry_source_public":"Grouped public hydrography segments","trout_source_public":"Compiled public recovery and lineage context; expert review recommended","public_notes":"Wheatley Creek is shown as a named-water occurrence within watershed-level cutthroat lineage context. This is not a precise biological boundary."}},{"type":"Feature","geometry":{"type":"LineString","coordinates":[[-106.1874,40.1836],[-106.1896,40.185]]},"properties":{"source_id":"co_named_stream_082211","name":"Wheatley Creek","display_name":"Wheatley Creek","mapped_name":"Wheatley Creek","source_name":"Wheatley Creek","state":"CO","atlas_class":"named_natural_stream","huc8":"14010001","huc8Name":"Colorado Headwaters","huc8States":"CO","lineageKey":"coloradoRiver","lineage":"coloradoRiver","historic":"coloradoRiver","current":"coloradoRiver","recovery":"recoveryWatch","lineageLabel":"Colorado River green lineage","lineageBasin":"Colorado Headwaters","lineageNote":"Upper Colorado green-lineage context","atlas_context":"cutthroat_lineage_context","confidence":"Watershed-level lineage context; expert review recommended","geometryStatus":"Named natural stream segment from statewide hydrography","note":"This named natural stream falls within a HUC8 assigned to a cutthroat lineage context.","source_segment_id":"co_named_stream_082211","water_id":"co_wheatley_creek_14010001_coloradoRiver_001","occurrence_id":"co_wheatley_creek_14010001_coloradoRiver_001","occurrence_number":"001","segment_count":21,"disambiguator":"Colorado Headwaters · Colorado River green lineage · occurrence 001","basin":"Colorado Headwaters","atlas_layer":"named_water_occurrence","object_role":"named_water_occurrence","historic_label":"Colorado River green lineage","current_label":"Colorado River green lineage","recovery_label":"Recovery watch / review area","tier":"tier2","minZoom":12,"confidence_public":"Watershed-level lineage context; expert review recommended","geometry_status_public":"Named natural stream occurrence from statewide hydrography","geometry_source_public":"Grouped public hydrography segments","trout_source_public":"Compiled public recovery and lineage context; expert review recommended","public_notes":"Wheatley Creek is shown as a named-water occurrence within watershed-level cutthroat lineage context. This is not a precise biological boundary."}},{"type":"Feature","geometry":{"type":"LineString","coordinates":[[-106.1866,40.1808],[-106.1871,40.1834]]},"properties":{"source_id":"co_named_stream_082215","name":"Wheatley Creek","display_name":"Wheatley Creek","mapped_name":"Wheatley Creek","source_name":"Wheatley Creek","state":"CO","atlas_class":"named_natural_stream","huc8":"14010001","huc8Name":"Colorado Headwaters","huc8States":"CO","lineageKey":"coloradoRiver","lineage":"coloradoRiver","historic":"coloradoRiver","current":"coloradoRiver","recovery":"recoveryWatch","lineageLabel":"Colorado River green lineage","lineageBasin":"Colorado Headwaters","lineageNote":"Upper Colorado green-lineage context","atlas_context":"cutthroat_lineage_context","confidence":"Watershed-level lineage context; expert review recommended","geometryStatus":"Named natural stream segment from statewide hydrography","note":"This named natural stream falls within a HUC8 assigned to a cutthroat lineage context.","source_segment_id":"co_named_stream_082215","water_id":"co_wheatley_creek_14010001_coloradoRiver_001","occurrence_id":"co_wheatley_creek_14010001_coloradoRiver_001","occurrence_number":"001","segment_count":21,"disambiguator":"Colorado Headwaters · Colorado River green lineage · occurrence 001","basin":"Colorado Headwaters","atlas_layer":"named_water_occurrence","object_role":"named_water_occurrence","historic_label":"Colorado River green lineage","current_label":"Colorado River green lineage","recovery_label":"Recovery watch / review area","tier":"tier2","minZoom":12,"confidence_public":"Watershed-level lineage context; expert review recommended","geometry_status_public":"Named natural stream occurrence from statewide hydrography","geometry_source_public":"Grouped public hydrography segments","trout_source_public":"Compiled public recovery and lineage context; expert review recommended","public_notes":"Wheatley Creek is shown as a named-water occurrence within watershed-level cutthroat lineage context. This is not a precise biological boundary."}},{"type":"Feature","geometry":{"type":"LineString","coordinates":[[-106.1864,40.1793],[-106.1866,40.1808]]},"properties":{"source_id":"co_named_stream_082216","name":"Wheatley Creek","display_name":"Wheatley Creek","mapped_name":"Wheatley Creek","source_name":"Wheatley Creek","state":"CO","atlas_class":"named_natural_stream","huc8":"14010001","huc8Name":"Colorado Headwaters","huc8States":"CO","lineageKey":"coloradoRiver","lineage":"coloradoRiver","historic":"coloradoRiver","current":"coloradoRiver","recovery":"recoveryWatch","lineageLabel":"Colorado River green lineage","lineageBasin":"Colorado Headwaters","lineageNote":"Upper Colorado green-lineage context","atlas_context":"cutthroat_lineage_context","confidence":"Watershed-level lineage context; expert review recommended","geometryStatus":"Named natural stream segment from statewide hydrography","note":"This named natural stream falls within a HUC8 assigned to a cutthroat lineage context.","source_segment_id":"co_named_stream_082216","water_id":"co_wheatley_creek_14010001_coloradoRiver_001","occurrence_id":"co_wheatley_creek_14010001_coloradoRiver_001","occurrence_number":"001","segment_count":21,"disambiguator":"Colorado Headwaters · Colorado River green lineage · occurrence 001","basin":"Colorado Headwaters","atlas_layer":"named_water_occurrence","object_role":"named_water_occurrence","historic_label":"Colorado River green lineage","current_label":"Colorado River green lineage","recovery_label":"Recovery watch / review area","tier":"tier2","minZoom":12,"confidence_public":"Watershed-level lineage context; expert review recommended","geometry_status_public":"Named natural stream occurrence from statewide hydrography","geometry_source_public":"Grouped public hydrography segments","trout_source_public":"Compiled public recovery and lineage context; expert review recommended","public_notes":"Wheatley Creek is shown as a named-water occurrence within watershed-level cutthroat lineage context. This is not a precise biological boundary."}},{"type":"Feature","geometry":{"type":"LineString","coordinates":[[-106.1898,40.1879],[-106.1897,40.1895]]},"properties":{"source_id":"co_named_stream_082219","name":"Wheatley Creek","display_name":"Wheatley Creek","mapped_name":"Wheatley Creek","source_name":"Wheatley Creek","state":"CO","atlas_class":"named_natural_stream","huc8":"14010001","huc8Name":"Colorado Headwaters","huc8States":"CO","lineageKey":"coloradoRiver","lineage":"coloradoRiver","historic":"coloradoRiver","current":"coloradoRiver","recovery":"recoveryWatch","lineageLabel":"Colorado River green lineage","lineageBasin":"Colorado Headwaters","lineageNote":"Upper Colorado green-lineage context","atlas_context":"cutthroat_lineage_context","confidence":"Watershed-level lineage context; expert review recommended","geometryStatus":"Named natural stream segment from statewide hydrography","note":"This named natural stream falls within a HUC8 assigned to a cutthroat lineage context.","source_segment_id":"co_named_stream_082219","water_id":"co_wheatley_creek_14010001_coloradoRiver_001","occurrence_id":"co_wheatley_creek_14010001_coloradoRiver_001","occurrence_number":"001","segment_count":21,"disambiguator":"Colorado Headwaters · Colorado River green lineage · occurrence 001","basin":"Colorado Headwaters","atlas_layer":"named_water_occurrence","object_role":"named_water_occurrence","historic_label":"Colorado River green lineage","current_label":"Colorado River green lineage","recovery_label":"Recovery watch / review area","tier":"tier2","minZoom":12,"confidence_public":"Watershed-level lineage context; expert review recommended","geometry_status_public":"Named natural stream occurrence from statewide hydrography","geometry_source_public":"Grouped public hydrography segments","trout_source_public":"Compiled public recovery and lineage context; expert review recommended","public_notes":"Wheatley Creek is shown as a named-water occurrence within watershed-level cutthroat lineage context. This is not a precise biological boundary."}},{"type":"Feature","geometry":{"type":"LineString","coordinates":[[-106.1872,40.1835],[-106.1874,40.1836]]},"properties":{"source_id":"co_named_stream_082220","name":"Wheatley Creek","display_name":"Wheatley Creek","mapped_name":"Wheatley Creek","source_name":"Wheatley Creek","state":"CO","atlas_class":"named_natural_stream","huc8":"14010001","huc8Name":"Colorado Headwaters","huc8States":"CO","lineageKey":"coloradoRiver","lineage":"coloradoRiver","historic":"coloradoRiver","current":"coloradoRiver","recovery":"recoveryWatch","lineageLabel":"Colorado River green lineage","lineageBasin":"Colorado Headwaters","lineageNote":"Upper Colorado green-lineage context","atlas_context":"cutthroat_lineage_context","confidence":"Watershed-level lineage context; expert review recommended","geometryStatus":"Named natural stream segment from statewide hydrography","note":"This named natural stream falls within a HUC8 assigned to a cutthroat lineage context.","source_segment_id":"co_named_stream_082220","water_id":"co_wheatley_creek_14010001_coloradoRiver_001","occurrence_id":"co_wheatley_creek_14010001_coloradoRiver_001","occurrence_number":"001","segment_count":21,"disambiguator":"Colorado Headwaters · Colorado River green lineage · occurrence 001","basin":"Colorado Headwaters","atlas_layer":"named_water_occurrence","object_role":"named_water_occurrence","historic_label":"Colorado River green lineage","current_label":"Colorado River green lineage","recovery_label":"Recovery watch / review area","tier":"tier2","minZoom":12,"confidence_public":"Watershed-level lineage context; expert review recommended","geometry_status_public":"Named natural stream occurrence from statewide hydrography","geometry_source_public":"Grouped public hydrography segments","trout_source_public":"Compiled public recovery and lineage context; expert review recommended","public_notes":"Wheatley Creek is shown as a named-water occurrence within watershed-level cutthroat lineage context. This is not a precise biological boundary."}},{"type":"Feature","geometry":{"type":"LineString","coordinates":[[-106.1856,40.1786],[-106.1864,40.1793]]},"properties":{"source_id":"co_named_stream_082223","name":"Wheatley Creek","display_name":"Wheatley Creek","mapped_name":"Wheatley Creek","source_name":"Wheatley Creek","state":"CO","atlas_class":"named_natural_stream","huc8":"14010001","huc8Name":"Colorado Headwaters","huc8States":"CO","lineageKey":"coloradoRiver","lineage":"coloradoRiver","historic":"coloradoRiver","current":"coloradoRiver","recovery":"recoveryWatch","lineageLabel":"Colorado River green lineage","lineageBasin":"Colorado Headwaters","lineageNote":"Upper Colorado green-lineage context","atlas_context":"cutthroat_lineage_context","confidence":"Watershed-level lineage context; expert review recommended","geometryStatus":"Named natural stream segment from statewide hydrography","note":"This named natural stream falls within a HUC8 assigned to a cutthroat lineage context.","source_segment_id":"co_named_stream_082223","water_id":"co_wheatley_creek_14010001_coloradoRiver_001","occurrence_id":"co_wheatley_creek_14010001_coloradoRiver_001","occurrence_number":"001","segment_count":21,"disambiguator":"Colorado Headwaters · Colorado River green lineage · occurrence 001","basin":"Colorado Headwaters","atlas_layer":"named_water_occurrence","object_role":"named_water_occurrence","historic_label":"Colorado River green lineage","current_label":"Colorado River green lineage","recovery_label":"Recovery watch / review area","tier":"tier2","minZoom":12,"confidence_public":"Watershed-level lineage context; expert review recommended","geometry_status_public":"Named natural stream occurrence from statewide hydrography","geometry_source_public":"Grouped public hydrography segments","trout_source_public":"Compiled public recovery and lineage context; expert review recommended","public_notes":"Wheatley Creek is shown as a named-water occurrence within watershed-level cutthroat lineage context. This is not a precise biological boundary."}},{"type":"Feature","geometry":{"type":"LineString","coordinates":[[-106.1896,40.185],[-106.1898,40.1859]]},"properties":{"source_id":"co_named_stream_082224","name":"Wheatley Creek","display_name":"Wheatley Creek","mapped_name":"Wheatley Creek","source_name":"Wheatley Creek","state":"CO","atlas_class":"named_natural_stream","huc8":"14010001","huc8Name":"Colorado Headwaters","huc8States":"CO","lineageKey":"coloradoRiver","lineage":"coloradoRiver","historic":"coloradoRiver","current":"coloradoRiver","recovery":"recoveryWatch","lineageLabel":"Colorado River green lineage","lineageBasin":"Colorado Headwaters","lineageNote":"Upper Colorado green-lineage context","atlas_context":"cutthroat_lineage_context","confidence":"Watershed-level lineage context; expert review recommended","geometryStatus":"Named natural stream segment from statewide hydrography","note":"This named natural stream falls within a HUC8 assigned to a cutthroat lineage context.","source_segment_id":"co_named_stream_082224","water_id":"co_wheatley_creek_14010001_coloradoRiver_001","occurrence_id":"co_wheatley_creek_14010001_coloradoRiver_001","occurrence_number":"001","segment_count":21,"disambiguator":"Colorado Headwaters · Colorado River green lineage · occurrence 001","basin":"Colorado Headwaters","atlas_layer":"named_water_occurrence","object_role":"named_water_occurrence","historic_label":"Colorado River green lineage","current_label":"Colorado River green lineage","recovery_label":"Recovery watch / review area","tier":"tier2","minZoom":12,"confidence_public":"Watershed-level lineage context; expert review recommended","geometry_status_public":"Named natural stream occurrence from statewide hydrography","geometry_source_public":"Grouped public hydrography segments","trout_source_public":"Compiled public recovery and lineage context; expert review recommended","public_notes":"Wheatley Creek is shown as a named-water occurrence within watershed-level cutthroat lineage context. This is not a precise biological boundary."}},{"type":"Feature","geometry":{"type":"LineString","coordinates":[[-106.1871,40.1834],[-106.1872,40.1835]]},"properties":{"source_id":"co_named_stream_082225","name":"Wheatley Creek","display_name":"Wheatley Creek","mapped_name":"Wheatley Creek","source_name":"Wheatley Creek","state":"CO","atlas_class":"named_natural_stream","huc8":"14010001","huc8Name":"Colorado Headwaters","huc8States":"CO","lineageKey":"coloradoRiver","lineage":"coloradoRiver","historic":"coloradoRiver","current":"coloradoRiver","recovery":"recoveryWatch","lineageLabel":"Colorado River green lineage","lineageBasin":"Colorado Headwaters","lineageNote":"Upper Colorado green-lineage context","atlas_context":"cutthroat_lineage_context","confidence":"Watershed-level lineage context; expert review recommended","geometryStatus":"Named natural stream segment from statewide hydrography","note":"This named natural stream falls within a HUC8 assigned to a cutthroat lineage context.","source_segment_id":"co_named_stream_082225","water_id":"co_wheatley_creek_14010001_coloradoRiver_001","occurrence_id":"co_wheatley_creek_14010001_coloradoRiver_001","occurrence_number":"001","segment_count":21,"disambiguator":"Colorado Headwaters · Colorado River green lineage · occurrence 001","basin":"Colorado Headwaters","atlas_layer":"named_water_occurrence","object_role":"named_water_occurrence","historic_label":"Colorado River green lineage","current_label":"Colorado River green lineage","recovery_label":"Recovery watch / review area","tier":"tier2","minZoom":12,"confidence_public":"Watershed-level lineage context; expert review recommended","geometry_status_public":"Named natural stream occurrence from statewide hydrography","geometry_source_public":"Grouped public hydrography segments","trout_source_public":"Compiled public recovery and lineage context; expert review recommended","public_notes":"Wheatley Creek is shown as a named-water occurrence within watershed-level cutthroat lineage context. This is not a precise biological boundary."}},{"type":"Feature","geometry":{"type":"LineString","coordinates":[[-106.184,40.1767],[-106.1856,40.1786]]},"properties":{"source_id":"co_named_stream_082229","name":"Wheatley Creek","display_name":"Wheatley Creek","mapped_name":"Wheatley Creek","source_name":"Wheatley Creek","state":"CO","atlas_class":"named_natural_stream","huc8":"14010001","huc8Name":"Colorado Headwaters","huc8States":"CO","lineageKey":"coloradoRiver","lineage":"coloradoRiver","historic":"coloradoRiver","current":"coloradoRiver","recovery":"recoveryWatch","lineageLabel":"Colorado River green lineage","lineageBasin":"Colorado Headwaters","lineageNote":"Upper Colorado green-lineage context","atlas_context":"cutthroat_lineage_context","confidence":"Watershed-level lineage context; expert review recommended","geometryStatus":"Named natural stream segment from statewide hydrography","note":"This named natural stream falls within a HUC8 assigned to a cutthroat lineage context.","source_segment_id":"co_named_stream_082229","water_id":"co_wheatley_creek_14010001_coloradoRiver_001","occurrence_id":"co_wheatley_creek_14010001_coloradoRiver_001","occurrence_number":"001","segment_count":21,"disambiguator":"Colorado Headwaters · Colorado River green lineage · occurrence 001","basin":"Colorado Headwaters","atlas_layer":"named_water_occurrence","object_role":"named_water_occurrence","historic_label":"Colorado River green lineage","current_label":"Colorado River green lineage","recovery_label":"Recovery watch / review area","tier":"tier2","minZoom":12,"confidence_public":"Watershed-level lineage context; expert review recommended","geometry_status_public":"Named natural stream occurrence from statewide hydrography","geometry_source_public":"Grouped public hydrography segments","trout_source_public":"Compiled public recovery and lineage context; expert review recommended","public_notes":"Wheatley Creek is shown as a named-water occurrence within watershed-level cutthroat lineage context. This is not a precise biological boundary."}},{"type":"Feature","geometry":{"type":"LineString","coordinates":[[-106.2086,40.212],[-106.2145,40.2133],[-106.217,40.2149]]},"properties":{"source_id":"co_named_stream_083096","name":"Wheatley Creek","display_name":"Wheatley Creek","mapped_name":"Wheatley Creek","source_name":"Wheatley Creek","state":"CO","atlas_class":"named_natural_stream","huc8":"14010001","huc8Name":"Colorado Headwaters","huc8States":"CO","lineageKey":"coloradoRiver","lineage":"coloradoRiver","historic":"coloradoRiver","current":"coloradoRiver","recovery":"recoveryWatch","lineageLabel":"Colorado River green lineage","lineageBasin":"Colorado Headwaters","lineageNote":"Upper Colorado green-lineage context","atlas_context":"cutthroat_lineage_context","confidence":"Watershed-level lineage context; expert review recommended","geometryStatus":"Named natural stream segment from statewide hydrography","note":"This named natural stream falls within a HUC8 assigned to a cutthroat lineage context.","source_segment_id":"co_named_stream_083096","water_id":"co_wheatley_creek_14010001_coloradoRiver_001","occurrence_id":"co_wheatley_creek_14010001_coloradoRiver_001","occurrence_number":"001","segment_count":21,"disambiguator":"Colorado Headwaters · Colorado River green lineage · occurrence 001","basin":"Colorado Headwaters","atlas_layer":"named_water_occurrence","object_role":"named_water_occurrence","historic_label":"Colorado River green lineage","current_label":"Colorado River green lineage","recovery_label":"Recovery watch / review area","tier":"tier2","minZoom":12,"confidence_public":"Watershed-level lineage context; expert review recommended","geometry_status_public":"Named natural stream occurrence from statewide hydrography","geometry_source_public":"Grouped public hydrography segments","trout_source_public":"Compiled public recovery and lineage context; expert review recommended","public_notes":"Wheatley Creek is shown as a named-water occurrence within watershed-level cutthroat lineage context. This is not a precise biological boundary."}},{"type":"Feature","geometry":{"type":"LineString","coordinates":[[-106.2028,40.2044],[-106.2064,40.2097]]},"properties":{"source_id":"co_named_stream_084639","name":"Wheatley Creek","display_name":"Wheatley Creek","mapped_name":"Wheatley Creek","source_name":"Wheatley Creek","state":"CO","atlas_class":"named_natural_stream","huc8":"14010001","huc8Name":"Colorado Headwaters","huc8States":"CO","lineageKey":"coloradoRiver","lineage":"coloradoRiver","historic":"coloradoRiver","current":"coloradoRiver","recovery":"recoveryWatch","lineageLabel":"Colorado River green lineage","lineageBasin":"Colorado Headwaters","lineageNote":"Upper Colorado green-lineage context","atlas_context":"cutthroat_lineage_context","confidence":"Watershed-level lineage context; expert review recommended","geometryStatus":"Named natural stream segment from statewide hydrography","note":"This named natural stream falls within a HUC8 assigned to a cutthroat lineage context.","source_segment_id":"co_named_stream_084639","water_id":"co_wheatley_creek_14010001_coloradoRiver_001","occurrence_id":"co_wheatley_creek_14010001_coloradoRiver_001","occurrence_number":"001","segment_count":21,"disambiguator":"Colorado Headwaters · Colorado River green lineage · occurrence 001","basin":"Colorado Headwaters","atlas_layer":"named_water_occurrence","object_role":"named_water_occurrence","historic_label":"Colorado River green lineage","current_label":"Colorado River green lineage","recovery_label":"Recovery watch / review area","tier":"tier2","minZoom":12,"confidence_public":"Watershed-level lineage context; expert review recommended","geometry_status_public":"Named natural stream occurrence from statewide hydrography","geometry_source_public":"Grouped public hydrography segments","trout_source_public":"Compiled public recovery and lineage context; expert review recommended","public_notes":"Wheatley Creek is shown as a named-water occurrence within watershed-level cutthroat lineage context. This is not a precise biological boundary."}},{"type":"Feature","geometry":{"type":"LineString","coordinates":[[-106.1989,40.1975],[-106.2017,40.198],[-106.2026,40.2]]},"properties":{"source_id":"co_named_stream_084640","name":"Wheatley Creek","display_name":"Wheatley Creek","mapped_name":"Wheatley Creek","source_name":"Wheatley Creek","state":"CO","atlas_class":"named_natural_stream","huc8":"14010001","huc8Name":"Colorado Headwaters","huc8States":"CO","lineageKey":"coloradoRiver","lineage":"coloradoRiver","historic":"coloradoRiver","current":"coloradoRiver","recovery":"recoveryWatch","lineageLabel":"Colorado River green lineage","lineageBasin":"Colorado Headwaters","lineageNote":"Upper Colorado green-lineage context","atlas_context":"cutthroat_lineage_context","confidence":"Watershed-level lineage context; expert review recommended","geometryStatus":"Named natural stream segment from statewide hydrography","note":"This named natural stream falls within a HUC8 assigned to a cutthroat lineage context.","source_segment_id":"co_named_stream_084640","water_id":"co_wheatley_creek_14010001_coloradoRiver_001","occurrence_id":"co_wheatley_creek_14010001_coloradoRiver_001","occurrence_number":"001","segment_count":21,"disambiguator":"Colorado Headwaters · Colorado River green lineage · occurrence 001","basin":"Colorado Headwaters","atlas_layer":"named_water_occurrence","object_role":"named_water_occurrence","historic_label":"Colorado River green lineage","current_label":"Colorado River green lineage","recovery_label":"Recovery watch / review area","tier":"tier2","minZoom":12,"confidence_public":"Watershed-level lineage context; expert review recommended","geometry_status_public":"Named natural stream occurrence from statewide hydrography","geometry_source_public":"Grouped public hydrography segments","trout_source_public":"Compiled public recovery and lineage context; expert review recommended","public_notes":"Wheatley Creek is shown as a named-water occurrence within watershed-level cutthroat lineage context. This is not a precise biological boundary."}},{"type":"Feature","geometry":{"type":"LineString","coordinates":[[-106.2071,40.2108],[-106.2086,40.212]]},"properties":{"source_id":"co_named_stream_084641","name":"Wheatley Creek","display_name":"Wheatley Creek","mapped_name":"Wheatley Creek","source_name":"Wheatley Creek","state":"CO","atlas_class":"named_natural_stream","huc8":"14010001","huc8Name":"Colorado Headwaters","huc8States":"CO","lineageKey":"coloradoRiver","lineage":"coloradoRiver","historic":"coloradoRiver","current":"coloradoRiver","recovery":"recoveryWatch","lineageLabel":"Colorado River green lineage","lineageBasin":"Colorado Headwaters","lineageNote":"Upper Colorado green-lineage context","atlas_context":"cutthroat_lineage_context","confidence":"Watershed-level lineage context; expert review recommended","geometryStatus":"Named natural stream segment from statewide hydrography","note":"This named natural stream falls within a HUC8 assigned to a cutthroat lineage context.","source_segment_id":"co_named_stream_084641","water_id":"co_wheatley_creek_14010001_coloradoRiver_001","occurrence_id":"co_wheatley_creek_14010001_coloradoRiver_001","occurrence_number":"001","segment_count":21,"disambiguator":"Colorado Headwaters · Colorado River green lineage · occurrence 001","basin":"Colorado Headwaters","atlas_layer":"named_water_occurrence","object_role":"named_water_occurrence","historic_label":"Colorado River green lineage","current_label":"Colorado River green lineage","recovery_label":"Recovery watch / review area","tier":"tier2","minZoom":12,"confidence_public":"Watershed-level lineage context; expert review recommended","geometry_status_public":"Named natural stream occurrence from statewide hydrography","geometry_source_public":"Grouped public hydrography segments","trout_source_public":"Compiled public recovery and lineage context; expert review recommended","public_notes":"Wheatley Creek is shown as a named-water occurrence within watershed-level cutthroat lineage context. This is not a precise biological boundary."}},{"type":"Feature","geometry":{"type":"LineString","coordinates":[[-106.2064,40.2097],[-106.2071,40.2108]]},"properties":{"source_id":"co_named_stream_084642","name":"Wheatley Creek","display_name":"Wheatley Creek","mapped_name":"Wheatley Creek","source_name":"Wheatley Creek","state":"CO","atlas_class":"named_natural_stream","huc8":"14010001","huc8Name":"Colorado Headwaters","huc8States":"CO","lineageKey":"coloradoRiver","lineage":"coloradoRiver","historic":"coloradoRiver","current":"coloradoRiver","recovery":"recoveryWatch","lineageLabel":"Colorado River green lineage","lineageBasin":"Colorado Headwaters","lineageNote":"Upper Colorado green-lineage context","atlas_context":"cutthroat_lineage_context","confidence":"Watershed-level lineage context; expert review recommended","geometryStatus":"Named natural stream segment from statewide hydrography","note":"This named natural stream falls within a HUC8 assigned to a cutthroat lineage context.","source_segment_id":"co_named_stream_084642","water_id":"co_wheatley_creek_14010001_coloradoRiver_001","occurrence_id":"co_wheatley_creek_14010001_coloradoRiver_001","occurrence_number":"001","segment_count":21,"disambiguator":"Colorado Headwaters · Colorado River green lineage · occurrence 001","basin":"Colorado Headwaters","atlas_layer":"named_water_occurrence","object_role":"named_water_occurrence","historic_label":"Colorado River green lineage","current_label":"Colorado River green lineage","recovery_label":"Recovery watch / review area","tier":"tier2","minZoom":12,"confidence_public":"Watershed-level lineage context; expert review recommended","geometry_status_public":"Named natural stream occurrence from statewide hydrography","geometry_source_public":"Grouped public hydrography segments","trout_source_public":"Compiled public recovery and lineage context; expert review recommended","public_notes":"Wheatley Creek is shown as a named-water occurrence within watershed-level cutthroat lineage context. This is not a precise biological boundary."}},{"type":"Feature","geometry":{"type":"LineString","coordinates":[[-106.197,40.1968],[-106.1979,40.1973]]},"properties":{"source_id":"co_named_stream_084643","name":"Wheatley Creek","display_name":"Wheatley Creek","mapped_name":"Wheatley Creek","source_name":"Wheatley Creek","state":"CO","atlas_class":"named_natural_stream","huc8":"14010001","huc8Name":"Colorado Headwaters","huc8States":"CO","lineageKey":"coloradoRiver","lineage":"coloradoRiver","historic":"coloradoRiver","current":"coloradoRiver","recovery":"recoveryWatch","lineageLabel":"Colorado River green lineage","lineageBasin":"Colorado Headwaters","lineageNote":"Upper Colorado green-lineage context","atlas_context":"cutthroat_lineage_context","confidence":"Watershed-level lineage context; expert review recommended","geometryStatus":"Named natural stream segment from statewide hydrography","note":"This named natural stream falls within a HUC8 assigned to a cutthroat lineage context.","source_segment_id":"co_named_stream_084643","water_id":"co_wheatley_creek_14010001_coloradoRiver_001","occurrence_id":"co_wheatley_creek_14010001_coloradoRiver_001","occurrence_number":"001","segment_count":21,"disambiguator":"Colorado Headwaters · Colorado River green lineage · occurrence 001","basin":"Colorado Headwaters","atlas_layer":"named_water_occurrence","object_role":"named_water_occurrence","historic_label":"Colorado River green lineage","current_label":"Colorado River green lineage","recovery_label":"Recovery watch / review area","tier":"tier2","minZoom":12,"confidence_public":"Watershed-level lineage context; expert review recommended","geometry_status_public":"Named natural stream occurrence from statewide hydrography","geometry_source_public":"Grouped public hydrography segments","trout_source_public":"Compiled public recovery and lineage context; expert review recommended","public_notes":"Wheatley Creek is shown as a named-water occurrence within watershed-level cutthroat lineage context. This is not a precise biological boundary."}},{"type":"Feature","geometry":{"type":"LineString","coordinates":[[-106.1847,40.169],[-106.1881,40.1671]]},"properties":{"source_id":"co_named_stream_067163","name":"Corral Creek","display_name":"Corral Creek","mapped_name":"Corral Creek","source_name":"Corral Creek","state":"CO","atlas_class":"named_natural_stream","huc8":"14010001","huc8Name":"Colorado Headwaters","huc8States":"CO","lineageKey":"coloradoRiver","lineage":"coloradoRiver","historic":"coloradoRiver","current":"coloradoRiver","recovery":"recoveryWatch","lineageLabel":"Colorado River green lineage","lineageBasin":"Colorado Headwaters","lineageNote":"Upper Colorado green-lineage context","atlas_context":"cutthroat_lineage_context","confidence":"Watershed-level lineage context; expert review recommended","geometryStatus":"Named natural stream segment from statewide hydrography","note":"This named natural stream falls within a HUC8 assigned to a cutthroat lineage context.","source_segment_id":"co_named_stream_067163","water_id":"co_corral_creek_14010001_coloradoRiver_001","occurrence_id":"co_corral_creek_14010001_coloradoRiver_001","occurrence_number":"001","segment_count":49,"disambiguator":"Colorado Headwaters · Colorado River green lineage · occurrence 001","basin":"Colorado Headwaters","atlas_layer":"named_water_occurrence","object_role":"named_water_occurrence","historic_label":"Colorado River green lineage","current_label":"Colorado River green lineage","recovery_label":"Recovery watch / review area","tier":"tier2","minZoom":12,"confidence_public":"Watershed-level lineage context; expert review recommended","geometry_status_public":"Named natural stream occurrence from statewide hydrography","geometry_source_public":"Grouped public hydrography segments","trout_source_public":"Compiled public recovery and lineage context; expert review recommended","public_notes":"Corral Creek is shown as a named-water occurrence within watershed-level cutthroat lineage context. This is not a precise biological boundary."}},{"type":"Feature","geometry":{"type":"LineString","coordinates":[[-106.191,40.1654],[-106.1935,40.1639]]},"properties":{"source_id":"co_named_stream_067170","name":"Corral Creek","display_name":"Corral Creek","mapped_name":"Corral Creek","source_name":"Corral Creek","state":"CO","atlas_class":"named_natural_stream","huc8":"14010001","huc8Name":"Colorado Headwaters","huc8States":"CO","lineageKey":"coloradoRiver","lineage":"coloradoRiver","historic":"coloradoRiver","current":"coloradoRiver","recovery":"recoveryWatch","lineageLabel":"Colorado River green lineage","lineageBasin":"Colorado Headwaters","lineageNote":"Upper Colorado green-lineage context","atlas_context":"cutthroat_lineage_context","confidence":"Watershed-level lineage context; expert review recommended","geometryStatus":"Named natural stream segment from statewide hydrography","note":"This named natural stream falls within a HUC8 assigned to a cutthroat lineage context.","source_segment_id":"co_named_stream_067170","water_id":"co_corral_creek_14010001_coloradoRiver_001","occurrence_id":"co_corral_creek_14010001_coloradoRiver_001","occurrence_number":"001","segment_count":49,"disambiguator":"Colorado Headwaters · Colorado River green lineage · occurrence 001","basin":"Colorado Headwaters","atlas_layer":"named_water_occurrence","object_role":"named_water_occurrence","historic_label":"Colorado River green lineage","current_label":"Colorado River green lineage","recovery_label":"Recovery watch / review area","tier":"tier2","minZoom":12,"confidence_public":"Watershed-level lineage context; expert review recommended","geometry_status_public":"Named natural stream occurrence from statewide hydrography","geometry_source_public":"Grouped public hydrography segments","trout_source_public":"Compiled public recovery and lineage context; expert review recommended","public_notes":"Corral Creek is shown as a named-water occurrence within watershed-level cutthroat lineage context. This is not a precise biological boundary."}},{"type":"Feature","geometry":{"type":"LineString","coordinates":[[-106.1528,40.1803],[-106.1532,40.1793]]},"properties":{"source_id":"co_named_stream_067305","name":"Corral Creek","display_name":"Corral Creek","mapped_name":"Corral Creek","source_name":"Corral Creek","state":"CO","atlas_class":"named_natural_stream","huc8":"14010001","huc8Name":"Colorado Headwaters","huc8States":"CO","lineageKey":"coloradoRiver","lineage":"coloradoRiver","historic":"coloradoRiver","current":"coloradoRiver","recovery":"recoveryWatch","lineageLabel":"Colorado River green lineage","lineageBasin":"Colorado Headwaters","lineageNote":"Upper Colorado green-lineage context","atlas_context":"cutthroat_lineage_context","confidence":"Watershed-level lineage context; expert review recommended","geometryStatus":"Named natural stream segment from statewide hydrography","note":"This named natural stream falls within a HUC8 assigned to a cutthroat lineage context.","source_segment_id":"co_named_stream_067305","water_id":"co_corral_creek_14010001_coloradoRiver_001","occurrence_id":"co_corral_creek_14010001_coloradoRiver_001","occurrence_number":"001","segment_count":49,"disambiguator":"Colorado Headwaters · Colorado River green lineage · occurrence 001","basin":"Colorado Headwaters","atlas_layer":"named_water_occurrence","object_role":"named_water_occurrence","historic_label":"Colorado River green lineage","current_label":"Colorado River green lineage","recovery_label":"Recovery watch / review area","tier":"tier2","minZoom":12,"confidence_public":"Watershed-level lineage context; expert review recommended","geometry_status_public":"Named natural stream occurrence from statewide hydrography","geometry_source_public":"Grouped public hydrography segments","trout_source_public":"Compiled public recovery and lineage context; expert review recommended","public_notes":"Corral Creek is shown as a named-water occurrence within watershed-level cutthroat lineage context. This is not a precise biological boundary."}},{"type":"Feature","geometry":{"type":"LineString","coordinates":[[-106.1637,40.1717],[-106.1654,40.1699]]},"properties":{"source_id":"co_named_stream_067307","name":"Corral Creek","display_name":"Corral Creek","mapped_name":"Corral Creek","source_name":"Corral Creek","state":"CO","atlas_class":"named_natural_stream","huc8":"14010001","huc8Name":"Colorado Headwaters","huc8States":"CO","lineageKey":"coloradoRiver","lineage":"coloradoRiver","historic":"coloradoRiver","current":"coloradoRiver","recovery":"recoveryWatch","lineageLabel":"Colorado River green lineage","lineageBasin":"Colorado Headwaters","lineageNote":"Upper Colorado green-lineage context","atlas_context":"cutthroat_lineage_context","confidence":"Watershed-level lineage context; expert review recommended","geometryStatus":"Named natural stream segment from statewide hydrography","note":"This named natural stream falls within a HUC8 assigned to a cutthroat lineage context.","source_segment_id":"co_named_stream_067307","water_id":"co_corral_creek_14010001_coloradoRiver_001","occurrence_id":"co_corral_creek_14010001_coloradoRiver_001","occurrence_number":"001","segment_count":49,"disambiguator":"Colorado Headwaters · Colorado River green lineage · occurrence 001","basin":"Colorado Headwaters","atlas_layer":"named_water_occurrence","object_role":"named_water_occurrence","historic_label":"Colorado River green lineage","current_label":"Colorado River green lineage","recovery_label":"Recovery watch / review area","tier":"tier2","minZoom":12,"confidence_public":"Watershed-level lineage context; expert review recommended","geometry_status_public":"Named natural stream occurrence from statewide hydrography","geometry_source_public":"Grouped public hydrography segments","trout_source_public":"Compiled public recovery and lineage context; expert review recommended","public_notes":"Corral Creek is shown as a named-water occurrence within watershed-level cutthroat lineage context. This is not a precise biological boundary."}},{"type":"Feature","geometry":{"type":"LineString","coordinates":[[-106.1654,40.1699],[-106.1685,40.1674]]},"properties":{"source_id":"co_named_stream_067309","name":"Corral Creek","display_name":"Corral Creek","mapped_name":"Corral Creek","source_name":"Corral Creek","state":"CO","atlas_class":"named_natural_stream","huc8":"14010001","huc8Name":"Colorado Headwaters","huc8States":"CO","lineageKey":"coloradoRiver","lineage":"coloradoRiver","historic":"coloradoRiver","current":"coloradoRiver","recovery":"recoveryWatch","lineageLabel":"Colorado River green lineage","lineageBasin":"Colorado Headwaters","lineageNote":"Upper Colorado green-lineage context","atlas_context":"cutthroat_lineage_context","confidence":"Watershed-level lineage context; expert review recommended","geometryStatus":"Named natural stream segment from statewide hydrography","note":"This named natural stream falls within a HUC8 assigned to a cutthroat lineage context.","source_segment_id":"co_named_stream_067309","water_id":"co_corral_creek_14010001_coloradoRiver_001","occurrence_id":"co_corral_creek_14010001_coloradoRiver_001","occurrence_number":"001","segment_count":49,"disambiguator":"Colorado Headwaters · Colorado River green lineage · occurrence 001","basin":"Colorado Headwaters","atlas_layer":"named_water_occurrence","object_role":"named_water_occurrence","historic_label":"Colorado River green lineage","current_label":"Colorado River green lineage","recovery_label":"Recovery watch / review area","tier":"tier2","minZoom":12,"confidence_public":"Watershed-level lineage context; expert review recommended","geometry_status_public":"Named natural stream occurrence from statewide hydrography","geometry_source_public":"Grouped public hydrography segments","trout_source_public":"Compiled public recovery and lineage context; expert review recommended","public_notes":"Corral Creek is shown as a named-water occurrence within watershed-level cutthroat lineage context. This is not a precise biological boundary."}},{"type":"Feature","geometry":{"type":"LineString","coordinates":[[-106.1504,40.1869],[-106.1499,40.1846],[-106.1517,40.1826]]},"properties":{"source_id":"co_named_stream_067310","name":"Corral Creek","display_name":"Corral Creek","mapped_name":"Corral Creek","source_name":"Corral Creek","state":"CO","atlas_class":"named_natural_stream","huc8":"14010001","huc8Name":"Colorado Headwaters","huc8States":"CO","lineageKey":"coloradoRiver","lineage":"coloradoRiver","historic":"coloradoRiver","current":"coloradoRiver","recovery":"recoveryWatch","lineageLabel":"Colorado River green lineage","lineageBasin":"Colorado Headwaters","lineageNote":"Upper Colorado green-lineage context","atlas_context":"cutthroat_lineage_context","confidence":"Watershed-level lineage context; expert review recommended","geometryStatus":"Named natural stream segment from statewide hydrography","note":"This named natural stream falls within a HUC8 assigned to a cutthroat lineage context.","source_segment_id":"co_named_stream_067310","water_id":"co_corral_creek_14010001_coloradoRiver_001","occurrence_id":"co_corral_creek_14010001_coloradoRiver_001","occurrence_number":"001","segment_count":49,"disambiguator":"Colorado Headwaters · Colorado River green lineage · occurrence 001","basin":"Colorado Headwaters","atlas_layer":"named_water_occurrence","object_role":"named_water_occurrence","historic_label":"Colorado River green lineage","current_label":"Colorado River green lineage","recovery_label":"Recovery watch / review area","tier":"tier2","minZoom":12,"confidence_public":"Watershed-level lineage context; expert review recommended","geometry_status_public":"Named natural stream occurrence from statewide hydrography","geometry_source_public":"Grouped public hydrography segments","trout_source_public":"Compiled public recovery and lineage context; expert review recommended","public_notes":"Corral Creek is shown as a named-water occurrence within watershed-level cutthroat lineage context. This is not a precise biological boundary."}},{"type":"Feature","geometry":{"type":"LineString","coordinates":[[-106.1532,40.1793],[-106.157,40.1766],[-106.1591,40.1762]]},"properties":{"source_id":"co_named_stream_067314","name":"Corral Creek","display_name":"Corral Creek","mapped_name":"Corral Creek","source_name":"Corral Creek","state":"CO","atlas_class":"named_natural_stream","huc8":"14010001","huc8Name":"Colorado Headwaters","huc8States":"CO","lineageKey":"coloradoRiver","lineage":"coloradoRiver","historic":"coloradoRiver","current":"coloradoRiver","recovery":"recoveryWatch","lineageLabel":"Colorado River green lineage","lineageBasin":"Colorado Headwaters","lineageNote":"Upper Colorado green-lineage context","atlas_context":"cutthroat_lineage_context","confidence":"Watershed-level lineage context; expert review recommended","geometryStatus":"Named natural stream segment from statewide hydrography","note":"This named natural stream falls within a HUC8 assigned to a cutthroat lineage context.","source_segment_id":"co_named_stream_067314","water_id":"co_corral_creek_14010001_coloradoRiver_001","occurrence_id":"co_corral_creek_14010001_coloradoRiver_001","occurrence_number":"001","segment_count":49,"disambiguator":"Colorado Headwaters · Colorado River green lineage · occurrence 001","basin":"Colorado Headwaters","atlas_layer":"named_water_occurrence","object_role":"named_water_occurrence","historic_label":"Colorado River green lineage","current_label":"Colorado River green lineage","recovery_label":"Recovery watch / review area","tier":"tier2","minZoom":12,"confidence_public":"Watershed-level lineage context; expert review recommended","geometry_status_public":"Named natural stream occurrence from statewide hydrography","geometry_source_public":"Grouped public hydrography segments","trout_source_public":"Compiled public recovery and lineage context; expert review recommended","public_notes":"Corral Creek is shown as a named-water occurrence within watershed-level cutthroat lineage context. This is not a precise biological boundary."}},{"type":"Feature","geometry":{"type":"LineString","coordinates":[[-106.1591,40.1762],[-106.1606,40.176]]},"properties":{"source_id":"co_named_stream_067316","name":"Corral Creek","display_name":"Corral Creek","mapped_name":"Corral Creek","source_name":"Corral Creek","state":"CO","atlas_class":"named_natural_stream","huc8":"14010001","huc8Name":"Colorado Headwaters","huc8States":"CO","lineageKey":"coloradoRiver","lineage":"coloradoRiver","historic":"coloradoRiver","current":"coloradoRiver","recovery":"recoveryWatch","lineageLabel":"Colorado River green lineage","lineageBasin":"Colorado Headwaters","lineageNote":"Upper Colorado green-lineage context","atlas_context":"cutthroat_lineage_context","confidence":"Watershed-level lineage context; expert review recommended","geometryStatus":"Named natural stream segment from statewide hydrography","note":"This named natural stream falls within a HUC8 assigned to a cutthroat lineage context.","source_segment_id":"co_named_stream_067316","water_id":"co_corral_creek_14010001_coloradoRiver_001","occurrence_id":"co_corral_creek_14010001_coloradoRiver_001","occurrence_number":"001","segment_count":49,"disambiguator":"Colorado Headwaters · Colorado River green lineage · occurrence 001","basin":"Colorado Headwaters","atlas_layer":"named_water_occurrence","object_role":"named_water_occurrence","historic_label":"Colorado River green lineage","current_label":"Colorado River green lineage","recovery_label":"Recovery watch / review area","tier":"tier2","minZoom":12,"confidence_public":"Watershed-level lineage context; expert review recommended","geometry_status_public":"Named natural stream occurrence from statewide hydrography","geometry_source_public":"Grouped public hydrography segments","trout_source_public":"Compiled public recovery and lineage context; expert review recommended","public_notes":"Corral Creek is shown as a named-water occurrence within watershed-level cutthroat lineage context. This is not a precise biological boundary."}},{"type":"Feature","geometry":{"type":"LineString","coordinates":[[-106.1495,40.1969],[-106.1477,40.1931]]},"properties":{"source_id":"co_named_stream_067317","name":"Corral Creek","display_name":"Corral Creek","mapped_name":"Corral Creek","source_name":"Corral Creek","state":"CO","atlas_class":"named_natural_stream","huc8":"14010001","huc8Name":"Colorado Headwaters","huc8States":"CO","lineageKey":"coloradoRiver","lineage":"coloradoRiver","historic":"coloradoRiver","current":"coloradoRiver","recovery":"recoveryWatch","lineageLabel":"Colorado River green lineage","lineageBasin":"Colorado Headwaters","lineageNote":"Upper Colorado green-lineage context","atlas_context":"cutthroat_lineage_context","confidence":"Watershed-level lineage context; expert review recommended","geometryStatus":"Named natural stream segment from statewide hydrography","note":"This named natural stream falls within a HUC8 assigned to a cutthroat lineage context.","source_segment_id":"co_named_stream_067317","water_id":"co_corral_creek_14010001_coloradoRiver_001","occurrence_id":"co_corral_creek_14010001_coloradoRiver_001","occurrence_number":"001","segment_count":49,"disambiguator":"Colorado Headwaters · Colorado River green lineage · occurrence 001","basin":"Colorado Headwaters","atlas_layer":"named_water_occurrence","object_role":"named_water_occurrence","historic_label":"Colorado River green lineage","current_label":"Colorado River green lineage","recovery_label":"Recovery watch / review area","tier":"tier2","minZoom":12,"confidence_public":"Watershed-level lineage context; expert review recommended","geometry_status_public":"Named natural stream occurrence from statewide hydrography","geometry_source_public":"Grouped public hydrography segments","trout_source_public":"Compiled public recovery and lineage context; expert review recommended","public_notes":"Corral Creek is shown as a named-water occurrence within watershed-level cutthroat lineage context. This is not a precise biological boundary."}},{"type":"Feature","geometry":{"type":"LineString","coordinates":[[-106.1477,40.1931],[-106.149,40.1884]]},"properties":{"source_id":"co_named_stream_067318","name":"Corral Creek","display_name":"Corral Creek","mapped_name":"Corral Creek","source_name":"Corral Creek","state":"CO","atlas_class":"named_natural_stream","huc8":"14010001","huc8Name":"Colorado Headwaters","huc8States":"CO","lineageKey":"coloradoRiver","lineage":"coloradoRiver","historic":"coloradoRiver","current":"coloradoRiver","recovery":"recoveryWatch","lineageLabel":"Colorado River green lineage","lineageBasin":"Colorado Headwaters","lineageNote":"Upper Colorado green-lineage context","atlas_context":"cutthroat_lineage_context","confidence":"Watershed-level lineage context; expert review recommended","geometryStatus":"Named natural stream segment from statewide hydrography","note":"This named natural stream falls within a HUC8 assigned to a cutthroat lineage context.","source_segment_id":"co_named_stream_067318","water_id":"co_corral_creek_14010001_coloradoRiver_001","occurrence_id":"co_corral_creek_14010001_coloradoRiver_001","occurrence_number":"001","segment_count":49,"disambiguator":"Colorado Headwaters · Colorado River green lineage · occurrence 001","basin":"Colorado Headwaters","atlas_layer":"named_water_occurrence","object_role":"named_water_occurrence","historic_label":"Colorado River green lineage","current_label":"Colorado River green lineage","recovery_label":"Recovery watch / review area","tier":"tier2","minZoom":12,"confidence_public":"Watershed-level lineage context; expert review recommended","geometry_status_public":"Named natural stream occurrence from statewide hydrography","geometry_source_public":"Grouped public hydrography segments","trout_source_public":"Compiled public recovery and lineage context; expert review recommended","public_notes":"Corral Creek is shown as a named-water occurrence within watershed-level cutthroat lineage context. This is not a precise biological boundary."}},{"type":"Feature","geometry":{"type":"LineString","coordinates":[[-106.149,40.1884],[-106.1504,40.1869]]},"properties":{"source_id":"co_named_stream_067320","name":"Corral Creek","display_name":"Corral Creek","mapped_name":"Corral Creek","source_name":"Corral Creek","state":"CO","atlas_class":"named_natural_stream","huc8":"14010001","huc8Name":"Colorado Headwaters","huc8States":"CO","lineageKey":"coloradoRiver","lineage":"coloradoRiver","historic":"coloradoRiver","current":"coloradoRiver","recovery":"recoveryWatch","lineageLabel":"Colorado River green lineage","lineageBasin":"Colorado Headwaters","lineageNote":"Upper Colorado green-lineage context","atlas_context":"cutthroat_lineage_context","confidence":"Watershed-level lineage context; expert review recommended","geometryStatus":"Named natural stream segment from statewide hydrography","note":"This named natural stream falls within a HUC8 assigned to a cutthroat lineage context.","source_segment_id":"co_named_stream_067320","water_id":"co_corral_creek_14010001_coloradoRiver_001","occurrence_id":"co_corral_creek_14010001_coloradoRiver_001","occurrence_number":"001","segment_count":49,"disambiguator":"Colorado Headwaters · Colorado River green lineage · occurrence 001","basin":"Colorado Headwaters","atlas_layer":"named_water_occurrence","object_role":"named_water_occurrence","historic_label":"Colorado River green lineage","current_label":"Colorado River green lineage","recovery_label":"Recovery watch / review area","tier":"tier2","minZoom":12,"confidence_public":"Watershed-level lineage context; expert review recommended","geometry_status_public":"Named natural stream occurrence from statewide hydrography","geometry_source_public":"Grouped public hydrography segments","trout_source_public":"Compiled public recovery and lineage context; expert review recommended","public_notes":"Corral Creek is shown as a named-water occurrence within watershed-level cutthroat lineage context. This is not a precise biological boundary."}},{"type":"Feature","geometry":{"type":"LineString","coordinates":[[-106.193,40.115],[-106.1905,40.1117]]},"properties":{"source_id":"co_named_stream_071217","name":"Corral Creek","display_name":"Corral Creek","mapped_name":"Corral Creek","source_name":"Corral Creek","state":"CO","atlas_class":"named_natural_stream","huc8":"14010001","huc8Name":"Colorado Headwaters","huc8States":"CO","lineageKey":"coloradoRiver","lineage":"coloradoRiver","historic":"coloradoRiver","current":"coloradoRiver","recovery":"recoveryWatch","lineageLabel":"Colorado River green lineage","lineageBasin":"Colorado Headwaters","lineageNote":"Upper Colorado green-lineage context","atlas_context":"cutthroat_lineage_context","confidence":"Watershed-level lineage context; expert review recommended","geometryStatus":"Named natural stream segment from statewide hydrography","note":"This named natural stream falls within a HUC8 assigned to a cutthroat lineage context.","source_segment_id":"co_named_stream_071217","water_id":"co_corral_creek_14010001_coloradoRiver_001","occurrence_id":"co_corral_creek_14010001_coloradoRiver_001","occurrence_number":"001","segment_count":49,"disambiguator":"Colorado Headwaters · Colorado River green lineage · occurrence 001","basin":"Colorado Headwaters","atlas_layer":"named_water_occurrence","object_role":"named_water_occurrence","historic_label":"Colorado River green lineage","current_label":"Colorado River green lineage","recovery_label":"Recovery watch / review area","tier":"tier2","minZoom":12,"confidence_public":"Watershed-level lineage context; expert review recommended","geometry_status_public":"Named natural stream occurrence from statewide hydrography","geometry_source_public":"Grouped public hydrography segments","trout_source_public":"Compiled public recovery and lineage context; expert review recommended","public_notes":"Corral Creek is shown as a named-water occurrence within watershed-level cutthroat lineage context. This is not a precise biological boundary."}},{"type":"Feature","geometry":{"type":"LineString","coordinates":[[-106.1892,40.106],[-106.1891,40.106]]},"properties":{"source_id":"co_named_stream_071221","name":"Corral Creek","display_name":"Corral Creek","mapped_name":"Corral Creek","source_name":"Corral Creek","state":"CO","atlas_class":"named_natural_stream","huc8":"14010001","huc8Name":"Colorado Headwaters","huc8States":"CO","lineageKey":"coloradoRiver","lineage":"coloradoRiver","historic":"coloradoRiver","current":"coloradoRiver","recovery":"recoveryWatch","lineageLabel":"Colorado River green lineage","lineageBasin":"Colorado Headwaters","lineageNote":"Upper Colorado green-lineage context","atlas_context":"cutthroat_lineage_context","confidence":"Watershed-level lineage context; expert review recommended","geometryStatus":"Named natural stream segment from statewide hydrography","note":"This named natural stream falls within a HUC8 assigned to a cutthroat lineage context.","source_segment_id":"co_named_stream_071221","water_id":"co_corral_creek_14010001_coloradoRiver_001","occurrence_id":"co_corral_creek_14010001_coloradoRiver_001","occurrence_number":"001","segment_count":49,"disambiguator":"Colorado Headwaters · Colorado River green lineage · occurrence 001","basin":"Colorado Headwaters","atlas_layer":"named_water_occurrence","object_role":"named_water_occurrence","historic_label":"Colorado River green lineage","current_label":"Colorado River green lineage","recovery_label":"Recovery watch / review area","tier":"tier2","minZoom":12,"confidence_public":"Watershed-level lineage context; expert review recommended","geometry_status_public":"Named natural stream occurrence from statewide hydrography","geometry_source_public":"Grouped public hydrography segments","trout_source_public":"Compiled public recovery and lineage context; expert review recommended","public_notes":"Corral Creek is shown as a named-water occurrence within watershed-level cutthroat lineage context. This is not a precise biological boundary."}},{"type":"Feature","geometry":{"type":"LineString","coordinates":[[-106.1905,40.1117],[-106.1894,40.1083]]},"properties":{"source_id":"co_named_stream_071222","name":"Corral Creek","display_name":"Corral Creek","mapped_name":"Corral Creek","source_name":"Corral Creek","state":"CO","atlas_class":"named_natural_stream","huc8":"14010001","huc8Name":"Colorado Headwaters","huc8States":"CO","lineageKey":"coloradoRiver","lineage":"coloradoRiver","historic":"coloradoRiver","current":"coloradoRiver","recovery":"recoveryWatch","lineageLabel":"Colorado River green lineage","lineageBasin":"Colorado Headwaters","lineageNote":"Upper Colorado green-lineage context","atlas_context":"cutthroat_lineage_context","confidence":"Watershed-level lineage context; expert review recommended","geometryStatus":"Named natural stream segment from statewide hydrography","note":"This named natural stream falls within a HUC8 assigned to a cutthroat lineage context.","source_segment_id":"co_named_stream_071222","water_id":"co_corral_creek_14010001_coloradoRiver_001","occurrence_id":"co_corral_creek_14010001_coloradoRiver_001","occurrence_number":"001","segment_count":49,"disambiguator":"Colorado Headwaters · Colorado River green lineage · occurrence 001","basin":"Colorado Headwaters","atlas_layer":"named_water_occurrence","object_role":"named_water_occurrence","historic_label":"Colorado River green lineage","current_label":"Colorado River green lineage","recovery_label":"Recovery watch / review area","tier":"tier2","minZoom":12,"confidence_public":"Watershed-level lineage context; expert review recommended","geometry_status_public":"Named natural stream occurrence from statewide hydrography","geometry_source_public":"Grouped public hydrography segments","trout_source_public":"Compiled public recovery and lineage context; expert review recommended","public_notes":"Corral Creek is shown as a named-water occurrence within watershed-level cutthroat lineage context. This is not a precise biological boundary."}},{"type":"Feature","geometry":{"type":"LineString","coordinates":[[-106.1967,40.1612],[-106.1978,40.1592]]},"properties":{"source_id":"co_named_stream_075808","name":"Corral Creek","display_name":"Corral Creek","mapped_name":"Corral Creek","source_name":"Corral Creek","state":"CO","atlas_class":"named_natural_stream","huc8":"14010001","huc8Name":"Colorado Headwaters","huc8States":"CO","lineageKey":"coloradoRiver","lineage":"coloradoRiver","historic":"coloradoRiver","current":"coloradoRiver","recovery":"recoveryWatch","lineageLabel":"Colorado River green lineage","lineageBasin":"Colorado Headwaters","lineageNote":"Upper Colorado green-lineage context","atlas_context":"cutthroat_lineage_context","confidence":"Watershed-level lineage context; expert review recommended","geometryStatus":"Named natural stream segment from statewide hydrography","note":"This named natural stream falls within a HUC8 assigned to a cutthroat lineage context.","source_segment_id":"co_named_stream_075808","water_id":"co_corral_creek_14010001_coloradoRiver_001","occurrence_id":"co_corral_creek_14010001_coloradoRiver_001","occurrence_number":"001","segment_count":49,"disambiguator":"Colorado Headwaters · Colorado River green lineage · occurrence 001","basin":"Colorado Headwaters","atlas_layer":"named_water_occurrence","object_role":"named_water_occurrence","historic_label":"Colorado River green lineage","current_label":"Colorado River green lineage","recovery_label":"Recovery watch / review area","tier":"tier2","minZoom":12,"confidence_public":"Watershed-level lineage context; expert review recommended","geometry_status_public":"Named natural stream occurrence from statewide hydrography","geometry_source_public":"Grouped public hydrography segments","trout_source_public":"Compiled public recovery and lineage context; expert review recommended","public_notes":"Corral Creek is shown as a named-water occurrence within watershed-level cutthroat lineage context. This is not a precise biological boundary."}},{"type":"Feature","geometry":{"type":"LineString","coordinates":[[-106.1978,40.1592],[-106.2009,40.156],[-106.2014,40.1526]]},"properties":{"source_id":"co_named_stream_075811","name":"Corral Creek","display_name":"Corral Creek","mapped_name":"Corral Creek","source_name":"Corral Creek","state":"CO","atlas_class":"named_natural_stream","huc8":"14010001","huc8Name":"Colorado Headwaters","huc8States":"CO","lineageKey":"coloradoRiver","lineage":"coloradoRiver","historic":"coloradoRiver","current":"coloradoRiver","recovery":"recoveryWatch","lineageLabel":"Colorado River green lineage","lineageBasin":"Colorado Headwaters","lineageNote":"Upper Colorado green-lineage context","atlas_context":"cutthroat_lineage_context","confidence":"Watershed-level lineage context; expert review recommended","geometryStatus":"Named natural stream segment from statewide hydrography","note":"This named natural stream falls within a HUC8 assigned to a cutthroat lineage context.","source_segment_id":"co_named_stream_075811","water_id":"co_corral_creek_14010001_coloradoRiver_001","occurrence_id":"co_corral_creek_14010001_coloradoRiver_001","occurrence_number":"001","segment_count":49,"disambiguator":"Colorado Headwaters · Colorado River green lineage · occurrence 001","basin":"Colorado Headwaters","atlas_layer":"named_water_occurrence","object_role":"named_water_occurrence","historic_label":"Colorado River green lineage","current_label":"Colorado River green lineage","recovery_label":"Recovery watch / review area","tier":"tier2","minZoom":12,"confidence_public":"Watershed-level lineage context; expert review recommended","geometry_status_public":"Named natural stream occurrence from statewide hydrography","geometry_source_public":"Grouped public hydrography segments","trout_source_public":"Compiled public recovery and lineage context; expert review recommended","public_notes":"Corral Creek is shown as a named-water occurrence within watershed-level cutthroat lineage context. This is not a precise biological boundary."}},{"type":"Feature","geometry":{"type":"LineString","coordinates":[[-106.1875,40.1039],[-106.1872,40.1009]]},"properties":{"source_id":"co_named_stream_078024","name":"Corral Creek","display_name":"Corral Creek","mapped_name":"Corral Creek","source_name":"Corral Creek","state":"CO","atlas_class":"named_natural_stream","huc8":"14010001","huc8Name":"Colorado Headwaters","huc8States":"CO","lineageKey":"coloradoRiver","lineage":"coloradoRiver","historic":"coloradoRiver","current":"coloradoRiver","recovery":"recoveryWatch","lineageLabel":"Colorado River green lineage","lineageBasin":"Colorado Headwaters","lineageNote":"Upper Colorado green-lineage context","atlas_context":"cutthroat_lineage_context","confidence":"Watershed-level lineage context; expert review recommended","geometryStatus":"Named natural stream segment from statewide hydrography","note":"This named natural stream falls within a HUC8 assigned to a cutthroat lineage context.","source_segment_id":"co_named_stream_078024","water_id":"co_corral_creek_14010001_coloradoRiver_001","occurrence_id":"co_corral_creek_14010001_coloradoRiver_001","occurrence_number":"001","segment_count":49,"disambiguator":"Colorado Headwaters · Colorado River green lineage · occurrence 001","basin":"Colorado Headwaters","atlas_layer":"named_water_occurrence","object_role":"named_water_occurrence","historic_label":"Colorado River green lineage","current_label":"Colorado River green lineage","recovery_label":"Recovery watch / review area","tier":"tier2","minZoom":12,"confidence_public":"Watershed-level lineage context; expert review recommended","geometry_status_public":"Named natural stream occurrence from statewide hydrography","geometry_source_public":"Grouped public hydrography segments","trout_source_public":"Compiled public recovery and lineage context; expert review recommended","public_notes":"Corral Creek is shown as a named-water occurrence within watershed-level cutthroat lineage context. This is not a precise biological boundary."}},{"type":"Feature","geometry":{"type":"LineString","coordinates":[[-106.2009,40.1364],[-106.2021,40.1345]]},"properties":{"source_id":"co_named_stream_078031","name":"Corral Creek","display_name":"Corral Creek","mapped_name":"Corral Creek","source_name":"Corral Creek","state":"CO","atlas_class":"named_natural_stream","huc8":"14010001","huc8Name":"Colorado Headwaters","huc8States":"CO","lineageKey":"coloradoRiver","lineage":"coloradoRiver","historic":"coloradoRiver","current":"coloradoRiver","recovery":"recoveryWatch","lineageLabel":"Colorado River green lineage","lineageBasin":"Colorado Headwaters","lineageNote":"Upper Colorado green-lineage context","atlas_context":"cutthroat_lineage_context","confidence":"Watershed-level lineage context; expert review recommended","geometryStatus":"Named natural stream segment from statewide hydrography","note":"This named natural stream falls within a HUC8 assigned to a cutthroat lineage context.","source_segment_id":"co_named_stream_078031","water_id":"co_corral_creek_14010001_coloradoRiver_001","occurrence_id":"co_corral_creek_14010001_coloradoRiver_001","occurrence_number":"001","segment_count":49,"disambiguator":"Colorado Headwaters · Colorado River green lineage · occurrence 001","basin":"Colorado Headwaters","atlas_layer":"named_water_occurrence","object_role":"named_water_occurrence","historic_label":"Colorado River green lineage","current_label":"Colorado River green lineage","recovery_label":"Recovery watch / review area","tier":"tier2","minZoom":12,"confidence_public":"Watershed-level lineage context; expert review recommended","geometry_status_public":"Named natural stream occurrence from statewide hydrography","geometry_source_public":"Grouped public hydrography segments","trout_source_public":"Compiled public recovery and lineage context; expert review recommended","public_notes":"Corral Creek is shown as a named-water occurrence within watershed-level cutthroat lineage context. This is not a precise biological boundary."}},{"type":"Feature","geometry":{"type":"LineString","coordinates":[[-106.189,40.1057],[-106.1875,40.1039]]},"properties":{"source_id":"co_named_stream_078038","name":"Corral Creek","display_name":"Corral Creek","mapped_name":"Corral Creek","source_name":"Corral Creek","state":"CO","atlas_class":"named_natural_stream","huc8":"14010001","huc8Name":"Colorado Headwaters","huc8States":"CO","lineageKey":"coloradoRiver","lineage":"coloradoRiver","historic":"coloradoRiver","current":"coloradoRiver","recovery":"recoveryWatch","lineageLabel":"Colorado River green lineage","lineageBasin":"Colorado Headwaters","lineageNote":"Upper Colorado green-lineage context","atlas_context":"cutthroat_lineage_context","confidence":"Watershed-level lineage context; expert review recommended","geometryStatus":"Named natural stream segment from statewide hydrography","note":"This named natural stream falls within a HUC8 assigned to a cutthroat lineage context.","source_segment_id":"co_named_stream_078038","water_id":"co_corral_creek_14010001_coloradoRiver_001","occurrence_id":"co_corral_creek_14010001_coloradoRiver_001","occurrence_number":"001","segment_count":49,"disambiguator":"Colorado Headwaters · Colorado River green lineage · occurrence 001","basin":"Colorado Headwaters","atlas_layer":"named_water_occurrence","object_role":"named_water_occurrence","historic_label":"Colorado River green lineage","current_label":"Colorado River green lineage","recovery_label":"Recovery watch / review area","tier":"tier2","minZoom":12,"confidence_public":"Watershed-level lineage context; expert review recommended","geometry_status_public":"Named natural stream occurrence from statewide hydrography","geometry_source_public":"Grouped public hydrography segments","trout_source_public":"Compiled public recovery and lineage context; expert review recommended","public_notes":"Corral Creek is shown as a named-water occurrence within watershed-level cutthroat lineage context. This is not a precise biological boundary."}},{"type":"Feature","geometry":{"type":"LineString","coordinates":[[-106.1894,40.1083],[-106.1892,40.106]]},"properties":{"source_id":"co_named_stream_078040","name":"Corral Creek","display_name":"Corral Creek","mapped_name":"Corral Creek","source_name":"Corral Creek","state":"CO","atlas_class":"named_natural_stream","huc8":"14010001","huc8Name":"Colorado Headwaters","huc8States":"CO","lineageKey":"coloradoRiver","lineage":"coloradoRiver","historic":"coloradoRiver","current":"coloradoRiver","recovery":"recoveryWatch","lineageLabel":"Colorado River green lineage","lineageBasin":"Colorado Headwaters","lineageNote":"Upper Colorado green-lineage context","atlas_context":"cutthroat_lineage_context","confidence":"Watershed-level lineage context; expert review recommended","geometryStatus":"Named natural stream segment from statewide hydrography","note":"This named natural stream falls within a HUC8 assigned to a cutthroat lineage context.","source_segment_id":"co_named_stream_078040","water_id":"co_corral_creek_14010001_coloradoRiver_001","occurrence_id":"co_corral_creek_14010001_coloradoRiver_001","occurrence_number":"001","segment_count":49,"disambiguator":"Colorado Headwaters · Colorado River green lineage · occurrence 001","basin":"Colorado Headwaters","atlas_layer":"named_water_occurrence","object_role":"named_water_occurrence","historic_label":"Colorado River green lineage","current_label":"Colorado River green lineage","recovery_label":"Recovery watch / review area","tier":"tier2","minZoom":12,"confidence_public":"Watershed-level lineage context; expert review recommended","geometry_status_public":"Named natural stream occurrence from statewide hydrography","geometry_source_public":"Grouped public hydrography segments","trout_source_public":"Compiled public recovery and lineage context; expert review recommended","public_notes":"Corral Creek is shown as a named-water occurrence within watershed-level cutthroat lineage context. This is not a precise biological boundary."}},{"type":"Feature","geometry":{"type":"LineString","coordinates":[[-106.2006,40.1368],[-106.2009,40.1364]]},"properties":{"source_id":"co_named_stream_078043","name":"Corral Creek","display_name":"Corral Creek","mapped_name":"Corral Creek","source_name":"Corral Creek","state":"CO","atlas_class":"named_natural_stream","huc8":"14010001","huc8Name":"Colorado Headwaters","huc8States":"CO","lineageKey":"coloradoRiver","lineage":"coloradoRiver","historic":"coloradoRiver","current":"coloradoRiver","recovery":"recoveryWatch","lineageLabel":"Colorado River green lineage","lineageBasin":"Colorado Headwaters","lineageNote":"Upper Colorado green-lineage context","atlas_context":"cutthroat_lineage_context","confidence":"Watershed-level lineage context; expert review recommended","geometryStatus":"Named natural stream segment from statewide hydrography","note":"This named natural stream falls within a HUC8 assigned to a cutthroat lineage context.","source_segment_id":"co_named_stream_078043","water_id":"co_corral_creek_14010001_coloradoRiver_001","occurrence_id":"co_corral_creek_14010001_coloradoRiver_001","occurrence_number":"001","segment_count":49,"disambiguator":"Colorado Headwaters · Colorado River green lineage · occurrence 001","basin":"Colorado Headwaters","atlas_layer":"named_water_occurrence","object_role":"named_water_occurrence","historic_label":"Colorado River green lineage","current_label":"Colorado River green lineage","recovery_label":"Recovery watch / review area","tier":"tier2","minZoom":12,"confidence_public":"Watershed-level lineage context; expert review recommended","geometry_status_public":"Named natural stream occurrence from statewide hydrography","geometry_source_public":"Grouped public hydrography segments","trout_source_public":"Compiled public recovery and lineage context; expert review recommended","public_notes":"Corral Creek is shown as a named-water occurrence within watershed-level cutthroat lineage context. This is not a precise biological boundary."}},{"type":"Feature","geometry":{"type":"LineString","coordinates":[[-106.1994,40.1226],[-106.193,40.115]]},"properties":{"source_id":"co_named_stream_078049","name":"Corral Creek","display_name":"Corral Creek","mapped_name":"Corral Creek","source_name":"Corral Creek","state":"CO","atlas_class":"named_natural_stream","huc8":"14010001","huc8Name":"Colorado Headwaters","huc8States":"CO","lineageKey":"coloradoRiver","lineage":"coloradoRiver","historic":"coloradoRiver","current":"coloradoRiver","recovery":"recoveryWatch","lineageLabel":"Colorado River green lineage","lineageBasin":"Colorado Headwaters","lineageNote":"Upper Colorado green-lineage context","atlas_context":"cutthroat_lineage_context","confidence":"Watershed-level lineage context; expert review recommended","geometryStatus":"Named natural stream segment from statewide hydrography","note":"This named natural stream falls within a HUC8 assigned to a cutthroat lineage context.","source_segment_id":"co_named_stream_078049","water_id":"co_corral_creek_14010001_coloradoRiver_001","occurrence_id":"co_corral_creek_14010001_coloradoRiver_001","occurrence_number":"001","segment_count":49,"disambiguator":"Colorado Headwaters · Colorado River green lineage · occurrence 001","basin":"Colorado Headwaters","atlas_layer":"named_water_occurrence","object_role":"named_water_occurrence","historic_label":"Colorado River green lineage","current_label":"Colorado River green lineage","recovery_label":"Recovery watch / review area","tier":"tier2","minZoom":12,"confidence_public":"Watershed-level lineage context; expert review recommended","geometry_status_public":"Named natural stream occurrence from statewide hydrography","geometry_source_public":"Grouped public hydrography segments","trout_source_public":"Compiled public recovery and lineage context; expert review recommended","public_notes":"Corral Creek is shown as a named-water occurrence within watershed-level cutthroat lineage context. This is not a precise biological boundary."}},{"type":"Feature","geometry":{"type":"LineString","coordinates":[[-106.2021,40.1345],[-106.205,40.1329],[-106.2029,40.1273]]},"properties":{"source_id":"co_named_stream_078050","name":"Corral Creek","display_name":"Corral Creek","mapped_name":"Corral Creek","source_name":"Corral Creek","state":"CO","atlas_class":"named_natural_stream","huc8":"14010001","huc8Name":"Colorado Headwaters","huc8States":"CO","lineageKey":"coloradoRiver","lineage":"coloradoRiver","historic":"coloradoRiver","current":"coloradoRiver","recovery":"recoveryWatch","lineageLabel":"Colorado River green lineage","lineageBasin":"Colorado Headwaters","lineageNote":"Upper Colorado green-lineage context","atlas_context":"cutthroat_lineage_context","confidence":"Watershed-level lineage context; expert review recommended","geometryStatus":"Named natural stream segment from statewide hydrography","note":"This named natural stream falls within a HUC8 assigned to a cutthroat lineage context.","source_segment_id":"co_named_stream_078050","water_id":"co_corral_creek_14010001_coloradoRiver_001","occurrence_id":"co_corral_creek_14010001_coloradoRiver_001","occurrence_number":"001","segment_count":49,"disambiguator":"Colorado Headwaters · Colorado River green lineage · occurrence 001","basin":"Colorado Headwaters","atlas_layer":"named_water_occurrence","object_role":"named_water_occurrence","historic_label":"Colorado River green lineage","current_label":"Colorado River green lineage","recovery_label":"Recovery watch / review area","tier":"tier2","minZoom":12,"confidence_public":"Watershed-level lineage context; expert review recommended","geometry_status_public":"Named natural stream occurrence from statewide hydrography","geometry_source_public":"Grouped public hydrography segments","trout_source_public":"Compiled public recovery and lineage context; expert review recommended","public_notes":"Corral Creek is shown as a named-water occurrence within watershed-level cutthroat lineage context. This is not a precise biological boundary."}},{"type":"Feature","geometry":{"type":"LineString","coordinates":[[-106.2029,40.1273],[-106.2026,40.1268]]},"properties":{"source_id":"co_named_stream_078053","name":"Corral Creek","display_name":"Corral Creek","mapped_name":"Corral Creek","source_name":"Corral Creek","state":"CO","atlas_class":"named_natural_stream","huc8":"14010001","huc8Name":"Colorado Headwaters","huc8States":"CO","lineageKey":"coloradoRiver","lineage":"coloradoRiver","historic":"coloradoRiver","current":"coloradoRiver","recovery":"recoveryWatch","lineageLabel":"Colorado River green lineage","lineageBasin":"Colorado Headwaters","lineageNote":"Upper Colorado green-lineage context","atlas_context":"cutthroat_lineage_context","confidence":"Watershed-level lineage context; expert review recommended","geometryStatus":"Named natural stream segment from statewide hydrography","note":"This named natural stream falls within a HUC8 assigned to a cutthroat lineage context.","source_segment_id":"co_named_stream_078053","water_id":"co_corral_creek_14010001_coloradoRiver_001","occurrence_id":"co_corral_creek_14010001_coloradoRiver_001","occurrence_number":"001","segment_count":49,"disambiguator":"Colorado Headwaters · Colorado River green lineage · occurrence 001","basin":"Colorado Headwaters","atlas_layer":"named_water_occurrence","object_role":"named_water_occurrence","historic_label":"Colorado River green lineage","current_label":"Colorado River green lineage","recovery_label":"Recovery watch / review area","tier":"tier2","minZoom":12,"confidence_public":"Watershed-level lineage context; expert review recommended","geometry_status_public":"Named natural stream occurrence from statewide hydrography","geometry_source_public":"Grouped public hydrography segments","trout_source_public":"Compiled public recovery and lineage context; expert review recommended","public_notes":"Corral Creek is shown as a named-water occurrence within watershed-level cutthroat lineage context. This is not a precise biological boundary."}},{"type":"Feature","geometry":{"type":"LineString","coordinates":[[-106.2039,40.1478],[-106.2035,40.1453],[-106.2013,40.142]]},"properties":{"source_id":"co_named_stream_078054","name":"Corral Creek","display_name":"Corral Creek","mapped_name":"Corral Creek","source_name":"Corral Creek","state":"CO","atlas_class":"named_natural_stream","huc8":"14010001","huc8Name":"Colorado Headwaters","huc8States":"CO","lineageKey":"coloradoRiver","lineage":"coloradoRiver","historic":"coloradoRiver","current":"coloradoRiver","recovery":"recoveryWatch","lineageLabel":"Colorado River green lineage","lineageBasin":"Colorado Headwaters","lineageNote":"Upper Colorado green-lineage context","atlas_context":"cutthroat_lineage_context","confidence":"Watershed-level lineage context; expert review recommended","geometryStatus":"Named natural stream segment from statewide hydrography","note":"This named natural stream falls within a HUC8 assigned to a cutthroat lineage context.","source_segment_id":"co_named_stream_078054","water_id":"co_corral_creek_14010001_coloradoRiver_001","occurrence_id":"co_corral_creek_14010001_coloradoRiver_001","occurrence_number":"001","segment_count":49,"disambiguator":"Colorado Headwaters · Colorado River green lineage · occurrence 001","basin":"Colorado Headwaters","atlas_layer":"named_water_occurrence","object_role":"named_water_occurrence","historic_label":"Colorado River green lineage","current_label":"Colorado River green lineage","recovery_label":"Recovery watch / review area","tier":"tier2","minZoom":12,"confidence_public":"Watershed-level lineage context; expert review recommended","geometry_status_public":"Named natural stream occurrence from statewide hydrography","geometry_source_public":"Grouped public hydrography segments","trout_source_public":"Compiled public recovery and lineage context; expert review recommended","public_notes":"Corral Creek is shown as a named-water occurrence within watershed-level cutthroat lineage context. This is not a precise biological boundary."}},{"type":"Feature","geometry":{"type":"LineString","coordinates":[[-106.1855,40.0991],[-106.1839,40.095]]},"properties":{"source_id":"co_named_stream_078074","name":"Corral Creek","display_name":"Corral Creek","mapped_name":"Corral Creek","source_name":"Corral Creek","state":"CO","atlas_class":"named_natural_stream","huc8":"14010001","huc8Name":"Colorado Headwaters","huc8States":"CO","lineageKey":"coloradoRiver","lineage":"coloradoRiver","historic":"coloradoRiver","current":"coloradoRiver","recovery":"recoveryWatch","lineageLabel":"Colorado River green lineage","lineageBasin":"Colorado Headwaters","lineageNote":"Upper Colorado green-lineage context","atlas_context":"cutthroat_lineage_context","confidence":"Watershed-level lineage context; expert review recommended","geometryStatus":"Named natural stream segment from statewide hydrography","note":"This named natural stream falls within a HUC8 assigned to a cutthroat lineage context.","source_segment_id":"co_named_stream_078074","water_id":"co_corral_creek_14010001_coloradoRiver_001","occurrence_id":"co_corral_creek_14010001_coloradoRiver_001","occurrence_number":"001","segment_count":49,"disambiguator":"Colorado Headwaters · Colorado River green lineage · occurrence 001","basin":"Colorado Headwaters","atlas_layer":"named_water_occurrence","object_role":"named_water_occurrence","historic_label":"Colorado River green lineage","current_label":"Colorado River green lineage","recovery_label":"Recovery watch / review area","tier":"tier2","minZoom":12,"confidence_public":"Watershed-level lineage context; expert review recommended","geometry_status_public":"Named natural stream occurrence from statewide hydrography","geometry_source_public":"Grouped public hydrography segments","trout_source_public":"Compiled public recovery and lineage context; expert review recommended","public_notes":"Corral Creek is shown as a named-water occurrence within watershed-level cutthroat lineage context. This is not a precise biological boundary."}},{"type":"Feature","geometry":{"type":"LineString","coordinates":[[-106.1845,40.0786],[-106.1885,40.0755],[-106.1891,40.0731],[-106.1935,40.0696],[-106.1936,40.0672],[-106.1921,40.0651],[-106.1922,40.0636]]},"properties":{"source_id":"co_named_stream_078076","name":"Corral Creek","display_name":"Corral Creek","mapped_name":"Corral Creek","source_name":"Corral Creek","state":"CO","atlas_class":"named_natural_stream","huc8":"14010001","huc8Name":"Colorado Headwaters","huc8States":"CO","lineageKey":"coloradoRiver","lineage":"coloradoRiver","historic":"coloradoRiver","current":"coloradoRiver","recovery":"recoveryWatch","lineageLabel":"Colorado River green lineage","lineageBasin":"Colorado Headwaters","lineageNote":"Upper Colorado green-lineage context","atlas_context":"cutthroat_lineage_context","confidence":"Watershed-level lineage context; expert review recommended","geometryStatus":"Named natural stream segment from statewide hydrography","note":"This named natural stream falls within a HUC8 assigned to a cutthroat lineage context.","source_segment_id":"co_named_stream_078076","water_id":"co_corral_creek_14010001_coloradoRiver_001","occurrence_id":"co_corral_creek_14010001_coloradoRiver_001","occurrence_number":"001","segment_count":49,"disambiguator":"Colorado Headwaters · Colorado River green lineage · occurrence 001","basin":"Colorado Headwaters","atlas_layer":"named_water_occurrence","object_role":"named_water_occurrence","historic_label":"Colorado River green lineage","current_label":"Colorado River green lineage","recovery_label":"Recovery watch / review area","tier":"tier2","minZoom":12,"confidence_public":"Watershed-level lineage context; expert review recommended","geometry_status_public":"Named natural stream occurrence from statewide hydrography","geometry_source_public":"Grouped public hydrography segments","trout_source_public":"Compiled public recovery and lineage context; expert review recommended","public_notes":"Corral Creek is shown as a named-water occurrence within watershed-level cutthroat lineage context. This is not a precise biological boundary."}},{"type":"Feature","geometry":{"type":"LineString","coordinates":[[-106.1823,40.083],[-106.1829,40.0809]]},"properties":{"source_id":"co_named_stream_078092","name":"Corral Creek","display_name":"Corral Creek","mapped_name":"Corral Creek","source_name":"Corral Creek","state":"CO","atlas_class":"named_natural_stream","huc8":"14010001","huc8Name":"Colorado Headwaters","huc8States":"CO","lineageKey":"coloradoRiver","lineage":"coloradoRiver","historic":"coloradoRiver","current":"coloradoRiver","recovery":"recoveryWatch","lineageLabel":"Colorado River green lineage","lineageBasin":"Colorado Headwaters","lineageNote":"Upper Colorado green-lineage context","atlas_context":"cutthroat_lineage_context","confidence":"Watershed-level lineage context; expert review recommended","geometryStatus":"Named natural stream segment from statewide hydrography","note":"This named natural stream falls within a HUC8 assigned to a cutthroat lineage context.","source_segment_id":"co_named_stream_078092","water_id":"co_corral_creek_14010001_coloradoRiver_001","occurrence_id":"co_corral_creek_14010001_coloradoRiver_001","occurrence_number":"001","segment_count":49,"disambiguator":"Colorado Headwaters · Colorado River green lineage · occurrence 001","basin":"Colorado Headwaters","atlas_layer":"named_water_occurrence","object_role":"named_water_occurrence","historic_label":"Colorado River green lineage","current_label":"Colorado River green lineage","recovery_label":"Recovery watch / review area","tier":"tier2","minZoom":12,"confidence_public":"Watershed-level lineage context; expert review recommended","geometry_status_public":"Named natural stream occurrence from statewide hydrography","geometry_source_public":"Grouped public hydrography segments","trout_source_public":"Compiled public recovery and lineage context; expert review recommended","public_notes":"Corral Creek is shown as a named-water occurrence within watershed-level cutthroat lineage context. This is not a precise biological boundary."}},{"type":"Feature","geometry":{"type":"LineString","coordinates":[[-106.177,40.1717],[-106.1782,40.1717]]},"properties":{"source_id":"co_named_stream_082212","name":"Corral Creek","display_name":"Corral Creek","mapped_name":"Corral Creek","source_name":"Corral Creek","state":"CO","atlas_class":"named_natural_stream","huc8":"14010001","huc8Name":"Colorado Headwaters","huc8States":"CO","lineageKey":"coloradoRiver","lineage":"coloradoRiver","historic":"coloradoRiver","current":"coloradoRiver","recovery":"recoveryWatch","lineageLabel":"Colorado River green lineage","lineageBasin":"Colorado Headwaters","lineageNote":"Upper Colorado green-lineage context","atlas_context":"cutthroat_lineage_context","confidence":"Watershed-level lineage context; expert review recommended","geometryStatus":"Named natural stream segment from statewide hydrography","note":"This named natural stream falls within a HUC8 assigned to a cutthroat lineage context.","source_segment_id":"co_named_stream_082212","water_id":"co_corral_creek_14010001_coloradoRiver_001","occurrence_id":"co_corral_creek_14010001_coloradoRiver_001","occurrence_number":"001","segment_count":49,"disambiguator":"Colorado Headwaters · Colorado River green lineage · occurrence 001","basin":"Colorado Headwaters","atlas_layer":"named_water_occurrence","object_role":"named_water_occurrence","historic_label":"Colorado River green lineage","current_label":"Colorado River green lineage","recovery_label":"Recovery watch / review area","tier":"tier2","minZoom":12,"confidence_public":"Watershed-level lineage context; expert review recommended","geometry_status_public":"Named natural stream occurrence from statewide hydrography","geometry_source_public":"Grouped public hydrography segments","trout_source_public":"Compiled public recovery and lineage context; expert review recommended","public_notes":"Corral Creek is shown as a named-water occurrence within watershed-level cutthroat lineage context. This is not a precise biological boundary."}},{"type":"Feature","geometry":{"type":"LineString","coordinates":[[-106.182,40.1703],[-106.1847,40.169]]},"properties":{"source_id":"co_named_stream_082213","name":"Corral Creek","display_name":"Corral Creek","mapped_name":"Corral Creek","source_name":"Corral Creek","state":"CO","atlas_class":"named_natural_stream","huc8":"14010001","huc8Name":"Colorado Headwaters","huc8States":"CO","lineageKey":"coloradoRiver","lineage":"coloradoRiver","historic":"coloradoRiver","current":"coloradoRiver","recovery":"recoveryWatch","lineageLabel":"Colorado River green lineage","lineageBasin":"Colorado Headwaters","lineageNote":"Upper Colorado green-lineage context","atlas_context":"cutthroat_lineage_context","confidence":"Watershed-level lineage context; expert review recommended","geometryStatus":"Named natural stream segment from statewide hydrography","note":"This named natural stream falls within a HUC8 assigned to a cutthroat lineage context.","source_segment_id":"co_named_stream_082213","water_id":"co_corral_creek_14010001_coloradoRiver_001","occurrence_id":"co_corral_creek_14010001_coloradoRiver_001","occurrence_number":"001","segment_count":49,"disambiguator":"Colorado Headwaters · Colorado River green lineage · occurrence 001","basin":"Colorado Headwaters","atlas_layer":"named_water_occurrence","object_role":"named_water_occurrence","historic_label":"Colorado River green lineage","current_label":"Colorado River green lineage","recovery_label":"Recovery watch / review area","tier":"tier2","minZoom":12,"confidence_public":"Watershed-level lineage context; expert review recommended","geometry_status_public":"Named natural stream occurrence from statewide hydrography","geometry_source_public":"Grouped public hydrography segments","trout_source_public":"Compiled public recovery and lineage context; expert review recommended","public_notes":"Corral Creek is shown as a named-water occurrence within watershed-level cutthroat lineage context. This is not a precise biological boundary."}},{"type":"Feature","geometry":{"type":"LineString","coordinates":[[-106.1815,40.1707],[-106.182,40.1703]]},"properties":{"source_id":"co_named_stream_082214","name":"Corral Creek","display_name":"Corral Creek","mapped_name":"Corral Creek","source_name":"Corral Creek","state":"CO","atlas_class":"named_natural_stream","huc8":"14010001","huc8Name":"Colorado Headwaters","huc8States":"CO","lineageKey":"coloradoRiver","lineage":"coloradoRiver","historic":"coloradoRiver","current":"coloradoRiver","recovery":"recoveryWatch","lineageLabel":"Colorado River green lineage","lineageBasin":"Colorado Headwaters","lineageNote":"Upper Colorado green-lineage context","atlas_context":"cutthroat_lineage_context","confidence":"Watershed-level lineage context; expert review recommended","geometryStatus":"Named natural stream segment from statewide hydrography","note":"This named natural stream falls within a HUC8 assigned to a cutthroat lineage context.","source_segment_id":"co_named_stream_082214","water_id":"co_corral_creek_14010001_coloradoRiver_001","occurrence_id":"co_corral_creek_14010001_coloradoRiver_001","occurrence_number":"001","segment_count":49,"disambiguator":"Colorado Headwaters · Colorado River green lineage · occurrence 001","basin":"Colorado Headwaters","atlas_layer":"named_water_occurrence","object_role":"named_water_occurrence","historic_label":"Colorado River green lineage","current_label":"Colorado River green lineage","recovery_label":"Recovery watch / review area","tier":"tier2","minZoom":12,"confidence_public":"Watershed-level lineage context; expert review recommended","geometry_status_public":"Named natural stream occurrence from statewide hydrography","geometry_source_public":"Grouped public hydrography segments","trout_source_public":"Compiled public recovery and lineage context; expert review recommended","public_notes":"Corral Creek is shown as a named-water occurrence within watershed-level cutthroat lineage context. This is not a precise biological boundary."}},{"type":"Feature","geometry":{"type":"LineString","coordinates":[[-106.1881,40.1671],[-106.1901,40.1662]]},"properties":{"source_id":"co_named_stream_082217","name":"Corral Creek","display_name":"Corral Creek","mapped_name":"Corral Creek","source_name":"Corral Creek","state":"CO","atlas_class":"named_natural_stream","huc8":"14010001","huc8Name":"Colorado Headwaters","huc8States":"CO","lineageKey":"coloradoRiver","lineage":"coloradoRiver","historic":"coloradoRiver","current":"coloradoRiver","recovery":"recoveryWatch","lineageLabel":"Colorado River green lineage","lineageBasin":"Colorado Headwaters","lineageNote":"Upper Colorado green-lineage context","atlas_context":"cutthroat_lineage_context","confidence":"Watershed-level lineage context; expert review recommended","geometryStatus":"Named natural stream segment from statewide hydrography","note":"This named natural stream falls within a HUC8 assigned to a cutthroat lineage context.","source_segment_id":"co_named_stream_082217","water_id":"co_corral_creek_14010001_coloradoRiver_001","occurrence_id":"co_corral_creek_14010001_coloradoRiver_001","occurrence_number":"001","segment_count":49,"disambiguator":"Colorado Headwaters · Colorado River green lineage · occurrence 001","basin":"Colorado Headwaters","atlas_layer":"named_water_occurrence","object_role":"named_water_occurrence","historic_label":"Colorado River green lineage","current_label":"Colorado River green lineage","recovery_label":"Recovery watch / review area","tier":"tier2","minZoom":12,"confidence_public":"Watershed-level lineage context; expert review recommended","geometry_status_public":"Named natural stream occurrence from statewide hydrography","geometry_source_public":"Grouped public hydrography segments","trout_source_public":"Compiled public recovery and lineage context; expert review recommended","public_notes":"Corral Creek is shown as a named-water occurrence within watershed-level cutthroat lineage context. This is not a precise biological boundary."}},{"type":"Feature","geometry":{"type":"LineString","coordinates":[[-106.1782,40.1717],[-106.1815,40.1707]]},"properties":{"source_id":"co_named_stream_082218","name":"Corral Creek","display_name":"Corral Creek","mapped_name":"Corral Creek","source_name":"Corral Creek","state":"CO","atlas_class":"named_natural_stream","huc8":"14010001","huc8Name":"Colorado Headwaters","huc8States":"CO","lineageKey":"coloradoRiver","lineage":"coloradoRiver","historic":"coloradoRiver","current":"coloradoRiver","recovery":"recoveryWatch","lineageLabel":"Colorado River green lineage","lineageBasin":"Colorado Headwaters","lineageNote":"Upper Colorado green-lineage context","atlas_context":"cutthroat_lineage_context","confidence":"Watershed-level lineage context; expert review recommended","geometryStatus":"Named natural stream segment from statewide hydrography","note":"This named natural stream falls within a HUC8 assigned to a cutthroat lineage context.","source_segment_id":"co_named_stream_082218","water_id":"co_corral_creek_14010001_coloradoRiver_001","occurrence_id":"co_corral_creek_14010001_coloradoRiver_001","occurrence_number":"001","segment_count":49,"disambiguator":"Colorado Headwaters · Colorado River green lineage · occurrence 001","basin":"Colorado Headwaters","atlas_layer":"named_water_occurrence","object_role":"named_water_occurrence","historic_label":"Colorado River green lineage","current_label":"Colorado River green lineage","recovery_label":"Recovery watch / review area","tier":"tier2","minZoom":12,"confidence_public":"Watershed-level lineage context; expert review recommended","geometry_status_public":"Named natural stream occurrence from statewide hydrography","geometry_source_public":"Grouped public hydrography segments","trout_source_public":"Compiled public recovery and lineage context; expert review recommended","public_notes":"Corral Creek is shown as a named-water occurrence within watershed-level cutthroat lineage context. This is not a precise biological boundary."}},{"type":"Feature","geometry":{"type":"LineString","coordinates":[[-106.1716,40.1681],[-106.175,40.1694],[-106.177,40.1717]]},"properties":{"source_id":"co_named_stream_082221","name":"Corral Creek","display_name":"Corral Creek","mapped_name":"Corral Creek","source_name":"Corral Creek","state":"CO","atlas_class":"named_natural_stream","huc8":"14010001","huc8Name":"Colorado Headwaters","huc8States":"CO","lineageKey":"coloradoRiver","lineage":"coloradoRiver","historic":"coloradoRiver","current":"coloradoRiver","recovery":"recoveryWatch","lineageLabel":"Colorado River green lineage","lineageBasin":"Colorado Headwaters","lineageNote":"Upper Colorado green-lineage context","atlas_context":"cutthroat_lineage_context","confidence":"Watershed-level lineage context; expert review recommended","geometryStatus":"Named natural stream segment from statewide hydrography","note":"This named natural stream falls within a HUC8 assigned to a cutthroat lineage context.","source_segment_id":"co_named_stream_082221","water_id":"co_corral_creek_14010001_coloradoRiver_001","occurrence_id":"co_corral_creek_14010001_coloradoRiver_001","occurrence_number":"001","segment_count":49,"disambiguator":"Colorado Headwaters · Colorado River green lineage · occurrence 001","basin":"Colorado Headwaters","atlas_layer":"named_water_occurrence","object_role":"named_water_occurrence","historic_label":"Colorado River green lineage","current_label":"Colorado River green lineage","recovery_label":"Recovery watch / review area","tier":"tier2","minZoom":12,"confidence_public":"Watershed-level lineage context; expert review recommended","geometry_status_public":"Named natural stream occurrence from statewide hydrography","geometry_source_public":"Grouped public hydrography segments","trout_source_public":"Compiled public recovery and lineage context; expert review recommended","public_notes":"Corral Creek is shown as a named-water occurrence within watershed-level cutthroat lineage context. This is not a precise biological boundary."}},{"type":"Feature","geometry":{"type":"LineString","coordinates":[[-106.1611,40.1757],[-106.1637,40.1717]]},"properties":{"source_id":"co_named_stream_082222","name":"Corral Creek","display_name":"Corral Creek","mapped_name":"Corral Creek","source_name":"Corral Creek","state":"CO","atlas_class":"named_natural_stream","huc8":"14010001","huc8Name":"Colorado Headwaters","huc8States":"CO","lineageKey":"coloradoRiver","lineage":"coloradoRiver","historic":"coloradoRiver","current":"coloradoRiver","recovery":"recoveryWatch","lineageLabel":"Colorado River green lineage","lineageBasin":"Colorado Headwaters","lineageNote":"Upper Colorado green-lineage context","atlas_context":"cutthroat_lineage_context","confidence":"Watershed-level lineage context; expert review recommended","geometryStatus":"Named natural stream segment from statewide hydrography","note":"This named natural stream falls within a HUC8 assigned to a cutthroat lineage context.","source_segment_id":"co_named_stream_082222","water_id":"co_corral_creek_14010001_coloradoRiver_001","occurrence_id":"co_corral_creek_14010001_coloradoRiver_001","occurrence_number":"001","segment_count":49,"disambiguator":"Colorado Headwaters · Colorado River green lineage · occurrence 001","basin":"Colorado Headwaters","atlas_layer":"named_water_occurrence","object_role":"named_water_occurrence","historic_label":"Colorado River green lineage","current_label":"Colorado River green lineage","recovery_label":"Recovery watch / review area","tier":"tier2","minZoom":12,"confidence_public":"Watershed-level lineage context; expert review recommended","geometry_status_public":"Named natural stream occurrence from statewide hydrography","geometry_source_public":"Grouped public hydrography segments","trout_source_public":"Compiled public recovery and lineage context; expert review recommended","public_notes":"Corral Creek is shown as a named-water occurrence within watershed-level cutthroat lineage context. This is not a precise biological boundary."}},{"type":"Feature","geometry":{"type":"LineString","coordinates":[[-106.1685,40.1674],[-106.1699,40.1673]]},"properties":{"source_id":"co_named_stream_082226","name":"Corral Creek","display_name":"Corral Creek","mapped_name":"Corral Creek","source_name":"Corral Creek","state":"CO","atlas_class":"named_natural_stream","huc8":"14010001","huc8Name":"Colorado Headwaters","huc8States":"CO","lineageKey":"coloradoRiver","lineage":"coloradoRiver","historic":"coloradoRiver","current":"coloradoRiver","recovery":"recoveryWatch","lineageLabel":"Colorado River green lineage","lineageBasin":"Colorado Headwaters","lineageNote":"Upper Colorado green-lineage context","atlas_context":"cutthroat_lineage_context","confidence":"Watershed-level lineage context; expert review recommended","geometryStatus":"Named natural stream segment from statewide hydrography","note":"This named natural stream falls within a HUC8 assigned to a cutthroat lineage context.","source_segment_id":"co_named_stream_082226","water_id":"co_corral_creek_14010001_coloradoRiver_001","occurrence_id":"co_corral_creek_14010001_coloradoRiver_001","occurrence_number":"001","segment_count":49,"disambiguator":"Colorado Headwaters · Colorado River green lineage · occurrence 001","basin":"Colorado Headwaters","atlas_layer":"named_water_occurrence","object_role":"named_water_occurrence","historic_label":"Colorado River green lineage","current_label":"Colorado River green lineage","recovery_label":"Recovery watch / review area","tier":"tier2","minZoom":12,"confidence_public":"Watershed-level lineage context; expert review recommended","geometry_status_public":"Named natural stream occurrence from statewide hydrography","geometry_source_public":"Grouped public hydrography segments","trout_source_public":"Compiled public recovery and lineage context; expert review recommended","public_notes":"Corral Creek is shown as a named-water occurrence within watershed-level cutthroat lineage context. This is not a precise biological boundary."}},{"type":"Feature","geometry":{"type":"LineString","coordinates":[[-106.1517,40.1826],[-106.1518,40.1825]]},"properties":{"source_id":"co_named_stream_082227","name":"Corral Creek","display_name":"Corral Creek","mapped_name":"Corral Creek","source_name":"Corral Creek","state":"CO","atlas_class":"named_natural_stream","huc8":"14010001","huc8Name":"Colorado Headwaters","huc8States":"CO","lineageKey":"coloradoRiver","lineage":"coloradoRiver","historic":"coloradoRiver","current":"coloradoRiver","recovery":"recoveryWatch","lineageLabel":"Colorado River green lineage","lineageBasin":"Colorado Headwaters","lineageNote":"Upper Colorado green-lineage context","atlas_context":"cutthroat_lineage_context","confidence":"Watershed-level lineage context; expert review recommended","geometryStatus":"Named natural stream segment from statewide hydrography","note":"This named natural stream falls within a HUC8 assigned to a cutthroat lineage context.","source_segment_id":"co_named_stream_082227","water_id":"co_corral_creek_14010001_coloradoRiver_001","occurrence_id":"co_corral_creek_14010001_coloradoRiver_001","occurrence_number":"001","segment_count":49,"disambiguator":"Colorado Headwaters · Colorado River green lineage · occurrence 001","basin":"Colorado Headwaters","atlas_layer":"named_water_occurrence","object_role":"named_water_occurrence","historic_label":"Colorado River green lineage","current_label":"Colorado River green lineage","recovery_label":"Recovery watch / review area","tier":"tier2","minZoom":12,"confidence_public":"Watershed-level lineage context; expert review recommended","geometry_status_public":"Named natural stream occurrence from statewide hydrography","geometry_source_public":"Grouped public hydrography segments","trout_source_public":"Compiled public recovery and lineage context; expert review recommended","public_notes":"Corral Creek is shown as a named-water occurrence within watershed-level cutthroat lineage context. This is not a precise biological boundary."}},{"type":"Feature","geometry":{"type":"LineString","coordinates":[[-106.1518,40.1825],[-106.1528,40.1803]]},"properties":{"source_id":"co_named_stream_082228","name":"Corral Creek","display_name":"Corral Creek","mapped_name":"Corral Creek","source_name":"Corral Creek","state":"CO","atlas_class":"named_natural_stream","huc8":"14010001","huc8Name":"Colorado Headwaters","huc8States":"CO","lineageKey":"coloradoRiver","lineage":"coloradoRiver","historic":"coloradoRiver","current":"coloradoRiver","recovery":"recoveryWatch","lineageLabel":"Colorado River green lineage","lineageBasin":"Colorado Headwaters","lineageNote":"Upper Colorado green-lineage context","atlas_context":"cutthroat_lineage_context","confidence":"Watershed-level lineage context; expert review recommended","geometryStatus":"Named natural stream segment from statewide hydrography","note":"This named natural stream falls within a HUC8 assigned to a cutthroat lineage context.","source_segment_id":"co_named_stream_082228","water_id":"co_corral_creek_14010001_coloradoRiver_001","occurrence_id":"co_corral_creek_14010001_coloradoRiver_001","occurrence_number":"001","segment_count":49,"disambiguator":"Colorado Headwaters · Colorado River green lineage · occurrence 001","basin":"Colorado Headwaters","atlas_layer":"named_water_occurrence","object_role":"named_water_occurrence","historic_label":"Colorado River green lineage","current_label":"Colorado River green lineage","recovery_label":"Recovery watch / review area","tier":"tier2","minZoom":12,"confidence_public":"Watershed-level lineage context; expert review recommended","geometry_status_public":"Named natural stream occurrence from statewide hydrography","geometry_source_public":"Grouped public hydrography segments","trout_source_public":"Compiled public recovery and lineage context; expert review recommended","public_notes":"Corral Creek is shown as a named-water occurrence within watershed-level cutthroat lineage context. This is not a precise biological boundary."}},{"type":"Feature","geometry":{"type":"LineString","coordinates":[[-106.1699,40.1673],[-106.1716,40.1681]]},"properties":{"source_id":"co_named_stream_082230","name":"Corral Creek","display_name":"Corral Creek","mapped_name":"Corral Creek","source_name":"Corral Creek","state":"CO","atlas_class":"named_natural_stream","huc8":"14010001","huc8Name":"Colorado Headwaters","huc8States":"CO","lineageKey":"coloradoRiver","lineage":"coloradoRiver","historic":"coloradoRiver","current":"coloradoRiver","recovery":"recoveryWatch","lineageLabel":"Colorado River green lineage","lineageBasin":"Colorado Headwaters","lineageNote":"Upper Colorado green-lineage context","atlas_context":"cutthroat_lineage_context","confidence":"Watershed-level lineage context; expert review recommended","geometryStatus":"Named natural stream segment from statewide hydrography","note":"This named natural stream falls within a HUC8 assigned to a cutthroat lineage context.","source_segment_id":"co_named_stream_082230","water_id":"co_corral_creek_14010001_coloradoRiver_001","occurrence_id":"co_corral_creek_14010001_coloradoRiver_001","occurrence_number":"001","segment_count":49,"disambiguator":"Colorado Headwaters · Colorado River green lineage · occurrence 001","basin":"Colorado Headwaters","atlas_layer":"named_water_occurrence","object_role":"named_water_occurrence","historic_label":"Colorado River green lineage","current_label":"Colorado River green lineage","recovery_label":"Recovery watch / review area","tier":"tier2","minZoom":12,"confidence_public":"Watershed-level lineage context; expert review recommended","geometry_status_public":"Named natural stream occurrence from statewide hydrography","geometry_source_public":"Grouped public hydrography segments","trout_source_public":"Compiled public recovery and lineage context; expert review recommended","public_notes":"Corral Creek is shown as a named-water occurrence within watershed-level cutthroat lineage context. This is not a precise biological boundary."}},{"type":"Feature","geometry":{"type":"LineString","coordinates":[[-106.1839,40.095],[-106.1841,40.0944]]},"properties":{"source_id":"co_named_stream_083336","name":"Corral Creek","display_name":"Corral Creek","mapped_name":"Corral Creek","source_name":"Corral Creek","state":"CO","atlas_class":"named_natural_stream","huc8":"14010001","huc8Name":"Colorado Headwaters","huc8States":"CO","lineageKey":"coloradoRiver","lineage":"coloradoRiver","historic":"coloradoRiver","current":"coloradoRiver","recovery":"recoveryWatch","lineageLabel":"Colorado River green lineage","lineageBasin":"Colorado Headwaters","lineageNote":"Upper Colorado green-lineage context","atlas_context":"cutthroat_lineage_context","confidence":"Watershed-level lineage context; expert review recommended","geometryStatus":"Named natural stream segment from statewide hydrography","note":"This named natural stream falls within a HUC8 assigned to a cutthroat lineage context.","source_segment_id":"co_named_stream_083336","water_id":"co_corral_creek_14010001_coloradoRiver_001","occurrence_id":"co_corral_creek_14010001_coloradoRiver_001","occurrence_number":"001","segment_count":49,"disambiguator":"Colorado Headwaters · Colorado River green lineage · occurrence 001","basin":"Colorado Headwaters","atlas_layer":"named_water_occurrence","object_role":"named_water_occurrence","historic_label":"Colorado River green lineage","current_label":"Colorado River green lineage","recovery_label":"Recovery watch / review area","tier":"tier2","minZoom":12,"confidence_public":"Watershed-level lineage context; expert review recommended","geometry_status_public":"Named natural stream occurrence from statewide hydrography","geometry_source_public":"Grouped public hydrography segments","trout_source_public":"Compiled public recovery and lineage context; expert review recommended","public_notes":"Corral Creek is shown as a named-water occurrence within watershed-level cutthroat lineage context. This is not a precise biological boundary."}},{"type":"Feature","geometry":{"type":"LineString","coordinates":[[-106.2024,40.1263],[-106.1994,40.1226]]},"properties":{"source_id":"co_named_stream_083339","name":"Corral Creek","display_name":"Corral Creek","mapped_name":"Corral Creek","source_name":"Corral Creek","state":"CO","atlas_class":"named_natural_stream","huc8":"14010001","huc8Name":"Colorado Headwaters","huc8States":"CO","lineageKey":"coloradoRiver","lineage":"coloradoRiver","historic":"coloradoRiver","current":"coloradoRiver","recovery":"recoveryWatch","lineageLabel":"Colorado River green lineage","lineageBasin":"Colorado Headwaters","lineageNote":"Upper Colorado green-lineage context","atlas_context":"cutthroat_lineage_context","confidence":"Watershed-level lineage context; expert review recommended","geometryStatus":"Named natural stream segment from statewide hydrography","note":"This named natural stream falls within a HUC8 assigned to a cutthroat lineage context.","source_segment_id":"co_named_stream_083339","water_id":"co_corral_creek_14010001_coloradoRiver_001","occurrence_id":"co_corral_creek_14010001_coloradoRiver_001","occurrence_number":"001","segment_count":49,"disambiguator":"Colorado Headwaters · Colorado River green lineage · occurrence 001","basin":"Colorado Headwaters","atlas_layer":"named_water_occurrence","object_role":"named_water_occurrence","historic_label":"Colorado River green lineage","current_label":"Colorado River green lineage","recovery_label":"Recovery watch / review area","tier":"tier2","minZoom":12,"confidence_public":"Watershed-level lineage context; expert review recommended","geometry_status_public":"Named natural stream occurrence from statewide hydrography","geometry_source_public":"Grouped public hydrography segments","trout_source_public":"Compiled public recovery and lineage context; expert review recommended","public_notes":"Corral Creek is shown as a named-water occurrence within watershed-level cutthroat lineage context. This is not a precise biological boundary."}},{"type":"Feature","geometry":{"type":"LineString","coordinates":[[-106.1872,40.1009],[-106.1855,40.0991]]},"properties":{"source_id":"co_named_stream_083340","name":"Corral Creek","display_name":"Corral Creek","mapped_name":"Corral Creek","source_name":"Corral Creek","state":"CO","atlas_class":"named_natural_stream","huc8":"14010001","huc8Name":"Colorado Headwaters","huc8States":"CO","lineageKey":"coloradoRiver","lineage":"coloradoRiver","historic":"coloradoRiver","current":"coloradoRiver","recovery":"recoveryWatch","lineageLabel":"Colorado River green lineage","lineageBasin":"Colorado Headwaters","lineageNote":"Upper Colorado green-lineage context","atlas_context":"cutthroat_lineage_context","confidence":"Watershed-level lineage context; expert review recommended","geometryStatus":"Named natural stream segment from statewide hydrography","note":"This named natural stream falls within a HUC8 assigned to a cutthroat lineage context.","source_segment_id":"co_named_stream_083340","water_id":"co_corral_creek_14010001_coloradoRiver_001","occurrence_id":"co_corral_creek_14010001_coloradoRiver_001","occurrence_number":"001","segment_count":49,"disambiguator":"Colorado Headwaters · Colorado River green lineage · occurrence 001","basin":"Colorado Headwaters","atlas_layer":"named_water_occurrence","object_role":"named_water_occurrence","historic_label":"Colorado River green lineage","current_label":"Colorado River green lineage","recovery_label":"Recovery watch / review area","tier":"tier2","minZoom":12,"confidence_public":"Watershed-level lineage context; expert review recommended","geometry_status_public":"Named natural stream occurrence from statewide hydrography","geometry_source_public":"Grouped public hydrography segments","trout_source_public":"Compiled public recovery and lineage context; expert review recommended","public_notes":"Corral Creek is shown as a named-water occurrence within watershed-level cutthroat lineage context. This is not a precise biological boundary."}},{"type":"Feature","geometry":{"type":"LineString","coordinates":[[-106.1829,40.0809],[-106.1845,40.0786]]},"properties":{"source_id":"co_named_stream_083342","name":"Corral Creek","display_name":"Corral Creek","mapped_name":"Corral Creek","source_name":"Corral Creek","state":"CO","atlas_class":"named_natural_stream","huc8":"14010001","huc8Name":"Colorado Headwaters","huc8States":"CO","lineageKey":"coloradoRiver","lineage":"coloradoRiver","historic":"coloradoRiver","current":"coloradoRiver","recovery":"recoveryWatch","lineageLabel":"Colorado River green lineage","lineageBasin":"Colorado Headwaters","lineageNote":"Upper Colorado green-lineage context","atlas_context":"cutthroat_lineage_context","confidence":"Watershed-level lineage context; expert review recommended","geometryStatus":"Named natural stream segment from statewide hydrography","note":"This named natural stream falls within a HUC8 assigned to a cutthroat lineage context.","source_segment_id":"co_named_stream_083342","water_id":"co_corral_creek_14010001_coloradoRiver_001","occurrence_id":"co_corral_creek_14010001_coloradoRiver_001","occurrence_number":"001","segment_count":49,"disambiguator":"Colorado Headwaters · Colorado River green lineage · occurrence 001","basin":"Colorado Headwaters","atlas_layer":"named_water_occurrence","object_role":"named_water_occurrence","historic_label":"Colorado River green lineage","current_label":"Colorado River green lineage","recovery_label":"Recovery watch / review area","tier":"tier2","minZoom":12,"confidence_public":"Watershed-level lineage context; expert review recommended","geometry_status_public":"Named natural stream occurrence from statewide hydrography","geometry_source_public":"Grouped public hydrography segments","trout_source_public":"Compiled public recovery and lineage context; expert review recommended","public_notes":"Corral Creek is shown as a named-water occurrence within watershed-level cutthroat lineage context. This is not a precise biological boundary."}},{"type":"Feature","geometry":{"type":"LineString","coordinates":[[-106.1846,40.0925],[-106.1839,40.0893],[-106.1821,40.0878],[-106.182,40.086],[-106.1831,40.0846],[-106.1823,40.083]]},"properties":{"source_id":"co_named_stream_083350","name":"Corral Creek","display_name":"Corral Creek","mapped_name":"Corral Creek","source_name":"Corral Creek","state":"CO","atlas_class":"named_natural_stream","huc8":"14010001","huc8Name":"Colorado Headwaters","huc8States":"CO","lineageKey":"coloradoRiver","lineage":"coloradoRiver","historic":"coloradoRiver","current":"coloradoRiver","recovery":"recoveryWatch","lineageLabel":"Colorado River green lineage","lineageBasin":"Colorado Headwaters","lineageNote":"Upper Colorado green-lineage context","atlas_context":"cutthroat_lineage_context","confidence":"Watershed-level lineage context; expert review recommended","geometryStatus":"Named natural stream segment from statewide hydrography","note":"This named natural stream falls within a HUC8 assigned to a cutthroat lineage context.","source_segment_id":"co_named_stream_083350","water_id":"co_corral_creek_14010001_coloradoRiver_001","occurrence_id":"co_corral_creek_14010001_coloradoRiver_001","occurrence_number":"001","segment_count":49,"disambiguator":"Colorado Headwaters · Colorado River green lineage · occurrence 001","basin":"Colorado Headwaters","atlas_layer":"named_water_occurrence","object_role":"named_water_occurrence","historic_label":"Colorado River green lineage","current_label":"Colorado River green lineage","recovery_label":"Recovery watch / review area","tier":"tier2","minZoom":12,"confidence_public":"Watershed-level lineage context; expert review recommended","geometry_status_public":"Named natural stream occurrence from statewide hydrography","geometry_source_public":"Grouped public hydrography segments","trout_source_public":"Compiled public recovery and lineage context; expert review recommended","public_notes":"Corral Creek is shown as a named-water occurrence within watershed-level cutthroat lineage context. This is not a precise biological boundary."}},{"type":"Feature","geometry":{"type":"LineString","coordinates":[[-106.2027,40.1507],[-106.2039,40.1478]]},"properties":{"source_id":"co_named_stream_084636","name":"Corral Creek","display_name":"Corral Creek","mapped_name":"Corral Creek","source_name":"Corral Creek","state":"CO","atlas_class":"named_natural_stream","huc8":"14010001","huc8Name":"Colorado Headwaters","huc8States":"CO","lineageKey":"coloradoRiver","lineage":"coloradoRiver","historic":"coloradoRiver","current":"coloradoRiver","recovery":"recoveryWatch","lineageLabel":"Colorado River green lineage","lineageBasin":"Colorado Headwaters","lineageNote":"Upper Colorado green-lineage context","atlas_context":"cutthroat_lineage_context","confidence":"Watershed-level lineage context; expert review recommended","geometryStatus":"Named natural stream segment from statewide hydrography","note":"This named natural stream falls within a HUC8 assigned to a cutthroat lineage context.","source_segment_id":"co_named_stream_084636","water_id":"co_corral_creek_14010001_coloradoRiver_001","occurrence_id":"co_corral_creek_14010001_coloradoRiver_001","occurrence_number":"001","segment_count":49,"disambiguator":"Colorado Headwaters · Colorado River green lineage · occurrence 001","basin":"Colorado Headwaters","atlas_layer":"named_water_occurrence","object_role":"named_water_occurrence","historic_label":"Colorado River green lineage","current_label":"Colorado River green lineage","recovery_label":"Recovery watch / review area","tier":"tier2","minZoom":12,"confidence_public":"Watershed-level lineage context; expert review recommended","geometry_status_public":"Named natural stream occurrence from statewide hydrography","geometry_source_public":"Grouped public hydrography segments","trout_source_public":"Compiled public recovery and lineage context; expert review recommended","public_notes":"Corral Creek is shown as a named-water occurrence within watershed-level cutthroat lineage context. This is not a precise biological boundary."}},{"type":"Feature","geometry":{"type":"LineString","coordinates":[[-106.2014,40.1526],[-106.2019,40.1519]]},"properties":{"source_id":"co_named_stream_084637","name":"Corral Creek","display_name":"Corral Creek","mapped_name":"Corral Creek","source_name":"Corral Creek","state":"CO","atlas_class":"named_natural_stream","huc8":"14010001","huc8Name":"Colorado Headwaters","huc8States":"CO","lineageKey":"coloradoRiver","lineage":"coloradoRiver","historic":"coloradoRiver","current":"coloradoRiver","recovery":"recoveryWatch","lineageLabel":"Colorado River green lineage","lineageBasin":"Colorado Headwaters","lineageNote":"Upper Colorado green-lineage context","atlas_context":"cutthroat_lineage_context","confidence":"Watershed-level lineage context; expert review recommended","geometryStatus":"Named natural stream segment from statewide hydrography","note":"This named natural stream falls within a HUC8 assigned to a cutthroat lineage context.","source_segment_id":"co_named_stream_084637","water_id":"co_corral_creek_14010001_coloradoRiver_001","occurrence_id":"co_corral_creek_14010001_coloradoRiver_001","occurrence_number":"001","segment_count":49,"disambiguator":"Colorado Headwaters · Colorado River green lineage · occurrence 001","basin":"Colorado Headwaters","atlas_layer":"named_water_occurrence","object_role":"named_water_occurrence","historic_label":"Colorado River green lineage","current_label":"Colorado River green lineage","recovery_label":"Recovery watch / review area","tier":"tier2","minZoom":12,"confidence_public":"Watershed-level lineage context; expert review recommended","geometry_status_public":"Named natural stream occurrence from statewide hydrography","geometry_source_public":"Grouped public hydrography segments","trout_source_public":"Compiled public recovery and lineage context; expert review recommended","public_notes":"Corral Creek is shown as a named-water occurrence within watershed-level cutthroat lineage context. This is not a precise biological boundary."}},{"type":"Feature","geometry":{"type":"LineString","coordinates":[[-106.1901,40.1662],[-106.191,40.1654]]},"properties":{"source_id":"co_named_stream_084638","name":"Corral Creek","display_name":"Corral Creek","mapped_name":"Corral Creek","source_name":"Corral Creek","state":"CO","atlas_class":"named_natural_stream","huc8":"14010001","huc8Name":"Colorado Headwaters","huc8States":"CO","lineageKey":"coloradoRiver","lineage":"coloradoRiver","historic":"coloradoRiver","current":"coloradoRiver","recovery":"recoveryWatch","lineageLabel":"Colorado River green lineage","lineageBasin":"Colorado Headwaters","lineageNote":"Upper Colorado green-lineage context","atlas_context":"cutthroat_lineage_context","confidence":"Watershed-level lineage context; expert review recommended","geometryStatus":"Named natural stream segment from statewide hydrography","note":"This named natural stream falls within a HUC8 assigned to a cutthroat lineage context.","source_segment_id":"co_named_stream_084638","water_id":"co_corral_creek_14010001_coloradoRiver_001","occurrence_id":"co_corral_creek_14010001_coloradoRiver_001","occurrence_number":"001","segment_count":49,"disambiguator":"Colorado Headwaters · Colorado River green lineage · occurrence 001","basin":"Colorado Headwaters","atlas_layer":"named_water_occurrence","object_role":"named_water_occurrence","historic_label":"Colorado River green lineage","current_label":"Colorado River green lineage","recovery_label":"Recovery watch / review area","tier":"tier2","minZoom":12,"confidence_public":"Watershed-level lineage context; expert review recommended","geometry_status_public":"Named natural stream occurrence from statewide hydrography","geometry_source_public":"Grouped public hydrography segments","trout_source_public":"Compiled public recovery and lineage context; expert review recommended","public_notes":"Corral Creek is shown as a named-water occurrence within watershed-level cutthroat lineage context. This is not a precise biological boundary."}},{"type":"Feature","geometry":{"type":"LineString","coordinates":[[-106.1935,40.1639],[-106.1956,40.1629],[-106.1967,40.1612]]},"properties":{"source_id":"co_named_stream_084644","name":"Corral Creek","display_name":"Corral Creek","mapped_name":"Corral Creek","source_name":"Corral Creek","state":"CO","atlas_class":"named_natural_stream","huc8":"14010001","huc8Name":"Colorado Headwaters","huc8States":"CO","lineageKey":"coloradoRiver","lineage":"coloradoRiver","historic":"coloradoRiver","current":"coloradoRiver","recovery":"recoveryWatch","lineageLabel":"Colorado River green lineage","lineageBasin":"Colorado Headwaters","lineageNote":"Upper Colorado green-lineage context","atlas_context":"cutthroat_lineage_context","confidence":"Watershed-level lineage context; expert review recommended","geometryStatus":"Named natural stream segment from statewide hydrography","note":"This named natural stream falls within a HUC8 assigned to a cutthroat lineage context.","source_segment_id":"co_named_stream_084644","water_id":"co_corral_creek_14010001_coloradoRiver_001","occurrence_id":"co_corral_creek_14010001_coloradoRiver_001","occurrence_number":"001","segment_count":49,"disambiguator":"Colorado Headwaters · Colorado River green lineage · occurrence 001","basin":"Colorado Headwaters","atlas_layer":"named_water_occurrence","object_role":"named_water_occurrence","historic_label":"Colorado River green lineage","current_label":"Colorado River green lineage","recovery_label":"Recovery watch / review area","tier":"tier2","minZoom":12,"confidence_public":"Watershed-level lineage context; expert review recommended","geometry_status_public":"Named natural stream occurrence from statewide hydrography","geometry_source_public":"Grouped public hydrography segments","trout_source_public":"Compiled public recovery and lineage context; expert review recommended","public_notes":"Corral Creek is shown as a named-water occurrence within watershed-level cutthroat lineage context. This is not a precise biological boundary."}},{"type":"Feature","geometry":{"type":"LineString","coordinates":[[-106.2019,40.1519],[-106.2027,40.1507]]},"properties":{"source_id":"co_named_stream_084645","name":"Corral Creek","display_name":"Corral Creek","mapped_name":"Corral Creek","source_name":"Corral Creek","state":"CO","atlas_class":"named_natural_stream","huc8":"14010001","huc8Name":"Colorado Headwaters","huc8States":"CO","lineageKey":"coloradoRiver","lineage":"coloradoRiver","historic":"coloradoRiver","current":"coloradoRiver","recovery":"recoveryWatch","lineageLabel":"Colorado River green lineage","lineageBasin":"Colorado Headwaters","lineageNote":"Upper Colorado green-lineage context","atlas_context":"cutthroat_lineage_context","confidence":"Watershed-level lineage context; expert review recommended","geometryStatus":"Named natural stream segment from statewide hydrography","note":"This named natural stream falls within a HUC8 assigned to a cutthroat lineage context.","source_segment_id":"co_named_stream_084645","water_id":"co_corral_creek_14010001_coloradoRiver_001","occurrence_id":"co_corral_creek_14010001_coloradoRiver_001","occurrence_number":"001","segment_count":49,"disambiguator":"Colorado Headwaters · Colorado River green lineage · occurrence 001","basin":"Colorado Headwaters","atlas_layer":"named_water_occurrence","object_role":"named_water_occurrence","historic_label":"Colorado River green lineage","current_label":"Colorado River green lineage","recovery_label":"Recovery watch / review area","tier":"tier2","minZoom":12,"confidence_public":"Watershed-level lineage context; expert review recommended","geometry_status_public":"Named natural stream occurrence from statewide hydrography","geometry_source_public":"Grouped public hydrography segments","trout_source_public":"Compiled public recovery and lineage context; expert review recommended","public_notes":"Corral Creek is shown as a named-water occurrence within watershed-level cutthroat lineage context. This is not a precise biological boundary."}},{"type":"Feature","geometry":{"type":"LineString","coordinates":[[-106.1245,40.2008],[-106.1218,40.2]]},"properties":{"source_id":"co_named_stream_067311","name":"North Fork Cabin Creek","display_name":"North Fork Cabin Creek","mapped_name":"North Fork Cabin Creek","source_name":"North Fork Cabin Creek","state":"CO","atlas_class":"named_natural_stream","huc8":"14010001","huc8Name":"Colorado Headwaters","huc8States":"CO","lineageKey":"coloradoRiver","lineage":"coloradoRiver","historic":"coloradoRiver","current":"coloradoRiver","recovery":"recoveryWatch","lineageLabel":"Colorado River green lineage","lineageBasin":"Colorado Headwaters","lineageNote":"Upper Colorado green-lineage context","atlas_context":"cutthroat_lineage_context","confidence":"Watershed-level lineage context; expert review recommended","geometryStatus":"Named natural stream segment from statewide hydrography","note":"This named natural stream falls within a HUC8 assigned to a cutthroat lineage context.","source_segment_id":"co_named_stream_067311","water_id":"co_north_fork_cabin_creek_14010001_coloradoRiver_001","occurrence_id":"co_north_fork_cabin_creek_14010001_coloradoRiver_001","occurrence_number":"001","segment_count":21,"disambiguator":"Colorado Headwaters · Colorado River green lineage · occurrence 001","basin":"Colorado Headwaters","atlas_layer":"named_water_occurrence","object_role":"named_water_occurrence","historic_label":"Colorado River green lineage","current_label":"Colorado River green lineage","recovery_label":"Recovery watch / review area","tier":"tier2","minZoom":12,"confidence_public":"Watershed-level lineage context; expert review recommended","geometry_status_public":"Named natural stream occurrence from statewide hydrography","geometry_source_public":"Grouped public hydrography segments","trout_source_public":"Compiled public recovery and lineage context; expert review recommended","public_notes":"North Fork Cabin Creek is shown as a named-water occurrence within watershed-level cutthroat lineage context. This is not a precise biological boundary."}},{"type":"Feature","geometry":{"type":"LineString","coordinates":[[-106.1079,40.2005],[-106.1053,40.2019]]},"properties":{"source_id":"co_named_stream_067313","name":"North Fork Cabin Creek","display_name":"North Fork Cabin Creek","mapped_name":"North Fork Cabin Creek","source_name":"North Fork Cabin Creek","state":"CO","atlas_class":"named_natural_stream","huc8":"14010001","huc8Name":"Colorado Headwaters","huc8States":"CO","lineageKey":"coloradoRiver","lineage":"coloradoRiver","historic":"coloradoRiver","current":"coloradoRiver","recovery":"recoveryWatch","lineageLabel":"Colorado River green lineage","lineageBasin":"Colorado Headwaters","lineageNote":"Upper Colorado green-lineage context","atlas_context":"cutthroat_lineage_context","confidence":"Watershed-level lineage context; expert review recommended","geometryStatus":"Named natural stream segment from statewide hydrography","note":"This named natural stream falls within a HUC8 assigned to a cutthroat lineage context.","source_segment_id":"co_named_stream_067313","water_id":"co_north_fork_cabin_creek_14010001_coloradoRiver_001","occurrence_id":"co_north_fork_cabin_creek_14010001_coloradoRiver_001","occurrence_number":"001","segment_count":21,"disambiguator":"Colorado Headwaters · Colorado River green lineage · occurrence 001","basin":"Colorado Headwaters","atlas_layer":"named_water_occurrence","object_role":"named_water_occurrence","historic_label":"Colorado River green lineage","current_label":"Colorado River green lineage","recovery_label":"Recovery watch / review area","tier":"tier2","minZoom":12,"confidence_public":"Watershed-level lineage context; expert review recommended","geometry_status_public":"Named natural stream occurrence from statewide hydrography","geometry_source_public":"Grouped public hydrography segments","trout_source_public":"Compiled public recovery and lineage context; expert review recommended","public_notes":"North Fork Cabin Creek is shown as a named-water occurrence within watershed-level cutthroat lineage context. This is not a precise biological boundary."}},{"type":"Feature","geometry":{"type":"LineString","coordinates":[[-106.1199,40.1996],[-106.1079,40.2005]]},"properties":{"source_id":"co_named_stream_067315","name":"North Fork Cabin Creek","display_name":"North Fork Cabin Creek","mapped_name":"North Fork Cabin Creek","source_name":"North Fork Cabin Creek","state":"CO","atlas_class":"named_natural_stream","huc8":"14010001","huc8Name":"Colorado Headwaters","huc8States":"CO","lineageKey":"coloradoRiver","lineage":"coloradoRiver","historic":"coloradoRiver","current":"coloradoRiver","recovery":"recoveryWatch","lineageLabel":"Colorado River green lineage","lineageBasin":"Colorado Headwaters","lineageNote":"Upper Colorado green-lineage context","atlas_context":"cutthroat_lineage_context","confidence":"Watershed-level lineage context; expert review recommended","geometryStatus":"Named natural stream segment from statewide hydrography","note":"This named natural stream falls within a HUC8 assigned to a cutthroat lineage context.","source_segment_id":"co_named_stream_067315","water_id":"co_north_fork_cabin_creek_14010001_coloradoRiver_001","occurrence_id":"co_north_fork_cabin_creek_14010001_coloradoRiver_001","occurrence_number":"001","segment_count":21,"disambiguator":"Colorado Headwaters · Colorado River green lineage · occurrence 001","basin":"Colorado Headwaters","atlas_layer":"named_water_occurrence","object_role":"named_water_occurrence","historic_label":"Colorado River green lineage","current_label":"Colorado River green lineage","recovery_label":"Recovery watch / review area","tier":"tier2","minZoom":12,"confidence_public":"Watershed-level lineage context; expert review recommended","geometry_status_public":"Named natural stream occurrence from statewide hydrography","geometry_source_public":"Grouped public hydrography segments","trout_source_public":"Compiled public recovery and lineage context; expert review recommended","public_notes":"North Fork Cabin Creek is shown as a named-water occurrence within watershed-level cutthroat lineage context. This is not a precise biological boundary."}},{"type":"Feature","geometry":{"type":"LineString","coordinates":[[-106.1319,40.2019],[-106.1245,40.2008]]},"properties":{"source_id":"co_named_stream_067319","name":"North Fork Cabin Creek","display_name":"North Fork Cabin Creek","mapped_name":"North Fork Cabin Creek","source_name":"North Fork Cabin Creek","state":"CO","atlas_class":"named_natural_stream","huc8":"14010001","huc8Name":"Colorado Headwaters","huc8States":"CO","lineageKey":"coloradoRiver","lineage":"coloradoRiver","historic":"coloradoRiver","current":"coloradoRiver","recovery":"recoveryWatch","lineageLabel":"Colorado River green lineage","lineageBasin":"Colorado Headwaters","lineageNote":"Upper Colorado green-lineage context","atlas_context":"cutthroat_lineage_context","confidence":"Watershed-level lineage context; expert review recommended","geometryStatus":"Named natural stream segment from statewide hydrography","note":"This named natural stream falls within a HUC8 assigned to a cutthroat lineage context.","source_segment_id":"co_named_stream_067319","water_id":"co_north_fork_cabin_creek_14010001_coloradoRiver_001","occurrence_id":"co_north_fork_cabin_creek_14010001_coloradoRiver_001","occurrence_number":"001","segment_count":21,"disambiguator":"Colorado Headwaters · Colorado River green lineage · occurrence 001","basin":"Colorado Headwaters","atlas_layer":"named_water_occurrence","object_role":"named_water_occurrence","historic_label":"Colorado River green lineage","current_label":"Colorado River green lineage","recovery_label":"Recovery watch / review area","tier":"tier2","minZoom":12,"confidence_public":"Watershed-level lineage context; expert review recommended","geometry_status_public":"Named natural stream occurrence from statewide hydrography","geometry_source_public":"Grouped public hydrography segments","trout_source_public":"Compiled public recovery and lineage context; expert review recommended","public_notes":"North Fork Cabin Creek is shown as a named-water occurrence within watershed-level cutthroat lineage context. This is not a precise biological boundary."}},{"type":"Feature","geometry":{"type":"LineString","coordinates":[[-106.1426,40.2023],[-106.1378,40.2007],[-106.1343,40.2016]]},"properties":{"source_id":"co_named_stream_067328","name":"North Fork Cabin Creek","display_name":"North Fork Cabin Creek","mapped_name":"North Fork Cabin Creek","source_name":"North Fork Cabin Creek","state":"CO","atlas_class":"named_natural_stream","huc8":"14010001","huc8Name":"Colorado Headwaters","huc8States":"CO","lineageKey":"coloradoRiver","lineage":"coloradoRiver","historic":"coloradoRiver","current":"coloradoRiver","recovery":"recoveryWatch","lineageLabel":"Colorado River green lineage","lineageBasin":"Colorado Headwaters","lineageNote":"Upper Colorado green-lineage context","atlas_context":"cutthroat_lineage_context","confidence":"Watershed-level lineage context; expert review recommended","geometryStatus":"Named natural stream segment from statewide hydrography","note":"This named natural stream falls within a HUC8 assigned to a cutthroat lineage context.","source_segment_id":"co_named_stream_067328","water_id":"co_north_fork_cabin_creek_14010001_coloradoRiver_001","occurrence_id":"co_north_fork_cabin_creek_14010001_coloradoRiver_001","occurrence_number":"001","segment_count":21,"disambiguator":"Colorado Headwaters · Colorado River green lineage · occurrence 001","basin":"Colorado Headwaters","atlas_layer":"named_water_occurrence","object_role":"named_water_occurrence","historic_label":"Colorado River green lineage","current_label":"Colorado River green lineage","recovery_label":"Recovery watch / review area","tier":"tier2","minZoom":12,"confidence_public":"Watershed-level lineage context; expert review recommended","geometry_status_public":"Named natural stream occurrence from statewide hydrography","geometry_source_public":"Grouped public hydrography segments","trout_source_public":"Compiled public recovery and lineage context; expert review recommended","public_notes":"North Fork Cabin Creek is shown as a named-water occurrence within watershed-level cutthroat lineage context. This is not a precise biological boundary."}},{"type":"Feature","geometry":{"type":"LineString","coordinates":[[-106.1053,40.2019],[-106.1044,40.2024]]},"properties":{"source_id":"co_named_stream_067329","name":"North Fork Cabin Creek","display_name":"North Fork Cabin Creek","mapped_name":"North Fork Cabin Creek","source_name":"North Fork Cabin Creek","state":"CO","atlas_class":"named_natural_stream","huc8":"14010001","huc8Name":"Colorado Headwaters","huc8States":"CO","lineageKey":"coloradoRiver","lineage":"coloradoRiver","historic":"coloradoRiver","current":"coloradoRiver","recovery":"recoveryWatch","lineageLabel":"Colorado River green lineage","lineageBasin":"Colorado Headwaters","lineageNote":"Upper Colorado green-lineage context","atlas_context":"cutthroat_lineage_context","confidence":"Watershed-level lineage context; expert review recommended","geometryStatus":"Named natural stream segment from statewide hydrography","note":"This named natural stream falls within a HUC8 assigned to a cutthroat lineage context.","source_segment_id":"co_named_stream_067329","water_id":"co_north_fork_cabin_creek_14010001_coloradoRiver_001","occurrence_id":"co_north_fork_cabin_creek_14010001_coloradoRiver_001","occurrence_number":"001","segment_count":21,"disambiguator":"Colorado Headwaters · Colorado River green lineage · occurrence 001","basin":"Colorado Headwaters","atlas_layer":"named_water_occurrence","object_role":"named_water_occurrence","historic_label":"Colorado River green lineage","current_label":"Colorado River green lineage","recovery_label":"Recovery watch / review area","tier":"tier2","minZoom":12,"confidence_public":"Watershed-level lineage context; expert review recommended","geometry_status_public":"Named natural stream occurrence from statewide hydrography","geometry_source_public":"Grouped public hydrography segments","trout_source_public":"Compiled public recovery and lineage context; expert review recommended","public_notes":"North Fork Cabin Creek is shown as a named-water occurrence within watershed-level cutthroat lineage context. This is not a precise biological boundary."}},{"type":"Feature","geometry":{"type":"LineString","coordinates":[[-106.1343,40.2016],[-106.1319,40.2019]]},"properties":{"source_id":"co_named_stream_067330","name":"North Fork Cabin Creek","display_name":"North Fork Cabin Creek","mapped_name":"North Fork Cabin Creek","source_name":"North Fork Cabin Creek","state":"CO","atlas_class":"named_natural_stream","huc8":"14010001","huc8Name":"Colorado Headwaters","huc8States":"CO","lineageKey":"coloradoRiver","lineage":"coloradoRiver","historic":"coloradoRiver","current":"coloradoRiver","recovery":"recoveryWatch","lineageLabel":"Colorado River green lineage","lineageBasin":"Colorado Headwaters","lineageNote":"Upper Colorado green-lineage context","atlas_context":"cutthroat_lineage_context","confidence":"Watershed-level lineage context; expert review recommended","geometryStatus":"Named natural stream segment from statewide hydrography","note":"This named natural stream falls within a HUC8 assigned to a cutthroat lineage context.","source_segment_id":"co_named_stream_067330","water_id":"co_north_fork_cabin_creek_14010001_coloradoRiver_001","occurrence_id":"co_north_fork_cabin_creek_14010001_coloradoRiver_001","occurrence_number":"001","segment_count":21,"disambiguator":"Colorado Headwaters · Colorado River green lineage · occurrence 001","basin":"Colorado Headwaters","atlas_layer":"named_water_occurrence","object_role":"named_water_occurrence","historic_label":"Colorado River green lineage","current_label":"Colorado River green lineage","recovery_label":"Recovery watch / review area","tier":"tier2","minZoom":12,"confidence_public":"Watershed-level lineage context; expert review recommended","geometry_status_public":"Named natural stream occurrence from statewide hydrography","geometry_source_public":"Grouped public hydrography segments","trout_source_public":"Compiled public recovery and lineage context; expert review recommended","public_notes":"North Fork Cabin Creek is shown as a named-water occurrence within watershed-level cutthroat lineage context. This is not a precise biological boundary."}},{"type":"Feature","geometry":{"type":"LineString","coordinates":[[-106.1218,40.2],[-106.1204,40.1996]]},"properties":{"source_id":"co_named_stream_067331","name":"North Fork Cabin Creek","display_name":"North Fork Cabin Creek","mapped_name":"North Fork Cabin Creek","source_name":"North Fork Cabin Creek","state":"CO","atlas_class":"named_natural_stream","huc8":"14010001","huc8Name":"Colorado Headwaters","huc8States":"CO","lineageKey":"coloradoRiver","lineage":"coloradoRiver","historic":"coloradoRiver","current":"coloradoRiver","recovery":"recoveryWatch","lineageLabel":"Colorado River green lineage","lineageBasin":"Colorado Headwaters","lineageNote":"Upper Colorado green-lineage context","atlas_context":"cutthroat_lineage_context","confidence":"Watershed-level lineage context; expert review recommended","geometryStatus":"Named natural stream segment from statewide hydrography","note":"This named natural stream falls within a HUC8 assigned to a cutthroat lineage context.","source_segment_id":"co_named_stream_067331","water_id":"co_north_fork_cabin_creek_14010001_coloradoRiver_001","occurrence_id":"co_north_fork_cabin_creek_14010001_coloradoRiver_001","occurrence_number":"001","segment_count":21,"disambiguator":"Colorado Headwaters · Colorado River green lineage · occurrence 001","basin":"Colorado Headwaters","atlas_layer":"named_water_occurrence","object_role":"named_water_occurrence","historic_label":"Colorado River green lineage","current_label":"Colorado River green lineage","recovery_label":"Recovery watch / review area","tier":"tier2","minZoom":12,"confidence_public":"Watershed-level lineage context; expert review recommended","geometry_status_public":"Named natural stream occurrence from statewide hydrography","geometry_source_public":"Grouped public hydrography segments","trout_source_public":"Compiled public recovery and lineage context; expert review recommended","public_notes":"North Fork Cabin Creek is shown as a named-water occurrence within watershed-level cutthroat lineage context. This is not a precise biological boundary."}},{"type":"Feature","geometry":{"type":"LineString","coordinates":[[-106.1204,40.1996],[-106.1199,40.1996]]},"properties":{"source_id":"co_named_stream_067332","name":"North Fork Cabin Creek","display_name":"North Fork Cabin Creek","mapped_name":"North Fork Cabin Creek","source_name":"North Fork Cabin Creek","state":"CO","atlas_class":"named_natural_stream","huc8":"14010001","huc8Name":"Colorado Headwaters","huc8States":"CO","lineageKey":"coloradoRiver","lineage":"coloradoRiver","historic":"coloradoRiver","current":"coloradoRiver","recovery":"recoveryWatch","lineageLabel":"Colorado River green lineage","lineageBasin":"Colorado Headwaters","lineageNote":"Upper Colorado green-lineage context","atlas_context":"cutthroat_lineage_context","confidence":"Watershed-level lineage context; expert review recommended","geometryStatus":"Named natural stream segment from statewide hydrography","note":"This named natural stream falls within a HUC8 assigned to a cutthroat lineage context.","source_segment_id":"co_named_stream_067332","water_id":"co_north_fork_cabin_creek_14010001_coloradoRiver_001","occurrence_id":"co_north_fork_cabin_creek_14010001_coloradoRiver_001","occurrence_number":"001","segment_count":21,"disambiguator":"Colorado Headwaters · Colorado River green lineage · occurrence 001","basin":"Colorado Headwaters","atlas_layer":"named_water_occurrence","object_role":"named_water_occurrence","historic_label":"Colorado River green lineage","current_label":"Colorado River green lineage","recovery_label":"Recovery watch / review area","tier":"tier2","minZoom":12,"confidence_public":"Watershed-level lineage context; expert review recommended","geometry_status_public":"Named natural stream occurrence from statewide hydrography","geometry_source_public":"Grouped public hydrography segments","trout_source_public":"Compiled public recovery and lineage context; expert review recommended","public_notes":"North Fork Cabin Creek is shown as a named-water occurrence within watershed-level cutthroat lineage context. This is not a precise biological boundary."}},{"type":"Feature","geometry":{"type":"LineString","coordinates":[[-106.1001,40.2033],[-106.0974,40.2035]]},"properties":{"source_id":"co_named_stream_067339","name":"North Fork Cabin Creek","display_name":"North Fork Cabin Creek","mapped_name":"North Fork Cabin Creek","source_name":"North Fork Cabin Creek","state":"CO","atlas_class":"named_natural_stream","huc8":"14010001","huc8Name":"Colorado Headwaters","huc8States":"CO","lineageKey":"coloradoRiver","lineage":"coloradoRiver","historic":"coloradoRiver","current":"coloradoRiver","recovery":"recoveryWatch","lineageLabel":"Colorado River green lineage","lineageBasin":"Colorado Headwaters","lineageNote":"Upper Colorado green-lineage context","atlas_context":"cutthroat_lineage_context","confidence":"Watershed-level lineage context; expert review recommended","geometryStatus":"Named natural stream segment from statewide hydrography","note":"This named natural stream falls within a HUC8 assigned to a cutthroat lineage context.","source_segment_id":"co_named_stream_067339","water_id":"co_north_fork_cabin_creek_14010001_coloradoRiver_001","occurrence_id":"co_north_fork_cabin_creek_14010001_coloradoRiver_001","occurrence_number":"001","segment_count":21,"disambiguator":"Colorado Headwaters · Colorado River green lineage · occurrence 001","basin":"Colorado Headwaters","atlas_layer":"named_water_occurrence","object_role":"named_water_occurrence","historic_label":"Colorado River green lineage","current_label":"Colorado River green lineage","recovery_label":"Recovery watch / review area","tier":"tier2","minZoom":12,"confidence_public":"Watershed-level lineage context; expert review recommended","geometry_status_public":"Named natural stream occurrence from statewide hydrography","geometry_source_public":"Grouped public hydrography segments","trout_source_public":"Compiled public recovery and lineage context; expert review recommended","public_notes":"North Fork Cabin Creek is shown as a named-water occurrence within watershed-level cutthroat lineage context. This is not a precise biological boundary."}},{"type":"Feature","geometry":{"type":"LineString","coordinates":[[-106.091,40.1976],[-106.0884,40.1975]]},"properties":{"source_id":"co_named_stream_067341","name":"North Fork Cabin Creek","display_name":"North Fork Cabin Creek","mapped_name":"North Fork Cabin Creek","source_name":"North Fork Cabin Creek","state":"CO","atlas_class":"named_natural_stream","huc8":"14010001","huc8Name":"Colorado Headwaters","huc8States":"CO","lineageKey":"coloradoRiver","lineage":"coloradoRiver","historic":"coloradoRiver","current":"coloradoRiver","recovery":"recoveryWatch","lineageLabel":"Colorado River green lineage","lineageBasin":"Colorado Headwaters","lineageNote":"Upper Colorado green-lineage context","atlas_context":"cutthroat_lineage_context","confidence":"Watershed-level lineage context; expert review recommended","geometryStatus":"Named natural stream segment from statewide hydrography","note":"This named natural stream falls within a HUC8 assigned to a cutthroat lineage context.","source_segment_id":"co_named_stream_067341","water_id":"co_north_fork_cabin_creek_14010001_coloradoRiver_001","occurrence_id":"co_north_fork_cabin_creek_14010001_coloradoRiver_001","occurrence_number":"001","segment_count":21,"disambiguator":"Colorado Headwaters · Colorado River green lineage · occurrence 001","basin":"Colorado Headwaters","atlas_layer":"named_water_occurrence","object_role":"named_water_occurrence","historic_label":"Colorado River green lineage","current_label":"Colorado River green lineage","recovery_label":"Recovery watch / review area","tier":"tier2","minZoom":12,"confidence_public":"Watershed-level lineage context; expert review recommended","geometry_status_public":"Named natural stream occurrence from statewide hydrography","geometry_source_public":"Grouped public hydrography segments","trout_source_public":"Compiled public recovery and lineage context; expert review recommended","public_notes":"North Fork Cabin Creek is shown as a named-water occurrence within watershed-level cutthroat lineage context. This is not a precise biological boundary."}},{"type":"Feature","geometry":{"type":"LineString","coordinates":[[-106.0974,40.2035],[-106.0954,40.2028]]},"properties":{"source_id":"co_named_stream_067343","name":"North Fork Cabin Creek","display_name":"North Fork Cabin Creek","mapped_name":"North Fork Cabin Creek","source_name":"North Fork Cabin Creek","state":"CO","atlas_class":"named_natural_stream","huc8":"14010001","huc8Name":"Colorado Headwaters","huc8States":"CO","lineageKey":"coloradoRiver","lineage":"coloradoRiver","historic":"coloradoRiver","current":"coloradoRiver","recovery":"recoveryWatch","lineageLabel":"Colorado River green lineage","lineageBasin":"Colorado Headwaters","lineageNote":"Upper Colorado green-lineage context","atlas_context":"cutthroat_lineage_context","confidence":"Watershed-level lineage context; expert review recommended","geometryStatus":"Named natural stream segment from statewide hydrography","note":"This named natural stream falls within a HUC8 assigned to a cutthroat lineage context.","source_segment_id":"co_named_stream_067343","water_id":"co_north_fork_cabin_creek_14010001_coloradoRiver_001","occurrence_id":"co_north_fork_cabin_creek_14010001_coloradoRiver_001","occurrence_number":"001","segment_count":21,"disambiguator":"Colorado Headwaters · Colorado River green lineage · occurrence 001","basin":"Colorado Headwaters","atlas_layer":"named_water_occurrence","object_role":"named_water_occurrence","historic_label":"Colorado River green lineage","current_label":"Colorado River green lineage","recovery_label":"Recovery watch / review area","tier":"tier2","minZoom":12,"confidence_public":"Watershed-level lineage context; expert review recommended","geometry_status_public":"Named natural stream occurrence from statewide hydrography","geometry_source_public":"Grouped public hydrography segments","trout_source_public":"Compiled public recovery and lineage context; expert review recommended","public_notes":"North Fork Cabin Creek is shown as a named-water occurrence within watershed-level cutthroat lineage context. This is not a precise biological boundary."}},{"type":"Feature","geometry":{"type":"LineString","coordinates":[[-106.0954,40.2028],[-106.0945,40.201]]},"properties":{"source_id":"co_named_stream_067346","name":"North Fork Cabin Creek","display_name":"North Fork Cabin Creek","mapped_name":"North Fork Cabin Creek","source_name":"North Fork Cabin Creek","state":"CO","atlas_class":"named_natural_stream","huc8":"14010001","huc8Name":"Colorado Headwaters","huc8States":"CO","lineageKey":"coloradoRiver","lineage":"coloradoRiver","historic":"coloradoRiver","current":"coloradoRiver","recovery":"recoveryWatch","lineageLabel":"Colorado River green lineage","lineageBasin":"Colorado Headwaters","lineageNote":"Upper Colorado green-lineage context","atlas_context":"cutthroat_lineage_context","confidence":"Watershed-level lineage context; expert review recommended","geometryStatus":"Named natural stream segment from statewide hydrography","note":"This named natural stream falls within a HUC8 assigned to a cutthroat lineage context.","source_segment_id":"co_named_stream_067346","water_id":"co_north_fork_cabin_creek_14010001_coloradoRiver_001","occurrence_id":"co_north_fork_cabin_creek_14010001_coloradoRiver_001","occurrence_number":"001","segment_count":21,"disambiguator":"Colorado Headwaters · Colorado River green lineage · occurrence 001","basin":"Colorado Headwaters","atlas_layer":"named_water_occurrence","object_role":"named_water_occurrence","historic_label":"Colorado River green lineage","current_label":"Colorado River green lineage","recovery_label":"Recovery watch / review area","tier":"tier2","minZoom":12,"confidence_public":"Watershed-level lineage context; expert review recommended","geometry_status_public":"Named natural stream occurrence from statewide hydrography","geometry_source_public":"Grouped public hydrography segments","trout_source_public":"Compiled public recovery and lineage context; expert review recommended","public_notes":"North Fork Cabin Creek is shown as a named-water occurrence within watershed-level cutthroat lineage context. This is not a precise biological boundary."}},{"type":"Feature","geometry":{"type":"LineString","coordinates":[[-106.0884,40.1975],[-106.0849,40.1957]]},"properties":{"source_id":"co_named_stream_067353","name":"North Fork Cabin Creek","display_name":"North Fork Cabin Creek","mapped_name":"North Fork Cabin Creek","source_name":"North Fork Cabin Creek","state":"CO","atlas_class":"named_natural_stream","huc8":"14010001","huc8Name":"Colorado Headwaters","huc8States":"CO","lineageKey":"coloradoRiver","lineage":"coloradoRiver","historic":"coloradoRiver","current":"coloradoRiver","recovery":"recoveryWatch","lineageLabel":"Colorado River green lineage","lineageBasin":"Colorado Headwaters","lineageNote":"Upper Colorado green-lineage context","atlas_context":"cutthroat_lineage_context","confidence":"Watershed-level lineage context; expert review recommended","geometryStatus":"Named natural stream segment from statewide hydrography","note":"This named natural stream falls within a HUC8 assigned to a cutthroat lineage context.","source_segment_id":"co_named_stream_067353","water_id":"co_north_fork_cabin_creek_14010001_coloradoRiver_001","occurrence_id":"co_north_fork_cabin_creek_14010001_coloradoRiver_001","occurrence_number":"001","segment_count":21,"disambiguator":"Colorado Headwaters · Colorado River green lineage · occurrence 001","basin":"Colorado Headwaters","atlas_layer":"named_water_occurrence","object_role":"named_water_occurrence","historic_label":"Colorado River green lineage","current_label":"Colorado River green lineage","recovery_label":"Recovery watch / review area","tier":"tier2","minZoom":12,"confidence_public":"Watershed-level lineage context; expert review recommended","geometry_status_public":"Named natural stream occurrence from statewide hydrography","geometry_source_public":"Grouped public hydrography segments","trout_source_public":"Compiled public recovery and lineage context; expert review recommended","public_notes":"North Fork Cabin Creek is shown as a named-water occurrence within watershed-level cutthroat lineage context. This is not a precise biological boundary."}},{"type":"Feature","geometry":{"type":"LineString","coordinates":[[-106.0945,40.201],[-106.091,40.1976]]},"properties":{"source_id":"co_named_stream_067354","name":"North Fork Cabin Creek","display_name":"North Fork Cabin Creek","mapped_name":"North Fork Cabin Creek","source_name":"North Fork Cabin Creek","state":"CO","atlas_class":"named_natural_stream","huc8":"14010001","huc8Name":"Colorado Headwaters","huc8States":"CO","lineageKey":"coloradoRiver","lineage":"coloradoRiver","historic":"coloradoRiver","current":"coloradoRiver","recovery":"recoveryWatch","lineageLabel":"Colorado River green lineage","lineageBasin":"Colorado Headwaters","lineageNote":"Upper Colorado green-lineage context","atlas_context":"cutthroat_lineage_context","confidence":"Watershed-level lineage context; expert review recommended","geometryStatus":"Named natural stream segment from statewide hydrography","note":"This named natural stream falls within a HUC8 assigned to a cutthroat lineage context.","source_segment_id":"co_named_stream_067354","water_id":"co_north_fork_cabin_creek_14010001_coloradoRiver_001","occurrence_id":"co_north_fork_cabin_creek_14010001_coloradoRiver_001","occurrence_number":"001","segment_count":21,"disambiguator":"Colorado Headwaters · Colorado River green lineage · occurrence 001","basin":"Colorado Headwaters","atlas_layer":"named_water_occurrence","object_role":"named_water_occurrence","historic_label":"Colorado River green lineage","current_label":"Colorado River green lineage","recovery_label":"Recovery watch / review area","tier":"tier2","minZoom":12,"confidence_public":"Watershed-level lineage context; expert review recommended","geometry_status_public":"Named natural stream occurrence from statewide hydrography","geometry_source_public":"Grouped public hydrography segments","trout_source_public":"Compiled public recovery and lineage context; expert review recommended","public_notes":"North Fork Cabin Creek is shown as a named-water occurrence within watershed-level cutthroat lineage context. This is not a precise biological boundary."}},{"type":"Feature","geometry":{"type":"LineString","coordinates":[[-106.1044,40.2024],[-106.1001,40.2033]]},"properties":{"source_id":"co_named_stream_067355","name":"North Fork Cabin Creek","display_name":"North Fork Cabin Creek","mapped_name":"North Fork Cabin Creek","source_name":"North Fork Cabin Creek","state":"CO","atlas_class":"named_natural_stream","huc8":"14010001","huc8Name":"Colorado Headwaters","huc8States":"CO","lineageKey":"coloradoRiver","lineage":"coloradoRiver","historic":"coloradoRiver","current":"coloradoRiver","recovery":"recoveryWatch","lineageLabel":"Colorado River green lineage","lineageBasin":"Colorado Headwaters","lineageNote":"Upper Colorado green-lineage context","atlas_context":"cutthroat_lineage_context","confidence":"Watershed-level lineage context; expert review recommended","geometryStatus":"Named natural stream segment from statewide hydrography","note":"This named natural stream falls within a HUC8 assigned to a cutthroat lineage context.","source_segment_id":"co_named_stream_067355","water_id":"co_north_fork_cabin_creek_14010001_coloradoRiver_001","occurrence_id":"co_north_fork_cabin_creek_14010001_coloradoRiver_001","occurrence_number":"001","segment_count":21,"disambiguator":"Colorado Headwaters · Colorado River green lineage · occurrence 001","basin":"Colorado Headwaters","atlas_layer":"named_water_occurrence","object_role":"named_water_occurrence","historic_label":"Colorado River green lineage","current_label":"Colorado River green lineage","recovery_label":"Recovery watch / review area","tier":"tier2","minZoom":12,"confidence_public":"Watershed-level lineage context; expert review recommended","geometry_status_public":"Named natural stream occurrence from statewide hydrography","geometry_source_public":"Grouped public hydrography segments","trout_source_public":"Compiled public recovery and lineage context; expert review recommended","public_notes":"North Fork Cabin Creek is shown as a named-water occurrence within watershed-level cutthroat lineage context. This is not a precise biological boundary."}},{"type":"Feature","geometry":{"type":"LineString","coordinates":[[-106.0831,40.194],[-106.0824,40.1933]]},"properties":{"source_id":"co_named_stream_068004","name":"North Fork Cabin Creek","display_name":"North Fork Cabin Creek","mapped_name":"North Fork Cabin Creek","source_name":"North Fork Cabin Creek","state":"CO","atlas_class":"named_natural_stream","huc8":"14010001","huc8Name":"Colorado Headwaters","huc8States":"CO","lineageKey":"coloradoRiver","lineage":"coloradoRiver","historic":"coloradoRiver","current":"coloradoRiver","recovery":"recoveryWatch","lineageLabel":"Colorado River green lineage","lineageBasin":"Colorado Headwaters","lineageNote":"Upper Colorado green-lineage context","atlas_context":"cutthroat_lineage_context","confidence":"Watershed-level lineage context; expert review recommended","geometryStatus":"Named natural stream segment from statewide hydrography","note":"This named natural stream falls within a HUC8 assigned to a cutthroat lineage context.","source_segment_id":"co_named_stream_068004","water_id":"co_north_fork_cabin_creek_14010001_coloradoRiver_001","occurrence_id":"co_north_fork_cabin_creek_14010001_coloradoRiver_001","occurrence_number":"001","segment_count":21,"disambiguator":"Colorado Headwaters · Colorado River green lineage · occurrence 001","basin":"Colorado Headwaters","atlas_layer":"named_water_occurrence","object_role":"named_water_occurrence","historic_label":"Colorado River green lineage","current_label":"Colorado River green lineage","recovery_label":"Recovery watch / review area","tier":"tier2","minZoom":12,"confidence_public":"Watershed-level lineage context; expert review recommended","geometry_status_public":"Named natural stream occurrence from statewide hydrography","geometry_source_public":"Grouped public hydrography segments","trout_source_public":"Compiled public recovery and lineage context; expert review recommended","public_notes":"North Fork Cabin Creek is shown as a named-water occurrence within watershed-level cutthroat lineage context. This is not a precise biological boundary."}},{"type":"Feature","geometry":{"type":"LineString","coordinates":[[-106.0824,40.1933],[-106.0811,40.1927]]},"properties":{"source_id":"co_named_stream_068007","name":"North Fork Cabin Creek","display_name":"North Fork Cabin Creek","mapped_name":"North Fork Cabin Creek","source_name":"North Fork Cabin Creek","state":"CO","atlas_class":"named_natural_stream","huc8":"14010001","huc8Name":"Colorado Headwaters","huc8States":"CO","lineageKey":"coloradoRiver","lineage":"coloradoRiver","historic":"coloradoRiver","current":"coloradoRiver","recovery":"recoveryWatch","lineageLabel":"Colorado River green lineage","lineageBasin":"Colorado Headwaters","lineageNote":"Upper Colorado green-lineage context","atlas_context":"cutthroat_lineage_context","confidence":"Watershed-level lineage context; expert review recommended","geometryStatus":"Named natural stream segment from statewide hydrography","note":"This named natural stream falls within a HUC8 assigned to a cutthroat lineage context.","source_segment_id":"co_named_stream_068007","water_id":"co_north_fork_cabin_creek_14010001_coloradoRiver_001","occurrence_id":"co_north_fork_cabin_creek_14010001_coloradoRiver_001","occurrence_number":"001","segment_count":21,"disambiguator":"Colorado Headwaters · Colorado River green lineage · occurrence 001","basin":"Colorado Headwaters","atlas_layer":"named_water_occurrence","object_role":"named_water_occurrence","historic_label":"Colorado River green lineage","current_label":"Colorado River green lineage","recovery_label":"Recovery watch / review area","tier":"tier2","minZoom":12,"confidence_public":"Watershed-level lineage context; expert review recommended","geometry_status_public":"Named natural stream occurrence from statewide hydrography","geometry_source_public":"Grouped public hydrography segments","trout_source_public":"Compiled public recovery and lineage context; expert review recommended","public_notes":"North Fork Cabin Creek is shown as a named-water occurrence within watershed-level cutthroat lineage context. This is not a precise biological boundary."}},{"type":"Feature","geometry":{"type":"LineString","coordinates":[[-106.0849,40.1957],[-106.0839,40.1948]]},"properties":{"source_id":"co_named_stream_068010","name":"North Fork Cabin Creek","display_name":"North Fork Cabin Creek","mapped_name":"North Fork Cabin Creek","source_name":"North Fork Cabin Creek","state":"CO","atlas_class":"named_natural_stream","huc8":"14010001","huc8Name":"Colorado Headwaters","huc8States":"CO","lineageKey":"coloradoRiver","lineage":"coloradoRiver","historic":"coloradoRiver","current":"coloradoRiver","recovery":"recoveryWatch","lineageLabel":"Colorado River green lineage","lineageBasin":"Colorado Headwaters","lineageNote":"Upper Colorado green-lineage context","atlas_context":"cutthroat_lineage_context","confidence":"Watershed-level lineage context; expert review recommended","geometryStatus":"Named natural stream segment from statewide hydrography","note":"This named natural stream falls within a HUC8 assigned to a cutthroat lineage context.","source_segment_id":"co_named_stream_068010","water_id":"co_north_fork_cabin_creek_14010001_coloradoRiver_001","occurrence_id":"co_north_fork_cabin_creek_14010001_coloradoRiver_001","occurrence_number":"001","segment_count":21,"disambiguator":"Colorado Headwaters · Colorado River green lineage · occurrence 001","basin":"Colorado Headwaters","atlas_layer":"named_water_occurrence","object_role":"named_water_occurrence","historic_label":"Colorado River green lineage","current_label":"Colorado River green lineage","recovery_label":"Recovery watch / review area","tier":"tier2","minZoom":12,"confidence_public":"Watershed-level lineage context; expert review recommended","geometry_status_public":"Named natural stream occurrence from statewide hydrography","geometry_source_public":"Grouped public hydrography segments","trout_source_public":"Compiled public recovery and lineage context; expert review recommended","public_notes":"North Fork Cabin Creek is shown as a named-water occurrence within watershed-level cutthroat lineage context. This is not a precise biological boundary."}},{"type":"Feature","geometry":{"type":"LineString","coordinates":[[-106.0839,40.1948],[-106.0831,40.194]]},"properties":{"source_id":"co_named_stream_068012","name":"North Fork Cabin Creek","display_name":"North Fork Cabin Creek","mapped_name":"North Fork Cabin Creek","source_name":"North Fork Cabin Creek","state":"CO","atlas_class":"named_natural_stream","huc8":"14010001","huc8Name":"Colorado Headwaters","huc8States":"CO","lineageKey":"coloradoRiver","lineage":"coloradoRiver","historic":"coloradoRiver","current":"coloradoRiver","recovery":"recoveryWatch","lineageLabel":"Colorado River green lineage","lineageBasin":"Colorado Headwaters","lineageNote":"Upper Colorado green-lineage context","atlas_context":"cutthroat_lineage_context","confidence":"Watershed-level lineage context; expert review recommended","geometryStatus":"Named natural stream segment from statewide hydrography","note":"This named natural stream falls within a HUC8 assigned to a cutthroat lineage context.","source_segment_id":"co_named_stream_068012","water_id":"co_north_fork_cabin_creek_14010001_coloradoRiver_001","occurrence_id":"co_north_fork_cabin_creek_14010001_coloradoRiver_001","occurrence_number":"001","segment_count":21,"disambiguator":"Colorado Headwaters · Colorado River green lineage · occurrence 001","basin":"Colorado Headwaters","atlas_layer":"named_water_occurrence","object_role":"named_water_occurrence","historic_label":"Colorado River green lineage","current_label":"Colorado River green lineage","recovery_label":"Recovery watch / review area","tier":"tier2","minZoom":12,"confidence_public":"Watershed-level lineage context; expert review recommended","geometry_status_public":"Named natural stream occurrence from statewide hydrography","geometry_source_public":"Grouped public hydrography segments","trout_source_public":"Compiled public recovery and lineage context; expert review recommended","public_notes":"North Fork Cabin Creek is shown as a named-water occurrence within watershed-level cutthroat lineage context. This is not a precise biological boundary."}},{"type":"Feature","geometry":{"type":"LineString","coordinates":[[-106.0811,40.1927],[-106.079,40.1917],[-106.0761,40.1918]]},"properties":{"source_id":"co_named_stream_068015","name":"North Fork Cabin Creek","display_name":"North Fork Cabin Creek","mapped_name":"North Fork Cabin Creek","source_name":"North Fork Cabin Creek","state":"CO","atlas_class":"named_natural_stream","huc8":"14010001","huc8Name":"Colorado Headwaters","huc8States":"CO","lineageKey":"coloradoRiver","lineage":"coloradoRiver","historic":"coloradoRiver","current":"coloradoRiver","recovery":"recoveryWatch","lineageLabel":"Colorado River green lineage","lineageBasin":"Colorado Headwaters","lineageNote":"Upper Colorado green-lineage context","atlas_context":"cutthroat_lineage_context","confidence":"Watershed-level lineage context; expert review recommended","geometryStatus":"Named natural stream segment from statewide hydrography","note":"This named natural stream falls within a HUC8 assigned to a cutthroat lineage context.","source_segment_id":"co_named_stream_068015","water_id":"co_north_fork_cabin_creek_14010001_coloradoRiver_001","occurrence_id":"co_north_fork_cabin_creek_14010001_coloradoRiver_001","occurrence_number":"001","segment_count":21,"disambiguator":"Colorado Headwaters · Colorado River green lineage · occurrence 001","basin":"Colorado Headwaters","atlas_layer":"named_water_occurrence","object_role":"named_water_occurrence","historic_label":"Colorado River green lineage","current_label":"Colorado River green lineage","recovery_label":"Recovery watch / review area","tier":"tier2","minZoom":12,"confidence_public":"Watershed-level lineage context; expert review recommended","geometry_status_public":"Named natural stream occurrence from statewide hydrography","geometry_source_public":"Grouped public hydrography segments","trout_source_public":"Compiled public recovery and lineage context; expert review recommended","public_notes":"North Fork Cabin Creek is shown as a named-water occurrence within watershed-level cutthroat lineage context. This is not a precise biological boundary."}},{"type":"Feature","geometry":{"type":"LineString","coordinates":[[-106.0778,40.2496],[-106.0761,40.25],[-106.0732,40.2468]]},"properties":{"source_id":"co_named_stream_067407","name":"Buffalo Creek","display_name":"Buffalo Creek","mapped_name":"Buffalo Creek","source_name":"Buffalo Creek","state":"CO","atlas_class":"named_natural_stream","huc8":"14010001","huc8Name":"Colorado Headwaters","huc8States":"CO","lineageKey":"coloradoRiver","lineage":"coloradoRiver","historic":"coloradoRiver","current":"coloradoRiver","recovery":"recoveryWatch","lineageLabel":"Colorado River green lineage","lineageBasin":"Colorado Headwaters","lineageNote":"Upper Colorado green-lineage context","atlas_context":"cutthroat_lineage_context","confidence":"Watershed-level lineage context; expert review recommended","geometryStatus":"Named natural stream segment from statewide hydrography","note":"This named natural stream falls within a HUC8 assigned to a cutthroat lineage context.","source_segment_id":"co_named_stream_067407","water_id":"co_buffalo_creek_14010001_coloradoRiver_001","occurrence_id":"co_buffalo_creek_14010001_coloradoRiver_001","occurrence_number":"001","segment_count":20,"disambiguator":"Colorado Headwaters · Colorado River green lineage · occurrence 001","basin":"Colorado Headwaters","atlas_layer":"named_water_occurrence","object_role":"named_water_occurrence","historic_label":"Colorado River green lineage","current_label":"Colorado River green lineage","recovery_label":"Recovery watch / review area","tier":"tier2","minZoom":12,"confidence_public":"Watershed-level lineage context; expert review recommended","geometry_status_public":"Named natural stream occurrence from statewide hydrography","geometry_source_public":"Grouped public hydrography segments","trout_source_public":"Compiled public recovery and lineage context; expert review recommended","public_notes":"Buffalo Creek is shown as a named-water occurrence within watershed-level cutthroat lineage context. This is not a precise biological boundary."}},{"type":"Feature","geometry":{"type":"LineString","coordinates":[[-106.0855,40.2505],[-106.0825,40.2499]]},"properties":{"source_id":"co_named_stream_068816","name":"Buffalo Creek","display_name":"Buffalo Creek","mapped_name":"Buffalo Creek","source_name":"Buffalo Creek","state":"CO","atlas_class":"named_natural_stream","huc8":"14010001","huc8Name":"Colorado Headwaters","huc8States":"CO","lineageKey":"coloradoRiver","lineage":"coloradoRiver","historic":"coloradoRiver","current":"coloradoRiver","recovery":"recoveryWatch","lineageLabel":"Colorado River green lineage","lineageBasin":"Colorado Headwaters","lineageNote":"Upper Colorado green-lineage context","atlas_context":"cutthroat_lineage_context","confidence":"Watershed-level lineage context; expert review recommended","geometryStatus":"Named natural stream segment from statewide hydrography","note":"This named natural stream falls within a HUC8 assigned to a cutthroat lineage context.","source_segment_id":"co_named_stream_068816","water_id":"co_buffalo_creek_14010001_coloradoRiver_001","occurrence_id":"co_buffalo_creek_14010001_coloradoRiver_001","occurrence_number":"001","segment_count":20,"disambiguator":"Colorado Headwaters · Colorado River green lineage · occurrence 001","basin":"Colorado Headwaters","atlas_layer":"named_water_occurrence","object_role":"named_water_occurrence","historic_label":"Colorado River green lineage","current_label":"Colorado River green lineage","recovery_label":"Recovery watch / review area","tier":"tier2","minZoom":12,"confidence_public":"Watershed-level lineage context; expert review recommended","geometry_status_public":"Named natural stream occurrence from statewide hydrography","geometry_source_public":"Grouped public hydrography segments","trout_source_public":"Compiled public recovery and lineage context; expert review recommended","public_notes":"Buffalo Creek is shown as a named-water occurrence within watershed-level cutthroat lineage context. This is not a precise biological boundary."}},{"type":"Feature","geometry":{"type":"LineString","coordinates":[[-106.0825,40.2499],[-106.0778,40.2496]]},"properties":{"source_id":"co_named_stream_068817","name":"Buffalo Creek","display_name":"Buffalo Creek","mapped_name":"Buffalo Creek","source_name":"Buffalo Creek","state":"CO","atlas_class":"named_natural_stream","huc8":"14010001","huc8Name":"Colorado Headwaters","huc8States":"CO","lineageKey":"coloradoRiver","lineage":"coloradoRiver","historic":"coloradoRiver","current":"coloradoRiver","recovery":"recoveryWatch","lineageLabel":"Colorado River green lineage","lineageBasin":"Colorado Headwaters","lineageNote":"Upper Colorado green-lineage context","atlas_context":"cutthroat_lineage_context","confidence":"Watershed-level lineage context; expert review recommended","geometryStatus":"Named natural stream segment from statewide hydrography","note":"This named natural stream falls within a HUC8 assigned to a cutthroat lineage context.","source_segment_id":"co_named_stream_068817","water_id":"co_buffalo_creek_14010001_coloradoRiver_001","occurrence_id":"co_buffalo_creek_14010001_coloradoRiver_001","occurrence_number":"001","segment_count":20,"disambiguator":"Colorado Headwaters · Colorado River green lineage · occurrence 001","basin":"Colorado Headwaters","atlas_layer":"named_water_occurrence","object_role":"named_water_occurrence","historic_label":"Colorado River green lineage","current_label":"Colorado River green lineage","recovery_label":"Recovery watch / review area","tier":"tier2","minZoom":12,"confidence_public":"Watershed-level lineage context; expert review recommended","geometry_status_public":"Named natural stream occurrence from statewide hydrography","geometry_source_public":"Grouped public hydrography segments","trout_source_public":"Compiled public recovery and lineage context; expert review recommended","public_notes":"Buffalo Creek is shown as a named-water occurrence within watershed-level cutthroat lineage context. This is not a precise biological boundary."}},{"type":"Feature","geometry":{"type":"LineString","coordinates":[[-106.1122,40.0121],[-106.115,40.0143]]},"properties":{"source_id":"co_named_stream_070560","name":"Little Muddy Creek","display_name":"Little Muddy Creek","mapped_name":"Little Muddy Creek","source_name":"Little Muddy Creek","state":"CO","atlas_class":"named_natural_stream","huc8":"14010001","huc8Name":"Colorado Headwaters","huc8States":"CO","lineageKey":"coloradoRiver","lineage":"coloradoRiver","historic":"coloradoRiver","current":"coloradoRiver","recovery":"recoveryWatch","lineageLabel":"Colorado River green lineage","lineageBasin":"Colorado Headwaters","lineageNote":"Upper Colorado green-lineage context","atlas_context":"cutthroat_lineage_context","confidence":"Watershed-level lineage context; expert review recommended","geometryStatus":"Named natural stream segment from statewide hydrography","note":"This named natural stream falls within a HUC8 assigned to a cutthroat lineage context.","source_segment_id":"co_named_stream_070560","water_id":"co_little_muddy_creek_14010001_coloradoRiver_003","occurrence_id":"co_little_muddy_creek_14010001_coloradoRiver_003","occurrence_number":"003","segment_count":60,"disambiguator":"Colorado Headwaters · Colorado River green lineage · occurrence 003","basin":"Colorado Headwaters","atlas_layer":"named_water_occurrence","object_role":"named_water_occurrence","historic_label":"Colorado River green lineage","current_label":"Colorado River green lineage","recovery_label":"Recovery watch / review area","tier":"tier2","minZoom":12,"confidence_public":"Watershed-level lineage context; expert review recommended","geometry_status_public":"Named natural stream occurrence from statewide hydrography","geometry_source_public":"Grouped public hydrography segments","trout_source_public":"Compiled public recovery and lineage context; expert review recommended","public_notes":"Little Muddy Creek is shown as a named-water occurrence within watershed-level cutthroat lineage context. This is not a precise biological boundary."}},{"type":"Feature","geometry":{"type":"LineString","coordinates":[[-106.0959,40.0071],[-106.0968,40.0092],[-106.0986,40.0105]]},"properties":{"source_id":"co_named_stream_070564","name":"Little Muddy Creek","display_name":"Little Muddy Creek","mapped_name":"Little Muddy Creek","source_name":"Little Muddy Creek","state":"CO","atlas_class":"named_natural_stream","huc8":"14010001","huc8Name":"Colorado Headwaters","huc8States":"CO","lineageKey":"coloradoRiver","lineage":"coloradoRiver","historic":"coloradoRiver","current":"coloradoRiver","recovery":"recoveryWatch","lineageLabel":"Colorado River green lineage","lineageBasin":"Colorado Headwaters","lineageNote":"Upper Colorado green-lineage context","atlas_context":"cutthroat_lineage_context","confidence":"Watershed-level lineage context; expert review recommended","geometryStatus":"Named natural stream segment from statewide hydrography","note":"This named natural stream falls within a HUC8 assigned to a cutthroat lineage context.","source_segment_id":"co_named_stream_070564","water_id":"co_little_muddy_creek_14010001_coloradoRiver_003","occurrence_id":"co_little_muddy_creek_14010001_coloradoRiver_003","occurrence_number":"003","segment_count":60,"disambiguator":"Colorado Headwaters · Colorado River green lineage · occurrence 003","basin":"Colorado Headwaters","atlas_layer":"named_water_occurrence","object_role":"named_water_occurrence","historic_label":"Colorado River green lineage","current_label":"Colorado River green lineage","recovery_label":"Recovery watch / review area","tier":"tier2","minZoom":12,"confidence_public":"Watershed-level lineage context; expert review recommended","geometry_status_public":"Named natural stream occurrence from statewide hydrography","geometry_source_public":"Grouped public hydrography segments","trout_source_public":"Compiled public recovery and lineage context; expert review recommended","public_notes":"Little Muddy Creek is shown as a named-water occurrence within watershed-level cutthroat lineage context. This is not a precise biological boundary."}},{"type":"Feature","geometry":{"type":"LineString","coordinates":[[-106.123,40.0251],[-106.1252,40.0273]]},"properties":{"source_id":"co_named_stream_070567","name":"Little Muddy Creek","display_name":"Little Muddy Creek","mapped_name":"Little Muddy Creek","source_name":"Little Muddy Creek","state":"CO","atlas_class":"named_natural_stream","huc8":"14010001","huc8Name":"Colorado Headwaters","huc8States":"CO","lineageKey":"coloradoRiver","lineage":"coloradoRiver","historic":"coloradoRiver","current":"coloradoRiver","recovery":"recoveryWatch","lineageLabel":"Colorado River green lineage","lineageBasin":"Colorado Headwaters","lineageNote":"Upper Colorado green-lineage context","atlas_context":"cutthroat_lineage_context","confidence":"Watershed-level lineage context; expert review recommended","geometryStatus":"Named natural stream segment from statewide hydrography","note":"This named natural stream falls within a HUC8 assigned to a cutthroat lineage context.","source_segment_id":"co_named_stream_070567","water_id":"co_little_muddy_creek_14010001_coloradoRiver_003","occurrence_id":"co_little_muddy_creek_14010001_coloradoRiver_003","occurrence_number":"003","segment_count":60,"disambiguator":"Colorado Headwaters · Colorado River green lineage · occurrence 003","basin":"Colorado Headwaters","atlas_layer":"named_water_occurrence","object_role":"named_water_occurrence","historic_label":"Colorado River green lineage","current_label":"Colorado River green lineage","recovery_label":"Recovery watch / review area","tier":"tier2","minZoom":12,"confidence_public":"Watershed-level lineage context; expert review recommended","geometry_status_public":"Named natural stream occurrence from statewide hydrography","geometry_source_public":"Grouped public hydrography segments","trout_source_public":"Compiled public recovery and lineage context; expert review recommended","public_notes":"Little Muddy Creek is shown as a named-water occurrence within watershed-level cutthroat lineage context. This is not a precise biological boundary."}},{"type":"Feature","geometry":{"type":"LineString","coordinates":[[-106.1405,40.0381],[-106.1418,40.0399]]},"properties":{"source_id":"co_named_stream_070570","name":"Little Muddy Creek","display_name":"Little Muddy Creek","mapped_name":"Little Muddy Creek","source_name":"Little Muddy Creek","state":"CO","atlas_class":"named_natural_stream","huc8":"14010001","huc8Name":"Colorado Headwaters","huc8States":"CO","lineageKey":"coloradoRiver","lineage":"coloradoRiver","historic":"coloradoRiver","current":"coloradoRiver","recovery":"recoveryWatch","lineageLabel":"Colorado River green lineage","lineageBasin":"Colorado Headwaters","lineageNote":"Upper Colorado green-lineage context","atlas_context":"cutthroat_lineage_context","confidence":"Watershed-level lineage context; expert review recommended","geometryStatus":"Named natural stream segment from statewide hydrography","note":"This named natural stream falls within a HUC8 assigned to a cutthroat lineage context.","source_segment_id":"co_named_stream_070570","water_id":"co_little_muddy_creek_14010001_coloradoRiver_003","occurrence_id":"co_little_muddy_creek_14010001_coloradoRiver_003","occurrence_number":"003","segment_count":60,"disambiguator":"Colorado Headwaters · Colorado River green lineage · occurrence 003","basin":"Colorado Headwaters","atlas_layer":"named_water_occurrence","object_role":"named_water_occurrence","historic_label":"Colorado River green lineage","current_label":"Colorado River green lineage","recovery_label":"Recovery watch / review area","tier":"tier2","minZoom":12,"confidence_public":"Watershed-level lineage context; expert review recommended","geometry_status_public":"Named natural stream occurrence from statewide hydrography","geometry_source_public":"Grouped public hydrography segments","trout_source_public":"Compiled public recovery and lineage context; expert review recommended","public_notes":"Little Muddy Creek is shown as a named-water occurrence within watershed-level cutthroat lineage context. This is not a precise biological boundary."}},{"type":"Feature","geometry":{"type":"LineString","coordinates":[[-106.1214,40.0202],[-106.1215,40.0207]]},"properties":{"source_id":"co_named_stream_070571","name":"Little Muddy Creek","display_name":"Little Muddy Creek","mapped_name":"Little Muddy Creek","source_name":"Little Muddy Creek","state":"CO","atlas_class":"named_natural_stream","huc8":"14010001","huc8Name":"Colorado Headwaters","huc8States":"CO","lineageKey":"coloradoRiver","lineage":"coloradoRiver","historic":"coloradoRiver","current":"coloradoRiver","recovery":"recoveryWatch","lineageLabel":"Colorado River green lineage","lineageBasin":"Colorado Headwaters","lineageNote":"Upper Colorado green-lineage context","atlas_context":"cutthroat_lineage_context","confidence":"Watershed-level lineage context; expert review recommended","geometryStatus":"Named natural stream segment from statewide hydrography","note":"This named natural stream falls within a HUC8 assigned to a cutthroat lineage context.","source_segment_id":"co_named_stream_070571","water_id":"co_little_muddy_creek_14010001_coloradoRiver_003","occurrence_id":"co_little_muddy_creek_14010001_coloradoRiver_003","occurrence_number":"003","segment_count":60,"disambiguator":"Colorado Headwaters · Colorado River green lineage · occurrence 003","basin":"Colorado Headwaters","atlas_layer":"named_water_occurrence","object_role":"named_water_occurrence","historic_label":"Colorado River green lineage","current_label":"Colorado River green lineage","recovery_label":"Recovery watch / review area","tier":"tier2","minZoom":12,"confidence_public":"Watershed-level lineage context; expert review recommended","geometry_status_public":"Named natural stream occurrence from statewide hydrography","geometry_source_public":"Grouped public hydrography segments","trout_source_public":"Compiled public recovery and lineage context; expert review recommended","public_notes":"Little Muddy Creek is shown as a named-water occurrence within watershed-level cutthroat lineage context. This is not a precise biological boundary."}},{"type":"Feature","geometry":{"type":"LineString","coordinates":[[-106.1314,40.0315],[-106.1315,40.0327],[-106.1327,40.0333]]},"properties":{"source_id":"co_named_stream_070572","name":"Little Muddy Creek","display_name":"Little Muddy Creek","mapped_name":"Little Muddy Creek","source_name":"Little Muddy Creek","state":"CO","atlas_class":"named_natural_stream","huc8":"14010001","huc8Name":"Colorado Headwaters","huc8States":"CO","lineageKey":"coloradoRiver","lineage":"coloradoRiver","historic":"coloradoRiver","current":"coloradoRiver","recovery":"recoveryWatch","lineageLabel":"Colorado River green lineage","lineageBasin":"Colorado Headwaters","lineageNote":"Upper Colorado green-lineage context","atlas_context":"cutthroat_lineage_context","confidence":"Watershed-level lineage context; expert review recommended","geometryStatus":"Named natural stream segment from statewide hydrography","note":"This named natural stream falls within a HUC8 assigned to a cutthroat lineage context.","source_segment_id":"co_named_stream_070572","water_id":"co_little_muddy_creek_14010001_coloradoRiver_003","occurrence_id":"co_little_muddy_creek_14010001_coloradoRiver_003","occurrence_number":"003","segment_count":60,"disambiguator":"Colorado Headwaters · Colorado River green lineage · occurrence 003","basin":"Colorado Headwaters","atlas_layer":"named_water_occurrence","object_role":"named_water_occurrence","historic_label":"Colorado River green lineage","current_label":"Colorado River green lineage","recovery_label":"Recovery watch / review area","tier":"tier2","minZoom":12,"confidence_public":"Watershed-level lineage context; expert review recommended","geometry_status_public":"Named natural stream occurrence from statewide hydrography","geometry_source_public":"Grouped public hydrography segments","trout_source_public":"Compiled public recovery and lineage context; expert review recommended","public_notes":"Little Muddy Creek is shown as a named-water occurrence within watershed-level cutthroat lineage context. This is not a precise biological boundary."}},{"type":"Feature","geometry":{"type":"LineString","coordinates":[[-106.1151,40.0146],[-106.1165,40.0157]]},"properties":{"source_id":"co_named_stream_070573","name":"Little Muddy Creek","display_name":"Little Muddy Creek","mapped_name":"Little Muddy Creek","source_name":"Little Muddy Creek","state":"CO","atlas_class":"named_natural_stream","huc8":"14010001","huc8Name":"Colorado Headwaters","huc8States":"CO","lineageKey":"coloradoRiver","lineage":"coloradoRiver","historic":"coloradoRiver","current":"coloradoRiver","recovery":"recoveryWatch","lineageLabel":"Colorado River green lineage","lineageBasin":"Colorado Headwaters","lineageNote":"Upper Colorado green-lineage context","atlas_context":"cutthroat_lineage_context","confidence":"Watershed-level lineage context; expert review recommended","geometryStatus":"Named natural stream segment from statewide hydrography","note":"This named natural stream falls within a HUC8 assigned to a cutthroat lineage context.","source_segment_id":"co_named_stream_070573","water_id":"co_little_muddy_creek_14010001_coloradoRiver_003","occurrence_id":"co_little_muddy_creek_14010001_coloradoRiver_003","occurrence_number":"003","segment_count":60,"disambiguator":"Colorado Headwaters · Colorado River green lineage · occurrence 003","basin":"Colorado Headwaters","atlas_layer":"named_water_occurrence","object_role":"named_water_occurrence","historic_label":"Colorado River green lineage","current_label":"Colorado River green lineage","recovery_label":"Recovery watch / review area","tier":"tier2","minZoom":12,"confidence_public":"Watershed-level lineage context; expert review recommended","geometry_status_public":"Named natural stream occurrence from statewide hydrography","geometry_source_public":"Grouped public hydrography segments","trout_source_public":"Compiled public recovery and lineage context; expert review recommended","public_notes":"Little Muddy Creek is shown as a named-water occurrence within watershed-level cutthroat lineage context. This is not a precise biological boundary."}},{"type":"Feature","geometry":{"type":"LineString","coordinates":[[-106.1165,40.0157],[-106.1188,40.0173]]},"properties":{"source_id":"co_named_stream_071507","name":"Little Muddy Creek","display_name":"Little Muddy Creek","mapped_name":"Little Muddy Creek","source_name":"Little Muddy Creek","state":"CO","atlas_class":"named_natural_stream","huc8":"14010001","huc8Name":"Colorado Headwaters","huc8States":"CO","lineageKey":"coloradoRiver","lineage":"coloradoRiver","historic":"coloradoRiver","current":"coloradoRiver","recovery":"recoveryWatch","lineageLabel":"Colorado River green lineage","lineageBasin":"Colorado Headwaters","lineageNote":"Upper Colorado green-lineage context","atlas_context":"cutthroat_lineage_context","confidence":"Watershed-level lineage context; expert review recommended","geometryStatus":"Named natural stream segment from statewide hydrography","note":"This named natural stream falls within a HUC8 assigned to a cutthroat lineage context.","source_segment_id":"co_named_stream_071507","water_id":"co_little_muddy_creek_14010001_coloradoRiver_003","occurrence_id":"co_little_muddy_creek_14010001_coloradoRiver_003","occurrence_number":"003","segment_count":60,"disambiguator":"Colorado Headwaters · Colorado River green lineage · occurrence 003","basin":"Colorado Headwaters","atlas_layer":"named_water_occurrence","object_role":"named_water_occurrence","historic_label":"Colorado River green lineage","current_label":"Colorado River green lineage","recovery_label":"Recovery watch / review area","tier":"tier2","minZoom":12,"confidence_public":"Watershed-level lineage context; expert review recommended","geometry_status_public":"Named natural stream occurrence from statewide hydrography","geometry_source_public":"Grouped public hydrography segments","trout_source_public":"Compiled public recovery and lineage context; expert review recommended","public_notes":"Little Muddy Creek is shown as a named-water occurrence within watershed-level cutthroat lineage context. This is not a precise biological boundary."}},{"type":"Feature","geometry":{"type":"LineString","coordinates":[[-106.1252,40.0273],[-106.1257,40.028]]},"properties":{"source_id":"co_named_stream_071514","name":"Little Muddy Creek","display_name":"Little Muddy Creek","mapped_name":"Little Muddy Creek","source_name":"Little Muddy Creek","state":"CO","atlas_class":"named_natural_stream","huc8":"14010001","huc8Name":"Colorado Headwaters","huc8States":"CO","lineageKey":"coloradoRiver","lineage":"coloradoRiver","historic":"coloradoRiver","current":"coloradoRiver","recovery":"recoveryWatch","lineageLabel":"Colorado River green lineage","lineageBasin":"Colorado Headwaters","lineageNote":"Upper Colorado green-lineage context","atlas_context":"cutthroat_lineage_context","confidence":"Watershed-level lineage context; expert review recommended","geometryStatus":"Named natural stream segment from statewide hydrography","note":"This named natural stream falls within a HUC8 assigned to a cutthroat lineage context.","source_segment_id":"co_named_stream_071514","water_id":"co_little_muddy_creek_14010001_coloradoRiver_003","occurrence_id":"co_little_muddy_creek_14010001_coloradoRiver_003","occurrence_number":"003","segment_count":60,"disambiguator":"Colorado Headwaters · Colorado River green lineage · occurrence 003","basin":"Colorado Headwaters","atlas_layer":"named_water_occurrence","object_role":"named_water_occurrence","historic_label":"Colorado River green lineage","current_label":"Colorado River green lineage","recovery_label":"Recovery watch / review area","tier":"tier2","minZoom":12,"confidence_public":"Watershed-level lineage context; expert review recommended","geometry_status_public":"Named natural stream occurrence from statewide hydrography","geometry_source_public":"Grouped public hydrography segments","trout_source_public":"Compiled public recovery and lineage context; expert review recommended","public_notes":"Little Muddy Creek is shown as a named-water occurrence within watershed-level cutthroat lineage context. This is not a precise biological boundary."}},{"type":"Feature","geometry":{"type":"LineString","coordinates":[[-106.0949,40.0054],[-106.0956,40.0066]]},"properties":{"source_id":"co_named_stream_071515","name":"Little Muddy Creek","display_name":"Little Muddy Creek","mapped_name":"Little Muddy Creek","source_name":"Little Muddy Creek","state":"CO","atlas_class":"named_natural_stream","huc8":"14010001","huc8Name":"Colorado Headwaters","huc8States":"CO","lineageKey":"coloradoRiver","lineage":"coloradoRiver","historic":"coloradoRiver","current":"coloradoRiver","recovery":"recoveryWatch","lineageLabel":"Colorado River green lineage","lineageBasin":"Colorado Headwaters","lineageNote":"Upper Colorado green-lineage context","atlas_context":"cutthroat_lineage_context","confidence":"Watershed-level lineage context; expert review recommended","geometryStatus":"Named natural stream segment from statewide hydrography","note":"This named natural stream falls within a HUC8 assigned to a cutthroat lineage context.","source_segment_id":"co_named_stream_071515","water_id":"co_little_muddy_creek_14010001_coloradoRiver_003","occurrence_id":"co_little_muddy_creek_14010001_coloradoRiver_003","occurrence_number":"003","segment_count":60,"disambiguator":"Colorado Headwaters · Colorado River green lineage · occurrence 003","basin":"Colorado Headwaters","atlas_layer":"named_water_occurrence","object_role":"named_water_occurrence","historic_label":"Colorado River green lineage","current_label":"Colorado River green lineage","recovery_label":"Recovery watch / review area","tier":"tier2","minZoom":12,"confidence_public":"Watershed-level lineage context; expert review recommended","geometry_status_public":"Named natural stream occurrence from statewide hydrography","geometry_source_public":"Grouped public hydrography segments","trout_source_public":"Compiled public recovery and lineage context; expert review recommended","public_notes":"Little Muddy Creek is shown as a named-water occurrence within watershed-level cutthroat lineage context. This is not a precise biological boundary."}},{"type":"Feature","geometry":{"type":"LineString","coordinates":[[-106.1188,40.0173],[-106.1199,40.0184]]},"properties":{"source_id":"co_named_stream_071517","name":"Little Muddy Creek","display_name":"Little Muddy Creek","mapped_name":"Little Muddy Creek","source_name":"Little Muddy Creek","state":"CO","atlas_class":"named_natural_stream","huc8":"14010001","huc8Name":"Colorado Headwaters","huc8States":"CO","lineageKey":"coloradoRiver","lineage":"coloradoRiver","historic":"coloradoRiver","current":"coloradoRiver","recovery":"recoveryWatch","lineageLabel":"Colorado River green lineage","lineageBasin":"Colorado Headwaters","lineageNote":"Upper Colorado green-lineage context","atlas_context":"cutthroat_lineage_context","confidence":"Watershed-level lineage context; expert review recommended","geometryStatus":"Named natural stream segment from statewide hydrography","note":"This named natural stream falls within a HUC8 assigned to a cutthroat lineage context.","source_segment_id":"co_named_stream_071517","water_id":"co_little_muddy_creek_14010001_coloradoRiver_003","occurrence_id":"co_little_muddy_creek_14010001_coloradoRiver_003","occurrence_number":"003","segment_count":60,"disambiguator":"Colorado Headwaters · Colorado River green lineage · occurrence 003","basin":"Colorado Headwaters","atlas_layer":"named_water_occurrence","object_role":"named_water_occurrence","historic_label":"Colorado River green lineage","current_label":"Colorado River green lineage","recovery_label":"Recovery watch / review area","tier":"tier2","minZoom":12,"confidence_public":"Watershed-level lineage context; expert review recommended","geometry_status_public":"Named natural stream occurrence from statewide hydrography","geometry_source_public":"Grouped public hydrography segments","trout_source_public":"Compiled public recovery and lineage context; expert review recommended","public_notes":"Little Muddy Creek is shown as a named-water occurrence within watershed-level cutthroat lineage context. This is not a precise biological boundary."}},{"type":"Feature","geometry":{"type":"LineString","coordinates":[[-106.0986,40.0105],[-106.1018,40.0107]]},"properties":{"source_id":"co_named_stream_071520","name":"Little Muddy Creek","display_name":"Little Muddy Creek","mapped_name":"Little Muddy Creek","source_name":"Little Muddy Creek","state":"CO","atlas_class":"named_natural_stream","huc8":"14010001","huc8Name":"Colorado Headwaters","huc8States":"CO","lineageKey":"coloradoRiver","lineage":"coloradoRiver","historic":"coloradoRiver","current":"coloradoRiver","recovery":"recoveryWatch","lineageLabel":"Colorado River green lineage","lineageBasin":"Colorado Headwaters","lineageNote":"Upper Colorado green-lineage context","atlas_context":"cutthroat_lineage_context","confidence":"Watershed-level lineage context; expert review recommended","geometryStatus":"Named natural stream segment from statewide hydrography","note":"This named natural stream falls within a HUC8 assigned to a cutthroat lineage context.","source_segment_id":"co_named_stream_071520","water_id":"co_little_muddy_creek_14010001_coloradoRiver_003","occurrence_id":"co_little_muddy_creek_14010001_coloradoRiver_003","occurrence_number":"003","segment_count":60,"disambiguator":"Colorado Headwaters · Colorado River green lineage · occurrence 003","basin":"Colorado Headwaters","atlas_layer":"named_water_occurrence","object_role":"named_water_occurrence","historic_label":"Colorado River green lineage","current_label":"Colorado River green lineage","recovery_label":"Recovery watch / review area","tier":"tier2","minZoom":12,"confidence_public":"Watershed-level lineage context; expert review recommended","geometry_status_public":"Named natural stream occurrence from statewide hydrography","geometry_source_public":"Grouped public hydrography segments","trout_source_public":"Compiled public recovery and lineage context; expert review recommended","public_notes":"Little Muddy Creek is shown as a named-water occurrence within watershed-level cutthroat lineage context. This is not a precise biological boundary."}},{"type":"Feature","geometry":{"type":"LineString","coordinates":[[-106.115,40.0143],[-106.1151,40.0146]]},"properties":{"source_id":"co_named_stream_071521","name":"Little Muddy Creek","display_name":"Little Muddy Creek","mapped_name":"Little Muddy Creek","source_name":"Little Muddy Creek","state":"CO","atlas_class":"named_natural_stream","huc8":"14010001","huc8Name":"Colorado Headwaters","huc8States":"CO","lineageKey":"coloradoRiver","lineage":"coloradoRiver","historic":"coloradoRiver","current":"coloradoRiver","recovery":"recoveryWatch","lineageLabel":"Colorado River green lineage","lineageBasin":"Colorado Headwaters","lineageNote":"Upper Colorado green-lineage context","atlas_context":"cutthroat_lineage_context","confidence":"Watershed-level lineage context; expert review recommended","geometryStatus":"Named natural stream segment from statewide hydrography","note":"This named natural stream falls within a HUC8 assigned to a cutthroat lineage context.","source_segment_id":"co_named_stream_071521","water_id":"co_little_muddy_creek_14010001_coloradoRiver_003","occurrence_id":"co_little_muddy_creek_14010001_coloradoRiver_003","occurrence_number":"003","segment_count":60,"disambiguator":"Colorado Headwaters · Colorado River green lineage · occurrence 003","basin":"Colorado Headwaters","atlas_layer":"named_water_occurrence","object_role":"named_water_occurrence","historic_label":"Colorado River green lineage","current_label":"Colorado River green lineage","recovery_label":"Recovery watch / review area","tier":"tier2","minZoom":12,"confidence_public":"Watershed-level lineage context; expert review recommended","geometry_status_public":"Named natural stream occurrence from statewide hydrography","geometry_source_public":"Grouped public hydrography segments","trout_source_public":"Compiled public recovery and lineage context; expert review recommended","public_notes":"Little Muddy Creek is shown as a named-water occurrence within watershed-level cutthroat lineage context. This is not a precise biological boundary."}},{"type":"Feature","geometry":{"type":"LineString","coordinates":[[-106.1427,40.0414],[-106.1433,40.0429]]},"properties":{"source_id":"co_named_stream_071522","name":"Little Muddy Creek","display_name":"Little Muddy Creek","mapped_name":"Little Muddy Creek","source_name":"Little Muddy Creek","state":"CO","atlas_class":"named_natural_stream","huc8":"14010001","huc8Name":"Colorado Headwaters","huc8States":"CO","lineageKey":"coloradoRiver","lineage":"coloradoRiver","historic":"coloradoRiver","current":"coloradoRiver","recovery":"recoveryWatch","lineageLabel":"Colorado River green lineage","lineageBasin":"Colorado Headwaters","lineageNote":"Upper Colorado green-lineage context","atlas_context":"cutthroat_lineage_context","confidence":"Watershed-level lineage context; expert review recommended","geometryStatus":"Named natural stream segment from statewide hydrography","note":"This named natural stream falls within a HUC8 assigned to a cutthroat lineage context.","source_segment_id":"co_named_stream_071522","water_id":"co_little_muddy_creek_14010001_coloradoRiver_003","occurrence_id":"co_little_muddy_creek_14010001_coloradoRiver_003","occurrence_number":"003","segment_count":60,"disambiguator":"Colorado Headwaters · Colorado River green lineage · occurrence 003","basin":"Colorado Headwaters","atlas_layer":"named_water_occurrence","object_role":"named_water_occurrence","historic_label":"Colorado River green lineage","current_label":"Colorado River green lineage","recovery_label":"Recovery watch / review area","tier":"tier2","minZoom":12,"confidence_public":"Watershed-level lineage context; expert review recommended","geometry_status_public":"Named natural stream occurrence from statewide hydrography","geometry_source_public":"Grouped public hydrography segments","trout_source_public":"Compiled public recovery and lineage context; expert review recommended","public_notes":"Little Muddy Creek is shown as a named-water occurrence within watershed-level cutthroat lineage context. This is not a precise biological boundary."}},{"type":"Feature","geometry":{"type":"LineString","coordinates":[[-106.1396,40.0367],[-106.1405,40.0381]]},"properties":{"source_id":"co_named_stream_071523","name":"Little Muddy Creek","display_name":"Little Muddy Creek","mapped_name":"Little Muddy Creek","source_name":"Little Muddy Creek","state":"CO","atlas_class":"named_natural_stream","huc8":"14010001","huc8Name":"Colorado Headwaters","huc8States":"CO","lineageKey":"coloradoRiver","lineage":"coloradoRiver","historic":"coloradoRiver","current":"coloradoRiver","recovery":"recoveryWatch","lineageLabel":"Colorado River green lineage","lineageBasin":"Colorado Headwaters","lineageNote":"Upper Colorado green-lineage context","atlas_context":"cutthroat_lineage_context","confidence":"Watershed-level lineage context; expert review recommended","geometryStatus":"Named natural stream segment from statewide hydrography","note":"This named natural stream falls within a HUC8 assigned to a cutthroat lineage context.","source_segment_id":"co_named_stream_071523","water_id":"co_little_muddy_creek_14010001_coloradoRiver_003","occurrence_id":"co_little_muddy_creek_14010001_coloradoRiver_003","occurrence_number":"003","segment_count":60,"disambiguator":"Colorado Headwaters · Colorado River green lineage · occurrence 003","basin":"Colorado Headwaters","atlas_layer":"named_water_occurrence","object_role":"named_water_occurrence","historic_label":"Colorado River green lineage","current_label":"Colorado River green lineage","recovery_label":"Recovery watch / review area","tier":"tier2","minZoom":12,"confidence_public":"Watershed-level lineage context; expert review recommended","geometry_status_public":"Named natural stream occurrence from statewide hydrography","geometry_source_public":"Grouped public hydrography segments","trout_source_public":"Compiled public recovery and lineage context; expert review recommended","public_notes":"Little Muddy Creek is shown as a named-water occurrence within watershed-level cutthroat lineage context. This is not a precise biological boundary."}},{"type":"Feature","geometry":{"type":"LineString","coordinates":[[-106.1199,40.0184],[-106.1214,40.0202]]},"properties":{"source_id":"co_named_stream_071524","name":"Little Muddy Creek","display_name":"Little Muddy Creek","mapped_name":"Little Muddy Creek","source_name":"Little Muddy Creek","state":"CO","atlas_class":"named_natural_stream","huc8":"14010001","huc8Name":"Colorado Headwaters","huc8States":"CO","lineageKey":"coloradoRiver","lineage":"coloradoRiver","historic":"coloradoRiver","current":"coloradoRiver","recovery":"recoveryWatch","lineageLabel":"Colorado River green lineage","lineageBasin":"Colorado Headwaters","lineageNote":"Upper Colorado green-lineage context","atlas_context":"cutthroat_lineage_context","confidence":"Watershed-level lineage context; expert review recommended","geometryStatus":"Named natural stream segment from statewide hydrography","note":"This named natural stream falls within a HUC8 assigned to a cutthroat lineage context.","source_segment_id":"co_named_stream_071524","water_id":"co_little_muddy_creek_14010001_coloradoRiver_003","occurrence_id":"co_little_muddy_creek_14010001_coloradoRiver_003","occurrence_number":"003","segment_count":60,"disambiguator":"Colorado Headwaters · Colorado River green lineage · occurrence 003","basin":"Colorado Headwaters","atlas_layer":"named_water_occurrence","object_role":"named_water_occurrence","historic_label":"Colorado River green lineage","current_label":"Colorado River green lineage","recovery_label":"Recovery watch / review area","tier":"tier2","minZoom":12,"confidence_public":"Watershed-level lineage context; expert review recommended","geometry_status_public":"Named natural stream occurrence from statewide hydrography","geometry_source_public":"Grouped public hydrography segments","trout_source_public":"Compiled public recovery and lineage context; expert review recommended","public_notes":"Little Muddy Creek is shown as a named-water occurrence within watershed-level cutthroat lineage context. This is not a precise biological boundary."}},{"type":"Feature","geometry":{"type":"LineString","coordinates":[[-106.1272,40.0298],[-106.1289,40.0303]]},"properties":{"source_id":"co_named_stream_071525","name":"Little Muddy Creek","display_name":"Little Muddy Creek","mapped_name":"Little Muddy Creek","source_name":"Little Muddy Creek","state":"CO","atlas_class":"named_natural_stream","huc8":"14010001","huc8Name":"Colorado Headwaters","huc8States":"CO","lineageKey":"coloradoRiver","lineage":"coloradoRiver","historic":"coloradoRiver","current":"coloradoRiver","recovery":"recoveryWatch","lineageLabel":"Colorado River green lineage","lineageBasin":"Colorado Headwaters","lineageNote":"Upper Colorado green-lineage context","atlas_context":"cutthroat_lineage_context","confidence":"Watershed-level lineage context; expert review recommended","geometryStatus":"Named natural stream segment from statewide hydrography","note":"This named natural stream falls within a HUC8 assigned to a cutthroat lineage context.","source_segment_id":"co_named_stream_071525","water_id":"co_little_muddy_creek_14010001_coloradoRiver_003","occurrence_id":"co_little_muddy_creek_14010001_coloradoRiver_003","occurrence_number":"003","segment_count":60,"disambiguator":"Colorado Headwaters · Colorado River green lineage · occurrence 003","basin":"Colorado Headwaters","atlas_layer":"named_water_occurrence","object_role":"named_water_occurrence","historic_label":"Colorado River green lineage","current_label":"Colorado River green lineage","recovery_label":"Recovery watch / review area","tier":"tier2","minZoom":12,"confidence_public":"Watershed-level lineage context; expert review recommended","geometry_status_public":"Named natural stream occurrence from statewide hydrography","geometry_source_public":"Grouped public hydrography segments","trout_source_public":"Compiled public recovery and lineage context; expert review recommended","public_notes":"Little Muddy Creek is shown as a named-water occurrence within watershed-level cutthroat lineage context. This is not a precise biological boundary."}},{"type":"Feature","geometry":{"type":"LineString","coordinates":[[-106.0953,40.0031],[-106.0949,40.004]]},"properties":{"source_id":"co_named_stream_073831","name":"Little Muddy Creek","display_name":"Little Muddy Creek","mapped_name":"Little Muddy Creek","source_name":"Little Muddy Creek","state":"CO","atlas_class":"named_natural_stream","huc8":"14010001","huc8Name":"Colorado Headwaters","huc8States":"CO","lineageKey":"coloradoRiver","lineage":"coloradoRiver","historic":"coloradoRiver","current":"coloradoRiver","recovery":"recoveryWatch","lineageLabel":"Colorado River green lineage","lineageBasin":"Colorado Headwaters","lineageNote":"Upper Colorado green-lineage context","atlas_context":"cutthroat_lineage_context","confidence":"Watershed-level lineage context; expert review recommended","geometryStatus":"Named natural stream segment from statewide hydrography","note":"This named natural stream falls within a HUC8 assigned to a cutthroat lineage context.","source_segment_id":"co_named_stream_073831","water_id":"co_little_muddy_creek_14010001_coloradoRiver_003","occurrence_id":"co_little_muddy_creek_14010001_coloradoRiver_003","occurrence_number":"003","segment_count":60,"disambiguator":"Colorado Headwaters · Colorado River green lineage · occurrence 003","basin":"Colorado Headwaters","atlas_layer":"named_water_occurrence","object_role":"named_water_occurrence","historic_label":"Colorado River green lineage","current_label":"Colorado River green lineage","recovery_label":"Recovery watch / review area","tier":"tier2","minZoom":12,"confidence_public":"Watershed-level lineage context; expert review recommended","geometry_status_public":"Named natural stream occurrence from statewide hydrography","geometry_source_public":"Grouped public hydrography segments","trout_source_public":"Compiled public recovery and lineage context; expert review recommended","public_notes":"Little Muddy Creek is shown as a named-water occurrence within watershed-level cutthroat lineage context. This is not a precise biological boundary."}},{"type":"Feature","geometry":{"type":"LineString","coordinates":[[-106.0949,40.004],[-106.0949,40.0054]]},"properties":{"source_id":"co_named_stream_073838","name":"Little Muddy Creek","display_name":"Little Muddy Creek","mapped_name":"Little Muddy Creek","source_name":"Little Muddy Creek","state":"CO","atlas_class":"named_natural_stream","huc8":"14010001","huc8Name":"Colorado Headwaters","huc8States":"CO","lineageKey":"coloradoRiver","lineage":"coloradoRiver","historic":"coloradoRiver","current":"coloradoRiver","recovery":"recoveryWatch","lineageLabel":"Colorado River green lineage","lineageBasin":"Colorado Headwaters","lineageNote":"Upper Colorado green-lineage context","atlas_context":"cutthroat_lineage_context","confidence":"Watershed-level lineage context; expert review recommended","geometryStatus":"Named natural stream segment from statewide hydrography","note":"This named natural stream falls within a HUC8 assigned to a cutthroat lineage context.","source_segment_id":"co_named_stream_073838","water_id":"co_little_muddy_creek_14010001_coloradoRiver_003","occurrence_id":"co_little_muddy_creek_14010001_coloradoRiver_003","occurrence_number":"003","segment_count":60,"disambiguator":"Colorado Headwaters · Colorado River green lineage · occurrence 003","basin":"Colorado Headwaters","atlas_layer":"named_water_occurrence","object_role":"named_water_occurrence","historic_label":"Colorado River green lineage","current_label":"Colorado River green lineage","recovery_label":"Recovery watch / review area","tier":"tier2","minZoom":12,"confidence_public":"Watershed-level lineage context; expert review recommended","geometry_status_public":"Named natural stream occurrence from statewide hydrography","geometry_source_public":"Grouped public hydrography segments","trout_source_public":"Compiled public recovery and lineage context; expert review recommended","public_notes":"Little Muddy Creek is shown as a named-water occurrence within watershed-level cutthroat lineage context. This is not a precise biological boundary."}},{"type":"Feature","geometry":{"type":"LineString","coordinates":[[-106.1441,40.0441],[-106.1458,40.0462]]},"properties":{"source_id":"co_named_stream_078078","name":"Little Muddy Creek","display_name":"Little Muddy Creek","mapped_name":"Little Muddy Creek","source_name":"Little Muddy Creek","state":"CO","atlas_class":"named_natural_stream","huc8":"14010001","huc8Name":"Colorado Headwaters","huc8States":"CO","lineageKey":"coloradoRiver","lineage":"coloradoRiver","historic":"coloradoRiver","current":"coloradoRiver","recovery":"recoveryWatch","lineageLabel":"Colorado River green lineage","lineageBasin":"Colorado Headwaters","lineageNote":"Upper Colorado green-lineage context","atlas_context":"cutthroat_lineage_context","confidence":"Watershed-level lineage context; expert review recommended","geometryStatus":"Named natural stream segment from statewide hydrography","note":"This named natural stream falls within a HUC8 assigned to a cutthroat lineage context.","source_segment_id":"co_named_stream_078078","water_id":"co_little_muddy_creek_14010001_coloradoRiver_003","occurrence_id":"co_little_muddy_creek_14010001_coloradoRiver_003","occurrence_number":"003","segment_count":60,"disambiguator":"Colorado Headwaters · Colorado River green lineage · occurrence 003","basin":"Colorado Headwaters","atlas_layer":"named_water_occurrence","object_role":"named_water_occurrence","historic_label":"Colorado River green lineage","current_label":"Colorado River green lineage","recovery_label":"Recovery watch / review area","tier":"tier2","minZoom":12,"confidence_public":"Watershed-level lineage context; expert review recommended","geometry_status_public":"Named natural stream occurrence from statewide hydrography","geometry_source_public":"Grouped public hydrography segments","trout_source_public":"Compiled public recovery and lineage context; expert review recommended","public_notes":"Little Muddy Creek is shown as a named-water occurrence within watershed-level cutthroat lineage context. This is not a precise biological boundary."}},{"type":"Feature","geometry":{"type":"LineString","coordinates":[[-106.1327,40.0337],[-106.1348,40.0361],[-106.1396,40.0367]]},"properties":{"source_id":"co_named_stream_078095","name":"Little Muddy Creek","display_name":"Little Muddy Creek","mapped_name":"Little Muddy Creek","source_name":"Little Muddy Creek","state":"CO","atlas_class":"named_natural_stream","huc8":"14010001","huc8Name":"Colorado Headwaters","huc8States":"CO","lineageKey":"coloradoRiver","lineage":"coloradoRiver","historic":"coloradoRiver","current":"coloradoRiver","recovery":"recoveryWatch","lineageLabel":"Colorado River green lineage","lineageBasin":"Colorado Headwaters","lineageNote":"Upper Colorado green-lineage context","atlas_context":"cutthroat_lineage_context","confidence":"Watershed-level lineage context; expert review recommended","geometryStatus":"Named natural stream segment from statewide hydrography","note":"This named natural stream falls within a HUC8 assigned to a cutthroat lineage context.","source_segment_id":"co_named_stream_078095","water_id":"co_little_muddy_creek_14010001_coloradoRiver_003","occurrence_id":"co_little_muddy_creek_14010001_coloradoRiver_003","occurrence_number":"003","segment_count":60,"disambiguator":"Colorado Headwaters · Colorado River green lineage · occurrence 003","basin":"Colorado Headwaters","atlas_layer":"named_water_occurrence","object_role":"named_water_occurrence","historic_label":"Colorado River green lineage","current_label":"Colorado River green lineage","recovery_label":"Recovery watch / review area","tier":"tier2","minZoom":12,"confidence_public":"Watershed-level lineage context; expert review recommended","geometry_status_public":"Named natural stream occurrence from statewide hydrography","geometry_source_public":"Grouped public hydrography segments","trout_source_public":"Compiled public recovery and lineage context; expert review recommended","public_notes":"Little Muddy Creek is shown as a named-water occurrence within watershed-level cutthroat lineage context. This is not a precise biological boundary."}},{"type":"Feature","geometry":{"type":"LineString","coordinates":[[-106.1215,40.0207],[-106.1214,40.0226]]},"properties":{"source_id":"co_named_stream_078096","name":"Little Muddy Creek","display_name":"Little Muddy Creek","mapped_name":"Little Muddy Creek","source_name":"Little Muddy Creek","state":"CO","atlas_class":"named_natural_stream","huc8":"14010001","huc8Name":"Colorado Headwaters","huc8States":"CO","lineageKey":"coloradoRiver","lineage":"coloradoRiver","historic":"coloradoRiver","current":"coloradoRiver","recovery":"recoveryWatch","lineageLabel":"Colorado River green lineage","lineageBasin":"Colorado Headwaters","lineageNote":"Upper Colorado green-lineage context","atlas_context":"cutthroat_lineage_context","confidence":"Watershed-level lineage context; expert review recommended","geometryStatus":"Named natural stream segment from statewide hydrography","note":"This named natural stream falls within a HUC8 assigned to a cutthroat lineage context.","source_segment_id":"co_named_stream_078096","water_id":"co_little_muddy_creek_14010001_coloradoRiver_003","occurrence_id":"co_little_muddy_creek_14010001_coloradoRiver_003","occurrence_number":"003","segment_count":60,"disambiguator":"Colorado Headwaters · Colorado River green lineage · occurrence 003","basin":"Colorado Headwaters","atlas_layer":"named_water_occurrence","object_role":"named_water_occurrence","historic_label":"Colorado River green lineage","current_label":"Colorado River green lineage","recovery_label":"Recovery watch / review area","tier":"tier2","minZoom":12,"confidence_public":"Watershed-level lineage context; expert review recommended","geometry_status_public":"Named natural stream occurrence from statewide hydrography","geometry_source_public":"Grouped public hydrography segments","trout_source_public":"Compiled public recovery and lineage context; expert review recommended","public_notes":"Little Muddy Creek is shown as a named-water occurrence within watershed-level cutthroat lineage context. This is not a precise biological boundary."}},{"type":"Feature","geometry":{"type":"LineString","coordinates":[[-106.1418,40.0399],[-106.1427,40.0414]]},"properties":{"source_id":"co_named_stream_078107","name":"Little Muddy Creek","display_name":"Little Muddy Creek","mapped_name":"Little Muddy Creek","source_name":"Little Muddy Creek","state":"CO","atlas_class":"named_natural_stream","huc8":"14010001","huc8Name":"Colorado Headwaters","huc8States":"CO","lineageKey":"coloradoRiver","lineage":"coloradoRiver","historic":"coloradoRiver","current":"coloradoRiver","recovery":"recoveryWatch","lineageLabel":"Colorado River green lineage","lineageBasin":"Colorado Headwaters","lineageNote":"Upper Colorado green-lineage context","atlas_context":"cutthroat_lineage_context","confidence":"Watershed-level lineage context; expert review recommended","geometryStatus":"Named natural stream segment from statewide hydrography","note":"This named natural stream falls within a HUC8 assigned to a cutthroat lineage context.","source_segment_id":"co_named_stream_078107","water_id":"co_little_muddy_creek_14010001_coloradoRiver_003","occurrence_id":"co_little_muddy_creek_14010001_coloradoRiver_003","occurrence_number":"003","segment_count":60,"disambiguator":"Colorado Headwaters · Colorado River green lineage · occurrence 003","basin":"Colorado Headwaters","atlas_layer":"named_water_occurrence","object_role":"named_water_occurrence","historic_label":"Colorado River green lineage","current_label":"Colorado River green lineage","recovery_label":"Recovery watch / review area","tier":"tier2","minZoom":12,"confidence_public":"Watershed-level lineage context; expert review recommended","geometry_status_public":"Named natural stream occurrence from statewide hydrography","geometry_source_public":"Grouped public hydrography segments","trout_source_public":"Compiled public recovery and lineage context; expert review recommended","public_notes":"Little Muddy Creek is shown as a named-water occurrence within watershed-level cutthroat lineage context. This is not a precise biological boundary."}},{"type":"Feature","geometry":{"type":"LineString","coordinates":[[-106.1257,40.028],[-106.1272,40.0298]]},"properties":{"source_id":"co_named_stream_078112","name":"Little Muddy Creek","display_name":"Little Muddy Creek","mapped_name":"Little Muddy Creek","source_name":"Little Muddy Creek","state":"CO","atlas_class":"named_natural_stream","huc8":"14010001","huc8Name":"Colorado Headwaters","huc8States":"CO","lineageKey":"coloradoRiver","lineage":"coloradoRiver","historic":"coloradoRiver","current":"coloradoRiver","recovery":"recoveryWatch","lineageLabel":"Colorado River green lineage","lineageBasin":"Colorado Headwaters","lineageNote":"Upper Colorado green-lineage context","atlas_context":"cutthroat_lineage_context","confidence":"Watershed-level lineage context; expert review recommended","geometryStatus":"Named natural stream segment from statewide hydrography","note":"This named natural stream falls within a HUC8 assigned to a cutthroat lineage context.","source_segment_id":"co_named_stream_078112","water_id":"co_little_muddy_creek_14010001_coloradoRiver_003","occurrence_id":"co_little_muddy_creek_14010001_coloradoRiver_003","occurrence_number":"003","segment_count":60,"disambiguator":"Colorado Headwaters · Colorado River green lineage · occurrence 003","basin":"Colorado Headwaters","atlas_layer":"named_water_occurrence","object_role":"named_water_occurrence","historic_label":"Colorado River green lineage","current_label":"Colorado River green lineage","recovery_label":"Recovery watch / review area","tier":"tier2","minZoom":12,"confidence_public":"Watershed-level lineage context; expert review recommended","geometry_status_public":"Named natural stream occurrence from statewide hydrography","geometry_source_public":"Grouped public hydrography segments","trout_source_public":"Compiled public recovery and lineage context; expert review recommended","public_notes":"Little Muddy Creek is shown as a named-water occurrence within watershed-level cutthroat lineage context. This is not a precise biological boundary."}},{"type":"Feature","geometry":{"type":"LineString","coordinates":[[-106.1433,40.0429],[-106.1441,40.0441]]},"properties":{"source_id":"co_named_stream_078113","name":"Little Muddy Creek","display_name":"Little Muddy Creek","mapped_name":"Little Muddy Creek","source_name":"Little Muddy Creek","state":"CO","atlas_class":"named_natural_stream","huc8":"14010001","huc8Name":"Colorado Headwaters","huc8States":"CO","lineageKey":"coloradoRiver","lineage":"coloradoRiver","historic":"coloradoRiver","current":"coloradoRiver","recovery":"recoveryWatch","lineageLabel":"Colorado River green lineage","lineageBasin":"Colorado Headwaters","lineageNote":"Upper Colorado green-lineage context","atlas_context":"cutthroat_lineage_context","confidence":"Watershed-level lineage context; expert review recommended","geometryStatus":"Named natural stream segment from statewide hydrography","note":"This named natural stream falls within a HUC8 assigned to a cutthroat lineage context.","source_segment_id":"co_named_stream_078113","water_id":"co_little_muddy_creek_14010001_coloradoRiver_003","occurrence_id":"co_little_muddy_creek_14010001_coloradoRiver_003","occurrence_number":"003","segment_count":60,"disambiguator":"Colorado Headwaters · Colorado River green lineage · occurrence 003","basin":"Colorado Headwaters","atlas_layer":"named_water_occurrence","object_role":"named_water_occurrence","historic_label":"Colorado River green lineage","current_label":"Colorado River green lineage","recovery_label":"Recovery watch / review area","tier":"tier2","minZoom":12,"confidence_public":"Watershed-level lineage context; expert review recommended","geometry_status_public":"Named natural stream occurrence from statewide hydrography","geometry_source_public":"Grouped public hydrography segments","trout_source_public":"Compiled public recovery and lineage context; expert review recommended","public_notes":"Little Muddy Creek is shown as a named-water occurrence within watershed-level cutthroat lineage context. This is not a precise biological boundary."}},{"type":"Feature","geometry":{"type":"LineString","coordinates":[[-106.1214,40.0226],[-106.123,40.0251]]},"properties":{"source_id":"co_named_stream_078114","name":"Little Muddy Creek","display_name":"Little Muddy Creek","mapped_name":"Little Muddy Creek","source_name":"Little Muddy Creek","state":"CO","atlas_class":"named_natural_stream","huc8":"14010001","huc8Name":"Colorado Headwaters","huc8States":"CO","lineageKey":"coloradoRiver","lineage":"coloradoRiver","historic":"coloradoRiver","current":"coloradoRiver","recovery":"recoveryWatch","lineageLabel":"Colorado River green lineage","lineageBasin":"Colorado Headwaters","lineageNote":"Upper Colorado green-lineage context","atlas_context":"cutthroat_lineage_context","confidence":"Watershed-level lineage context; expert review recommended","geometryStatus":"Named natural stream segment from statewide hydrography","note":"This named natural stream falls within a HUC8 assigned to a cutthroat lineage context.","source_segment_id":"co_named_stream_078114","water_id":"co_little_muddy_creek_14010001_coloradoRiver_003","occurrence_id":"co_little_muddy_creek_14010001_coloradoRiver_003","occurrence_number":"003","segment_count":60,"disambiguator":"Colorado Headwaters · Colorado River green lineage · occurrence 003","basin":"Colorado Headwaters","atlas_layer":"named_water_occurrence","object_role":"named_water_occurrence","historic_label":"Colorado River green lineage","current_label":"Colorado River green lineage","recovery_label":"Recovery watch / review area","tier":"tier2","minZoom":12,"confidence_public":"Watershed-level lineage context; expert review recommended","geometry_status_public":"Named natural stream occurrence from statewide hydrography","geometry_source_public":"Grouped public hydrography segments","trout_source_public":"Compiled public recovery and lineage context; expert review recommended","public_notes":"Little Muddy Creek is shown as a named-water occurrence within watershed-level cutthroat lineage context. This is not a precise biological boundary."}},{"type":"Feature","geometry":{"type":"LineString","coordinates":[[-106.1327,40.0333],[-106.1327,40.0337]]},"properties":{"source_id":"co_named_stream_078115","name":"Little Muddy Creek","display_name":"Little Muddy Creek","mapped_name":"Little Muddy Creek","source_name":"Little Muddy Creek","state":"CO","atlas_class":"named_natural_stream","huc8":"14010001","huc8Name":"Colorado Headwaters","huc8States":"CO","lineageKey":"coloradoRiver","lineage":"coloradoRiver","historic":"coloradoRiver","current":"coloradoRiver","recovery":"recoveryWatch","lineageLabel":"Colorado River green lineage","lineageBasin":"Colorado Headwaters","lineageNote":"Upper Colorado green-lineage context","atlas_context":"cutthroat_lineage_context","confidence":"Watershed-level lineage context; expert review recommended","geometryStatus":"Named natural stream segment from statewide hydrography","note":"This named natural stream falls within a HUC8 assigned to a cutthroat lineage context.","source_segment_id":"co_named_stream_078115","water_id":"co_little_muddy_creek_14010001_coloradoRiver_003","occurrence_id":"co_little_muddy_creek_14010001_coloradoRiver_003","occurrence_number":"003","segment_count":60,"disambiguator":"Colorado Headwaters · Colorado River green lineage · occurrence 003","basin":"Colorado Headwaters","atlas_layer":"named_water_occurrence","object_role":"named_water_occurrence","historic_label":"Colorado River green lineage","current_label":"Colorado River green lineage","recovery_label":"Recovery watch / review area","tier":"tier2","minZoom":12,"confidence_public":"Watershed-level lineage context; expert review recommended","geometry_status_public":"Named natural stream occurrence from statewide hydrography","geometry_source_public":"Grouped public hydrography segments","trout_source_public":"Compiled public recovery and lineage context; expert review recommended","public_notes":"Little Muddy Creek is shown as a named-water occurrence within watershed-level cutthroat lineage context. This is not a precise biological boundary."}},{"type":"Feature","geometry":{"type":"LineString","coordinates":[[-106.1289,40.0303],[-106.1314,40.0315]]},"properties":{"source_id":"co_named_stream_078116","name":"Little Muddy Creek","display_name":"Little Muddy Creek","mapped_name":"Little Muddy Creek","source_name":"Little Muddy Creek","state":"CO","atlas_class":"named_natural_stream","huc8":"14010001","huc8Name":"Colorado Headwaters","huc8States":"CO","lineageKey":"coloradoRiver","lineage":"coloradoRiver","historic":"coloradoRiver","current":"coloradoRiver","recovery":"recoveryWatch","lineageLabel":"Colorado River green lineage","lineageBasin":"Colorado Headwaters","lineageNote":"Upper Colorado green-lineage context","atlas_context":"cutthroat_lineage_context","confidence":"Watershed-level lineage context; expert review recommended","geometryStatus":"Named natural stream segment from statewide hydrography","note":"This named natural stream falls within a HUC8 assigned to a cutthroat lineage context.","source_segment_id":"co_named_stream_078116","water_id":"co_little_muddy_creek_14010001_coloradoRiver_003","occurrence_id":"co_little_muddy_creek_14010001_coloradoRiver_003","occurrence_number":"003","segment_count":60,"disambiguator":"Colorado Headwaters · Colorado River green lineage · occurrence 003","basin":"Colorado Headwaters","atlas_layer":"named_water_occurrence","object_role":"named_water_occurrence","historic_label":"Colorado River green lineage","current_label":"Colorado River green lineage","recovery_label":"Recovery watch / review area","tier":"tier2","minZoom":12,"confidence_public":"Watershed-level lineage context; expert review recommended","geometry_status_public":"Named natural stream occurrence from statewide hydrography","geometry_source_public":"Grouped public hydrography segments","trout_source_public":"Compiled public recovery and lineage context; expert review recommended","public_notes":"Little Muddy Creek is shown as a named-water occurrence within watershed-level cutthroat lineage context. This is not a precise biological boundary."}},{"type":"Feature","geometry":{"type":"LineString","coordinates":[[-106.0926,39.9948],[-106.0957,39.9963],[-106.0955,40.0028]]},"properties":{"source_id":"co_named_stream_082096","name":"Little Muddy Creek","display_name":"Little Muddy Creek","mapped_name":"Little Muddy Creek","source_name":"Little Muddy Creek","state":"CO","atlas_class":"named_natural_stream","huc8":"14010001","huc8Name":"Colorado Headwaters","huc8States":"CO","lineageKey":"coloradoRiver","lineage":"coloradoRiver","historic":"coloradoRiver","current":"coloradoRiver","recovery":"recoveryWatch","lineageLabel":"Colorado River green lineage","lineageBasin":"Colorado Headwaters","lineageNote":"Upper Colorado green-lineage context","atlas_context":"cutthroat_lineage_context","confidence":"Watershed-level lineage context; expert review recommended","geometryStatus":"Named natural stream segment from statewide hydrography","note":"This named natural stream falls within a HUC8 assigned to a cutthroat lineage context.","source_segment_id":"co_named_stream_082096","water_id":"co_little_muddy_creek_14010001_coloradoRiver_003","occurrence_id":"co_little_muddy_creek_14010001_coloradoRiver_003","occurrence_number":"003","segment_count":60,"disambiguator":"Colorado Headwaters · Colorado River green lineage · occurrence 003","basin":"Colorado Headwaters","atlas_layer":"named_water_occurrence","object_role":"named_water_occurrence","historic_label":"Colorado River green lineage","current_label":"Colorado River green lineage","recovery_label":"Recovery watch / review area","tier":"tier2","minZoom":12,"confidence_public":"Watershed-level lineage context; expert review recommended","geometry_status_public":"Named natural stream occurrence from statewide hydrography","geometry_source_public":"Grouped public hydrography segments","trout_source_public":"Compiled public recovery and lineage context; expert review recommended","public_notes":"Little Muddy Creek is shown as a named-water occurrence within watershed-level cutthroat lineage context. This is not a precise biological boundary."}},{"type":"Feature","geometry":{"type":"LineString","coordinates":[[-106.0955,40.0068],[-106.0959,40.0071]]},"properties":{"source_id":"co_named_stream_082100","name":"Little Muddy Creek","display_name":"Little Muddy Creek","mapped_name":"Little Muddy Creek","source_name":"Little Muddy Creek","state":"CO","atlas_class":"named_natural_stream","huc8":"14010001","huc8Name":"Colorado Headwaters","huc8States":"CO","lineageKey":"coloradoRiver","lineage":"coloradoRiver","historic":"coloradoRiver","current":"coloradoRiver","recovery":"recoveryWatch","lineageLabel":"Colorado River green lineage","lineageBasin":"Colorado Headwaters","lineageNote":"Upper Colorado green-lineage context","atlas_context":"cutthroat_lineage_context","confidence":"Watershed-level lineage context; expert review recommended","geometryStatus":"Named natural stream segment from statewide hydrography","note":"This named natural stream falls within a HUC8 assigned to a cutthroat lineage context.","source_segment_id":"co_named_stream_082100","water_id":"co_little_muddy_creek_14010001_coloradoRiver_003","occurrence_id":"co_little_muddy_creek_14010001_coloradoRiver_003","occurrence_number":"003","segment_count":60,"disambiguator":"Colorado Headwaters · Colorado River green lineage · occurrence 003","basin":"Colorado Headwaters","atlas_layer":"named_water_occurrence","object_role":"named_water_occurrence","historic_label":"Colorado River green lineage","current_label":"Colorado River green lineage","recovery_label":"Recovery watch / review area","tier":"tier2","minZoom":12,"confidence_public":"Watershed-level lineage context; expert review recommended","geometry_status_public":"Named natural stream occurrence from statewide hydrography","geometry_source_public":"Grouped public hydrography segments","trout_source_public":"Compiled public recovery and lineage context; expert review recommended","public_notes":"Little Muddy Creek is shown as a named-water occurrence within watershed-level cutthroat lineage context. This is not a precise biological boundary."}},{"type":"Feature","geometry":{"type":"LineString","coordinates":[[-106.1018,40.0107],[-106.1122,40.0121]]},"properties":{"source_id":"co_named_stream_082101","name":"Little Muddy Creek","display_name":"Little Muddy Creek","mapped_name":"Little Muddy Creek","source_name":"Little Muddy Creek","state":"CO","atlas_class":"named_natural_stream","huc8":"14010001","huc8Name":"Colorado Headwaters","huc8States":"CO","lineageKey":"coloradoRiver","lineage":"coloradoRiver","historic":"coloradoRiver","current":"coloradoRiver","recovery":"recoveryWatch","lineageLabel":"Colorado River green lineage","lineageBasin":"Colorado Headwaters","lineageNote":"Upper Colorado green-lineage context","atlas_context":"cutthroat_lineage_context","confidence":"Watershed-level lineage context; expert review recommended","geometryStatus":"Named natural stream segment from statewide hydrography","note":"This named natural stream falls within a HUC8 assigned to a cutthroat lineage context.","source_segment_id":"co_named_stream_082101","water_id":"co_little_muddy_creek_14010001_coloradoRiver_003","occurrence_id":"co_little_muddy_creek_14010001_coloradoRiver_003","occurrence_number":"003","segment_count":60,"disambiguator":"Colorado Headwaters · Colorado River green lineage · occurrence 003","basin":"Colorado Headwaters","atlas_layer":"named_water_occurrence","object_role":"named_water_occurrence","historic_label":"Colorado River green lineage","current_label":"Colorado River green lineage","recovery_label":"Recovery watch / review area","tier":"tier2","minZoom":12,"confidence_public":"Watershed-level lineage context; expert review recommended","geometry_status_public":"Named natural stream occurrence from statewide hydrography","geometry_source_public":"Grouped public hydrography segments","trout_source_public":"Compiled public recovery and lineage context; expert review recommended","public_notes":"Little Muddy Creek is shown as a named-water occurrence within watershed-level cutthroat lineage context. This is not a precise biological boundary."}},{"type":"Feature","geometry":{"type":"LineString","coordinates":[[-106.0699,40.0899],[-106.0697,40.0885],[-106.072,40.0871]]},"properties":{"source_id":"co_named_stream_071208","name":"Sheriff Creek","display_name":"Sheriff Creek","mapped_name":"Sheriff Creek","source_name":"Sheriff Creek","state":"CO","atlas_class":"named_natural_stream","huc8":"14010001","huc8Name":"Colorado Headwaters","huc8States":"CO","lineageKey":"coloradoRiver","lineage":"coloradoRiver","historic":"coloradoRiver","current":"coloradoRiver","recovery":"recoveryWatch","lineageLabel":"Colorado River green lineage","lineageBasin":"Colorado Headwaters","lineageNote":"Upper Colorado green-lineage context","atlas_context":"cutthroat_lineage_context","confidence":"Watershed-level lineage context; expert review recommended","geometryStatus":"Named natural stream segment from statewide hydrography","note":"This named natural stream falls within a HUC8 assigned to a cutthroat lineage context.","source_segment_id":"co_named_stream_071208","water_id":"co_sheriff_creek_14010001_coloradoRiver_001","occurrence_id":"co_sheriff_creek_14010001_coloradoRiver_001","occurrence_number":"001","segment_count":21,"disambiguator":"Colorado Headwaters · Colorado River green lineage · occurrence 001","basin":"Colorado Headwaters","atlas_layer":"named_water_occurrence","object_role":"named_water_occurrence","historic_label":"Colorado River green lineage","current_label":"Colorado River green lineage","recovery_label":"Recovery watch / review area","tier":"tier2","minZoom":12,"confidence_public":"Watershed-level lineage context; expert review recommended","geometry_status_public":"Named natural stream occurrence from statewide hydrography","geometry_source_public":"Grouped public hydrography segments","trout_source_public":"Compiled public recovery and lineage context; expert review recommended","public_notes":"Sheriff Creek is shown as a named-water occurrence within watershed-level cutthroat lineage context. This is not a precise biological boundary."}},{"type":"Feature","geometry":{"type":"LineString","coordinates":[[-106.0953,40.103],[-106.0966,40.0997]]},"properties":{"source_id":"co_named_stream_071209","name":"Sheriff Creek","display_name":"Sheriff Creek","mapped_name":"Sheriff Creek","source_name":"Sheriff Creek","state":"CO","atlas_class":"named_natural_stream","huc8":"14010001","huc8Name":"Colorado Headwaters","huc8States":"CO","lineageKey":"coloradoRiver","lineage":"coloradoRiver","historic":"coloradoRiver","current":"coloradoRiver","recovery":"recoveryWatch","lineageLabel":"Colorado River green lineage","lineageBasin":"Colorado Headwaters","lineageNote":"Upper Colorado green-lineage context","atlas_context":"cutthroat_lineage_context","confidence":"Watershed-level lineage context; expert review recommended","geometryStatus":"Named natural stream segment from statewide hydrography","note":"This named natural stream falls within a HUC8 assigned to a cutthroat lineage context.","source_segment_id":"co_named_stream_071209","water_id":"co_sheriff_creek_14010001_coloradoRiver_001","occurrence_id":"co_sheriff_creek_14010001_coloradoRiver_001","occurrence_number":"001","segment_count":21,"disambiguator":"Colorado Headwaters · Colorado River green lineage · occurrence 001","basin":"Colorado Headwaters","atlas_layer":"named_water_occurrence","object_role":"named_water_occurrence","historic_label":"Colorado River green lineage","current_label":"Colorado River green lineage","recovery_label":"Recovery watch / review area","tier":"tier2","minZoom":12,"confidence_public":"Watershed-level lineage context; expert review recommended","geometry_status_public":"Named natural stream occurrence from statewide hydrography","geometry_source_public":"Grouped public hydrography segments","trout_source_public":"Compiled public recovery and lineage context; expert review recommended","public_notes":"Sheriff Creek is shown as a named-water occurrence within watershed-level cutthroat lineage context. This is not a precise biological boundary."}},{"type":"Feature","geometry":{"type":"LineString","coordinates":[[-106.0898,40.0961],[-106.0875,40.0945]]},"properties":{"source_id":"co_named_stream_071216","name":"Sheriff Creek","display_name":"Sheriff Creek","mapped_name":"Sheriff Creek","source_name":"Sheriff Creek","state":"CO","atlas_class":"named_natural_stream","huc8":"14010001","huc8Name":"Colorado Headwaters","huc8States":"CO","lineageKey":"coloradoRiver","lineage":"coloradoRiver","historic":"coloradoRiver","current":"coloradoRiver","recovery":"recoveryWatch","lineageLabel":"Colorado River green lineage","lineageBasin":"Colorado Headwaters","lineageNote":"Upper Colorado green-lineage context","atlas_context":"cutthroat_lineage_context","confidence":"Watershed-level lineage context; expert review recommended","geometryStatus":"Named natural stream segment from statewide hydrography","note":"This named natural stream falls within a HUC8 assigned to a cutthroat lineage context.","source_segment_id":"co_named_stream_071216","water_id":"co_sheriff_creek_14010001_coloradoRiver_001","occurrence_id":"co_sheriff_creek_14010001_coloradoRiver_001","occurrence_number":"001","segment_count":21,"disambiguator":"Colorado Headwaters · Colorado River green lineage · occurrence 001","basin":"Colorado Headwaters","atlas_layer":"named_water_occurrence","object_role":"named_water_occurrence","historic_label":"Colorado River green lineage","current_label":"Colorado River green lineage","recovery_label":"Recovery watch / review area","tier":"tier2","minZoom":12,"confidence_public":"Watershed-level lineage context; expert review recommended","geometry_status_public":"Named natural stream occurrence from statewide hydrography","geometry_source_public":"Grouped public hydrography segments","trout_source_public":"Compiled public recovery and lineage context; expert review recommended","public_notes":"Sheriff Creek is shown as a named-water occurrence within watershed-level cutthroat lineage context. This is not a precise biological boundary."}},{"type":"Feature","geometry":{"type":"LineString","coordinates":[[-106.1057,40.1144],[-106.1012,40.1106]]},"properties":{"source_id":"co_named_stream_071225","name":"Sheriff Creek","display_name":"Sheriff Creek","mapped_name":"Sheriff Creek","source_name":"Sheriff Creek","state":"CO","atlas_class":"named_natural_stream","huc8":"14010001","huc8Name":"Colorado Headwaters","huc8States":"CO","lineageKey":"coloradoRiver","lineage":"coloradoRiver","historic":"coloradoRiver","current":"coloradoRiver","recovery":"recoveryWatch","lineageLabel":"Colorado River green lineage","lineageBasin":"Colorado Headwaters","lineageNote":"Upper Colorado green-lineage context","atlas_context":"cutthroat_lineage_context","confidence":"Watershed-level lineage context; expert review recommended","geometryStatus":"Named natural stream segment from statewide hydrography","note":"This named natural stream falls within a HUC8 assigned to a cutthroat lineage context.","source_segment_id":"co_named_stream_071225","water_id":"co_sheriff_creek_14010001_coloradoRiver_001","occurrence_id":"co_sheriff_creek_14010001_coloradoRiver_001","occurrence_number":"001","segment_count":21,"disambiguator":"Colorado Headwaters · Colorado River green lineage · occurrence 001","basin":"Colorado Headwaters","atlas_layer":"named_water_occurrence","object_role":"named_water_occurrence","historic_label":"Colorado River green lineage","current_label":"Colorado River green lineage","recovery_label":"Recovery watch / review area","tier":"tier2","minZoom":12,"confidence_public":"Watershed-level lineage context; expert review recommended","geometry_status_public":"Named natural stream occurrence from statewide hydrography","geometry_source_public":"Grouped public hydrography segments","trout_source_public":"Compiled public recovery and lineage context; expert review recommended","public_notes":"Sheriff Creek is shown as a named-water occurrence within watershed-level cutthroat lineage context. This is not a precise biological boundary."}},{"type":"Feature","geometry":{"type":"LineString","coordinates":[[-106.085,40.0932],[-106.081,40.0919]]},"properties":{"source_id":"co_named_stream_071226","name":"Sheriff Creek","display_name":"Sheriff Creek","mapped_name":"Sheriff Creek","source_name":"Sheriff Creek","state":"CO","atlas_class":"named_natural_stream","huc8":"14010001","huc8Name":"Colorado Headwaters","huc8States":"CO","lineageKey":"coloradoRiver","lineage":"coloradoRiver","historic":"coloradoRiver","current":"coloradoRiver","recovery":"recoveryWatch","lineageLabel":"Colorado River green lineage","lineageBasin":"Colorado Headwaters","lineageNote":"Upper Colorado green-lineage context","atlas_context":"cutthroat_lineage_context","confidence":"Watershed-level lineage context; expert review recommended","geometryStatus":"Named natural stream segment from statewide hydrography","note":"This named natural stream falls within a HUC8 assigned to a cutthroat lineage context.","source_segment_id":"co_named_stream_071226","water_id":"co_sheriff_creek_14010001_coloradoRiver_001","occurrence_id":"co_sheriff_creek_14010001_coloradoRiver_001","occurrence_number":"001","segment_count":21,"disambiguator":"Colorado Headwaters · Colorado River green lineage · occurrence 001","basin":"Colorado Headwaters","atlas_layer":"named_water_occurrence","object_role":"named_water_occurrence","historic_label":"Colorado River green lineage","current_label":"Colorado River green lineage","recovery_label":"Recovery watch / review area","tier":"tier2","minZoom":12,"confidence_public":"Watershed-level lineage context; expert review recommended","geometry_status_public":"Named natural stream occurrence from statewide hydrography","geometry_source_public":"Grouped public hydrography segments","trout_source_public":"Compiled public recovery and lineage context; expert review recommended","public_notes":"Sheriff Creek is shown as a named-water occurrence within watershed-level cutthroat lineage context. This is not a precise biological boundary."}},{"type":"Feature","geometry":{"type":"LineString","coordinates":[[-106.0994,40.1083],[-106.0985,40.1069]]},"properties":{"source_id":"co_named_stream_071227","name":"Sheriff Creek","display_name":"Sheriff Creek","mapped_name":"Sheriff Creek","source_name":"Sheriff Creek","state":"CO","atlas_class":"named_natural_stream","huc8":"14010001","huc8Name":"Colorado Headwaters","huc8States":"CO","lineageKey":"coloradoRiver","lineage":"coloradoRiver","historic":"coloradoRiver","current":"coloradoRiver","recovery":"recoveryWatch","lineageLabel":"Colorado River green lineage","lineageBasin":"Colorado Headwaters","lineageNote":"Upper Colorado green-lineage context","atlas_context":"cutthroat_lineage_context","confidence":"Watershed-level lineage context; expert review recommended","geometryStatus":"Named natural stream segment from statewide hydrography","note":"This named natural stream falls within a HUC8 assigned to a cutthroat lineage context.","source_segment_id":"co_named_stream_071227","water_id":"co_sheriff_creek_14010001_coloradoRiver_001","occurrence_id":"co_sheriff_creek_14010001_coloradoRiver_001","occurrence_number":"001","segment_count":21,"disambiguator":"Colorado Headwaters · Colorado River green lineage · occurrence 001","basin":"Colorado Headwaters","atlas_layer":"named_water_occurrence","object_role":"named_water_occurrence","historic_label":"Colorado River green lineage","current_label":"Colorado River green lineage","recovery_label":"Recovery watch / review area","tier":"tier2","minZoom":12,"confidence_public":"Watershed-level lineage context; expert review recommended","geometry_status_public":"Named natural stream occurrence from statewide hydrography","geometry_source_public":"Grouped public hydrography segments","trout_source_public":"Compiled public recovery and lineage context; expert review recommended","public_notes":"Sheriff Creek is shown as a named-water occurrence within watershed-level cutthroat lineage context. This is not a precise biological boundary."}},{"type":"Feature","geometry":{"type":"LineString","coordinates":[[-106.0966,40.0997],[-106.0948,40.0978]]},"properties":{"source_id":"co_named_stream_071228","name":"Sheriff Creek","display_name":"Sheriff Creek","mapped_name":"Sheriff Creek","source_name":"Sheriff Creek","state":"CO","atlas_class":"named_natural_stream","huc8":"14010001","huc8Name":"Colorado Headwaters","huc8States":"CO","lineageKey":"coloradoRiver","lineage":"coloradoRiver","historic":"coloradoRiver","current":"coloradoRiver","recovery":"recoveryWatch","lineageLabel":"Colorado River green lineage","lineageBasin":"Colorado Headwaters","lineageNote":"Upper Colorado green-lineage context","atlas_context":"cutthroat_lineage_context","confidence":"Watershed-level lineage context; expert review recommended","geometryStatus":"Named natural stream segment from statewide hydrography","note":"This named natural stream falls within a HUC8 assigned to a cutthroat lineage context.","source_segment_id":"co_named_stream_071228","water_id":"co_sheriff_creek_14010001_coloradoRiver_001","occurrence_id":"co_sheriff_creek_14010001_coloradoRiver_001","occurrence_number":"001","segment_count":21,"disambiguator":"Colorado Headwaters · Colorado River green lineage · occurrence 001","basin":"Colorado Headwaters","atlas_layer":"named_water_occurrence","object_role":"named_water_occurrence","historic_label":"Colorado River green lineage","current_label":"Colorado River green lineage","recovery_label":"Recovery watch / review area","tier":"tier2","minZoom":12,"confidence_public":"Watershed-level lineage context; expert review recommended","geometry_status_public":"Named natural stream occurrence from statewide hydrography","geometry_source_public":"Grouped public hydrography segments","trout_source_public":"Compiled public recovery and lineage context; expert review recommended","public_notes":"Sheriff Creek is shown as a named-water occurrence within watershed-level cutthroat lineage context. This is not a precise biological boundary."}},{"type":"Feature","geometry":{"type":"LineString","coordinates":[[-106.0917,40.0966],[-106.0898,40.0961]]},"properties":{"source_id":"co_named_stream_071229","name":"Sheriff Creek","display_name":"Sheriff Creek","mapped_name":"Sheriff Creek","source_name":"Sheriff Creek","state":"CO","atlas_class":"named_natural_stream","huc8":"14010001","huc8Name":"Colorado Headwaters","huc8States":"CO","lineageKey":"coloradoRiver","lineage":"coloradoRiver","historic":"coloradoRiver","current":"coloradoRiver","recovery":"recoveryWatch","lineageLabel":"Colorado River green lineage","lineageBasin":"Colorado Headwaters","lineageNote":"Upper Colorado green-lineage context","atlas_context":"cutthroat_lineage_context","confidence":"Watershed-level lineage context; expert review recommended","geometryStatus":"Named natural stream segment from statewide hydrography","note":"This named natural stream falls within a HUC8 assigned to a cutthroat lineage context.","source_segment_id":"co_named_stream_071229","water_id":"co_sheriff_creek_14010001_coloradoRiver_001","occurrence_id":"co_sheriff_creek_14010001_coloradoRiver_001","occurrence_number":"001","segment_count":21,"disambiguator":"Colorado Headwaters · Colorado River green lineage · occurrence 001","basin":"Colorado Headwaters","atlas_layer":"named_water_occurrence","object_role":"named_water_occurrence","historic_label":"Colorado River green lineage","current_label":"Colorado River green lineage","recovery_label":"Recovery watch / review area","tier":"tier2","minZoom":12,"confidence_public":"Watershed-level lineage context; expert review recommended","geometry_status_public":"Named natural stream occurrence from statewide hydrography","geometry_source_public":"Grouped public hydrography segments","trout_source_public":"Compiled public recovery and lineage context; expert review recommended","public_notes":"Sheriff Creek is shown as a named-water occurrence within watershed-level cutthroat lineage context. This is not a precise biological boundary."}},{"type":"Feature","geometry":{"type":"LineString","coordinates":[[-106.1012,40.1106],[-106.0994,40.1083]]},"properties":{"source_id":"co_named_stream_071230","name":"Sheriff Creek","display_name":"Sheriff Creek","mapped_name":"Sheriff Creek","source_name":"Sheriff Creek","state":"CO","atlas_class":"named_natural_stream","huc8":"14010001","huc8Name":"Colorado Headwaters","huc8States":"CO","lineageKey":"coloradoRiver","lineage":"coloradoRiver","historic":"coloradoRiver","current":"coloradoRiver","recovery":"recoveryWatch","lineageLabel":"Colorado River green lineage","lineageBasin":"Colorado Headwaters","lineageNote":"Upper Colorado green-lineage context","atlas_context":"cutthroat_lineage_context","confidence":"Watershed-level lineage context; expert review recommended","geometryStatus":"Named natural stream segment from statewide hydrography","note":"This named natural stream falls within a HUC8 assigned to a cutthroat lineage context.","source_segment_id":"co_named_stream_071230","water_id":"co_sheriff_creek_14010001_coloradoRiver_001","occurrence_id":"co_sheriff_creek_14010001_coloradoRiver_001","occurrence_number":"001","segment_count":21,"disambiguator":"Colorado Headwaters · Colorado River green lineage · occurrence 001","basin":"Colorado Headwaters","atlas_layer":"named_water_occurrence","object_role":"named_water_occurrence","historic_label":"Colorado River green lineage","current_label":"Colorado River green lineage","recovery_label":"Recovery watch / review area","tier":"tier2","minZoom":12,"confidence_public":"Watershed-level lineage context; expert review recommended","geometry_status_public":"Named natural stream occurrence from statewide hydrography","geometry_source_public":"Grouped public hydrography segments","trout_source_public":"Compiled public recovery and lineage context; expert review recommended","public_notes":"Sheriff Creek is shown as a named-water occurrence within watershed-level cutthroat lineage context. This is not a precise biological boundary."}},{"type":"Feature","geometry":{"type":"LineString","coordinates":[[-106.0796,40.0917],[-106.0764,40.0907]]},"properties":{"source_id":"co_named_stream_071231","name":"Sheriff Creek","display_name":"Sheriff Creek","mapped_name":"Sheriff Creek","source_name":"Sheriff Creek","state":"CO","atlas_class":"named_natural_stream","huc8":"14010001","huc8Name":"Colorado Headwaters","huc8States":"CO","lineageKey":"coloradoRiver","lineage":"coloradoRiver","historic":"coloradoRiver","current":"coloradoRiver","recovery":"recoveryWatch","lineageLabel":"Colorado River green lineage","lineageBasin":"Colorado Headwaters","lineageNote":"Upper Colorado green-lineage context","atlas_context":"cutthroat_lineage_context","confidence":"Watershed-level lineage context; expert review recommended","geometryStatus":"Named natural stream segment from statewide hydrography","note":"This named natural stream falls within a HUC8 assigned to a cutthroat lineage context.","source_segment_id":"co_named_stream_071231","water_id":"co_sheriff_creek_14010001_coloradoRiver_001","occurrence_id":"co_sheriff_creek_14010001_coloradoRiver_001","occurrence_number":"001","segment_count":21,"disambiguator":"Colorado Headwaters · Colorado River green lineage · occurrence 001","basin":"Colorado Headwaters","atlas_layer":"named_water_occurrence","object_role":"named_water_occurrence","historic_label":"Colorado River green lineage","current_label":"Colorado River green lineage","recovery_label":"Recovery watch / review area","tier":"tier2","minZoom":12,"confidence_public":"Watershed-level lineage context; expert review recommended","geometry_status_public":"Named natural stream occurrence from statewide hydrography","geometry_source_public":"Grouped public hydrography segments","trout_source_public":"Compiled public recovery and lineage context; expert review recommended","public_notes":"Sheriff Creek is shown as a named-water occurrence within watershed-level cutthroat lineage context. This is not a precise biological boundary."}},{"type":"Feature","geometry":{"type":"LineString","coordinates":[[-106.0985,40.1069],[-106.0968,40.1056]]},"properties":{"source_id":"co_named_stream_071232","name":"Sheriff Creek","display_name":"Sheriff Creek","mapped_name":"Sheriff Creek","source_name":"Sheriff Creek","state":"CO","atlas_class":"named_natural_stream","huc8":"14010001","huc8Name":"Colorado Headwaters","huc8States":"CO","lineageKey":"coloradoRiver","lineage":"coloradoRiver","historic":"coloradoRiver","current":"coloradoRiver","recovery":"recoveryWatch","lineageLabel":"Colorado River green lineage","lineageBasin":"Colorado Headwaters","lineageNote":"Upper Colorado green-lineage context","atlas_context":"cutthroat_lineage_context","confidence":"Watershed-level lineage context; expert review recommended","geometryStatus":"Named natural stream segment from statewide hydrography","note":"This named natural stream falls within a HUC8 assigned to a cutthroat lineage context.","source_segment_id":"co_named_stream_071232","water_id":"co_sheriff_creek_14010001_coloradoRiver_001","occurrence_id":"co_sheriff_creek_14010001_coloradoRiver_001","occurrence_number":"001","segment_count":21,"disambiguator":"Colorado Headwaters · Colorado River green lineage · occurrence 001","basin":"Colorado Headwaters","atlas_layer":"named_water_occurrence","object_role":"named_water_occurrence","historic_label":"Colorado River green lineage","current_label":"Colorado River green lineage","recovery_label":"Recovery watch / review area","tier":"tier2","minZoom":12,"confidence_public":"Watershed-level lineage context; expert review recommended","geometry_status_public":"Named natural stream occurrence from statewide hydrography","geometry_source_public":"Grouped public hydrography segments","trout_source_public":"Compiled public recovery and lineage context; expert review recommended","public_notes":"Sheriff Creek is shown as a named-water occurrence within watershed-level cutthroat lineage context. This is not a precise biological boundary."}},{"type":"Feature","geometry":{"type":"LineString","coordinates":[[-106.1158,40.1218],[-106.1116,40.1175],[-106.1083,40.1158]]},"properties":{"source_id":"co_named_stream_071279","name":"Sheriff Creek","display_name":"Sheriff Creek","mapped_name":"Sheriff Creek","source_name":"Sheriff Creek","state":"CO","atlas_class":"named_natural_stream","huc8":"14010001","huc8Name":"Colorado Headwaters","huc8States":"CO","lineageKey":"coloradoRiver","lineage":"coloradoRiver","historic":"coloradoRiver","current":"coloradoRiver","recovery":"recoveryWatch","lineageLabel":"Colorado River green lineage","lineageBasin":"Colorado Headwaters","lineageNote":"Upper Colorado green-lineage context","atlas_context":"cutthroat_lineage_context","confidence":"Watershed-level lineage context; expert review recommended","geometryStatus":"Named natural stream segment from statewide hydrography","note":"This named natural stream falls within a HUC8 assigned to a cutthroat lineage context.","source_segment_id":"co_named_stream_071279","water_id":"co_sheriff_creek_14010001_coloradoRiver_001","occurrence_id":"co_sheriff_creek_14010001_coloradoRiver_001","occurrence_number":"001","segment_count":21,"disambiguator":"Colorado Headwaters · Colorado River green lineage · occurrence 001","basin":"Colorado Headwaters","atlas_layer":"named_water_occurrence","object_role":"named_water_occurrence","historic_label":"Colorado River green lineage","current_label":"Colorado River green lineage","recovery_label":"Recovery watch / review area","tier":"tier2","minZoom":12,"confidence_public":"Watershed-level lineage context; expert review recommended","geometry_status_public":"Named natural stream occurrence from statewide hydrography","geometry_source_public":"Grouped public hydrography segments","trout_source_public":"Compiled public recovery and lineage context; expert review recommended","public_notes":"Sheriff Creek is shown as a named-water occurrence within watershed-level cutthroat lineage context. This is not a precise biological boundary."}},{"type":"Feature","geometry":{"type":"LineString","coordinates":[[-106.1168,40.1423],[-106.1138,40.1391],[-106.1104,40.1333],[-106.1116,40.1313]]},"properties":{"source_id":"co_named_stream_071282","name":"Sheriff Creek","display_name":"Sheriff Creek","mapped_name":"Sheriff Creek","source_name":"Sheriff Creek","state":"CO","atlas_class":"named_natural_stream","huc8":"14010001","huc8Name":"Colorado Headwaters","huc8States":"CO","lineageKey":"coloradoRiver","lineage":"coloradoRiver","historic":"coloradoRiver","current":"coloradoRiver","recovery":"recoveryWatch","lineageLabel":"Colorado River green lineage","lineageBasin":"Colorado Headwaters","lineageNote":"Upper Colorado green-lineage context","atlas_context":"cutthroat_lineage_context","confidence":"Watershed-level lineage context; expert review recommended","geometryStatus":"Named natural stream segment from statewide hydrography","note":"This named natural stream falls within a HUC8 assigned to a cutthroat lineage context.","source_segment_id":"co_named_stream_071282","water_id":"co_sheriff_creek_14010001_coloradoRiver_001","occurrence_id":"co_sheriff_creek_14010001_coloradoRiver_001","occurrence_number":"001","segment_count":21,"disambiguator":"Colorado Headwaters · Colorado River green lineage · occurrence 001","basin":"Colorado Headwaters","atlas_layer":"named_water_occurrence","object_role":"named_water_occurrence","historic_label":"Colorado River green lineage","current_label":"Colorado River green lineage","recovery_label":"Recovery watch / review area","tier":"tier2","minZoom":12,"confidence_public":"Watershed-level lineage context; expert review recommended","geometry_status_public":"Named natural stream occurrence from statewide hydrography","geometry_source_public":"Grouped public hydrography segments","trout_source_public":"Compiled public recovery and lineage context; expert review recommended","public_notes":"Sheriff Creek is shown as a named-water occurrence within watershed-level cutthroat lineage context. This is not a precise biological boundary."}},{"type":"Feature","geometry":{"type":"LineString","coordinates":[[-106.1083,40.1158],[-106.1057,40.1144]]},"properties":{"source_id":"co_named_stream_071289","name":"Sheriff Creek","display_name":"Sheriff Creek","mapped_name":"Sheriff Creek","source_name":"Sheriff Creek","state":"CO","atlas_class":"named_natural_stream","huc8":"14010001","huc8Name":"Colorado Headwaters","huc8States":"CO","lineageKey":"coloradoRiver","lineage":"coloradoRiver","historic":"coloradoRiver","current":"coloradoRiver","recovery":"recoveryWatch","lineageLabel":"Colorado River green lineage","lineageBasin":"Colorado Headwaters","lineageNote":"Upper Colorado green-lineage context","atlas_context":"cutthroat_lineage_context","confidence":"Watershed-level lineage context; expert review recommended","geometryStatus":"Named natural stream segment from statewide hydrography","note":"This named natural stream falls within a HUC8 assigned to a cutthroat lineage context.","source_segment_id":"co_named_stream_071289","water_id":"co_sheriff_creek_14010001_coloradoRiver_001","occurrence_id":"co_sheriff_creek_14010001_coloradoRiver_001","occurrence_number":"001","segment_count":21,"disambiguator":"Colorado Headwaters · Colorado River green lineage · occurrence 001","basin":"Colorado Headwaters","atlas_layer":"named_water_occurrence","object_role":"named_water_occurrence","historic_label":"Colorado River green lineage","current_label":"Colorado River green lineage","recovery_label":"Recovery watch / review area","tier":"tier2","minZoom":12,"confidence_public":"Watershed-level lineage context; expert review recommended","geometry_status_public":"Named natural stream occurrence from statewide hydrography","geometry_source_public":"Grouped public hydrography segments","trout_source_public":"Compiled public recovery and lineage context; expert review recommended","public_notes":"Sheriff Creek is shown as a named-water occurrence within watershed-level cutthroat lineage context. This is not a precise biological boundary."}},{"type":"Feature","geometry":{"type":"LineString","coordinates":[[-106.1179,40.1439],[-106.1168,40.1423]]},"properties":{"source_id":"co_named_stream_071290","name":"Sheriff Creek","display_name":"Sheriff Creek","mapped_name":"Sheriff Creek","source_name":"Sheriff Creek","state":"CO","atlas_class":"named_natural_stream","huc8":"14010001","huc8Name":"Colorado Headwaters","huc8States":"CO","lineageKey":"coloradoRiver","lineage":"coloradoRiver","historic":"coloradoRiver","current":"coloradoRiver","recovery":"recoveryWatch","lineageLabel":"Colorado River green lineage","lineageBasin":"Colorado Headwaters","lineageNote":"Upper Colorado green-lineage context","atlas_context":"cutthroat_lineage_context","confidence":"Watershed-level lineage context; expert review recommended","geometryStatus":"Named natural stream segment from statewide hydrography","note":"This named natural stream falls within a HUC8 assigned to a cutthroat lineage context.","source_segment_id":"co_named_stream_071290","water_id":"co_sheriff_creek_14010001_coloradoRiver_001","occurrence_id":"co_sheriff_creek_14010001_coloradoRiver_001","occurrence_number":"001","segment_count":21,"disambiguator":"Colorado Headwaters · Colorado River green lineage · occurrence 001","basin":"Colorado Headwaters","atlas_layer":"named_water_occurrence","object_role":"named_water_occurrence","historic_label":"Colorado River green lineage","current_label":"Colorado River green lineage","recovery_label":"Recovery watch / review area","tier":"tier2","minZoom":12,"confidence_public":"Watershed-level lineage context; expert review recommended","geometry_status_public":"Named natural stream occurrence from statewide hydrography","geometry_source_public":"Grouped public hydrography segments","trout_source_public":"Compiled public recovery and lineage context; expert review recommended","public_notes":"Sheriff Creek is shown as a named-water occurrence within watershed-level cutthroat lineage context. This is not a precise biological boundary."}},{"type":"Feature","geometry":{"type":"LineString","coordinates":[[-106.0968,40.1056],[-106.0953,40.103]]},"properties":{"source_id":"co_named_stream_078033","name":"Sheriff Creek","display_name":"Sheriff Creek","mapped_name":"Sheriff Creek","source_name":"Sheriff Creek","state":"CO","atlas_class":"named_natural_stream","huc8":"14010001","huc8Name":"Colorado Headwaters","huc8States":"CO","lineageKey":"coloradoRiver","lineage":"coloradoRiver","historic":"coloradoRiver","current":"coloradoRiver","recovery":"recoveryWatch","lineageLabel":"Colorado River green lineage","lineageBasin":"Colorado Headwaters","lineageNote":"Upper Colorado green-lineage context","atlas_context":"cutthroat_lineage_context","confidence":"Watershed-level lineage context; expert review recommended","geometryStatus":"Named natural stream segment from statewide hydrography","note":"This named natural stream falls within a HUC8 assigned to a cutthroat lineage context.","source_segment_id":"co_named_stream_078033","water_id":"co_sheriff_creek_14010001_coloradoRiver_001","occurrence_id":"co_sheriff_creek_14010001_coloradoRiver_001","occurrence_number":"001","segment_count":21,"disambiguator":"Colorado Headwaters · Colorado River green lineage · occurrence 001","basin":"Colorado Headwaters","atlas_layer":"named_water_occurrence","object_role":"named_water_occurrence","historic_label":"Colorado River green lineage","current_label":"Colorado River green lineage","recovery_label":"Recovery watch / review area","tier":"tier2","minZoom":12,"confidence_public":"Watershed-level lineage context; expert review recommended","geometry_status_public":"Named natural stream occurrence from statewide hydrography","geometry_source_public":"Grouped public hydrography segments","trout_source_public":"Compiled public recovery and lineage context; expert review recommended","public_notes":"Sheriff Creek is shown as a named-water occurrence within watershed-level cutthroat lineage context. This is not a precise biological boundary."}},{"type":"Feature","geometry":{"type":"LineString","coordinates":[[-106.1116,40.1313],[-106.1139,40.13],[-106.1157,40.1269],[-106.1158,40.1218]]},"properties":{"source_id":"co_named_stream_078035","name":"Sheriff Creek","display_name":"Sheriff Creek","mapped_name":"Sheriff Creek","source_name":"Sheriff Creek","state":"CO","atlas_class":"named_natural_stream","huc8":"14010001","huc8Name":"Colorado Headwaters","huc8States":"CO","lineageKey":"coloradoRiver","lineage":"coloradoRiver","historic":"coloradoRiver","current":"coloradoRiver","recovery":"recoveryWatch","lineageLabel":"Colorado River green lineage","lineageBasin":"Colorado Headwaters","lineageNote":"Upper Colorado green-lineage context","atlas_context":"cutthroat_lineage_context","confidence":"Watershed-level lineage context; expert review recommended","geometryStatus":"Named natural stream segment from statewide hydrography","note":"This named natural stream falls within a HUC8 assigned to a cutthroat lineage context.","source_segment_id":"co_named_stream_078035","water_id":"co_sheriff_creek_14010001_coloradoRiver_001","occurrence_id":"co_sheriff_creek_14010001_coloradoRiver_001","occurrence_number":"001","segment_count":21,"disambiguator":"Colorado Headwaters · Colorado River green lineage · occurrence 001","basin":"Colorado Headwaters","atlas_layer":"named_water_occurrence","object_role":"named_water_occurrence","historic_label":"Colorado River green lineage","current_label":"Colorado River green lineage","recovery_label":"Recovery watch / review area","tier":"tier2","minZoom":12,"confidence_public":"Watershed-level lineage context; expert review recommended","geometry_status_public":"Named natural stream occurrence from statewide hydrography","geometry_source_public":"Grouped public hydrography segments","trout_source_public":"Compiled public recovery and lineage context; expert review recommended","public_notes":"Sheriff Creek is shown as a named-water occurrence within watershed-level cutthroat lineage context. This is not a precise biological boundary."}},{"type":"Feature","geometry":{"type":"LineString","coordinates":[[-106.0948,40.0978],[-106.0917,40.0966]]},"properties":{"source_id":"co_named_stream_078103","name":"Sheriff Creek","display_name":"Sheriff Creek","mapped_name":"Sheriff Creek","source_name":"Sheriff Creek","state":"CO","atlas_class":"named_natural_stream","huc8":"14010001","huc8Name":"Colorado Headwaters","huc8States":"CO","lineageKey":"coloradoRiver","lineage":"coloradoRiver","historic":"coloradoRiver","current":"coloradoRiver","recovery":"recoveryWatch","lineageLabel":"Colorado River green lineage","lineageBasin":"Colorado Headwaters","lineageNote":"Upper Colorado green-lineage context","atlas_context":"cutthroat_lineage_context","confidence":"Watershed-level lineage context; expert review recommended","geometryStatus":"Named natural stream segment from statewide hydrography","note":"This named natural stream falls within a HUC8 assigned to a cutthroat lineage context.","source_segment_id":"co_named_stream_078103","water_id":"co_sheriff_creek_14010001_coloradoRiver_001","occurrence_id":"co_sheriff_creek_14010001_coloradoRiver_001","occurrence_number":"001","segment_count":21,"disambiguator":"Colorado Headwaters · Colorado River green lineage · occurrence 001","basin":"Colorado Headwaters","atlas_layer":"named_water_occurrence","object_role":"named_water_occurrence","historic_label":"Colorado River green lineage","current_label":"Colorado River green lineage","recovery_label":"Recovery watch / review area","tier":"tier2","minZoom":12,"confidence_public":"Watershed-level lineage context; expert review recommended","geometry_status_public":"Named natural stream occurrence from statewide hydrography","geometry_source_public":"Grouped public hydrography segments","trout_source_public":"Compiled public recovery and lineage context; expert review recommended","public_notes":"Sheriff Creek is shown as a named-water occurrence within watershed-level cutthroat lineage context. This is not a precise biological boundary."}},{"type":"Feature","geometry":{"type":"LineString","coordinates":[[-106.081,40.0919],[-106.0796,40.0917]]},"properties":{"source_id":"co_named_stream_078119","name":"Sheriff Creek","display_name":"Sheriff Creek","mapped_name":"Sheriff Creek","source_name":"Sheriff Creek","state":"CO","atlas_class":"named_natural_stream","huc8":"14010001","huc8Name":"Colorado Headwaters","huc8States":"CO","lineageKey":"coloradoRiver","lineage":"coloradoRiver","historic":"coloradoRiver","current":"coloradoRiver","recovery":"recoveryWatch","lineageLabel":"Colorado River green lineage","lineageBasin":"Colorado Headwaters","lineageNote":"Upper Colorado green-lineage context","atlas_context":"cutthroat_lineage_context","confidence":"Watershed-level lineage context; expert review recommended","geometryStatus":"Named natural stream segment from statewide hydrography","note":"This named natural stream falls within a HUC8 assigned to a cutthroat lineage context.","source_segment_id":"co_named_stream_078119","water_id":"co_sheriff_creek_14010001_coloradoRiver_001","occurrence_id":"co_sheriff_creek_14010001_coloradoRiver_001","occurrence_number":"001","segment_count":21,"disambiguator":"Colorado Headwaters · Colorado River green lineage · occurrence 001","basin":"Colorado Headwaters","atlas_layer":"named_water_occurrence","object_role":"named_water_occurrence","historic_label":"Colorado River green lineage","current_label":"Colorado River green lineage","recovery_label":"Recovery watch / review area","tier":"tier2","minZoom":12,"confidence_public":"Watershed-level lineage context; expert review recommended","geometry_status_public":"Named natural stream occurrence from statewide hydrography","geometry_source_public":"Grouped public hydrography segments","trout_source_public":"Compiled public recovery and lineage context; expert review recommended","public_notes":"Sheriff Creek is shown as a named-water occurrence within watershed-level cutthroat lineage context. This is not a precise biological boundary."}},{"type":"Feature","geometry":{"type":"LineString","coordinates":[[-106.0855,40.0939],[-106.085,40.0932]]},"properties":{"source_id":"co_named_stream_078120","name":"Sheriff Creek","display_name":"Sheriff Creek","mapped_name":"Sheriff Creek","source_name":"Sheriff Creek","state":"CO","atlas_class":"named_natural_stream","huc8":"14010001","huc8Name":"Colorado Headwaters","huc8States":"CO","lineageKey":"coloradoRiver","lineage":"coloradoRiver","historic":"coloradoRiver","current":"coloradoRiver","recovery":"recoveryWatch","lineageLabel":"Colorado River green lineage","lineageBasin":"Colorado Headwaters","lineageNote":"Upper Colorado green-lineage context","atlas_context":"cutthroat_lineage_context","confidence":"Watershed-level lineage context; expert review recommended","geometryStatus":"Named natural stream segment from statewide hydrography","note":"This named natural stream falls within a HUC8 assigned to a cutthroat lineage context.","source_segment_id":"co_named_stream_078120","water_id":"co_sheriff_creek_14010001_coloradoRiver_001","occurrence_id":"co_sheriff_creek_14010001_coloradoRiver_001","occurrence_number":"001","segment_count":21,"disambiguator":"Colorado Headwaters · Colorado River green lineage · occurrence 001","basin":"Colorado Headwaters","atlas_layer":"named_water_occurrence","object_role":"named_water_occurrence","historic_label":"Colorado River green lineage","current_label":"Colorado River green lineage","recovery_label":"Recovery watch / review area","tier":"tier2","minZoom":12,"confidence_public":"Watershed-level lineage context; expert review recommended","geometry_status_public":"Named natural stream occurrence from statewide hydrography","geometry_source_public":"Grouped public hydrography segments","trout_source_public":"Compiled public recovery and lineage context; expert review recommended","public_notes":"Sheriff Creek is shown as a named-water occurrence within watershed-level cutthroat lineage context. This is not a precise biological boundary."}},{"type":"Feature","geometry":{"type":"LineString","coordinates":[[-106.0764,40.0907],[-106.0699,40.0899]]},"properties":{"source_id":"co_named_stream_079187","name":"Sheriff Creek","display_name":"Sheriff Creek","mapped_name":"Sheriff Creek","source_name":"Sheriff Creek","state":"CO","atlas_class":"named_natural_stream","huc8":"14010001","huc8Name":"Colorado Headwaters","huc8States":"CO","lineageKey":"coloradoRiver","lineage":"coloradoRiver","historic":"coloradoRiver","current":"coloradoRiver","recovery":"recoveryWatch","lineageLabel":"Colorado River green lineage","lineageBasin":"Colorado Headwaters","lineageNote":"Upper Colorado green-lineage context","atlas_context":"cutthroat_lineage_context","confidence":"Watershed-level lineage context; expert review recommended","geometryStatus":"Named natural stream segment from statewide hydrography","note":"This named natural stream falls within a HUC8 assigned to a cutthroat lineage context.","source_segment_id":"co_named_stream_079187","water_id":"co_sheriff_creek_14010001_coloradoRiver_001","occurrence_id":"co_sheriff_creek_14010001_coloradoRiver_001","occurrence_number":"001","segment_count":21,"disambiguator":"Colorado Headwaters · Colorado River green lineage · occurrence 001","basin":"Colorado Headwaters","atlas_layer":"named_water_occurrence","object_role":"named_water_occurrence","historic_label":"Colorado River green lineage","current_label":"Colorado River green lineage","recovery_label":"Recovery watch / review area","tier":"tier2","minZoom":12,"confidence_public":"Watershed-level lineage context; expert review recommended","geometry_status_public":"Named natural stream occurrence from statewide hydrography","geometry_source_public":"Grouped public hydrography segments","trout_source_public":"Compiled public recovery and lineage context; expert review recommended","public_notes":"Sheriff Creek is shown as a named-water occurrence within watershed-level cutthroat lineage context. This is not a precise biological boundary."}},{"type":"Feature","geometry":{"type":"LineString","coordinates":[[-106.1061,40.0944],[-106.0981,40.0896],[-106.0931,40.0845],[-106.0929,40.0832]]},"properties":{"source_id":"co_named_stream_071210","name":"Ute Bill Creek","display_name":"Ute Bill Creek","mapped_name":"Ute Bill Creek","source_name":"Ute Bill Creek","state":"CO","atlas_class":"named_natural_stream","huc8":"14010001","huc8Name":"Colorado Headwaters","huc8States":"CO","lineageKey":"coloradoRiver","lineage":"coloradoRiver","historic":"coloradoRiver","current":"coloradoRiver","recovery":"recoveryWatch","lineageLabel":"Colorado River green lineage","lineageBasin":"Colorado Headwaters","lineageNote":"Upper Colorado green-lineage context","atlas_context":"cutthroat_lineage_context","confidence":"Watershed-level lineage context; expert review recommended","geometryStatus":"Named natural stream segment from statewide hydrography","note":"This named natural stream falls within a HUC8 assigned to a cutthroat lineage context.","source_segment_id":"co_named_stream_071210","water_id":"co_ute_bill_creek_14010001_coloradoRiver_001","occurrence_id":"co_ute_bill_creek_14010001_coloradoRiver_001","occurrence_number":"001","segment_count":21,"disambiguator":"Colorado Headwaters · Colorado River green lineage · occurrence 001","basin":"Colorado Headwaters","atlas_layer":"named_water_occurrence","object_role":"named_water_occurrence","historic_label":"Colorado River green lineage","current_label":"Colorado River green lineage","recovery_label":"Recovery watch / review area","tier":"tier2","minZoom":12,"confidence_public":"Watershed-level lineage context; expert review recommended","geometry_status_public":"Named natural stream occurrence from statewide hydrography","geometry_source_public":"Grouped public hydrography segments","trout_source_public":"Compiled public recovery and lineage context; expert review recommended","public_notes":"Ute Bill Creek is shown as a named-water occurrence within watershed-level cutthroat lineage context. This is not a precise biological boundary."}},{"type":"Feature","geometry":{"type":"LineString","coordinates":[[-106.1164,40.1085],[-106.1166,40.1081]]},"properties":{"source_id":"co_named_stream_071211","name":"Ute Bill Creek","display_name":"Ute Bill Creek","mapped_name":"Ute Bill Creek","source_name":"Ute Bill Creek","state":"CO","atlas_class":"named_natural_stream","huc8":"14010001","huc8Name":"Colorado Headwaters","huc8States":"CO","lineageKey":"coloradoRiver","lineage":"coloradoRiver","historic":"coloradoRiver","current":"coloradoRiver","recovery":"recoveryWatch","lineageLabel":"Colorado River green lineage","lineageBasin":"Colorado Headwaters","lineageNote":"Upper Colorado green-lineage context","atlas_context":"cutthroat_lineage_context","confidence":"Watershed-level lineage context; expert review recommended","geometryStatus":"Named natural stream segment from statewide hydrography","note":"This named natural stream falls within a HUC8 assigned to a cutthroat lineage context.","source_segment_id":"co_named_stream_071211","water_id":"co_ute_bill_creek_14010001_coloradoRiver_001","occurrence_id":"co_ute_bill_creek_14010001_coloradoRiver_001","occurrence_number":"001","segment_count":21,"disambiguator":"Colorado Headwaters · Colorado River green lineage · occurrence 001","basin":"Colorado Headwaters","atlas_layer":"named_water_occurrence","object_role":"named_water_occurrence","historic_label":"Colorado River green lineage","current_label":"Colorado River green lineage","recovery_label":"Recovery watch / review area","tier":"tier2","minZoom":12,"confidence_public":"Watershed-level lineage context; expert review recommended","geometry_status_public":"Named natural stream occurrence from statewide hydrography","geometry_source_public":"Grouped public hydrography segments","trout_source_public":"Compiled public recovery and lineage context; expert review recommended","public_notes":"Ute Bill Creek is shown as a named-water occurrence within watershed-level cutthroat lineage context. This is not a precise biological boundary."}},{"type":"Feature","geometry":{"type":"LineString","coordinates":[[-106.1181,40.1125],[-106.1171,40.1116]]},"properties":{"source_id":"co_named_stream_071212","name":"Ute Bill Creek","display_name":"Ute Bill Creek","mapped_name":"Ute Bill Creek","source_name":"Ute Bill Creek","state":"CO","atlas_class":"named_natural_stream","huc8":"14010001","huc8Name":"Colorado Headwaters","huc8States":"CO","lineageKey":"coloradoRiver","lineage":"coloradoRiver","historic":"coloradoRiver","current":"coloradoRiver","recovery":"recoveryWatch","lineageLabel":"Colorado River green lineage","lineageBasin":"Colorado Headwaters","lineageNote":"Upper Colorado green-lineage context","atlas_context":"cutthroat_lineage_context","confidence":"Watershed-level lineage context; expert review recommended","geometryStatus":"Named natural stream segment from statewide hydrography","note":"This named natural stream falls within a HUC8 assigned to a cutthroat lineage context.","source_segment_id":"co_named_stream_071212","water_id":"co_ute_bill_creek_14010001_coloradoRiver_001","occurrence_id":"co_ute_bill_creek_14010001_coloradoRiver_001","occurrence_number":"001","segment_count":21,"disambiguator":"Colorado Headwaters · Colorado River green lineage · occurrence 001","basin":"Colorado Headwaters","atlas_layer":"named_water_occurrence","object_role":"named_water_occurrence","historic_label":"Colorado River green lineage","current_label":"Colorado River green lineage","recovery_label":"Recovery watch / review area","tier":"tier2","minZoom":12,"confidence_public":"Watershed-level lineage context; expert review recommended","geometry_status_public":"Named natural stream occurrence from statewide hydrography","geometry_source_public":"Grouped public hydrography segments","trout_source_public":"Compiled public recovery and lineage context; expert review recommended","public_notes":"Ute Bill Creek is shown as a named-water occurrence within watershed-level cutthroat lineage context. This is not a precise biological boundary."}},{"type":"Feature","geometry":{"type":"LineString","coordinates":[[-106.1164,40.1105],[-106.1163,40.1102]]},"properties":{"source_id":"co_named_stream_071219","name":"Ute Bill Creek","display_name":"Ute Bill Creek","mapped_name":"Ute Bill Creek","source_name":"Ute Bill Creek","state":"CO","atlas_class":"named_natural_stream","huc8":"14010001","huc8Name":"Colorado Headwaters","huc8States":"CO","lineageKey":"coloradoRiver","lineage":"coloradoRiver","historic":"coloradoRiver","current":"coloradoRiver","recovery":"recoveryWatch","lineageLabel":"Colorado River green lineage","lineageBasin":"Colorado Headwaters","lineageNote":"Upper Colorado green-lineage context","atlas_context":"cutthroat_lineage_context","confidence":"Watershed-level lineage context; expert review recommended","geometryStatus":"Named natural stream segment from statewide hydrography","note":"This named natural stream falls within a HUC8 assigned to a cutthroat lineage context.","source_segment_id":"co_named_stream_071219","water_id":"co_ute_bill_creek_14010001_coloradoRiver_001","occurrence_id":"co_ute_bill_creek_14010001_coloradoRiver_001","occurrence_number":"001","segment_count":21,"disambiguator":"Colorado Headwaters · Colorado River green lineage · occurrence 001","basin":"Colorado Headwaters","atlas_layer":"named_water_occurrence","object_role":"named_water_occurrence","historic_label":"Colorado River green lineage","current_label":"Colorado River green lineage","recovery_label":"Recovery watch / review area","tier":"tier2","minZoom":12,"confidence_public":"Watershed-level lineage context; expert review recommended","geometry_status_public":"Named natural stream occurrence from statewide hydrography","geometry_source_public":"Grouped public hydrography segments","trout_source_public":"Compiled public recovery and lineage context; expert review recommended","public_notes":"Ute Bill Creek is shown as a named-water occurrence within watershed-level cutthroat lineage context. This is not a precise biological boundary."}},{"type":"Feature","geometry":{"type":"LineString","coordinates":[[-106.1268,40.125],[-106.1202,40.1186]]},"properties":{"source_id":"co_named_stream_071267","name":"Ute Bill Creek","display_name":"Ute Bill Creek","mapped_name":"Ute Bill Creek","source_name":"Ute Bill Creek","state":"CO","atlas_class":"named_natural_stream","huc8":"14010001","huc8Name":"Colorado Headwaters","huc8States":"CO","lineageKey":"coloradoRiver","lineage":"coloradoRiver","historic":"coloradoRiver","current":"coloradoRiver","recovery":"recoveryWatch","lineageLabel":"Colorado River green lineage","lineageBasin":"Colorado Headwaters","lineageNote":"Upper Colorado green-lineage context","atlas_context":"cutthroat_lineage_context","confidence":"Watershed-level lineage context; expert review recommended","geometryStatus":"Named natural stream segment from statewide hydrography","note":"This named natural stream falls within a HUC8 assigned to a cutthroat lineage context.","source_segment_id":"co_named_stream_071267","water_id":"co_ute_bill_creek_14010001_coloradoRiver_001","occurrence_id":"co_ute_bill_creek_14010001_coloradoRiver_001","occurrence_number":"001","segment_count":21,"disambiguator":"Colorado Headwaters · Colorado River green lineage · occurrence 001","basin":"Colorado Headwaters","atlas_layer":"named_water_occurrence","object_role":"named_water_occurrence","historic_label":"Colorado River green lineage","current_label":"Colorado River green lineage","recovery_label":"Recovery watch / review area","tier":"tier2","minZoom":12,"confidence_public":"Watershed-level lineage context; expert review recommended","geometry_status_public":"Named natural stream occurrence from statewide hydrography","geometry_source_public":"Grouped public hydrography segments","trout_source_public":"Compiled public recovery and lineage context; expert review recommended","public_notes":"Ute Bill Creek is shown as a named-water occurrence within watershed-level cutthroat lineage context. This is not a precise biological boundary."}},{"type":"Feature","geometry":{"type":"LineString","coordinates":[[-106.1283,40.1263],[-106.1268,40.125]]},"properties":{"source_id":"co_named_stream_071281","name":"Ute Bill Creek","display_name":"Ute Bill Creek","mapped_name":"Ute Bill Creek","source_name":"Ute Bill Creek","state":"CO","atlas_class":"named_natural_stream","huc8":"14010001","huc8Name":"Colorado Headwaters","huc8States":"CO","lineageKey":"coloradoRiver","lineage":"coloradoRiver","historic":"coloradoRiver","current":"coloradoRiver","recovery":"recoveryWatch","lineageLabel":"Colorado River green lineage","lineageBasin":"Colorado Headwaters","lineageNote":"Upper Colorado green-lineage context","atlas_context":"cutthroat_lineage_context","confidence":"Watershed-level lineage context; expert review recommended","geometryStatus":"Named natural stream segment from statewide hydrography","note":"This named natural stream falls within a HUC8 assigned to a cutthroat lineage context.","source_segment_id":"co_named_stream_071281","water_id":"co_ute_bill_creek_14010001_coloradoRiver_001","occurrence_id":"co_ute_bill_creek_14010001_coloradoRiver_001","occurrence_number":"001","segment_count":21,"disambiguator":"Colorado Headwaters · Colorado River green lineage · occurrence 001","basin":"Colorado Headwaters","atlas_layer":"named_water_occurrence","object_role":"named_water_occurrence","historic_label":"Colorado River green lineage","current_label":"Colorado River green lineage","recovery_label":"Recovery watch / review area","tier":"tier2","minZoom":12,"confidence_public":"Watershed-level lineage context; expert review recommended","geometry_status_public":"Named natural stream occurrence from statewide hydrography","geometry_source_public":"Grouped public hydrography segments","trout_source_public":"Compiled public recovery and lineage context; expert review recommended","public_notes":"Ute Bill Creek is shown as a named-water occurrence within watershed-level cutthroat lineage context. This is not a precise biological boundary."}},{"type":"Feature","geometry":{"type":"LineString","coordinates":[[-106.134,40.1359],[-106.1342,40.1354]]},"properties":{"source_id":"co_named_stream_071285","name":"Ute Bill Creek","display_name":"Ute Bill Creek","mapped_name":"Ute Bill Creek","source_name":"Ute Bill Creek","state":"CO","atlas_class":"named_natural_stream","huc8":"14010001","huc8Name":"Colorado Headwaters","huc8States":"CO","lineageKey":"coloradoRiver","lineage":"coloradoRiver","historic":"coloradoRiver","current":"coloradoRiver","recovery":"recoveryWatch","lineageLabel":"Colorado River green lineage","lineageBasin":"Colorado Headwaters","lineageNote":"Upper Colorado green-lineage context","atlas_context":"cutthroat_lineage_context","confidence":"Watershed-level lineage context; expert review recommended","geometryStatus":"Named natural stream segment from statewide hydrography","note":"This named natural stream falls within a HUC8 assigned to a cutthroat lineage context.","source_segment_id":"co_named_stream_071285","water_id":"co_ute_bill_creek_14010001_coloradoRiver_001","occurrence_id":"co_ute_bill_creek_14010001_coloradoRiver_001","occurrence_number":"001","segment_count":21,"disambiguator":"Colorado Headwaters · Colorado River green lineage · occurrence 001","basin":"Colorado Headwaters","atlas_layer":"named_water_occurrence","object_role":"named_water_occurrence","historic_label":"Colorado River green lineage","current_label":"Colorado River green lineage","recovery_label":"Recovery watch / review area","tier":"tier2","minZoom":12,"confidence_public":"Watershed-level lineage context; expert review recommended","geometry_status_public":"Named natural stream occurrence from statewide hydrography","geometry_source_public":"Grouped public hydrography segments","trout_source_public":"Compiled public recovery and lineage context; expert review recommended","public_notes":"Ute Bill Creek is shown as a named-water occurrence within watershed-level cutthroat lineage context. This is not a precise biological boundary."}},{"type":"Feature","geometry":{"type":"LineString","coordinates":[[-106.1169,40.1114],[-106.1165,40.1107]]},"properties":{"source_id":"co_named_stream_078026","name":"Ute Bill Creek","display_name":"Ute Bill Creek","mapped_name":"Ute Bill Creek","source_name":"Ute Bill Creek","state":"CO","atlas_class":"named_natural_stream","huc8":"14010001","huc8Name":"Colorado Headwaters","huc8States":"CO","lineageKey":"coloradoRiver","lineage":"coloradoRiver","historic":"coloradoRiver","current":"coloradoRiver","recovery":"recoveryWatch","lineageLabel":"Colorado River green lineage","lineageBasin":"Colorado Headwaters","lineageNote":"Upper Colorado green-lineage context","atlas_context":"cutthroat_lineage_context","confidence":"Watershed-level lineage context; expert review recommended","geometryStatus":"Named natural stream segment from statewide hydrography","note":"This named natural stream falls within a HUC8 assigned to a cutthroat lineage context.","source_segment_id":"co_named_stream_078026","water_id":"co_ute_bill_creek_14010001_coloradoRiver_001","occurrence_id":"co_ute_bill_creek_14010001_coloradoRiver_001","occurrence_number":"001","segment_count":21,"disambiguator":"Colorado Headwaters · Colorado River green lineage · occurrence 001","basin":"Colorado Headwaters","atlas_layer":"named_water_occurrence","object_role":"named_water_occurrence","historic_label":"Colorado River green lineage","current_label":"Colorado River green lineage","recovery_label":"Recovery watch / review area","tier":"tier2","minZoom":12,"confidence_public":"Watershed-level lineage context; expert review recommended","geometry_status_public":"Named natural stream occurrence from statewide hydrography","geometry_source_public":"Grouped public hydrography segments","trout_source_public":"Compiled public recovery and lineage context; expert review recommended","public_notes":"Ute Bill Creek is shown as a named-water occurrence within watershed-level cutthroat lineage context. This is not a precise biological boundary."}},{"type":"Feature","geometry":{"type":"LineString","coordinates":[[-106.1168,40.1079],[-106.1177,40.1074]]},"properties":{"source_id":"co_named_stream_078027","name":"Ute Bill Creek","display_name":"Ute Bill Creek","mapped_name":"Ute Bill Creek","source_name":"Ute Bill Creek","state":"CO","atlas_class":"named_natural_stream","huc8":"14010001","huc8Name":"Colorado Headwaters","huc8States":"CO","lineageKey":"coloradoRiver","lineage":"coloradoRiver","historic":"coloradoRiver","current":"coloradoRiver","recovery":"recoveryWatch","lineageLabel":"Colorado River green lineage","lineageBasin":"Colorado Headwaters","lineageNote":"Upper Colorado green-lineage context","atlas_context":"cutthroat_lineage_context","confidence":"Watershed-level lineage context; expert review recommended","geometryStatus":"Named natural stream segment from statewide hydrography","note":"This named natural stream falls within a HUC8 assigned to a cutthroat lineage context.","source_segment_id":"co_named_stream_078027","water_id":"co_ute_bill_creek_14010001_coloradoRiver_001","occurrence_id":"co_ute_bill_creek_14010001_coloradoRiver_001","occurrence_number":"001","segment_count":21,"disambiguator":"Colorado Headwaters · Colorado River green lineage · occurrence 001","basin":"Colorado Headwaters","atlas_layer":"named_water_occurrence","object_role":"named_water_occurrence","historic_label":"Colorado River green lineage","current_label":"Colorado River green lineage","recovery_label":"Recovery watch / review area","tier":"tier2","minZoom":12,"confidence_public":"Watershed-level lineage context; expert review recommended","geometry_status_public":"Named natural stream occurrence from statewide hydrography","geometry_source_public":"Grouped public hydrography segments","trout_source_public":"Compiled public recovery and lineage context; expert review recommended","public_notes":"Ute Bill Creek is shown as a named-water occurrence within watershed-level cutthroat lineage context. This is not a precise biological boundary."}},{"type":"Feature","geometry":{"type":"LineString","coordinates":[[-106.1179,40.1072],[-106.1196,40.1014]]},"properties":{"source_id":"co_named_stream_078030","name":"Ute Bill Creek","display_name":"Ute Bill Creek","mapped_name":"Ute Bill Creek","source_name":"Ute Bill Creek","state":"CO","atlas_class":"named_natural_stream","huc8":"14010001","huc8Name":"Colorado Headwaters","huc8States":"CO","lineageKey":"coloradoRiver","lineage":"coloradoRiver","historic":"coloradoRiver","current":"coloradoRiver","recovery":"recoveryWatch","lineageLabel":"Colorado River green lineage","lineageBasin":"Colorado Headwaters","lineageNote":"Upper Colorado green-lineage context","atlas_context":"cutthroat_lineage_context","confidence":"Watershed-level lineage context; expert review recommended","geometryStatus":"Named natural stream segment from statewide hydrography","note":"This named natural stream falls within a HUC8 assigned to a cutthroat lineage context.","source_segment_id":"co_named_stream_078030","water_id":"co_ute_bill_creek_14010001_coloradoRiver_001","occurrence_id":"co_ute_bill_creek_14010001_coloradoRiver_001","occurrence_number":"001","segment_count":21,"disambiguator":"Colorado Headwaters · Colorado River green lineage · occurrence 001","basin":"Colorado Headwaters","atlas_layer":"named_water_occurrence","object_role":"named_water_occurrence","historic_label":"Colorado River green lineage","current_label":"Colorado River green lineage","recovery_label":"Recovery watch / review area","tier":"tier2","minZoom":12,"confidence_public":"Watershed-level lineage context; expert review recommended","geometry_status_public":"Named natural stream occurrence from statewide hydrography","geometry_source_public":"Grouped public hydrography segments","trout_source_public":"Compiled public recovery and lineage context; expert review recommended","public_notes":"Ute Bill Creek is shown as a named-water occurrence within watershed-level cutthroat lineage context. This is not a precise biological boundary."}},{"type":"Feature","geometry":{"type":"LineString","coordinates":[[-106.1335,40.1364],[-106.1339,40.1361]]},"properties":{"source_id":"co_named_stream_078034","name":"Ute Bill Creek","display_name":"Ute Bill Creek","mapped_name":"Ute Bill Creek","source_name":"Ute Bill Creek","state":"CO","atlas_class":"named_natural_stream","huc8":"14010001","huc8Name":"Colorado Headwaters","huc8States":"CO","lineageKey":"coloradoRiver","lineage":"coloradoRiver","historic":"coloradoRiver","current":"coloradoRiver","recovery":"recoveryWatch","lineageLabel":"Colorado River green lineage","lineageBasin":"Colorado Headwaters","lineageNote":"Upper Colorado green-lineage context","atlas_context":"cutthroat_lineage_context","confidence":"Watershed-level lineage context; expert review recommended","geometryStatus":"Named natural stream segment from statewide hydrography","note":"This named natural stream falls within a HUC8 assigned to a cutthroat lineage context.","source_segment_id":"co_named_stream_078034","water_id":"co_ute_bill_creek_14010001_coloradoRiver_001","occurrence_id":"co_ute_bill_creek_14010001_coloradoRiver_001","occurrence_number":"001","segment_count":21,"disambiguator":"Colorado Headwaters · Colorado River green lineage · occurrence 001","basin":"Colorado Headwaters","atlas_layer":"named_water_occurrence","object_role":"named_water_occurrence","historic_label":"Colorado River green lineage","current_label":"Colorado River green lineage","recovery_label":"Recovery watch / review area","tier":"tier2","minZoom":12,"confidence_public":"Watershed-level lineage context; expert review recommended","geometry_status_public":"Named natural stream occurrence from statewide hydrography","geometry_source_public":"Grouped public hydrography segments","trout_source_public":"Compiled public recovery and lineage context; expert review recommended","public_notes":"Ute Bill Creek is shown as a named-water occurrence within watershed-level cutthroat lineage context. This is not a precise biological boundary."}},{"type":"Feature","geometry":{"type":"LineString","coordinates":[[-106.1326,40.1312],[-106.1312,40.1286],[-106.1283,40.1263]]},"properties":{"source_id":"co_named_stream_078036","name":"Ute Bill Creek","display_name":"Ute Bill Creek","mapped_name":"Ute Bill Creek","source_name":"Ute Bill Creek","state":"CO","atlas_class":"named_natural_stream","huc8":"14010001","huc8Name":"Colorado Headwaters","huc8States":"CO","lineageKey":"coloradoRiver","lineage":"coloradoRiver","historic":"coloradoRiver","current":"coloradoRiver","recovery":"recoveryWatch","lineageLabel":"Colorado River green lineage","lineageBasin":"Colorado Headwaters","lineageNote":"Upper Colorado green-lineage context","atlas_context":"cutthroat_lineage_context","confidence":"Watershed-level lineage context; expert review recommended","geometryStatus":"Named natural stream segment from statewide hydrography","note":"This named natural stream falls within a HUC8 assigned to a cutthroat lineage context.","source_segment_id":"co_named_stream_078036","water_id":"co_ute_bill_creek_14010001_coloradoRiver_001","occurrence_id":"co_ute_bill_creek_14010001_coloradoRiver_001","occurrence_number":"001","segment_count":21,"disambiguator":"Colorado Headwaters · Colorado River green lineage · occurrence 001","basin":"Colorado Headwaters","atlas_layer":"named_water_occurrence","object_role":"named_water_occurrence","historic_label":"Colorado River green lineage","current_label":"Colorado River green lineage","recovery_label":"Recovery watch / review area","tier":"tier2","minZoom":12,"confidence_public":"Watershed-level lineage context; expert review recommended","geometry_status_public":"Named natural stream occurrence from statewide hydrography","geometry_source_public":"Grouped public hydrography segments","trout_source_public":"Compiled public recovery and lineage context; expert review recommended","public_notes":"Ute Bill Creek is shown as a named-water occurrence within watershed-level cutthroat lineage context. This is not a precise biological boundary."}},{"type":"Feature","geometry":{"type":"LineString","coordinates":[[-106.1164,40.11],[-106.1164,40.1085]]},"properties":{"source_id":"co_named_stream_078045","name":"Ute Bill Creek","display_name":"Ute Bill Creek","mapped_name":"Ute Bill Creek","source_name":"Ute Bill Creek","state":"CO","atlas_class":"named_natural_stream","huc8":"14010001","huc8Name":"Colorado Headwaters","huc8States":"CO","lineageKey":"coloradoRiver","lineage":"coloradoRiver","historic":"coloradoRiver","current":"coloradoRiver","recovery":"recoveryWatch","lineageLabel":"Colorado River green lineage","lineageBasin":"Colorado Headwaters","lineageNote":"Upper Colorado green-lineage context","atlas_context":"cutthroat_lineage_context","confidence":"Watershed-level lineage context; expert review recommended","geometryStatus":"Named natural stream segment from statewide hydrography","note":"This named natural stream falls within a HUC8 assigned to a cutthroat lineage context.","source_segment_id":"co_named_stream_078045","water_id":"co_ute_bill_creek_14010001_coloradoRiver_001","occurrence_id":"co_ute_bill_creek_14010001_coloradoRiver_001","occurrence_number":"001","segment_count":21,"disambiguator":"Colorado Headwaters · Colorado River green lineage · occurrence 001","basin":"Colorado Headwaters","atlas_layer":"named_water_occurrence","object_role":"named_water_occurrence","historic_label":"Colorado River green lineage","current_label":"Colorado River green lineage","recovery_label":"Recovery watch / review area","tier":"tier2","minZoom":12,"confidence_public":"Watershed-level lineage context; expert review recommended","geometry_status_public":"Named natural stream occurrence from statewide hydrography","geometry_source_public":"Grouped public hydrography segments","trout_source_public":"Compiled public recovery and lineage context; expert review recommended","public_notes":"Ute Bill Creek is shown as a named-water occurrence within watershed-level cutthroat lineage context. This is not a precise biological boundary."}},{"type":"Feature","geometry":{"type":"LineString","coordinates":[[-106.1196,40.1014],[-106.1175,40.1003]]},"properties":{"source_id":"co_named_stream_078052","name":"Ute Bill Creek","display_name":"Ute Bill Creek","mapped_name":"Ute Bill Creek","source_name":"Ute Bill Creek","state":"CO","atlas_class":"named_natural_stream","huc8":"14010001","huc8Name":"Colorado Headwaters","huc8States":"CO","lineageKey":"coloradoRiver","lineage":"coloradoRiver","historic":"coloradoRiver","current":"coloradoRiver","recovery":"recoveryWatch","lineageLabel":"Colorado River green lineage","lineageBasin":"Colorado Headwaters","lineageNote":"Upper Colorado green-lineage context","atlas_context":"cutthroat_lineage_context","confidence":"Watershed-level lineage context; expert review recommended","geometryStatus":"Named natural stream segment from statewide hydrography","note":"This named natural stream falls within a HUC8 assigned to a cutthroat lineage context.","source_segment_id":"co_named_stream_078052","water_id":"co_ute_bill_creek_14010001_coloradoRiver_001","occurrence_id":"co_ute_bill_creek_14010001_coloradoRiver_001","occurrence_number":"001","segment_count":21,"disambiguator":"Colorado Headwaters · Colorado River green lineage · occurrence 001","basin":"Colorado Headwaters","atlas_layer":"named_water_occurrence","object_role":"named_water_occurrence","historic_label":"Colorado River green lineage","current_label":"Colorado River green lineage","recovery_label":"Recovery watch / review area","tier":"tier2","minZoom":12,"confidence_public":"Watershed-level lineage context; expert review recommended","geometry_status_public":"Named natural stream occurrence from statewide hydrography","geometry_source_public":"Grouped public hydrography segments","trout_source_public":"Compiled public recovery and lineage context; expert review recommended","public_notes":"Ute Bill Creek is shown as a named-water occurrence within watershed-level cutthroat lineage context. This is not a precise biological boundary."}},{"type":"Feature","geometry":{"type":"LineString","coordinates":[[-106.1202,40.1186],[-106.1183,40.1127]]},"properties":{"source_id":"co_named_stream_078056","name":"Ute Bill Creek","display_name":"Ute Bill Creek","mapped_name":"Ute Bill Creek","source_name":"Ute Bill Creek","state":"CO","atlas_class":"named_natural_stream","huc8":"14010001","huc8Name":"Colorado Headwaters","huc8States":"CO","lineageKey":"coloradoRiver","lineage":"coloradoRiver","historic":"coloradoRiver","current":"coloradoRiver","recovery":"recoveryWatch","lineageLabel":"Colorado River green lineage","lineageBasin":"Colorado Headwaters","lineageNote":"Upper Colorado green-lineage context","atlas_context":"cutthroat_lineage_context","confidence":"Watershed-level lineage context; expert review recommended","geometryStatus":"Named natural stream segment from statewide hydrography","note":"This named natural stream falls within a HUC8 assigned to a cutthroat lineage context.","source_segment_id":"co_named_stream_078056","water_id":"co_ute_bill_creek_14010001_coloradoRiver_001","occurrence_id":"co_ute_bill_creek_14010001_coloradoRiver_001","occurrence_number":"001","segment_count":21,"disambiguator":"Colorado Headwaters · Colorado River green lineage · occurrence 001","basin":"Colorado Headwaters","atlas_layer":"named_water_occurrence","object_role":"named_water_occurrence","historic_label":"Colorado River green lineage","current_label":"Colorado River green lineage","recovery_label":"Recovery watch / review area","tier":"tier2","minZoom":12,"confidence_public":"Watershed-level lineage context; expert review recommended","geometry_status_public":"Named natural stream occurrence from statewide hydrography","geometry_source_public":"Grouped public hydrography segments","trout_source_public":"Compiled public recovery and lineage context; expert review recommended","public_notes":"Ute Bill Creek is shown as a named-water occurrence within watershed-level cutthroat lineage context. This is not a precise biological boundary."}},{"type":"Feature","geometry":{"type":"LineString","coordinates":[[-106.1342,40.1352],[-106.1327,40.132]]},"properties":{"source_id":"co_named_stream_078057","name":"Ute Bill Creek","display_name":"Ute Bill Creek","mapped_name":"Ute Bill Creek","source_name":"Ute Bill Creek","state":"CO","atlas_class":"named_natural_stream","huc8":"14010001","huc8Name":"Colorado Headwaters","huc8States":"CO","lineageKey":"coloradoRiver","lineage":"coloradoRiver","historic":"coloradoRiver","current":"coloradoRiver","recovery":"recoveryWatch","lineageLabel":"Colorado River green lineage","lineageBasin":"Colorado Headwaters","lineageNote":"Upper Colorado green-lineage context","atlas_context":"cutthroat_lineage_context","confidence":"Watershed-level lineage context; expert review recommended","geometryStatus":"Named natural stream segment from statewide hydrography","note":"This named natural stream falls within a HUC8 assigned to a cutthroat lineage context.","source_segment_id":"co_named_stream_078057","water_id":"co_ute_bill_creek_14010001_coloradoRiver_001","occurrence_id":"co_ute_bill_creek_14010001_coloradoRiver_001","occurrence_number":"001","segment_count":21,"disambiguator":"Colorado Headwaters · Colorado River green lineage · occurrence 001","basin":"Colorado Headwaters","atlas_layer":"named_water_occurrence","object_role":"named_water_occurrence","historic_label":"Colorado River green lineage","current_label":"Colorado River green lineage","recovery_label":"Recovery watch / review area","tier":"tier2","minZoom":12,"confidence_public":"Watershed-level lineage context; expert review recommended","geometry_status_public":"Named natural stream occurrence from statewide hydrography","geometry_source_public":"Grouped public hydrography segments","trout_source_public":"Compiled public recovery and lineage context; expert review recommended","public_notes":"Ute Bill Creek is shown as a named-water occurrence within watershed-level cutthroat lineage context. This is not a precise biological boundary."}},{"type":"Feature","geometry":{"type":"LineString","coordinates":[[-106.1327,40.132],[-106.1326,40.1312]]},"properties":{"source_id":"co_named_stream_078058","name":"Ute Bill Creek","display_name":"Ute Bill Creek","mapped_name":"Ute Bill Creek","source_name":"Ute Bill Creek","state":"CO","atlas_class":"named_natural_stream","huc8":"14010001","huc8Name":"Colorado Headwaters","huc8States":"CO","lineageKey":"coloradoRiver","lineage":"coloradoRiver","historic":"coloradoRiver","current":"coloradoRiver","recovery":"recoveryWatch","lineageLabel":"Colorado River green lineage","lineageBasin":"Colorado Headwaters","lineageNote":"Upper Colorado green-lineage context","atlas_context":"cutthroat_lineage_context","confidence":"Watershed-level lineage context; expert review recommended","geometryStatus":"Named natural stream segment from statewide hydrography","note":"This named natural stream falls within a HUC8 assigned to a cutthroat lineage context.","source_segment_id":"co_named_stream_078058","water_id":"co_ute_bill_creek_14010001_coloradoRiver_001","occurrence_id":"co_ute_bill_creek_14010001_coloradoRiver_001","occurrence_number":"001","segment_count":21,"disambiguator":"Colorado Headwaters · Colorado River green lineage · occurrence 001","basin":"Colorado Headwaters","atlas_layer":"named_water_occurrence","object_role":"named_water_occurrence","historic_label":"Colorado River green lineage","current_label":"Colorado River green lineage","recovery_label":"Recovery watch / review area","tier":"tier2","minZoom":12,"confidence_public":"Watershed-level lineage context; expert review recommended","geometry_status_public":"Named natural stream occurrence from statewide hydrography","geometry_source_public":"Grouped public hydrography segments","trout_source_public":"Compiled public recovery and lineage context; expert review recommended","public_notes":"Ute Bill Creek is shown as a named-water occurrence within watershed-level cutthroat lineage context. This is not a precise biological boundary."}},{"type":"Feature","geometry":{"type":"LineString","coordinates":[[-106.1175,40.1003],[-106.1147,40.0981]]},"properties":{"source_id":"co_named_stream_078084","name":"Ute Bill Creek","display_name":"Ute Bill Creek","mapped_name":"Ute Bill Creek","source_name":"Ute Bill Creek","state":"CO","atlas_class":"named_natural_stream","huc8":"14010001","huc8Name":"Colorado Headwaters","huc8States":"CO","lineageKey":"coloradoRiver","lineage":"coloradoRiver","historic":"coloradoRiver","current":"coloradoRiver","recovery":"recoveryWatch","lineageLabel":"Colorado River green lineage","lineageBasin":"Colorado Headwaters","lineageNote":"Upper Colorado green-lineage context","atlas_context":"cutthroat_lineage_context","confidence":"Watershed-level lineage context; expert review recommended","geometryStatus":"Named natural stream segment from statewide hydrography","note":"This named natural stream falls within a HUC8 assigned to a cutthroat lineage context.","source_segment_id":"co_named_stream_078084","water_id":"co_ute_bill_creek_14010001_coloradoRiver_001","occurrence_id":"co_ute_bill_creek_14010001_coloradoRiver_001","occurrence_number":"001","segment_count":21,"disambiguator":"Colorado Headwaters · Colorado River green lineage · occurrence 001","basin":"Colorado Headwaters","atlas_layer":"named_water_occurrence","object_role":"named_water_occurrence","historic_label":"Colorado River green lineage","current_label":"Colorado River green lineage","recovery_label":"Recovery watch / review area","tier":"tier2","minZoom":12,"confidence_public":"Watershed-level lineage context; expert review recommended","geometry_status_public":"Named natural stream occurrence from statewide hydrography","geometry_source_public":"Grouped public hydrography segments","trout_source_public":"Compiled public recovery and lineage context; expert review recommended","public_notes":"Ute Bill Creek is shown as a named-water occurrence within watershed-level cutthroat lineage context. This is not a precise biological boundary."}},{"type":"Feature","geometry":{"type":"LineString","coordinates":[[-106.1147,40.0981],[-106.109,40.0956]]},"properties":{"source_id":"co_named_stream_078089","name":"Ute Bill Creek","display_name":"Ute Bill Creek","mapped_name":"Ute Bill Creek","source_name":"Ute Bill Creek","state":"CO","atlas_class":"named_natural_stream","huc8":"14010001","huc8Name":"Colorado Headwaters","huc8States":"CO","lineageKey":"coloradoRiver","lineage":"coloradoRiver","historic":"coloradoRiver","current":"coloradoRiver","recovery":"recoveryWatch","lineageLabel":"Colorado River green lineage","lineageBasin":"Colorado Headwaters","lineageNote":"Upper Colorado green-lineage context","atlas_context":"cutthroat_lineage_context","confidence":"Watershed-level lineage context; expert review recommended","geometryStatus":"Named natural stream segment from statewide hydrography","note":"This named natural stream falls within a HUC8 assigned to a cutthroat lineage context.","source_segment_id":"co_named_stream_078089","water_id":"co_ute_bill_creek_14010001_coloradoRiver_001","occurrence_id":"co_ute_bill_creek_14010001_coloradoRiver_001","occurrence_number":"001","segment_count":21,"disambiguator":"Colorado Headwaters · Colorado River green lineage · occurrence 001","basin":"Colorado Headwaters","atlas_layer":"named_water_occurrence","object_role":"named_water_occurrence","historic_label":"Colorado River green lineage","current_label":"Colorado River green lineage","recovery_label":"Recovery watch / review area","tier":"tier2","minZoom":12,"confidence_public":"Watershed-level lineage context; expert review recommended","geometry_status_public":"Named natural stream occurrence from statewide hydrography","geometry_source_public":"Grouped public hydrography segments","trout_source_public":"Compiled public recovery and lineage context; expert review recommended","public_notes":"Ute Bill Creek is shown as a named-water occurrence within watershed-level cutthroat lineage context. This is not a precise biological boundary."}},{"type":"Feature","geometry":{"type":"LineString","coordinates":[[-106.1086,40.0952],[-106.1061,40.0944]]},"properties":{"source_id":"co_named_stream_078117","name":"Ute Bill Creek","display_name":"Ute Bill Creek","mapped_name":"Ute Bill Creek","source_name":"Ute Bill Creek","state":"CO","atlas_class":"named_natural_stream","huc8":"14010001","huc8Name":"Colorado Headwaters","huc8States":"CO","lineageKey":"coloradoRiver","lineage":"coloradoRiver","historic":"coloradoRiver","current":"coloradoRiver","recovery":"recoveryWatch","lineageLabel":"Colorado River green lineage","lineageBasin":"Colorado Headwaters","lineageNote":"Upper Colorado green-lineage context","atlas_context":"cutthroat_lineage_context","confidence":"Watershed-level lineage context; expert review recommended","geometryStatus":"Named natural stream segment from statewide hydrography","note":"This named natural stream falls within a HUC8 assigned to a cutthroat lineage context.","source_segment_id":"co_named_stream_078117","water_id":"co_ute_bill_creek_14010001_coloradoRiver_001","occurrence_id":"co_ute_bill_creek_14010001_coloradoRiver_001","occurrence_number":"001","segment_count":21,"disambiguator":"Colorado Headwaters · Colorado River green lineage · occurrence 001","basin":"Colorado Headwaters","atlas_layer":"named_water_occurrence","object_role":"named_water_occurrence","historic_label":"Colorado River green lineage","current_label":"Colorado River green lineage","recovery_label":"Recovery watch / review area","tier":"tier2","minZoom":12,"confidence_public":"Watershed-level lineage context; expert review recommended","geometry_status_public":"Named natural stream occurrence from statewide hydrography","geometry_source_public":"Grouped public hydrography segments","trout_source_public":"Compiled public recovery and lineage context; expert review recommended","public_notes":"Ute Bill Creek is shown as a named-water occurrence within watershed-level cutthroat lineage context. This is not a precise biological boundary."}},{"type":"Feature","geometry":{"type":"LineString","coordinates":[[-106.109,40.0956],[-106.1086,40.0952]]},"properties":{"source_id":"co_named_stream_078118","name":"Ute Bill Creek","display_name":"Ute Bill Creek","mapped_name":"Ute Bill Creek","source_name":"Ute Bill Creek","state":"CO","atlas_class":"named_natural_stream","huc8":"14010001","huc8Name":"Colorado Headwaters","huc8States":"CO","lineageKey":"coloradoRiver","lineage":"coloradoRiver","historic":"coloradoRiver","current":"coloradoRiver","recovery":"recoveryWatch","lineageLabel":"Colorado River green lineage","lineageBasin":"Colorado Headwaters","lineageNote":"Upper Colorado green-lineage context","atlas_context":"cutthroat_lineage_context","confidence":"Watershed-level lineage context; expert review recommended","geometryStatus":"Named natural stream segment from statewide hydrography","note":"This named natural stream falls within a HUC8 assigned to a cutthroat lineage context.","source_segment_id":"co_named_stream_078118","water_id":"co_ute_bill_creek_14010001_coloradoRiver_001","occurrence_id":"co_ute_bill_creek_14010001_coloradoRiver_001","occurrence_number":"001","segment_count":21,"disambiguator":"Colorado Headwaters · Colorado River green lineage · occurrence 001","basin":"Colorado Headwaters","atlas_layer":"named_water_occurrence","object_role":"named_water_occurrence","historic_label":"Colorado River green lineage","current_label":"Colorado River green lineage","recovery_label":"Recovery watch / review area","tier":"tier2","minZoom":12,"confidence_public":"Watershed-level lineage context; expert review recommended","geometry_status_public":"Named natural stream occurrence from statewide hydrography","geometry_source_public":"Grouped public hydrography segments","trout_source_public":"Compiled public recovery and lineage context; expert review recommended","public_notes":"Ute Bill Creek is shown as a named-water occurrence within watershed-level cutthroat lineage context. This is not a precise biological boundary."}}]}