{"type":"FeatureCollection","metadata":{"description":"Colorado curated named waters occurrence v2 preview tile","source":"C:\\ct-atlas-data\\processed\\geojson\\interpreted\\colorado_curated_named_waters_occurrence_v2_preview.geojson","tileSizeDeg":0.25,"bounds":{"west":-107.5,"east":-107.25,"south":40.5,"north":40.75},"featureCount":72},"features":[{"type":"Feature","geometry":{"type":"LineString","coordinates":[[-107.24799,40.68497],[-107.24784,40.68416],[-107.24856,40.68343],[-107.25061,40.6828]]},"properties":{"huc8":"14050001","huc8Name":"Upper Yampa","historic":"greenRiverBlue","current":"introduced","recovery":"recoveryWatch","lineageKey":"greenRiverBlue","lineageLabel":"Green River / blue-lineage CT","basin":"Upper Yampa","note":"Yampa blue-lineage context","state":"CO","confidence":"HUC8 drainage context / generalized","geometryStatus":"Named NHD stream intersecting assigned HUC8","troutSource":"HUC8 lineage assignment v1 / review needed","sourceName":"Elkhead Creek","name":"Elkhead Creek","source_id":"90208743","length_km":0.382,"FType":460,"FCode":46006,"atlas_class":"streamriver","water_id":"co_14050001_greenriverblue_elkhead_creek_002","occurrence_id":"co_14050001_greenriverblue_elkhead_creek_002","occurrence_number":"002","display_name":"Elkhead Creek","mapped_name":"Elkhead Creek","source_name":"Elkhead Creek","disambiguator":"Green River / blue-lineage cutthroat historic context · HUC8 14050001 · occurrence 002","atlas_layer":"curated_named_water_occurrence","object_role":"interactive_named_water","lineage":"greenRiverBlue","historic_label":"Green River / blue-lineage cutthroat historic context","current_label":"Green River / blue-lineage cutthroat historic context","recovery_label":"Recovery watch / review area","confidence_public":"Generalized public map / needs expert review","confidence_internal":"Occurrence-cluster preview; 104 source segments","geometry_status_public":"Generalized named-water occurrence","geometry_status_internal":"Grouped by display name, HUC8, lineage, and spatial cluster","geometry_source_public":"Grouped public hydrography segments","geometry_source_internal":"Colorado full interpreted natural stream context — occurrence v2 preview","trout_source_public":"Compiled public recovery and lineage context; expert review recommended","trout_source_internal":"HUC8 lineage assignment v1 / review needed","public_notes":"Elkhead Creek is shown as a generalized public-map named-water occurrence for Green River / blue-lineage cutthroat historic context. This object is separated from other same-named waters using HUC8, lineage, and local spatial clustering. Linework is grouped from public hydrography and should be treated as interpretive watershed context, not a precise biological boundary.","internal_notes":"Preview occurrence co_14050001_greenriverblue_elkhead_creek_002; 104 segments; 60.3 km"}},{"type":"Feature","geometry":{"type":"LineString","coordinates":[[-107.25061,40.6828],[-107.25322,40.68276],[-107.2546,40.68172],[-107.25598,40.68192]]},"properties":{"huc8":"14050001","huc8Name":"Upper Yampa","historic":"greenRiverBlue","current":"introduced","recovery":"recoveryWatch","lineageKey":"greenRiverBlue","lineageLabel":"Green River / blue-lineage CT","basin":"Upper Yampa","note":"Yampa blue-lineage context","state":"CO","confidence":"HUC8 drainage context / generalized","geometryStatus":"Named NHD stream intersecting assigned HUC8","troutSource":"HUC8 lineage assignment v1 / review needed","sourceName":"Elkhead Creek","name":"Elkhead Creek","source_id":"90219139","length_km":0.51,"FType":460,"FCode":46006,"atlas_class":"streamriver","water_id":"co_14050001_greenriverblue_elkhead_creek_002","occurrence_id":"co_14050001_greenriverblue_elkhead_creek_002","occurrence_number":"002","display_name":"Elkhead Creek","mapped_name":"Elkhead Creek","source_name":"Elkhead Creek","disambiguator":"Green River / blue-lineage cutthroat historic context · HUC8 14050001 · occurrence 002","atlas_layer":"curated_named_water_occurrence","object_role":"interactive_named_water","lineage":"greenRiverBlue","historic_label":"Green River / blue-lineage cutthroat historic context","current_label":"Green River / blue-lineage cutthroat historic context","recovery_label":"Recovery watch / review area","confidence_public":"Generalized public map / needs expert review","confidence_internal":"Occurrence-cluster preview; 104 source segments","geometry_status_public":"Generalized named-water occurrence","geometry_status_internal":"Grouped by display name, HUC8, lineage, and spatial cluster","geometry_source_public":"Grouped public hydrography segments","geometry_source_internal":"Colorado full interpreted natural stream context — occurrence v2 preview","trout_source_public":"Compiled public recovery and lineage context; expert review recommended","trout_source_internal":"HUC8 lineage assignment v1 / review needed","public_notes":"Elkhead Creek is shown as a generalized public-map named-water occurrence for Green River / blue-lineage cutthroat historic context. This object is separated from other same-named waters using HUC8, lineage, and local spatial clustering. Linework is grouped from public hydrography and should be treated as interpretive watershed context, not a precise biological boundary.","internal_notes":"Preview occurrence co_14050001_greenriverblue_elkhead_creek_002; 104 segments; 60.3 km"}},{"type":"Feature","geometry":{"type":"LineString","coordinates":[[-107.29553,40.65647],[-107.29689,40.65585],[-107.29793,40.65612],[-107.29791,40.65512],[-107.29677,40.65445],[-107.29738,40.65238],[-107.29391,40.65207],[-107.28977,40.64877],[-107.28937,40.64898],[-107.29009,40.64976],[-107.28962,40.6501],[-107.28805,40.64884],[-107.28747,40.6495],[-107.28577,40.64831],[-107.28434,40.64848]]},"properties":{"huc8":"14050001","huc8Name":"Upper Yampa","historic":"greenRiverBlue","current":"introduced","recovery":"recoveryWatch","lineageKey":"greenRiverBlue","lineageLabel":"Green River / blue-lineage CT","basin":"Upper Yampa","note":"Yampa blue-lineage context","state":"CO","confidence":"HUC8 drainage context / generalized","geometryStatus":"Named NHD stream intersecting assigned HUC8","troutSource":"HUC8 lineage assignment v1 / review needed","sourceName":"Elkhead Creek","name":"Elkhead Creek","source_id":"90219335","length_km":2.43,"FType":460,"FCode":46006,"atlas_class":"streamriver","water_id":"co_14050001_greenriverblue_elkhead_creek_002","occurrence_id":"co_14050001_greenriverblue_elkhead_creek_002","occurrence_number":"002","display_name":"Elkhead Creek","mapped_name":"Elkhead Creek","source_name":"Elkhead Creek","disambiguator":"Green River / blue-lineage cutthroat historic context · HUC8 14050001 · occurrence 002","atlas_layer":"curated_named_water_occurrence","object_role":"interactive_named_water","lineage":"greenRiverBlue","historic_label":"Green River / blue-lineage cutthroat historic context","current_label":"Green River / blue-lineage cutthroat historic context","recovery_label":"Recovery watch / review area","confidence_public":"Generalized public map / needs expert review","confidence_internal":"Occurrence-cluster preview; 104 source segments","geometry_status_public":"Generalized named-water occurrence","geometry_status_internal":"Grouped by display name, HUC8, lineage, and spatial cluster","geometry_source_public":"Grouped public hydrography segments","geometry_source_internal":"Colorado full interpreted natural stream context — occurrence v2 preview","trout_source_public":"Compiled public recovery and lineage context; expert review recommended","trout_source_internal":"HUC8 lineage assignment v1 / review needed","public_notes":"Elkhead Creek is shown as a generalized public-map named-water occurrence for Green River / blue-lineage cutthroat historic context. This object is separated from other same-named waters using HUC8, lineage, and local spatial clustering. Linework is grouped from public hydrography and should be treated as interpretive watershed context, not a precise biological boundary.","internal_notes":"Preview occurrence co_14050001_greenriverblue_elkhead_creek_002; 104 segments; 60.3 km"}},{"type":"Feature","geometry":{"type":"LineString","coordinates":[[-107.29979,40.59359],[-107.30211,40.59305],[-107.30226,40.59194],[-107.30133,40.5913],[-107.30252,40.58968],[-107.30125,40.58923],[-107.30328,40.58714],[-107.3023,40.5862],[-107.30543,40.58592],[-107.30617,40.58513],[-107.30575,40.58393]]},"properties":{"huc8":"14050001","huc8Name":"Upper Yampa","historic":"greenRiverBlue","current":"introduced","recovery":"recoveryWatch","lineageKey":"greenRiverBlue","lineageLabel":"Green River / blue-lineage CT","basin":"Upper Yampa","note":"Yampa blue-lineage context","state":"CO","confidence":"HUC8 drainage context / generalized","geometryStatus":"Named NHD stream intersecting assigned HUC8","troutSource":"HUC8 lineage assignment v1 / review needed","sourceName":"Elkhead Creek","name":"Elkhead Creek","source_id":"90212473","length_km":1.818,"FType":460,"FCode":46006,"atlas_class":"streamriver","water_id":"co_14050001_greenriverblue_elkhead_creek_002","occurrence_id":"co_14050001_greenriverblue_elkhead_creek_002","occurrence_number":"002","display_name":"Elkhead Creek","mapped_name":"Elkhead Creek","source_name":"Elkhead Creek","disambiguator":"Green River / blue-lineage cutthroat historic context · HUC8 14050001 · occurrence 002","atlas_layer":"curated_named_water_occurrence","object_role":"interactive_named_water","lineage":"greenRiverBlue","historic_label":"Green River / blue-lineage cutthroat historic context","current_label":"Green River / blue-lineage cutthroat historic context","recovery_label":"Recovery watch / review area","confidence_public":"Generalized public map / needs expert review","confidence_internal":"Occurrence-cluster preview; 104 source segments","geometry_status_public":"Generalized named-water occurrence","geometry_status_internal":"Grouped by display name, HUC8, lineage, and spatial cluster","geometry_source_public":"Grouped public hydrography segments","geometry_source_internal":"Colorado full interpreted natural stream context — occurrence v2 preview","trout_source_public":"Compiled public recovery and lineage context; expert review recommended","trout_source_internal":"HUC8 lineage assignment v1 / review needed","public_notes":"Elkhead Creek is shown as a generalized public-map named-water occurrence for Green River / blue-lineage cutthroat historic context. This object is separated from other same-named waters using HUC8, lineage, and local spatial clustering. Linework is grouped from public hydrography and should be treated as interpretive watershed context, not a precise biological boundary.","internal_notes":"Preview occurrence co_14050001_greenriverblue_elkhead_creek_002; 104 segments; 60.3 km"}},{"type":"Feature","geometry":{"type":"LineString","coordinates":[[-107.31579,40.58617],[-107.31755,40.58749],[-107.3155,40.5889],[-107.31469,40.59042],[-107.31598,40.59089],[-107.31605,40.5916],[-107.31711,40.59084],[-107.31768,40.59105]]},"properties":{"huc8":"14050001","huc8Name":"Upper Yampa","historic":"greenRiverBlue","current":"introduced","recovery":"recoveryWatch","lineageKey":"greenRiverBlue","lineageLabel":"Green River / blue-lineage CT","basin":"Upper Yampa","note":"Yampa blue-lineage context","state":"CO","confidence":"HUC8 drainage context / generalized","geometryStatus":"Named NHD stream intersecting assigned HUC8","troutSource":"HUC8 lineage assignment v1 / review needed","sourceName":"Elkhead Creek","name":"Elkhead Creek","source_id":"90212451","length_km":1.07,"FType":460,"FCode":46006,"atlas_class":"streamriver","water_id":"co_14050001_greenriverblue_elkhead_creek_002","occurrence_id":"co_14050001_greenriverblue_elkhead_creek_002","occurrence_number":"002","display_name":"Elkhead Creek","mapped_name":"Elkhead Creek","source_name":"Elkhead Creek","disambiguator":"Green River / blue-lineage cutthroat historic context · HUC8 14050001 · occurrence 002","atlas_layer":"curated_named_water_occurrence","object_role":"interactive_named_water","lineage":"greenRiverBlue","historic_label":"Green River / blue-lineage cutthroat historic context","current_label":"Green River / blue-lineage cutthroat historic context","recovery_label":"Recovery watch / review area","confidence_public":"Generalized public map / needs expert review","confidence_internal":"Occurrence-cluster preview; 104 source segments","geometry_status_public":"Generalized named-water occurrence","geometry_status_internal":"Grouped by display name, HUC8, lineage, and spatial cluster","geometry_source_public":"Grouped public hydrography segments","geometry_source_internal":"Colorado full interpreted natural stream context — occurrence v2 preview","trout_source_public":"Compiled public recovery and lineage context; expert review recommended","trout_source_internal":"HUC8 lineage assignment v1 / review needed","public_notes":"Elkhead Creek is shown as a generalized public-map named-water occurrence for Green River / blue-lineage cutthroat historic context. This object is separated from other same-named waters using HUC8, lineage, and local spatial clustering. Linework is grouped from public hydrography and should be treated as interpretive watershed context, not a precise biological boundary.","internal_notes":"Preview occurrence co_14050001_greenriverblue_elkhead_creek_002; 104 segments; 60.3 km"}},{"type":"Feature","geometry":{"type":"LineString","coordinates":[[-107.31174,40.58297],[-107.31279,40.58384],[-107.31251,40.58522],[-107.31384,40.58462],[-107.31431,40.58588],[-107.31579,40.58617]]},"properties":{"huc8":"14050001","huc8Name":"Upper Yampa","historic":"greenRiverBlue","current":"introduced","recovery":"recoveryWatch","lineageKey":"greenRiverBlue","lineageLabel":"Green River / blue-lineage CT","basin":"Upper Yampa","note":"Yampa blue-lineage context","state":"CO","confidence":"HUC8 drainage context / generalized","geometryStatus":"Named NHD stream intersecting assigned HUC8","troutSource":"HUC8 lineage assignment v1 / review needed","sourceName":"Elkhead Creek","name":"Elkhead Creek","source_id":"90212479","length_km":0.736,"FType":460,"FCode":46006,"atlas_class":"streamriver","water_id":"co_14050001_greenriverblue_elkhead_creek_002","occurrence_id":"co_14050001_greenriverblue_elkhead_creek_002","occurrence_number":"002","display_name":"Elkhead Creek","mapped_name":"Elkhead Creek","source_name":"Elkhead Creek","disambiguator":"Green River / blue-lineage cutthroat historic context · HUC8 14050001 · occurrence 002","atlas_layer":"curated_named_water_occurrence","object_role":"interactive_named_water","lineage":"greenRiverBlue","historic_label":"Green River / blue-lineage cutthroat historic context","current_label":"Green River / blue-lineage cutthroat historic context","recovery_label":"Recovery watch / review area","confidence_public":"Generalized public map / needs expert review","confidence_internal":"Occurrence-cluster preview; 104 source segments","geometry_status_public":"Generalized named-water occurrence","geometry_status_internal":"Grouped by display name, HUC8, lineage, and spatial cluster","geometry_source_public":"Grouped public hydrography segments","geometry_source_internal":"Colorado full interpreted natural stream context — occurrence v2 preview","trout_source_public":"Compiled public recovery and lineage context; expert review recommended","trout_source_internal":"HUC8 lineage assignment v1 / review needed","public_notes":"Elkhead Creek is shown as a generalized public-map named-water occurrence for Green River / blue-lineage cutthroat historic context. This object is separated from other same-named waters using HUC8, lineage, and local spatial clustering. Linework is grouped from public hydrography and should be treated as interpretive watershed context, not a precise biological boundary.","internal_notes":"Preview occurrence co_14050001_greenriverblue_elkhead_creek_002; 104 segments; 60.3 km"}},{"type":"Feature","geometry":{"type":"LineString","coordinates":[[-107.3107,40.58295],[-107.31174,40.58297]]},"properties":{"huc8":"14050001","huc8Name":"Upper Yampa","historic":"greenRiverBlue","current":"introduced","recovery":"recoveryWatch","lineageKey":"greenRiverBlue","lineageLabel":"Green River / blue-lineage CT","basin":"Upper Yampa","note":"Yampa blue-lineage context","state":"CO","confidence":"HUC8 drainage context / generalized","geometryStatus":"Named NHD stream intersecting assigned HUC8","troutSource":"HUC8 lineage assignment v1 / review needed","sourceName":"Elkhead Creek","name":"Elkhead Creek","source_id":"90212483","length_km":0.102,"FType":460,"FCode":46006,"atlas_class":"streamriver","water_id":"co_14050001_greenriverblue_elkhead_creek_002","occurrence_id":"co_14050001_greenriverblue_elkhead_creek_002","occurrence_number":"002","display_name":"Elkhead Creek","mapped_name":"Elkhead Creek","source_name":"Elkhead Creek","disambiguator":"Green River / blue-lineage cutthroat historic context · HUC8 14050001 · occurrence 002","atlas_layer":"curated_named_water_occurrence","object_role":"interactive_named_water","lineage":"greenRiverBlue","historic_label":"Green River / blue-lineage cutthroat historic context","current_label":"Green River / blue-lineage cutthroat historic context","recovery_label":"Recovery watch / review area","confidence_public":"Generalized public map / needs expert review","confidence_internal":"Occurrence-cluster preview; 104 source segments","geometry_status_public":"Generalized named-water occurrence","geometry_status_internal":"Grouped by display name, HUC8, lineage, and spatial cluster","geometry_source_public":"Grouped public hydrography segments","geometry_source_internal":"Colorado full interpreted natural stream context — occurrence v2 preview","trout_source_public":"Compiled public recovery and lineage context; expert review recommended","trout_source_internal":"HUC8 lineage assignment v1 / review needed","public_notes":"Elkhead Creek is shown as a generalized public-map named-water occurrence for Green River / blue-lineage cutthroat historic context. This object is separated from other same-named waters using HUC8, lineage, and local spatial clustering. Linework is grouped from public hydrography and should be treated as interpretive watershed context, not a precise biological boundary.","internal_notes":"Preview occurrence co_14050001_greenriverblue_elkhead_creek_002; 104 segments; 60.3 km"}},{"type":"Feature","geometry":{"type":"LineString","coordinates":[[-107.30575,40.58393],[-107.30659,40.58332],[-107.30839,40.58329],[-107.30858,40.58417],[-107.31073,40.58419],[-107.31116,40.58381],[-107.3107,40.58295]]},"properties":{"huc8":"14050001","huc8Name":"Upper Yampa","historic":"greenRiverBlue","current":"introduced","recovery":"recoveryWatch","lineageKey":"greenRiverBlue","lineageLabel":"Green River / blue-lineage CT","basin":"Upper Yampa","note":"Yampa blue-lineage context","state":"CO","confidence":"HUC8 drainage context / generalized","geometryStatus":"Named NHD stream intersecting assigned HUC8","troutSource":"HUC8 lineage assignment v1 / review needed","sourceName":"Elkhead Creek","name":"Elkhead Creek","source_id":"90212481","length_km":0.717,"FType":460,"FCode":46006,"atlas_class":"streamriver","water_id":"co_14050001_greenriverblue_elkhead_creek_002","occurrence_id":"co_14050001_greenriverblue_elkhead_creek_002","occurrence_number":"002","display_name":"Elkhead Creek","mapped_name":"Elkhead Creek","source_name":"Elkhead Creek","disambiguator":"Green River / blue-lineage cutthroat historic context · HUC8 14050001 · occurrence 002","atlas_layer":"curated_named_water_occurrence","object_role":"interactive_named_water","lineage":"greenRiverBlue","historic_label":"Green River / blue-lineage cutthroat historic context","current_label":"Green River / blue-lineage cutthroat historic context","recovery_label":"Recovery watch / review area","confidence_public":"Generalized public map / needs expert review","confidence_internal":"Occurrence-cluster preview; 104 source segments","geometry_status_public":"Generalized named-water occurrence","geometry_status_internal":"Grouped by display name, HUC8, lineage, and spatial cluster","geometry_source_public":"Grouped public hydrography segments","geometry_source_internal":"Colorado full interpreted natural stream context — occurrence v2 preview","trout_source_public":"Compiled public recovery and lineage context; expert review recommended","trout_source_internal":"HUC8 lineage assignment v1 / review needed","public_notes":"Elkhead Creek is shown as a generalized public-map named-water occurrence for Green River / blue-lineage cutthroat historic context. This object is separated from other same-named waters using HUC8, lineage, and local spatial clustering. Linework is grouped from public hydrography and should be treated as interpretive watershed context, not a precise biological boundary.","internal_notes":"Preview occurrence co_14050001_greenriverblue_elkhead_creek_002; 104 segments; 60.3 km"}},{"type":"Feature","geometry":{"type":"LineString","coordinates":[[-107.28288,40.62899],[-107.28484,40.62659],[-107.28432,40.62497],[-107.28297,40.62436],[-107.28297,40.62365],[-107.28388,40.62262],[-107.2853,40.62222],[-107.28522,40.6214],[-107.28616,40.62136],[-107.28659,40.62048],[-107.28785,40.62105],[-107.28958,40.62066],[-107.2895,40.61921],[-107.2889,40.61895],[-107.2881,40.6196],[-107.28746,40.61898],[-107.28818,40.6181],[-107.28926,40.61868],[-107.29067,40.61847],[-107.29162,40.61724],[-107.29134,40.61671],[-107.28989,40.61709],[-107.29094,40.61617],[-107.29085,40.61543]]},"properties":{"huc8":"14050001","huc8Name":"Upper Yampa","historic":"greenRiverBlue","current":"introduced","recovery":"recoveryWatch","lineageKey":"greenRiverBlue","lineageLabel":"Green River / blue-lineage CT","basin":"Upper Yampa","note":"Yampa blue-lineage context","state":"CO","confidence":"HUC8 drainage context / generalized","geometryStatus":"Named NHD stream intersecting assigned HUC8","troutSource":"HUC8 lineage assignment v1 / review needed","sourceName":"Elkhead Creek","name":"Elkhead Creek","source_id":"90212293","length_km":3.07003931,"FType":460,"FCode":46006,"atlas_class":"streamriver","water_id":"co_14050001_greenriverblue_elkhead_creek_002","occurrence_id":"co_14050001_greenriverblue_elkhead_creek_002","occurrence_number":"002","display_name":"Elkhead Creek","mapped_name":"Elkhead Creek","source_name":"Elkhead Creek","disambiguator":"Green River / blue-lineage cutthroat historic context · HUC8 14050001 · occurrence 002","atlas_layer":"curated_named_water_occurrence","object_role":"interactive_named_water","lineage":"greenRiverBlue","historic_label":"Green River / blue-lineage cutthroat historic context","current_label":"Green River / blue-lineage cutthroat historic context","recovery_label":"Recovery watch / review area","confidence_public":"Generalized public map / needs expert review","confidence_internal":"Occurrence-cluster preview; 104 source segments","geometry_status_public":"Generalized named-water occurrence","geometry_status_internal":"Grouped by display name, HUC8, lineage, and spatial cluster","geometry_source_public":"Grouped public hydrography segments","geometry_source_internal":"Colorado full interpreted natural stream context — occurrence v2 preview","trout_source_public":"Compiled public recovery and lineage context; expert review recommended","trout_source_internal":"HUC8 lineage assignment v1 / review needed","public_notes":"Elkhead Creek is shown as a generalized public-map named-water occurrence for Green River / blue-lineage cutthroat historic context. This object is separated from other same-named waters using HUC8, lineage, and local spatial clustering. Linework is grouped from public hydrography and should be treated as interpretive watershed context, not a precise biological boundary.","internal_notes":"Preview occurrence co_14050001_greenriverblue_elkhead_creek_002; 104 segments; 60.3 km"}},{"type":"Feature","geometry":{"type":"LineString","coordinates":[[-107.28434,40.64848],[-107.28364,40.6471],[-107.28258,40.64658],[-107.27769,40.64619],[-107.27449,40.64398],[-107.26858,40.64352],[-107.26793,40.64215],[-107.26631,40.64248],[-107.2646,40.64201],[-107.2648,40.64058]]},"properties":{"huc8":"14050001","huc8Name":"Upper Yampa","historic":"greenRiverBlue","current":"introduced","recovery":"recoveryWatch","lineageKey":"greenRiverBlue","lineageLabel":"Green River / blue-lineage CT","basin":"Upper Yampa","note":"Yampa blue-lineage context","state":"CO","confidence":"HUC8 drainage context / generalized","geometryStatus":"Named NHD stream intersecting assigned HUC8","troutSource":"HUC8 lineage assignment v1 / review needed","sourceName":"Elkhead Creek","name":"Elkhead Creek","source_id":"90219395","length_km":2.273,"FType":460,"FCode":46006,"atlas_class":"streamriver","water_id":"co_14050001_greenriverblue_elkhead_creek_002","occurrence_id":"co_14050001_greenriverblue_elkhead_creek_002","occurrence_number":"002","display_name":"Elkhead Creek","mapped_name":"Elkhead Creek","source_name":"Elkhead Creek","disambiguator":"Green River / blue-lineage cutthroat historic context · HUC8 14050001 · occurrence 002","atlas_layer":"curated_named_water_occurrence","object_role":"interactive_named_water","lineage":"greenRiverBlue","historic_label":"Green River / blue-lineage cutthroat historic context","current_label":"Green River / blue-lineage cutthroat historic context","recovery_label":"Recovery watch / review area","confidence_public":"Generalized public map / needs expert review","confidence_internal":"Occurrence-cluster preview; 104 source segments","geometry_status_public":"Generalized named-water occurrence","geometry_status_internal":"Grouped by display name, HUC8, lineage, and spatial cluster","geometry_source_public":"Grouped public hydrography segments","geometry_source_internal":"Colorado full interpreted natural stream context — occurrence v2 preview","trout_source_public":"Compiled public recovery and lineage context; expert review recommended","trout_source_internal":"HUC8 lineage assignment v1 / review needed","public_notes":"Elkhead Creek is shown as a generalized public-map named-water occurrence for Green River / blue-lineage cutthroat historic context. This object is separated from other same-named waters using HUC8, lineage, and local spatial clustering. Linework is grouped from public hydrography and should be treated as interpretive watershed context, not a precise biological boundary.","internal_notes":"Preview occurrence co_14050001_greenriverblue_elkhead_creek_002; 104 segments; 60.3 km"}},{"type":"Feature","geometry":{"type":"LineString","coordinates":[[-107.26387,40.63039],[-107.26514,40.62989]]},"properties":{"huc8":"14050001","huc8Name":"Upper Yampa","historic":"greenRiverBlue","current":"introduced","recovery":"recoveryWatch","lineageKey":"greenRiverBlue","lineageLabel":"Green River / blue-lineage CT","basin":"Upper Yampa","note":"Yampa blue-lineage context","state":"CO","confidence":"HUC8 drainage context / generalized","geometryStatus":"Named NHD stream intersecting assigned HUC8","troutSource":"HUC8 lineage assignment v1 / review needed","sourceName":"Elkhead Creek","name":"Elkhead Creek","source_id":"90219469","length_km":0.143,"FType":460,"FCode":46006,"atlas_class":"streamriver","water_id":"co_14050001_greenriverblue_elkhead_creek_002","occurrence_id":"co_14050001_greenriverblue_elkhead_creek_002","occurrence_number":"002","display_name":"Elkhead Creek","mapped_name":"Elkhead Creek","source_name":"Elkhead Creek","disambiguator":"Green River / blue-lineage cutthroat historic context · HUC8 14050001 · occurrence 002","atlas_layer":"curated_named_water_occurrence","object_role":"interactive_named_water","lineage":"greenRiverBlue","historic_label":"Green River / blue-lineage cutthroat historic context","current_label":"Green River / blue-lineage cutthroat historic context","recovery_label":"Recovery watch / review area","confidence_public":"Generalized public map / needs expert review","confidence_internal":"Occurrence-cluster preview; 104 source segments","geometry_status_public":"Generalized named-water occurrence","geometry_status_internal":"Grouped by display name, HUC8, lineage, and spatial cluster","geometry_source_public":"Grouped public hydrography segments","geometry_source_internal":"Colorado full interpreted natural stream context — occurrence v2 preview","trout_source_public":"Compiled public recovery and lineage context; expert review recommended","trout_source_internal":"HUC8 lineage assignment v1 / review needed","public_notes":"Elkhead Creek is shown as a generalized public-map named-water occurrence for Green River / blue-lineage cutthroat historic context. This object is separated from other same-named waters using HUC8, lineage, and local spatial clustering. Linework is grouped from public hydrography and should be treated as interpretive watershed context, not a precise biological boundary.","internal_notes":"Preview occurrence co_14050001_greenriverblue_elkhead_creek_002; 104 segments; 60.3 km"}},{"type":"Feature","geometry":{"type":"LineString","coordinates":[[-107.26831,40.62793],[-107.26928,40.62796],[-107.26968,40.62575],[-107.27092,40.62586],[-107.27091,40.6267],[-107.27162,40.6271],[-107.27313,40.62574],[-107.27418,40.6264],[-107.27256,40.62831],[-107.27313,40.62927],[-107.27546,40.62726],[-107.2762,40.62788],[-107.27679,40.62751],[-107.2778,40.62825],[-107.28164,40.62843],[-107.28288,40.62899]]},"properties":{"huc8":"14050001","huc8Name":"Upper Yampa","historic":"greenRiverBlue","current":"introduced","recovery":"recoveryWatch","lineageKey":"greenRiverBlue","lineageLabel":"Green River / blue-lineage CT","basin":"Upper Yampa","note":"Yampa blue-lineage context","state":"CO","confidence":"HUC8 drainage context / generalized","geometryStatus":"Named NHD stream intersecting assigned HUC8","troutSource":"HUC8 lineage assignment v1 / review needed","sourceName":"Elkhead Creek","name":"Elkhead Creek","source_id":"90219505","length_km":2.409,"FType":460,"FCode":46006,"atlas_class":"streamriver","water_id":"co_14050001_greenriverblue_elkhead_creek_002","occurrence_id":"co_14050001_greenriverblue_elkhead_creek_002","occurrence_number":"002","display_name":"Elkhead Creek","mapped_name":"Elkhead Creek","source_name":"Elkhead Creek","disambiguator":"Green River / blue-lineage cutthroat historic context · HUC8 14050001 · occurrence 002","atlas_layer":"curated_named_water_occurrence","object_role":"interactive_named_water","lineage":"greenRiverBlue","historic_label":"Green River / blue-lineage cutthroat historic context","current_label":"Green River / blue-lineage cutthroat historic context","recovery_label":"Recovery watch / review area","confidence_public":"Generalized public map / needs expert review","confidence_internal":"Occurrence-cluster preview; 104 source segments","geometry_status_public":"Generalized named-water occurrence","geometry_status_internal":"Grouped by display name, HUC8, lineage, and spatial cluster","geometry_source_public":"Grouped public hydrography segments","geometry_source_internal":"Colorado full interpreted natural stream context — occurrence v2 preview","trout_source_public":"Compiled public recovery and lineage context; expert review recommended","trout_source_internal":"HUC8 lineage assignment v1 / review needed","public_notes":"Elkhead Creek is shown as a generalized public-map named-water occurrence for Green River / blue-lineage cutthroat historic context. This object is separated from other same-named waters using HUC8, lineage, and local spatial clustering. Linework is grouped from public hydrography and should be treated as interpretive watershed context, not a precise biological boundary.","internal_notes":"Preview occurrence co_14050001_greenriverblue_elkhead_creek_002; 104 segments; 60.3 km"}},{"type":"Feature","geometry":{"type":"LineString","coordinates":[[-107.2648,40.64058],[-107.26431,40.63759],[-107.26332,40.63707],[-107.26386,40.63616],[-107.26288,40.63477]]},"properties":{"huc8":"14050001","huc8Name":"Upper Yampa","historic":"greenRiverBlue","current":"introduced","recovery":"recoveryWatch","lineageKey":"greenRiverBlue","lineageLabel":"Green River / blue-lineage CT","basin":"Upper Yampa","note":"Yampa blue-lineage context","state":"CO","confidence":"HUC8 drainage context / generalized","geometryStatus":"Named NHD stream intersecting assigned HUC8","troutSource":"HUC8 lineage assignment v1 / review needed","sourceName":"Elkhead Creek","name":"Elkhead Creek","source_id":"90219443","length_km":0.765,"FType":460,"FCode":46006,"atlas_class":"streamriver","water_id":"co_14050001_greenriverblue_elkhead_creek_002","occurrence_id":"co_14050001_greenriverblue_elkhead_creek_002","occurrence_number":"002","display_name":"Elkhead Creek","mapped_name":"Elkhead Creek","source_name":"Elkhead Creek","disambiguator":"Green River / blue-lineage cutthroat historic context · HUC8 14050001 · occurrence 002","atlas_layer":"curated_named_water_occurrence","object_role":"interactive_named_water","lineage":"greenRiverBlue","historic_label":"Green River / blue-lineage cutthroat historic context","current_label":"Green River / blue-lineage cutthroat historic context","recovery_label":"Recovery watch / review area","confidence_public":"Generalized public map / needs expert review","confidence_internal":"Occurrence-cluster preview; 104 source segments","geometry_status_public":"Generalized named-water occurrence","geometry_status_internal":"Grouped by display name, HUC8, lineage, and spatial cluster","geometry_source_public":"Grouped public hydrography segments","geometry_source_internal":"Colorado full interpreted natural stream context — occurrence v2 preview","trout_source_public":"Compiled public recovery and lineage context; expert review recommended","trout_source_internal":"HUC8 lineage assignment v1 / review needed","public_notes":"Elkhead Creek is shown as a generalized public-map named-water occurrence for Green River / blue-lineage cutthroat historic context. This object is separated from other same-named waters using HUC8, lineage, and local spatial clustering. Linework is grouped from public hydrography and should be treated as interpretive watershed context, not a precise biological boundary.","internal_notes":"Preview occurrence co_14050001_greenriverblue_elkhead_creek_002; 104 segments; 60.3 km"}},{"type":"Feature","geometry":{"type":"LineString","coordinates":[[-107.26288,40.63477],[-107.26221,40.63345],[-107.26269,40.63276],[-107.26325,40.63263],[-107.26362,40.63328],[-107.26464,40.63292],[-107.26406,40.63224],[-107.26439,40.63164],[-107.26364,40.63118],[-107.26387,40.63039]]},"properties":{"huc8":"14050001","huc8Name":"Upper Yampa","historic":"greenRiverBlue","current":"introduced","recovery":"recoveryWatch","lineageKey":"greenRiverBlue","lineageLabel":"Green River / blue-lineage CT","basin":"Upper Yampa","note":"Yampa blue-lineage context","state":"CO","confidence":"HUC8 drainage context / generalized","geometryStatus":"Named NHD stream intersecting assigned HUC8","troutSource":"HUC8 lineage assignment v1 / review needed","sourceName":"Elkhead Creek","name":"Elkhead Creek","source_id":"90219467","length_km":0.843,"FType":460,"FCode":46006,"atlas_class":"streamriver","water_id":"co_14050001_greenriverblue_elkhead_creek_002","occurrence_id":"co_14050001_greenriverblue_elkhead_creek_002","occurrence_number":"002","display_name":"Elkhead Creek","mapped_name":"Elkhead Creek","source_name":"Elkhead Creek","disambiguator":"Green River / blue-lineage cutthroat historic context · HUC8 14050001 · occurrence 002","atlas_layer":"curated_named_water_occurrence","object_role":"interactive_named_water","lineage":"greenRiverBlue","historic_label":"Green River / blue-lineage cutthroat historic context","current_label":"Green River / blue-lineage cutthroat historic context","recovery_label":"Recovery watch / review area","confidence_public":"Generalized public map / needs expert review","confidence_internal":"Occurrence-cluster preview; 104 source segments","geometry_status_public":"Generalized named-water occurrence","geometry_status_internal":"Grouped by display name, HUC8, lineage, and spatial cluster","geometry_source_public":"Grouped public hydrography segments","geometry_source_internal":"Colorado full interpreted natural stream context — occurrence v2 preview","trout_source_public":"Compiled public recovery and lineage context; expert review recommended","trout_source_internal":"HUC8 lineage assignment v1 / review needed","public_notes":"Elkhead Creek is shown as a generalized public-map named-water occurrence for Green River / blue-lineage cutthroat historic context. This object is separated from other same-named waters using HUC8, lineage, and local spatial clustering. Linework is grouped from public hydrography and should be treated as interpretive watershed context, not a precise biological boundary.","internal_notes":"Preview occurrence co_14050001_greenriverblue_elkhead_creek_002; 104 segments; 60.3 km"}},{"type":"Feature","geometry":{"type":"LineString","coordinates":[[-107.26514,40.62989],[-107.266,40.63014],[-107.26594,40.63104],[-107.26686,40.63069],[-107.26831,40.62793]]},"properties":{"huc8":"14050001","huc8Name":"Upper Yampa","historic":"greenRiverBlue","current":"introduced","recovery":"recoveryWatch","lineageKey":"greenRiverBlue","lineageLabel":"Green River / blue-lineage CT","basin":"Upper Yampa","note":"Yampa blue-lineage context","state":"CO","confidence":"HUC8 drainage context / generalized","geometryStatus":"Named NHD stream intersecting assigned HUC8","troutSource":"HUC8 lineage assignment v1 / review needed","sourceName":"Elkhead Creek","name":"Elkhead Creek","source_id":"90219489","length_km":0.627,"FType":460,"FCode":46006,"atlas_class":"streamriver","water_id":"co_14050001_greenriverblue_elkhead_creek_002","occurrence_id":"co_14050001_greenriverblue_elkhead_creek_002","occurrence_number":"002","display_name":"Elkhead Creek","mapped_name":"Elkhead Creek","source_name":"Elkhead Creek","disambiguator":"Green River / blue-lineage cutthroat historic context · HUC8 14050001 · occurrence 002","atlas_layer":"curated_named_water_occurrence","object_role":"interactive_named_water","lineage":"greenRiverBlue","historic_label":"Green River / blue-lineage cutthroat historic context","current_label":"Green River / blue-lineage cutthroat historic context","recovery_label":"Recovery watch / review area","confidence_public":"Generalized public map / needs expert review","confidence_internal":"Occurrence-cluster preview; 104 source segments","geometry_status_public":"Generalized named-water occurrence","geometry_status_internal":"Grouped by display name, HUC8, lineage, and spatial cluster","geometry_source_public":"Grouped public hydrography segments","geometry_source_internal":"Colorado full interpreted natural stream context — occurrence v2 preview","trout_source_public":"Compiled public recovery and lineage context; expert review recommended","trout_source_internal":"HUC8 lineage assignment v1 / review needed","public_notes":"Elkhead Creek is shown as a generalized public-map named-water occurrence for Green River / blue-lineage cutthroat historic context. This object is separated from other same-named waters using HUC8, lineage, and local spatial clustering. Linework is grouped from public hydrography and should be treated as interpretive watershed context, not a precise biological boundary.","internal_notes":"Preview occurrence co_14050001_greenriverblue_elkhead_creek_002; 104 segments; 60.3 km"}},{"type":"Feature","geometry":{"type":"LineString","coordinates":[[-107.32331,40.5931],[-107.32248,40.59395],[-107.32266,40.59541],[-107.32166,40.59652]]},"properties":{"huc8":"14050001","huc8Name":"Upper Yampa","historic":"greenRiverBlue","current":"introduced","recovery":"recoveryWatch","lineageKey":"greenRiverBlue","lineageLabel":"Green River / blue-lineage CT","basin":"Upper Yampa","note":"Yampa blue-lineage context","state":"CO","confidence":"HUC8 drainage context / generalized","geometryStatus":"Named NHD stream intersecting assigned HUC8","troutSource":"HUC8 lineage assignment v1 / review needed","sourceName":"Elkhead Creek","name":"Elkhead Creek","source_id":"90212413","length_km":0.46012412,"FType":460,"FCode":46006,"atlas_class":"streamriver","water_id":"co_14050001_greenriverblue_elkhead_creek_002","occurrence_id":"co_14050001_greenriverblue_elkhead_creek_002","occurrence_number":"002","display_name":"Elkhead Creek","mapped_name":"Elkhead Creek","source_name":"Elkhead Creek","disambiguator":"Green River / blue-lineage cutthroat historic context · HUC8 14050001 · occurrence 002","atlas_layer":"curated_named_water_occurrence","object_role":"interactive_named_water","lineage":"greenRiverBlue","historic_label":"Green River / blue-lineage cutthroat historic context","current_label":"Green River / blue-lineage cutthroat historic context","recovery_label":"Recovery watch / review area","confidence_public":"Generalized public map / needs expert review","confidence_internal":"Occurrence-cluster preview; 104 source segments","geometry_status_public":"Generalized named-water occurrence","geometry_status_internal":"Grouped by display name, HUC8, lineage, and spatial cluster","geometry_source_public":"Grouped public hydrography segments","geometry_source_internal":"Colorado full interpreted natural stream context — occurrence v2 preview","trout_source_public":"Compiled public recovery and lineage context; expert review recommended","trout_source_internal":"HUC8 lineage assignment v1 / review needed","public_notes":"Elkhead Creek is shown as a generalized public-map named-water occurrence for Green River / blue-lineage cutthroat historic context. This object is separated from other same-named waters using HUC8, lineage, and local spatial clustering. Linework is grouped from public hydrography and should be treated as interpretive watershed context, not a precise biological boundary.","internal_notes":"Preview occurrence co_14050001_greenriverblue_elkhead_creek_002; 104 segments; 60.3 km"}},{"type":"Feature","geometry":{"type":"LineString","coordinates":[[-107.31768,40.59105],[-107.31834,40.59207],[-107.32217,40.59161],[-107.32331,40.5931]]},"properties":{"huc8":"14050001","huc8Name":"Upper Yampa","historic":"greenRiverBlue","current":"introduced","recovery":"recoveryWatch","lineageKey":"greenRiverBlue","lineageLabel":"Green River / blue-lineage CT","basin":"Upper Yampa","note":"Yampa blue-lineage context","state":"CO","confidence":"HUC8 drainage context / generalized","geometryStatus":"Named NHD stream intersecting assigned HUC8","troutSource":"HUC8 lineage assignment v1 / review needed","sourceName":"Elkhead Creek","name":"Elkhead Creek","source_id":"90212423","length_km":0.677,"FType":460,"FCode":46006,"atlas_class":"streamriver","water_id":"co_14050001_greenriverblue_elkhead_creek_002","occurrence_id":"co_14050001_greenriverblue_elkhead_creek_002","occurrence_number":"002","display_name":"Elkhead Creek","mapped_name":"Elkhead Creek","source_name":"Elkhead Creek","disambiguator":"Green River / blue-lineage cutthroat historic context · HUC8 14050001 · occurrence 002","atlas_layer":"curated_named_water_occurrence","object_role":"interactive_named_water","lineage":"greenRiverBlue","historic_label":"Green River / blue-lineage cutthroat historic context","current_label":"Green River / blue-lineage cutthroat historic context","recovery_label":"Recovery watch / review area","confidence_public":"Generalized public map / needs expert review","confidence_internal":"Occurrence-cluster preview; 104 source segments","geometry_status_public":"Generalized named-water occurrence","geometry_status_internal":"Grouped by display name, HUC8, lineage, and spatial cluster","geometry_source_public":"Grouped public hydrography segments","geometry_source_internal":"Colorado full interpreted natural stream context — occurrence v2 preview","trout_source_public":"Compiled public recovery and lineage context; expert review recommended","trout_source_internal":"HUC8 lineage assignment v1 / review needed","public_notes":"Elkhead Creek is shown as a generalized public-map named-water occurrence for Green River / blue-lineage cutthroat historic context. This object is separated from other same-named waters using HUC8, lineage, and local spatial clustering. Linework is grouped from public hydrography and should be treated as interpretive watershed context, not a precise biological boundary.","internal_notes":"Preview occurrence co_14050001_greenriverblue_elkhead_creek_002; 104 segments; 60.3 km"}},{"type":"Feature","geometry":{"type":"LineString","coordinates":[[-107.29099,40.6038],[-107.292,40.60178],[-107.28883,40.6012]]},"properties":{"huc8":"14050001","huc8Name":"Upper Yampa","historic":"greenRiverBlue","current":"introduced","recovery":"recoveryWatch","lineageKey":"greenRiverBlue","lineageLabel":"Green River / blue-lineage CT","basin":"Upper Yampa","note":"Yampa blue-lineage context","state":"CO","confidence":"HUC8 drainage context / generalized","geometryStatus":"Named NHD stream intersecting assigned HUC8","troutSource":"HUC8 lineage assignment v1 / review needed","sourceName":"Elkhead Creek","name":"Elkhead Creek","source_id":"90212365","length_km":0.567,"FType":460,"FCode":46006,"atlas_class":"streamriver","water_id":"co_14050001_greenriverblue_elkhead_creek_002","occurrence_id":"co_14050001_greenriverblue_elkhead_creek_002","occurrence_number":"002","display_name":"Elkhead Creek","mapped_name":"Elkhead Creek","source_name":"Elkhead Creek","disambiguator":"Green River / blue-lineage cutthroat historic context · HUC8 14050001 · occurrence 002","atlas_layer":"curated_named_water_occurrence","object_role":"interactive_named_water","lineage":"greenRiverBlue","historic_label":"Green River / blue-lineage cutthroat historic context","current_label":"Green River / blue-lineage cutthroat historic context","recovery_label":"Recovery watch / review area","confidence_public":"Generalized public map / needs expert review","confidence_internal":"Occurrence-cluster preview; 104 source segments","geometry_status_public":"Generalized named-water occurrence","geometry_status_internal":"Grouped by display name, HUC8, lineage, and spatial cluster","geometry_source_public":"Grouped public hydrography segments","geometry_source_internal":"Colorado full interpreted natural stream context — occurrence v2 preview","trout_source_public":"Compiled public recovery and lineage context; expert review recommended","trout_source_internal":"HUC8 lineage assignment v1 / review needed","public_notes":"Elkhead Creek is shown as a generalized public-map named-water occurrence for Green River / blue-lineage cutthroat historic context. This object is separated from other same-named waters using HUC8, lineage, and local spatial clustering. Linework is grouped from public hydrography and should be treated as interpretive watershed context, not a precise biological boundary.","internal_notes":"Preview occurrence co_14050001_greenriverblue_elkhead_creek_002; 104 segments; 60.3 km"}},{"type":"Feature","geometry":{"type":"LineString","coordinates":[[-107.29643,40.65803],[-107.29566,40.6575],[-107.29553,40.65647]]},"properties":{"huc8":"14050001","huc8Name":"Upper Yampa","historic":"greenRiverBlue","current":"introduced","recovery":"recoveryWatch","lineageKey":"greenRiverBlue","lineageLabel":"Green River / blue-lineage CT","basin":"Upper Yampa","note":"Yampa blue-lineage context","state":"CO","confidence":"HUC8 drainage context / generalized","geometryStatus":"Named NHD stream intersecting assigned HUC8","troutSource":"HUC8 lineage assignment v1 / review needed","sourceName":"Elkhead Creek","name":"Elkhead Creek","source_id":"90219277","length_km":0.214,"FType":460,"FCode":46006,"atlas_class":"streamriver","water_id":"co_14050001_greenriverblue_elkhead_creek_002","occurrence_id":"co_14050001_greenriverblue_elkhead_creek_002","occurrence_number":"002","display_name":"Elkhead Creek","mapped_name":"Elkhead Creek","source_name":"Elkhead Creek","disambiguator":"Green River / blue-lineage cutthroat historic context · HUC8 14050001 · occurrence 002","atlas_layer":"curated_named_water_occurrence","object_role":"interactive_named_water","lineage":"greenRiverBlue","historic_label":"Green River / blue-lineage cutthroat historic context","current_label":"Green River / blue-lineage cutthroat historic context","recovery_label":"Recovery watch / review area","confidence_public":"Generalized public map / needs expert review","confidence_internal":"Occurrence-cluster preview; 104 source segments","geometry_status_public":"Generalized named-water occurrence","geometry_status_internal":"Grouped by display name, HUC8, lineage, and spatial cluster","geometry_source_public":"Grouped public hydrography segments","geometry_source_internal":"Colorado full interpreted natural stream context — occurrence v2 preview","trout_source_public":"Compiled public recovery and lineage context; expert review recommended","trout_source_internal":"HUC8 lineage assignment v1 / review needed","public_notes":"Elkhead Creek is shown as a generalized public-map named-water occurrence for Green River / blue-lineage cutthroat historic context. This object is separated from other same-named waters using HUC8, lineage, and local spatial clustering. Linework is grouped from public hydrography and should be treated as interpretive watershed context, not a precise biological boundary.","internal_notes":"Preview occurrence co_14050001_greenriverblue_elkhead_creek_002; 104 segments; 60.3 km"}},{"type":"Feature","geometry":{"type":"LineString","coordinates":[[-107.32166,40.59652],[-107.32449,40.59735],[-107.32549,40.59684],[-107.32749,40.59739]]},"properties":{"huc8":"14050001","huc8Name":"Upper Yampa","historic":"greenRiverBlue","current":"introduced","recovery":"recoveryWatch","lineageKey":"greenRiverBlue","lineageLabel":"Green River / blue-lineage CT","basin":"Upper Yampa","note":"Yampa blue-lineage context","state":"CO","confidence":"HUC8 drainage context / generalized","geometryStatus":"Named NHD stream intersecting assigned HUC8","troutSource":"HUC8 lineage assignment v1 / review needed","sourceName":"Elkhead Creek","name":"Elkhead Creek","source_id":"90212395","length_km":0.58564043,"FType":460,"FCode":46006,"atlas_class":"streamriver","water_id":"co_14050001_greenriverblue_elkhead_creek_002","occurrence_id":"co_14050001_greenriverblue_elkhead_creek_002","occurrence_number":"002","display_name":"Elkhead Creek","mapped_name":"Elkhead Creek","source_name":"Elkhead Creek","disambiguator":"Green River / blue-lineage cutthroat historic context · HUC8 14050001 · occurrence 002","atlas_layer":"curated_named_water_occurrence","object_role":"interactive_named_water","lineage":"greenRiverBlue","historic_label":"Green River / blue-lineage cutthroat historic context","current_label":"Green River / blue-lineage cutthroat historic context","recovery_label":"Recovery watch / review area","confidence_public":"Generalized public map / needs expert review","confidence_internal":"Occurrence-cluster preview; 104 source segments","geometry_status_public":"Generalized named-water occurrence","geometry_status_internal":"Grouped by display name, HUC8, lineage, and spatial cluster","geometry_source_public":"Grouped public hydrography segments","geometry_source_internal":"Colorado full interpreted natural stream context — occurrence v2 preview","trout_source_public":"Compiled public recovery and lineage context; expert review recommended","trout_source_internal":"HUC8 lineage assignment v1 / review needed","public_notes":"Elkhead Creek is shown as a generalized public-map named-water occurrence for Green River / blue-lineage cutthroat historic context. This object is separated from other same-named waters using HUC8, lineage, and local spatial clustering. Linework is grouped from public hydrography and should be treated as interpretive watershed context, not a precise biological boundary.","internal_notes":"Preview occurrence co_14050001_greenriverblue_elkhead_creek_002; 104 segments; 60.3 km"}},{"type":"Feature","geometry":{"type":"LineString","coordinates":[[-107.28731,40.6683],[-107.28757,40.66745],[-107.2894,40.66748],[-107.28969,40.66649],[-107.29049,40.66626],[-107.29067,40.66514],[-107.29245,40.66456],[-107.29259,40.66314],[-107.29354,40.66222]]},"properties":{"huc8":"14050001","huc8Name":"Upper Yampa","historic":"greenRiverBlue","current":"introduced","recovery":"recoveryWatch","lineageKey":"greenRiverBlue","lineageLabel":"Green River / blue-lineage CT","basin":"Upper Yampa","note":"Yampa blue-lineage context","state":"CO","confidence":"HUC8 drainage context / generalized","geometryStatus":"Named NHD stream intersecting assigned HUC8","troutSource":"HUC8 lineage assignment v1 / review needed","sourceName":"Elkhead Creek","name":"Elkhead Creek","source_id":"90219233","length_km":1.089,"FType":460,"FCode":46006,"atlas_class":"streamriver","water_id":"co_14050001_greenriverblue_elkhead_creek_002","occurrence_id":"co_14050001_greenriverblue_elkhead_creek_002","occurrence_number":"002","display_name":"Elkhead Creek","mapped_name":"Elkhead Creek","source_name":"Elkhead Creek","disambiguator":"Green River / blue-lineage cutthroat historic context · HUC8 14050001 · occurrence 002","atlas_layer":"curated_named_water_occurrence","object_role":"interactive_named_water","lineage":"greenRiverBlue","historic_label":"Green River / blue-lineage cutthroat historic context","current_label":"Green River / blue-lineage cutthroat historic context","recovery_label":"Recovery watch / review area","confidence_public":"Generalized public map / needs expert review","confidence_internal":"Occurrence-cluster preview; 104 source segments","geometry_status_public":"Generalized named-water occurrence","geometry_status_internal":"Grouped by display name, HUC8, lineage, and spatial cluster","geometry_source_public":"Grouped public hydrography segments","geometry_source_internal":"Colorado full interpreted natural stream context — occurrence v2 preview","trout_source_public":"Compiled public recovery and lineage context; expert review recommended","trout_source_internal":"HUC8 lineage assignment v1 / review needed","public_notes":"Elkhead Creek is shown as a generalized public-map named-water occurrence for Green River / blue-lineage cutthroat historic context. This object is separated from other same-named waters using HUC8, lineage, and local spatial clustering. Linework is grouped from public hydrography and should be treated as interpretive watershed context, not a precise biological boundary.","internal_notes":"Preview occurrence co_14050001_greenriverblue_elkhead_creek_002; 104 segments; 60.3 km"}},{"type":"Feature","geometry":{"type":"LineString","coordinates":[[-107.29354,40.66222],[-107.2936,40.66068],[-107.29687,40.65896],[-107.29704,40.65825],[-107.29643,40.65803]]},"properties":{"huc8":"14050001","huc8Name":"Upper Yampa","historic":"greenRiverBlue","current":"introduced","recovery":"recoveryWatch","lineageKey":"greenRiverBlue","lineageLabel":"Green River / blue-lineage CT","basin":"Upper Yampa","note":"Yampa blue-lineage context","state":"CO","confidence":"HUC8 drainage context / generalized","geometryStatus":"Named NHD stream intersecting assigned HUC8","troutSource":"HUC8 lineage assignment v1 / review needed","sourceName":"Elkhead Creek","name":"Elkhead Creek","source_id":"90219265","length_km":0.694,"FType":460,"FCode":46006,"atlas_class":"streamriver","water_id":"co_14050001_greenriverblue_elkhead_creek_002","occurrence_id":"co_14050001_greenriverblue_elkhead_creek_002","occurrence_number":"002","display_name":"Elkhead Creek","mapped_name":"Elkhead Creek","source_name":"Elkhead Creek","disambiguator":"Green River / blue-lineage cutthroat historic context · HUC8 14050001 · occurrence 002","atlas_layer":"curated_named_water_occurrence","object_role":"interactive_named_water","lineage":"greenRiverBlue","historic_label":"Green River / blue-lineage cutthroat historic context","current_label":"Green River / blue-lineage cutthroat historic context","recovery_label":"Recovery watch / review area","confidence_public":"Generalized public map / needs expert review","confidence_internal":"Occurrence-cluster preview; 104 source segments","geometry_status_public":"Generalized named-water occurrence","geometry_status_internal":"Grouped by display name, HUC8, lineage, and spatial cluster","geometry_source_public":"Grouped public hydrography segments","geometry_source_internal":"Colorado full interpreted natural stream context — occurrence v2 preview","trout_source_public":"Compiled public recovery and lineage context; expert review recommended","trout_source_internal":"HUC8 lineage assignment v1 / review needed","public_notes":"Elkhead Creek is shown as a generalized public-map named-water occurrence for Green River / blue-lineage cutthroat historic context. This object is separated from other same-named waters using HUC8, lineage, and local spatial clustering. Linework is grouped from public hydrography and should be treated as interpretive watershed context, not a precise biological boundary.","internal_notes":"Preview occurrence co_14050001_greenriverblue_elkhead_creek_002; 104 segments; 60.3 km"}},{"type":"Feature","geometry":{"type":"LineString","coordinates":[[-107.29085,40.61543],[-107.28916,40.61483],[-107.28897,40.61307],[-107.2907,40.61143],[-107.28985,40.61055],[-107.29074,40.60956],[-107.28936,40.60947],[-107.28919,40.60892],[-107.2916,40.60844],[-107.29104,40.60708],[-107.29185,40.60563],[-107.29055,40.60639],[-107.29028,40.60749],[-107.28941,40.60712],[-107.29011,40.60425],[-107.29099,40.6038]]},"properties":{"huc8":"14050001","huc8Name":"Upper Yampa","historic":"greenRiverBlue","current":"introduced","recovery":"recoveryWatch","lineageKey":"greenRiverBlue","lineageLabel":"Green River / blue-lineage CT","basin":"Upper Yampa","note":"Yampa blue-lineage context","state":"CO","confidence":"HUC8 drainage context / generalized","geometryStatus":"Named NHD stream intersecting assigned HUC8","troutSource":"HUC8 lineage assignment v1 / review needed","sourceName":"Elkhead Creek","name":"Elkhead Creek","source_id":"90212351","length_km":2.49,"FType":460,"FCode":46006,"atlas_class":"streamriver","water_id":"co_14050001_greenriverblue_elkhead_creek_002","occurrence_id":"co_14050001_greenriverblue_elkhead_creek_002","occurrence_number":"002","display_name":"Elkhead Creek","mapped_name":"Elkhead Creek","source_name":"Elkhead Creek","disambiguator":"Green River / blue-lineage cutthroat historic context · HUC8 14050001 · occurrence 002","atlas_layer":"curated_named_water_occurrence","object_role":"interactive_named_water","lineage":"greenRiverBlue","historic_label":"Green River / blue-lineage cutthroat historic context","current_label":"Green River / blue-lineage cutthroat historic context","recovery_label":"Recovery watch / review area","confidence_public":"Generalized public map / needs expert review","confidence_internal":"Occurrence-cluster preview; 104 source segments","geometry_status_public":"Generalized named-water occurrence","geometry_status_internal":"Grouped by display name, HUC8, lineage, and spatial cluster","geometry_source_public":"Grouped public hydrography segments","geometry_source_internal":"Colorado full interpreted natural stream context — occurrence v2 preview","trout_source_public":"Compiled public recovery and lineage context; expert review recommended","trout_source_internal":"HUC8 lineage assignment v1 / review needed","public_notes":"Elkhead Creek is shown as a generalized public-map named-water occurrence for Green River / blue-lineage cutthroat historic context. This object is separated from other same-named waters using HUC8, lineage, and local spatial clustering. Linework is grouped from public hydrography and should be treated as interpretive watershed context, not a precise biological boundary.","internal_notes":"Preview occurrence co_14050001_greenriverblue_elkhead_creek_002; 104 segments; 60.3 km"}},{"type":"Feature","geometry":{"type":"LineString","coordinates":[[-107.28883,40.6012],[-107.28849,40.60029],[-107.29009,40.59972],[-107.29019,40.59832],[-107.29165,40.59781],[-107.29207,40.59646],[-107.29275,40.59657],[-107.2934,40.59765],[-107.2954,40.59684],[-107.29672,40.59723],[-107.29739,40.59649],[-107.2969,40.59553],[-107.29869,40.59607],[-107.30136,40.59464],[-107.30124,40.5941],[-107.29973,40.59415],[-107.29979,40.59359]]},"properties":{"huc8":"14050001","huc8Name":"Upper Yampa","historic":"greenRiverBlue","current":"introduced","recovery":"recoveryWatch","lineageKey":"greenRiverBlue","lineageLabel":"Green River / blue-lineage CT","basin":"Upper Yampa","note":"Yampa blue-lineage context","state":"CO","confidence":"HUC8 drainage context / generalized","geometryStatus":"Named NHD stream intersecting assigned HUC8","troutSource":"HUC8 lineage assignment v1 / review needed","sourceName":"Elkhead Creek","name":"Elkhead Creek","source_id":"90212409","length_km":2.25,"FType":460,"FCode":46006,"atlas_class":"streamriver","water_id":"co_14050001_greenriverblue_elkhead_creek_002","occurrence_id":"co_14050001_greenriverblue_elkhead_creek_002","occurrence_number":"002","display_name":"Elkhead Creek","mapped_name":"Elkhead Creek","source_name":"Elkhead Creek","disambiguator":"Green River / blue-lineage cutthroat historic context · HUC8 14050001 · occurrence 002","atlas_layer":"curated_named_water_occurrence","object_role":"interactive_named_water","lineage":"greenRiverBlue","historic_label":"Green River / blue-lineage cutthroat historic context","current_label":"Green River / blue-lineage cutthroat historic context","recovery_label":"Recovery watch / review area","confidence_public":"Generalized public map / needs expert review","confidence_internal":"Occurrence-cluster preview; 104 source segments","geometry_status_public":"Generalized named-water occurrence","geometry_status_internal":"Grouped by display name, HUC8, lineage, and spatial cluster","geometry_source_public":"Grouped public hydrography segments","geometry_source_internal":"Colorado full interpreted natural stream context — occurrence v2 preview","trout_source_public":"Compiled public recovery and lineage context; expert review recommended","trout_source_internal":"HUC8 lineage assignment v1 / review needed","public_notes":"Elkhead Creek is shown as a generalized public-map named-water occurrence for Green River / blue-lineage cutthroat historic context. This object is separated from other same-named waters using HUC8, lineage, and local spatial clustering. Linework is grouped from public hydrography and should be treated as interpretive watershed context, not a precise biological boundary.","internal_notes":"Preview occurrence co_14050001_greenriverblue_elkhead_creek_002; 104 segments; 60.3 km"}},{"type":"Feature","geometry":{"type":"LineString","coordinates":[[-107.27184,40.67642],[-107.27296,40.67591],[-107.27284,40.67663],[-107.27621,40.67646],[-107.2768,40.6755],[-107.27814,40.67571],[-107.27941,40.67477],[-107.27952,40.67541],[-107.28012,40.67539],[-107.28064,40.67409],[-107.28246,40.6733],[-107.28162,40.6728],[-107.28302,40.6719],[-107.28392,40.66988]]},"properties":{"huc8":"14050001","huc8Name":"Upper Yampa","historic":"greenRiverBlue","current":"introduced","recovery":"recoveryWatch","lineageKey":"greenRiverBlue","lineageLabel":"Green River / blue-lineage CT","basin":"Upper Yampa","note":"Yampa blue-lineage context","state":"CO","confidence":"HUC8 drainage context / generalized","geometryStatus":"Named NHD stream intersecting assigned HUC8","troutSource":"HUC8 lineage assignment v1 / review needed","sourceName":"Elkhead Creek","name":"Elkhead Creek","source_id":"90219195","length_km":1.951,"FType":460,"FCode":46006,"atlas_class":"streamriver","water_id":"co_14050001_greenriverblue_elkhead_creek_002","occurrence_id":"co_14050001_greenriverblue_elkhead_creek_002","occurrence_number":"002","display_name":"Elkhead Creek","mapped_name":"Elkhead Creek","source_name":"Elkhead Creek","disambiguator":"Green River / blue-lineage cutthroat historic context · HUC8 14050001 · occurrence 002","atlas_layer":"curated_named_water_occurrence","object_role":"interactive_named_water","lineage":"greenRiverBlue","historic_label":"Green River / blue-lineage cutthroat historic context","current_label":"Green River / blue-lineage cutthroat historic context","recovery_label":"Recovery watch / review area","confidence_public":"Generalized public map / needs expert review","confidence_internal":"Occurrence-cluster preview; 104 source segments","geometry_status_public":"Generalized named-water occurrence","geometry_status_internal":"Grouped by display name, HUC8, lineage, and spatial cluster","geometry_source_public":"Grouped public hydrography segments","geometry_source_internal":"Colorado full interpreted natural stream context — occurrence v2 preview","trout_source_public":"Compiled public recovery and lineage context; expert review recommended","trout_source_internal":"HUC8 lineage assignment v1 / review needed","public_notes":"Elkhead Creek is shown as a generalized public-map named-water occurrence for Green River / blue-lineage cutthroat historic context. This object is separated from other same-named waters using HUC8, lineage, and local spatial clustering. Linework is grouped from public hydrography and should be treated as interpretive watershed context, not a precise biological boundary.","internal_notes":"Preview occurrence co_14050001_greenriverblue_elkhead_creek_002; 104 segments; 60.3 km"}},{"type":"Feature","geometry":{"type":"LineString","coordinates":[[-107.28392,40.66988],[-107.2849,40.66994],[-107.28731,40.6683]]},"properties":{"huc8":"14050001","huc8Name":"Upper Yampa","historic":"greenRiverBlue","current":"introduced","recovery":"recoveryWatch","lineageKey":"greenRiverBlue","lineageLabel":"Green River / blue-lineage CT","basin":"Upper Yampa","note":"Yampa blue-lineage context","state":"CO","confidence":"HUC8 drainage context / generalized","geometryStatus":"Named NHD stream intersecting assigned HUC8","troutSource":"HUC8 lineage assignment v1 / review needed","sourceName":"Elkhead Creek","name":"Elkhead Creek","source_id":"90219203","length_km":0.398,"FType":460,"FCode":46006,"atlas_class":"streamriver","water_id":"co_14050001_greenriverblue_elkhead_creek_002","occurrence_id":"co_14050001_greenriverblue_elkhead_creek_002","occurrence_number":"002","display_name":"Elkhead Creek","mapped_name":"Elkhead Creek","source_name":"Elkhead Creek","disambiguator":"Green River / blue-lineage cutthroat historic context · HUC8 14050001 · occurrence 002","atlas_layer":"curated_named_water_occurrence","object_role":"interactive_named_water","lineage":"greenRiverBlue","historic_label":"Green River / blue-lineage cutthroat historic context","current_label":"Green River / blue-lineage cutthroat historic context","recovery_label":"Recovery watch / review area","confidence_public":"Generalized public map / needs expert review","confidence_internal":"Occurrence-cluster preview; 104 source segments","geometry_status_public":"Generalized named-water occurrence","geometry_status_internal":"Grouped by display name, HUC8, lineage, and spatial cluster","geometry_source_public":"Grouped public hydrography segments","geometry_source_internal":"Colorado full interpreted natural stream context — occurrence v2 preview","trout_source_public":"Compiled public recovery and lineage context; expert review recommended","trout_source_internal":"HUC8 lineage assignment v1 / review needed","public_notes":"Elkhead Creek is shown as a generalized public-map named-water occurrence for Green River / blue-lineage cutthroat historic context. This object is separated from other same-named waters using HUC8, lineage, and local spatial clustering. Linework is grouped from public hydrography and should be treated as interpretive watershed context, not a precise biological boundary.","internal_notes":"Preview occurrence co_14050001_greenriverblue_elkhead_creek_002; 104 segments; 60.3 km"}},{"type":"Feature","geometry":{"type":"LineString","coordinates":[[-107.25598,40.68192],[-107.25762,40.68109],[-107.26139,40.6807],[-107.26204,40.67988],[-107.26329,40.68029],[-107.26419,40.67914],[-107.26488,40.67949],[-107.26563,40.67869],[-107.26639,40.67943]]},"properties":{"huc8":"14050001","huc8Name":"Upper Yampa","historic":"greenRiverBlue","current":"introduced","recovery":"recoveryWatch","lineageKey":"greenRiverBlue","lineageLabel":"Green River / blue-lineage CT","basin":"Upper Yampa","note":"Yampa blue-lineage context","state":"CO","confidence":"HUC8 drainage context / generalized","geometryStatus":"Named NHD stream intersecting assigned HUC8","troutSource":"HUC8 lineage assignment v1 / review needed","sourceName":"Elkhead Creek","name":"Elkhead Creek","source_id":"90219155","length_km":1.235,"FType":460,"FCode":46006,"atlas_class":"streamriver","water_id":"co_14050001_greenriverblue_elkhead_creek_002","occurrence_id":"co_14050001_greenriverblue_elkhead_creek_002","occurrence_number":"002","display_name":"Elkhead Creek","mapped_name":"Elkhead Creek","source_name":"Elkhead Creek","disambiguator":"Green River / blue-lineage cutthroat historic context · HUC8 14050001 · occurrence 002","atlas_layer":"curated_named_water_occurrence","object_role":"interactive_named_water","lineage":"greenRiverBlue","historic_label":"Green River / blue-lineage cutthroat historic context","current_label":"Green River / blue-lineage cutthroat historic context","recovery_label":"Recovery watch / review area","confidence_public":"Generalized public map / needs expert review","confidence_internal":"Occurrence-cluster preview; 104 source segments","geometry_status_public":"Generalized named-water occurrence","geometry_status_internal":"Grouped by display name, HUC8, lineage, and spatial cluster","geometry_source_public":"Grouped public hydrography segments","geometry_source_internal":"Colorado full interpreted natural stream context — occurrence v2 preview","trout_source_public":"Compiled public recovery and lineage context; expert review recommended","trout_source_internal":"HUC8 lineage assignment v1 / review needed","public_notes":"Elkhead Creek is shown as a generalized public-map named-water occurrence for Green River / blue-lineage cutthroat historic context. This object is separated from other same-named waters using HUC8, lineage, and local spatial clustering. Linework is grouped from public hydrography and should be treated as interpretive watershed context, not a precise biological boundary.","internal_notes":"Preview occurrence co_14050001_greenriverblue_elkhead_creek_002; 104 segments; 60.3 km"}},{"type":"Feature","geometry":{"type":"LineString","coordinates":[[-107.26639,40.67943],[-107.26766,40.67865],[-107.26813,40.67752],[-107.27071,40.67726],[-107.2713,40.67631]]},"properties":{"huc8":"14050001","huc8Name":"Upper Yampa","historic":"greenRiverBlue","current":"introduced","recovery":"recoveryWatch","lineageKey":"greenRiverBlue","lineageLabel":"Green River / blue-lineage CT","basin":"Upper Yampa","note":"Yampa blue-lineage context","state":"CO","confidence":"HUC8 drainage context / generalized","geometryStatus":"Named NHD stream intersecting assigned HUC8","troutSource":"HUC8 lineage assignment v1 / review needed","sourceName":"Elkhead Creek","name":"Elkhead Creek","source_id":"90219161","length_km":0.634,"FType":460,"FCode":46006,"atlas_class":"streamriver","water_id":"co_14050001_greenriverblue_elkhead_creek_002","occurrence_id":"co_14050001_greenriverblue_elkhead_creek_002","occurrence_number":"002","display_name":"Elkhead Creek","mapped_name":"Elkhead Creek","source_name":"Elkhead Creek","disambiguator":"Green River / blue-lineage cutthroat historic context · HUC8 14050001 · occurrence 002","atlas_layer":"curated_named_water_occurrence","object_role":"interactive_named_water","lineage":"greenRiverBlue","historic_label":"Green River / blue-lineage cutthroat historic context","current_label":"Green River / blue-lineage cutthroat historic context","recovery_label":"Recovery watch / review area","confidence_public":"Generalized public map / needs expert review","confidence_internal":"Occurrence-cluster preview; 104 source segments","geometry_status_public":"Generalized named-water occurrence","geometry_status_internal":"Grouped by display name, HUC8, lineage, and spatial cluster","geometry_source_public":"Grouped public hydrography segments","geometry_source_internal":"Colorado full interpreted natural stream context — occurrence v2 preview","trout_source_public":"Compiled public recovery and lineage context; expert review recommended","trout_source_internal":"HUC8 lineage assignment v1 / review needed","public_notes":"Elkhead Creek is shown as a generalized public-map named-water occurrence for Green River / blue-lineage cutthroat historic context. This object is separated from other same-named waters using HUC8, lineage, and local spatial clustering. Linework is grouped from public hydrography and should be treated as interpretive watershed context, not a precise biological boundary.","internal_notes":"Preview occurrence co_14050001_greenriverblue_elkhead_creek_002; 104 segments; 60.3 km"}},{"type":"Feature","geometry":{"type":"LineString","coordinates":[[-107.2713,40.67631],[-107.27184,40.67642]]},"properties":{"huc8":"14050001","huc8Name":"Upper Yampa","historic":"greenRiverBlue","current":"introduced","recovery":"recoveryWatch","lineageKey":"greenRiverBlue","lineageLabel":"Green River / blue-lineage CT","basin":"Upper Yampa","note":"Yampa blue-lineage context","state":"CO","confidence":"HUC8 drainage context / generalized","geometryStatus":"Named NHD stream intersecting assigned HUC8","troutSource":"HUC8 lineage assignment v1 / review needed","sourceName":"Elkhead Creek","name":"Elkhead Creek","source_id":"90219165","length_km":0.054,"FType":460,"FCode":46006,"atlas_class":"streamriver","water_id":"co_14050001_greenriverblue_elkhead_creek_002","occurrence_id":"co_14050001_greenriverblue_elkhead_creek_002","occurrence_number":"002","display_name":"Elkhead Creek","mapped_name":"Elkhead Creek","source_name":"Elkhead Creek","disambiguator":"Green River / blue-lineage cutthroat historic context · HUC8 14050001 · occurrence 002","atlas_layer":"curated_named_water_occurrence","object_role":"interactive_named_water","lineage":"greenRiverBlue","historic_label":"Green River / blue-lineage cutthroat historic context","current_label":"Green River / blue-lineage cutthroat historic context","recovery_label":"Recovery watch / review area","confidence_public":"Generalized public map / needs expert review","confidence_internal":"Occurrence-cluster preview; 104 source segments","geometry_status_public":"Generalized named-water occurrence","geometry_status_internal":"Grouped by display name, HUC8, lineage, and spatial cluster","geometry_source_public":"Grouped public hydrography segments","geometry_source_internal":"Colorado full interpreted natural stream context — occurrence v2 preview","trout_source_public":"Compiled public recovery and lineage context; expert review recommended","trout_source_internal":"HUC8 lineage assignment v1 / review needed","public_notes":"Elkhead Creek is shown as a generalized public-map named-water occurrence for Green River / blue-lineage cutthroat historic context. This object is separated from other same-named waters using HUC8, lineage, and local spatial clustering. Linework is grouped from public hydrography and should be treated as interpretive watershed context, not a precise biological boundary.","internal_notes":"Preview occurrence co_14050001_greenriverblue_elkhead_creek_002; 104 segments; 60.3 km"}},{"type":"Feature","geometry":{"type":"LineString","coordinates":[[-107.49515,40.57033],[-107.4961,40.56802]]},"properties":{"huc8":"14050001","huc8Name":"Upper Yampa","historic":"greenRiverBlue","current":"introduced","recovery":"recoveryWatch","lineageKey":"greenRiverBlue","lineageLabel":"Green River / blue-lineage CT","basin":"Upper Yampa","note":"Yampa blue-lineage context","state":"CO","confidence":"HUC8 drainage context / generalized","geometryStatus":"Named NHD stream intersecting assigned HUC8","troutSource":"HUC8 lineage assignment v1 / review needed","sourceName":"Fortification Creek","name":"Fortification Creek","source_id":"90209963","length_km":0.275,"FType":460,"FCode":46006,"atlas_class":"streamriver","water_id":"co_14050001_greenriverblue_fortification_creek_001","occurrence_id":"co_14050001_greenriverblue_fortification_creek_001","occurrence_number":"001","display_name":"Fortification Creek","mapped_name":"Fortification Creek","source_name":"Fortification Creek","disambiguator":"Green River / blue-lineage cutthroat historic context · HUC8 14050001 · occurrence 001","atlas_layer":"curated_named_water_occurrence","object_role":"interactive_named_water","lineage":"greenRiverBlue","historic_label":"Green River / blue-lineage cutthroat historic context","current_label":"Green River / blue-lineage cutthroat historic context","recovery_label":"Recovery watch / review area","confidence_public":"Generalized public map / needs expert review","confidence_internal":"Occurrence-cluster preview; 96 source segments","geometry_status_public":"Generalized named-water occurrence","geometry_status_internal":"Grouped by display name, HUC8, lineage, and spatial cluster","geometry_source_public":"Grouped public hydrography segments","geometry_source_internal":"Colorado full interpreted natural stream context — occurrence v2 preview","trout_source_public":"Compiled public recovery and lineage context; expert review recommended","trout_source_internal":"HUC8 lineage assignment v1 / review needed","public_notes":"Fortification Creek is shown as a generalized public-map named-water occurrence for Green River / blue-lineage cutthroat historic context. This object is separated from other same-named waters using HUC8, lineage, and local spatial clustering. Linework is grouped from public hydrography and should be treated as interpretive watershed context, not a precise biological boundary.","internal_notes":"Preview occurrence co_14050001_greenriverblue_fortification_creek_001; 96 segments; 67.9 km"}},{"type":"Feature","geometry":{"type":"LineString","coordinates":[[-107.49645,40.56717],[-107.49745,40.56485]]},"properties":{"huc8":"14050001","huc8Name":"Upper Yampa","historic":"greenRiverBlue","current":"introduced","recovery":"recoveryWatch","lineageKey":"greenRiverBlue","lineageLabel":"Green River / blue-lineage CT","basin":"Upper Yampa","note":"Yampa blue-lineage context","state":"CO","confidence":"HUC8 drainage context / generalized","geometryStatus":"Named NHD stream intersecting assigned HUC8","troutSource":"HUC8 lineage assignment v1 / review needed","sourceName":"Fortification Creek","name":"Fortification Creek","source_id":"90209979","length_km":0.279,"FType":460,"FCode":46006,"atlas_class":"streamriver","water_id":"co_14050001_greenriverblue_fortification_creek_001","occurrence_id":"co_14050001_greenriverblue_fortification_creek_001","occurrence_number":"001","display_name":"Fortification Creek","mapped_name":"Fortification Creek","source_name":"Fortification Creek","disambiguator":"Green River / blue-lineage cutthroat historic context · HUC8 14050001 · occurrence 001","atlas_layer":"curated_named_water_occurrence","object_role":"interactive_named_water","lineage":"greenRiverBlue","historic_label":"Green River / blue-lineage cutthroat historic context","current_label":"Green River / blue-lineage cutthroat historic context","recovery_label":"Recovery watch / review area","confidence_public":"Generalized public map / needs expert review","confidence_internal":"Occurrence-cluster preview; 96 source segments","geometry_status_public":"Generalized named-water occurrence","geometry_status_internal":"Grouped by display name, HUC8, lineage, and spatial cluster","geometry_source_public":"Grouped public hydrography segments","geometry_source_internal":"Colorado full interpreted natural stream context — occurrence v2 preview","trout_source_public":"Compiled public recovery and lineage context; expert review recommended","trout_source_internal":"HUC8 lineage assignment v1 / review needed","public_notes":"Fortification Creek is shown as a generalized public-map named-water occurrence for Green River / blue-lineage cutthroat historic context. This object is separated from other same-named waters using HUC8, lineage, and local spatial clustering. Linework is grouped from public hydrography and should be treated as interpretive watershed context, not a precise biological boundary.","internal_notes":"Preview occurrence co_14050001_greenriverblue_fortification_creek_001; 96 segments; 67.9 km"}},{"type":"Feature","geometry":{"type":"LineString","coordinates":[[-107.49492,40.57083],[-107.49515,40.57033]]},"properties":{"huc8":"14050001","huc8Name":"Upper Yampa","historic":"greenRiverBlue","current":"introduced","recovery":"recoveryWatch","lineageKey":"greenRiverBlue","lineageLabel":"Green River / blue-lineage CT","basin":"Upper Yampa","note":"Yampa blue-lineage context","state":"CO","confidence":"HUC8 drainage context / generalized","geometryStatus":"Named NHD stream intersecting assigned HUC8","troutSource":"HUC8 lineage assignment v1 / review needed","sourceName":"Fortification Creek","name":"Fortification Creek","source_id":"90209947","length_km":0.061,"FType":460,"FCode":46006,"atlas_class":"streamriver","water_id":"co_14050001_greenriverblue_fortification_creek_001","occurrence_id":"co_14050001_greenriverblue_fortification_creek_001","occurrence_number":"001","display_name":"Fortification Creek","mapped_name":"Fortification Creek","source_name":"Fortification Creek","disambiguator":"Green River / blue-lineage cutthroat historic context · HUC8 14050001 · occurrence 001","atlas_layer":"curated_named_water_occurrence","object_role":"interactive_named_water","lineage":"greenRiverBlue","historic_label":"Green River / blue-lineage cutthroat historic context","current_label":"Green River / blue-lineage cutthroat historic context","recovery_label":"Recovery watch / review area","confidence_public":"Generalized public map / needs expert review","confidence_internal":"Occurrence-cluster preview; 96 source segments","geometry_status_public":"Generalized named-water occurrence","geometry_status_internal":"Grouped by display name, HUC8, lineage, and spatial cluster","geometry_source_public":"Grouped public hydrography segments","geometry_source_internal":"Colorado full interpreted natural stream context — occurrence v2 preview","trout_source_public":"Compiled public recovery and lineage context; expert review recommended","trout_source_internal":"HUC8 lineage assignment v1 / review needed","public_notes":"Fortification Creek is shown as a generalized public-map named-water occurrence for Green River / blue-lineage cutthroat historic context. This object is separated from other same-named waters using HUC8, lineage, and local spatial clustering. Linework is grouped from public hydrography and should be treated as interpretive watershed context, not a precise biological boundary.","internal_notes":"Preview occurrence co_14050001_greenriverblue_fortification_creek_001; 96 segments; 67.9 km"}},{"type":"Feature","geometry":{"type":"LineString","coordinates":[[-107.47798,40.58625],[-107.4799,40.585],[-107.48129,40.58576],[-107.48234,40.58494],[-107.48359,40.58547],[-107.48376,40.58479],[-107.48298,40.58363],[-107.48387,40.58321],[-107.48312,40.58193],[-107.48489,40.58041],[-107.48595,40.57856],[-107.48784,40.57762]]},"properties":{"huc8":"14050001","huc8Name":"Upper Yampa","historic":"greenRiverBlue","current":"introduced","recovery":"recoveryWatch","lineageKey":"greenRiverBlue","lineageLabel":"Green River / blue-lineage CT","basin":"Upper Yampa","note":"Yampa blue-lineage context","state":"CO","confidence":"HUC8 drainage context / generalized","geometryStatus":"Named NHD stream intersecting assigned HUC8","troutSource":"HUC8 lineage assignment v1 / review needed","sourceName":"Fortification Creek","name":"Fortification Creek","source_id":"168220235","length_km":1.82077713,"FType":460,"FCode":46006,"atlas_class":"streamriver","water_id":"co_14050001_greenriverblue_fortification_creek_001","occurrence_id":"co_14050001_greenriverblue_fortification_creek_001","occurrence_number":"001","display_name":"Fortification Creek","mapped_name":"Fortification Creek","source_name":"Fortification Creek","disambiguator":"Green River / blue-lineage cutthroat historic context · HUC8 14050001 · occurrence 001","atlas_layer":"curated_named_water_occurrence","object_role":"interactive_named_water","lineage":"greenRiverBlue","historic_label":"Green River / blue-lineage cutthroat historic context","current_label":"Green River / blue-lineage cutthroat historic context","recovery_label":"Recovery watch / review area","confidence_public":"Generalized public map / needs expert review","confidence_internal":"Occurrence-cluster preview; 96 source segments","geometry_status_public":"Generalized named-water occurrence","geometry_status_internal":"Grouped by display name, HUC8, lineage, and spatial cluster","geometry_source_public":"Grouped public hydrography segments","geometry_source_internal":"Colorado full interpreted natural stream context — occurrence v2 preview","trout_source_public":"Compiled public recovery and lineage context; expert review recommended","trout_source_internal":"HUC8 lineage assignment v1 / review needed","public_notes":"Fortification Creek is shown as a generalized public-map named-water occurrence for Green River / blue-lineage cutthroat historic context. This object is separated from other same-named waters using HUC8, lineage, and local spatial clustering. Linework is grouped from public hydrography and should be treated as interpretive watershed context, not a precise biological boundary.","internal_notes":"Preview occurrence co_14050001_greenriverblue_fortification_creek_001; 96 segments; 67.9 km"}},{"type":"Feature","geometry":{"type":"LineString","coordinates":[[-107.47762,40.58714],[-107.47798,40.58625]]},"properties":{"huc8":"14050001","huc8Name":"Upper Yampa","historic":"greenRiverBlue","current":"introduced","recovery":"recoveryWatch","lineageKey":"greenRiverBlue","lineageLabel":"Green River / blue-lineage CT","basin":"Upper Yampa","note":"Yampa blue-lineage context","state":"CO","confidence":"HUC8 drainage context / generalized","geometryStatus":"Named NHD stream intersecting assigned HUC8","troutSource":"HUC8 lineage assignment v1 / review needed","sourceName":"Fortification Creek","name":"Fortification Creek","source_id":"90209829","length_km":0.107,"FType":460,"FCode":46006,"atlas_class":"streamriver","water_id":"co_14050001_greenriverblue_fortification_creek_001","occurrence_id":"co_14050001_greenriverblue_fortification_creek_001","occurrence_number":"001","display_name":"Fortification Creek","mapped_name":"Fortification Creek","source_name":"Fortification Creek","disambiguator":"Green River / blue-lineage cutthroat historic context · HUC8 14050001 · occurrence 001","atlas_layer":"curated_named_water_occurrence","object_role":"interactive_named_water","lineage":"greenRiverBlue","historic_label":"Green River / blue-lineage cutthroat historic context","current_label":"Green River / blue-lineage cutthroat historic context","recovery_label":"Recovery watch / review area","confidence_public":"Generalized public map / needs expert review","confidence_internal":"Occurrence-cluster preview; 96 source segments","geometry_status_public":"Generalized named-water occurrence","geometry_status_internal":"Grouped by display name, HUC8, lineage, and spatial cluster","geometry_source_public":"Grouped public hydrography segments","geometry_source_internal":"Colorado full interpreted natural stream context — occurrence v2 preview","trout_source_public":"Compiled public recovery and lineage context; expert review recommended","trout_source_internal":"HUC8 lineage assignment v1 / review needed","public_notes":"Fortification Creek is shown as a generalized public-map named-water occurrence for Green River / blue-lineage cutthroat historic context. This object is separated from other same-named waters using HUC8, lineage, and local spatial clustering. Linework is grouped from public hydrography and should be treated as interpretive watershed context, not a precise biological boundary.","internal_notes":"Preview occurrence co_14050001_greenriverblue_fortification_creek_001; 96 segments; 67.9 km"}},{"type":"Feature","geometry":{"type":"LineString","coordinates":[[-107.47293,40.60567],[-107.47312,40.60071],[-107.47363,40.59922],[-107.47511,40.59871],[-107.47501,40.59739]]},"properties":{"huc8":"14050001","huc8Name":"Upper Yampa","historic":"greenRiverBlue","current":"introduced","recovery":"recoveryWatch","lineageKey":"greenRiverBlue","lineageLabel":"Green River / blue-lineage CT","basin":"Upper Yampa","note":"Yampa blue-lineage context","state":"CO","confidence":"HUC8 drainage context / generalized","geometryStatus":"Named NHD stream intersecting assigned HUC8","troutSource":"HUC8 lineage assignment v1 / review needed","sourceName":"Fortification Creek","name":"Fortification Creek","source_id":"90209759","length_km":1.064,"FType":460,"FCode":46006,"atlas_class":"streamriver","water_id":"co_14050001_greenriverblue_fortification_creek_001","occurrence_id":"co_14050001_greenriverblue_fortification_creek_001","occurrence_number":"001","display_name":"Fortification Creek","mapped_name":"Fortification Creek","source_name":"Fortification Creek","disambiguator":"Green River / blue-lineage cutthroat historic context · HUC8 14050001 · occurrence 001","atlas_layer":"curated_named_water_occurrence","object_role":"interactive_named_water","lineage":"greenRiverBlue","historic_label":"Green River / blue-lineage cutthroat historic context","current_label":"Green River / blue-lineage cutthroat historic context","recovery_label":"Recovery watch / review area","confidence_public":"Generalized public map / needs expert review","confidence_internal":"Occurrence-cluster preview; 96 source segments","geometry_status_public":"Generalized named-water occurrence","geometry_status_internal":"Grouped by display name, HUC8, lineage, and spatial cluster","geometry_source_public":"Grouped public hydrography segments","geometry_source_internal":"Colorado full interpreted natural stream context — occurrence v2 preview","trout_source_public":"Compiled public recovery and lineage context; expert review recommended","trout_source_internal":"HUC8 lineage assignment v1 / review needed","public_notes":"Fortification Creek is shown as a generalized public-map named-water occurrence for Green River / blue-lineage cutthroat historic context. This object is separated from other same-named waters using HUC8, lineage, and local spatial clustering. Linework is grouped from public hydrography and should be treated as interpretive watershed context, not a precise biological boundary.","internal_notes":"Preview occurrence co_14050001_greenriverblue_fortification_creek_001; 96 segments; 67.9 km"}},{"type":"Feature","geometry":{"type":"LineString","coordinates":[[-107.47418,40.59039],[-107.47667,40.58977],[-107.47621,40.58857],[-107.47778,40.58845],[-107.47762,40.58714]]},"properties":{"huc8":"14050001","huc8Name":"Upper Yampa","historic":"greenRiverBlue","current":"introduced","recovery":"recoveryWatch","lineageKey":"greenRiverBlue","lineageLabel":"Green River / blue-lineage CT","basin":"Upper Yampa","note":"Yampa blue-lineage context","state":"CO","confidence":"HUC8 drainage context / generalized","geometryStatus":"Named NHD stream intersecting assigned HUC8","troutSource":"HUC8 lineage assignment v1 / review needed","sourceName":"Fortification Creek","name":"Fortification Creek","source_id":"90209823","length_km":0.707,"FType":460,"FCode":46006,"atlas_class":"streamriver","water_id":"co_14050001_greenriverblue_fortification_creek_001","occurrence_id":"co_14050001_greenriverblue_fortification_creek_001","occurrence_number":"001","display_name":"Fortification Creek","mapped_name":"Fortification Creek","source_name":"Fortification Creek","disambiguator":"Green River / blue-lineage cutthroat historic context · HUC8 14050001 · occurrence 001","atlas_layer":"curated_named_water_occurrence","object_role":"interactive_named_water","lineage":"greenRiverBlue","historic_label":"Green River / blue-lineage cutthroat historic context","current_label":"Green River / blue-lineage cutthroat historic context","recovery_label":"Recovery watch / review area","confidence_public":"Generalized public map / needs expert review","confidence_internal":"Occurrence-cluster preview; 96 source segments","geometry_status_public":"Generalized named-water occurrence","geometry_status_internal":"Grouped by display name, HUC8, lineage, and spatial cluster","geometry_source_public":"Grouped public hydrography segments","geometry_source_internal":"Colorado full interpreted natural stream context — occurrence v2 preview","trout_source_public":"Compiled public recovery and lineage context; expert review recommended","trout_source_internal":"HUC8 lineage assignment v1 / review needed","public_notes":"Fortification Creek is shown as a generalized public-map named-water occurrence for Green River / blue-lineage cutthroat historic context. This object is separated from other same-named waters using HUC8, lineage, and local spatial clustering. Linework is grouped from public hydrography and should be treated as interpretive watershed context, not a precise biological boundary.","internal_notes":"Preview occurrence co_14050001_greenriverblue_fortification_creek_001; 96 segments; 67.9 km"}},{"type":"Feature","geometry":{"type":"LineString","coordinates":[[-107.48784,40.57762],[-107.48866,40.57658],[-107.48833,40.57604],[-107.49069,40.57568],[-107.49286,40.57408],[-107.49492,40.57083]]},"properties":{"huc8":"14050001","huc8Name":"Upper Yampa","historic":"greenRiverBlue","current":"introduced","recovery":"recoveryWatch","lineageKey":"greenRiverBlue","lineageLabel":"Green River / blue-lineage CT","basin":"Upper Yampa","note":"Yampa blue-lineage context","state":"CO","confidence":"HUC8 drainage context / generalized","geometryStatus":"Named NHD stream intersecting assigned HUC8","troutSource":"HUC8 lineage assignment v1 / review needed","sourceName":"Fortification Creek","name":"Fortification Creek","source_id":"90209943","length_km":1.11988696,"FType":460,"FCode":46006,"atlas_class":"streamriver","water_id":"co_14050001_greenriverblue_fortification_creek_001","occurrence_id":"co_14050001_greenriverblue_fortification_creek_001","occurrence_number":"001","display_name":"Fortification Creek","mapped_name":"Fortification Creek","source_name":"Fortification Creek","disambiguator":"Green River / blue-lineage cutthroat historic context · HUC8 14050001 · occurrence 001","atlas_layer":"curated_named_water_occurrence","object_role":"interactive_named_water","lineage":"greenRiverBlue","historic_label":"Green River / blue-lineage cutthroat historic context","current_label":"Green River / blue-lineage cutthroat historic context","recovery_label":"Recovery watch / review area","confidence_public":"Generalized public map / needs expert review","confidence_internal":"Occurrence-cluster preview; 96 source segments","geometry_status_public":"Generalized named-water occurrence","geometry_status_internal":"Grouped by display name, HUC8, lineage, and spatial cluster","geometry_source_public":"Grouped public hydrography segments","geometry_source_internal":"Colorado full interpreted natural stream context — occurrence v2 preview","trout_source_public":"Compiled public recovery and lineage context; expert review recommended","trout_source_internal":"HUC8 lineage assignment v1 / review needed","public_notes":"Fortification Creek is shown as a generalized public-map named-water occurrence for Green River / blue-lineage cutthroat historic context. This object is separated from other same-named waters using HUC8, lineage, and local spatial clustering. Linework is grouped from public hydrography and should be treated as interpretive watershed context, not a precise biological boundary.","internal_notes":"Preview occurrence co_14050001_greenriverblue_fortification_creek_001; 96 segments; 67.9 km"}},{"type":"Feature","geometry":{"type":"LineString","coordinates":[[-107.4961,40.56802],[-107.49645,40.56717]]},"properties":{"huc8":"14050001","huc8Name":"Upper Yampa","historic":"greenRiverBlue","current":"introduced","recovery":"recoveryWatch","lineageKey":"greenRiverBlue","lineageLabel":"Green River / blue-lineage CT","basin":"Upper Yampa","note":"Yampa blue-lineage context","state":"CO","confidence":"HUC8 drainage context / generalized","geometryStatus":"Named NHD stream intersecting assigned HUC8","troutSource":"HUC8 lineage assignment v1 / review needed","sourceName":"Fortification Creek","name":"Fortification Creek","source_id":"90209967","length_km":0.1,"FType":460,"FCode":46006,"atlas_class":"streamriver","water_id":"co_14050001_greenriverblue_fortification_creek_001","occurrence_id":"co_14050001_greenriverblue_fortification_creek_001","occurrence_number":"001","display_name":"Fortification Creek","mapped_name":"Fortification Creek","source_name":"Fortification Creek","disambiguator":"Green River / blue-lineage cutthroat historic context · HUC8 14050001 · occurrence 001","atlas_layer":"curated_named_water_occurrence","object_role":"interactive_named_water","lineage":"greenRiverBlue","historic_label":"Green River / blue-lineage cutthroat historic context","current_label":"Green River / blue-lineage cutthroat historic context","recovery_label":"Recovery watch / review area","confidence_public":"Generalized public map / needs expert review","confidence_internal":"Occurrence-cluster preview; 96 source segments","geometry_status_public":"Generalized named-water occurrence","geometry_status_internal":"Grouped by display name, HUC8, lineage, and spatial cluster","geometry_source_public":"Grouped public hydrography segments","geometry_source_internal":"Colorado full interpreted natural stream context — occurrence v2 preview","trout_source_public":"Compiled public recovery and lineage context; expert review recommended","trout_source_internal":"HUC8 lineage assignment v1 / review needed","public_notes":"Fortification Creek is shown as a generalized public-map named-water occurrence for Green River / blue-lineage cutthroat historic context. This object is separated from other same-named waters using HUC8, lineage, and local spatial clustering. Linework is grouped from public hydrography and should be treated as interpretive watershed context, not a precise biological boundary.","internal_notes":"Preview occurrence co_14050001_greenriverblue_fortification_creek_001; 96 segments; 67.9 km"}},{"type":"Feature","geometry":{"type":"LineString","coordinates":[[-107.46782,40.62761],[-107.46723,40.62671],[-107.46799,40.62588]]},"properties":{"huc8":"14050001","huc8Name":"Upper Yampa","historic":"greenRiverBlue","current":"introduced","recovery":"recoveryWatch","lineageKey":"greenRiverBlue","lineageLabel":"Green River / blue-lineage CT","basin":"Upper Yampa","note":"Yampa blue-lineage context","state":"CO","confidence":"HUC8 drainage context / generalized","geometryStatus":"Named NHD stream intersecting assigned HUC8","troutSource":"HUC8 lineage assignment v1 / review needed","sourceName":"Fortification Creek","name":"Fortification Creek","source_id":"90197971","length_km":0.258,"FType":460,"FCode":46006,"atlas_class":"streamriver","water_id":"co_14050001_greenriverblue_fortification_creek_001","occurrence_id":"co_14050001_greenriverblue_fortification_creek_001","occurrence_number":"001","display_name":"Fortification Creek","mapped_name":"Fortification Creek","source_name":"Fortification Creek","disambiguator":"Green River / blue-lineage cutthroat historic context · HUC8 14050001 · occurrence 001","atlas_layer":"curated_named_water_occurrence","object_role":"interactive_named_water","lineage":"greenRiverBlue","historic_label":"Green River / blue-lineage cutthroat historic context","current_label":"Green River / blue-lineage cutthroat historic context","recovery_label":"Recovery watch / review area","confidence_public":"Generalized public map / needs expert review","confidence_internal":"Occurrence-cluster preview; 96 source segments","geometry_status_public":"Generalized named-water occurrence","geometry_status_internal":"Grouped by display name, HUC8, lineage, and spatial cluster","geometry_source_public":"Grouped public hydrography segments","geometry_source_internal":"Colorado full interpreted natural stream context — occurrence v2 preview","trout_source_public":"Compiled public recovery and lineage context; expert review recommended","trout_source_internal":"HUC8 lineage assignment v1 / review needed","public_notes":"Fortification Creek is shown as a generalized public-map named-water occurrence for Green River / blue-lineage cutthroat historic context. This object is separated from other same-named waters using HUC8, lineage, and local spatial clustering. Linework is grouped from public hydrography and should be treated as interpretive watershed context, not a precise biological boundary.","internal_notes":"Preview occurrence co_14050001_greenriverblue_fortification_creek_001; 96 segments; 67.9 km"}},{"type":"Feature","geometry":{"type":"LineString","coordinates":[[-107.47206,40.65325],[-107.47155,40.65179],[-107.47021,40.65044],[-107.4702,40.6487]]},"properties":{"huc8":"14050001","huc8Name":"Upper Yampa","historic":"greenRiverBlue","current":"introduced","recovery":"recoveryWatch","lineageKey":"greenRiverBlue","lineageLabel":"Green River / blue-lineage CT","basin":"Upper Yampa","note":"Yampa blue-lineage context","state":"CO","confidence":"HUC8 drainage context / generalized","geometryStatus":"Named NHD stream intersecting assigned HUC8","troutSource":"HUC8 lineage assignment v1 / review needed","sourceName":"Fortification Creek","name":"Fortification Creek","source_id":"90197765","length_km":0.588,"FType":460,"FCode":46006,"atlas_class":"streamriver","water_id":"co_14050001_greenriverblue_fortification_creek_001","occurrence_id":"co_14050001_greenriverblue_fortification_creek_001","occurrence_number":"001","display_name":"Fortification Creek","mapped_name":"Fortification Creek","source_name":"Fortification Creek","disambiguator":"Green River / blue-lineage cutthroat historic context · HUC8 14050001 · occurrence 001","atlas_layer":"curated_named_water_occurrence","object_role":"interactive_named_water","lineage":"greenRiverBlue","historic_label":"Green River / blue-lineage cutthroat historic context","current_label":"Green River / blue-lineage cutthroat historic context","recovery_label":"Recovery watch / review area","confidence_public":"Generalized public map / needs expert review","confidence_internal":"Occurrence-cluster preview; 96 source segments","geometry_status_public":"Generalized named-water occurrence","geometry_status_internal":"Grouped by display name, HUC8, lineage, and spatial cluster","geometry_source_public":"Grouped public hydrography segments","geometry_source_internal":"Colorado full interpreted natural stream context — occurrence v2 preview","trout_source_public":"Compiled public recovery and lineage context; expert review recommended","trout_source_internal":"HUC8 lineage assignment v1 / review needed","public_notes":"Fortification Creek is shown as a generalized public-map named-water occurrence for Green River / blue-lineage cutthroat historic context. This object is separated from other same-named waters using HUC8, lineage, and local spatial clustering. Linework is grouped from public hydrography and should be treated as interpretive watershed context, not a precise biological boundary.","internal_notes":"Preview occurrence co_14050001_greenriverblue_fortification_creek_001; 96 segments; 67.9 km"}},{"type":"Feature","geometry":{"type":"LineString","coordinates":[[-107.47202,40.65917],[-107.47418,40.65857],[-107.47467,40.65921],[-107.47519,40.65892],[-107.47387,40.65712],[-107.4741,40.65572],[-107.4718,40.65527],[-107.47155,40.65442],[-107.47206,40.65325]]},"properties":{"huc8":"14050001","huc8Name":"Upper Yampa","historic":"greenRiverBlue","current":"introduced","recovery":"recoveryWatch","lineageKey":"greenRiverBlue","lineageLabel":"Green River / blue-lineage CT","basin":"Upper Yampa","note":"Yampa blue-lineage context","state":"CO","confidence":"HUC8 drainage context / generalized","geometryStatus":"Named NHD stream intersecting assigned HUC8","troutSource":"HUC8 lineage assignment v1 / review needed","sourceName":"Fortification Creek","name":"Fortification Creek","source_id":"90197699","length_km":1.232,"FType":460,"FCode":46006,"atlas_class":"streamriver","water_id":"co_14050001_greenriverblue_fortification_creek_001","occurrence_id":"co_14050001_greenriverblue_fortification_creek_001","occurrence_number":"001","display_name":"Fortification Creek","mapped_name":"Fortification Creek","source_name":"Fortification Creek","disambiguator":"Green River / blue-lineage cutthroat historic context · HUC8 14050001 · occurrence 001","atlas_layer":"curated_named_water_occurrence","object_role":"interactive_named_water","lineage":"greenRiverBlue","historic_label":"Green River / blue-lineage cutthroat historic context","current_label":"Green River / blue-lineage cutthroat historic context","recovery_label":"Recovery watch / review area","confidence_public":"Generalized public map / needs expert review","confidence_internal":"Occurrence-cluster preview; 96 source segments","geometry_status_public":"Generalized named-water occurrence","geometry_status_internal":"Grouped by display name, HUC8, lineage, and spatial cluster","geometry_source_public":"Grouped public hydrography segments","geometry_source_internal":"Colorado full interpreted natural stream context — occurrence v2 preview","trout_source_public":"Compiled public recovery and lineage context; expert review recommended","trout_source_internal":"HUC8 lineage assignment v1 / review needed","public_notes":"Fortification Creek is shown as a generalized public-map named-water occurrence for Green River / blue-lineage cutthroat historic context. This object is separated from other same-named waters using HUC8, lineage, and local spatial clustering. Linework is grouped from public hydrography and should be treated as interpretive watershed context, not a precise biological boundary.","internal_notes":"Preview occurrence co_14050001_greenriverblue_fortification_creek_001; 96 segments; 67.9 km"}},{"type":"Feature","geometry":{"type":"LineString","coordinates":[[-107.46339,40.63887],[-107.46284,40.63727],[-107.46385,40.63741],[-107.46485,40.63614],[-107.46372,40.63615],[-107.46417,40.63475],[-107.46279,40.63447],[-107.4633,40.63393],[-107.46271,40.63353]]},"properties":{"huc8":"14050001","huc8Name":"Upper Yampa","historic":"greenRiverBlue","current":"introduced","recovery":"recoveryWatch","lineageKey":"greenRiverBlue","lineageLabel":"Green River / blue-lineage CT","basin":"Upper Yampa","note":"Yampa blue-lineage context","state":"CO","confidence":"HUC8 drainage context / generalized","geometryStatus":"Named NHD stream intersecting assigned HUC8","troutSource":"HUC8 lineage assignment v1 / review needed","sourceName":"Fortification Creek","name":"Fortification Creek","source_id":"90197897","length_km":1.122,"FType":460,"FCode":46006,"atlas_class":"streamriver","water_id":"co_14050001_greenriverblue_fortification_creek_001","occurrence_id":"co_14050001_greenriverblue_fortification_creek_001","occurrence_number":"001","display_name":"Fortification Creek","mapped_name":"Fortification Creek","source_name":"Fortification Creek","disambiguator":"Green River / blue-lineage cutthroat historic context · HUC8 14050001 · occurrence 001","atlas_layer":"curated_named_water_occurrence","object_role":"interactive_named_water","lineage":"greenRiverBlue","historic_label":"Green River / blue-lineage cutthroat historic context","current_label":"Green River / blue-lineage cutthroat historic context","recovery_label":"Recovery watch / review area","confidence_public":"Generalized public map / needs expert review","confidence_internal":"Occurrence-cluster preview; 96 source segments","geometry_status_public":"Generalized named-water occurrence","geometry_status_internal":"Grouped by display name, HUC8, lineage, and spatial cluster","geometry_source_public":"Grouped public hydrography segments","geometry_source_internal":"Colorado full interpreted natural stream context — occurrence v2 preview","trout_source_public":"Compiled public recovery and lineage context; expert review recommended","trout_source_internal":"HUC8 lineage assignment v1 / review needed","public_notes":"Fortification Creek is shown as a generalized public-map named-water occurrence for Green River / blue-lineage cutthroat historic context. This object is separated from other same-named waters using HUC8, lineage, and local spatial clustering. Linework is grouped from public hydrography and should be treated as interpretive watershed context, not a precise biological boundary.","internal_notes":"Preview occurrence co_14050001_greenriverblue_fortification_creek_001; 96 segments; 67.9 km"}},{"type":"Feature","geometry":{"type":"LineString","coordinates":[[-107.46597,40.64389],[-107.46447,40.6442],[-107.4622,40.64326],[-107.46236,40.64216],[-107.46485,40.63981],[-107.46345,40.6394],[-107.46339,40.63887]]},"properties":{"huc8":"14050001","huc8Name":"Upper Yampa","historic":"greenRiverBlue","current":"introduced","recovery":"recoveryWatch","lineageKey":"greenRiverBlue","lineageLabel":"Green River / blue-lineage CT","basin":"Upper Yampa","note":"Yampa blue-lineage context","state":"CO","confidence":"HUC8 drainage context / generalized","geometryStatus":"Named NHD stream intersecting assigned HUC8","troutSource":"HUC8 lineage assignment v1 / review needed","sourceName":"Fortification Creek","name":"Fortification Creek","source_id":"90197867","length_km":1.146,"FType":460,"FCode":46006,"atlas_class":"streamriver","water_id":"co_14050001_greenriverblue_fortification_creek_001","occurrence_id":"co_14050001_greenriverblue_fortification_creek_001","occurrence_number":"001","display_name":"Fortification Creek","mapped_name":"Fortification Creek","source_name":"Fortification Creek","disambiguator":"Green River / blue-lineage cutthroat historic context · HUC8 14050001 · occurrence 001","atlas_layer":"curated_named_water_occurrence","object_role":"interactive_named_water","lineage":"greenRiverBlue","historic_label":"Green River / blue-lineage cutthroat historic context","current_label":"Green River / blue-lineage cutthroat historic context","recovery_label":"Recovery watch / review area","confidence_public":"Generalized public map / needs expert review","confidence_internal":"Occurrence-cluster preview; 96 source segments","geometry_status_public":"Generalized named-water occurrence","geometry_status_internal":"Grouped by display name, HUC8, lineage, and spatial cluster","geometry_source_public":"Grouped public hydrography segments","geometry_source_internal":"Colorado full interpreted natural stream context — occurrence v2 preview","trout_source_public":"Compiled public recovery and lineage context; expert review recommended","trout_source_internal":"HUC8 lineage assignment v1 / review needed","public_notes":"Fortification Creek is shown as a generalized public-map named-water occurrence for Green River / blue-lineage cutthroat historic context. This object is separated from other same-named waters using HUC8, lineage, and local spatial clustering. Linework is grouped from public hydrography and should be treated as interpretive watershed context, not a precise biological boundary.","internal_notes":"Preview occurrence co_14050001_greenriverblue_fortification_creek_001; 96 segments; 67.9 km"}},{"type":"Feature","geometry":{"type":"LineString","coordinates":[[-107.47355,40.66496],[-107.47342,40.6643],[-107.47077,40.66365]]},"properties":{"huc8":"14050001","huc8Name":"Upper Yampa","historic":"greenRiverBlue","current":"introduced","recovery":"recoveryWatch","lineageKey":"greenRiverBlue","lineageLabel":"Green River / blue-lineage CT","basin":"Upper Yampa","note":"Yampa blue-lineage context","state":"CO","confidence":"HUC8 drainage context / generalized","geometryStatus":"Named NHD stream intersecting assigned HUC8","troutSource":"HUC8 lineage assignment v1 / review needed","sourceName":"Fortification Creek","name":"Fortification Creek","source_id":"90197641","length_km":0.345,"FType":460,"FCode":46006,"atlas_class":"streamriver","water_id":"co_14050001_greenriverblue_fortification_creek_001","occurrence_id":"co_14050001_greenriverblue_fortification_creek_001","occurrence_number":"001","display_name":"Fortification Creek","mapped_name":"Fortification Creek","source_name":"Fortification Creek","disambiguator":"Green River / blue-lineage cutthroat historic context · HUC8 14050001 · occurrence 001","atlas_layer":"curated_named_water_occurrence","object_role":"interactive_named_water","lineage":"greenRiverBlue","historic_label":"Green River / blue-lineage cutthroat historic context","current_label":"Green River / blue-lineage cutthroat historic context","recovery_label":"Recovery watch / review area","confidence_public":"Generalized public map / needs expert review","confidence_internal":"Occurrence-cluster preview; 96 source segments","geometry_status_public":"Generalized named-water occurrence","geometry_status_internal":"Grouped by display name, HUC8, lineage, and spatial cluster","geometry_source_public":"Grouped public hydrography segments","geometry_source_internal":"Colorado full interpreted natural stream context — occurrence v2 preview","trout_source_public":"Compiled public recovery and lineage context; expert review recommended","trout_source_internal":"HUC8 lineage assignment v1 / review needed","public_notes":"Fortification Creek is shown as a generalized public-map named-water occurrence for Green River / blue-lineage cutthroat historic context. This object is separated from other same-named waters using HUC8, lineage, and local spatial clustering. Linework is grouped from public hydrography and should be treated as interpretive watershed context, not a precise biological boundary.","internal_notes":"Preview occurrence co_14050001_greenriverblue_fortification_creek_001; 96 segments; 67.9 km"}},{"type":"Feature","geometry":{"type":"LineString","coordinates":[[-107.47077,40.66365],[-107.47026,40.66305],[-107.4738,40.66275],[-107.47296,40.66127],[-107.47153,40.66044],[-107.47142,40.65969],[-107.47202,40.65917]]},"properties":{"huc8":"14050001","huc8Name":"Upper Yampa","historic":"greenRiverBlue","current":"introduced","recovery":"recoveryWatch","lineageKey":"greenRiverBlue","lineageLabel":"Green River / blue-lineage CT","basin":"Upper Yampa","note":"Yampa blue-lineage context","state":"CO","confidence":"HUC8 drainage context / generalized","geometryStatus":"Named NHD stream intersecting assigned HUC8","troutSource":"HUC8 lineage assignment v1 / review needed","sourceName":"Fortification Creek","name":"Fortification Creek","source_id":"90197671","length_km":1.025,"FType":460,"FCode":46006,"atlas_class":"streamriver","water_id":"co_14050001_greenriverblue_fortification_creek_001","occurrence_id":"co_14050001_greenriverblue_fortification_creek_001","occurrence_number":"001","display_name":"Fortification Creek","mapped_name":"Fortification Creek","source_name":"Fortification Creek","disambiguator":"Green River / blue-lineage cutthroat historic context · HUC8 14050001 · occurrence 001","atlas_layer":"curated_named_water_occurrence","object_role":"interactive_named_water","lineage":"greenRiverBlue","historic_label":"Green River / blue-lineage cutthroat historic context","current_label":"Green River / blue-lineage cutthroat historic context","recovery_label":"Recovery watch / review area","confidence_public":"Generalized public map / needs expert review","confidence_internal":"Occurrence-cluster preview; 96 source segments","geometry_status_public":"Generalized named-water occurrence","geometry_status_internal":"Grouped by display name, HUC8, lineage, and spatial cluster","geometry_source_public":"Grouped public hydrography segments","geometry_source_internal":"Colorado full interpreted natural stream context — occurrence v2 preview","trout_source_public":"Compiled public recovery and lineage context; expert review recommended","trout_source_internal":"HUC8 lineage assignment v1 / review needed","public_notes":"Fortification Creek is shown as a generalized public-map named-water occurrence for Green River / blue-lineage cutthroat historic context. This object is separated from other same-named waters using HUC8, lineage, and local spatial clustering. Linework is grouped from public hydrography and should be treated as interpretive watershed context, not a precise biological boundary.","internal_notes":"Preview occurrence co_14050001_greenriverblue_fortification_creek_001; 96 segments; 67.9 km"}},{"type":"Feature","geometry":{"type":"LineString","coordinates":[[-107.46714,40.62783],[-107.46782,40.62761]]},"properties":{"huc8":"14050001","huc8Name":"Upper Yampa","historic":"greenRiverBlue","current":"introduced","recovery":"recoveryWatch","lineageKey":"greenRiverBlue","lineageLabel":"Green River / blue-lineage CT","basin":"Upper Yampa","note":"Yampa blue-lineage context","state":"CO","confidence":"HUC8 drainage context / generalized","geometryStatus":"Named NHD stream intersecting assigned HUC8","troutSource":"HUC8 lineage assignment v1 / review needed","sourceName":"Fortification Creek","name":"Fortification Creek","source_id":"90197959","length_km":0.065,"FType":460,"FCode":46006,"atlas_class":"streamriver","water_id":"co_14050001_greenriverblue_fortification_creek_001","occurrence_id":"co_14050001_greenriverblue_fortification_creek_001","occurrence_number":"001","display_name":"Fortification Creek","mapped_name":"Fortification Creek","source_name":"Fortification Creek","disambiguator":"Green River / blue-lineage cutthroat historic context · HUC8 14050001 · occurrence 001","atlas_layer":"curated_named_water_occurrence","object_role":"interactive_named_water","lineage":"greenRiverBlue","historic_label":"Green River / blue-lineage cutthroat historic context","current_label":"Green River / blue-lineage cutthroat historic context","recovery_label":"Recovery watch / review area","confidence_public":"Generalized public map / needs expert review","confidence_internal":"Occurrence-cluster preview; 96 source segments","geometry_status_public":"Generalized named-water occurrence","geometry_status_internal":"Grouped by display name, HUC8, lineage, and spatial cluster","geometry_source_public":"Grouped public hydrography segments","geometry_source_internal":"Colorado full interpreted natural stream context — occurrence v2 preview","trout_source_public":"Compiled public recovery and lineage context; expert review recommended","trout_source_internal":"HUC8 lineage assignment v1 / review needed","public_notes":"Fortification Creek is shown as a generalized public-map named-water occurrence for Green River / blue-lineage cutthroat historic context. This object is separated from other same-named waters using HUC8, lineage, and local spatial clustering. Linework is grouped from public hydrography and should be treated as interpretive watershed context, not a precise biological boundary.","internal_notes":"Preview occurrence co_14050001_greenriverblue_fortification_creek_001; 96 segments; 67.9 km"}},{"type":"Feature","geometry":{"type":"LineString","coordinates":[[-107.46488,40.64814],[-107.46531,40.64627],[-107.46475,40.64617],[-107.46514,40.64585],[-107.46477,40.64565],[-107.46597,40.64389]]},"properties":{"huc8":"14050001","huc8Name":"Upper Yampa","historic":"greenRiverBlue","current":"introduced","recovery":"recoveryWatch","lineageKey":"greenRiverBlue","lineageLabel":"Green River / blue-lineage CT","basin":"Upper Yampa","note":"Yampa blue-lineage context","state":"CO","confidence":"HUC8 drainage context / generalized","geometryStatus":"Named NHD stream intersecting assigned HUC8","troutSource":"HUC8 lineage assignment v1 / review needed","sourceName":"Fortification Creek","name":"Fortification Creek","source_id":"90197833","length_km":0.697,"FType":460,"FCode":46006,"atlas_class":"streamriver","water_id":"co_14050001_greenriverblue_fortification_creek_001","occurrence_id":"co_14050001_greenriverblue_fortification_creek_001","occurrence_number":"001","display_name":"Fortification Creek","mapped_name":"Fortification Creek","source_name":"Fortification Creek","disambiguator":"Green River / blue-lineage cutthroat historic context · HUC8 14050001 · occurrence 001","atlas_layer":"curated_named_water_occurrence","object_role":"interactive_named_water","lineage":"greenRiverBlue","historic_label":"Green River / blue-lineage cutthroat historic context","current_label":"Green River / blue-lineage cutthroat historic context","recovery_label":"Recovery watch / review area","confidence_public":"Generalized public map / needs expert review","confidence_internal":"Occurrence-cluster preview; 96 source segments","geometry_status_public":"Generalized named-water occurrence","geometry_status_internal":"Grouped by display name, HUC8, lineage, and spatial cluster","geometry_source_public":"Grouped public hydrography segments","geometry_source_internal":"Colorado full interpreted natural stream context — occurrence v2 preview","trout_source_public":"Compiled public recovery and lineage context; expert review recommended","trout_source_internal":"HUC8 lineage assignment v1 / review needed","public_notes":"Fortification Creek is shown as a generalized public-map named-water occurrence for Green River / blue-lineage cutthroat historic context. This object is separated from other same-named waters using HUC8, lineage, and local spatial clustering. Linework is grouped from public hydrography and should be treated as interpretive watershed context, not a precise biological boundary.","internal_notes":"Preview occurrence co_14050001_greenriverblue_fortification_creek_001; 96 segments; 67.9 km"}},{"type":"Feature","geometry":{"type":"LineString","coordinates":[[-107.46271,40.63353],[-107.4633,40.63252],[-107.46438,40.63238]]},"properties":{"huc8":"14050001","huc8Name":"Upper Yampa","historic":"greenRiverBlue","current":"introduced","recovery":"recoveryWatch","lineageKey":"greenRiverBlue","lineageLabel":"Green River / blue-lineage CT","basin":"Upper Yampa","note":"Yampa blue-lineage context","state":"CO","confidence":"HUC8 drainage context / generalized","geometryStatus":"Named NHD stream intersecting assigned HUC8","troutSource":"HUC8 lineage assignment v1 / review needed","sourceName":"Fortification Creek","name":"Fortification Creek","source_id":"90197911","length_km":0.219,"FType":460,"FCode":46006,"atlas_class":"streamriver","water_id":"co_14050001_greenriverblue_fortification_creek_001","occurrence_id":"co_14050001_greenriverblue_fortification_creek_001","occurrence_number":"001","display_name":"Fortification Creek","mapped_name":"Fortification Creek","source_name":"Fortification Creek","disambiguator":"Green River / blue-lineage cutthroat historic context · HUC8 14050001 · occurrence 001","atlas_layer":"curated_named_water_occurrence","object_role":"interactive_named_water","lineage":"greenRiverBlue","historic_label":"Green River / blue-lineage cutthroat historic context","current_label":"Green River / blue-lineage cutthroat historic context","recovery_label":"Recovery watch / review area","confidence_public":"Generalized public map / needs expert review","confidence_internal":"Occurrence-cluster preview; 96 source segments","geometry_status_public":"Generalized named-water occurrence","geometry_status_internal":"Grouped by display name, HUC8, lineage, and spatial cluster","geometry_source_public":"Grouped public hydrography segments","geometry_source_internal":"Colorado full interpreted natural stream context — occurrence v2 preview","trout_source_public":"Compiled public recovery and lineage context; expert review recommended","trout_source_internal":"HUC8 lineage assignment v1 / review needed","public_notes":"Fortification Creek is shown as a generalized public-map named-water occurrence for Green River / blue-lineage cutthroat historic context. This object is separated from other same-named waters using HUC8, lineage, and local spatial clustering. Linework is grouped from public hydrography and should be treated as interpretive watershed context, not a precise biological boundary.","internal_notes":"Preview occurrence co_14050001_greenriverblue_fortification_creek_001; 96 segments; 67.9 km"}},{"type":"Feature","geometry":{"type":"LineString","coordinates":[[-107.46602,40.62947],[-107.46585,40.62883],[-107.46461,40.62871],[-107.46581,40.62761]]},"properties":{"huc8":"14050001","huc8Name":"Upper Yampa","historic":"greenRiverBlue","current":"introduced","recovery":"recoveryWatch","lineageKey":"greenRiverBlue","lineageLabel":"Green River / blue-lineage CT","basin":"Upper Yampa","note":"Yampa blue-lineage context","state":"CO","confidence":"HUC8 drainage context / generalized","geometryStatus":"Named NHD stream intersecting assigned HUC8","troutSource":"HUC8 lineage assignment v1 / review needed","sourceName":"Fortification Creek","name":"Fortification Creek","source_id":"90197961","length_km":0.365,"FType":460,"FCode":46006,"atlas_class":"streamriver","water_id":"co_14050001_greenriverblue_fortification_creek_001","occurrence_id":"co_14050001_greenriverblue_fortification_creek_001","occurrence_number":"001","display_name":"Fortification Creek","mapped_name":"Fortification Creek","source_name":"Fortification Creek","disambiguator":"Green River / blue-lineage cutthroat historic context · HUC8 14050001 · occurrence 001","atlas_layer":"curated_named_water_occurrence","object_role":"interactive_named_water","lineage":"greenRiverBlue","historic_label":"Green River / blue-lineage cutthroat historic context","current_label":"Green River / blue-lineage cutthroat historic context","recovery_label":"Recovery watch / review area","confidence_public":"Generalized public map / needs expert review","confidence_internal":"Occurrence-cluster preview; 96 source segments","geometry_status_public":"Generalized named-water occurrence","geometry_status_internal":"Grouped by display name, HUC8, lineage, and spatial cluster","geometry_source_public":"Grouped public hydrography segments","geometry_source_internal":"Colorado full interpreted natural stream context — occurrence v2 preview","trout_source_public":"Compiled public recovery and lineage context; expert review recommended","trout_source_internal":"HUC8 lineage assignment v1 / review needed","public_notes":"Fortification Creek is shown as a generalized public-map named-water occurrence for Green River / blue-lineage cutthroat historic context. This object is separated from other same-named waters using HUC8, lineage, and local spatial clustering. Linework is grouped from public hydrography and should be treated as interpretive watershed context, not a precise biological boundary.","internal_notes":"Preview occurrence co_14050001_greenriverblue_fortification_creek_001; 96 segments; 67.9 km"}},{"type":"Feature","geometry":{"type":"LineString","coordinates":[[-107.46438,40.63238],[-107.46449,40.63174],[-107.46305,40.63149],[-107.46472,40.63042],[-107.46341,40.63],[-107.46411,40.62956],[-107.46551,40.63005],[-107.46602,40.62947]]},"properties":{"huc8":"14050001","huc8Name":"Upper Yampa","historic":"greenRiverBlue","current":"introduced","recovery":"recoveryWatch","lineageKey":"greenRiverBlue","lineageLabel":"Green River / blue-lineage CT","basin":"Upper Yampa","note":"Yampa blue-lineage context","state":"CO","confidence":"HUC8 drainage context / generalized","geometryStatus":"Named NHD stream intersecting assigned HUC8","troutSource":"HUC8 lineage assignment v1 / review needed","sourceName":"Fortification Creek","name":"Fortification Creek","source_id":"90197931","length_km":0.896,"FType":460,"FCode":46006,"atlas_class":"streamriver","water_id":"co_14050001_greenriverblue_fortification_creek_001","occurrence_id":"co_14050001_greenriverblue_fortification_creek_001","occurrence_number":"001","display_name":"Fortification Creek","mapped_name":"Fortification Creek","source_name":"Fortification Creek","disambiguator":"Green River / blue-lineage cutthroat historic context · HUC8 14050001 · occurrence 001","atlas_layer":"curated_named_water_occurrence","object_role":"interactive_named_water","lineage":"greenRiverBlue","historic_label":"Green River / blue-lineage cutthroat historic context","current_label":"Green River / blue-lineage cutthroat historic context","recovery_label":"Recovery watch / review area","confidence_public":"Generalized public map / needs expert review","confidence_internal":"Occurrence-cluster preview; 96 source segments","geometry_status_public":"Generalized named-water occurrence","geometry_status_internal":"Grouped by display name, HUC8, lineage, and spatial cluster","geometry_source_public":"Grouped public hydrography segments","geometry_source_internal":"Colorado full interpreted natural stream context — occurrence v2 preview","trout_source_public":"Compiled public recovery and lineage context; expert review recommended","trout_source_internal":"HUC8 lineage assignment v1 / review needed","public_notes":"Fortification Creek is shown as a generalized public-map named-water occurrence for Green River / blue-lineage cutthroat historic context. This object is separated from other same-named waters using HUC8, lineage, and local spatial clustering. Linework is grouped from public hydrography and should be treated as interpretive watershed context, not a precise biological boundary.","internal_notes":"Preview occurrence co_14050001_greenriverblue_fortification_creek_001; 96 segments; 67.9 km"}},{"type":"Feature","geometry":{"type":"LineString","coordinates":[[-107.47024,40.66822],[-107.47214,40.66727]]},"properties":{"huc8":"14050001","huc8Name":"Upper Yampa","historic":"greenRiverBlue","current":"introduced","recovery":"recoveryWatch","lineageKey":"greenRiverBlue","lineageLabel":"Green River / blue-lineage CT","basin":"Upper Yampa","note":"Yampa blue-lineage context","state":"CO","confidence":"HUC8 drainage context / generalized","geometryStatus":"Named NHD stream intersecting assigned HUC8","troutSource":"HUC8 lineage assignment v1 / review needed","sourceName":"Fortification Creek","name":"Fortification Creek","source_id":"90197579","length_km":0.259,"FType":460,"FCode":46006,"atlas_class":"streamriver","water_id":"co_14050001_greenriverblue_fortification_creek_001","occurrence_id":"co_14050001_greenriverblue_fortification_creek_001","occurrence_number":"001","display_name":"Fortification Creek","mapped_name":"Fortification Creek","source_name":"Fortification Creek","disambiguator":"Green River / blue-lineage cutthroat historic context · HUC8 14050001 · occurrence 001","atlas_layer":"curated_named_water_occurrence","object_role":"interactive_named_water","lineage":"greenRiverBlue","historic_label":"Green River / blue-lineage cutthroat historic context","current_label":"Green River / blue-lineage cutthroat historic context","recovery_label":"Recovery watch / review area","confidence_public":"Generalized public map / needs expert review","confidence_internal":"Occurrence-cluster preview; 96 source segments","geometry_status_public":"Generalized named-water occurrence","geometry_status_internal":"Grouped by display name, HUC8, lineage, and spatial cluster","geometry_source_public":"Grouped public hydrography segments","geometry_source_internal":"Colorado full interpreted natural stream context — occurrence v2 preview","trout_source_public":"Compiled public recovery and lineage context; expert review recommended","trout_source_internal":"HUC8 lineage assignment v1 / review needed","public_notes":"Fortification Creek is shown as a generalized public-map named-water occurrence for Green River / blue-lineage cutthroat historic context. This object is separated from other same-named waters using HUC8, lineage, and local spatial clustering. Linework is grouped from public hydrography and should be treated as interpretive watershed context, not a precise biological boundary.","internal_notes":"Preview occurrence co_14050001_greenriverblue_fortification_creek_001; 96 segments; 67.9 km"}},{"type":"Feature","geometry":{"type":"LineString","coordinates":[[-107.4702,40.6487],[-107.46488,40.64814]]},"properties":{"huc8":"14050001","huc8Name":"Upper Yampa","historic":"greenRiverBlue","current":"introduced","recovery":"recoveryWatch","lineageKey":"greenRiverBlue","lineageLabel":"Green River / blue-lineage CT","basin":"Upper Yampa","note":"Yampa blue-lineage context","state":"CO","confidence":"HUC8 drainage context / generalized","geometryStatus":"Named NHD stream intersecting assigned HUC8","troutSource":"HUC8 lineage assignment v1 / review needed","sourceName":"Fortification Creek","name":"Fortification Creek","source_id":"90197783","length_km":0.505,"FType":460,"FCode":46006,"atlas_class":"streamriver","water_id":"co_14050001_greenriverblue_fortification_creek_001","occurrence_id":"co_14050001_greenriverblue_fortification_creek_001","occurrence_number":"001","display_name":"Fortification Creek","mapped_name":"Fortification Creek","source_name":"Fortification Creek","disambiguator":"Green River / blue-lineage cutthroat historic context · HUC8 14050001 · occurrence 001","atlas_layer":"curated_named_water_occurrence","object_role":"interactive_named_water","lineage":"greenRiverBlue","historic_label":"Green River / blue-lineage cutthroat historic context","current_label":"Green River / blue-lineage cutthroat historic context","recovery_label":"Recovery watch / review area","confidence_public":"Generalized public map / needs expert review","confidence_internal":"Occurrence-cluster preview; 96 source segments","geometry_status_public":"Generalized named-water occurrence","geometry_status_internal":"Grouped by display name, HUC8, lineage, and spatial cluster","geometry_source_public":"Grouped public hydrography segments","geometry_source_internal":"Colorado full interpreted natural stream context — occurrence v2 preview","trout_source_public":"Compiled public recovery and lineage context; expert review recommended","trout_source_internal":"HUC8 lineage assignment v1 / review needed","public_notes":"Fortification Creek is shown as a generalized public-map named-water occurrence for Green River / blue-lineage cutthroat historic context. This object is separated from other same-named waters using HUC8, lineage, and local spatial clustering. Linework is grouped from public hydrography and should be treated as interpretive watershed context, not a precise biological boundary.","internal_notes":"Preview occurrence co_14050001_greenriverblue_fortification_creek_001; 96 segments; 67.9 km"}},{"type":"Feature","geometry":{"type":"LineString","coordinates":[[-107.46581,40.62761],[-107.46714,40.62783]]},"properties":{"huc8":"14050001","huc8Name":"Upper Yampa","historic":"greenRiverBlue","current":"introduced","recovery":"recoveryWatch","lineageKey":"greenRiverBlue","lineageLabel":"Green River / blue-lineage CT","basin":"Upper Yampa","note":"Yampa blue-lineage context","state":"CO","confidence":"HUC8 drainage context / generalized","geometryStatus":"Named NHD stream intersecting assigned HUC8","troutSource":"HUC8 lineage assignment v1 / review needed","sourceName":"Fortification Creek","name":"Fortification Creek","source_id":"90197963","length_km":0.116,"FType":460,"FCode":46006,"atlas_class":"streamriver","water_id":"co_14050001_greenriverblue_fortification_creek_001","occurrence_id":"co_14050001_greenriverblue_fortification_creek_001","occurrence_number":"001","display_name":"Fortification Creek","mapped_name":"Fortification Creek","source_name":"Fortification Creek","disambiguator":"Green River / blue-lineage cutthroat historic context · HUC8 14050001 · occurrence 001","atlas_layer":"curated_named_water_occurrence","object_role":"interactive_named_water","lineage":"greenRiverBlue","historic_label":"Green River / blue-lineage cutthroat historic context","current_label":"Green River / blue-lineage cutthroat historic context","recovery_label":"Recovery watch / review area","confidence_public":"Generalized public map / needs expert review","confidence_internal":"Occurrence-cluster preview; 96 source segments","geometry_status_public":"Generalized named-water occurrence","geometry_status_internal":"Grouped by display name, HUC8, lineage, and spatial cluster","geometry_source_public":"Grouped public hydrography segments","geometry_source_internal":"Colorado full interpreted natural stream context — occurrence v2 preview","trout_source_public":"Compiled public recovery and lineage context; expert review recommended","trout_source_internal":"HUC8 lineage assignment v1 / review needed","public_notes":"Fortification Creek is shown as a generalized public-map named-water occurrence for Green River / blue-lineage cutthroat historic context. This object is separated from other same-named waters using HUC8, lineage, and local spatial clustering. Linework is grouped from public hydrography and should be treated as interpretive watershed context, not a precise biological boundary.","internal_notes":"Preview occurrence co_14050001_greenriverblue_fortification_creek_001; 96 segments; 67.9 km"}},{"type":"Feature","geometry":{"type":"LineString","coordinates":[[-107.48826,40.69076],[-107.4873,40.68951],[-107.48634,40.69005],[-107.48566,40.68902]]},"properties":{"huc8":"14050001","huc8Name":"Upper Yampa","historic":"greenRiverBlue","current":"introduced","recovery":"recoveryWatch","lineageKey":"greenRiverBlue","lineageLabel":"Green River / blue-lineage CT","basin":"Upper Yampa","note":"Yampa blue-lineage context","state":"CO","confidence":"HUC8 drainage context / generalized","geometryStatus":"Named NHD stream intersecting assigned HUC8","troutSource":"HUC8 lineage assignment v1 / review needed","sourceName":"Fortification Creek","name":"Fortification Creek","source_id":"90197385","length_km":0.448,"FType":460,"FCode":46006,"atlas_class":"streamriver","water_id":"co_14050001_greenriverblue_fortification_creek_001","occurrence_id":"co_14050001_greenriverblue_fortification_creek_001","occurrence_number":"001","display_name":"Fortification Creek","mapped_name":"Fortification Creek","source_name":"Fortification Creek","disambiguator":"Green River / blue-lineage cutthroat historic context · HUC8 14050001 · occurrence 001","atlas_layer":"curated_named_water_occurrence","object_role":"interactive_named_water","lineage":"greenRiverBlue","historic_label":"Green River / blue-lineage cutthroat historic context","current_label":"Green River / blue-lineage cutthroat historic context","recovery_label":"Recovery watch / review area","confidence_public":"Generalized public map / needs expert review","confidence_internal":"Occurrence-cluster preview; 96 source segments","geometry_status_public":"Generalized named-water occurrence","geometry_status_internal":"Grouped by display name, HUC8, lineage, and spatial cluster","geometry_source_public":"Grouped public hydrography segments","geometry_source_internal":"Colorado full interpreted natural stream context — occurrence v2 preview","trout_source_public":"Compiled public recovery and lineage context; expert review recommended","trout_source_internal":"HUC8 lineage assignment v1 / review needed","public_notes":"Fortification Creek is shown as a generalized public-map named-water occurrence for Green River / blue-lineage cutthroat historic context. This object is separated from other same-named waters using HUC8, lineage, and local spatial clustering. Linework is grouped from public hydrography and should be treated as interpretive watershed context, not a precise biological boundary.","internal_notes":"Preview occurrence co_14050001_greenriverblue_fortification_creek_001; 96 segments; 67.9 km"}},{"type":"Feature","geometry":{"type":"LineString","coordinates":[[-107.50246,40.70263],[-107.50185,40.70275],[-107.50187,40.70352],[-107.50085,40.7028],[-107.50112,40.70183],[-107.49983,40.7015],[-107.49954,40.70061],[-107.50003,40.70016],[-107.50098,40.70104],[-107.50115,40.70053],[-107.49922,40.69912],[-107.49854,40.69973],[-107.49783,40.69783],[-107.49469,40.69708],[-107.49438,40.6962],[-107.49527,40.69586],[-107.49409,40.69557],[-107.49449,40.69418],[-107.49206,40.69324],[-107.49229,40.69271],[-107.49164,40.69278],[-107.49097,40.69116],[-107.48931,40.69151],[-107.48826,40.69076]]},"properties":{"huc8":"14050001","huc8Name":"Upper Yampa","historic":"greenRiverBlue","current":"introduced","recovery":"recoveryWatch","lineageKey":"greenRiverBlue","lineageLabel":"Green River / blue-lineage CT","basin":"Upper Yampa","note":"Yampa blue-lineage context","state":"CO","confidence":"HUC8 drainage context / generalized","geometryStatus":"Named NHD stream intersecting assigned HUC8","troutSource":"HUC8 lineage assignment v1 / review needed","sourceName":"Fortification Creek","name":"Fortification Creek","source_id":"90197303","length_km":3.25286643,"FType":460,"FCode":46006,"atlas_class":"streamriver","water_id":"co_14050001_greenriverblue_fortification_creek_001","occurrence_id":"co_14050001_greenriverblue_fortification_creek_001","occurrence_number":"001","display_name":"Fortification Creek","mapped_name":"Fortification Creek","source_name":"Fortification Creek","disambiguator":"Green River / blue-lineage cutthroat historic context · HUC8 14050001 · occurrence 001","atlas_layer":"curated_named_water_occurrence","object_role":"interactive_named_water","lineage":"greenRiverBlue","historic_label":"Green River / blue-lineage cutthroat historic context","current_label":"Green River / blue-lineage cutthroat historic context","recovery_label":"Recovery watch / review area","confidence_public":"Generalized public map / needs expert review","confidence_internal":"Occurrence-cluster preview; 96 source segments","geometry_status_public":"Generalized named-water occurrence","geometry_status_internal":"Grouped by display name, HUC8, lineage, and spatial cluster","geometry_source_public":"Grouped public hydrography segments","geometry_source_internal":"Colorado full interpreted natural stream context — occurrence v2 preview","trout_source_public":"Compiled public recovery and lineage context; expert review recommended","trout_source_internal":"HUC8 lineage assignment v1 / review needed","public_notes":"Fortification Creek is shown as a generalized public-map named-water occurrence for Green River / blue-lineage cutthroat historic context. This object is separated from other same-named waters using HUC8, lineage, and local spatial clustering. Linework is grouped from public hydrography and should be treated as interpretive watershed context, not a precise biological boundary.","internal_notes":"Preview occurrence co_14050001_greenriverblue_fortification_creek_001; 96 segments; 67.9 km"}},{"type":"Feature","geometry":{"type":"LineString","coordinates":[[-107.47994,40.68269],[-107.47766,40.6823]]},"properties":{"huc8":"14050001","huc8Name":"Upper Yampa","historic":"greenRiverBlue","current":"introduced","recovery":"recoveryWatch","lineageKey":"greenRiverBlue","lineageLabel":"Green River / blue-lineage CT","basin":"Upper Yampa","note":"Yampa blue-lineage context","state":"CO","confidence":"HUC8 drainage context / generalized","geometryStatus":"Named NHD stream intersecting assigned HUC8","troutSource":"HUC8 lineage assignment v1 / review needed","sourceName":"Fortification Creek","name":"Fortification Creek","source_id":"90197461","length_km":0.221,"FType":460,"FCode":46006,"atlas_class":"streamriver","water_id":"co_14050001_greenriverblue_fortification_creek_001","occurrence_id":"co_14050001_greenriverblue_fortification_creek_001","occurrence_number":"001","display_name":"Fortification Creek","mapped_name":"Fortification Creek","source_name":"Fortification Creek","disambiguator":"Green River / blue-lineage cutthroat historic context · HUC8 14050001 · occurrence 001","atlas_layer":"curated_named_water_occurrence","object_role":"interactive_named_water","lineage":"greenRiverBlue","historic_label":"Green River / blue-lineage cutthroat historic context","current_label":"Green River / blue-lineage cutthroat historic context","recovery_label":"Recovery watch / review area","confidence_public":"Generalized public map / needs expert review","confidence_internal":"Occurrence-cluster preview; 96 source segments","geometry_status_public":"Generalized named-water occurrence","geometry_status_internal":"Grouped by display name, HUC8, lineage, and spatial cluster","geometry_source_public":"Grouped public hydrography segments","geometry_source_internal":"Colorado full interpreted natural stream context — occurrence v2 preview","trout_source_public":"Compiled public recovery and lineage context; expert review recommended","trout_source_internal":"HUC8 lineage assignment v1 / review needed","public_notes":"Fortification Creek is shown as a generalized public-map named-water occurrence for Green River / blue-lineage cutthroat historic context. This object is separated from other same-named waters using HUC8, lineage, and local spatial clustering. Linework is grouped from public hydrography and should be treated as interpretive watershed context, not a precise biological boundary.","internal_notes":"Preview occurrence co_14050001_greenriverblue_fortification_creek_001; 96 segments; 67.9 km"}},{"type":"Feature","geometry":{"type":"LineString","coordinates":[[-107.47766,40.6823],[-107.47818,40.68094],[-107.47738,40.68061],[-107.4775,40.67998],[-107.47618,40.67979],[-107.47586,40.68041],[-107.47498,40.67965],[-107.47569,40.67838],[-107.47636,40.67863],[-107.47654,40.67793],[-107.47719,40.6778],[-107.47566,40.6768],[-107.47491,40.67697]]},"properties":{"huc8":"14050001","huc8Name":"Upper Yampa","historic":"greenRiverBlue","current":"introduced","recovery":"recoveryWatch","lineageKey":"greenRiverBlue","lineageLabel":"Green River / blue-lineage CT","basin":"Upper Yampa","note":"Yampa blue-lineage context","state":"CO","confidence":"HUC8 drainage context / generalized","geometryStatus":"Named NHD stream intersecting assigned HUC8","troutSource":"HUC8 lineage assignment v1 / review needed","sourceName":"Fortification Creek","name":"Fortification Creek","source_id":"90197499","length_km":1.328,"FType":460,"FCode":46006,"atlas_class":"streamriver","water_id":"co_14050001_greenriverblue_fortification_creek_001","occurrence_id":"co_14050001_greenriverblue_fortification_creek_001","occurrence_number":"001","display_name":"Fortification Creek","mapped_name":"Fortification Creek","source_name":"Fortification Creek","disambiguator":"Green River / blue-lineage cutthroat historic context · HUC8 14050001 · occurrence 001","atlas_layer":"curated_named_water_occurrence","object_role":"interactive_named_water","lineage":"greenRiverBlue","historic_label":"Green River / blue-lineage cutthroat historic context","current_label":"Green River / blue-lineage cutthroat historic context","recovery_label":"Recovery watch / review area","confidence_public":"Generalized public map / needs expert review","confidence_internal":"Occurrence-cluster preview; 96 source segments","geometry_status_public":"Generalized named-water occurrence","geometry_status_internal":"Grouped by display name, HUC8, lineage, and spatial cluster","geometry_source_public":"Grouped public hydrography segments","geometry_source_internal":"Colorado full interpreted natural stream context — occurrence v2 preview","trout_source_public":"Compiled public recovery and lineage context; expert review recommended","trout_source_internal":"HUC8 lineage assignment v1 / review needed","public_notes":"Fortification Creek is shown as a generalized public-map named-water occurrence for Green River / blue-lineage cutthroat historic context. This object is separated from other same-named waters using HUC8, lineage, and local spatial clustering. Linework is grouped from public hydrography and should be treated as interpretive watershed context, not a precise biological boundary.","internal_notes":"Preview occurrence co_14050001_greenriverblue_fortification_creek_001; 96 segments; 67.9 km"}},{"type":"Feature","geometry":{"type":"LineString","coordinates":[[-107.47491,40.67697],[-107.47505,40.67649],[-107.47424,40.67662],[-107.47491,40.67586],[-107.47336,40.67576],[-107.47336,40.67508],[-107.47274,40.67486],[-107.47329,40.67429],[-107.4725,40.67359],[-107.47289,40.67303]]},"properties":{"huc8":"14050001","huc8Name":"Upper Yampa","historic":"greenRiverBlue","current":"introduced","recovery":"recoveryWatch","lineageKey":"greenRiverBlue","lineageLabel":"Green River / blue-lineage CT","basin":"Upper Yampa","note":"Yampa blue-lineage context","state":"CO","confidence":"HUC8 drainage context / generalized","geometryStatus":"Named NHD stream intersecting assigned HUC8","troutSource":"HUC8 lineage assignment v1 / review needed","sourceName":"Fortification Creek","name":"Fortification Creek","source_id":"90197517","length_km":0.838,"FType":460,"FCode":46006,"atlas_class":"streamriver","water_id":"co_14050001_greenriverblue_fortification_creek_001","occurrence_id":"co_14050001_greenriverblue_fortification_creek_001","occurrence_number":"001","display_name":"Fortification Creek","mapped_name":"Fortification Creek","source_name":"Fortification Creek","disambiguator":"Green River / blue-lineage cutthroat historic context · HUC8 14050001 · occurrence 001","atlas_layer":"curated_named_water_occurrence","object_role":"interactive_named_water","lineage":"greenRiverBlue","historic_label":"Green River / blue-lineage cutthroat historic context","current_label":"Green River / blue-lineage cutthroat historic context","recovery_label":"Recovery watch / review area","confidence_public":"Generalized public map / needs expert review","confidence_internal":"Occurrence-cluster preview; 96 source segments","geometry_status_public":"Generalized named-water occurrence","geometry_status_internal":"Grouped by display name, HUC8, lineage, and spatial cluster","geometry_source_public":"Grouped public hydrography segments","geometry_source_internal":"Colorado full interpreted natural stream context — occurrence v2 preview","trout_source_public":"Compiled public recovery and lineage context; expert review recommended","trout_source_internal":"HUC8 lineage assignment v1 / review needed","public_notes":"Fortification Creek is shown as a generalized public-map named-water occurrence for Green River / blue-lineage cutthroat historic context. This object is separated from other same-named waters using HUC8, lineage, and local spatial clustering. Linework is grouped from public hydrography and should be treated as interpretive watershed context, not a precise biological boundary.","internal_notes":"Preview occurrence co_14050001_greenriverblue_fortification_creek_001; 96 segments; 67.9 km"}},{"type":"Feature","geometry":{"type":"LineString","coordinates":[[-107.48566,40.68902],[-107.48317,40.68842],[-107.48204,40.68688],[-107.48056,40.68732],[-107.48062,40.68679],[-107.47949,40.68657]]},"properties":{"huc8":"14050001","huc8Name":"Upper Yampa","historic":"greenRiverBlue","current":"introduced","recovery":"recoveryWatch","lineageKey":"greenRiverBlue","lineageLabel":"Green River / blue-lineage CT","basin":"Upper Yampa","note":"Yampa blue-lineage context","state":"CO","confidence":"HUC8 drainage context / generalized","geometryStatus":"Named NHD stream intersecting assigned HUC8","troutSource":"HUC8 lineage assignment v1 / review needed","sourceName":"Fortification Creek","name":"Fortification Creek","source_id":"90197405","length_km":0.757,"FType":460,"FCode":46006,"atlas_class":"streamriver","water_id":"co_14050001_greenriverblue_fortification_creek_001","occurrence_id":"co_14050001_greenriverblue_fortification_creek_001","occurrence_number":"001","display_name":"Fortification Creek","mapped_name":"Fortification Creek","source_name":"Fortification Creek","disambiguator":"Green River / blue-lineage cutthroat historic context · HUC8 14050001 · occurrence 001","atlas_layer":"curated_named_water_occurrence","object_role":"interactive_named_water","lineage":"greenRiverBlue","historic_label":"Green River / blue-lineage cutthroat historic context","current_label":"Green River / blue-lineage cutthroat historic context","recovery_label":"Recovery watch / review area","confidence_public":"Generalized public map / needs expert review","confidence_internal":"Occurrence-cluster preview; 96 source segments","geometry_status_public":"Generalized named-water occurrence","geometry_status_internal":"Grouped by display name, HUC8, lineage, and spatial cluster","geometry_source_public":"Grouped public hydrography segments","geometry_source_internal":"Colorado full interpreted natural stream context — occurrence v2 preview","trout_source_public":"Compiled public recovery and lineage context; expert review recommended","trout_source_internal":"HUC8 lineage assignment v1 / review needed","public_notes":"Fortification Creek is shown as a generalized public-map named-water occurrence for Green River / blue-lineage cutthroat historic context. This object is separated from other same-named waters using HUC8, lineage, and local spatial clustering. Linework is grouped from public hydrography and should be treated as interpretive watershed context, not a precise biological boundary.","internal_notes":"Preview occurrence co_14050001_greenriverblue_fortification_creek_001; 96 segments; 67.9 km"}},{"type":"Feature","geometry":{"type":"LineString","coordinates":[[-107.47214,40.66727],[-107.472,40.66648],[-107.47329,40.66581],[-107.47283,40.66515],[-107.47355,40.66496]]},"properties":{"huc8":"14050001","huc8Name":"Upper Yampa","historic":"greenRiverBlue","current":"introduced","recovery":"recoveryWatch","lineageKey":"greenRiverBlue","lineageLabel":"Green River / blue-lineage CT","basin":"Upper Yampa","note":"Yampa blue-lineage context","state":"CO","confidence":"HUC8 drainage context / generalized","geometryStatus":"Named NHD stream intersecting assigned HUC8","troutSource":"HUC8 lineage assignment v1 / review needed","sourceName":"Fortification Creek","name":"Fortification Creek","source_id":"90197623","length_km":0.446,"FType":460,"FCode":46006,"atlas_class":"streamriver","water_id":"co_14050001_greenriverblue_fortification_creek_001","occurrence_id":"co_14050001_greenriverblue_fortification_creek_001","occurrence_number":"001","display_name":"Fortification Creek","mapped_name":"Fortification Creek","source_name":"Fortification Creek","disambiguator":"Green River / blue-lineage cutthroat historic context · HUC8 14050001 · occurrence 001","atlas_layer":"curated_named_water_occurrence","object_role":"interactive_named_water","lineage":"greenRiverBlue","historic_label":"Green River / blue-lineage cutthroat historic context","current_label":"Green River / blue-lineage cutthroat historic context","recovery_label":"Recovery watch / review area","confidence_public":"Generalized public map / needs expert review","confidence_internal":"Occurrence-cluster preview; 96 source segments","geometry_status_public":"Generalized named-water occurrence","geometry_status_internal":"Grouped by display name, HUC8, lineage, and spatial cluster","geometry_source_public":"Grouped public hydrography segments","geometry_source_internal":"Colorado full interpreted natural stream context — occurrence v2 preview","trout_source_public":"Compiled public recovery and lineage context; expert review recommended","trout_source_internal":"HUC8 lineage assignment v1 / review needed","public_notes":"Fortification Creek is shown as a generalized public-map named-water occurrence for Green River / blue-lineage cutthroat historic context. This object is separated from other same-named waters using HUC8, lineage, and local spatial clustering. Linework is grouped from public hydrography and should be treated as interpretive watershed context, not a precise biological boundary.","internal_notes":"Preview occurrence co_14050001_greenriverblue_fortification_creek_001; 96 segments; 67.9 km"}},{"type":"Feature","geometry":{"type":"LineString","coordinates":[[-107.47289,40.67303],[-107.4708,40.67194],[-107.47051,40.67099]]},"properties":{"huc8":"14050001","huc8Name":"Upper Yampa","historic":"greenRiverBlue","current":"introduced","recovery":"recoveryWatch","lineageKey":"greenRiverBlue","lineageLabel":"Green River / blue-lineage CT","basin":"Upper Yampa","note":"Yampa blue-lineage context","state":"CO","confidence":"HUC8 drainage context / generalized","geometryStatus":"Named NHD stream intersecting assigned HUC8","troutSource":"HUC8 lineage assignment v1 / review needed","sourceName":"Fortification Creek","name":"Fortification Creek","source_id":"90197539","length_km":0.375,"FType":460,"FCode":46006,"atlas_class":"streamriver","water_id":"co_14050001_greenriverblue_fortification_creek_001","occurrence_id":"co_14050001_greenriverblue_fortification_creek_001","occurrence_number":"001","display_name":"Fortification Creek","mapped_name":"Fortification Creek","source_name":"Fortification Creek","disambiguator":"Green River / blue-lineage cutthroat historic context · HUC8 14050001 · occurrence 001","atlas_layer":"curated_named_water_occurrence","object_role":"interactive_named_water","lineage":"greenRiverBlue","historic_label":"Green River / blue-lineage cutthroat historic context","current_label":"Green River / blue-lineage cutthroat historic context","recovery_label":"Recovery watch / review area","confidence_public":"Generalized public map / needs expert review","confidence_internal":"Occurrence-cluster preview; 96 source segments","geometry_status_public":"Generalized named-water occurrence","geometry_status_internal":"Grouped by display name, HUC8, lineage, and spatial cluster","geometry_source_public":"Grouped public hydrography segments","geometry_source_internal":"Colorado full interpreted natural stream context — occurrence v2 preview","trout_source_public":"Compiled public recovery and lineage context; expert review recommended","trout_source_internal":"HUC8 lineage assignment v1 / review needed","public_notes":"Fortification Creek is shown as a generalized public-map named-water occurrence for Green River / blue-lineage cutthroat historic context. This object is separated from other same-named waters using HUC8, lineage, and local spatial clustering. Linework is grouped from public hydrography and should be treated as interpretive watershed context, not a precise biological boundary.","internal_notes":"Preview occurrence co_14050001_greenriverblue_fortification_creek_001; 96 segments; 67.9 km"}},{"type":"Feature","geometry":{"type":"LineString","coordinates":[[-107.47051,40.67099],[-107.4727,40.66923],[-107.47114,40.66903],[-107.47024,40.66822]]},"properties":{"huc8":"14050001","huc8Name":"Upper Yampa","historic":"greenRiverBlue","current":"introduced","recovery":"recoveryWatch","lineageKey":"greenRiverBlue","lineageLabel":"Green River / blue-lineage CT","basin":"Upper Yampa","note":"Yampa blue-lineage context","state":"CO","confidence":"HUC8 drainage context / generalized","geometryStatus":"Named NHD stream intersecting assigned HUC8","troutSource":"HUC8 lineage assignment v1 / review needed","sourceName":"Fortification Creek","name":"Fortification Creek","source_id":"90197559","length_km":0.604,"FType":460,"FCode":46006,"atlas_class":"streamriver","water_id":"co_14050001_greenriverblue_fortification_creek_001","occurrence_id":"co_14050001_greenriverblue_fortification_creek_001","occurrence_number":"001","display_name":"Fortification Creek","mapped_name":"Fortification Creek","source_name":"Fortification Creek","disambiguator":"Green River / blue-lineage cutthroat historic context · HUC8 14050001 · occurrence 001","atlas_layer":"curated_named_water_occurrence","object_role":"interactive_named_water","lineage":"greenRiverBlue","historic_label":"Green River / blue-lineage cutthroat historic context","current_label":"Green River / blue-lineage cutthroat historic context","recovery_label":"Recovery watch / review area","confidence_public":"Generalized public map / needs expert review","confidence_internal":"Occurrence-cluster preview; 96 source segments","geometry_status_public":"Generalized named-water occurrence","geometry_status_internal":"Grouped by display name, HUC8, lineage, and spatial cluster","geometry_source_public":"Grouped public hydrography segments","geometry_source_internal":"Colorado full interpreted natural stream context — occurrence v2 preview","trout_source_public":"Compiled public recovery and lineage context; expert review recommended","trout_source_internal":"HUC8 lineage assignment v1 / review needed","public_notes":"Fortification Creek is shown as a generalized public-map named-water occurrence for Green River / blue-lineage cutthroat historic context. This object is separated from other same-named waters using HUC8, lineage, and local spatial clustering. Linework is grouped from public hydrography and should be treated as interpretive watershed context, not a precise biological boundary.","internal_notes":"Preview occurrence co_14050001_greenriverblue_fortification_creek_001; 96 segments; 67.9 km"}},{"type":"Feature","geometry":{"type":"LineString","coordinates":[[-107.47949,40.68657],[-107.47992,40.68518],[-107.48085,40.68464],[-107.47989,40.68432],[-107.47994,40.68269]]},"properties":{"huc8":"14050001","huc8Name":"Upper Yampa","historic":"greenRiverBlue","current":"introduced","recovery":"recoveryWatch","lineageKey":"greenRiverBlue","lineageLabel":"Green River / blue-lineage CT","basin":"Upper Yampa","note":"Yampa blue-lineage context","state":"CO","confidence":"HUC8 drainage context / generalized","geometryStatus":"Named NHD stream intersecting assigned HUC8","troutSource":"HUC8 lineage assignment v1 / review needed","sourceName":"Fortification Creek","name":"Fortification Creek","source_id":"90197457","length_km":0.571,"FType":460,"FCode":46006,"atlas_class":"streamriver","water_id":"co_14050001_greenriverblue_fortification_creek_001","occurrence_id":"co_14050001_greenriverblue_fortification_creek_001","occurrence_number":"001","display_name":"Fortification Creek","mapped_name":"Fortification Creek","source_name":"Fortification Creek","disambiguator":"Green River / blue-lineage cutthroat historic context · HUC8 14050001 · occurrence 001","atlas_layer":"curated_named_water_occurrence","object_role":"interactive_named_water","lineage":"greenRiverBlue","historic_label":"Green River / blue-lineage cutthroat historic context","current_label":"Green River / blue-lineage cutthroat historic context","recovery_label":"Recovery watch / review area","confidence_public":"Generalized public map / needs expert review","confidence_internal":"Occurrence-cluster preview; 96 source segments","geometry_status_public":"Generalized named-water occurrence","geometry_status_internal":"Grouped by display name, HUC8, lineage, and spatial cluster","geometry_source_public":"Grouped public hydrography segments","geometry_source_internal":"Colorado full interpreted natural stream context — occurrence v2 preview","trout_source_public":"Compiled public recovery and lineage context; expert review recommended","trout_source_internal":"HUC8 lineage assignment v1 / review needed","public_notes":"Fortification Creek is shown as a generalized public-map named-water occurrence for Green River / blue-lineage cutthroat historic context. This object is separated from other same-named waters using HUC8, lineage, and local spatial clustering. Linework is grouped from public hydrography and should be treated as interpretive watershed context, not a precise biological boundary.","internal_notes":"Preview occurrence co_14050001_greenriverblue_fortification_creek_001; 96 segments; 67.9 km"}},{"type":"Feature","geometry":{"type":"LineString","coordinates":[[-107.49591,40.55987],[-107.49656,40.55923],[-107.49642,40.55851],[-107.4982,40.55817],[-107.49847,40.55704],[-107.50042,40.55775],[-107.4998,40.55571]]},"properties":{"huc8":"14050001","huc8Name":"Upper Yampa","historic":"greenRiverBlue","current":"introduced","recovery":"recoveryWatch","lineageKey":"greenRiverBlue","lineageLabel":"Green River / blue-lineage CT","basin":"Upper Yampa","note":"Yampa blue-lineage context","state":"CO","confidence":"HUC8 drainage context / generalized","geometryStatus":"Named NHD stream intersecting assigned HUC8","troutSource":"HUC8 lineage assignment v1 / review needed","sourceName":"Fortification Creek","name":"Fortification Creek","source_id":"90210055","length_km":0.969,"FType":460,"FCode":46006,"atlas_class":"streamriver","water_id":"co_14050001_greenriverblue_fortification_creek_001","occurrence_id":"co_14050001_greenriverblue_fortification_creek_001","occurrence_number":"001","display_name":"Fortification Creek","mapped_name":"Fortification Creek","source_name":"Fortification Creek","disambiguator":"Green River / blue-lineage cutthroat historic context · HUC8 14050001 · occurrence 001","atlas_layer":"curated_named_water_occurrence","object_role":"interactive_named_water","lineage":"greenRiverBlue","historic_label":"Green River / blue-lineage cutthroat historic context","current_label":"Green River / blue-lineage cutthroat historic context","recovery_label":"Recovery watch / review area","confidence_public":"Generalized public map / needs expert review","confidence_internal":"Occurrence-cluster preview; 96 source segments","geometry_status_public":"Generalized named-water occurrence","geometry_status_internal":"Grouped by display name, HUC8, lineage, and spatial cluster","geometry_source_public":"Grouped public hydrography segments","geometry_source_internal":"Colorado full interpreted natural stream context — occurrence v2 preview","trout_source_public":"Compiled public recovery and lineage context; expert review recommended","trout_source_internal":"HUC8 lineage assignment v1 / review needed","public_notes":"Fortification Creek is shown as a generalized public-map named-water occurrence for Green River / blue-lineage cutthroat historic context. This object is separated from other same-named waters using HUC8, lineage, and local spatial clustering. Linework is grouped from public hydrography and should be treated as interpretive watershed context, not a precise biological boundary.","internal_notes":"Preview occurrence co_14050001_greenriverblue_fortification_creek_001; 96 segments; 67.9 km"}},{"type":"Feature","geometry":{"type":"LineString","coordinates":[[-107.49745,40.56485],[-107.49793,40.56438]]},"properties":{"huc8":"14050001","huc8Name":"Upper Yampa","historic":"greenRiverBlue","current":"introduced","recovery":"recoveryWatch","lineageKey":"greenRiverBlue","lineageLabel":"Green River / blue-lineage CT","basin":"Upper Yampa","note":"Yampa blue-lineage context","state":"CO","confidence":"HUC8 drainage context / generalized","geometryStatus":"Named NHD stream intersecting assigned HUC8","troutSource":"HUC8 lineage assignment v1 / review needed","sourceName":"Fortification Creek","name":"Fortification Creek","source_id":"90209987","length_km":0.091,"FType":460,"FCode":46006,"atlas_class":"streamriver","water_id":"co_14050001_greenriverblue_fortification_creek_001","occurrence_id":"co_14050001_greenriverblue_fortification_creek_001","occurrence_number":"001","display_name":"Fortification Creek","mapped_name":"Fortification Creek","source_name":"Fortification Creek","disambiguator":"Green River / blue-lineage cutthroat historic context · HUC8 14050001 · occurrence 001","atlas_layer":"curated_named_water_occurrence","object_role":"interactive_named_water","lineage":"greenRiverBlue","historic_label":"Green River / blue-lineage cutthroat historic context","current_label":"Green River / blue-lineage cutthroat historic context","recovery_label":"Recovery watch / review area","confidence_public":"Generalized public map / needs expert review","confidence_internal":"Occurrence-cluster preview; 96 source segments","geometry_status_public":"Generalized named-water occurrence","geometry_status_internal":"Grouped by display name, HUC8, lineage, and spatial cluster","geometry_source_public":"Grouped public hydrography segments","geometry_source_internal":"Colorado full interpreted natural stream context — occurrence v2 preview","trout_source_public":"Compiled public recovery and lineage context; expert review recommended","trout_source_internal":"HUC8 lineage assignment v1 / review needed","public_notes":"Fortification Creek is shown as a generalized public-map named-water occurrence for Green River / blue-lineage cutthroat historic context. This object is separated from other same-named waters using HUC8, lineage, and local spatial clustering. Linework is grouped from public hydrography and should be treated as interpretive watershed context, not a precise biological boundary.","internal_notes":"Preview occurrence co_14050001_greenriverblue_fortification_creek_001; 96 segments; 67.9 km"}},{"type":"Feature","geometry":{"type":"LineString","coordinates":[[-107.49888,40.56204],[-107.49913,40.56075],[-107.49825,40.56064],[-107.4972,40.56147],[-107.49591,40.55987]]},"properties":{"huc8":"14050001","huc8Name":"Upper Yampa","historic":"greenRiverBlue","current":"introduced","recovery":"recoveryWatch","lineageKey":"greenRiverBlue","lineageLabel":"Green River / blue-lineage CT","basin":"Upper Yampa","note":"Yampa blue-lineage context","state":"CO","confidence":"HUC8 drainage context / generalized","geometryStatus":"Named NHD stream intersecting assigned HUC8","troutSource":"HUC8 lineage assignment v1 / review needed","sourceName":"Fortification Creek","name":"Fortification Creek","source_id":"90210029","length_km":0.609,"FType":460,"FCode":46006,"atlas_class":"streamriver","water_id":"co_14050001_greenriverblue_fortification_creek_001","occurrence_id":"co_14050001_greenriverblue_fortification_creek_001","occurrence_number":"001","display_name":"Fortification Creek","mapped_name":"Fortification Creek","source_name":"Fortification Creek","disambiguator":"Green River / blue-lineage cutthroat historic context · HUC8 14050001 · occurrence 001","atlas_layer":"curated_named_water_occurrence","object_role":"interactive_named_water","lineage":"greenRiverBlue","historic_label":"Green River / blue-lineage cutthroat historic context","current_label":"Green River / blue-lineage cutthroat historic context","recovery_label":"Recovery watch / review area","confidence_public":"Generalized public map / needs expert review","confidence_internal":"Occurrence-cluster preview; 96 source segments","geometry_status_public":"Generalized named-water occurrence","geometry_status_internal":"Grouped by display name, HUC8, lineage, and spatial cluster","geometry_source_public":"Grouped public hydrography segments","geometry_source_internal":"Colorado full interpreted natural stream context — occurrence v2 preview","trout_source_public":"Compiled public recovery and lineage context; expert review recommended","trout_source_internal":"HUC8 lineage assignment v1 / review needed","public_notes":"Fortification Creek is shown as a generalized public-map named-water occurrence for Green River / blue-lineage cutthroat historic context. This object is separated from other same-named waters using HUC8, lineage, and local spatial clustering. Linework is grouped from public hydrography and should be treated as interpretive watershed context, not a precise biological boundary.","internal_notes":"Preview occurrence co_14050001_greenriverblue_fortification_creek_001; 96 segments; 67.9 km"}},{"type":"Feature","geometry":{"type":"LineString","coordinates":[[-107.49793,40.56438],[-107.4985,40.56395],[-107.49815,40.56247],[-107.49888,40.56204]]},"properties":{"huc8":"14050001","huc8Name":"Upper Yampa","historic":"greenRiverBlue","current":"introduced","recovery":"recoveryWatch","lineageKey":"greenRiverBlue","lineageLabel":"Green River / blue-lineage CT","basin":"Upper Yampa","note":"Yampa blue-lineage context","state":"CO","confidence":"HUC8 drainage context / generalized","geometryStatus":"Named NHD stream intersecting assigned HUC8","troutSource":"HUC8 lineage assignment v1 / review needed","sourceName":"Fortification Creek","name":"Fortification Creek","source_id":"90210011","length_km":0.329,"FType":460,"FCode":46006,"atlas_class":"streamriver","water_id":"co_14050001_greenriverblue_fortification_creek_001","occurrence_id":"co_14050001_greenriverblue_fortification_creek_001","occurrence_number":"001","display_name":"Fortification Creek","mapped_name":"Fortification Creek","source_name":"Fortification Creek","disambiguator":"Green River / blue-lineage cutthroat historic context · HUC8 14050001 · occurrence 001","atlas_layer":"curated_named_water_occurrence","object_role":"interactive_named_water","lineage":"greenRiverBlue","historic_label":"Green River / blue-lineage cutthroat historic context","current_label":"Green River / blue-lineage cutthroat historic context","recovery_label":"Recovery watch / review area","confidence_public":"Generalized public map / needs expert review","confidence_internal":"Occurrence-cluster preview; 96 source segments","geometry_status_public":"Generalized named-water occurrence","geometry_status_internal":"Grouped by display name, HUC8, lineage, and spatial cluster","geometry_source_public":"Grouped public hydrography segments","geometry_source_internal":"Colorado full interpreted natural stream context — occurrence v2 preview","trout_source_public":"Compiled public recovery and lineage context; expert review recommended","trout_source_internal":"HUC8 lineage assignment v1 / review needed","public_notes":"Fortification Creek is shown as a generalized public-map named-water occurrence for Green River / blue-lineage cutthroat historic context. This object is separated from other same-named waters using HUC8, lineage, and local spatial clustering. Linework is grouped from public hydrography and should be treated as interpretive watershed context, not a precise biological boundary.","internal_notes":"Preview occurrence co_14050001_greenriverblue_fortification_creek_001; 96 segments; 67.9 km"}},{"type":"Feature","geometry":{"type":"LineString","coordinates":[[-107.4998,40.55571],[-107.50042,40.55499],[-107.50289,40.55429],[-107.50328,40.55352],[-107.50436,40.55459],[-107.50346,40.55507],[-107.5031,40.55612],[-107.50604,40.55523],[-107.50662,40.55428],[-107.50514,40.55433],[-107.50499,40.55391],[-107.50567,40.55344],[-107.50667,40.55369],[-107.5079,40.55157]]},"properties":{"huc8":"14050001","huc8Name":"Upper Yampa","historic":"greenRiverBlue","current":"introduced","recovery":"recoveryWatch","lineageKey":"greenRiverBlue","lineageLabel":"Green River / blue-lineage CT","basin":"Upper Yampa","note":"Yampa blue-lineage context","state":"CO","confidence":"HUC8 drainage context / generalized","geometryStatus":"Named NHD stream intersecting assigned HUC8","troutSource":"HUC8 lineage assignment v1 / review needed","sourceName":"Fortification Creek","name":"Fortification Creek","source_id":"90180431","length_km":1.92694653,"FType":460,"FCode":46006,"atlas_class":"streamriver","water_id":"co_14050001_greenriverblue_fortification_creek_001","occurrence_id":"co_14050001_greenriverblue_fortification_creek_001","occurrence_number":"001","display_name":"Fortification Creek","mapped_name":"Fortification Creek","source_name":"Fortification Creek","disambiguator":"Green River / blue-lineage cutthroat historic context · HUC8 14050001 · occurrence 001","atlas_layer":"curated_named_water_occurrence","object_role":"interactive_named_water","lineage":"greenRiverBlue","historic_label":"Green River / blue-lineage cutthroat historic context","current_label":"Green River / blue-lineage cutthroat historic context","recovery_label":"Recovery watch / review area","confidence_public":"Generalized public map / needs expert review","confidence_internal":"Occurrence-cluster preview; 96 source segments","geometry_status_public":"Generalized named-water occurrence","geometry_status_internal":"Grouped by display name, HUC8, lineage, and spatial cluster","geometry_source_public":"Grouped public hydrography segments","geometry_source_internal":"Colorado full interpreted natural stream context — occurrence v2 preview","trout_source_public":"Compiled public recovery and lineage context; expert review recommended","trout_source_internal":"HUC8 lineage assignment v1 / review needed","public_notes":"Fortification Creek is shown as a generalized public-map named-water occurrence for Green River / blue-lineage cutthroat historic context. This object is separated from other same-named waters using HUC8, lineage, and local spatial clustering. Linework is grouped from public hydrography and should be treated as interpretive watershed context, not a precise biological boundary.","internal_notes":"Preview occurrence co_14050001_greenriverblue_fortification_creek_001; 96 segments; 67.9 km"}},{"type":"Feature","geometry":{"type":"LineString","coordinates":[[-107.47107,40.61413],[-107.47255,40.61326],[-107.4728,40.61237]]},"properties":{"huc8":"14050001","huc8Name":"Upper Yampa","historic":"greenRiverBlue","current":"introduced","recovery":"recoveryWatch","lineageKey":"greenRiverBlue","lineageLabel":"Green River / blue-lineage CT","basin":"Upper Yampa","note":"Yampa blue-lineage context","state":"CO","confidence":"HUC8 drainage context / generalized","geometryStatus":"Named NHD stream intersecting assigned HUC8","troutSource":"HUC8 lineage assignment v1 / review needed","sourceName":"Fortification Creek","name":"Fortification Creek","source_id":"90209641","length_km":0.284,"FType":460,"FCode":46006,"atlas_class":"streamriver","water_id":"co_14050001_greenriverblue_fortification_creek_001","occurrence_id":"co_14050001_greenriverblue_fortification_creek_001","occurrence_number":"001","display_name":"Fortification Creek","mapped_name":"Fortification Creek","source_name":"Fortification Creek","disambiguator":"Green River / blue-lineage cutthroat historic context · HUC8 14050001 · occurrence 001","atlas_layer":"curated_named_water_occurrence","object_role":"interactive_named_water","lineage":"greenRiverBlue","historic_label":"Green River / blue-lineage cutthroat historic context","current_label":"Green River / blue-lineage cutthroat historic context","recovery_label":"Recovery watch / review area","confidence_public":"Generalized public map / needs expert review","confidence_internal":"Occurrence-cluster preview; 96 source segments","geometry_status_public":"Generalized named-water occurrence","geometry_status_internal":"Grouped by display name, HUC8, lineage, and spatial cluster","geometry_source_public":"Grouped public hydrography segments","geometry_source_internal":"Colorado full interpreted natural stream context — occurrence v2 preview","trout_source_public":"Compiled public recovery and lineage context; expert review recommended","trout_source_internal":"HUC8 lineage assignment v1 / review needed","public_notes":"Fortification Creek is shown as a generalized public-map named-water occurrence for Green River / blue-lineage cutthroat historic context. This object is separated from other same-named waters using HUC8, lineage, and local spatial clustering. Linework is grouped from public hydrography and should be treated as interpretive watershed context, not a precise biological boundary.","internal_notes":"Preview occurrence co_14050001_greenriverblue_fortification_creek_001; 96 segments; 67.9 km"}},{"type":"Feature","geometry":{"type":"LineString","coordinates":[[-107.47265,40.61164],[-107.47205,40.61055]]},"properties":{"huc8":"14050001","huc8Name":"Upper Yampa","historic":"greenRiverBlue","current":"introduced","recovery":"recoveryWatch","lineageKey":"greenRiverBlue","lineageLabel":"Green River / blue-lineage CT","basin":"Upper Yampa","note":"Yampa blue-lineage context","state":"CO","confidence":"HUC8 drainage context / generalized","geometryStatus":"Named NHD stream intersecting assigned HUC8","troutSource":"HUC8 lineage assignment v1 / review needed","sourceName":"Fortification Creek","name":"Fortification Creek","source_id":"90209659","length_km":0.149,"FType":460,"FCode":46006,"atlas_class":"streamriver","water_id":"co_14050001_greenriverblue_fortification_creek_001","occurrence_id":"co_14050001_greenriverblue_fortification_creek_001","occurrence_number":"001","display_name":"Fortification Creek","mapped_name":"Fortification Creek","source_name":"Fortification Creek","disambiguator":"Green River / blue-lineage cutthroat historic context · HUC8 14050001 · occurrence 001","atlas_layer":"curated_named_water_occurrence","object_role":"interactive_named_water","lineage":"greenRiverBlue","historic_label":"Green River / blue-lineage cutthroat historic context","current_label":"Green River / blue-lineage cutthroat historic context","recovery_label":"Recovery watch / review area","confidence_public":"Generalized public map / needs expert review","confidence_internal":"Occurrence-cluster preview; 96 source segments","geometry_status_public":"Generalized named-water occurrence","geometry_status_internal":"Grouped by display name, HUC8, lineage, and spatial cluster","geometry_source_public":"Grouped public hydrography segments","geometry_source_internal":"Colorado full interpreted natural stream context — occurrence v2 preview","trout_source_public":"Compiled public recovery and lineage context; expert review recommended","trout_source_internal":"HUC8 lineage assignment v1 / review needed","public_notes":"Fortification Creek is shown as a generalized public-map named-water occurrence for Green River / blue-lineage cutthroat historic context. This object is separated from other same-named waters using HUC8, lineage, and local spatial clustering. Linework is grouped from public hydrography and should be treated as interpretive watershed context, not a precise biological boundary.","internal_notes":"Preview occurrence co_14050001_greenriverblue_fortification_creek_001; 96 segments; 67.9 km"}},{"type":"Feature","geometry":{"type":"LineString","coordinates":[[-107.47205,40.61055],[-107.47429,40.60997],[-107.47351,40.60839],[-107.47251,40.60785],[-107.47293,40.60567]]},"properties":{"huc8":"14050001","huc8Name":"Upper Yampa","historic":"greenRiverBlue","current":"introduced","recovery":"recoveryWatch","lineageKey":"greenRiverBlue","lineageLabel":"Green River / blue-lineage CT","basin":"Upper Yampa","note":"Yampa blue-lineage context","state":"CO","confidence":"HUC8 drainage context / generalized","geometryStatus":"Named NHD stream intersecting assigned HUC8","troutSource":"HUC8 lineage assignment v1 / review needed","sourceName":"Fortification Creek","name":"Fortification Creek","source_id":"90209693","length_km":0.774,"FType":460,"FCode":46006,"atlas_class":"streamriver","water_id":"co_14050001_greenriverblue_fortification_creek_001","occurrence_id":"co_14050001_greenriverblue_fortification_creek_001","occurrence_number":"001","display_name":"Fortification Creek","mapped_name":"Fortification Creek","source_name":"Fortification Creek","disambiguator":"Green River / blue-lineage cutthroat historic context · HUC8 14050001 · occurrence 001","atlas_layer":"curated_named_water_occurrence","object_role":"interactive_named_water","lineage":"greenRiverBlue","historic_label":"Green River / blue-lineage cutthroat historic context","current_label":"Green River / blue-lineage cutthroat historic context","recovery_label":"Recovery watch / review area","confidence_public":"Generalized public map / needs expert review","confidence_internal":"Occurrence-cluster preview; 96 source segments","geometry_status_public":"Generalized named-water occurrence","geometry_status_internal":"Grouped by display name, HUC8, lineage, and spatial cluster","geometry_source_public":"Grouped public hydrography segments","geometry_source_internal":"Colorado full interpreted natural stream context — occurrence v2 preview","trout_source_public":"Compiled public recovery and lineage context; expert review recommended","trout_source_internal":"HUC8 lineage assignment v1 / review needed","public_notes":"Fortification Creek is shown as a generalized public-map named-water occurrence for Green River / blue-lineage cutthroat historic context. This object is separated from other same-named waters using HUC8, lineage, and local spatial clustering. Linework is grouped from public hydrography and should be treated as interpretive watershed context, not a precise biological boundary.","internal_notes":"Preview occurrence co_14050001_greenriverblue_fortification_creek_001; 96 segments; 67.9 km"}},{"type":"Feature","geometry":{"type":"LineString","coordinates":[[-107.4728,40.61237],[-107.47265,40.61164]]},"properties":{"huc8":"14050001","huc8Name":"Upper Yampa","historic":"greenRiverBlue","current":"introduced","recovery":"recoveryWatch","lineageKey":"greenRiverBlue","lineageLabel":"Green River / blue-lineage CT","basin":"Upper Yampa","note":"Yampa blue-lineage context","state":"CO","confidence":"HUC8 drainage context / generalized","geometryStatus":"Named NHD stream intersecting assigned HUC8","troutSource":"HUC8 lineage assignment v1 / review needed","sourceName":"Fortification Creek","name":"Fortification Creek","source_id":"90209649","length_km":0.084,"FType":460,"FCode":46006,"atlas_class":"streamriver","water_id":"co_14050001_greenriverblue_fortification_creek_001","occurrence_id":"co_14050001_greenriverblue_fortification_creek_001","occurrence_number":"001","display_name":"Fortification Creek","mapped_name":"Fortification Creek","source_name":"Fortification Creek","disambiguator":"Green River / blue-lineage cutthroat historic context · HUC8 14050001 · occurrence 001","atlas_layer":"curated_named_water_occurrence","object_role":"interactive_named_water","lineage":"greenRiverBlue","historic_label":"Green River / blue-lineage cutthroat historic context","current_label":"Green River / blue-lineage cutthroat historic context","recovery_label":"Recovery watch / review area","confidence_public":"Generalized public map / needs expert review","confidence_internal":"Occurrence-cluster preview; 96 source segments","geometry_status_public":"Generalized named-water occurrence","geometry_status_internal":"Grouped by display name, HUC8, lineage, and spatial cluster","geometry_source_public":"Grouped public hydrography segments","geometry_source_internal":"Colorado full interpreted natural stream context — occurrence v2 preview","trout_source_public":"Compiled public recovery and lineage context; expert review recommended","trout_source_internal":"HUC8 lineage assignment v1 / review needed","public_notes":"Fortification Creek is shown as a generalized public-map named-water occurrence for Green River / blue-lineage cutthroat historic context. This object is separated from other same-named waters using HUC8, lineage, and local spatial clustering. Linework is grouped from public hydrography and should be treated as interpretive watershed context, not a precise biological boundary.","internal_notes":"Preview occurrence co_14050001_greenriverblue_fortification_creek_001; 96 segments; 67.9 km"}}]}