{"type":"FeatureCollection","metadata":{"description":"Colorado curated named waters occurrence v2 preview tile","source":"C:\\ct-atlas-data\\processed\\geojson\\interpreted\\colorado_curated_named_waters_occurrence_v2_preview.geojson","tileSizeDeg":0.25,"bounds":{"west":-106.75,"east":-106.5,"south":37.5,"north":37.75},"featureCount":234},"features":[{"type":"Feature","geometry":{"type":"LineString","coordinates":[[-106.70329,37.50576],[-106.70312,37.50683]]},"properties":{"huc8":"13010001","huc8Name":"Rio Grande Headwaters","historic":"rioGrande","current":"introduced","recovery":"recoveryWatch","lineageKey":"rioGrande","lineageLabel":"Rio Grande lineage","basin":"Rio Grande Headwaters","note":"Generalized Rio Grande cutthroat drainage context","state":"CO","confidence":"HUC8 drainage context / generalized","geometryStatus":"Named NHD stream intersecting assigned HUC8","troutSource":"HUC8 lineage assignment v1 / review needed","sourceName":"Park Creek","name":"Park Creek","source_id":"160782934","length_km":0.129,"FType":460,"FCode":46006,"atlas_class":"streamriver","water_id":"co_13010001_riogrande_park_creek_001","occurrence_id":"co_13010001_riogrande_park_creek_001","occurrence_number":"001","display_name":"Park Creek","mapped_name":"Park Creek","source_name":"Park Creek","disambiguator":"Rio Grande cutthroat historic context · HUC8 13010001 · occurrence 001","atlas_layer":"curated_named_water_occurrence","object_role":"interactive_named_water","lineage":"rioGrande","historic_label":"Rio Grande cutthroat historic context","current_label":"Rio Grande cutthroat historic context","recovery_label":"Recovery watch / review area","confidence_public":"Generalized public map / needs expert review","confidence_internal":"Occurrence-cluster preview; 138 source segments","geometry_status_public":"Generalized named-water occurrence","geometry_status_internal":"Grouped by display name, HUC8, lineage, and spatial cluster","geometry_source_public":"Grouped public hydrography segments","geometry_source_internal":"Colorado full interpreted natural stream context — occurrence v2 preview","trout_source_public":"Compiled public recovery and lineage context; expert review recommended","trout_source_internal":"HUC8 lineage assignment v1 / review needed","public_notes":"Park Creek is shown as a generalized public-map named-water occurrence for Rio Grande cutthroat historic context. This object is separated from other same-named waters using HUC8, lineage, and local spatial clustering. Linework is grouped from public hydrography and should be treated as interpretive watershed context, not a precise biological boundary.","internal_notes":"Preview occurrence co_13010001_riogrande_park_creek_001; 138 segments; 27.2 km"}},{"type":"Feature","geometry":{"type":"LineString","coordinates":[[-106.70436,37.51484],[-106.70425,37.51496]]},"properties":{"huc8":"13010001","huc8Name":"Rio Grande Headwaters","historic":"rioGrande","current":"introduced","recovery":"recoveryWatch","lineageKey":"rioGrande","lineageLabel":"Rio Grande lineage","basin":"Rio Grande Headwaters","note":"Generalized Rio Grande cutthroat drainage context","state":"CO","confidence":"HUC8 drainage context / generalized","geometryStatus":"Named NHD stream intersecting assigned HUC8","troutSource":"HUC8 lineage assignment v1 / review needed","sourceName":"Park Creek","name":"Park Creek","source_id":"160783251","length_km":0.016,"FType":460,"FCode":46006,"atlas_class":"streamriver","water_id":"co_13010001_riogrande_park_creek_001","occurrence_id":"co_13010001_riogrande_park_creek_001","occurrence_number":"001","display_name":"Park Creek","mapped_name":"Park Creek","source_name":"Park Creek","disambiguator":"Rio Grande cutthroat historic context · HUC8 13010001 · occurrence 001","atlas_layer":"curated_named_water_occurrence","object_role":"interactive_named_water","lineage":"rioGrande","historic_label":"Rio Grande cutthroat historic context","current_label":"Rio Grande cutthroat historic context","recovery_label":"Recovery watch / review area","confidence_public":"Generalized public map / needs expert review","confidence_internal":"Occurrence-cluster preview; 138 source segments","geometry_status_public":"Generalized named-water occurrence","geometry_status_internal":"Grouped by display name, HUC8, lineage, and spatial cluster","geometry_source_public":"Grouped public hydrography segments","geometry_source_internal":"Colorado full interpreted natural stream context — occurrence v2 preview","trout_source_public":"Compiled public recovery and lineage context; expert review recommended","trout_source_internal":"HUC8 lineage assignment v1 / review needed","public_notes":"Park Creek is shown as a generalized public-map named-water occurrence for Rio Grande cutthroat historic context. This object is separated from other same-named waters using HUC8, lineage, and local spatial clustering. Linework is grouped from public hydrography and should be treated as interpretive watershed context, not a precise biological boundary.","internal_notes":"Preview occurrence co_13010001_riogrande_park_creek_001; 138 segments; 27.2 km"}},{"type":"Feature","geometry":{"type":"LineString","coordinates":[[-106.70352,37.5154],[-106.70235,37.51571]]},"properties":{"huc8":"13010001","huc8Name":"Rio Grande Headwaters","historic":"rioGrande","current":"introduced","recovery":"recoveryWatch","lineageKey":"rioGrande","lineageLabel":"Rio Grande lineage","basin":"Rio Grande Headwaters","note":"Generalized Rio Grande cutthroat drainage context","state":"CO","confidence":"HUC8 drainage context / generalized","geometryStatus":"Named NHD stream intersecting assigned HUC8","troutSource":"HUC8 lineage assignment v1 / review needed","sourceName":"Park Creek","name":"Park Creek","source_id":"160783717","length_km":0.111,"FType":460,"FCode":46006,"atlas_class":"streamriver","water_id":"co_13010001_riogrande_park_creek_001","occurrence_id":"co_13010001_riogrande_park_creek_001","occurrence_number":"001","display_name":"Park Creek","mapped_name":"Park Creek","source_name":"Park Creek","disambiguator":"Rio Grande cutthroat historic context · HUC8 13010001 · occurrence 001","atlas_layer":"curated_named_water_occurrence","object_role":"interactive_named_water","lineage":"rioGrande","historic_label":"Rio Grande cutthroat historic context","current_label":"Rio Grande cutthroat historic context","recovery_label":"Recovery watch / review area","confidence_public":"Generalized public map / needs expert review","confidence_internal":"Occurrence-cluster preview; 138 source segments","geometry_status_public":"Generalized named-water occurrence","geometry_status_internal":"Grouped by display name, HUC8, lineage, and spatial cluster","geometry_source_public":"Grouped public hydrography segments","geometry_source_internal":"Colorado full interpreted natural stream context — occurrence v2 preview","trout_source_public":"Compiled public recovery and lineage context; expert review recommended","trout_source_internal":"HUC8 lineage assignment v1 / review needed","public_notes":"Park Creek is shown as a generalized public-map named-water occurrence for Rio Grande cutthroat historic context. This object is separated from other same-named waters using HUC8, lineage, and local spatial clustering. Linework is grouped from public hydrography and should be treated as interpretive watershed context, not a precise biological boundary.","internal_notes":"Preview occurrence co_13010001_riogrande_park_creek_001; 138 segments; 27.2 km"}},{"type":"Feature","geometry":{"type":"LineString","coordinates":[[-106.70454,37.51463],[-106.70436,37.51484]]},"properties":{"huc8":"13010001","huc8Name":"Rio Grande Headwaters","historic":"rioGrande","current":"introduced","recovery":"recoveryWatch","lineageKey":"rioGrande","lineageLabel":"Rio Grande lineage","basin":"Rio Grande Headwaters","note":"Generalized Rio Grande cutthroat drainage context","state":"CO","confidence":"HUC8 drainage context / generalized","geometryStatus":"Named NHD stream intersecting assigned HUC8","troutSource":"HUC8 lineage assignment v1 / review needed","sourceName":"Park Creek","name":"Park Creek","source_id":"136350724","length_km":0.029,"FType":460,"FCode":46006,"atlas_class":"streamriver","water_id":"co_13010001_riogrande_park_creek_001","occurrence_id":"co_13010001_riogrande_park_creek_001","occurrence_number":"001","display_name":"Park Creek","mapped_name":"Park Creek","source_name":"Park Creek","disambiguator":"Rio Grande cutthroat historic context · HUC8 13010001 · occurrence 001","atlas_layer":"curated_named_water_occurrence","object_role":"interactive_named_water","lineage":"rioGrande","historic_label":"Rio Grande cutthroat historic context","current_label":"Rio Grande cutthroat historic context","recovery_label":"Recovery watch / review area","confidence_public":"Generalized public map / needs expert review","confidence_internal":"Occurrence-cluster preview; 138 source segments","geometry_status_public":"Generalized named-water occurrence","geometry_status_internal":"Grouped by display name, HUC8, lineage, and spatial cluster","geometry_source_public":"Grouped public hydrography segments","geometry_source_internal":"Colorado full interpreted natural stream context — occurrence v2 preview","trout_source_public":"Compiled public recovery and lineage context; expert review recommended","trout_source_internal":"HUC8 lineage assignment v1 / review needed","public_notes":"Park Creek is shown as a generalized public-map named-water occurrence for Rio Grande cutthroat historic context. This object is separated from other same-named waters using HUC8, lineage, and local spatial clustering. Linework is grouped from public hydrography and should be treated as interpretive watershed context, not a precise biological boundary.","internal_notes":"Preview occurrence co_13010001_riogrande_park_creek_001; 138 segments; 27.2 km"}},{"type":"Feature","geometry":{"type":"LineString","coordinates":[[-106.70472,37.51004],[-106.70516,37.51138]]},"properties":{"huc8":"13010001","huc8Name":"Rio Grande Headwaters","historic":"rioGrande","current":"introduced","recovery":"recoveryWatch","lineageKey":"rioGrande","lineageLabel":"Rio Grande lineage","basin":"Rio Grande Headwaters","note":"Generalized Rio Grande cutthroat drainage context","state":"CO","confidence":"HUC8 drainage context / generalized","geometryStatus":"Named NHD stream intersecting assigned HUC8","troutSource":"HUC8 lineage assignment v1 / review needed","sourceName":"Park Creek","name":"Park Creek","source_id":"160783638","length_km":0.164,"FType":460,"FCode":46006,"atlas_class":"streamriver","water_id":"co_13010001_riogrande_park_creek_001","occurrence_id":"co_13010001_riogrande_park_creek_001","occurrence_number":"001","display_name":"Park Creek","mapped_name":"Park Creek","source_name":"Park Creek","disambiguator":"Rio Grande cutthroat historic context · HUC8 13010001 · occurrence 001","atlas_layer":"curated_named_water_occurrence","object_role":"interactive_named_water","lineage":"rioGrande","historic_label":"Rio Grande cutthroat historic context","current_label":"Rio Grande cutthroat historic context","recovery_label":"Recovery watch / review area","confidence_public":"Generalized public map / needs expert review","confidence_internal":"Occurrence-cluster preview; 138 source segments","geometry_status_public":"Generalized named-water occurrence","geometry_status_internal":"Grouped by display name, HUC8, lineage, and spatial cluster","geometry_source_public":"Grouped public hydrography segments","geometry_source_internal":"Colorado full interpreted natural stream context — occurrence v2 preview","trout_source_public":"Compiled public recovery and lineage context; expert review recommended","trout_source_internal":"HUC8 lineage assignment v1 / review needed","public_notes":"Park Creek is shown as a generalized public-map named-water occurrence for Rio Grande cutthroat historic context. This object is separated from other same-named waters using HUC8, lineage, and local spatial clustering. Linework is grouped from public hydrography and should be treated as interpretive watershed context, not a precise biological boundary.","internal_notes":"Preview occurrence co_13010001_riogrande_park_creek_001; 138 segments; 27.2 km"}},{"type":"Feature","geometry":{"type":"LineString","coordinates":[[-106.70427,37.50763],[-106.7052,37.50844],[-106.70491,37.50963]]},"properties":{"huc8":"13010001","huc8Name":"Rio Grande Headwaters","historic":"rioGrande","current":"introduced","recovery":"recoveryWatch","lineageKey":"rioGrande","lineageLabel":"Rio Grande lineage","basin":"Rio Grande Headwaters","note":"Generalized Rio Grande cutthroat drainage context","state":"CO","confidence":"HUC8 drainage context / generalized","geometryStatus":"Named NHD stream intersecting assigned HUC8","troutSource":"HUC8 lineage assignment v1 / review needed","sourceName":"Park Creek","name":"Park Creek","source_id":"160768638","length_km":0.269,"FType":460,"FCode":46006,"atlas_class":"streamriver","water_id":"co_13010001_riogrande_park_creek_001","occurrence_id":"co_13010001_riogrande_park_creek_001","occurrence_number":"001","display_name":"Park Creek","mapped_name":"Park Creek","source_name":"Park Creek","disambiguator":"Rio Grande cutthroat historic context · HUC8 13010001 · occurrence 001","atlas_layer":"curated_named_water_occurrence","object_role":"interactive_named_water","lineage":"rioGrande","historic_label":"Rio Grande cutthroat historic context","current_label":"Rio Grande cutthroat historic context","recovery_label":"Recovery watch / review area","confidence_public":"Generalized public map / needs expert review","confidence_internal":"Occurrence-cluster preview; 138 source segments","geometry_status_public":"Generalized named-water occurrence","geometry_status_internal":"Grouped by display name, HUC8, lineage, and spatial cluster","geometry_source_public":"Grouped public hydrography segments","geometry_source_internal":"Colorado full interpreted natural stream context — occurrence v2 preview","trout_source_public":"Compiled public recovery and lineage context; expert review recommended","trout_source_internal":"HUC8 lineage assignment v1 / review needed","public_notes":"Park Creek is shown as a generalized public-map named-water occurrence for Rio Grande cutthroat historic context. This object is separated from other same-named waters using HUC8, lineage, and local spatial clustering. Linework is grouped from public hydrography and should be treated as interpretive watershed context, not a precise biological boundary.","internal_notes":"Preview occurrence co_13010001_riogrande_park_creek_001; 138 segments; 27.2 km"}},{"type":"Feature","geometry":{"type":"LineString","coordinates":[[-106.70516,37.51138],[-106.70436,37.5135],[-106.70454,37.51463]]},"properties":{"huc8":"13010001","huc8Name":"Rio Grande Headwaters","historic":"rioGrande","current":"introduced","recovery":"recoveryWatch","lineageKey":"rioGrande","lineageLabel":"Rio Grande lineage","basin":"Rio Grande Headwaters","note":"Generalized Rio Grande cutthroat drainage context","state":"CO","confidence":"HUC8 drainage context / generalized","geometryStatus":"Named NHD stream intersecting assigned HUC8","troutSource":"HUC8 lineage assignment v1 / review needed","sourceName":"Park Creek","name":"Park Creek","source_id":"160783349","length_km":0.396,"FType":460,"FCode":46006,"atlas_class":"streamriver","water_id":"co_13010001_riogrande_park_creek_001","occurrence_id":"co_13010001_riogrande_park_creek_001","occurrence_number":"001","display_name":"Park Creek","mapped_name":"Park Creek","source_name":"Park Creek","disambiguator":"Rio Grande cutthroat historic context · HUC8 13010001 · occurrence 001","atlas_layer":"curated_named_water_occurrence","object_role":"interactive_named_water","lineage":"rioGrande","historic_label":"Rio Grande cutthroat historic context","current_label":"Rio Grande cutthroat historic context","recovery_label":"Recovery watch / review area","confidence_public":"Generalized public map / needs expert review","confidence_internal":"Occurrence-cluster preview; 138 source segments","geometry_status_public":"Generalized named-water occurrence","geometry_status_internal":"Grouped by display name, HUC8, lineage, and spatial cluster","geometry_source_public":"Grouped public hydrography segments","geometry_source_internal":"Colorado full interpreted natural stream context — occurrence v2 preview","trout_source_public":"Compiled public recovery and lineage context; expert review recommended","trout_source_internal":"HUC8 lineage assignment v1 / review needed","public_notes":"Park Creek is shown as a generalized public-map named-water occurrence for Rio Grande cutthroat historic context. This object is separated from other same-named waters using HUC8, lineage, and local spatial clustering. Linework is grouped from public hydrography and should be treated as interpretive watershed context, not a precise biological boundary.","internal_notes":"Preview occurrence co_13010001_riogrande_park_creek_001; 138 segments; 27.2 km"}},{"type":"Feature","geometry":{"type":"LineString","coordinates":[[-106.70093,37.52412],[-106.7011,37.52694]]},"properties":{"huc8":"13010001","huc8Name":"Rio Grande Headwaters","historic":"rioGrande","current":"introduced","recovery":"recoveryWatch","lineageKey":"rioGrande","lineageLabel":"Rio Grande lineage","basin":"Rio Grande Headwaters","note":"Generalized Rio Grande cutthroat drainage context","state":"CO","confidence":"HUC8 drainage context / generalized","geometryStatus":"Named NHD stream intersecting assigned HUC8","troutSource":"HUC8 lineage assignment v1 / review needed","sourceName":"Park Creek","name":"Park Creek","source_id":"160783339","length_km":0.33,"FType":460,"FCode":46006,"atlas_class":"streamriver","water_id":"co_13010001_riogrande_park_creek_001","occurrence_id":"co_13010001_riogrande_park_creek_001","occurrence_number":"001","display_name":"Park Creek","mapped_name":"Park Creek","source_name":"Park Creek","disambiguator":"Rio Grande cutthroat historic context · HUC8 13010001 · occurrence 001","atlas_layer":"curated_named_water_occurrence","object_role":"interactive_named_water","lineage":"rioGrande","historic_label":"Rio Grande cutthroat historic context","current_label":"Rio Grande cutthroat historic context","recovery_label":"Recovery watch / review area","confidence_public":"Generalized public map / needs expert review","confidence_internal":"Occurrence-cluster preview; 138 source segments","geometry_status_public":"Generalized named-water occurrence","geometry_status_internal":"Grouped by display name, HUC8, lineage, and spatial cluster","geometry_source_public":"Grouped public hydrography segments","geometry_source_internal":"Colorado full interpreted natural stream context — occurrence v2 preview","trout_source_public":"Compiled public recovery and lineage context; expert review recommended","trout_source_internal":"HUC8 lineage assignment v1 / review needed","public_notes":"Park Creek is shown as a generalized public-map named-water occurrence for Rio Grande cutthroat historic context. This object is separated from other same-named waters using HUC8, lineage, and local spatial clustering. Linework is grouped from public hydrography and should be treated as interpretive watershed context, not a precise biological boundary.","internal_notes":"Preview occurrence co_13010001_riogrande_park_creek_001; 138 segments; 27.2 km"}},{"type":"Feature","geometry":{"type":"LineString","coordinates":[[-106.71417,37.56093],[-106.71473,37.56117]]},"properties":{"huc8":"13010001","huc8Name":"Rio Grande Headwaters","historic":"rioGrande","current":"introduced","recovery":"recoveryWatch","lineageKey":"rioGrande","lineageLabel":"Rio Grande lineage","basin":"Rio Grande Headwaters","note":"Generalized Rio Grande cutthroat drainage context","state":"CO","confidence":"HUC8 drainage context / generalized","geometryStatus":"Named NHD stream intersecting assigned HUC8","troutSource":"HUC8 lineage assignment v1 / review needed","sourceName":"Park Creek","name":"Park Creek","source_id":"160783801","length_km":0.057,"FType":460,"FCode":46006,"atlas_class":"streamriver","water_id":"co_13010001_riogrande_park_creek_001","occurrence_id":"co_13010001_riogrande_park_creek_001","occurrence_number":"001","display_name":"Park Creek","mapped_name":"Park Creek","source_name":"Park Creek","disambiguator":"Rio Grande cutthroat historic context · HUC8 13010001 · occurrence 001","atlas_layer":"curated_named_water_occurrence","object_role":"interactive_named_water","lineage":"rioGrande","historic_label":"Rio Grande cutthroat historic context","current_label":"Rio Grande cutthroat historic context","recovery_label":"Recovery watch / review area","confidence_public":"Generalized public map / needs expert review","confidence_internal":"Occurrence-cluster preview; 138 source segments","geometry_status_public":"Generalized named-water occurrence","geometry_status_internal":"Grouped by display name, HUC8, lineage, and spatial cluster","geometry_source_public":"Grouped public hydrography segments","geometry_source_internal":"Colorado full interpreted natural stream context — occurrence v2 preview","trout_source_public":"Compiled public recovery and lineage context; expert review recommended","trout_source_internal":"HUC8 lineage assignment v1 / review needed","public_notes":"Park Creek is shown as a generalized public-map named-water occurrence for Rio Grande cutthroat historic context. This object is separated from other same-named waters using HUC8, lineage, and local spatial clustering. Linework is grouped from public hydrography and should be treated as interpretive watershed context, not a precise biological boundary.","internal_notes":"Preview occurrence co_13010001_riogrande_park_creek_001; 138 segments; 27.2 km"}},{"type":"Feature","geometry":{"type":"LineString","coordinates":[[-106.71358,37.56091],[-106.71417,37.56093]]},"properties":{"huc8":"13010001","huc8Name":"Rio Grande Headwaters","historic":"rioGrande","current":"introduced","recovery":"recoveryWatch","lineageKey":"rioGrande","lineageLabel":"Rio Grande lineage","basin":"Rio Grande Headwaters","note":"Generalized Rio Grande cutthroat drainage context","state":"CO","confidence":"HUC8 drainage context / generalized","geometryStatus":"Named NHD stream intersecting assigned HUC8","troutSource":"HUC8 lineage assignment v1 / review needed","sourceName":"Park Creek","name":"Park Creek","source_id":"136350705","length_km":0.051,"FType":460,"FCode":46006,"atlas_class":"streamriver","water_id":"co_13010001_riogrande_park_creek_001","occurrence_id":"co_13010001_riogrande_park_creek_001","occurrence_number":"001","display_name":"Park Creek","mapped_name":"Park Creek","source_name":"Park Creek","disambiguator":"Rio Grande cutthroat historic context · HUC8 13010001 · occurrence 001","atlas_layer":"curated_named_water_occurrence","object_role":"interactive_named_water","lineage":"rioGrande","historic_label":"Rio Grande cutthroat historic context","current_label":"Rio Grande cutthroat historic context","recovery_label":"Recovery watch / review area","confidence_public":"Generalized public map / needs expert review","confidence_internal":"Occurrence-cluster preview; 138 source segments","geometry_status_public":"Generalized named-water occurrence","geometry_status_internal":"Grouped by display name, HUC8, lineage, and spatial cluster","geometry_source_public":"Grouped public hydrography segments","geometry_source_internal":"Colorado full interpreted natural stream context — occurrence v2 preview","trout_source_public":"Compiled public recovery and lineage context; expert review recommended","trout_source_internal":"HUC8 lineage assignment v1 / review needed","public_notes":"Park Creek is shown as a generalized public-map named-water occurrence for Rio Grande cutthroat historic context. This object is separated from other same-named waters using HUC8, lineage, and local spatial clustering. Linework is grouped from public hydrography and should be treated as interpretive watershed context, not a precise biological boundary.","internal_notes":"Preview occurrence co_13010001_riogrande_park_creek_001; 138 segments; 27.2 km"}},{"type":"Feature","geometry":{"type":"LineString","coordinates":[[-106.72867,37.57004],[-106.72919,37.5717]]},"properties":{"huc8":"13010001","huc8Name":"Rio Grande Headwaters","historic":"rioGrande","current":"introduced","recovery":"recoveryWatch","lineageKey":"rioGrande","lineageLabel":"Rio Grande lineage","basin":"Rio Grande Headwaters","note":"Generalized Rio Grande cutthroat drainage context","state":"CO","confidence":"HUC8 drainage context / generalized","geometryStatus":"Named NHD stream intersecting assigned HUC8","troutSource":"HUC8 lineage assignment v1 / review needed","sourceName":"Park Creek","name":"Park Creek","source_id":"160783631","length_km":0.202,"FType":460,"FCode":46006,"atlas_class":"streamriver","water_id":"co_13010001_riogrande_park_creek_001","occurrence_id":"co_13010001_riogrande_park_creek_001","occurrence_number":"001","display_name":"Park Creek","mapped_name":"Park Creek","source_name":"Park Creek","disambiguator":"Rio Grande cutthroat historic context · HUC8 13010001 · occurrence 001","atlas_layer":"curated_named_water_occurrence","object_role":"interactive_named_water","lineage":"rioGrande","historic_label":"Rio Grande cutthroat historic context","current_label":"Rio Grande cutthroat historic context","recovery_label":"Recovery watch / review area","confidence_public":"Generalized public map / needs expert review","confidence_internal":"Occurrence-cluster preview; 138 source segments","geometry_status_public":"Generalized named-water occurrence","geometry_status_internal":"Grouped by display name, HUC8, lineage, and spatial cluster","geometry_source_public":"Grouped public hydrography segments","geometry_source_internal":"Colorado full interpreted natural stream context — occurrence v2 preview","trout_source_public":"Compiled public recovery and lineage context; expert review recommended","trout_source_internal":"HUC8 lineage assignment v1 / review needed","public_notes":"Park Creek is shown as a generalized public-map named-water occurrence for Rio Grande cutthroat historic context. This object is separated from other same-named waters using HUC8, lineage, and local spatial clustering. Linework is grouped from public hydrography and should be treated as interpretive watershed context, not a precise biological boundary.","internal_notes":"Preview occurrence co_13010001_riogrande_park_creek_001; 138 segments; 27.2 km"}},{"type":"Feature","geometry":{"type":"LineString","coordinates":[[-106.72971,37.57743],[-106.72927,37.57824]]},"properties":{"huc8":"13010001","huc8Name":"Rio Grande Headwaters","historic":"rioGrande","current":"introduced","recovery":"recoveryWatch","lineageKey":"rioGrande","lineageLabel":"Rio Grande lineage","basin":"Rio Grande Headwaters","note":"Generalized Rio Grande cutthroat drainage context","state":"CO","confidence":"HUC8 drainage context / generalized","geometryStatus":"Named NHD stream intersecting assigned HUC8","troutSource":"HUC8 lineage assignment v1 / review needed","sourceName":"Park Creek","name":"Park Creek","source_id":"160783711","length_km":0.098,"FType":460,"FCode":46006,"atlas_class":"streamriver","water_id":"co_13010001_riogrande_park_creek_001","occurrence_id":"co_13010001_riogrande_park_creek_001","occurrence_number":"001","display_name":"Park Creek","mapped_name":"Park Creek","source_name":"Park Creek","disambiguator":"Rio Grande cutthroat historic context · HUC8 13010001 · occurrence 001","atlas_layer":"curated_named_water_occurrence","object_role":"interactive_named_water","lineage":"rioGrande","historic_label":"Rio Grande cutthroat historic context","current_label":"Rio Grande cutthroat historic context","recovery_label":"Recovery watch / review area","confidence_public":"Generalized public map / needs expert review","confidence_internal":"Occurrence-cluster preview; 138 source segments","geometry_status_public":"Generalized named-water occurrence","geometry_status_internal":"Grouped by display name, HUC8, lineage, and spatial cluster","geometry_source_public":"Grouped public hydrography segments","geometry_source_internal":"Colorado full interpreted natural stream context — occurrence v2 preview","trout_source_public":"Compiled public recovery and lineage context; expert review recommended","trout_source_internal":"HUC8 lineage assignment v1 / review needed","public_notes":"Park Creek is shown as a generalized public-map named-water occurrence for Rio Grande cutthroat historic context. This object is separated from other same-named waters using HUC8, lineage, and local spatial clustering. Linework is grouped from public hydrography and should be treated as interpretive watershed context, not a precise biological boundary.","internal_notes":"Preview occurrence co_13010001_riogrande_park_creek_001; 138 segments; 27.2 km"}},{"type":"Feature","geometry":{"type":"LineString","coordinates":[[-106.698,37.5481],[-106.69762,37.54959]]},"properties":{"huc8":"13010001","huc8Name":"Rio Grande Headwaters","historic":"rioGrande","current":"introduced","recovery":"recoveryWatch","lineageKey":"rioGrande","lineageLabel":"Rio Grande lineage","basin":"Rio Grande Headwaters","note":"Generalized Rio Grande cutthroat drainage context","state":"CO","confidence":"HUC8 drainage context / generalized","geometryStatus":"Named NHD stream intersecting assigned HUC8","troutSource":"HUC8 lineage assignment v1 / review needed","sourceName":"Park Creek","name":"Park Creek","source_id":"160784233","length_km":0.17,"FType":460,"FCode":46006,"atlas_class":"streamriver","water_id":"co_13010001_riogrande_park_creek_001","occurrence_id":"co_13010001_riogrande_park_creek_001","occurrence_number":"001","display_name":"Park Creek","mapped_name":"Park Creek","source_name":"Park Creek","disambiguator":"Rio Grande cutthroat historic context · HUC8 13010001 · occurrence 001","atlas_layer":"curated_named_water_occurrence","object_role":"interactive_named_water","lineage":"rioGrande","historic_label":"Rio Grande cutthroat historic context","current_label":"Rio Grande cutthroat historic context","recovery_label":"Recovery watch / review area","confidence_public":"Generalized public map / needs expert review","confidence_internal":"Occurrence-cluster preview; 138 source segments","geometry_status_public":"Generalized named-water occurrence","geometry_status_internal":"Grouped by display name, HUC8, lineage, and spatial cluster","geometry_source_public":"Grouped public hydrography segments","geometry_source_internal":"Colorado full interpreted natural stream context — occurrence v2 preview","trout_source_public":"Compiled public recovery and lineage context; expert review recommended","trout_source_internal":"HUC8 lineage assignment v1 / review needed","public_notes":"Park Creek is shown as a generalized public-map named-water occurrence for Rio Grande cutthroat historic context. This object is separated from other same-named waters using HUC8, lineage, and local spatial clustering. Linework is grouped from public hydrography and should be treated as interpretive watershed context, not a precise biological boundary.","internal_notes":"Preview occurrence co_13010001_riogrande_park_creek_001; 138 segments; 27.2 km"}},{"type":"Feature","geometry":{"type":"LineString","coordinates":[[-106.69762,37.54959],[-106.69776,37.55149]]},"properties":{"huc8":"13010001","huc8Name":"Rio Grande Headwaters","historic":"rioGrande","current":"introduced","recovery":"recoveryWatch","lineageKey":"rioGrande","lineageLabel":"Rio Grande lineage","basin":"Rio Grande Headwaters","note":"Generalized Rio Grande cutthroat drainage context","state":"CO","confidence":"HUC8 drainage context / generalized","geometryStatus":"Named NHD stream intersecting assigned HUC8","troutSource":"HUC8 lineage assignment v1 / review needed","sourceName":"Park Creek","name":"Park Creek","source_id":"160782923","length_km":0.231,"FType":460,"FCode":46006,"atlas_class":"streamriver","water_id":"co_13010001_riogrande_park_creek_001","occurrence_id":"co_13010001_riogrande_park_creek_001","occurrence_number":"001","display_name":"Park Creek","mapped_name":"Park Creek","source_name":"Park Creek","disambiguator":"Rio Grande cutthroat historic context · HUC8 13010001 · occurrence 001","atlas_layer":"curated_named_water_occurrence","object_role":"interactive_named_water","lineage":"rioGrande","historic_label":"Rio Grande cutthroat historic context","current_label":"Rio Grande cutthroat historic context","recovery_label":"Recovery watch / review area","confidence_public":"Generalized public map / needs expert review","confidence_internal":"Occurrence-cluster preview; 138 source segments","geometry_status_public":"Generalized named-water occurrence","geometry_status_internal":"Grouped by display name, HUC8, lineage, and spatial cluster","geometry_source_public":"Grouped public hydrography segments","geometry_source_internal":"Colorado full interpreted natural stream context — occurrence v2 preview","trout_source_public":"Compiled public recovery and lineage context; expert review recommended","trout_source_internal":"HUC8 lineage assignment v1 / review needed","public_notes":"Park Creek is shown as a generalized public-map named-water occurrence for Rio Grande cutthroat historic context. This object is separated from other same-named waters using HUC8, lineage, and local spatial clustering. Linework is grouped from public hydrography and should be treated as interpretive watershed context, not a precise biological boundary.","internal_notes":"Preview occurrence co_13010001_riogrande_park_creek_001; 138 segments; 27.2 km"}},{"type":"Feature","geometry":{"type":"LineString","coordinates":[[-106.7297,37.57303],[-106.72984,37.57455]]},"properties":{"huc8":"13010001","huc8Name":"Rio Grande Headwaters","historic":"rioGrande","current":"introduced","recovery":"recoveryWatch","lineageKey":"rioGrande","lineageLabel":"Rio Grande lineage","basin":"Rio Grande Headwaters","note":"Generalized Rio Grande cutthroat drainage context","state":"CO","confidence":"HUC8 drainage context / generalized","geometryStatus":"Named NHD stream intersecting assigned HUC8","troutSource":"HUC8 lineage assignment v1 / review needed","sourceName":"Park Creek","name":"Park Creek","source_id":"136350699","length_km":0.171,"FType":460,"FCode":46006,"atlas_class":"streamriver","water_id":"co_13010001_riogrande_park_creek_001","occurrence_id":"co_13010001_riogrande_park_creek_001","occurrence_number":"001","display_name":"Park Creek","mapped_name":"Park Creek","source_name":"Park Creek","disambiguator":"Rio Grande cutthroat historic context · HUC8 13010001 · occurrence 001","atlas_layer":"curated_named_water_occurrence","object_role":"interactive_named_water","lineage":"rioGrande","historic_label":"Rio Grande cutthroat historic context","current_label":"Rio Grande cutthroat historic context","recovery_label":"Recovery watch / review area","confidence_public":"Generalized public map / needs expert review","confidence_internal":"Occurrence-cluster preview; 138 source segments","geometry_status_public":"Generalized named-water occurrence","geometry_status_internal":"Grouped by display name, HUC8, lineage, and spatial cluster","geometry_source_public":"Grouped public hydrography segments","geometry_source_internal":"Colorado full interpreted natural stream context — occurrence v2 preview","trout_source_public":"Compiled public recovery and lineage context; expert review recommended","trout_source_internal":"HUC8 lineage assignment v1 / review needed","public_notes":"Park Creek is shown as a generalized public-map named-water occurrence for Rio Grande cutthroat historic context. This object is separated from other same-named waters using HUC8, lineage, and local spatial clustering. Linework is grouped from public hydrography and should be treated as interpretive watershed context, not a precise biological boundary.","internal_notes":"Preview occurrence co_13010001_riogrande_park_creek_001; 138 segments; 27.2 km"}},{"type":"Feature","geometry":{"type":"LineString","coordinates":[[-106.72927,37.57824],[-106.7288,37.57947]]},"properties":{"huc8":"13010001","huc8Name":"Rio Grande Headwaters","historic":"rioGrande","current":"introduced","recovery":"recoveryWatch","lineageKey":"rioGrande","lineageLabel":"Rio Grande lineage","basin":"Rio Grande Headwaters","note":"Generalized Rio Grande cutthroat drainage context","state":"CO","confidence":"HUC8 drainage context / generalized","geometryStatus":"Named NHD stream intersecting assigned HUC8","troutSource":"HUC8 lineage assignment v1 / review needed","sourceName":"Park Creek","name":"Park Creek","source_id":"160783650","length_km":0.145,"FType":460,"FCode":46006,"atlas_class":"streamriver","water_id":"co_13010001_riogrande_park_creek_001","occurrence_id":"co_13010001_riogrande_park_creek_001","occurrence_number":"001","display_name":"Park Creek","mapped_name":"Park Creek","source_name":"Park Creek","disambiguator":"Rio Grande cutthroat historic context · HUC8 13010001 · occurrence 001","atlas_layer":"curated_named_water_occurrence","object_role":"interactive_named_water","lineage":"rioGrande","historic_label":"Rio Grande cutthroat historic context","current_label":"Rio Grande cutthroat historic context","recovery_label":"Recovery watch / review area","confidence_public":"Generalized public map / needs expert review","confidence_internal":"Occurrence-cluster preview; 138 source segments","geometry_status_public":"Generalized named-water occurrence","geometry_status_internal":"Grouped by display name, HUC8, lineage, and spatial cluster","geometry_source_public":"Grouped public hydrography segments","geometry_source_internal":"Colorado full interpreted natural stream context — occurrence v2 preview","trout_source_public":"Compiled public recovery and lineage context; expert review recommended","trout_source_internal":"HUC8 lineage assignment v1 / review needed","public_notes":"Park Creek is shown as a generalized public-map named-water occurrence for Rio Grande cutthroat historic context. This object is separated from other same-named waters using HUC8, lineage, and local spatial clustering. Linework is grouped from public hydrography and should be treated as interpretive watershed context, not a precise biological boundary.","internal_notes":"Preview occurrence co_13010001_riogrande_park_creek_001; 138 segments; 27.2 km"}},{"type":"Feature","geometry":{"type":"LineString","coordinates":[[-106.72984,37.57455],[-106.72985,37.57652]]},"properties":{"huc8":"13010001","huc8Name":"Rio Grande Headwaters","historic":"rioGrande","current":"introduced","recovery":"recoveryWatch","lineageKey":"rioGrande","lineageLabel":"Rio Grande lineage","basin":"Rio Grande Headwaters","note":"Generalized Rio Grande cutthroat drainage context","state":"CO","confidence":"HUC8 drainage context / generalized","geometryStatus":"Named NHD stream intersecting assigned HUC8","troutSource":"HUC8 lineage assignment v1 / review needed","sourceName":"Park Creek","name":"Park Creek","source_id":"160784087","length_km":0.221,"FType":460,"FCode":46006,"atlas_class":"streamriver","water_id":"co_13010001_riogrande_park_creek_001","occurrence_id":"co_13010001_riogrande_park_creek_001","occurrence_number":"001","display_name":"Park Creek","mapped_name":"Park Creek","source_name":"Park Creek","disambiguator":"Rio Grande cutthroat historic context · HUC8 13010001 · occurrence 001","atlas_layer":"curated_named_water_occurrence","object_role":"interactive_named_water","lineage":"rioGrande","historic_label":"Rio Grande cutthroat historic context","current_label":"Rio Grande cutthroat historic context","recovery_label":"Recovery watch / review area","confidence_public":"Generalized public map / needs expert review","confidence_internal":"Occurrence-cluster preview; 138 source segments","geometry_status_public":"Generalized named-water occurrence","geometry_status_internal":"Grouped by display name, HUC8, lineage, and spatial cluster","geometry_source_public":"Grouped public hydrography segments","geometry_source_internal":"Colorado full interpreted natural stream context — occurrence v2 preview","trout_source_public":"Compiled public recovery and lineage context; expert review recommended","trout_source_internal":"HUC8 lineage assignment v1 / review needed","public_notes":"Park Creek is shown as a generalized public-map named-water occurrence for Rio Grande cutthroat historic context. This object is separated from other same-named waters using HUC8, lineage, and local spatial clustering. Linework is grouped from public hydrography and should be treated as interpretive watershed context, not a precise biological boundary.","internal_notes":"Preview occurrence co_13010001_riogrande_park_creek_001; 138 segments; 27.2 km"}},{"type":"Feature","geometry":{"type":"LineString","coordinates":[[-106.7288,37.57947],[-106.72815,37.58149]]},"properties":{"huc8":"13010001","huc8Name":"Rio Grande Headwaters","historic":"rioGrande","current":"introduced","recovery":"recoveryWatch","lineageKey":"rioGrande","lineageLabel":"Rio Grande lineage","basin":"Rio Grande Headwaters","note":"Generalized Rio Grande cutthroat drainage context","state":"CO","confidence":"HUC8 drainage context / generalized","geometryStatus":"Named NHD stream intersecting assigned HUC8","troutSource":"HUC8 lineage assignment v1 / review needed","sourceName":"Park Creek","name":"Park Creek","source_id":"160784136","length_km":0.236,"FType":460,"FCode":46006,"atlas_class":"streamriver","water_id":"co_13010001_riogrande_park_creek_001","occurrence_id":"co_13010001_riogrande_park_creek_001","occurrence_number":"001","display_name":"Park Creek","mapped_name":"Park Creek","source_name":"Park Creek","disambiguator":"Rio Grande cutthroat historic context · HUC8 13010001 · occurrence 001","atlas_layer":"curated_named_water_occurrence","object_role":"interactive_named_water","lineage":"rioGrande","historic_label":"Rio Grande cutthroat historic context","current_label":"Rio Grande cutthroat historic context","recovery_label":"Recovery watch / review area","confidence_public":"Generalized public map / needs expert review","confidence_internal":"Occurrence-cluster preview; 138 source segments","geometry_status_public":"Generalized named-water occurrence","geometry_status_internal":"Grouped by display name, HUC8, lineage, and spatial cluster","geometry_source_public":"Grouped public hydrography segments","geometry_source_internal":"Colorado full interpreted natural stream context — occurrence v2 preview","trout_source_public":"Compiled public recovery and lineage context; expert review recommended","trout_source_internal":"HUC8 lineage assignment v1 / review needed","public_notes":"Park Creek is shown as a generalized public-map named-water occurrence for Rio Grande cutthroat historic context. This object is separated from other same-named waters using HUC8, lineage, and local spatial clustering. Linework is grouped from public hydrography and should be treated as interpretive watershed context, not a precise biological boundary.","internal_notes":"Preview occurrence co_13010001_riogrande_park_creek_001; 138 segments; 27.2 km"}},{"type":"Feature","geometry":{"type":"LineString","coordinates":[[-106.70028,37.53107],[-106.7,37.53204]]},"properties":{"huc8":"13010001","huc8Name":"Rio Grande Headwaters","historic":"rioGrande","current":"introduced","recovery":"recoveryWatch","lineageKey":"rioGrande","lineageLabel":"Rio Grande lineage","basin":"Rio Grande Headwaters","note":"Generalized Rio Grande cutthroat drainage context","state":"CO","confidence":"HUC8 drainage context / generalized","geometryStatus":"Named NHD stream intersecting assigned HUC8","troutSource":"HUC8 lineage assignment v1 / review needed","sourceName":"Park Creek","name":"Park Creek","source_id":"160784194","length_km":0.112,"FType":460,"FCode":46006,"atlas_class":"streamriver","water_id":"co_13010001_riogrande_park_creek_001","occurrence_id":"co_13010001_riogrande_park_creek_001","occurrence_number":"001","display_name":"Park Creek","mapped_name":"Park Creek","source_name":"Park Creek","disambiguator":"Rio Grande cutthroat historic context · HUC8 13010001 · occurrence 001","atlas_layer":"curated_named_water_occurrence","object_role":"interactive_named_water","lineage":"rioGrande","historic_label":"Rio Grande cutthroat historic context","current_label":"Rio Grande cutthroat historic context","recovery_label":"Recovery watch / review area","confidence_public":"Generalized public map / needs expert review","confidence_internal":"Occurrence-cluster preview; 138 source segments","geometry_status_public":"Generalized named-water occurrence","geometry_status_internal":"Grouped by display name, HUC8, lineage, and spatial cluster","geometry_source_public":"Grouped public hydrography segments","geometry_source_internal":"Colorado full interpreted natural stream context — occurrence v2 preview","trout_source_public":"Compiled public recovery and lineage context; expert review recommended","trout_source_internal":"HUC8 lineage assignment v1 / review needed","public_notes":"Park Creek is shown as a generalized public-map named-water occurrence for Rio Grande cutthroat historic context. This object is separated from other same-named waters using HUC8, lineage, and local spatial clustering. Linework is grouped from public hydrography and should be treated as interpretive watershed context, not a precise biological boundary.","internal_notes":"Preview occurrence co_13010001_riogrande_park_creek_001; 138 segments; 27.2 km"}},{"type":"Feature","geometry":{"type":"LineString","coordinates":[[-106.70949,37.55918],[-106.71003,37.55916]]},"properties":{"huc8":"13010001","huc8Name":"Rio Grande Headwaters","historic":"rioGrande","current":"introduced","recovery":"recoveryWatch","lineageKey":"rioGrande","lineageLabel":"Rio Grande lineage","basin":"Rio Grande Headwaters","note":"Generalized Rio Grande cutthroat drainage context","state":"CO","confidence":"HUC8 drainage context / generalized","geometryStatus":"Named NHD stream intersecting assigned HUC8","troutSource":"HUC8 lineage assignment v1 / review needed","sourceName":"Park Creek","name":"Park Creek","source_id":"160783721","length_km":0.047,"FType":460,"FCode":46006,"atlas_class":"streamriver","water_id":"co_13010001_riogrande_park_creek_001","occurrence_id":"co_13010001_riogrande_park_creek_001","occurrence_number":"001","display_name":"Park Creek","mapped_name":"Park Creek","source_name":"Park Creek","disambiguator":"Rio Grande cutthroat historic context · HUC8 13010001 · occurrence 001","atlas_layer":"curated_named_water_occurrence","object_role":"interactive_named_water","lineage":"rioGrande","historic_label":"Rio Grande cutthroat historic context","current_label":"Rio Grande cutthroat historic context","recovery_label":"Recovery watch / review area","confidence_public":"Generalized public map / needs expert review","confidence_internal":"Occurrence-cluster preview; 138 source segments","geometry_status_public":"Generalized named-water occurrence","geometry_status_internal":"Grouped by display name, HUC8, lineage, and spatial cluster","geometry_source_public":"Grouped public hydrography segments","geometry_source_internal":"Colorado full interpreted natural stream context — occurrence v2 preview","trout_source_public":"Compiled public recovery and lineage context; expert review recommended","trout_source_internal":"HUC8 lineage assignment v1 / review needed","public_notes":"Park Creek is shown as a generalized public-map named-water occurrence for Rio Grande cutthroat historic context. This object is separated from other same-named waters using HUC8, lineage, and local spatial clustering. Linework is grouped from public hydrography and should be treated as interpretive watershed context, not a precise biological boundary.","internal_notes":"Preview occurrence co_13010001_riogrande_park_creek_001; 138 segments; 27.2 km"}},{"type":"Feature","geometry":{"type":"LineString","coordinates":[[-106.70484,37.55613],[-106.70486,37.55616]]},"properties":{"huc8":"13010001","huc8Name":"Rio Grande Headwaters","historic":"rioGrande","current":"introduced","recovery":"recoveryWatch","lineageKey":"rioGrande","lineageLabel":"Rio Grande lineage","basin":"Rio Grande Headwaters","note":"Generalized Rio Grande cutthroat drainage context","state":"CO","confidence":"HUC8 drainage context / generalized","geometryStatus":"Named NHD stream intersecting assigned HUC8","troutSource":"HUC8 lineage assignment v1 / review needed","sourceName":"Park Creek","name":"Park Creek","source_id":"160783757","length_km":0.004,"FType":460,"FCode":46006,"atlas_class":"streamriver","water_id":"co_13010001_riogrande_park_creek_001","occurrence_id":"co_13010001_riogrande_park_creek_001","occurrence_number":"001","display_name":"Park Creek","mapped_name":"Park Creek","source_name":"Park Creek","disambiguator":"Rio Grande cutthroat historic context · HUC8 13010001 · occurrence 001","atlas_layer":"curated_named_water_occurrence","object_role":"interactive_named_water","lineage":"rioGrande","historic_label":"Rio Grande cutthroat historic context","current_label":"Rio Grande cutthroat historic context","recovery_label":"Recovery watch / review area","confidence_public":"Generalized public map / needs expert review","confidence_internal":"Occurrence-cluster preview; 138 source segments","geometry_status_public":"Generalized named-water occurrence","geometry_status_internal":"Grouped by display name, HUC8, lineage, and spatial cluster","geometry_source_public":"Grouped public hydrography segments","geometry_source_internal":"Colorado full interpreted natural stream context — occurrence v2 preview","trout_source_public":"Compiled public recovery and lineage context; expert review recommended","trout_source_internal":"HUC8 lineage assignment v1 / review needed","public_notes":"Park Creek is shown as a generalized public-map named-water occurrence for Rio Grande cutthroat historic context. This object is separated from other same-named waters using HUC8, lineage, and local spatial clustering. Linework is grouped from public hydrography and should be treated as interpretive watershed context, not a precise biological boundary.","internal_notes":"Preview occurrence co_13010001_riogrande_park_creek_001; 138 segments; 27.2 km"}},{"type":"Feature","geometry":{"type":"LineString","coordinates":[[-106.69773,37.54756],[-106.698,37.5481]]},"properties":{"huc8":"13010001","huc8Name":"Rio Grande Headwaters","historic":"rioGrande","current":"introduced","recovery":"recoveryWatch","lineageKey":"rioGrande","lineageLabel":"Rio Grande lineage","basin":"Rio Grande Headwaters","note":"Generalized Rio Grande cutthroat drainage context","state":"CO","confidence":"HUC8 drainage context / generalized","geometryStatus":"Named NHD stream intersecting assigned HUC8","troutSource":"HUC8 lineage assignment v1 / review needed","sourceName":"Park Creek","name":"Park Creek","source_id":"160784232","length_km":0.066,"FType":460,"FCode":46006,"atlas_class":"streamriver","water_id":"co_13010001_riogrande_park_creek_001","occurrence_id":"co_13010001_riogrande_park_creek_001","occurrence_number":"001","display_name":"Park Creek","mapped_name":"Park Creek","source_name":"Park Creek","disambiguator":"Rio Grande cutthroat historic context · HUC8 13010001 · occurrence 001","atlas_layer":"curated_named_water_occurrence","object_role":"interactive_named_water","lineage":"rioGrande","historic_label":"Rio Grande cutthroat historic context","current_label":"Rio Grande cutthroat historic context","recovery_label":"Recovery watch / review area","confidence_public":"Generalized public map / needs expert review","confidence_internal":"Occurrence-cluster preview; 138 source segments","geometry_status_public":"Generalized named-water occurrence","geometry_status_internal":"Grouped by display name, HUC8, lineage, and spatial cluster","geometry_source_public":"Grouped public hydrography segments","geometry_source_internal":"Colorado full interpreted natural stream context — occurrence v2 preview","trout_source_public":"Compiled public recovery and lineage context; expert review recommended","trout_source_internal":"HUC8 lineage assignment v1 / review needed","public_notes":"Park Creek is shown as a generalized public-map named-water occurrence for Rio Grande cutthroat historic context. This object is separated from other same-named waters using HUC8, lineage, and local spatial clustering. Linework is grouped from public hydrography and should be treated as interpretive watershed context, not a precise biological boundary.","internal_notes":"Preview occurrence co_13010001_riogrande_park_creek_001; 138 segments; 27.2 km"}},{"type":"Feature","geometry":{"type":"LineString","coordinates":[[-106.71201,37.5604],[-106.71358,37.56091]]},"properties":{"huc8":"13010001","huc8Name":"Rio Grande Headwaters","historic":"rioGrande","current":"introduced","recovery":"recoveryWatch","lineageKey":"rioGrande","lineageLabel":"Rio Grande lineage","basin":"Rio Grande Headwaters","note":"Generalized Rio Grande cutthroat drainage context","state":"CO","confidence":"HUC8 drainage context / generalized","geometryStatus":"Named NHD stream intersecting assigned HUC8","troutSource":"HUC8 lineage assignment v1 / review needed","sourceName":"Park Creek","name":"Park Creek","source_id":"160783766","length_km":0.152,"FType":460,"FCode":46006,"atlas_class":"streamriver","water_id":"co_13010001_riogrande_park_creek_001","occurrence_id":"co_13010001_riogrande_park_creek_001","occurrence_number":"001","display_name":"Park Creek","mapped_name":"Park Creek","source_name":"Park Creek","disambiguator":"Rio Grande cutthroat historic context · HUC8 13010001 · occurrence 001","atlas_layer":"curated_named_water_occurrence","object_role":"interactive_named_water","lineage":"rioGrande","historic_label":"Rio Grande cutthroat historic context","current_label":"Rio Grande cutthroat historic context","recovery_label":"Recovery watch / review area","confidence_public":"Generalized public map / needs expert review","confidence_internal":"Occurrence-cluster preview; 138 source segments","geometry_status_public":"Generalized named-water occurrence","geometry_status_internal":"Grouped by display name, HUC8, lineage, and spatial cluster","geometry_source_public":"Grouped public hydrography segments","geometry_source_internal":"Colorado full interpreted natural stream context — occurrence v2 preview","trout_source_public":"Compiled public recovery and lineage context; expert review recommended","trout_source_internal":"HUC8 lineage assignment v1 / review needed","public_notes":"Park Creek is shown as a generalized public-map named-water occurrence for Rio Grande cutthroat historic context. This object is separated from other same-named waters using HUC8, lineage, and local spatial clustering. Linework is grouped from public hydrography and should be treated as interpretive watershed context, not a precise biological boundary.","internal_notes":"Preview occurrence co_13010001_riogrande_park_creek_001; 138 segments; 27.2 km"}},{"type":"Feature","geometry":{"type":"LineString","coordinates":[[-106.69927,37.54169],[-106.69869,37.54235]]},"properties":{"huc8":"13010001","huc8Name":"Rio Grande Headwaters","historic":"rioGrande","current":"introduced","recovery":"recoveryWatch","lineageKey":"rioGrande","lineageLabel":"Rio Grande lineage","basin":"Rio Grande Headwaters","note":"Generalized Rio Grande cutthroat drainage context","state":"CO","confidence":"HUC8 drainage context / generalized","geometryStatus":"Named NHD stream intersecting assigned HUC8","troutSource":"HUC8 lineage assignment v1 / review needed","sourceName":"Park Creek","name":"Park Creek","source_id":"160784172","length_km":0.09,"FType":460,"FCode":46006,"atlas_class":"streamriver","water_id":"co_13010001_riogrande_park_creek_001","occurrence_id":"co_13010001_riogrande_park_creek_001","occurrence_number":"001","display_name":"Park Creek","mapped_name":"Park Creek","source_name":"Park Creek","disambiguator":"Rio Grande cutthroat historic context · HUC8 13010001 · occurrence 001","atlas_layer":"curated_named_water_occurrence","object_role":"interactive_named_water","lineage":"rioGrande","historic_label":"Rio Grande cutthroat historic context","current_label":"Rio Grande cutthroat historic context","recovery_label":"Recovery watch / review area","confidence_public":"Generalized public map / needs expert review","confidence_internal":"Occurrence-cluster preview; 138 source segments","geometry_status_public":"Generalized named-water occurrence","geometry_status_internal":"Grouped by display name, HUC8, lineage, and spatial cluster","geometry_source_public":"Grouped public hydrography segments","geometry_source_internal":"Colorado full interpreted natural stream context — occurrence v2 preview","trout_source_public":"Compiled public recovery and lineage context; expert review recommended","trout_source_internal":"HUC8 lineage assignment v1 / review needed","public_notes":"Park Creek is shown as a generalized public-map named-water occurrence for Rio Grande cutthroat historic context. This object is separated from other same-named waters using HUC8, lineage, and local spatial clustering. Linework is grouped from public hydrography and should be treated as interpretive watershed context, not a precise biological boundary.","internal_notes":"Preview occurrence co_13010001_riogrande_park_creek_001; 138 segments; 27.2 km"}},{"type":"Feature","geometry":{"type":"LineString","coordinates":[[-106.72533,37.58691],[-106.72528,37.58695]]},"properties":{"huc8":"13010001","huc8Name":"Rio Grande Headwaters","historic":"rioGrande","current":"introduced","recovery":"recoveryWatch","lineageKey":"rioGrande","lineageLabel":"Rio Grande lineage","basin":"Rio Grande Headwaters","note":"Generalized Rio Grande cutthroat drainage context","state":"CO","confidence":"HUC8 drainage context / generalized","geometryStatus":"Named NHD stream intersecting assigned HUC8","troutSource":"HUC8 lineage assignment v1 / review needed","sourceName":"Park Creek","name":"Park Creek","source_id":"160783242","length_km":0.006,"FType":460,"FCode":46006,"atlas_class":"streamriver","water_id":"co_13010001_riogrande_park_creek_001","occurrence_id":"co_13010001_riogrande_park_creek_001","occurrence_number":"001","display_name":"Park Creek","mapped_name":"Park Creek","source_name":"Park Creek","disambiguator":"Rio Grande cutthroat historic context · HUC8 13010001 · occurrence 001","atlas_layer":"curated_named_water_occurrence","object_role":"interactive_named_water","lineage":"rioGrande","historic_label":"Rio Grande cutthroat historic context","current_label":"Rio Grande cutthroat historic context","recovery_label":"Recovery watch / review area","confidence_public":"Generalized public map / needs expert review","confidence_internal":"Occurrence-cluster preview; 138 source segments","geometry_status_public":"Generalized named-water occurrence","geometry_status_internal":"Grouped by display name, HUC8, lineage, and spatial cluster","geometry_source_public":"Grouped public hydrography segments","geometry_source_internal":"Colorado full interpreted natural stream context — occurrence v2 preview","trout_source_public":"Compiled public recovery and lineage context; expert review recommended","trout_source_internal":"HUC8 lineage assignment v1 / review needed","public_notes":"Park Creek is shown as a generalized public-map named-water occurrence for Rio Grande cutthroat historic context. This object is separated from other same-named waters using HUC8, lineage, and local spatial clustering. Linework is grouped from public hydrography and should be treated as interpretive watershed context, not a precise biological boundary.","internal_notes":"Preview occurrence co_13010001_riogrande_park_creek_001; 138 segments; 27.2 km"}},{"type":"Feature","geometry":{"type":"LineString","coordinates":[[-106.72815,37.58149],[-106.72735,37.58261]]},"properties":{"huc8":"13010001","huc8Name":"Rio Grande Headwaters","historic":"rioGrande","current":"introduced","recovery":"recoveryWatch","lineageKey":"rioGrande","lineageLabel":"Rio Grande lineage","basin":"Rio Grande Headwaters","note":"Generalized Rio Grande cutthroat drainage context","state":"CO","confidence":"HUC8 drainage context / generalized","geometryStatus":"Named NHD stream intersecting assigned HUC8","troutSource":"HUC8 lineage assignment v1 / review needed","sourceName":"Park Creek","name":"Park Creek","source_id":"160784137","length_km":0.144,"FType":460,"FCode":46006,"atlas_class":"streamriver","water_id":"co_13010001_riogrande_park_creek_001","occurrence_id":"co_13010001_riogrande_park_creek_001","occurrence_number":"001","display_name":"Park Creek","mapped_name":"Park Creek","source_name":"Park Creek","disambiguator":"Rio Grande cutthroat historic context · HUC8 13010001 · occurrence 001","atlas_layer":"curated_named_water_occurrence","object_role":"interactive_named_water","lineage":"rioGrande","historic_label":"Rio Grande cutthroat historic context","current_label":"Rio Grande cutthroat historic context","recovery_label":"Recovery watch / review area","confidence_public":"Generalized public map / needs expert review","confidence_internal":"Occurrence-cluster preview; 138 source segments","geometry_status_public":"Generalized named-water occurrence","geometry_status_internal":"Grouped by display name, HUC8, lineage, and spatial cluster","geometry_source_public":"Grouped public hydrography segments","geometry_source_internal":"Colorado full interpreted natural stream context — occurrence v2 preview","trout_source_public":"Compiled public recovery and lineage context; expert review recommended","trout_source_internal":"HUC8 lineage assignment v1 / review needed","public_notes":"Park Creek is shown as a generalized public-map named-water occurrence for Rio Grande cutthroat historic context. This object is separated from other same-named waters using HUC8, lineage, and local spatial clustering. Linework is grouped from public hydrography and should be treated as interpretive watershed context, not a precise biological boundary.","internal_notes":"Preview occurrence co_13010001_riogrande_park_creek_001; 138 segments; 27.2 km"}},{"type":"Feature","geometry":{"type":"LineString","coordinates":[[-106.7011,37.52694],[-106.70105,37.52717]]},"properties":{"huc8":"13010001","huc8Name":"Rio Grande Headwaters","historic":"rioGrande","current":"introduced","recovery":"recoveryWatch","lineageKey":"rioGrande","lineageLabel":"Rio Grande lineage","basin":"Rio Grande Headwaters","note":"Generalized Rio Grande cutthroat drainage context","state":"CO","confidence":"HUC8 drainage context / generalized","geometryStatus":"Named NHD stream intersecting assigned HUC8","troutSource":"HUC8 lineage assignment v1 / review needed","sourceName":"Park Creek","name":"Park Creek","source_id":"160784107","length_km":0.025,"FType":460,"FCode":46006,"atlas_class":"streamriver","water_id":"co_13010001_riogrande_park_creek_001","occurrence_id":"co_13010001_riogrande_park_creek_001","occurrence_number":"001","display_name":"Park Creek","mapped_name":"Park Creek","source_name":"Park Creek","disambiguator":"Rio Grande cutthroat historic context · HUC8 13010001 · occurrence 001","atlas_layer":"curated_named_water_occurrence","object_role":"interactive_named_water","lineage":"rioGrande","historic_label":"Rio Grande cutthroat historic context","current_label":"Rio Grande cutthroat historic context","recovery_label":"Recovery watch / review area","confidence_public":"Generalized public map / needs expert review","confidence_internal":"Occurrence-cluster preview; 138 source segments","geometry_status_public":"Generalized named-water occurrence","geometry_status_internal":"Grouped by display name, HUC8, lineage, and spatial cluster","geometry_source_public":"Grouped public hydrography segments","geometry_source_internal":"Colorado full interpreted natural stream context — occurrence v2 preview","trout_source_public":"Compiled public recovery and lineage context; expert review recommended","trout_source_internal":"HUC8 lineage assignment v1 / review needed","public_notes":"Park Creek is shown as a generalized public-map named-water occurrence for Rio Grande cutthroat historic context. This object is separated from other same-named waters using HUC8, lineage, and local spatial clustering. Linework is grouped from public hydrography and should be treated as interpretive watershed context, not a precise biological boundary.","internal_notes":"Preview occurrence co_13010001_riogrande_park_creek_001; 138 segments; 27.2 km"}},{"type":"Feature","geometry":{"type":"LineString","coordinates":[[-106.70491,37.50963],[-106.70472,37.51004]]},"properties":{"huc8":"13010001","huc8Name":"Rio Grande Headwaters","historic":"rioGrande","current":"introduced","recovery":"recoveryWatch","lineageKey":"rioGrande","lineageLabel":"Rio Grande lineage","basin":"Rio Grande Headwaters","note":"Generalized Rio Grande cutthroat drainage context","state":"CO","confidence":"HUC8 drainage context / generalized","geometryStatus":"Named NHD stream intersecting assigned HUC8","troutSource":"HUC8 lineage assignment v1 / review needed","sourceName":"Park Creek","name":"Park Creek","source_id":"160768639","length_km":0.049,"FType":460,"FCode":46006,"atlas_class":"streamriver","water_id":"co_13010001_riogrande_park_creek_001","occurrence_id":"co_13010001_riogrande_park_creek_001","occurrence_number":"001","display_name":"Park Creek","mapped_name":"Park Creek","source_name":"Park Creek","disambiguator":"Rio Grande cutthroat historic context · HUC8 13010001 · occurrence 001","atlas_layer":"curated_named_water_occurrence","object_role":"interactive_named_water","lineage":"rioGrande","historic_label":"Rio Grande cutthroat historic context","current_label":"Rio Grande cutthroat historic context","recovery_label":"Recovery watch / review area","confidence_public":"Generalized public map / needs expert review","confidence_internal":"Occurrence-cluster preview; 138 source segments","geometry_status_public":"Generalized named-water occurrence","geometry_status_internal":"Grouped by display name, HUC8, lineage, and spatial cluster","geometry_source_public":"Grouped public hydrography segments","geometry_source_internal":"Colorado full interpreted natural stream context — occurrence v2 preview","trout_source_public":"Compiled public recovery and lineage context; expert review recommended","trout_source_internal":"HUC8 lineage assignment v1 / review needed","public_notes":"Park Creek is shown as a generalized public-map named-water occurrence for Rio Grande cutthroat historic context. This object is separated from other same-named waters using HUC8, lineage, and local spatial clustering. Linework is grouped from public hydrography and should be treated as interpretive watershed context, not a precise biological boundary.","internal_notes":"Preview occurrence co_13010001_riogrande_park_creek_001; 138 segments; 27.2 km"}},{"type":"Feature","geometry":{"type":"LineString","coordinates":[[-106.70059,37.52887],[-106.70035,37.5306]]},"properties":{"huc8":"13010001","huc8Name":"Rio Grande Headwaters","historic":"rioGrande","current":"introduced","recovery":"recoveryWatch","lineageKey":"rioGrande","lineageLabel":"Rio Grande lineage","basin":"Rio Grande Headwaters","note":"Generalized Rio Grande cutthroat drainage context","state":"CO","confidence":"HUC8 drainage context / generalized","geometryStatus":"Named NHD stream intersecting assigned HUC8","troutSource":"HUC8 lineage assignment v1 / review needed","sourceName":"Park Creek","name":"Park Creek","source_id":"136350719","length_km":0.198,"FType":460,"FCode":46006,"atlas_class":"streamriver","water_id":"co_13010001_riogrande_park_creek_001","occurrence_id":"co_13010001_riogrande_park_creek_001","occurrence_number":"001","display_name":"Park Creek","mapped_name":"Park Creek","source_name":"Park Creek","disambiguator":"Rio Grande cutthroat historic context · HUC8 13010001 · occurrence 001","atlas_layer":"curated_named_water_occurrence","object_role":"interactive_named_water","lineage":"rioGrande","historic_label":"Rio Grande cutthroat historic context","current_label":"Rio Grande cutthroat historic context","recovery_label":"Recovery watch / review area","confidence_public":"Generalized public map / needs expert review","confidence_internal":"Occurrence-cluster preview; 138 source segments","geometry_status_public":"Generalized named-water occurrence","geometry_status_internal":"Grouped by display name, HUC8, lineage, and spatial cluster","geometry_source_public":"Grouped public hydrography segments","geometry_source_internal":"Colorado full interpreted natural stream context — occurrence v2 preview","trout_source_public":"Compiled public recovery and lineage context; expert review recommended","trout_source_internal":"HUC8 lineage assignment v1 / review needed","public_notes":"Park Creek is shown as a generalized public-map named-water occurrence for Rio Grande cutthroat historic context. This object is separated from other same-named waters using HUC8, lineage, and local spatial clustering. Linework is grouped from public hydrography and should be treated as interpretive watershed context, not a precise biological boundary.","internal_notes":"Preview occurrence co_13010001_riogrande_park_creek_001; 138 segments; 27.2 km"}},{"type":"Feature","geometry":{"type":"LineString","coordinates":[[-106.72662,37.59027],[-106.72809,37.592]]},"properties":{"huc8":"13010001","huc8Name":"Rio Grande Headwaters","historic":"rioGrande","current":"introduced","recovery":"recoveryWatch","lineageKey":"rioGrande","lineageLabel":"Rio Grande lineage","basin":"Rio Grande Headwaters","note":"Generalized Rio Grande cutthroat drainage context","state":"CO","confidence":"HUC8 drainage context / generalized","geometryStatus":"Named NHD stream intersecting assigned HUC8","troutSource":"HUC8 lineage assignment v1 / review needed","sourceName":"Park Creek","name":"Park Creek","source_id":"160783670","length_km":0.241,"FType":460,"FCode":46006,"atlas_class":"streamriver","water_id":"co_13010001_riogrande_park_creek_001","occurrence_id":"co_13010001_riogrande_park_creek_001","occurrence_number":"001","display_name":"Park Creek","mapped_name":"Park Creek","source_name":"Park Creek","disambiguator":"Rio Grande cutthroat historic context · HUC8 13010001 · occurrence 001","atlas_layer":"curated_named_water_occurrence","object_role":"interactive_named_water","lineage":"rioGrande","historic_label":"Rio Grande cutthroat historic context","current_label":"Rio Grande cutthroat historic context","recovery_label":"Recovery watch / review area","confidence_public":"Generalized public map / needs expert review","confidence_internal":"Occurrence-cluster preview; 138 source segments","geometry_status_public":"Generalized named-water occurrence","geometry_status_internal":"Grouped by display name, HUC8, lineage, and spatial cluster","geometry_source_public":"Grouped public hydrography segments","geometry_source_internal":"Colorado full interpreted natural stream context — occurrence v2 preview","trout_source_public":"Compiled public recovery and lineage context; expert review recommended","trout_source_internal":"HUC8 lineage assignment v1 / review needed","public_notes":"Park Creek is shown as a generalized public-map named-water occurrence for Rio Grande cutthroat historic context. This object is separated from other same-named waters using HUC8, lineage, and local spatial clustering. Linework is grouped from public hydrography and should be treated as interpretive watershed context, not a precise biological boundary.","internal_notes":"Preview occurrence co_13010001_riogrande_park_creek_001; 138 segments; 27.2 km"}},{"type":"Feature","geometry":{"type":"LineString","coordinates":[[-106.70774,37.55798],[-106.70837,37.55835]]},"properties":{"huc8":"13010001","huc8Name":"Rio Grande Headwaters","historic":"rioGrande","current":"introduced","recovery":"recoveryWatch","lineageKey":"rioGrande","lineageLabel":"Rio Grande lineage","basin":"Rio Grande Headwaters","note":"Generalized Rio Grande cutthroat drainage context","state":"CO","confidence":"HUC8 drainage context / generalized","geometryStatus":"Named NHD stream intersecting assigned HUC8","troutSource":"HUC8 lineage assignment v1 / review needed","sourceName":"Park Creek","name":"Park Creek","source_id":"160784263","length_km":0.071,"FType":460,"FCode":46006,"atlas_class":"streamriver","water_id":"co_13010001_riogrande_park_creek_001","occurrence_id":"co_13010001_riogrande_park_creek_001","occurrence_number":"001","display_name":"Park Creek","mapped_name":"Park Creek","source_name":"Park Creek","disambiguator":"Rio Grande cutthroat historic context · HUC8 13010001 · occurrence 001","atlas_layer":"curated_named_water_occurrence","object_role":"interactive_named_water","lineage":"rioGrande","historic_label":"Rio Grande cutthroat historic context","current_label":"Rio Grande cutthroat historic context","recovery_label":"Recovery watch / review area","confidence_public":"Generalized public map / needs expert review","confidence_internal":"Occurrence-cluster preview; 138 source segments","geometry_status_public":"Generalized named-water occurrence","geometry_status_internal":"Grouped by display name, HUC8, lineage, and spatial cluster","geometry_source_public":"Grouped public hydrography segments","geometry_source_internal":"Colorado full interpreted natural stream context — occurrence v2 preview","trout_source_public":"Compiled public recovery and lineage context; expert review recommended","trout_source_internal":"HUC8 lineage assignment v1 / review needed","public_notes":"Park Creek is shown as a generalized public-map named-water occurrence for Rio Grande cutthroat historic context. This object is separated from other same-named waters using HUC8, lineage, and local spatial clustering. Linework is grouped from public hydrography and should be treated as interpretive watershed context, not a precise biological boundary.","internal_notes":"Preview occurrence co_13010001_riogrande_park_creek_001; 138 segments; 27.2 km"}},{"type":"Feature","geometry":{"type":"LineString","coordinates":[[-106.7224,37.56552],[-106.72308,37.56623]]},"properties":{"huc8":"13010001","huc8Name":"Rio Grande Headwaters","historic":"rioGrande","current":"introduced","recovery":"recoveryWatch","lineageKey":"rioGrande","lineageLabel":"Rio Grande lineage","basin":"Rio Grande Headwaters","note":"Generalized Rio Grande cutthroat drainage context","state":"CO","confidence":"HUC8 drainage context / generalized","geometryStatus":"Named NHD stream intersecting assigned HUC8","troutSource":"HUC8 lineage assignment v1 / review needed","sourceName":"Park Creek","name":"Park Creek","source_id":"160784239","length_km":0.1,"FType":460,"FCode":46006,"atlas_class":"streamriver","water_id":"co_13010001_riogrande_park_creek_001","occurrence_id":"co_13010001_riogrande_park_creek_001","occurrence_number":"001","display_name":"Park Creek","mapped_name":"Park Creek","source_name":"Park Creek","disambiguator":"Rio Grande cutthroat historic context · HUC8 13010001 · occurrence 001","atlas_layer":"curated_named_water_occurrence","object_role":"interactive_named_water","lineage":"rioGrande","historic_label":"Rio Grande cutthroat historic context","current_label":"Rio Grande cutthroat historic context","recovery_label":"Recovery watch / review area","confidence_public":"Generalized public map / needs expert review","confidence_internal":"Occurrence-cluster preview; 138 source segments","geometry_status_public":"Generalized named-water occurrence","geometry_status_internal":"Grouped by display name, HUC8, lineage, and spatial cluster","geometry_source_public":"Grouped public hydrography segments","geometry_source_internal":"Colorado full interpreted natural stream context — occurrence v2 preview","trout_source_public":"Compiled public recovery and lineage context; expert review recommended","trout_source_internal":"HUC8 lineage assignment v1 / review needed","public_notes":"Park Creek is shown as a generalized public-map named-water occurrence for Rio Grande cutthroat historic context. This object is separated from other same-named waters using HUC8, lineage, and local spatial clustering. Linework is grouped from public hydrography and should be treated as interpretive watershed context, not a precise biological boundary.","internal_notes":"Preview occurrence co_13010001_riogrande_park_creek_001; 138 segments; 27.2 km"}},{"type":"Feature","geometry":{"type":"LineString","coordinates":[[-106.72804,37.56924],[-106.72867,37.57004]]},"properties":{"huc8":"13010001","huc8Name":"Rio Grande Headwaters","historic":"rioGrande","current":"introduced","recovery":"recoveryWatch","lineageKey":"rioGrande","lineageLabel":"Rio Grande lineage","basin":"Rio Grande Headwaters","note":"Generalized Rio Grande cutthroat drainage context","state":"CO","confidence":"HUC8 drainage context / generalized","geometryStatus":"Named NHD stream intersecting assigned HUC8","troutSource":"HUC8 lineage assignment v1 / review needed","sourceName":"Park Creek","name":"Park Creek","source_id":"160783745","length_km":0.111,"FType":460,"FCode":46006,"atlas_class":"streamriver","water_id":"co_13010001_riogrande_park_creek_001","occurrence_id":"co_13010001_riogrande_park_creek_001","occurrence_number":"001","display_name":"Park Creek","mapped_name":"Park Creek","source_name":"Park Creek","disambiguator":"Rio Grande cutthroat historic context · HUC8 13010001 · occurrence 001","atlas_layer":"curated_named_water_occurrence","object_role":"interactive_named_water","lineage":"rioGrande","historic_label":"Rio Grande cutthroat historic context","current_label":"Rio Grande cutthroat historic context","recovery_label":"Recovery watch / review area","confidence_public":"Generalized public map / needs expert review","confidence_internal":"Occurrence-cluster preview; 138 source segments","geometry_status_public":"Generalized named-water occurrence","geometry_status_internal":"Grouped by display name, HUC8, lineage, and spatial cluster","geometry_source_public":"Grouped public hydrography segments","geometry_source_internal":"Colorado full interpreted natural stream context — occurrence v2 preview","trout_source_public":"Compiled public recovery and lineage context; expert review recommended","trout_source_internal":"HUC8 lineage assignment v1 / review needed","public_notes":"Park Creek is shown as a generalized public-map named-water occurrence for Rio Grande cutthroat historic context. This object is separated from other same-named waters using HUC8, lineage, and local spatial clustering. Linework is grouped from public hydrography and should be treated as interpretive watershed context, not a precise biological boundary.","internal_notes":"Preview occurrence co_13010001_riogrande_park_creek_001; 138 segments; 27.2 km"}},{"type":"Feature","geometry":{"type":"LineString","coordinates":[[-106.69903,37.55404],[-106.69945,37.55387],[-106.69998,37.55478],[-106.70211,37.55601]]},"properties":{"huc8":"13010001","huc8Name":"Rio Grande Headwaters","historic":"rioGrande","current":"introduced","recovery":"recoveryWatch","lineageKey":"rioGrande","lineageLabel":"Rio Grande lineage","basin":"Rio Grande Headwaters","note":"Generalized Rio Grande cutthroat drainage context","state":"CO","confidence":"HUC8 drainage context / generalized","geometryStatus":"Named NHD stream intersecting assigned HUC8","troutSource":"HUC8 lineage assignment v1 / review needed","sourceName":"Park Creek","name":"Park Creek","source_id":"136350710","length_km":0.392,"FType":460,"FCode":46006,"atlas_class":"streamriver","water_id":"co_13010001_riogrande_park_creek_001","occurrence_id":"co_13010001_riogrande_park_creek_001","occurrence_number":"001","display_name":"Park Creek","mapped_name":"Park Creek","source_name":"Park Creek","disambiguator":"Rio Grande cutthroat historic context · HUC8 13010001 · occurrence 001","atlas_layer":"curated_named_water_occurrence","object_role":"interactive_named_water","lineage":"rioGrande","historic_label":"Rio Grande cutthroat historic context","current_label":"Rio Grande cutthroat historic context","recovery_label":"Recovery watch / review area","confidence_public":"Generalized public map / needs expert review","confidence_internal":"Occurrence-cluster preview; 138 source segments","geometry_status_public":"Generalized named-water occurrence","geometry_status_internal":"Grouped by display name, HUC8, lineage, and spatial cluster","geometry_source_public":"Grouped public hydrography segments","geometry_source_internal":"Colorado full interpreted natural stream context — occurrence v2 preview","trout_source_public":"Compiled public recovery and lineage context; expert review recommended","trout_source_internal":"HUC8 lineage assignment v1 / review needed","public_notes":"Park Creek is shown as a generalized public-map named-water occurrence for Rio Grande cutthroat historic context. This object is separated from other same-named waters using HUC8, lineage, and local spatial clustering. Linework is grouped from public hydrography and should be treated as interpretive watershed context, not a precise biological boundary.","internal_notes":"Preview occurrence co_13010001_riogrande_park_creek_001; 138 segments; 27.2 km"}},{"type":"Feature","geometry":{"type":"LineString","coordinates":[[-106.7032,37.50503],[-106.70329,37.50576]]},"properties":{"huc8":"13010001","huc8Name":"Rio Grande Headwaters","historic":"rioGrande","current":"introduced","recovery":"recoveryWatch","lineageKey":"rioGrande","lineageLabel":"Rio Grande lineage","basin":"Rio Grande Headwaters","note":"Generalized Rio Grande cutthroat drainage context","state":"CO","confidence":"HUC8 drainage context / generalized","geometryStatus":"Named NHD stream intersecting assigned HUC8","troutSource":"HUC8 lineage assignment v1 / review needed","sourceName":"Park Creek","name":"Park Creek","source_id":"160783394","length_km":0.087,"FType":460,"FCode":46006,"atlas_class":"streamriver","water_id":"co_13010001_riogrande_park_creek_001","occurrence_id":"co_13010001_riogrande_park_creek_001","occurrence_number":"001","display_name":"Park Creek","mapped_name":"Park Creek","source_name":"Park Creek","disambiguator":"Rio Grande cutthroat historic context · HUC8 13010001 · occurrence 001","atlas_layer":"curated_named_water_occurrence","object_role":"interactive_named_water","lineage":"rioGrande","historic_label":"Rio Grande cutthroat historic context","current_label":"Rio Grande cutthroat historic context","recovery_label":"Recovery watch / review area","confidence_public":"Generalized public map / needs expert review","confidence_internal":"Occurrence-cluster preview; 138 source segments","geometry_status_public":"Generalized named-water occurrence","geometry_status_internal":"Grouped by display name, HUC8, lineage, and spatial cluster","geometry_source_public":"Grouped public hydrography segments","geometry_source_internal":"Colorado full interpreted natural stream context — occurrence v2 preview","trout_source_public":"Compiled public recovery and lineage context; expert review recommended","trout_source_internal":"HUC8 lineage assignment v1 / review needed","public_notes":"Park Creek is shown as a generalized public-map named-water occurrence for Rio Grande cutthroat historic context. This object is separated from other same-named waters using HUC8, lineage, and local spatial clustering. Linework is grouped from public hydrography and should be treated as interpretive watershed context, not a precise biological boundary.","internal_notes":"Preview occurrence co_13010001_riogrande_park_creek_001; 138 segments; 27.2 km"}},{"type":"Feature","geometry":{"type":"LineString","coordinates":[[-106.70035,37.5306],[-106.70028,37.53107]]},"properties":{"huc8":"13010001","huc8Name":"Rio Grande Headwaters","historic":"rioGrande","current":"introduced","recovery":"recoveryWatch","lineageKey":"rioGrande","lineageLabel":"Rio Grande lineage","basin":"Rio Grande Headwaters","note":"Generalized Rio Grande cutthroat drainage context","state":"CO","confidence":"HUC8 drainage context / generalized","geometryStatus":"Named NHD stream intersecting assigned HUC8","troutSource":"HUC8 lineage assignment v1 / review needed","sourceName":"Park Creek","name":"Park Creek","source_id":"160784193","length_km":0.054,"FType":460,"FCode":46006,"atlas_class":"streamriver","water_id":"co_13010001_riogrande_park_creek_001","occurrence_id":"co_13010001_riogrande_park_creek_001","occurrence_number":"001","display_name":"Park Creek","mapped_name":"Park Creek","source_name":"Park Creek","disambiguator":"Rio Grande cutthroat historic context · HUC8 13010001 · occurrence 001","atlas_layer":"curated_named_water_occurrence","object_role":"interactive_named_water","lineage":"rioGrande","historic_label":"Rio Grande cutthroat historic context","current_label":"Rio Grande cutthroat historic context","recovery_label":"Recovery watch / review area","confidence_public":"Generalized public map / needs expert review","confidence_internal":"Occurrence-cluster preview; 138 source segments","geometry_status_public":"Generalized named-water occurrence","geometry_status_internal":"Grouped by display name, HUC8, lineage, and spatial cluster","geometry_source_public":"Grouped public hydrography segments","geometry_source_internal":"Colorado full interpreted natural stream context — occurrence v2 preview","trout_source_public":"Compiled public recovery and lineage context; expert review recommended","trout_source_internal":"HUC8 lineage assignment v1 / review needed","public_notes":"Park Creek is shown as a generalized public-map named-water occurrence for Rio Grande cutthroat historic context. This object is separated from other same-named waters using HUC8, lineage, and local spatial clustering. Linework is grouped from public hydrography and should be treated as interpretive watershed context, not a precise biological boundary.","internal_notes":"Preview occurrence co_13010001_riogrande_park_creek_001; 138 segments; 27.2 km"}},{"type":"Feature","geometry":{"type":"LineString","coordinates":[[-106.69845,37.54476],[-106.69862,37.54542],[-106.69765,37.54721]]},"properties":{"huc8":"13010001","huc8Name":"Rio Grande Headwaters","historic":"rioGrande","current":"introduced","recovery":"recoveryWatch","lineageKey":"rioGrande","lineageLabel":"Rio Grande lineage","basin":"Rio Grande Headwaters","note":"Generalized Rio Grande cutthroat drainage context","state":"CO","confidence":"HUC8 drainage context / generalized","geometryStatus":"Named NHD stream intersecting assigned HUC8","troutSource":"HUC8 lineage assignment v1 / review needed","sourceName":"Park Creek","name":"Park Creek","source_id":"160783741","length_km":0.298,"FType":460,"FCode":46006,"atlas_class":"streamriver","water_id":"co_13010001_riogrande_park_creek_001","occurrence_id":"co_13010001_riogrande_park_creek_001","occurrence_number":"001","display_name":"Park Creek","mapped_name":"Park Creek","source_name":"Park Creek","disambiguator":"Rio Grande cutthroat historic context · HUC8 13010001 · occurrence 001","atlas_layer":"curated_named_water_occurrence","object_role":"interactive_named_water","lineage":"rioGrande","historic_label":"Rio Grande cutthroat historic context","current_label":"Rio Grande cutthroat historic context","recovery_label":"Recovery watch / review area","confidence_public":"Generalized public map / needs expert review","confidence_internal":"Occurrence-cluster preview; 138 source segments","geometry_status_public":"Generalized named-water occurrence","geometry_status_internal":"Grouped by display name, HUC8, lineage, and spatial cluster","geometry_source_public":"Grouped public hydrography segments","geometry_source_internal":"Colorado full interpreted natural stream context — occurrence v2 preview","trout_source_public":"Compiled public recovery and lineage context; expert review recommended","trout_source_internal":"HUC8 lineage assignment v1 / review needed","public_notes":"Park Creek is shown as a generalized public-map named-water occurrence for Rio Grande cutthroat historic context. This object is separated from other same-named waters using HUC8, lineage, and local spatial clustering. Linework is grouped from public hydrography and should be treated as interpretive watershed context, not a precise biological boundary.","internal_notes":"Preview occurrence co_13010001_riogrande_park_creek_001; 138 segments; 27.2 km"}},{"type":"Feature","geometry":{"type":"LineString","coordinates":[[-106.709,37.55913],[-106.70949,37.55918]]},"properties":{"huc8":"13010001","huc8Name":"Rio Grande Headwaters","historic":"rioGrande","current":"introduced","recovery":"recoveryWatch","lineageKey":"rioGrande","lineageLabel":"Rio Grande lineage","basin":"Rio Grande Headwaters","note":"Generalized Rio Grande cutthroat drainage context","state":"CO","confidence":"HUC8 drainage context / generalized","geometryStatus":"Named NHD stream intersecting assigned HUC8","troutSource":"HUC8 lineage assignment v1 / review needed","sourceName":"Park Creek","name":"Park Creek","source_id":"160783720","length_km":0.046,"FType":460,"FCode":46006,"atlas_class":"streamriver","water_id":"co_13010001_riogrande_park_creek_001","occurrence_id":"co_13010001_riogrande_park_creek_001","occurrence_number":"001","display_name":"Park Creek","mapped_name":"Park Creek","source_name":"Park Creek","disambiguator":"Rio Grande cutthroat historic context · HUC8 13010001 · occurrence 001","atlas_layer":"curated_named_water_occurrence","object_role":"interactive_named_water","lineage":"rioGrande","historic_label":"Rio Grande cutthroat historic context","current_label":"Rio Grande cutthroat historic context","recovery_label":"Recovery watch / review area","confidence_public":"Generalized public map / needs expert review","confidence_internal":"Occurrence-cluster preview; 138 source segments","geometry_status_public":"Generalized named-water occurrence","geometry_status_internal":"Grouped by display name, HUC8, lineage, and spatial cluster","geometry_source_public":"Grouped public hydrography segments","geometry_source_internal":"Colorado full interpreted natural stream context — occurrence v2 preview","trout_source_public":"Compiled public recovery and lineage context; expert review recommended","trout_source_internal":"HUC8 lineage assignment v1 / review needed","public_notes":"Park Creek is shown as a generalized public-map named-water occurrence for Rio Grande cutthroat historic context. This object is separated from other same-named waters using HUC8, lineage, and local spatial clustering. Linework is grouped from public hydrography and should be treated as interpretive watershed context, not a precise biological boundary.","internal_notes":"Preview occurrence co_13010001_riogrande_park_creek_001; 138 segments; 27.2 km"}},{"type":"Feature","geometry":{"type":"LineString","coordinates":[[-106.71473,37.56117],[-106.71544,37.56194],[-106.71666,37.56212]]},"properties":{"huc8":"13010001","huc8Name":"Rio Grande Headwaters","historic":"rioGrande","current":"introduced","recovery":"recoveryWatch","lineageKey":"rioGrande","lineageLabel":"Rio Grande lineage","basin":"Rio Grande Headwaters","note":"Generalized Rio Grande cutthroat drainage context","state":"CO","confidence":"HUC8 drainage context / generalized","geometryStatus":"Named NHD stream intersecting assigned HUC8","troutSource":"HUC8 lineage assignment v1 / review needed","sourceName":"Park Creek","name":"Park Creek","source_id":"160783802","length_km":0.218,"FType":460,"FCode":46006,"atlas_class":"streamriver","water_id":"co_13010001_riogrande_park_creek_001","occurrence_id":"co_13010001_riogrande_park_creek_001","occurrence_number":"001","display_name":"Park Creek","mapped_name":"Park Creek","source_name":"Park Creek","disambiguator":"Rio Grande cutthroat historic context · HUC8 13010001 · occurrence 001","atlas_layer":"curated_named_water_occurrence","object_role":"interactive_named_water","lineage":"rioGrande","historic_label":"Rio Grande cutthroat historic context","current_label":"Rio Grande cutthroat historic context","recovery_label":"Recovery watch / review area","confidence_public":"Generalized public map / needs expert review","confidence_internal":"Occurrence-cluster preview; 138 source segments","geometry_status_public":"Generalized named-water occurrence","geometry_status_internal":"Grouped by display name, HUC8, lineage, and spatial cluster","geometry_source_public":"Grouped public hydrography segments","geometry_source_internal":"Colorado full interpreted natural stream context — occurrence v2 preview","trout_source_public":"Compiled public recovery and lineage context; expert review recommended","trout_source_internal":"HUC8 lineage assignment v1 / review needed","public_notes":"Park Creek is shown as a generalized public-map named-water occurrence for Rio Grande cutthroat historic context. This object is separated from other same-named waters using HUC8, lineage, and local spatial clustering. Linework is grouped from public hydrography and should be treated as interpretive watershed context, not a precise biological boundary.","internal_notes":"Preview occurrence co_13010001_riogrande_park_creek_001; 138 segments; 27.2 km"}},{"type":"Feature","geometry":{"type":"LineString","coordinates":[[-106.72388,37.56691],[-106.72453,37.5674]]},"properties":{"huc8":"13010001","huc8Name":"Rio Grande Headwaters","historic":"rioGrande","current":"introduced","recovery":"recoveryWatch","lineageKey":"rioGrande","lineageLabel":"Rio Grande lineage","basin":"Rio Grande Headwaters","note":"Generalized Rio Grande cutthroat drainage context","state":"CO","confidence":"HUC8 drainage context / generalized","geometryStatus":"Named NHD stream intersecting assigned HUC8","troutSource":"HUC8 lineage assignment v1 / review needed","sourceName":"Park Creek","name":"Park Creek","source_id":"160783316","length_km":0.079,"FType":460,"FCode":46006,"atlas_class":"streamriver","water_id":"co_13010001_riogrande_park_creek_001","occurrence_id":"co_13010001_riogrande_park_creek_001","occurrence_number":"001","display_name":"Park Creek","mapped_name":"Park Creek","source_name":"Park Creek","disambiguator":"Rio Grande cutthroat historic context · HUC8 13010001 · occurrence 001","atlas_layer":"curated_named_water_occurrence","object_role":"interactive_named_water","lineage":"rioGrande","historic_label":"Rio Grande cutthroat historic context","current_label":"Rio Grande cutthroat historic context","recovery_label":"Recovery watch / review area","confidence_public":"Generalized public map / needs expert review","confidence_internal":"Occurrence-cluster preview; 138 source segments","geometry_status_public":"Generalized named-water occurrence","geometry_status_internal":"Grouped by display name, HUC8, lineage, and spatial cluster","geometry_source_public":"Grouped public hydrography segments","geometry_source_internal":"Colorado full interpreted natural stream context — occurrence v2 preview","trout_source_public":"Compiled public recovery and lineage context; expert review recommended","trout_source_internal":"HUC8 lineage assignment v1 / review needed","public_notes":"Park Creek is shown as a generalized public-map named-water occurrence for Rio Grande cutthroat historic context. This object is separated from other same-named waters using HUC8, lineage, and local spatial clustering. Linework is grouped from public hydrography and should be treated as interpretive watershed context, not a precise biological boundary.","internal_notes":"Preview occurrence co_13010001_riogrande_park_creek_001; 138 segments; 27.2 km"}},{"type":"Feature","geometry":{"type":"LineString","coordinates":[[-106.70326,37.55558],[-106.7043,37.55558]]},"properties":{"huc8":"13010001","huc8Name":"Rio Grande Headwaters","historic":"rioGrande","current":"introduced","recovery":"recoveryWatch","lineageKey":"rioGrande","lineageLabel":"Rio Grande lineage","basin":"Rio Grande Headwaters","note":"Generalized Rio Grande cutthroat drainage context","state":"CO","confidence":"HUC8 drainage context / generalized","geometryStatus":"Named NHD stream intersecting assigned HUC8","troutSource":"HUC8 lineage assignment v1 / review needed","sourceName":"Park Creek","name":"Park Creek","source_id":"160782931","length_km":0.096,"FType":460,"FCode":46006,"atlas_class":"streamriver","water_id":"co_13010001_riogrande_park_creek_001","occurrence_id":"co_13010001_riogrande_park_creek_001","occurrence_number":"001","display_name":"Park Creek","mapped_name":"Park Creek","source_name":"Park Creek","disambiguator":"Rio Grande cutthroat historic context · HUC8 13010001 · occurrence 001","atlas_layer":"curated_named_water_occurrence","object_role":"interactive_named_water","lineage":"rioGrande","historic_label":"Rio Grande cutthroat historic context","current_label":"Rio Grande cutthroat historic context","recovery_label":"Recovery watch / review area","confidence_public":"Generalized public map / needs expert review","confidence_internal":"Occurrence-cluster preview; 138 source segments","geometry_status_public":"Generalized named-water occurrence","geometry_status_internal":"Grouped by display name, HUC8, lineage, and spatial cluster","geometry_source_public":"Grouped public hydrography segments","geometry_source_internal":"Colorado full interpreted natural stream context — occurrence v2 preview","trout_source_public":"Compiled public recovery and lineage context; expert review recommended","trout_source_internal":"HUC8 lineage assignment v1 / review needed","public_notes":"Park Creek is shown as a generalized public-map named-water occurrence for Rio Grande cutthroat historic context. This object is separated from other same-named waters using HUC8, lineage, and local spatial clustering. Linework is grouped from public hydrography and should be treated as interpretive watershed context, not a precise biological boundary.","internal_notes":"Preview occurrence co_13010001_riogrande_park_creek_001; 138 segments; 27.2 km"}},{"type":"Feature","geometry":{"type":"LineString","coordinates":[[-106.69767,37.54746],[-106.69773,37.54756]]},"properties":{"huc8":"13010001","huc8Name":"Rio Grande Headwaters","historic":"rioGrande","current":"introduced","recovery":"recoveryWatch","lineageKey":"rioGrande","lineageLabel":"Rio Grande lineage","basin":"Rio Grande Headwaters","note":"Generalized Rio Grande cutthroat drainage context","state":"CO","confidence":"HUC8 drainage context / generalized","geometryStatus":"Named NHD stream intersecting assigned HUC8","troutSource":"HUC8 lineage assignment v1 / review needed","sourceName":"Park Creek","name":"Park Creek","source_id":"160783285","length_km":0.013,"FType":460,"FCode":46006,"atlas_class":"streamriver","water_id":"co_13010001_riogrande_park_creek_001","occurrence_id":"co_13010001_riogrande_park_creek_001","occurrence_number":"001","display_name":"Park Creek","mapped_name":"Park Creek","source_name":"Park Creek","disambiguator":"Rio Grande cutthroat historic context · HUC8 13010001 · occurrence 001","atlas_layer":"curated_named_water_occurrence","object_role":"interactive_named_water","lineage":"rioGrande","historic_label":"Rio Grande cutthroat historic context","current_label":"Rio Grande cutthroat historic context","recovery_label":"Recovery watch / review area","confidence_public":"Generalized public map / needs expert review","confidence_internal":"Occurrence-cluster preview; 138 source segments","geometry_status_public":"Generalized named-water occurrence","geometry_status_internal":"Grouped by display name, HUC8, lineage, and spatial cluster","geometry_source_public":"Grouped public hydrography segments","geometry_source_internal":"Colorado full interpreted natural stream context — occurrence v2 preview","trout_source_public":"Compiled public recovery and lineage context; expert review recommended","trout_source_internal":"HUC8 lineage assignment v1 / review needed","public_notes":"Park Creek is shown as a generalized public-map named-water occurrence for Rio Grande cutthroat historic context. This object is separated from other same-named waters using HUC8, lineage, and local spatial clustering. Linework is grouped from public hydrography and should be treated as interpretive watershed context, not a precise biological boundary.","internal_notes":"Preview occurrence co_13010001_riogrande_park_creek_001; 138 segments; 27.2 km"}},{"type":"Feature","geometry":{"type":"LineString","coordinates":[[-106.7028,37.50476],[-106.7032,37.50503]]},"properties":{"huc8":"13010001","huc8Name":"Rio Grande Headwaters","historic":"rioGrande","current":"introduced","recovery":"recoveryWatch","lineageKey":"rioGrande","lineageLabel":"Rio Grande lineage","basin":"Rio Grande Headwaters","note":"Generalized Rio Grande cutthroat drainage context","state":"CO","confidence":"HUC8 drainage context / generalized","geometryStatus":"Named NHD stream intersecting assigned HUC8","troutSource":"HUC8 lineage assignment v1 / review needed","sourceName":"Park Creek","name":"Park Creek","source_id":"160784308","length_km":0.046,"FType":460,"FCode":46006,"atlas_class":"streamriver","water_id":"co_13010001_riogrande_park_creek_001","occurrence_id":"co_13010001_riogrande_park_creek_001","occurrence_number":"001","display_name":"Park Creek","mapped_name":"Park Creek","source_name":"Park Creek","disambiguator":"Rio Grande cutthroat historic context · HUC8 13010001 · occurrence 001","atlas_layer":"curated_named_water_occurrence","object_role":"interactive_named_water","lineage":"rioGrande","historic_label":"Rio Grande cutthroat historic context","current_label":"Rio Grande cutthroat historic context","recovery_label":"Recovery watch / review area","confidence_public":"Generalized public map / needs expert review","confidence_internal":"Occurrence-cluster preview; 138 source segments","geometry_status_public":"Generalized named-water occurrence","geometry_status_internal":"Grouped by display name, HUC8, lineage, and spatial cluster","geometry_source_public":"Grouped public hydrography segments","geometry_source_internal":"Colorado full interpreted natural stream context — occurrence v2 preview","trout_source_public":"Compiled public recovery and lineage context; expert review recommended","trout_source_internal":"HUC8 lineage assignment v1 / review needed","public_notes":"Park Creek is shown as a generalized public-map named-water occurrence for Rio Grande cutthroat historic context. This object is separated from other same-named waters using HUC8, lineage, and local spatial clustering. Linework is grouped from public hydrography and should be treated as interpretive watershed context, not a precise biological boundary.","internal_notes":"Preview occurrence co_13010001_riogrande_park_creek_001; 138 segments; 27.2 km"}},{"type":"Feature","geometry":{"type":"LineString","coordinates":[[-106.7043,37.55558],[-106.70484,37.55613]]},"properties":{"huc8":"13010001","huc8Name":"Rio Grande Headwaters","historic":"rioGrande","current":"introduced","recovery":"recoveryWatch","lineageKey":"rioGrande","lineageLabel":"Rio Grande lineage","basin":"Rio Grande Headwaters","note":"Generalized Rio Grande cutthroat drainage context","state":"CO","confidence":"HUC8 drainage context / generalized","geometryStatus":"Named NHD stream intersecting assigned HUC8","troutSource":"HUC8 lineage assignment v1 / review needed","sourceName":"Park Creek","name":"Park Creek","source_id":"160782932","length_km":0.081,"FType":460,"FCode":46006,"atlas_class":"streamriver","water_id":"co_13010001_riogrande_park_creek_001","occurrence_id":"co_13010001_riogrande_park_creek_001","occurrence_number":"001","display_name":"Park Creek","mapped_name":"Park Creek","source_name":"Park Creek","disambiguator":"Rio Grande cutthroat historic context · HUC8 13010001 · occurrence 001","atlas_layer":"curated_named_water_occurrence","object_role":"interactive_named_water","lineage":"rioGrande","historic_label":"Rio Grande cutthroat historic context","current_label":"Rio Grande cutthroat historic context","recovery_label":"Recovery watch / review area","confidence_public":"Generalized public map / needs expert review","confidence_internal":"Occurrence-cluster preview; 138 source segments","geometry_status_public":"Generalized named-water occurrence","geometry_status_internal":"Grouped by display name, HUC8, lineage, and spatial cluster","geometry_source_public":"Grouped public hydrography segments","geometry_source_internal":"Colorado full interpreted natural stream context — occurrence v2 preview","trout_source_public":"Compiled public recovery and lineage context; expert review recommended","trout_source_internal":"HUC8 lineage assignment v1 / review needed","public_notes":"Park Creek is shown as a generalized public-map named-water occurrence for Rio Grande cutthroat historic context. This object is separated from other same-named waters using HUC8, lineage, and local spatial clustering. Linework is grouped from public hydrography and should be treated as interpretive watershed context, not a precise biological boundary.","internal_notes":"Preview occurrence co_13010001_riogrande_park_creek_001; 138 segments; 27.2 km"}},{"type":"Feature","geometry":{"type":"LineString","coordinates":[[-106.70276,37.51864],[-106.70197,37.52013]]},"properties":{"huc8":"13010001","huc8Name":"Rio Grande Headwaters","historic":"rioGrande","current":"introduced","recovery":"recoveryWatch","lineageKey":"rioGrande","lineageLabel":"Rio Grande lineage","basin":"Rio Grande Headwaters","note":"Generalized Rio Grande cutthroat drainage context","state":"CO","confidence":"HUC8 drainage context / generalized","geometryStatus":"Named NHD stream intersecting assigned HUC8","troutSource":"HUC8 lineage assignment v1 / review needed","sourceName":"Park Creek","name":"Park Creek","source_id":"160783708","length_km":0.185,"FType":460,"FCode":46006,"atlas_class":"streamriver","water_id":"co_13010001_riogrande_park_creek_001","occurrence_id":"co_13010001_riogrande_park_creek_001","occurrence_number":"001","display_name":"Park Creek","mapped_name":"Park Creek","source_name":"Park Creek","disambiguator":"Rio Grande cutthroat historic context · HUC8 13010001 · occurrence 001","atlas_layer":"curated_named_water_occurrence","object_role":"interactive_named_water","lineage":"rioGrande","historic_label":"Rio Grande cutthroat historic context","current_label":"Rio Grande cutthroat historic context","recovery_label":"Recovery watch / review area","confidence_public":"Generalized public map / needs expert review","confidence_internal":"Occurrence-cluster preview; 138 source segments","geometry_status_public":"Generalized named-water occurrence","geometry_status_internal":"Grouped by display name, HUC8, lineage, and spatial cluster","geometry_source_public":"Grouped public hydrography segments","geometry_source_internal":"Colorado full interpreted natural stream context — occurrence v2 preview","trout_source_public":"Compiled public recovery and lineage context; expert review recommended","trout_source_internal":"HUC8 lineage assignment v1 / review needed","public_notes":"Park Creek is shown as a generalized public-map named-water occurrence for Rio Grande cutthroat historic context. This object is separated from other same-named waters using HUC8, lineage, and local spatial clustering. Linework is grouped from public hydrography and should be treated as interpretive watershed context, not a precise biological boundary.","internal_notes":"Preview occurrence co_13010001_riogrande_park_creek_001; 138 segments; 27.2 km"}},{"type":"Feature","geometry":{"type":"LineString","coordinates":[[-106.7,37.53204],[-106.7,37.53382]]},"properties":{"huc8":"13010001","huc8Name":"Rio Grande Headwaters","historic":"rioGrande","current":"introduced","recovery":"recoveryWatch","lineageKey":"rioGrande","lineageLabel":"Rio Grande lineage","basin":"Rio Grande Headwaters","note":"Generalized Rio Grande cutthroat drainage context","state":"CO","confidence":"HUC8 drainage context / generalized","geometryStatus":"Named NHD stream intersecting assigned HUC8","troutSource":"HUC8 lineage assignment v1 / review needed","sourceName":"Park Creek","name":"Park Creek","source_id":"160783400","length_km":0.201,"FType":460,"FCode":46006,"atlas_class":"streamriver","water_id":"co_13010001_riogrande_park_creek_001","occurrence_id":"co_13010001_riogrande_park_creek_001","occurrence_number":"001","display_name":"Park Creek","mapped_name":"Park Creek","source_name":"Park Creek","disambiguator":"Rio Grande cutthroat historic context · HUC8 13010001 · occurrence 001","atlas_layer":"curated_named_water_occurrence","object_role":"interactive_named_water","lineage":"rioGrande","historic_label":"Rio Grande cutthroat historic context","current_label":"Rio Grande cutthroat historic context","recovery_label":"Recovery watch / review area","confidence_public":"Generalized public map / needs expert review","confidence_internal":"Occurrence-cluster preview; 138 source segments","geometry_status_public":"Generalized named-water occurrence","geometry_status_internal":"Grouped by display name, HUC8, lineage, and spatial cluster","geometry_source_public":"Grouped public hydrography segments","geometry_source_internal":"Colorado full interpreted natural stream context — occurrence v2 preview","trout_source_public":"Compiled public recovery and lineage context; expert review recommended","trout_source_internal":"HUC8 lineage assignment v1 / review needed","public_notes":"Park Creek is shown as a generalized public-map named-water occurrence for Rio Grande cutthroat historic context. This object is separated from other same-named waters using HUC8, lineage, and local spatial clustering. Linework is grouped from public hydrography and should be treated as interpretive watershed context, not a precise biological boundary.","internal_notes":"Preview occurrence co_13010001_riogrande_park_creek_001; 138 segments; 27.2 km"}},{"type":"Feature","geometry":{"type":"LineString","coordinates":[[-106.71003,37.55916],[-106.71201,37.5604]]},"properties":{"huc8":"13010001","huc8Name":"Rio Grande Headwaters","historic":"rioGrande","current":"introduced","recovery":"recoveryWatch","lineageKey":"rioGrande","lineageLabel":"Rio Grande lineage","basin":"Rio Grande Headwaters","note":"Generalized Rio Grande cutthroat drainage context","state":"CO","confidence":"HUC8 drainage context / generalized","geometryStatus":"Named NHD stream intersecting assigned HUC8","troutSource":"HUC8 lineage assignment v1 / review needed","sourceName":"Park Creek","name":"Park Creek","source_id":"160783765","length_km":0.223,"FType":460,"FCode":46006,"atlas_class":"streamriver","water_id":"co_13010001_riogrande_park_creek_001","occurrence_id":"co_13010001_riogrande_park_creek_001","occurrence_number":"001","display_name":"Park Creek","mapped_name":"Park Creek","source_name":"Park Creek","disambiguator":"Rio Grande cutthroat historic context · HUC8 13010001 · occurrence 001","atlas_layer":"curated_named_water_occurrence","object_role":"interactive_named_water","lineage":"rioGrande","historic_label":"Rio Grande cutthroat historic context","current_label":"Rio Grande cutthroat historic context","recovery_label":"Recovery watch / review area","confidence_public":"Generalized public map / needs expert review","confidence_internal":"Occurrence-cluster preview; 138 source segments","geometry_status_public":"Generalized named-water occurrence","geometry_status_internal":"Grouped by display name, HUC8, lineage, and spatial cluster","geometry_source_public":"Grouped public hydrography segments","geometry_source_internal":"Colorado full interpreted natural stream context — occurrence v2 preview","trout_source_public":"Compiled public recovery and lineage context; expert review recommended","trout_source_internal":"HUC8 lineage assignment v1 / review needed","public_notes":"Park Creek is shown as a generalized public-map named-water occurrence for Rio Grande cutthroat historic context. This object is separated from other same-named waters using HUC8, lineage, and local spatial clustering. Linework is grouped from public hydrography and should be treated as interpretive watershed context, not a precise biological boundary.","internal_notes":"Preview occurrence co_13010001_riogrande_park_creek_001; 138 segments; 27.2 km"}},{"type":"Feature","geometry":{"type":"LineString","coordinates":[[-106.72646,37.58987],[-106.72662,37.59027]]},"properties":{"huc8":"13010001","huc8Name":"Rio Grande Headwaters","historic":"rioGrande","current":"introduced","recovery":"recoveryWatch","lineageKey":"rioGrande","lineageLabel":"Rio Grande lineage","basin":"Rio Grande Headwaters","note":"Generalized Rio Grande cutthroat drainage context","state":"CO","confidence":"HUC8 drainage context / generalized","geometryStatus":"Named NHD stream intersecting assigned HUC8","troutSource":"HUC8 lineage assignment v1 / review needed","sourceName":"Park Creek","name":"Park Creek","source_id":"160784176","length_km":0.048,"FType":460,"FCode":46006,"atlas_class":"streamriver","water_id":"co_13010001_riogrande_park_creek_001","occurrence_id":"co_13010001_riogrande_park_creek_001","occurrence_number":"001","display_name":"Park Creek","mapped_name":"Park Creek","source_name":"Park Creek","disambiguator":"Rio Grande cutthroat historic context · HUC8 13010001 · occurrence 001","atlas_layer":"curated_named_water_occurrence","object_role":"interactive_named_water","lineage":"rioGrande","historic_label":"Rio Grande cutthroat historic context","current_label":"Rio Grande cutthroat historic context","recovery_label":"Recovery watch / review area","confidence_public":"Generalized public map / needs expert review","confidence_internal":"Occurrence-cluster preview; 138 source segments","geometry_status_public":"Generalized named-water occurrence","geometry_status_internal":"Grouped by display name, HUC8, lineage, and spatial cluster","geometry_source_public":"Grouped public hydrography segments","geometry_source_internal":"Colorado full interpreted natural stream context — occurrence v2 preview","trout_source_public":"Compiled public recovery and lineage context; expert review recommended","trout_source_internal":"HUC8 lineage assignment v1 / review needed","public_notes":"Park Creek is shown as a generalized public-map named-water occurrence for Rio Grande cutthroat historic context. This object is separated from other same-named waters using HUC8, lineage, and local spatial clustering. Linework is grouped from public hydrography and should be treated as interpretive watershed context, not a precise biological boundary.","internal_notes":"Preview occurrence co_13010001_riogrande_park_creek_001; 138 segments; 27.2 km"}},{"type":"Feature","geometry":{"type":"LineString","coordinates":[[-106.69909,37.53881],[-106.6991,37.53906]]},"properties":{"huc8":"13010001","huc8Name":"Rio Grande Headwaters","historic":"rioGrande","current":"introduced","recovery":"recoveryWatch","lineageKey":"rioGrande","lineageLabel":"Rio Grande lineage","basin":"Rio Grande Headwaters","note":"Generalized Rio Grande cutthroat drainage context","state":"CO","confidence":"HUC8 drainage context / generalized","geometryStatus":"Named NHD stream intersecting assigned HUC8","troutSource":"HUC8 lineage assignment v1 / review needed","sourceName":"Park Creek","name":"Park Creek","source_id":"160783314","length_km":0.027,"FType":460,"FCode":46006,"atlas_class":"streamriver","water_id":"co_13010001_riogrande_park_creek_001","occurrence_id":"co_13010001_riogrande_park_creek_001","occurrence_number":"001","display_name":"Park Creek","mapped_name":"Park Creek","source_name":"Park Creek","disambiguator":"Rio Grande cutthroat historic context · HUC8 13010001 · occurrence 001","atlas_layer":"curated_named_water_occurrence","object_role":"interactive_named_water","lineage":"rioGrande","historic_label":"Rio Grande cutthroat historic context","current_label":"Rio Grande cutthroat historic context","recovery_label":"Recovery watch / review area","confidence_public":"Generalized public map / needs expert review","confidence_internal":"Occurrence-cluster preview; 138 source segments","geometry_status_public":"Generalized named-water occurrence","geometry_status_internal":"Grouped by display name, HUC8, lineage, and spatial cluster","geometry_source_public":"Grouped public hydrography segments","geometry_source_internal":"Colorado full interpreted natural stream context — occurrence v2 preview","trout_source_public":"Compiled public recovery and lineage context; expert review recommended","trout_source_internal":"HUC8 lineage assignment v1 / review needed","public_notes":"Park Creek is shown as a generalized public-map named-water occurrence for Rio Grande cutthroat historic context. This object is separated from other same-named waters using HUC8, lineage, and local spatial clustering. Linework is grouped from public hydrography and should be treated as interpretive watershed context, not a precise biological boundary.","internal_notes":"Preview occurrence co_13010001_riogrande_park_creek_001; 138 segments; 27.2 km"}},{"type":"Feature","geometry":{"type":"LineString","coordinates":[[-106.6988,37.53695],[-106.69937,37.53777]]},"properties":{"huc8":"13010001","huc8Name":"Rio Grande Headwaters","historic":"rioGrande","current":"introduced","recovery":"recoveryWatch","lineageKey":"rioGrande","lineageLabel":"Rio Grande lineage","basin":"Rio Grande Headwaters","note":"Generalized Rio Grande cutthroat drainage context","state":"CO","confidence":"HUC8 drainage context / generalized","geometryStatus":"Named NHD stream intersecting assigned HUC8","troutSource":"HUC8 lineage assignment v1 / review needed","sourceName":"Park Creek","name":"Park Creek","source_id":"136350716","length_km":0.11,"FType":460,"FCode":46006,"atlas_class":"streamriver","water_id":"co_13010001_riogrande_park_creek_001","occurrence_id":"co_13010001_riogrande_park_creek_001","occurrence_number":"001","display_name":"Park Creek","mapped_name":"Park Creek","source_name":"Park Creek","disambiguator":"Rio Grande cutthroat historic context · HUC8 13010001 · occurrence 001","atlas_layer":"curated_named_water_occurrence","object_role":"interactive_named_water","lineage":"rioGrande","historic_label":"Rio Grande cutthroat historic context","current_label":"Rio Grande cutthroat historic context","recovery_label":"Recovery watch / review area","confidence_public":"Generalized public map / needs expert review","confidence_internal":"Occurrence-cluster preview; 138 source segments","geometry_status_public":"Generalized named-water occurrence","geometry_status_internal":"Grouped by display name, HUC8, lineage, and spatial cluster","geometry_source_public":"Grouped public hydrography segments","geometry_source_internal":"Colorado full interpreted natural stream context — occurrence v2 preview","trout_source_public":"Compiled public recovery and lineage context; expert review recommended","trout_source_internal":"HUC8 lineage assignment v1 / review needed","public_notes":"Park Creek is shown as a generalized public-map named-water occurrence for Rio Grande cutthroat historic context. This object is separated from other same-named waters using HUC8, lineage, and local spatial clustering. Linework is grouped from public hydrography and should be treated as interpretive watershed context, not a precise biological boundary.","internal_notes":"Preview occurrence co_13010001_riogrande_park_creek_001; 138 segments; 27.2 km"}},{"type":"Feature","geometry":{"type":"LineString","coordinates":[[-106.69869,37.54235],[-106.69856,37.54249]]},"properties":{"huc8":"13010001","huc8Name":"Rio Grande Headwaters","historic":"rioGrande","current":"introduced","recovery":"recoveryWatch","lineageKey":"rioGrande","lineageLabel":"Rio Grande lineage","basin":"Rio Grande Headwaters","note":"Generalized Rio Grande cutthroat drainage context","state":"CO","confidence":"HUC8 drainage context / generalized","geometryStatus":"Named NHD stream intersecting assigned HUC8","troutSource":"HUC8 lineage assignment v1 / review needed","sourceName":"Park Creek","name":"Park Creek","source_id":"160784242","length_km":0.02,"FType":460,"FCode":46006,"atlas_class":"streamriver","water_id":"co_13010001_riogrande_park_creek_001","occurrence_id":"co_13010001_riogrande_park_creek_001","occurrence_number":"001","display_name":"Park Creek","mapped_name":"Park Creek","source_name":"Park Creek","disambiguator":"Rio Grande cutthroat historic context · HUC8 13010001 · occurrence 001","atlas_layer":"curated_named_water_occurrence","object_role":"interactive_named_water","lineage":"rioGrande","historic_label":"Rio Grande cutthroat historic context","current_label":"Rio Grande cutthroat historic context","recovery_label":"Recovery watch / review area","confidence_public":"Generalized public map / needs expert review","confidence_internal":"Occurrence-cluster preview; 138 source segments","geometry_status_public":"Generalized named-water occurrence","geometry_status_internal":"Grouped by display name, HUC8, lineage, and spatial cluster","geometry_source_public":"Grouped public hydrography segments","geometry_source_internal":"Colorado full interpreted natural stream context — occurrence v2 preview","trout_source_public":"Compiled public recovery and lineage context; expert review recommended","trout_source_internal":"HUC8 lineage assignment v1 / review needed","public_notes":"Park Creek is shown as a generalized public-map named-water occurrence for Rio Grande cutthroat historic context. This object is separated from other same-named waters using HUC8, lineage, and local spatial clustering. Linework is grouped from public hydrography and should be treated as interpretive watershed context, not a precise biological boundary.","internal_notes":"Preview occurrence co_13010001_riogrande_park_creek_001; 138 segments; 27.2 km"}},{"type":"Feature","geometry":{"type":"LineString","coordinates":[[-106.69828,37.55355],[-106.69903,37.55404]]},"properties":{"huc8":"13010001","huc8Name":"Rio Grande Headwaters","historic":"rioGrande","current":"introduced","recovery":"recoveryWatch","lineageKey":"rioGrande","lineageLabel":"Rio Grande lineage","basin":"Rio Grande Headwaters","note":"Generalized Rio Grande cutthroat drainage context","state":"CO","confidence":"HUC8 drainage context / generalized","geometryStatus":"Named NHD stream intersecting assigned HUC8","troutSource":"HUC8 lineage assignment v1 / review needed","sourceName":"Park Creek","name":"Park Creek","source_id":"160783238","length_km":0.095,"FType":460,"FCode":46006,"atlas_class":"streamriver","water_id":"co_13010001_riogrande_park_creek_001","occurrence_id":"co_13010001_riogrande_park_creek_001","occurrence_number":"001","display_name":"Park Creek","mapped_name":"Park Creek","source_name":"Park Creek","disambiguator":"Rio Grande cutthroat historic context · HUC8 13010001 · occurrence 001","atlas_layer":"curated_named_water_occurrence","object_role":"interactive_named_water","lineage":"rioGrande","historic_label":"Rio Grande cutthroat historic context","current_label":"Rio Grande cutthroat historic context","recovery_label":"Recovery watch / review area","confidence_public":"Generalized public map / needs expert review","confidence_internal":"Occurrence-cluster preview; 138 source segments","geometry_status_public":"Generalized named-water occurrence","geometry_status_internal":"Grouped by display name, HUC8, lineage, and spatial cluster","geometry_source_public":"Grouped public hydrography segments","geometry_source_internal":"Colorado full interpreted natural stream context — occurrence v2 preview","trout_source_public":"Compiled public recovery and lineage context; expert review recommended","trout_source_internal":"HUC8 lineage assignment v1 / review needed","public_notes":"Park Creek is shown as a generalized public-map named-water occurrence for Rio Grande cutthroat historic context. This object is separated from other same-named waters using HUC8, lineage, and local spatial clustering. Linework is grouped from public hydrography and should be treated as interpretive watershed context, not a precise biological boundary.","internal_notes":"Preview occurrence co_13010001_riogrande_park_creek_001; 138 segments; 27.2 km"}},{"type":"Feature","geometry":{"type":"LineString","coordinates":[[-106.70211,37.55601],[-106.70326,37.55558]]},"properties":{"huc8":"13010001","huc8Name":"Rio Grande Headwaters","historic":"rioGrande","current":"introduced","recovery":"recoveryWatch","lineageKey":"rioGrande","lineageLabel":"Rio Grande lineage","basin":"Rio Grande Headwaters","note":"Generalized Rio Grande cutthroat drainage context","state":"CO","confidence":"HUC8 drainage context / generalized","geometryStatus":"Named NHD stream intersecting assigned HUC8","troutSource":"HUC8 lineage assignment v1 / review needed","sourceName":"Park Creek","name":"Park Creek","source_id":"136350709","length_km":0.112,"FType":460,"FCode":46006,"atlas_class":"streamriver","water_id":"co_13010001_riogrande_park_creek_001","occurrence_id":"co_13010001_riogrande_park_creek_001","occurrence_number":"001","display_name":"Park Creek","mapped_name":"Park Creek","source_name":"Park Creek","disambiguator":"Rio Grande cutthroat historic context · HUC8 13010001 · occurrence 001","atlas_layer":"curated_named_water_occurrence","object_role":"interactive_named_water","lineage":"rioGrande","historic_label":"Rio Grande cutthroat historic context","current_label":"Rio Grande cutthroat historic context","recovery_label":"Recovery watch / review area","confidence_public":"Generalized public map / needs expert review","confidence_internal":"Occurrence-cluster preview; 138 source segments","geometry_status_public":"Generalized named-water occurrence","geometry_status_internal":"Grouped by display name, HUC8, lineage, and spatial cluster","geometry_source_public":"Grouped public hydrography segments","geometry_source_internal":"Colorado full interpreted natural stream context — occurrence v2 preview","trout_source_public":"Compiled public recovery and lineage context; expert review recommended","trout_source_internal":"HUC8 lineage assignment v1 / review needed","public_notes":"Park Creek is shown as a generalized public-map named-water occurrence for Rio Grande cutthroat historic context. This object is separated from other same-named waters using HUC8, lineage, and local spatial clustering. Linework is grouped from public hydrography and should be treated as interpretive watershed context, not a precise biological boundary.","internal_notes":"Preview occurrence co_13010001_riogrande_park_creek_001; 138 segments; 27.2 km"}},{"type":"Feature","geometry":{"type":"LineString","coordinates":[[-106.71736,37.56285],[-106.7184,37.56277],[-106.71965,37.56382],[-106.72095,37.56405]]},"properties":{"huc8":"13010001","huc8Name":"Rio Grande Headwaters","historic":"rioGrande","current":"introduced","recovery":"recoveryWatch","lineageKey":"rioGrande","lineageLabel":"Rio Grande lineage","basin":"Rio Grande Headwaters","note":"Generalized Rio Grande cutthroat drainage context","state":"CO","confidence":"HUC8 drainage context / generalized","geometryStatus":"Named NHD stream intersecting assigned HUC8","troutSource":"HUC8 lineage assignment v1 / review needed","sourceName":"Park Creek","name":"Park Creek","source_id":"136350703","length_km":0.38,"FType":460,"FCode":46006,"atlas_class":"streamriver","water_id":"co_13010001_riogrande_park_creek_001","occurrence_id":"co_13010001_riogrande_park_creek_001","occurrence_number":"001","display_name":"Park Creek","mapped_name":"Park Creek","source_name":"Park Creek","disambiguator":"Rio Grande cutthroat historic context · HUC8 13010001 · occurrence 001","atlas_layer":"curated_named_water_occurrence","object_role":"interactive_named_water","lineage":"rioGrande","historic_label":"Rio Grande cutthroat historic context","current_label":"Rio Grande cutthroat historic context","recovery_label":"Recovery watch / review area","confidence_public":"Generalized public map / needs expert review","confidence_internal":"Occurrence-cluster preview; 138 source segments","geometry_status_public":"Generalized named-water occurrence","geometry_status_internal":"Grouped by display name, HUC8, lineage, and spatial cluster","geometry_source_public":"Grouped public hydrography segments","geometry_source_internal":"Colorado full interpreted natural stream context — occurrence v2 preview","trout_source_public":"Compiled public recovery and lineage context; expert review recommended","trout_source_internal":"HUC8 lineage assignment v1 / review needed","public_notes":"Park Creek is shown as a generalized public-map named-water occurrence for Rio Grande cutthroat historic context. This object is separated from other same-named waters using HUC8, lineage, and local spatial clustering. Linework is grouped from public hydrography and should be treated as interpretive watershed context, not a precise biological boundary.","internal_notes":"Preview occurrence co_13010001_riogrande_park_creek_001; 138 segments; 27.2 km"}},{"type":"Feature","geometry":{"type":"LineString","coordinates":[[-106.69834,37.54362],[-106.69845,37.54476]]},"properties":{"huc8":"13010001","huc8Name":"Rio Grande Headwaters","historic":"rioGrande","current":"introduced","recovery":"recoveryWatch","lineageKey":"rioGrande","lineageLabel":"Rio Grande lineage","basin":"Rio Grande Headwaters","note":"Generalized Rio Grande cutthroat drainage context","state":"CO","confidence":"HUC8 drainage context / generalized","geometryStatus":"Named NHD stream intersecting assigned HUC8","troutSource":"HUC8 lineage assignment v1 / review needed","sourceName":"Park Creek","name":"Park Creek","source_id":"160782928","length_km":0.131,"FType":460,"FCode":46006,"atlas_class":"streamriver","water_id":"co_13010001_riogrande_park_creek_001","occurrence_id":"co_13010001_riogrande_park_creek_001","occurrence_number":"001","display_name":"Park Creek","mapped_name":"Park Creek","source_name":"Park Creek","disambiguator":"Rio Grande cutthroat historic context · HUC8 13010001 · occurrence 001","atlas_layer":"curated_named_water_occurrence","object_role":"interactive_named_water","lineage":"rioGrande","historic_label":"Rio Grande cutthroat historic context","current_label":"Rio Grande cutthroat historic context","recovery_label":"Recovery watch / review area","confidence_public":"Generalized public map / needs expert review","confidence_internal":"Occurrence-cluster preview; 138 source segments","geometry_status_public":"Generalized named-water occurrence","geometry_status_internal":"Grouped by display name, HUC8, lineage, and spatial cluster","geometry_source_public":"Grouped public hydrography segments","geometry_source_internal":"Colorado full interpreted natural stream context — occurrence v2 preview","trout_source_public":"Compiled public recovery and lineage context; expert review recommended","trout_source_internal":"HUC8 lineage assignment v1 / review needed","public_notes":"Park Creek is shown as a generalized public-map named-water occurrence for Rio Grande cutthroat historic context. This object is separated from other same-named waters using HUC8, lineage, and local spatial clustering. Linework is grouped from public hydrography and should be treated as interpretive watershed context, not a precise biological boundary.","internal_notes":"Preview occurrence co_13010001_riogrande_park_creek_001; 138 segments; 27.2 km"}},{"type":"Feature","geometry":{"type":"LineString","coordinates":[[-106.72985,37.57652],[-106.72981,37.57679]]},"properties":{"huc8":"13010001","huc8Name":"Rio Grande Headwaters","historic":"rioGrande","current":"introduced","recovery":"recoveryWatch","lineageKey":"rioGrande","lineageLabel":"Rio Grande lineage","basin":"Rio Grande Headwaters","note":"Generalized Rio Grande cutthroat drainage context","state":"CO","confidence":"HUC8 drainage context / generalized","geometryStatus":"Named NHD stream intersecting assigned HUC8","troutSource":"HUC8 lineage assignment v1 / review needed","sourceName":"Park Creek","name":"Park Creek","source_id":"160784088","length_km":0.031,"FType":460,"FCode":46006,"atlas_class":"streamriver","water_id":"co_13010001_riogrande_park_creek_001","occurrence_id":"co_13010001_riogrande_park_creek_001","occurrence_number":"001","display_name":"Park Creek","mapped_name":"Park Creek","source_name":"Park Creek","disambiguator":"Rio Grande cutthroat historic context · HUC8 13010001 · occurrence 001","atlas_layer":"curated_named_water_occurrence","object_role":"interactive_named_water","lineage":"rioGrande","historic_label":"Rio Grande cutthroat historic context","current_label":"Rio Grande cutthroat historic context","recovery_label":"Recovery watch / review area","confidence_public":"Generalized public map / needs expert review","confidence_internal":"Occurrence-cluster preview; 138 source segments","geometry_status_public":"Generalized named-water occurrence","geometry_status_internal":"Grouped by display name, HUC8, lineage, and spatial cluster","geometry_source_public":"Grouped public hydrography segments","geometry_source_internal":"Colorado full interpreted natural stream context — occurrence v2 preview","trout_source_public":"Compiled public recovery and lineage context; expert review recommended","trout_source_internal":"HUC8 lineage assignment v1 / review needed","public_notes":"Park Creek is shown as a generalized public-map named-water occurrence for Rio Grande cutthroat historic context. This object is separated from other same-named waters using HUC8, lineage, and local spatial clustering. Linework is grouped from public hydrography and should be treated as interpretive watershed context, not a precise biological boundary.","internal_notes":"Preview occurrence co_13010001_riogrande_park_creek_001; 138 segments; 27.2 km"}},{"type":"Feature","geometry":{"type":"LineString","coordinates":[[-106.7257,37.586],[-106.72533,37.58691]]},"properties":{"huc8":"13010001","huc8Name":"Rio Grande Headwaters","historic":"rioGrande","current":"introduced","recovery":"recoveryWatch","lineageKey":"rioGrande","lineageLabel":"Rio Grande lineage","basin":"Rio Grande Headwaters","note":"Generalized Rio Grande cutthroat drainage context","state":"CO","confidence":"HUC8 drainage context / generalized","geometryStatus":"Named NHD stream intersecting assigned HUC8","troutSource":"HUC8 lineage assignment v1 / review needed","sourceName":"Park Creek","name":"Park Creek","source_id":"160784253","length_km":0.109,"FType":460,"FCode":46006,"atlas_class":"streamriver","water_id":"co_13010001_riogrande_park_creek_001","occurrence_id":"co_13010001_riogrande_park_creek_001","occurrence_number":"001","display_name":"Park Creek","mapped_name":"Park Creek","source_name":"Park Creek","disambiguator":"Rio Grande cutthroat historic context · HUC8 13010001 · occurrence 001","atlas_layer":"curated_named_water_occurrence","object_role":"interactive_named_water","lineage":"rioGrande","historic_label":"Rio Grande cutthroat historic context","current_label":"Rio Grande cutthroat historic context","recovery_label":"Recovery watch / review area","confidence_public":"Generalized public map / needs expert review","confidence_internal":"Occurrence-cluster preview; 138 source segments","geometry_status_public":"Generalized named-water occurrence","geometry_status_internal":"Grouped by display name, HUC8, lineage, and spatial cluster","geometry_source_public":"Grouped public hydrography segments","geometry_source_internal":"Colorado full interpreted natural stream context — occurrence v2 preview","trout_source_public":"Compiled public recovery and lineage context; expert review recommended","trout_source_internal":"HUC8 lineage assignment v1 / review needed","public_notes":"Park Creek is shown as a generalized public-map named-water occurrence for Rio Grande cutthroat historic context. This object is separated from other same-named waters using HUC8, lineage, and local spatial clustering. Linework is grouped from public hydrography and should be treated as interpretive watershed context, not a precise biological boundary.","internal_notes":"Preview occurrence co_13010001_riogrande_park_creek_001; 138 segments; 27.2 km"}},{"type":"Feature","geometry":{"type":"LineString","coordinates":[[-106.7,37.53382],[-106.6988,37.53695]]},"properties":{"huc8":"13010001","huc8Name":"Rio Grande Headwaters","historic":"rioGrande","current":"introduced","recovery":"recoveryWatch","lineageKey":"rioGrande","lineageLabel":"Rio Grande lineage","basin":"Rio Grande Headwaters","note":"Generalized Rio Grande cutthroat drainage context","state":"CO","confidence":"HUC8 drainage context / generalized","geometryStatus":"Named NHD stream intersecting assigned HUC8","troutSource":"HUC8 lineage assignment v1 / review needed","sourceName":"Park Creek","name":"Park Creek","source_id":"136350717","length_km":0.374,"FType":460,"FCode":46006,"atlas_class":"streamriver","water_id":"co_13010001_riogrande_park_creek_001","occurrence_id":"co_13010001_riogrande_park_creek_001","occurrence_number":"001","display_name":"Park Creek","mapped_name":"Park Creek","source_name":"Park Creek","disambiguator":"Rio Grande cutthroat historic context · HUC8 13010001 · occurrence 001","atlas_layer":"curated_named_water_occurrence","object_role":"interactive_named_water","lineage":"rioGrande","historic_label":"Rio Grande cutthroat historic context","current_label":"Rio Grande cutthroat historic context","recovery_label":"Recovery watch / review area","confidence_public":"Generalized public map / needs expert review","confidence_internal":"Occurrence-cluster preview; 138 source segments","geometry_status_public":"Generalized named-water occurrence","geometry_status_internal":"Grouped by display name, HUC8, lineage, and spatial cluster","geometry_source_public":"Grouped public hydrography segments","geometry_source_internal":"Colorado full interpreted natural stream context — occurrence v2 preview","trout_source_public":"Compiled public recovery and lineage context; expert review recommended","trout_source_internal":"HUC8 lineage assignment v1 / review needed","public_notes":"Park Creek is shown as a generalized public-map named-water occurrence for Rio Grande cutthroat historic context. This object is separated from other same-named waters using HUC8, lineage, and local spatial clustering. Linework is grouped from public hydrography and should be treated as interpretive watershed context, not a precise biological boundary.","internal_notes":"Preview occurrence co_13010001_riogrande_park_creek_001; 138 segments; 27.2 km"}},{"type":"Feature","geometry":{"type":"LineString","coordinates":[[-106.72095,37.56405],[-106.7224,37.56552]]},"properties":{"huc8":"13010001","huc8Name":"Rio Grande Headwaters","historic":"rioGrande","current":"introduced","recovery":"recoveryWatch","lineageKey":"rioGrande","lineageLabel":"Rio Grande lineage","basin":"Rio Grande Headwaters","note":"Generalized Rio Grande cutthroat drainage context","state":"CO","confidence":"HUC8 drainage context / generalized","geometryStatus":"Named NHD stream intersecting assigned HUC8","troutSource":"HUC8 lineage assignment v1 / review needed","sourceName":"Park Creek","name":"Park Creek","source_id":"160784238","length_km":0.22,"FType":460,"FCode":46006,"atlas_class":"streamriver","water_id":"co_13010001_riogrande_park_creek_001","occurrence_id":"co_13010001_riogrande_park_creek_001","occurrence_number":"001","display_name":"Park Creek","mapped_name":"Park Creek","source_name":"Park Creek","disambiguator":"Rio Grande cutthroat historic context · HUC8 13010001 · occurrence 001","atlas_layer":"curated_named_water_occurrence","object_role":"interactive_named_water","lineage":"rioGrande","historic_label":"Rio Grande cutthroat historic context","current_label":"Rio Grande cutthroat historic context","recovery_label":"Recovery watch / review area","confidence_public":"Generalized public map / needs expert review","confidence_internal":"Occurrence-cluster preview; 138 source segments","geometry_status_public":"Generalized named-water occurrence","geometry_status_internal":"Grouped by display name, HUC8, lineage, and spatial cluster","geometry_source_public":"Grouped public hydrography segments","geometry_source_internal":"Colorado full interpreted natural stream context — occurrence v2 preview","trout_source_public":"Compiled public recovery and lineage context; expert review recommended","trout_source_internal":"HUC8 lineage assignment v1 / review needed","public_notes":"Park Creek is shown as a generalized public-map named-water occurrence for Rio Grande cutthroat historic context. This object is separated from other same-named waters using HUC8, lineage, and local spatial clustering. Linework is grouped from public hydrography and should be treated as interpretive watershed context, not a precise biological boundary.","internal_notes":"Preview occurrence co_13010001_riogrande_park_creek_001; 138 segments; 27.2 km"}},{"type":"Feature","geometry":{"type":"LineString","coordinates":[[-106.69765,37.54721],[-106.69767,37.54746]]},"properties":{"huc8":"13010001","huc8Name":"Rio Grande Headwaters","historic":"rioGrande","current":"introduced","recovery":"recoveryWatch","lineageKey":"rioGrande","lineageLabel":"Rio Grande lineage","basin":"Rio Grande Headwaters","note":"Generalized Rio Grande cutthroat drainage context","state":"CO","confidence":"HUC8 drainage context / generalized","geometryStatus":"Named NHD stream intersecting assigned HUC8","troutSource":"HUC8 lineage assignment v1 / review needed","sourceName":"Park Creek","name":"Park Creek","source_id":"160783742","length_km":0.027,"FType":460,"FCode":46006,"atlas_class":"streamriver","water_id":"co_13010001_riogrande_park_creek_001","occurrence_id":"co_13010001_riogrande_park_creek_001","occurrence_number":"001","display_name":"Park Creek","mapped_name":"Park Creek","source_name":"Park Creek","disambiguator":"Rio Grande cutthroat historic context · HUC8 13010001 · occurrence 001","atlas_layer":"curated_named_water_occurrence","object_role":"interactive_named_water","lineage":"rioGrande","historic_label":"Rio Grande cutthroat historic context","current_label":"Rio Grande cutthroat historic context","recovery_label":"Recovery watch / review area","confidence_public":"Generalized public map / needs expert review","confidence_internal":"Occurrence-cluster preview; 138 source segments","geometry_status_public":"Generalized named-water occurrence","geometry_status_internal":"Grouped by display name, HUC8, lineage, and spatial cluster","geometry_source_public":"Grouped public hydrography segments","geometry_source_internal":"Colorado full interpreted natural stream context — occurrence v2 preview","trout_source_public":"Compiled public recovery and lineage context; expert review recommended","trout_source_internal":"HUC8 lineage assignment v1 / review needed","public_notes":"Park Creek is shown as a generalized public-map named-water occurrence for Rio Grande cutthroat historic context. This object is separated from other same-named waters using HUC8, lineage, and local spatial clustering. Linework is grouped from public hydrography and should be treated as interpretive watershed context, not a precise biological boundary.","internal_notes":"Preview occurrence co_13010001_riogrande_park_creek_001; 138 segments; 27.2 km"}},{"type":"Feature","geometry":{"type":"LineString","coordinates":[[-106.70486,37.55616],[-106.70617,37.55758],[-106.70774,37.55798]]},"properties":{"huc8":"13010001","huc8Name":"Rio Grande Headwaters","historic":"rioGrande","current":"introduced","recovery":"recoveryWatch","lineageKey":"rioGrande","lineageLabel":"Rio Grande lineage","basin":"Rio Grande Headwaters","note":"Generalized Rio Grande cutthroat drainage context","state":"CO","confidence":"HUC8 drainage context / generalized","geometryStatus":"Named NHD stream intersecting assigned HUC8","troutSource":"HUC8 lineage assignment v1 / review needed","sourceName":"Park Creek","name":"Park Creek","source_id":"160783758","length_km":0.353,"FType":460,"FCode":46006,"atlas_class":"streamriver","water_id":"co_13010001_riogrande_park_creek_001","occurrence_id":"co_13010001_riogrande_park_creek_001","occurrence_number":"001","display_name":"Park Creek","mapped_name":"Park Creek","source_name":"Park Creek","disambiguator":"Rio Grande cutthroat historic context · HUC8 13010001 · occurrence 001","atlas_layer":"curated_named_water_occurrence","object_role":"interactive_named_water","lineage":"rioGrande","historic_label":"Rio Grande cutthroat historic context","current_label":"Rio Grande cutthroat historic context","recovery_label":"Recovery watch / review area","confidence_public":"Generalized public map / needs expert review","confidence_internal":"Occurrence-cluster preview; 138 source segments","geometry_status_public":"Generalized named-water occurrence","geometry_status_internal":"Grouped by display name, HUC8, lineage, and spatial cluster","geometry_source_public":"Grouped public hydrography segments","geometry_source_internal":"Colorado full interpreted natural stream context — occurrence v2 preview","trout_source_public":"Compiled public recovery and lineage context; expert review recommended","trout_source_internal":"HUC8 lineage assignment v1 / review needed","public_notes":"Park Creek is shown as a generalized public-map named-water occurrence for Rio Grande cutthroat historic context. This object is separated from other same-named waters using HUC8, lineage, and local spatial clustering. Linework is grouped from public hydrography and should be treated as interpretive watershed context, not a precise biological boundary.","internal_notes":"Preview occurrence co_13010001_riogrande_park_creek_001; 138 segments; 27.2 km"}},{"type":"Feature","geometry":{"type":"LineString","coordinates":[[-106.72684,37.56785],[-106.72804,37.56924]]},"properties":{"huc8":"13010001","huc8Name":"Rio Grande Headwaters","historic":"rioGrande","current":"introduced","recovery":"recoveryWatch","lineageKey":"rioGrande","lineageLabel":"Rio Grande lineage","basin":"Rio Grande Headwaters","note":"Generalized Rio Grande cutthroat drainage context","state":"CO","confidence":"HUC8 drainage context / generalized","geometryStatus":"Named NHD stream intersecting assigned HUC8","troutSource":"HUC8 lineage assignment v1 / review needed","sourceName":"Park Creek","name":"Park Creek","source_id":"160784141","length_km":0.21,"FType":460,"FCode":46006,"atlas_class":"streamriver","water_id":"co_13010001_riogrande_park_creek_001","occurrence_id":"co_13010001_riogrande_park_creek_001","occurrence_number":"001","display_name":"Park Creek","mapped_name":"Park Creek","source_name":"Park Creek","disambiguator":"Rio Grande cutthroat historic context · HUC8 13010001 · occurrence 001","atlas_layer":"curated_named_water_occurrence","object_role":"interactive_named_water","lineage":"rioGrande","historic_label":"Rio Grande cutthroat historic context","current_label":"Rio Grande cutthroat historic context","recovery_label":"Recovery watch / review area","confidence_public":"Generalized public map / needs expert review","confidence_internal":"Occurrence-cluster preview; 138 source segments","geometry_status_public":"Generalized named-water occurrence","geometry_status_internal":"Grouped by display name, HUC8, lineage, and spatial cluster","geometry_source_public":"Grouped public hydrography segments","geometry_source_internal":"Colorado full interpreted natural stream context — occurrence v2 preview","trout_source_public":"Compiled public recovery and lineage context; expert review recommended","trout_source_internal":"HUC8 lineage assignment v1 / review needed","public_notes":"Park Creek is shown as a generalized public-map named-water occurrence for Rio Grande cutthroat historic context. This object is separated from other same-named waters using HUC8, lineage, and local spatial clustering. Linework is grouped from public hydrography and should be treated as interpretive watershed context, not a precise biological boundary.","internal_notes":"Preview occurrence co_13010001_riogrande_park_creek_001; 138 segments; 27.2 km"}},{"type":"Feature","geometry":{"type":"LineString","coordinates":[[-106.70312,37.50683],[-106.70317,37.50716]]},"properties":{"huc8":"13010001","huc8Name":"Rio Grande Headwaters","historic":"rioGrande","current":"introduced","recovery":"recoveryWatch","lineageKey":"rioGrande","lineageLabel":"Rio Grande lineage","basin":"Rio Grande Headwaters","note":"Generalized Rio Grande cutthroat drainage context","state":"CO","confidence":"HUC8 drainage context / generalized","geometryStatus":"Named NHD stream intersecting assigned HUC8","troutSource":"HUC8 lineage assignment v1 / review needed","sourceName":"Park Creek","name":"Park Creek","source_id":"160782935","length_km":0.038,"FType":460,"FCode":46006,"atlas_class":"streamriver","water_id":"co_13010001_riogrande_park_creek_001","occurrence_id":"co_13010001_riogrande_park_creek_001","occurrence_number":"001","display_name":"Park Creek","mapped_name":"Park Creek","source_name":"Park Creek","disambiguator":"Rio Grande cutthroat historic context · HUC8 13010001 · occurrence 001","atlas_layer":"curated_named_water_occurrence","object_role":"interactive_named_water","lineage":"rioGrande","historic_label":"Rio Grande cutthroat historic context","current_label":"Rio Grande cutthroat historic context","recovery_label":"Recovery watch / review area","confidence_public":"Generalized public map / needs expert review","confidence_internal":"Occurrence-cluster preview; 138 source segments","geometry_status_public":"Generalized named-water occurrence","geometry_status_internal":"Grouped by display name, HUC8, lineage, and spatial cluster","geometry_source_public":"Grouped public hydrography segments","geometry_source_internal":"Colorado full interpreted natural stream context — occurrence v2 preview","trout_source_public":"Compiled public recovery and lineage context; expert review recommended","trout_source_internal":"HUC8 lineage assignment v1 / review needed","public_notes":"Park Creek is shown as a generalized public-map named-water occurrence for Rio Grande cutthroat historic context. This object is separated from other same-named waters using HUC8, lineage, and local spatial clustering. Linework is grouped from public hydrography and should be treated as interpretive watershed context, not a precise biological boundary.","internal_notes":"Preview occurrence co_13010001_riogrande_park_creek_001; 138 segments; 27.2 km"}},{"type":"Feature","geometry":{"type":"LineString","coordinates":[[-106.70104,37.52726],[-106.70059,37.52887]]},"properties":{"huc8":"13010001","huc8Name":"Rio Grande Headwaters","historic":"rioGrande","current":"introduced","recovery":"recoveryWatch","lineageKey":"rioGrande","lineageLabel":"Rio Grande lineage","basin":"Rio Grande Headwaters","note":"Generalized Rio Grande cutthroat drainage context","state":"CO","confidence":"HUC8 drainage context / generalized","geometryStatus":"Named NHD stream intersecting assigned HUC8","troutSource":"HUC8 lineage assignment v1 / review needed","sourceName":"Park Creek","name":"Park Creek","source_id":"136350720","length_km":0.193,"FType":460,"FCode":46006,"atlas_class":"streamriver","water_id":"co_13010001_riogrande_park_creek_001","occurrence_id":"co_13010001_riogrande_park_creek_001","occurrence_number":"001","display_name":"Park Creek","mapped_name":"Park Creek","source_name":"Park Creek","disambiguator":"Rio Grande cutthroat historic context · HUC8 13010001 · occurrence 001","atlas_layer":"curated_named_water_occurrence","object_role":"interactive_named_water","lineage":"rioGrande","historic_label":"Rio Grande cutthroat historic context","current_label":"Rio Grande cutthroat historic context","recovery_label":"Recovery watch / review area","confidence_public":"Generalized public map / needs expert review","confidence_internal":"Occurrence-cluster preview; 138 source segments","geometry_status_public":"Generalized named-water occurrence","geometry_status_internal":"Grouped by display name, HUC8, lineage, and spatial cluster","geometry_source_public":"Grouped public hydrography segments","geometry_source_internal":"Colorado full interpreted natural stream context — occurrence v2 preview","trout_source_public":"Compiled public recovery and lineage context; expert review recommended","trout_source_internal":"HUC8 lineage assignment v1 / review needed","public_notes":"Park Creek is shown as a generalized public-map named-water occurrence for Rio Grande cutthroat historic context. This object is separated from other same-named waters using HUC8, lineage, and local spatial clustering. Linework is grouped from public hydrography and should be treated as interpretive watershed context, not a precise biological boundary.","internal_notes":"Preview occurrence co_13010001_riogrande_park_creek_001; 138 segments; 27.2 km"}},{"type":"Feature","geometry":{"type":"LineString","coordinates":[[-106.70837,37.55835],[-106.709,37.55913]]},"properties":{"huc8":"13010001","huc8Name":"Rio Grande Headwaters","historic":"rioGrande","current":"introduced","recovery":"recoveryWatch","lineageKey":"rioGrande","lineageLabel":"Rio Grande lineage","basin":"Rio Grande Headwaters","note":"Generalized Rio Grande cutthroat drainage context","state":"CO","confidence":"HUC8 drainage context / generalized","geometryStatus":"Named NHD stream intersecting assigned HUC8","troutSource":"HUC8 lineage assignment v1 / review needed","sourceName":"Park Creek","name":"Park Creek","source_id":"160784264","length_km":0.105,"FType":460,"FCode":46006,"atlas_class":"streamriver","water_id":"co_13010001_riogrande_park_creek_001","occurrence_id":"co_13010001_riogrande_park_creek_001","occurrence_number":"001","display_name":"Park Creek","mapped_name":"Park Creek","source_name":"Park Creek","disambiguator":"Rio Grande cutthroat historic context · HUC8 13010001 · occurrence 001","atlas_layer":"curated_named_water_occurrence","object_role":"interactive_named_water","lineage":"rioGrande","historic_label":"Rio Grande cutthroat historic context","current_label":"Rio Grande cutthroat historic context","recovery_label":"Recovery watch / review area","confidence_public":"Generalized public map / needs expert review","confidence_internal":"Occurrence-cluster preview; 138 source segments","geometry_status_public":"Generalized named-water occurrence","geometry_status_internal":"Grouped by display name, HUC8, lineage, and spatial cluster","geometry_source_public":"Grouped public hydrography segments","geometry_source_internal":"Colorado full interpreted natural stream context — occurrence v2 preview","trout_source_public":"Compiled public recovery and lineage context; expert review recommended","trout_source_internal":"HUC8 lineage assignment v1 / review needed","public_notes":"Park Creek is shown as a generalized public-map named-water occurrence for Rio Grande cutthroat historic context. This object is separated from other same-named waters using HUC8, lineage, and local spatial clustering. Linework is grouped from public hydrography and should be treated as interpretive watershed context, not a precise biological boundary.","internal_notes":"Preview occurrence co_13010001_riogrande_park_creek_001; 138 segments; 27.2 km"}},{"type":"Feature","geometry":{"type":"LineString","coordinates":[[-106.72308,37.56623],[-106.72388,37.56691]]},"properties":{"huc8":"13010001","huc8Name":"Rio Grande Headwaters","historic":"rioGrande","current":"introduced","recovery":"recoveryWatch","lineageKey":"rioGrande","lineageLabel":"Rio Grande lineage","basin":"Rio Grande Headwaters","note":"Generalized Rio Grande cutthroat drainage context","state":"CO","confidence":"HUC8 drainage context / generalized","geometryStatus":"Named NHD stream intersecting assigned HUC8","troutSource":"HUC8 lineage assignment v1 / review needed","sourceName":"Park Creek","name":"Park Creek","source_id":"160783639","length_km":0.104,"FType":460,"FCode":46006,"atlas_class":"streamriver","water_id":"co_13010001_riogrande_park_creek_001","occurrence_id":"co_13010001_riogrande_park_creek_001","occurrence_number":"001","display_name":"Park Creek","mapped_name":"Park Creek","source_name":"Park Creek","disambiguator":"Rio Grande cutthroat historic context · HUC8 13010001 · occurrence 001","atlas_layer":"curated_named_water_occurrence","object_role":"interactive_named_water","lineage":"rioGrande","historic_label":"Rio Grande cutthroat historic context","current_label":"Rio Grande cutthroat historic context","recovery_label":"Recovery watch / review area","confidence_public":"Generalized public map / needs expert review","confidence_internal":"Occurrence-cluster preview; 138 source segments","geometry_status_public":"Generalized named-water occurrence","geometry_status_internal":"Grouped by display name, HUC8, lineage, and spatial cluster","geometry_source_public":"Grouped public hydrography segments","geometry_source_internal":"Colorado full interpreted natural stream context — occurrence v2 preview","trout_source_public":"Compiled public recovery and lineage context; expert review recommended","trout_source_internal":"HUC8 lineage assignment v1 / review needed","public_notes":"Park Creek is shown as a generalized public-map named-water occurrence for Rio Grande cutthroat historic context. This object is separated from other same-named waters using HUC8, lineage, and local spatial clustering. Linework is grouped from public hydrography and should be treated as interpretive watershed context, not a precise biological boundary.","internal_notes":"Preview occurrence co_13010001_riogrande_park_creek_001; 138 segments; 27.2 km"}},{"type":"Feature","geometry":{"type":"LineString","coordinates":[[-106.72919,37.5717],[-106.7297,37.57303]]},"properties":{"huc8":"13010001","huc8Name":"Rio Grande Headwaters","historic":"rioGrande","current":"introduced","recovery":"recoveryWatch","lineageKey":"rioGrande","lineageLabel":"Rio Grande lineage","basin":"Rio Grande Headwaters","note":"Generalized Rio Grande cutthroat drainage context","state":"CO","confidence":"HUC8 drainage context / generalized","geometryStatus":"Named NHD stream intersecting assigned HUC8","troutSource":"HUC8 lineage assignment v1 / review needed","sourceName":"Park Creek","name":"Park Creek","source_id":"136350700","length_km":0.158,"FType":460,"FCode":46006,"atlas_class":"streamriver","water_id":"co_13010001_riogrande_park_creek_001","occurrence_id":"co_13010001_riogrande_park_creek_001","occurrence_number":"001","display_name":"Park Creek","mapped_name":"Park Creek","source_name":"Park Creek","disambiguator":"Rio Grande cutthroat historic context · HUC8 13010001 · occurrence 001","atlas_layer":"curated_named_water_occurrence","object_role":"interactive_named_water","lineage":"rioGrande","historic_label":"Rio Grande cutthroat historic context","current_label":"Rio Grande cutthroat historic context","recovery_label":"Recovery watch / review area","confidence_public":"Generalized public map / needs expert review","confidence_internal":"Occurrence-cluster preview; 138 source segments","geometry_status_public":"Generalized named-water occurrence","geometry_status_internal":"Grouped by display name, HUC8, lineage, and spatial cluster","geometry_source_public":"Grouped public hydrography segments","geometry_source_internal":"Colorado full interpreted natural stream context — occurrence v2 preview","trout_source_public":"Compiled public recovery and lineage context; expert review recommended","trout_source_internal":"HUC8 lineage assignment v1 / review needed","public_notes":"Park Creek is shown as a generalized public-map named-water occurrence for Rio Grande cutthroat historic context. This object is separated from other same-named waters using HUC8, lineage, and local spatial clustering. Linework is grouped from public hydrography and should be treated as interpretive watershed context, not a precise biological boundary.","internal_notes":"Preview occurrence co_13010001_riogrande_park_creek_001; 138 segments; 27.2 km"}},{"type":"Feature","geometry":{"type":"LineString","coordinates":[[-106.6991,37.53906],[-106.69927,37.54169]]},"properties":{"huc8":"13010001","huc8Name":"Rio Grande Headwaters","historic":"rioGrande","current":"introduced","recovery":"recoveryWatch","lineageKey":"rioGrande","lineageLabel":"Rio Grande lineage","basin":"Rio Grande Headwaters","note":"Generalized Rio Grande cutthroat drainage context","state":"CO","confidence":"HUC8 drainage context / generalized","geometryStatus":"Named NHD stream intersecting assigned HUC8","troutSource":"HUC8 lineage assignment v1 / review needed","sourceName":"Park Creek","name":"Park Creek","source_id":"160784171","length_km":0.304,"FType":460,"FCode":46006,"atlas_class":"streamriver","water_id":"co_13010001_riogrande_park_creek_001","occurrence_id":"co_13010001_riogrande_park_creek_001","occurrence_number":"001","display_name":"Park Creek","mapped_name":"Park Creek","source_name":"Park Creek","disambiguator":"Rio Grande cutthroat historic context · HUC8 13010001 · occurrence 001","atlas_layer":"curated_named_water_occurrence","object_role":"interactive_named_water","lineage":"rioGrande","historic_label":"Rio Grande cutthroat historic context","current_label":"Rio Grande cutthroat historic context","recovery_label":"Recovery watch / review area","confidence_public":"Generalized public map / needs expert review","confidence_internal":"Occurrence-cluster preview; 138 source segments","geometry_status_public":"Generalized named-water occurrence","geometry_status_internal":"Grouped by display name, HUC8, lineage, and spatial cluster","geometry_source_public":"Grouped public hydrography segments","geometry_source_internal":"Colorado full interpreted natural stream context — occurrence v2 preview","trout_source_public":"Compiled public recovery and lineage context; expert review recommended","trout_source_internal":"HUC8 lineage assignment v1 / review needed","public_notes":"Park Creek is shown as a generalized public-map named-water occurrence for Rio Grande cutthroat historic context. This object is separated from other same-named waters using HUC8, lineage, and local spatial clustering. Linework is grouped from public hydrography and should be treated as interpretive watershed context, not a precise biological boundary.","internal_notes":"Preview occurrence co_13010001_riogrande_park_creek_001; 138 segments; 27.2 km"}},{"type":"Feature","geometry":{"type":"LineString","coordinates":[[-106.72453,37.5674],[-106.72684,37.56785]]},"properties":{"huc8":"13010001","huc8Name":"Rio Grande Headwaters","historic":"rioGrande","current":"introduced","recovery":"recoveryWatch","lineageKey":"rioGrande","lineageLabel":"Rio Grande lineage","basin":"Rio Grande Headwaters","note":"Generalized Rio Grande cutthroat drainage context","state":"CO","confidence":"HUC8 drainage context / generalized","geometryStatus":"Named NHD stream intersecting assigned HUC8","troutSource":"HUC8 lineage assignment v1 / review needed","sourceName":"Park Creek","name":"Park Creek","source_id":"160784140","length_km":0.21,"FType":460,"FCode":46006,"atlas_class":"streamriver","water_id":"co_13010001_riogrande_park_creek_001","occurrence_id":"co_13010001_riogrande_park_creek_001","occurrence_number":"001","display_name":"Park Creek","mapped_name":"Park Creek","source_name":"Park Creek","disambiguator":"Rio Grande cutthroat historic context · HUC8 13010001 · occurrence 001","atlas_layer":"curated_named_water_occurrence","object_role":"interactive_named_water","lineage":"rioGrande","historic_label":"Rio Grande cutthroat historic context","current_label":"Rio Grande cutthroat historic context","recovery_label":"Recovery watch / review area","confidence_public":"Generalized public map / needs expert review","confidence_internal":"Occurrence-cluster preview; 138 source segments","geometry_status_public":"Generalized named-water occurrence","geometry_status_internal":"Grouped by display name, HUC8, lineage, and spatial cluster","geometry_source_public":"Grouped public hydrography segments","geometry_source_internal":"Colorado full interpreted natural stream context — occurrence v2 preview","trout_source_public":"Compiled public recovery and lineage context; expert review recommended","trout_source_internal":"HUC8 lineage assignment v1 / review needed","public_notes":"Park Creek is shown as a generalized public-map named-water occurrence for Rio Grande cutthroat historic context. This object is separated from other same-named waters using HUC8, lineage, and local spatial clustering. Linework is grouped from public hydrography and should be treated as interpretive watershed context, not a precise biological boundary.","internal_notes":"Preview occurrence co_13010001_riogrande_park_creek_001; 138 segments; 27.2 km"}},{"type":"Feature","geometry":{"type":"LineString","coordinates":[[-106.71666,37.56212],[-106.71736,37.56285]]},"properties":{"huc8":"13010001","huc8Name":"Rio Grande Headwaters","historic":"rioGrande","current":"introduced","recovery":"recoveryWatch","lineageKey":"rioGrande","lineageLabel":"Rio Grande lineage","basin":"Rio Grande Headwaters","note":"Generalized Rio Grande cutthroat drainage context","state":"CO","confidence":"HUC8 drainage context / generalized","geometryStatus":"Named NHD stream intersecting assigned HUC8","troutSource":"HUC8 lineage assignment v1 / review needed","sourceName":"Park Creek","name":"Park Creek","source_id":"160783350","length_km":0.106,"FType":460,"FCode":46006,"atlas_class":"streamriver","water_id":"co_13010001_riogrande_park_creek_001","occurrence_id":"co_13010001_riogrande_park_creek_001","occurrence_number":"001","display_name":"Park Creek","mapped_name":"Park Creek","source_name":"Park Creek","disambiguator":"Rio Grande cutthroat historic context · HUC8 13010001 · occurrence 001","atlas_layer":"curated_named_water_occurrence","object_role":"interactive_named_water","lineage":"rioGrande","historic_label":"Rio Grande cutthroat historic context","current_label":"Rio Grande cutthroat historic context","recovery_label":"Recovery watch / review area","confidence_public":"Generalized public map / needs expert review","confidence_internal":"Occurrence-cluster preview; 138 source segments","geometry_status_public":"Generalized named-water occurrence","geometry_status_internal":"Grouped by display name, HUC8, lineage, and spatial cluster","geometry_source_public":"Grouped public hydrography segments","geometry_source_internal":"Colorado full interpreted natural stream context — occurrence v2 preview","trout_source_public":"Compiled public recovery and lineage context; expert review recommended","trout_source_internal":"HUC8 lineage assignment v1 / review needed","public_notes":"Park Creek is shown as a generalized public-map named-water occurrence for Rio Grande cutthroat historic context. This object is separated from other same-named waters using HUC8, lineage, and local spatial clustering. Linework is grouped from public hydrography and should be treated as interpretive watershed context, not a precise biological boundary.","internal_notes":"Preview occurrence co_13010001_riogrande_park_creek_001; 138 segments; 27.2 km"}},{"type":"Feature","geometry":{"type":"LineString","coordinates":[[-106.72735,37.58261],[-106.7257,37.586]]},"properties":{"huc8":"13010001","huc8Name":"Rio Grande Headwaters","historic":"rioGrande","current":"introduced","recovery":"recoveryWatch","lineageKey":"rioGrande","lineageLabel":"Rio Grande lineage","basin":"Rio Grande Headwaters","note":"Generalized Rio Grande cutthroat drainage context","state":"CO","confidence":"HUC8 drainage context / generalized","geometryStatus":"Named NHD stream intersecting assigned HUC8","troutSource":"HUC8 lineage assignment v1 / review needed","sourceName":"Park Creek","name":"Park Creek","source_id":"160784252","length_km":0.409,"FType":460,"FCode":46006,"atlas_class":"streamriver","water_id":"co_13010001_riogrande_park_creek_001","occurrence_id":"co_13010001_riogrande_park_creek_001","occurrence_number":"001","display_name":"Park Creek","mapped_name":"Park Creek","source_name":"Park Creek","disambiguator":"Rio Grande cutthroat historic context · HUC8 13010001 · occurrence 001","atlas_layer":"curated_named_water_occurrence","object_role":"interactive_named_water","lineage":"rioGrande","historic_label":"Rio Grande cutthroat historic context","current_label":"Rio Grande cutthroat historic context","recovery_label":"Recovery watch / review area","confidence_public":"Generalized public map / needs expert review","confidence_internal":"Occurrence-cluster preview; 138 source segments","geometry_status_public":"Generalized named-water occurrence","geometry_status_internal":"Grouped by display name, HUC8, lineage, and spatial cluster","geometry_source_public":"Grouped public hydrography segments","geometry_source_internal":"Colorado full interpreted natural stream context — occurrence v2 preview","trout_source_public":"Compiled public recovery and lineage context; expert review recommended","trout_source_internal":"HUC8 lineage assignment v1 / review needed","public_notes":"Park Creek is shown as a generalized public-map named-water occurrence for Rio Grande cutthroat historic context. This object is separated from other same-named waters using HUC8, lineage, and local spatial clustering. Linework is grouped from public hydrography and should be treated as interpretive watershed context, not a precise biological boundary.","internal_notes":"Preview occurrence co_13010001_riogrande_park_creek_001; 138 segments; 27.2 km"}},{"type":"Feature","geometry":{"type":"LineString","coordinates":[[-106.70197,37.52013],[-106.7021,37.52103]]},"properties":{"huc8":"13010001","huc8Name":"Rio Grande Headwaters","historic":"rioGrande","current":"introduced","recovery":"recoveryWatch","lineageKey":"rioGrande","lineageLabel":"Rio Grande lineage","basin":"Rio Grande Headwaters","note":"Generalized Rio Grande cutthroat drainage context","state":"CO","confidence":"HUC8 drainage context / generalized","geometryStatus":"Named NHD stream intersecting assigned HUC8","troutSource":"HUC8 lineage assignment v1 / review needed","sourceName":"Park Creek","name":"Park Creek","source_id":"160783709","length_km":0.102,"FType":460,"FCode":46006,"atlas_class":"streamriver","water_id":"co_13010001_riogrande_park_creek_001","occurrence_id":"co_13010001_riogrande_park_creek_001","occurrence_number":"001","display_name":"Park Creek","mapped_name":"Park Creek","source_name":"Park Creek","disambiguator":"Rio Grande cutthroat historic context · HUC8 13010001 · occurrence 001","atlas_layer":"curated_named_water_occurrence","object_role":"interactive_named_water","lineage":"rioGrande","historic_label":"Rio Grande cutthroat historic context","current_label":"Rio Grande cutthroat historic context","recovery_label":"Recovery watch / review area","confidence_public":"Generalized public map / needs expert review","confidence_internal":"Occurrence-cluster preview; 138 source segments","geometry_status_public":"Generalized named-water occurrence","geometry_status_internal":"Grouped by display name, HUC8, lineage, and spatial cluster","geometry_source_public":"Grouped public hydrography segments","geometry_source_internal":"Colorado full interpreted natural stream context — occurrence v2 preview","trout_source_public":"Compiled public recovery and lineage context; expert review recommended","trout_source_internal":"HUC8 lineage assignment v1 / review needed","public_notes":"Park Creek is shown as a generalized public-map named-water occurrence for Rio Grande cutthroat historic context. This object is separated from other same-named waters using HUC8, lineage, and local spatial clustering. Linework is grouped from public hydrography and should be treated as interpretive watershed context, not a precise biological boundary.","internal_notes":"Preview occurrence co_13010001_riogrande_park_creek_001; 138 segments; 27.2 km"}},{"type":"Feature","geometry":{"type":"LineString","coordinates":[[-106.72543,37.58791],[-106.72648,37.58896],[-106.72646,37.58987]]},"properties":{"huc8":"13010001","huc8Name":"Rio Grande Headwaters","historic":"rioGrande","current":"introduced","recovery":"recoveryWatch","lineageKey":"rioGrande","lineageLabel":"Rio Grande lineage","basin":"Rio Grande Headwaters","note":"Generalized Rio Grande cutthroat drainage context","state":"CO","confidence":"HUC8 drainage context / generalized","geometryStatus":"Named NHD stream intersecting assigned HUC8","troutSource":"HUC8 lineage assignment v1 / review needed","sourceName":"Park Creek","name":"Park Creek","source_id":"160784175","length_km":0.254,"FType":460,"FCode":46006,"atlas_class":"streamriver","water_id":"co_13010001_riogrande_park_creek_001","occurrence_id":"co_13010001_riogrande_park_creek_001","occurrence_number":"001","display_name":"Park Creek","mapped_name":"Park Creek","source_name":"Park Creek","disambiguator":"Rio Grande cutthroat historic context · HUC8 13010001 · occurrence 001","atlas_layer":"curated_named_water_occurrence","object_role":"interactive_named_water","lineage":"rioGrande","historic_label":"Rio Grande cutthroat historic context","current_label":"Rio Grande cutthroat historic context","recovery_label":"Recovery watch / review area","confidence_public":"Generalized public map / needs expert review","confidence_internal":"Occurrence-cluster preview; 138 source segments","geometry_status_public":"Generalized named-water occurrence","geometry_status_internal":"Grouped by display name, HUC8, lineage, and spatial cluster","geometry_source_public":"Grouped public hydrography segments","geometry_source_internal":"Colorado full interpreted natural stream context — occurrence v2 preview","trout_source_public":"Compiled public recovery and lineage context; expert review recommended","trout_source_internal":"HUC8 lineage assignment v1 / review needed","public_notes":"Park Creek is shown as a generalized public-map named-water occurrence for Rio Grande cutthroat historic context. This object is separated from other same-named waters using HUC8, lineage, and local spatial clustering. Linework is grouped from public hydrography and should be treated as interpretive watershed context, not a precise biological boundary.","internal_notes":"Preview occurrence co_13010001_riogrande_park_creek_001; 138 segments; 27.2 km"}},{"type":"Feature","geometry":{"type":"LineString","coordinates":[[-106.72981,37.57679],[-106.72971,37.57743]]},"properties":{"huc8":"13010001","huc8Name":"Rio Grande Headwaters","historic":"rioGrande","current":"introduced","recovery":"recoveryWatch","lineageKey":"rioGrande","lineageLabel":"Rio Grande lineage","basin":"Rio Grande Headwaters","note":"Generalized Rio Grande cutthroat drainage context","state":"CO","confidence":"HUC8 drainage context / generalized","geometryStatus":"Named NHD stream intersecting assigned HUC8","troutSource":"HUC8 lineage assignment v1 / review needed","sourceName":"Park Creek","name":"Park Creek","source_id":"160783710","length_km":0.073,"FType":460,"FCode":46006,"atlas_class":"streamriver","water_id":"co_13010001_riogrande_park_creek_001","occurrence_id":"co_13010001_riogrande_park_creek_001","occurrence_number":"001","display_name":"Park Creek","mapped_name":"Park Creek","source_name":"Park Creek","disambiguator":"Rio Grande cutthroat historic context · HUC8 13010001 · occurrence 001","atlas_layer":"curated_named_water_occurrence","object_role":"interactive_named_water","lineage":"rioGrande","historic_label":"Rio Grande cutthroat historic context","current_label":"Rio Grande cutthroat historic context","recovery_label":"Recovery watch / review area","confidence_public":"Generalized public map / needs expert review","confidence_internal":"Occurrence-cluster preview; 138 source segments","geometry_status_public":"Generalized named-water occurrence","geometry_status_internal":"Grouped by display name, HUC8, lineage, and spatial cluster","geometry_source_public":"Grouped public hydrography segments","geometry_source_internal":"Colorado full interpreted natural stream context — occurrence v2 preview","trout_source_public":"Compiled public recovery and lineage context; expert review recommended","trout_source_internal":"HUC8 lineage assignment v1 / review needed","public_notes":"Park Creek is shown as a generalized public-map named-water occurrence for Rio Grande cutthroat historic context. This object is separated from other same-named waters using HUC8, lineage, and local spatial clustering. Linework is grouped from public hydrography and should be treated as interpretive watershed context, not a precise biological boundary.","internal_notes":"Preview occurrence co_13010001_riogrande_park_creek_001; 138 segments; 27.2 km"}},{"type":"Feature","geometry":{"type":"LineString","coordinates":[[-106.7021,37.52103],[-106.70093,37.52412]]},"properties":{"huc8":"13010001","huc8Name":"Rio Grande Headwaters","historic":"rioGrande","current":"introduced","recovery":"recoveryWatch","lineageKey":"rioGrande","lineageLabel":"Rio Grande lineage","basin":"Rio Grande Headwaters","note":"Generalized Rio Grande cutthroat drainage context","state":"CO","confidence":"HUC8 drainage context / generalized","geometryStatus":"Named NHD stream intersecting assigned HUC8","troutSource":"HUC8 lineage assignment v1 / review needed","sourceName":"Park Creek","name":"Park Creek","source_id":"160783386","length_km":0.364,"FType":460,"FCode":46006,"atlas_class":"streamriver","water_id":"co_13010001_riogrande_park_creek_001","occurrence_id":"co_13010001_riogrande_park_creek_001","occurrence_number":"001","display_name":"Park Creek","mapped_name":"Park Creek","source_name":"Park Creek","disambiguator":"Rio Grande cutthroat historic context · HUC8 13010001 · occurrence 001","atlas_layer":"curated_named_water_occurrence","object_role":"interactive_named_water","lineage":"rioGrande","historic_label":"Rio Grande cutthroat historic context","current_label":"Rio Grande cutthroat historic context","recovery_label":"Recovery watch / review area","confidence_public":"Generalized public map / needs expert review","confidence_internal":"Occurrence-cluster preview; 138 source segments","geometry_status_public":"Generalized named-water occurrence","geometry_status_internal":"Grouped by display name, HUC8, lineage, and spatial cluster","geometry_source_public":"Grouped public hydrography segments","geometry_source_internal":"Colorado full interpreted natural stream context — occurrence v2 preview","trout_source_public":"Compiled public recovery and lineage context; expert review recommended","trout_source_internal":"HUC8 lineage assignment v1 / review needed","public_notes":"Park Creek is shown as a generalized public-map named-water occurrence for Rio Grande cutthroat historic context. This object is separated from other same-named waters using HUC8, lineage, and local spatial clustering. Linework is grouped from public hydrography and should be treated as interpretive watershed context, not a precise biological boundary.","internal_notes":"Preview occurrence co_13010001_riogrande_park_creek_001; 138 segments; 27.2 km"}},{"type":"Feature","geometry":{"type":"LineString","coordinates":[[-106.70425,37.51496],[-106.70352,37.5154]]},"properties":{"huc8":"13010001","huc8Name":"Rio Grande Headwaters","historic":"rioGrande","current":"introduced","recovery":"recoveryWatch","lineageKey":"rioGrande","lineageLabel":"Rio Grande lineage","basin":"Rio Grande Headwaters","note":"Generalized Rio Grande cutthroat drainage context","state":"CO","confidence":"HUC8 drainage context / generalized","geometryStatus":"Named NHD stream intersecting assigned HUC8","troutSource":"HUC8 lineage assignment v1 / review needed","sourceName":"Park Creek","name":"Park Creek","source_id":"160783716","length_km":0.082,"FType":460,"FCode":46006,"atlas_class":"streamriver","water_id":"co_13010001_riogrande_park_creek_001","occurrence_id":"co_13010001_riogrande_park_creek_001","occurrence_number":"001","display_name":"Park Creek","mapped_name":"Park Creek","source_name":"Park Creek","disambiguator":"Rio Grande cutthroat historic context · HUC8 13010001 · occurrence 001","atlas_layer":"curated_named_water_occurrence","object_role":"interactive_named_water","lineage":"rioGrande","historic_label":"Rio Grande cutthroat historic context","current_label":"Rio Grande cutthroat historic context","recovery_label":"Recovery watch / review area","confidence_public":"Generalized public map / needs expert review","confidence_internal":"Occurrence-cluster preview; 138 source segments","geometry_status_public":"Generalized named-water occurrence","geometry_status_internal":"Grouped by display name, HUC8, lineage, and spatial cluster","geometry_source_public":"Grouped public hydrography segments","geometry_source_internal":"Colorado full interpreted natural stream context — occurrence v2 preview","trout_source_public":"Compiled public recovery and lineage context; expert review recommended","trout_source_internal":"HUC8 lineage assignment v1 / review needed","public_notes":"Park Creek is shown as a generalized public-map named-water occurrence for Rio Grande cutthroat historic context. This object is separated from other same-named waters using HUC8, lineage, and local spatial clustering. Linework is grouped from public hydrography and should be treated as interpretive watershed context, not a precise biological boundary.","internal_notes":"Preview occurrence co_13010001_riogrande_park_creek_001; 138 segments; 27.2 km"}},{"type":"Feature","geometry":{"type":"LineString","coordinates":[[-106.69776,37.55149],[-106.69817,37.55262]]},"properties":{"huc8":"13010001","huc8Name":"Rio Grande Headwaters","historic":"rioGrande","current":"introduced","recovery":"recoveryWatch","lineageKey":"rioGrande","lineageLabel":"Rio Grande lineage","basin":"Rio Grande Headwaters","note":"Generalized Rio Grande cutthroat drainage context","state":"CO","confidence":"HUC8 drainage context / generalized","geometryStatus":"Named NHD stream intersecting assigned HUC8","troutSource":"HUC8 lineage assignment v1 / review needed","sourceName":"Park Creek","name":"Park Creek","source_id":"160783769","length_km":0.136,"FType":460,"FCode":46006,"atlas_class":"streamriver","water_id":"co_13010001_riogrande_park_creek_001","occurrence_id":"co_13010001_riogrande_park_creek_001","occurrence_number":"001","display_name":"Park Creek","mapped_name":"Park Creek","source_name":"Park Creek","disambiguator":"Rio Grande cutthroat historic context · HUC8 13010001 · occurrence 001","atlas_layer":"curated_named_water_occurrence","object_role":"interactive_named_water","lineage":"rioGrande","historic_label":"Rio Grande cutthroat historic context","current_label":"Rio Grande cutthroat historic context","recovery_label":"Recovery watch / review area","confidence_public":"Generalized public map / needs expert review","confidence_internal":"Occurrence-cluster preview; 138 source segments","geometry_status_public":"Generalized named-water occurrence","geometry_status_internal":"Grouped by display name, HUC8, lineage, and spatial cluster","geometry_source_public":"Grouped public hydrography segments","geometry_source_internal":"Colorado full interpreted natural stream context — occurrence v2 preview","trout_source_public":"Compiled public recovery and lineage context; expert review recommended","trout_source_internal":"HUC8 lineage assignment v1 / review needed","public_notes":"Park Creek is shown as a generalized public-map named-water occurrence for Rio Grande cutthroat historic context. This object is separated from other same-named waters using HUC8, lineage, and local spatial clustering. Linework is grouped from public hydrography and should be treated as interpretive watershed context, not a precise biological boundary.","internal_notes":"Preview occurrence co_13010001_riogrande_park_creek_001; 138 segments; 27.2 km"}},{"type":"Feature","geometry":{"type":"LineString","coordinates":[[-106.70105,37.52717],[-106.70104,37.52726]]},"properties":{"huc8":"13010001","huc8Name":"Rio Grande Headwaters","historic":"rioGrande","current":"introduced","recovery":"recoveryWatch","lineageKey":"rioGrande","lineageLabel":"Rio Grande lineage","basin":"Rio Grande Headwaters","note":"Generalized Rio Grande cutthroat drainage context","state":"CO","confidence":"HUC8 drainage context / generalized","geometryStatus":"Named NHD stream intersecting assigned HUC8","troutSource":"HUC8 lineage assignment v1 / review needed","sourceName":"Park Creek","name":"Park Creek","source_id":"160784108","length_km":0.01,"FType":460,"FCode":46006,"atlas_class":"streamriver","water_id":"co_13010001_riogrande_park_creek_001","occurrence_id":"co_13010001_riogrande_park_creek_001","occurrence_number":"001","display_name":"Park Creek","mapped_name":"Park Creek","source_name":"Park Creek","disambiguator":"Rio Grande cutthroat historic context · HUC8 13010001 · occurrence 001","atlas_layer":"curated_named_water_occurrence","object_role":"interactive_named_water","lineage":"rioGrande","historic_label":"Rio Grande cutthroat historic context","current_label":"Rio Grande cutthroat historic context","recovery_label":"Recovery watch / review area","confidence_public":"Generalized public map / needs expert review","confidence_internal":"Occurrence-cluster preview; 138 source segments","geometry_status_public":"Generalized named-water occurrence","geometry_status_internal":"Grouped by display name, HUC8, lineage, and spatial cluster","geometry_source_public":"Grouped public hydrography segments","geometry_source_internal":"Colorado full interpreted natural stream context — occurrence v2 preview","trout_source_public":"Compiled public recovery and lineage context; expert review recommended","trout_source_internal":"HUC8 lineage assignment v1 / review needed","public_notes":"Park Creek is shown as a generalized public-map named-water occurrence for Rio Grande cutthroat historic context. This object is separated from other same-named waters using HUC8, lineage, and local spatial clustering. Linework is grouped from public hydrography and should be treated as interpretive watershed context, not a precise biological boundary.","internal_notes":"Preview occurrence co_13010001_riogrande_park_creek_001; 138 segments; 27.2 km"}},{"type":"Feature","geometry":{"type":"LineString","coordinates":[[-106.72528,37.58695],[-106.72543,37.58791]]},"properties":{"huc8":"13010001","huc8Name":"Rio Grande Headwaters","historic":"rioGrande","current":"introduced","recovery":"recoveryWatch","lineageKey":"rioGrande","lineageLabel":"Rio Grande lineage","basin":"Rio Grande Headwaters","note":"Generalized Rio Grande cutthroat drainage context","state":"CO","confidence":"HUC8 drainage context / generalized","geometryStatus":"Named NHD stream intersecting assigned HUC8","troutSource":"HUC8 lineage assignment v1 / review needed","sourceName":"Park Creek","name":"Park Creek","source_id":"136350697","length_km":0.123,"FType":460,"FCode":46006,"atlas_class":"streamriver","water_id":"co_13010001_riogrande_park_creek_001","occurrence_id":"co_13010001_riogrande_park_creek_001","occurrence_number":"001","display_name":"Park Creek","mapped_name":"Park Creek","source_name":"Park Creek","disambiguator":"Rio Grande cutthroat historic context · HUC8 13010001 · occurrence 001","atlas_layer":"curated_named_water_occurrence","object_role":"interactive_named_water","lineage":"rioGrande","historic_label":"Rio Grande cutthroat historic context","current_label":"Rio Grande cutthroat historic context","recovery_label":"Recovery watch / review area","confidence_public":"Generalized public map / needs expert review","confidence_internal":"Occurrence-cluster preview; 138 source segments","geometry_status_public":"Generalized named-water occurrence","geometry_status_internal":"Grouped by display name, HUC8, lineage, and spatial cluster","geometry_source_public":"Grouped public hydrography segments","geometry_source_internal":"Colorado full interpreted natural stream context — occurrence v2 preview","trout_source_public":"Compiled public recovery and lineage context; expert review recommended","trout_source_internal":"HUC8 lineage assignment v1 / review needed","public_notes":"Park Creek is shown as a generalized public-map named-water occurrence for Rio Grande cutthroat historic context. This object is separated from other same-named waters using HUC8, lineage, and local spatial clustering. Linework is grouped from public hydrography and should be treated as interpretive watershed context, not a precise biological boundary.","internal_notes":"Preview occurrence co_13010001_riogrande_park_creek_001; 138 segments; 27.2 km"}},{"type":"Feature","geometry":{"type":"LineString","coordinates":[[-106.70235,37.51571],[-106.7028,37.51717]]},"properties":{"huc8":"13010001","huc8Name":"Rio Grande Headwaters","historic":"rioGrande","current":"introduced","recovery":"recoveryWatch","lineageKey":"rioGrande","lineageLabel":"Rio Grande lineage","basin":"Rio Grande Headwaters","note":"Generalized Rio Grande cutthroat drainage context","state":"CO","confidence":"HUC8 drainage context / generalized","geometryStatus":"Named NHD stream intersecting assigned HUC8","troutSource":"HUC8 lineage assignment v1 / review needed","sourceName":"Park Creek","name":"Park Creek","source_id":"160783377","length_km":0.183,"FType":460,"FCode":46006,"atlas_class":"streamriver","water_id":"co_13010001_riogrande_park_creek_001","occurrence_id":"co_13010001_riogrande_park_creek_001","occurrence_number":"001","display_name":"Park Creek","mapped_name":"Park Creek","source_name":"Park Creek","disambiguator":"Rio Grande cutthroat historic context · HUC8 13010001 · occurrence 001","atlas_layer":"curated_named_water_occurrence","object_role":"interactive_named_water","lineage":"rioGrande","historic_label":"Rio Grande cutthroat historic context","current_label":"Rio Grande cutthroat historic context","recovery_label":"Recovery watch / review area","confidence_public":"Generalized public map / needs expert review","confidence_internal":"Occurrence-cluster preview; 138 source segments","geometry_status_public":"Generalized named-water occurrence","geometry_status_internal":"Grouped by display name, HUC8, lineage, and spatial cluster","geometry_source_public":"Grouped public hydrography segments","geometry_source_internal":"Colorado full interpreted natural stream context — occurrence v2 preview","trout_source_public":"Compiled public recovery and lineage context; expert review recommended","trout_source_internal":"HUC8 lineage assignment v1 / review needed","public_notes":"Park Creek is shown as a generalized public-map named-water occurrence for Rio Grande cutthroat historic context. This object is separated from other same-named waters using HUC8, lineage, and local spatial clustering. Linework is grouped from public hydrography and should be treated as interpretive watershed context, not a precise biological boundary.","internal_notes":"Preview occurrence co_13010001_riogrande_park_creek_001; 138 segments; 27.2 km"}},{"type":"Feature","geometry":{"type":"LineString","coordinates":[[-106.69629,37.49588],[-106.70151,37.50369],[-106.70251,37.504],[-106.7028,37.50476]]},"properties":{"huc8":"13010001","huc8Name":"Rio Grande Headwaters","historic":"rioGrande","current":"introduced","recovery":"recoveryWatch","lineageKey":"rioGrande","lineageLabel":"Rio Grande lineage","basin":"Rio Grande Headwaters","note":"Generalized Rio Grande cutthroat drainage context","state":"CO","confidence":"HUC8 drainage context / generalized","geometryStatus":"Named NHD stream intersecting assigned HUC8","troutSource":"HUC8 lineage assignment v1 / review needed","sourceName":"Park Creek","name":"Park Creek","source_id":"160784307","length_km":1.214,"FType":460,"FCode":46006,"atlas_class":"streamriver","water_id":"co_13010001_riogrande_park_creek_001","occurrence_id":"co_13010001_riogrande_park_creek_001","occurrence_number":"001","display_name":"Park Creek","mapped_name":"Park Creek","source_name":"Park Creek","disambiguator":"Rio Grande cutthroat historic context · HUC8 13010001 · occurrence 001","atlas_layer":"curated_named_water_occurrence","object_role":"interactive_named_water","lineage":"rioGrande","historic_label":"Rio Grande cutthroat historic context","current_label":"Rio Grande cutthroat historic context","recovery_label":"Recovery watch / review area","confidence_public":"Generalized public map / needs expert review","confidence_internal":"Occurrence-cluster preview; 138 source segments","geometry_status_public":"Generalized named-water occurrence","geometry_status_internal":"Grouped by display name, HUC8, lineage, and spatial cluster","geometry_source_public":"Grouped public hydrography segments","geometry_source_internal":"Colorado full interpreted natural stream context — occurrence v2 preview","trout_source_public":"Compiled public recovery and lineage context; expert review recommended","trout_source_internal":"HUC8 lineage assignment v1 / review needed","public_notes":"Park Creek is shown as a generalized public-map named-water occurrence for Rio Grande cutthroat historic context. This object is separated from other same-named waters using HUC8, lineage, and local spatial clustering. Linework is grouped from public hydrography and should be treated as interpretive watershed context, not a precise biological boundary.","internal_notes":"Preview occurrence co_13010001_riogrande_park_creek_001; 138 segments; 27.2 km"}},{"type":"Feature","geometry":{"type":"LineString","coordinates":[[-106.69817,37.55262],[-106.69828,37.55355]]},"properties":{"huc8":"13010001","huc8Name":"Rio Grande Headwaters","historic":"rioGrande","current":"introduced","recovery":"recoveryWatch","lineageKey":"rioGrande","lineageLabel":"Rio Grande lineage","basin":"Rio Grande Headwaters","note":"Generalized Rio Grande cutthroat drainage context","state":"CO","confidence":"HUC8 drainage context / generalized","geometryStatus":"Named NHD stream intersecting assigned HUC8","troutSource":"HUC8 lineage assignment v1 / review needed","sourceName":"Park Creek","name":"Park Creek","source_id":"160783770","length_km":0.106,"FType":460,"FCode":46006,"atlas_class":"streamriver","water_id":"co_13010001_riogrande_park_creek_001","occurrence_id":"co_13010001_riogrande_park_creek_001","occurrence_number":"001","display_name":"Park Creek","mapped_name":"Park Creek","source_name":"Park Creek","disambiguator":"Rio Grande cutthroat historic context · HUC8 13010001 · occurrence 001","atlas_layer":"curated_named_water_occurrence","object_role":"interactive_named_water","lineage":"rioGrande","historic_label":"Rio Grande cutthroat historic context","current_label":"Rio Grande cutthroat historic context","recovery_label":"Recovery watch / review area","confidence_public":"Generalized public map / needs expert review","confidence_internal":"Occurrence-cluster preview; 138 source segments","geometry_status_public":"Generalized named-water occurrence","geometry_status_internal":"Grouped by display name, HUC8, lineage, and spatial cluster","geometry_source_public":"Grouped public hydrography segments","geometry_source_internal":"Colorado full interpreted natural stream context — occurrence v2 preview","trout_source_public":"Compiled public recovery and lineage context; expert review recommended","trout_source_internal":"HUC8 lineage assignment v1 / review needed","public_notes":"Park Creek is shown as a generalized public-map named-water occurrence for Rio Grande cutthroat historic context. This object is separated from other same-named waters using HUC8, lineage, and local spatial clustering. Linework is grouped from public hydrography and should be treated as interpretive watershed context, not a precise biological boundary.","internal_notes":"Preview occurrence co_13010001_riogrande_park_creek_001; 138 segments; 27.2 km"}},{"type":"Feature","geometry":{"type":"LineString","coordinates":[[-106.70317,37.50716],[-106.70427,37.50763]]},"properties":{"huc8":"13010001","huc8Name":"Rio Grande Headwaters","historic":"rioGrande","current":"introduced","recovery":"recoveryWatch","lineageKey":"rioGrande","lineageLabel":"Rio Grande lineage","basin":"Rio Grande Headwaters","note":"Generalized Rio Grande cutthroat drainage context","state":"CO","confidence":"HUC8 drainage context / generalized","geometryStatus":"Named NHD stream intersecting assigned HUC8","troutSource":"HUC8 lineage assignment v1 / review needed","sourceName":"Park Creek","name":"Park Creek","source_id":"160783298","length_km":0.123,"FType":460,"FCode":46006,"atlas_class":"streamriver","water_id":"co_13010001_riogrande_park_creek_001","occurrence_id":"co_13010001_riogrande_park_creek_001","occurrence_number":"001","display_name":"Park Creek","mapped_name":"Park Creek","source_name":"Park Creek","disambiguator":"Rio Grande cutthroat historic context · HUC8 13010001 · occurrence 001","atlas_layer":"curated_named_water_occurrence","object_role":"interactive_named_water","lineage":"rioGrande","historic_label":"Rio Grande cutthroat historic context","current_label":"Rio Grande cutthroat historic context","recovery_label":"Recovery watch / review area","confidence_public":"Generalized public map / needs expert review","confidence_internal":"Occurrence-cluster preview; 138 source segments","geometry_status_public":"Generalized named-water occurrence","geometry_status_internal":"Grouped by display name, HUC8, lineage, and spatial cluster","geometry_source_public":"Grouped public hydrography segments","geometry_source_internal":"Colorado full interpreted natural stream context — occurrence v2 preview","trout_source_public":"Compiled public recovery and lineage context; expert review recommended","trout_source_internal":"HUC8 lineage assignment v1 / review needed","public_notes":"Park Creek is shown as a generalized public-map named-water occurrence for Rio Grande cutthroat historic context. This object is separated from other same-named waters using HUC8, lineage, and local spatial clustering. Linework is grouped from public hydrography and should be treated as interpretive watershed context, not a precise biological boundary.","internal_notes":"Preview occurrence co_13010001_riogrande_park_creek_001; 138 segments; 27.2 km"}},{"type":"Feature","geometry":{"type":"LineString","coordinates":[[-106.7028,37.51717],[-106.70276,37.51864]]},"properties":{"huc8":"13010001","huc8Name":"Rio Grande Headwaters","historic":"rioGrande","current":"introduced","recovery":"recoveryWatch","lineageKey":"rioGrande","lineageLabel":"Rio Grande lineage","basin":"Rio Grande Headwaters","note":"Generalized Rio Grande cutthroat drainage context","state":"CO","confidence":"HUC8 drainage context / generalized","geometryStatus":"Named NHD stream intersecting assigned HUC8","troutSource":"HUC8 lineage assignment v1 / review needed","sourceName":"Park Creek","name":"Park Creek","source_id":"160783307","length_km":0.166,"FType":460,"FCode":46006,"atlas_class":"streamriver","water_id":"co_13010001_riogrande_park_creek_001","occurrence_id":"co_13010001_riogrande_park_creek_001","occurrence_number":"001","display_name":"Park Creek","mapped_name":"Park Creek","source_name":"Park Creek","disambiguator":"Rio Grande cutthroat historic context · HUC8 13010001 · occurrence 001","atlas_layer":"curated_named_water_occurrence","object_role":"interactive_named_water","lineage":"rioGrande","historic_label":"Rio Grande cutthroat historic context","current_label":"Rio Grande cutthroat historic context","recovery_label":"Recovery watch / review area","confidence_public":"Generalized public map / needs expert review","confidence_internal":"Occurrence-cluster preview; 138 source segments","geometry_status_public":"Generalized named-water occurrence","geometry_status_internal":"Grouped by display name, HUC8, lineage, and spatial cluster","geometry_source_public":"Grouped public hydrography segments","geometry_source_internal":"Colorado full interpreted natural stream context — occurrence v2 preview","trout_source_public":"Compiled public recovery and lineage context; expert review recommended","trout_source_internal":"HUC8 lineage assignment v1 / review needed","public_notes":"Park Creek is shown as a generalized public-map named-water occurrence for Rio Grande cutthroat historic context. This object is separated from other same-named waters using HUC8, lineage, and local spatial clustering. Linework is grouped from public hydrography and should be treated as interpretive watershed context, not a precise biological boundary.","internal_notes":"Preview occurrence co_13010001_riogrande_park_creek_001; 138 segments; 27.2 km"}},{"type":"Feature","geometry":{"type":"LineString","coordinates":[[-106.69937,37.53777],[-106.69909,37.53881]]},"properties":{"huc8":"13010001","huc8Name":"Rio Grande Headwaters","historic":"rioGrande","current":"introduced","recovery":"recoveryWatch","lineageKey":"rioGrande","lineageLabel":"Rio Grande lineage","basin":"Rio Grande Headwaters","note":"Generalized Rio Grande cutthroat drainage context","state":"CO","confidence":"HUC8 drainage context / generalized","geometryStatus":"Named NHD stream intersecting assigned HUC8","troutSource":"HUC8 lineage assignment v1 / review needed","sourceName":"Park Creek","name":"Park Creek","source_id":"136350715","length_km":0.12,"FType":460,"FCode":46006,"atlas_class":"streamriver","water_id":"co_13010001_riogrande_park_creek_001","occurrence_id":"co_13010001_riogrande_park_creek_001","occurrence_number":"001","display_name":"Park Creek","mapped_name":"Park Creek","source_name":"Park Creek","disambiguator":"Rio Grande cutthroat historic context · HUC8 13010001 · occurrence 001","atlas_layer":"curated_named_water_occurrence","object_role":"interactive_named_water","lineage":"rioGrande","historic_label":"Rio Grande cutthroat historic context","current_label":"Rio Grande cutthroat historic context","recovery_label":"Recovery watch / review area","confidence_public":"Generalized public map / needs expert review","confidence_internal":"Occurrence-cluster preview; 138 source segments","geometry_status_public":"Generalized named-water occurrence","geometry_status_internal":"Grouped by display name, HUC8, lineage, and spatial cluster","geometry_source_public":"Grouped public hydrography segments","geometry_source_internal":"Colorado full interpreted natural stream context — occurrence v2 preview","trout_source_public":"Compiled public recovery and lineage context; expert review recommended","trout_source_internal":"HUC8 lineage assignment v1 / review needed","public_notes":"Park Creek is shown as a generalized public-map named-water occurrence for Rio Grande cutthroat historic context. This object is separated from other same-named waters using HUC8, lineage, and local spatial clustering. Linework is grouped from public hydrography and should be treated as interpretive watershed context, not a precise biological boundary.","internal_notes":"Preview occurrence co_13010001_riogrande_park_creek_001; 138 segments; 27.2 km"}},{"type":"Feature","geometry":{"type":"LineString","coordinates":[[-106.69856,37.54249],[-106.69842,37.54268]]},"properties":{"huc8":"13010001","huc8Name":"Rio Grande Headwaters","historic":"rioGrande","current":"introduced","recovery":"recoveryWatch","lineageKey":"rioGrande","lineageLabel":"Rio Grande lineage","basin":"Rio Grande Headwaters","note":"Generalized Rio Grande cutthroat drainage context","state":"CO","confidence":"HUC8 drainage context / generalized","geometryStatus":"Named NHD stream intersecting assigned HUC8","troutSource":"HUC8 lineage assignment v1 / review needed","sourceName":"Park Creek","name":"Park Creek","source_id":"160784243","length_km":0.024,"FType":460,"FCode":46006,"atlas_class":"streamriver","water_id":"co_13010001_riogrande_park_creek_001","occurrence_id":"co_13010001_riogrande_park_creek_001","occurrence_number":"001","display_name":"Park Creek","mapped_name":"Park Creek","source_name":"Park Creek","disambiguator":"Rio Grande cutthroat historic context · HUC8 13010001 · occurrence 001","atlas_layer":"curated_named_water_occurrence","object_role":"interactive_named_water","lineage":"rioGrande","historic_label":"Rio Grande cutthroat historic context","current_label":"Rio Grande cutthroat historic context","recovery_label":"Recovery watch / review area","confidence_public":"Generalized public map / needs expert review","confidence_internal":"Occurrence-cluster preview; 138 source segments","geometry_status_public":"Generalized named-water occurrence","geometry_status_internal":"Grouped by display name, HUC8, lineage, and spatial cluster","geometry_source_public":"Grouped public hydrography segments","geometry_source_internal":"Colorado full interpreted natural stream context — occurrence v2 preview","trout_source_public":"Compiled public recovery and lineage context; expert review recommended","trout_source_internal":"HUC8 lineage assignment v1 / review needed","public_notes":"Park Creek is shown as a generalized public-map named-water occurrence for Rio Grande cutthroat historic context. This object is separated from other same-named waters using HUC8, lineage, and local spatial clustering. Linework is grouped from public hydrography and should be treated as interpretive watershed context, not a precise biological boundary.","internal_notes":"Preview occurrence co_13010001_riogrande_park_creek_001; 138 segments; 27.2 km"}},{"type":"Feature","geometry":{"type":"LineString","coordinates":[[-106.69842,37.54268],[-106.69834,37.54362]]},"properties":{"huc8":"13010001","huc8Name":"Rio Grande Headwaters","historic":"rioGrande","current":"introduced","recovery":"recoveryWatch","lineageKey":"rioGrande","lineageLabel":"Rio Grande lineage","basin":"Rio Grande Headwaters","note":"Generalized Rio Grande cutthroat drainage context","state":"CO","confidence":"HUC8 drainage context / generalized","geometryStatus":"Named NHD stream intersecting assigned HUC8","troutSource":"HUC8 lineage assignment v1 / review needed","sourceName":"Park Creek","name":"Park Creek","source_id":"160783395","length_km":0.106,"FType":460,"FCode":46006,"atlas_class":"streamriver","water_id":"co_13010001_riogrande_park_creek_001","occurrence_id":"co_13010001_riogrande_park_creek_001","occurrence_number":"001","display_name":"Park Creek","mapped_name":"Park Creek","source_name":"Park Creek","disambiguator":"Rio Grande cutthroat historic context · HUC8 13010001 · occurrence 001","atlas_layer":"curated_named_water_occurrence","object_role":"interactive_named_water","lineage":"rioGrande","historic_label":"Rio Grande cutthroat historic context","current_label":"Rio Grande cutthroat historic context","recovery_label":"Recovery watch / review area","confidence_public":"Generalized public map / needs expert review","confidence_internal":"Occurrence-cluster preview; 138 source segments","geometry_status_public":"Generalized named-water occurrence","geometry_status_internal":"Grouped by display name, HUC8, lineage, and spatial cluster","geometry_source_public":"Grouped public hydrography segments","geometry_source_internal":"Colorado full interpreted natural stream context — occurrence v2 preview","trout_source_public":"Compiled public recovery and lineage context; expert review recommended","trout_source_internal":"HUC8 lineage assignment v1 / review needed","public_notes":"Park Creek is shown as a generalized public-map named-water occurrence for Rio Grande cutthroat historic context. This object is separated from other same-named waters using HUC8, lineage, and local spatial clustering. Linework is grouped from public hydrography and should be treated as interpretive watershed context, not a precise biological boundary.","internal_notes":"Preview occurrence co_13010001_riogrande_park_creek_001; 138 segments; 27.2 km"}},{"type":"Feature","geometry":{"type":"LineString","coordinates":[[-106.75141,37.57564],[-106.74976,37.57535],[-106.74834,37.57639],[-106.74643,37.57647],[-106.74625,37.57749],[-106.74354,37.57864],[-106.74138,37.58113],[-106.73835,37.58335],[-106.73862,37.58423]]},"properties":{"huc8":"13010001","huc8Name":"Rio Grande Headwaters","historic":"rioGrande","current":"introduced","recovery":"recoveryWatch","lineageKey":"rioGrande","lineageLabel":"Rio Grande lineage","basin":"Rio Grande Headwaters","note":"Generalized Rio Grande cutthroat drainage context","state":"CO","confidence":"HUC8 drainage context / generalized","geometryStatus":"Named NHD stream intersecting assigned HUC8","troutSource":"HUC8 lineage assignment v1 / review needed","sourceName":"South Fork Rio Grande","name":"South Fork Rio Grande","source_id":"160768431","length_km":1.70072471,"FType":460,"FCode":46006,"atlas_class":"streamriver","water_id":"co_13010001_riogrande_south_fork_rio_grande_001","occurrence_id":"co_13010001_riogrande_south_fork_rio_grande_001","occurrence_number":"001","display_name":"South Fork Rio Grande","mapped_name":"South Fork Rio Grande","source_name":"South Fork Rio Grande","disambiguator":"Rio Grande cutthroat historic context · HUC8 13010001 · occurrence 001","atlas_layer":"curated_named_water_occurrence","object_role":"interactive_named_water","lineage":"rioGrande","historic_label":"Rio Grande cutthroat historic context","current_label":"Rio Grande cutthroat historic context","recovery_label":"Recovery watch / review area","confidence_public":"Generalized public map / needs expert review","confidence_internal":"Occurrence-cluster preview; 128 source segments","geometry_status_public":"Generalized named-water occurrence","geometry_status_internal":"Grouped by display name, HUC8, lineage, and spatial cluster","geometry_source_public":"Grouped public hydrography segments","geometry_source_internal":"Colorado full interpreted natural stream context — occurrence v2 preview","trout_source_public":"Compiled public recovery and lineage context; expert review recommended","trout_source_internal":"HUC8 lineage assignment v1 / review needed","public_notes":"South Fork Rio Grande is shown as a generalized public-map named-water occurrence for Rio Grande cutthroat historic context. This object is separated from other same-named waters using HUC8, lineage, and local spatial clustering. Linework is grouped from public hydrography and should be treated as interpretive watershed context, not a precise biological boundary.","internal_notes":"Preview occurrence co_13010001_riogrande_south_fork_rio_grande_001; 128 segments; 17.8 km"}},{"type":"Feature","geometry":{"type":"LineString","coordinates":[[-106.73426,37.58674],[-106.73324,37.58796]]},"properties":{"huc8":"13010001","huc8Name":"Rio Grande Headwaters","historic":"rioGrande","current":"introduced","recovery":"recoveryWatch","lineageKey":"rioGrande","lineageLabel":"Rio Grande lineage","basin":"Rio Grande Headwaters","note":"Generalized Rio Grande cutthroat drainage context","state":"CO","confidence":"HUC8 drainage context / generalized","geometryStatus":"Named NHD stream intersecting assigned HUC8","troutSource":"HUC8 lineage assignment v1 / review needed","sourceName":"South Fork Rio Grande","name":"South Fork Rio Grande","source_id":"160782943","length_km":0.166,"FType":460,"FCode":46006,"atlas_class":"streamriver","water_id":"co_13010001_riogrande_south_fork_rio_grande_001","occurrence_id":"co_13010001_riogrande_south_fork_rio_grande_001","occurrence_number":"001","display_name":"South Fork Rio Grande","mapped_name":"South Fork Rio Grande","source_name":"South Fork Rio Grande","disambiguator":"Rio Grande cutthroat historic context · HUC8 13010001 · occurrence 001","atlas_layer":"curated_named_water_occurrence","object_role":"interactive_named_water","lineage":"rioGrande","historic_label":"Rio Grande cutthroat historic context","current_label":"Rio Grande cutthroat historic context","recovery_label":"Recovery watch / review area","confidence_public":"Generalized public map / needs expert review","confidence_internal":"Occurrence-cluster preview; 128 source segments","geometry_status_public":"Generalized named-water occurrence","geometry_status_internal":"Grouped by display name, HUC8, lineage, and spatial cluster","geometry_source_public":"Grouped public hydrography segments","geometry_source_internal":"Colorado full interpreted natural stream context — occurrence v2 preview","trout_source_public":"Compiled public recovery and lineage context; expert review recommended","trout_source_internal":"HUC8 lineage assignment v1 / review needed","public_notes":"South Fork Rio Grande is shown as a generalized public-map named-water occurrence for Rio Grande cutthroat historic context. This object is separated from other same-named waters using HUC8, lineage, and local spatial clustering. Linework is grouped from public hydrography and should be treated as interpretive watershed context, not a precise biological boundary.","internal_notes":"Preview occurrence co_13010001_riogrande_south_fork_rio_grande_001; 128 segments; 17.8 km"}},{"type":"Feature","geometry":{"type":"LineString","coordinates":[[-106.73575,37.58579],[-106.73497,37.58648]]},"properties":{"huc8":"13010001","huc8Name":"Rio Grande Headwaters","historic":"rioGrande","current":"introduced","recovery":"recoveryWatch","lineageKey":"rioGrande","lineageLabel":"Rio Grande lineage","basin":"Rio Grande Headwaters","note":"Generalized Rio Grande cutthroat drainage context","state":"CO","confidence":"HUC8 drainage context / generalized","geometryStatus":"Named NHD stream intersecting assigned HUC8","troutSource":"HUC8 lineage assignment v1 / review needed","sourceName":"South Fork Rio Grande","name":"South Fork Rio Grande","source_id":"160783308","length_km":0.103,"FType":460,"FCode":46006,"atlas_class":"streamriver","water_id":"co_13010001_riogrande_south_fork_rio_grande_001","occurrence_id":"co_13010001_riogrande_south_fork_rio_grande_001","occurrence_number":"001","display_name":"South Fork Rio Grande","mapped_name":"South Fork Rio Grande","source_name":"South Fork Rio Grande","disambiguator":"Rio Grande cutthroat historic context · HUC8 13010001 · occurrence 001","atlas_layer":"curated_named_water_occurrence","object_role":"interactive_named_water","lineage":"rioGrande","historic_label":"Rio Grande cutthroat historic context","current_label":"Rio Grande cutthroat historic context","recovery_label":"Recovery watch / review area","confidence_public":"Generalized public map / needs expert review","confidence_internal":"Occurrence-cluster preview; 128 source segments","geometry_status_public":"Generalized named-water occurrence","geometry_status_internal":"Grouped by display name, HUC8, lineage, and spatial cluster","geometry_source_public":"Grouped public hydrography segments","geometry_source_internal":"Colorado full interpreted natural stream context — occurrence v2 preview","trout_source_public":"Compiled public recovery and lineage context; expert review recommended","trout_source_internal":"HUC8 lineage assignment v1 / review needed","public_notes":"South Fork Rio Grande is shown as a generalized public-map named-water occurrence for Rio Grande cutthroat historic context. This object is separated from other same-named waters using HUC8, lineage, and local spatial clustering. Linework is grouped from public hydrography and should be treated as interpretive watershed context, not a precise biological boundary.","internal_notes":"Preview occurrence co_13010001_riogrande_south_fork_rio_grande_001; 128 segments; 17.8 km"}},{"type":"Feature","geometry":{"type":"LineString","coordinates":[[-106.73324,37.58796],[-106.73296,37.58816]]},"properties":{"huc8":"13010001","huc8Name":"Rio Grande Headwaters","historic":"rioGrande","current":"introduced","recovery":"recoveryWatch","lineageKey":"rioGrande","lineageLabel":"Rio Grande lineage","basin":"Rio Grande Headwaters","note":"Generalized Rio Grande cutthroat drainage context","state":"CO","confidence":"HUC8 drainage context / generalized","geometryStatus":"Named NHD stream intersecting assigned HUC8","troutSource":"HUC8 lineage assignment v1 / review needed","sourceName":"South Fork Rio Grande","name":"South Fork Rio Grande","source_id":"160783667","length_km":0.033,"FType":460,"FCode":46006,"atlas_class":"streamriver","water_id":"co_13010001_riogrande_south_fork_rio_grande_001","occurrence_id":"co_13010001_riogrande_south_fork_rio_grande_001","occurrence_number":"001","display_name":"South Fork Rio Grande","mapped_name":"South Fork Rio Grande","source_name":"South Fork Rio Grande","disambiguator":"Rio Grande cutthroat historic context · HUC8 13010001 · occurrence 001","atlas_layer":"curated_named_water_occurrence","object_role":"interactive_named_water","lineage":"rioGrande","historic_label":"Rio Grande cutthroat historic context","current_label":"Rio Grande cutthroat historic context","recovery_label":"Recovery watch / review area","confidence_public":"Generalized public map / needs expert review","confidence_internal":"Occurrence-cluster preview; 128 source segments","geometry_status_public":"Generalized named-water occurrence","geometry_status_internal":"Grouped by display name, HUC8, lineage, and spatial cluster","geometry_source_public":"Grouped public hydrography segments","geometry_source_internal":"Colorado full interpreted natural stream context — occurrence v2 preview","trout_source_public":"Compiled public recovery and lineage context; expert review recommended","trout_source_internal":"HUC8 lineage assignment v1 / review needed","public_notes":"South Fork Rio Grande is shown as a generalized public-map named-water occurrence for Rio Grande cutthroat historic context. This object is separated from other same-named waters using HUC8, lineage, and local spatial clustering. Linework is grouped from public hydrography and should be treated as interpretive watershed context, not a precise biological boundary.","internal_notes":"Preview occurrence co_13010001_riogrande_south_fork_rio_grande_001; 128 segments; 17.8 km"}},{"type":"Feature","geometry":{"type":"LineString","coordinates":[[-106.72809,37.592],[-106.72812,37.59206]]},"properties":{"huc8":"13010001","huc8Name":"Rio Grande Headwaters","historic":"rioGrande","current":"introduced","recovery":"recoveryWatch","lineageKey":"rioGrande","lineageLabel":"Rio Grande lineage","basin":"Rio Grande Headwaters","note":"Generalized Rio Grande cutthroat drainage context","state":"CO","confidence":"HUC8 drainage context / generalized","geometryStatus":"Named NHD stream intersecting assigned HUC8","troutSource":"HUC8 lineage assignment v1 / review needed","sourceName":"South Fork Rio Grande","name":"South Fork Rio Grande","source_id":"136350630","length_km":0.007,"FType":460,"FCode":46006,"atlas_class":"streamriver","water_id":"co_13010001_riogrande_south_fork_rio_grande_001","occurrence_id":"co_13010001_riogrande_south_fork_rio_grande_001","occurrence_number":"001","display_name":"South Fork Rio Grande","mapped_name":"South Fork Rio Grande","source_name":"South Fork Rio Grande","disambiguator":"Rio Grande cutthroat historic context · HUC8 13010001 · occurrence 001","atlas_layer":"curated_named_water_occurrence","object_role":"interactive_named_water","lineage":"rioGrande","historic_label":"Rio Grande cutthroat historic context","current_label":"Rio Grande cutthroat historic context","recovery_label":"Recovery watch / review area","confidence_public":"Generalized public map / needs expert review","confidence_internal":"Occurrence-cluster preview; 128 source segments","geometry_status_public":"Generalized named-water occurrence","geometry_status_internal":"Grouped by display name, HUC8, lineage, and spatial cluster","geometry_source_public":"Grouped public hydrography segments","geometry_source_internal":"Colorado full interpreted natural stream context — occurrence v2 preview","trout_source_public":"Compiled public recovery and lineage context; expert review recommended","trout_source_internal":"HUC8 lineage assignment v1 / review needed","public_notes":"South Fork Rio Grande is shown as a generalized public-map named-water occurrence for Rio Grande cutthroat historic context. This object is separated from other same-named waters using HUC8, lineage, and local spatial clustering. Linework is grouped from public hydrography and should be treated as interpretive watershed context, not a precise biological boundary.","internal_notes":"Preview occurrence co_13010001_riogrande_south_fork_rio_grande_001; 128 segments; 17.8 km"}},{"type":"Feature","geometry":{"type":"LineString","coordinates":[[-106.72891,37.59009],[-106.72835,37.59057]]},"properties":{"huc8":"13010001","huc8Name":"Rio Grande Headwaters","historic":"rioGrande","current":"introduced","recovery":"recoveryWatch","lineageKey":"rioGrande","lineageLabel":"Rio Grande lineage","basin":"Rio Grande Headwaters","note":"Generalized Rio Grande cutthroat drainage context","state":"CO","confidence":"HUC8 drainage context / generalized","geometryStatus":"Named NHD stream intersecting assigned HUC8","troutSource":"HUC8 lineage assignment v1 / review needed","sourceName":"South Fork Rio Grande","name":"South Fork Rio Grande","source_id":"160783224","length_km":0.073,"FType":460,"FCode":46006,"atlas_class":"streamriver","water_id":"co_13010001_riogrande_south_fork_rio_grande_001","occurrence_id":"co_13010001_riogrande_south_fork_rio_grande_001","occurrence_number":"001","display_name":"South Fork Rio Grande","mapped_name":"South Fork Rio Grande","source_name":"South Fork Rio Grande","disambiguator":"Rio Grande cutthroat historic context · HUC8 13010001 · occurrence 001","atlas_layer":"curated_named_water_occurrence","object_role":"interactive_named_water","lineage":"rioGrande","historic_label":"Rio Grande cutthroat historic context","current_label":"Rio Grande cutthroat historic context","recovery_label":"Recovery watch / review area","confidence_public":"Generalized public map / needs expert review","confidence_internal":"Occurrence-cluster preview; 128 source segments","geometry_status_public":"Generalized named-water occurrence","geometry_status_internal":"Grouped by display name, HUC8, lineage, and spatial cluster","geometry_source_public":"Grouped public hydrography segments","geometry_source_internal":"Colorado full interpreted natural stream context — occurrence v2 preview","trout_source_public":"Compiled public recovery and lineage context; expert review recommended","trout_source_internal":"HUC8 lineage assignment v1 / review needed","public_notes":"South Fork Rio Grande is shown as a generalized public-map named-water occurrence for Rio Grande cutthroat historic context. This object is separated from other same-named waters using HUC8, lineage, and local spatial clustering. Linework is grouped from public hydrography and should be treated as interpretive watershed context, not a precise biological boundary.","internal_notes":"Preview occurrence co_13010001_riogrande_south_fork_rio_grande_001; 128 segments; 17.8 km"}},{"type":"Feature","geometry":{"type":"LineString","coordinates":[[-106.73862,37.58423],[-106.73692,37.58514]]},"properties":{"huc8":"13010001","huc8Name":"Rio Grande Headwaters","historic":"rioGrande","current":"introduced","recovery":"recoveryWatch","lineageKey":"rioGrande","lineageLabel":"Rio Grande lineage","basin":"Rio Grande Headwaters","note":"Generalized Rio Grande cutthroat drainage context","state":"CO","confidence":"HUC8 drainage context / generalized","geometryStatus":"Named NHD stream intersecting assigned HUC8","troutSource":"HUC8 lineage assignment v1 / review needed","sourceName":"South Fork Rio Grande","name":"South Fork Rio Grande","source_id":"136350638","length_km":0.182,"FType":460,"FCode":46006,"atlas_class":"streamriver","water_id":"co_13010001_riogrande_south_fork_rio_grande_001","occurrence_id":"co_13010001_riogrande_south_fork_rio_grande_001","occurrence_number":"001","display_name":"South Fork Rio Grande","mapped_name":"South Fork Rio Grande","source_name":"South Fork Rio Grande","disambiguator":"Rio Grande cutthroat historic context · HUC8 13010001 · occurrence 001","atlas_layer":"curated_named_water_occurrence","object_role":"interactive_named_water","lineage":"rioGrande","historic_label":"Rio Grande cutthroat historic context","current_label":"Rio Grande cutthroat historic context","recovery_label":"Recovery watch / review area","confidence_public":"Generalized public map / needs expert review","confidence_internal":"Occurrence-cluster preview; 128 source segments","geometry_status_public":"Generalized named-water occurrence","geometry_status_internal":"Grouped by display name, HUC8, lineage, and spatial cluster","geometry_source_public":"Grouped public hydrography segments","geometry_source_internal":"Colorado full interpreted natural stream context — occurrence v2 preview","trout_source_public":"Compiled public recovery and lineage context; expert review recommended","trout_source_internal":"HUC8 lineage assignment v1 / review needed","public_notes":"South Fork Rio Grande is shown as a generalized public-map named-water occurrence for Rio Grande cutthroat historic context. This object is separated from other same-named waters using HUC8, lineage, and local spatial clustering. Linework is grouped from public hydrography and should be treated as interpretive watershed context, not a precise biological boundary.","internal_notes":"Preview occurrence co_13010001_riogrande_south_fork_rio_grande_001; 128 segments; 17.8 km"}},{"type":"Feature","geometry":{"type":"LineString","coordinates":[[-106.72835,37.59057],[-106.72809,37.592]]},"properties":{"huc8":"13010001","huc8Name":"Rio Grande Headwaters","historic":"rioGrande","current":"introduced","recovery":"recoveryWatch","lineageKey":"rioGrande","lineageLabel":"Rio Grande lineage","basin":"Rio Grande Headwaters","note":"Generalized Rio Grande cutthroat drainage context","state":"CO","confidence":"HUC8 drainage context / generalized","geometryStatus":"Named NHD stream intersecting assigned HUC8","troutSource":"HUC8 lineage assignment v1 / review needed","sourceName":"South Fork Rio Grande","name":"South Fork Rio Grande","source_id":"136350641","length_km":0.17,"FType":460,"FCode":46006,"atlas_class":"streamriver","water_id":"co_13010001_riogrande_south_fork_rio_grande_001","occurrence_id":"co_13010001_riogrande_south_fork_rio_grande_001","occurrence_number":"001","display_name":"South Fork Rio Grande","mapped_name":"South Fork Rio Grande","source_name":"South Fork Rio Grande","disambiguator":"Rio Grande cutthroat historic context · HUC8 13010001 · occurrence 001","atlas_layer":"curated_named_water_occurrence","object_role":"interactive_named_water","lineage":"rioGrande","historic_label":"Rio Grande cutthroat historic context","current_label":"Rio Grande cutthroat historic context","recovery_label":"Recovery watch / review area","confidence_public":"Generalized public map / needs expert review","confidence_internal":"Occurrence-cluster preview; 128 source segments","geometry_status_public":"Generalized named-water occurrence","geometry_status_internal":"Grouped by display name, HUC8, lineage, and spatial cluster","geometry_source_public":"Grouped public hydrography segments","geometry_source_internal":"Colorado full interpreted natural stream context — occurrence v2 preview","trout_source_public":"Compiled public recovery and lineage context; expert review recommended","trout_source_internal":"HUC8 lineage assignment v1 / review needed","public_notes":"South Fork Rio Grande is shown as a generalized public-map named-water occurrence for Rio Grande cutthroat historic context. This object is separated from other same-named waters using HUC8, lineage, and local spatial clustering. Linework is grouped from public hydrography and should be treated as interpretive watershed context, not a precise biological boundary.","internal_notes":"Preview occurrence co_13010001_riogrande_south_fork_rio_grande_001; 128 segments; 17.8 km"}},{"type":"Feature","geometry":{"type":"LineString","coordinates":[[-106.73497,37.58648],[-106.73426,37.58674]]},"properties":{"huc8":"13010001","huc8Name":"Rio Grande Headwaters","historic":"rioGrande","current":"introduced","recovery":"recoveryWatch","lineageKey":"rioGrande","lineageLabel":"Rio Grande lineage","basin":"Rio Grande Headwaters","note":"Generalized Rio Grande cutthroat drainage context","state":"CO","confidence":"HUC8 drainage context / generalized","geometryStatus":"Named NHD stream intersecting assigned HUC8","troutSource":"HUC8 lineage assignment v1 / review needed","sourceName":"South Fork Rio Grande","name":"South Fork Rio Grande","source_id":"160783380","length_km":0.068,"FType":460,"FCode":46006,"atlas_class":"streamriver","water_id":"co_13010001_riogrande_south_fork_rio_grande_001","occurrence_id":"co_13010001_riogrande_south_fork_rio_grande_001","occurrence_number":"001","display_name":"South Fork Rio Grande","mapped_name":"South Fork Rio Grande","source_name":"South Fork Rio Grande","disambiguator":"Rio Grande cutthroat historic context · HUC8 13010001 · occurrence 001","atlas_layer":"curated_named_water_occurrence","object_role":"interactive_named_water","lineage":"rioGrande","historic_label":"Rio Grande cutthroat historic context","current_label":"Rio Grande cutthroat historic context","recovery_label":"Recovery watch / review area","confidence_public":"Generalized public map / needs expert review","confidence_internal":"Occurrence-cluster preview; 128 source segments","geometry_status_public":"Generalized named-water occurrence","geometry_status_internal":"Grouped by display name, HUC8, lineage, and spatial cluster","geometry_source_public":"Grouped public hydrography segments","geometry_source_internal":"Colorado full interpreted natural stream context — occurrence v2 preview","trout_source_public":"Compiled public recovery and lineage context; expert review recommended","trout_source_internal":"HUC8 lineage assignment v1 / review needed","public_notes":"South Fork Rio Grande is shown as a generalized public-map named-water occurrence for Rio Grande cutthroat historic context. This object is separated from other same-named waters using HUC8, lineage, and local spatial clustering. Linework is grouped from public hydrography and should be treated as interpretive watershed context, not a precise biological boundary.","internal_notes":"Preview occurrence co_13010001_riogrande_south_fork_rio_grande_001; 128 segments; 17.8 km"}},{"type":"Feature","geometry":{"type":"LineString","coordinates":[[-106.73296,37.58816],[-106.73153,37.58813]]},"properties":{"huc8":"13010001","huc8Name":"Rio Grande Headwaters","historic":"rioGrande","current":"introduced","recovery":"recoveryWatch","lineageKey":"rioGrande","lineageLabel":"Rio Grande lineage","basin":"Rio Grande Headwaters","note":"Generalized Rio Grande cutthroat drainage context","state":"CO","confidence":"HUC8 drainage context / generalized","geometryStatus":"Named NHD stream intersecting assigned HUC8","troutSource":"HUC8 lineage assignment v1 / review needed","sourceName":"South Fork Rio Grande","name":"South Fork Rio Grande","source_id":"160784205","length_km":0.129,"FType":460,"FCode":46006,"atlas_class":"streamriver","water_id":"co_13010001_riogrande_south_fork_rio_grande_001","occurrence_id":"co_13010001_riogrande_south_fork_rio_grande_001","occurrence_number":"001","display_name":"South Fork Rio Grande","mapped_name":"South Fork Rio Grande","source_name":"South Fork Rio Grande","disambiguator":"Rio Grande cutthroat historic context · HUC8 13010001 · occurrence 001","atlas_layer":"curated_named_water_occurrence","object_role":"interactive_named_water","lineage":"rioGrande","historic_label":"Rio Grande cutthroat historic context","current_label":"Rio Grande cutthroat historic context","recovery_label":"Recovery watch / review area","confidence_public":"Generalized public map / needs expert review","confidence_internal":"Occurrence-cluster preview; 128 source segments","geometry_status_public":"Generalized named-water occurrence","geometry_status_internal":"Grouped by display name, HUC8, lineage, and spatial cluster","geometry_source_public":"Grouped public hydrography segments","geometry_source_internal":"Colorado full interpreted natural stream context — occurrence v2 preview","trout_source_public":"Compiled public recovery and lineage context; expert review recommended","trout_source_internal":"HUC8 lineage assignment v1 / review needed","public_notes":"South Fork Rio Grande is shown as a generalized public-map named-water occurrence for Rio Grande cutthroat historic context. This object is separated from other same-named waters using HUC8, lineage, and local spatial clustering. Linework is grouped from public hydrography and should be treated as interpretive watershed context, not a precise biological boundary.","internal_notes":"Preview occurrence co_13010001_riogrande_south_fork_rio_grande_001; 128 segments; 17.8 km"}},{"type":"Feature","geometry":{"type":"LineString","coordinates":[[-106.73692,37.58514],[-106.73575,37.58579]]},"properties":{"huc8":"13010001","huc8Name":"Rio Grande Headwaters","historic":"rioGrande","current":"introduced","recovery":"recoveryWatch","lineageKey":"rioGrande","lineageLabel":"Rio Grande lineage","basin":"Rio Grande Headwaters","note":"Generalized Rio Grande cutthroat drainage context","state":"CO","confidence":"HUC8 drainage context / generalized","geometryStatus":"Named NHD stream intersecting assigned HUC8","troutSource":"HUC8 lineage assignment v1 / review needed","sourceName":"South Fork Rio Grande","name":"South Fork Rio Grande","source_id":"136350639","length_km":0.127,"FType":460,"FCode":46006,"atlas_class":"streamriver","water_id":"co_13010001_riogrande_south_fork_rio_grande_001","occurrence_id":"co_13010001_riogrande_south_fork_rio_grande_001","occurrence_number":"001","display_name":"South Fork Rio Grande","mapped_name":"South Fork Rio Grande","source_name":"South Fork Rio Grande","disambiguator":"Rio Grande cutthroat historic context · HUC8 13010001 · occurrence 001","atlas_layer":"curated_named_water_occurrence","object_role":"interactive_named_water","lineage":"rioGrande","historic_label":"Rio Grande cutthroat historic context","current_label":"Rio Grande cutthroat historic context","recovery_label":"Recovery watch / review area","confidence_public":"Generalized public map / needs expert review","confidence_internal":"Occurrence-cluster preview; 128 source segments","geometry_status_public":"Generalized named-water occurrence","geometry_status_internal":"Grouped by display name, HUC8, lineage, and spatial cluster","geometry_source_public":"Grouped public hydrography segments","geometry_source_internal":"Colorado full interpreted natural stream context — occurrence v2 preview","trout_source_public":"Compiled public recovery and lineage context; expert review recommended","trout_source_internal":"HUC8 lineage assignment v1 / review needed","public_notes":"South Fork Rio Grande is shown as a generalized public-map named-water occurrence for Rio Grande cutthroat historic context. This object is separated from other same-named waters using HUC8, lineage, and local spatial clustering. Linework is grouped from public hydrography and should be treated as interpretive watershed context, not a precise biological boundary.","internal_notes":"Preview occurrence co_13010001_riogrande_south_fork_rio_grande_001; 128 segments; 17.8 km"}},{"type":"Feature","geometry":{"type":"LineString","coordinates":[[-106.73153,37.58813],[-106.72891,37.59009]]},"properties":{"huc8":"13010001","huc8Name":"Rio Grande Headwaters","historic":"rioGrande","current":"introduced","recovery":"recoveryWatch","lineageKey":"rioGrande","lineageLabel":"Rio Grande lineage","basin":"Rio Grande Headwaters","note":"Generalized Rio Grande cutthroat drainage context","state":"CO","confidence":"HUC8 drainage context / generalized","geometryStatus":"Named NHD stream intersecting assigned HUC8","troutSource":"HUC8 lineage assignment v1 / review needed","sourceName":"South Fork Rio Grande","name":"South Fork Rio Grande","source_id":"160784206","length_km":0.324,"FType":460,"FCode":46006,"atlas_class":"streamriver","water_id":"co_13010001_riogrande_south_fork_rio_grande_001","occurrence_id":"co_13010001_riogrande_south_fork_rio_grande_001","occurrence_number":"001","display_name":"South Fork Rio Grande","mapped_name":"South Fork Rio Grande","source_name":"South Fork Rio Grande","disambiguator":"Rio Grande cutthroat historic context · HUC8 13010001 · occurrence 001","atlas_layer":"curated_named_water_occurrence","object_role":"interactive_named_water","lineage":"rioGrande","historic_label":"Rio Grande cutthroat historic context","current_label":"Rio Grande cutthroat historic context","recovery_label":"Recovery watch / review area","confidence_public":"Generalized public map / needs expert review","confidence_internal":"Occurrence-cluster preview; 128 source segments","geometry_status_public":"Generalized named-water occurrence","geometry_status_internal":"Grouped by display name, HUC8, lineage, and spatial cluster","geometry_source_public":"Grouped public hydrography segments","geometry_source_internal":"Colorado full interpreted natural stream context — occurrence v2 preview","trout_source_public":"Compiled public recovery and lineage context; expert review recommended","trout_source_internal":"HUC8 lineage assignment v1 / review needed","public_notes":"South Fork Rio Grande is shown as a generalized public-map named-water occurrence for Rio Grande cutthroat historic context. This object is separated from other same-named waters using HUC8, lineage, and local spatial clustering. Linework is grouped from public hydrography and should be treated as interpretive watershed context, not a precise biological boundary.","internal_notes":"Preview occurrence co_13010001_riogrande_south_fork_rio_grande_001; 128 segments; 17.8 km"}},{"type":"Feature","geometry":{"type":"LineString","coordinates":[[-106.62815,37.52401],[-106.62832,37.52646]]},"properties":{"huc8":"13010001","huc8Name":"Rio Grande Headwaters","historic":"rioGrande","current":"introduced","recovery":"recoveryWatch","lineageKey":"rioGrande","lineageLabel":"Rio Grande lineage","basin":"Rio Grande Headwaters","note":"Generalized Rio Grande cutthroat drainage context","state":"CO","confidence":"HUC8 drainage context / generalized","geometryStatus":"Named NHD stream intersecting assigned HUC8","troutSource":"HUC8 lineage assignment v1 / review needed","sourceName":"Beaver Creek","name":"Beaver Creek","source_id":"160785310","length_km":0.28,"FType":460,"FCode":46006,"atlas_class":"streamriver","water_id":"co_13010001_riogrande_beaver_creek_001","occurrence_id":"co_13010001_riogrande_beaver_creek_001","occurrence_number":"001","display_name":"Beaver Creek","mapped_name":"Beaver Creek","source_name":"Beaver Creek","disambiguator":"Rio Grande cutthroat historic context · HUC8 13010001 · occurrence 001","atlas_layer":"curated_named_water_occurrence","object_role":"interactive_named_water","lineage":"rioGrande","historic_label":"Rio Grande cutthroat historic context","current_label":"Rio Grande cutthroat historic context","recovery_label":"Recovery watch / review area","confidence_public":"Generalized public map / needs expert review","confidence_internal":"Occurrence-cluster preview; 118 source segments","geometry_status_public":"Generalized named-water occurrence","geometry_status_internal":"Grouped by display name, HUC8, lineage, and spatial cluster","geometry_source_public":"Grouped public hydrography segments","geometry_source_internal":"Colorado full interpreted natural stream context — occurrence v2 preview","trout_source_public":"Compiled public recovery and lineage context; expert review recommended","trout_source_internal":"HUC8 lineage assignment v1 / review needed","public_notes":"Beaver Creek is shown as a generalized public-map named-water occurrence for Rio Grande cutthroat historic context. This object is separated from other same-named waters using HUC8, lineage, and local spatial clustering. Linework is grouped from public hydrography and should be treated as interpretive watershed context, not a precise biological boundary.","internal_notes":"Preview occurrence co_13010001_riogrande_beaver_creek_001; 118 segments; 24.9 km"}},{"type":"Feature","geometry":{"type":"LineString","coordinates":[[-106.63077,37.53871],[-106.63109,37.53883]]},"properties":{"huc8":"13010001","huc8Name":"Rio Grande Headwaters","historic":"rioGrande","current":"introduced","recovery":"recoveryWatch","lineageKey":"rioGrande","lineageLabel":"Rio Grande lineage","basin":"Rio Grande Headwaters","note":"Generalized Rio Grande cutthroat drainage context","state":"CO","confidence":"HUC8 drainage context / generalized","geometryStatus":"Named NHD stream intersecting assigned HUC8","troutSource":"HUC8 lineage assignment v1 / review needed","sourceName":"Beaver Creek","name":"Beaver Creek","source_id":"160783504","length_km":0.031,"FType":460,"FCode":46006,"atlas_class":"streamriver","water_id":"co_13010001_riogrande_beaver_creek_001","occurrence_id":"co_13010001_riogrande_beaver_creek_001","occurrence_number":"001","display_name":"Beaver Creek","mapped_name":"Beaver Creek","source_name":"Beaver Creek","disambiguator":"Rio Grande cutthroat historic context · HUC8 13010001 · occurrence 001","atlas_layer":"curated_named_water_occurrence","object_role":"interactive_named_water","lineage":"rioGrande","historic_label":"Rio Grande cutthroat historic context","current_label":"Rio Grande cutthroat historic context","recovery_label":"Recovery watch / review area","confidence_public":"Generalized public map / needs expert review","confidence_internal":"Occurrence-cluster preview; 118 source segments","geometry_status_public":"Generalized named-water occurrence","geometry_status_internal":"Grouped by display name, HUC8, lineage, and spatial cluster","geometry_source_public":"Grouped public hydrography segments","geometry_source_internal":"Colorado full interpreted natural stream context — occurrence v2 preview","trout_source_public":"Compiled public recovery and lineage context; expert review recommended","trout_source_internal":"HUC8 lineage assignment v1 / review needed","public_notes":"Beaver Creek is shown as a generalized public-map named-water occurrence for Rio Grande cutthroat historic context. This object is separated from other same-named waters using HUC8, lineage, and local spatial clustering. Linework is grouped from public hydrography and should be treated as interpretive watershed context, not a precise biological boundary.","internal_notes":"Preview occurrence co_13010001_riogrande_beaver_creek_001; 118 segments; 24.9 km"}},{"type":"Feature","geometry":{"type":"LineString","coordinates":[[-106.65074,37.56548],[-106.65085,37.56931]]},"properties":{"huc8":"13010001","huc8Name":"Rio Grande Headwaters","historic":"rioGrande","current":"introduced","recovery":"recoveryWatch","lineageKey":"rioGrande","lineageLabel":"Rio Grande lineage","basin":"Rio Grande Headwaters","note":"Generalized Rio Grande cutthroat drainage context","state":"CO","confidence":"HUC8 drainage context / generalized","geometryStatus":"Named NHD stream intersecting assigned HUC8","troutSource":"HUC8 lineage assignment v1 / review needed","sourceName":"Beaver Creek","name":"Beaver Creek","source_id":"136350759","length_km":0.431,"FType":460,"FCode":46006,"atlas_class":"streamriver","water_id":"co_13010001_riogrande_beaver_creek_001","occurrence_id":"co_13010001_riogrande_beaver_creek_001","occurrence_number":"001","display_name":"Beaver Creek","mapped_name":"Beaver Creek","source_name":"Beaver Creek","disambiguator":"Rio Grande cutthroat historic context · HUC8 13010001 · occurrence 001","atlas_layer":"curated_named_water_occurrence","object_role":"interactive_named_water","lineage":"rioGrande","historic_label":"Rio Grande cutthroat historic context","current_label":"Rio Grande cutthroat historic context","recovery_label":"Recovery watch / review area","confidence_public":"Generalized public map / needs expert review","confidence_internal":"Occurrence-cluster preview; 118 source segments","geometry_status_public":"Generalized named-water occurrence","geometry_status_internal":"Grouped by display name, HUC8, lineage, and spatial cluster","geometry_source_public":"Grouped public hydrography segments","geometry_source_internal":"Colorado full interpreted natural stream context — occurrence v2 preview","trout_source_public":"Compiled public recovery and lineage context; expert review recommended","trout_source_internal":"HUC8 lineage assignment v1 / review needed","public_notes":"Beaver Creek is shown as a generalized public-map named-water occurrence for Rio Grande cutthroat historic context. This object is separated from other same-named waters using HUC8, lineage, and local spatial clustering. Linework is grouped from public hydrography and should be treated as interpretive watershed context, not a precise biological boundary.","internal_notes":"Preview occurrence co_13010001_riogrande_beaver_creek_001; 118 segments; 24.9 km"}},{"type":"Feature","geometry":{"type":"LineString","coordinates":[[-106.65281,37.58104],[-106.65338,37.58311],[-106.65278,37.58356]]},"properties":{"huc8":"13010001","huc8Name":"Rio Grande Headwaters","historic":"rioGrande","current":"introduced","recovery":"recoveryWatch","lineageKey":"rioGrande","lineageLabel":"Rio Grande lineage","basin":"Rio Grande Headwaters","note":"Generalized Rio Grande cutthroat drainage context","state":"CO","confidence":"HUC8 drainage context / generalized","geometryStatus":"Named NHD stream intersecting assigned HUC8","troutSource":"HUC8 lineage assignment v1 / review needed","sourceName":"Beaver Creek","name":"Beaver Creek","source_id":"136350754","length_km":0.358,"FType":460,"FCode":46006,"atlas_class":"streamriver","water_id":"co_13010001_riogrande_beaver_creek_001","occurrence_id":"co_13010001_riogrande_beaver_creek_001","occurrence_number":"001","display_name":"Beaver Creek","mapped_name":"Beaver Creek","source_name":"Beaver Creek","disambiguator":"Rio Grande cutthroat historic context · HUC8 13010001 · occurrence 001","atlas_layer":"curated_named_water_occurrence","object_role":"interactive_named_water","lineage":"rioGrande","historic_label":"Rio Grande cutthroat historic context","current_label":"Rio Grande cutthroat historic context","recovery_label":"Recovery watch / review area","confidence_public":"Generalized public map / needs expert review","confidence_internal":"Occurrence-cluster preview; 118 source segments","geometry_status_public":"Generalized named-water occurrence","geometry_status_internal":"Grouped by display name, HUC8, lineage, and spatial cluster","geometry_source_public":"Grouped public hydrography segments","geometry_source_internal":"Colorado full interpreted natural stream context — occurrence v2 preview","trout_source_public":"Compiled public recovery and lineage context; expert review recommended","trout_source_internal":"HUC8 lineage assignment v1 / review needed","public_notes":"Beaver Creek is shown as a generalized public-map named-water occurrence for Rio Grande cutthroat historic context. This object is separated from other same-named waters using HUC8, lineage, and local spatial clustering. Linework is grouped from public hydrography and should be treated as interpretive watershed context, not a precise biological boundary.","internal_notes":"Preview occurrence co_13010001_riogrande_beaver_creek_001; 118 segments; 24.9 km"}},{"type":"Feature","geometry":{"type":"LineString","coordinates":[[-106.62791,37.52034],[-106.6275,37.52176]]},"properties":{"huc8":"13010001","huc8Name":"Rio Grande Headwaters","historic":"rioGrande","current":"introduced","recovery":"recoveryWatch","lineageKey":"rioGrande","lineageLabel":"Rio Grande lineage","basin":"Rio Grande Headwaters","note":"Generalized Rio Grande cutthroat drainage context","state":"CO","confidence":"HUC8 drainage context / generalized","geometryStatus":"Named NHD stream intersecting assigned HUC8","troutSource":"HUC8 lineage assignment v1 / review needed","sourceName":"Beaver Creek","name":"Beaver Creek","source_id":"136350773","length_km":0.176,"FType":460,"FCode":46006,"atlas_class":"streamriver","water_id":"co_13010001_riogrande_beaver_creek_001","occurrence_id":"co_13010001_riogrande_beaver_creek_001","occurrence_number":"001","display_name":"Beaver Creek","mapped_name":"Beaver Creek","source_name":"Beaver Creek","disambiguator":"Rio Grande cutthroat historic context · HUC8 13010001 · occurrence 001","atlas_layer":"curated_named_water_occurrence","object_role":"interactive_named_water","lineage":"rioGrande","historic_label":"Rio Grande cutthroat historic context","current_label":"Rio Grande cutthroat historic context","recovery_label":"Recovery watch / review area","confidence_public":"Generalized public map / needs expert review","confidence_internal":"Occurrence-cluster preview; 118 source segments","geometry_status_public":"Generalized named-water occurrence","geometry_status_internal":"Grouped by display name, HUC8, lineage, and spatial cluster","geometry_source_public":"Grouped public hydrography segments","geometry_source_internal":"Colorado full interpreted natural stream context — occurrence v2 preview","trout_source_public":"Compiled public recovery and lineage context; expert review recommended","trout_source_internal":"HUC8 lineage assignment v1 / review needed","public_notes":"Beaver Creek is shown as a generalized public-map named-water occurrence for Rio Grande cutthroat historic context. This object is separated from other same-named waters using HUC8, lineage, and local spatial clustering. Linework is grouped from public hydrography and should be treated as interpretive watershed context, not a precise biological boundary.","internal_notes":"Preview occurrence co_13010001_riogrande_beaver_creek_001; 118 segments; 24.9 km"}},{"type":"Feature","geometry":{"type":"LineString","coordinates":[[-106.65201,37.5745],[-106.65278,37.57568]]},"properties":{"huc8":"13010001","huc8Name":"Rio Grande Headwaters","historic":"rioGrande","current":"introduced","recovery":"recoveryWatch","lineageKey":"rioGrande","lineageLabel":"Rio Grande lineage","basin":"Rio Grande Headwaters","note":"Generalized Rio Grande cutthroat drainage context","state":"CO","confidence":"HUC8 drainage context / generalized","geometryStatus":"Named NHD stream intersecting assigned HUC8","troutSource":"HUC8 lineage assignment v1 / review needed","sourceName":"Beaver Creek","name":"Beaver Creek","source_id":"160785601","length_km":0.153,"FType":460,"FCode":46006,"atlas_class":"streamriver","water_id":"co_13010001_riogrande_beaver_creek_001","occurrence_id":"co_13010001_riogrande_beaver_creek_001","occurrence_number":"001","display_name":"Beaver Creek","mapped_name":"Beaver Creek","source_name":"Beaver Creek","disambiguator":"Rio Grande cutthroat historic context · HUC8 13010001 · occurrence 001","atlas_layer":"curated_named_water_occurrence","object_role":"interactive_named_water","lineage":"rioGrande","historic_label":"Rio Grande cutthroat historic context","current_label":"Rio Grande cutthroat historic context","recovery_label":"Recovery watch / review area","confidence_public":"Generalized public map / needs expert review","confidence_internal":"Occurrence-cluster preview; 118 source segments","geometry_status_public":"Generalized named-water occurrence","geometry_status_internal":"Grouped by display name, HUC8, lineage, and spatial cluster","geometry_source_public":"Grouped public hydrography segments","geometry_source_internal":"Colorado full interpreted natural stream context — occurrence v2 preview","trout_source_public":"Compiled public recovery and lineage context; expert review recommended","trout_source_internal":"HUC8 lineage assignment v1 / review needed","public_notes":"Beaver Creek is shown as a generalized public-map named-water occurrence for Rio Grande cutthroat historic context. This object is separated from other same-named waters using HUC8, lineage, and local spatial clustering. Linework is grouped from public hydrography and should be treated as interpretive watershed context, not a precise biological boundary.","internal_notes":"Preview occurrence co_13010001_riogrande_beaver_creek_001; 118 segments; 24.9 km"}},{"type":"Feature","geometry":{"type":"LineString","coordinates":[[-106.63729,37.54295],[-106.63972,37.54391]]},"properties":{"huc8":"13010001","huc8Name":"Rio Grande Headwaters","historic":"rioGrande","current":"introduced","recovery":"recoveryWatch","lineageKey":"rioGrande","lineageLabel":"Rio Grande lineage","basin":"Rio Grande Headwaters","note":"Generalized Rio Grande cutthroat drainage context","state":"CO","confidence":"HUC8 drainage context / generalized","geometryStatus":"Named NHD stream intersecting assigned HUC8","troutSource":"HUC8 lineage assignment v1 / review needed","sourceName":"Beaver Creek","name":"Beaver Creek","source_id":"160783930","length_km":0.24787848,"FType":460,"FCode":46006,"atlas_class":"streamriver","water_id":"co_13010001_riogrande_beaver_creek_001","occurrence_id":"co_13010001_riogrande_beaver_creek_001","occurrence_number":"001","display_name":"Beaver Creek","mapped_name":"Beaver Creek","source_name":"Beaver Creek","disambiguator":"Rio Grande cutthroat historic context · HUC8 13010001 · occurrence 001","atlas_layer":"curated_named_water_occurrence","object_role":"interactive_named_water","lineage":"rioGrande","historic_label":"Rio Grande cutthroat historic context","current_label":"Rio Grande cutthroat historic context","recovery_label":"Recovery watch / review area","confidence_public":"Generalized public map / needs expert review","confidence_internal":"Occurrence-cluster preview; 118 source segments","geometry_status_public":"Generalized named-water occurrence","geometry_status_internal":"Grouped by display name, HUC8, lineage, and spatial cluster","geometry_source_public":"Grouped public hydrography segments","geometry_source_internal":"Colorado full interpreted natural stream context — occurrence v2 preview","trout_source_public":"Compiled public recovery and lineage context; expert review recommended","trout_source_internal":"HUC8 lineage assignment v1 / review needed","public_notes":"Beaver Creek is shown as a generalized public-map named-water occurrence for Rio Grande cutthroat historic context. This object is separated from other same-named waters using HUC8, lineage, and local spatial clustering. Linework is grouped from public hydrography and should be treated as interpretive watershed context, not a precise biological boundary.","internal_notes":"Preview occurrence co_13010001_riogrande_beaver_creek_001; 118 segments; 24.9 km"}},{"type":"Feature","geometry":{"type":"LineString","coordinates":[[-106.64759,37.54546],[-106.6508,37.54496],[-106.65219,37.54519],[-106.65355,37.54637]]},"properties":{"huc8":"13010001","huc8Name":"Rio Grande Headwaters","historic":"rioGrande","current":"introduced","recovery":"recoveryWatch","lineageKey":"rioGrande","lineageLabel":"Rio Grande lineage","basin":"Rio Grande Headwaters","note":"Generalized Rio Grande cutthroat drainage context","state":"CO","confidence":"HUC8 drainage context / generalized","geometryStatus":"Named NHD stream intersecting assigned HUC8","troutSource":"HUC8 lineage assignment v1 / review needed","sourceName":"Beaver Creek","name":"Beaver Creek","source_id":"160785241","length_km":0.62141448,"FType":460,"FCode":46006,"atlas_class":"streamriver","water_id":"co_13010001_riogrande_beaver_creek_001","occurrence_id":"co_13010001_riogrande_beaver_creek_001","occurrence_number":"001","display_name":"Beaver Creek","mapped_name":"Beaver Creek","source_name":"Beaver Creek","disambiguator":"Rio Grande cutthroat historic context · HUC8 13010001 · occurrence 001","atlas_layer":"curated_named_water_occurrence","object_role":"interactive_named_water","lineage":"rioGrande","historic_label":"Rio Grande cutthroat historic context","current_label":"Rio Grande cutthroat historic context","recovery_label":"Recovery watch / review area","confidence_public":"Generalized public map / needs expert review","confidence_internal":"Occurrence-cluster preview; 118 source segments","geometry_status_public":"Generalized named-water occurrence","geometry_status_internal":"Grouped by display name, HUC8, lineage, and spatial cluster","geometry_source_public":"Grouped public hydrography segments","geometry_source_internal":"Colorado full interpreted natural stream context — occurrence v2 preview","trout_source_public":"Compiled public recovery and lineage context; expert review recommended","trout_source_internal":"HUC8 lineage assignment v1 / review needed","public_notes":"Beaver Creek is shown as a generalized public-map named-water occurrence for Rio Grande cutthroat historic context. This object is separated from other same-named waters using HUC8, lineage, and local spatial clustering. Linework is grouped from public hydrography and should be treated as interpretive watershed context, not a precise biological boundary.","internal_notes":"Preview occurrence co_13010001_riogrande_beaver_creek_001; 118 segments; 24.9 km"}},{"type":"Feature","geometry":{"type":"LineString","coordinates":[[-106.67259,37.60077],[-106.67693,37.60464]]},"properties":{"huc8":"13010001","huc8Name":"Rio Grande Headwaters","historic":"rioGrande","current":"introduced","recovery":"recoveryWatch","lineageKey":"rioGrande","lineageLabel":"Rio Grande lineage","basin":"Rio Grande Headwaters","note":"Generalized Rio Grande cutthroat drainage context","state":"CO","confidence":"HUC8 drainage context / generalized","geometryStatus":"Named NHD stream intersecting assigned HUC8","troutSource":"HUC8 lineage assignment v1 / review needed","sourceName":"Beaver Creek","name":"Beaver Creek","source_id":"136350749","length_km":0.599,"FType":460,"FCode":46006,"atlas_class":"streamriver","water_id":"co_13010001_riogrande_beaver_creek_001","occurrence_id":"co_13010001_riogrande_beaver_creek_001","occurrence_number":"001","display_name":"Beaver Creek","mapped_name":"Beaver Creek","source_name":"Beaver Creek","disambiguator":"Rio Grande cutthroat historic context · HUC8 13010001 · occurrence 001","atlas_layer":"curated_named_water_occurrence","object_role":"interactive_named_water","lineage":"rioGrande","historic_label":"Rio Grande cutthroat historic context","current_label":"Rio Grande cutthroat historic context","recovery_label":"Recovery watch / review area","confidence_public":"Generalized public map / needs expert review","confidence_internal":"Occurrence-cluster preview; 118 source segments","geometry_status_public":"Generalized named-water occurrence","geometry_status_internal":"Grouped by display name, HUC8, lineage, and spatial cluster","geometry_source_public":"Grouped public hydrography segments","geometry_source_internal":"Colorado full interpreted natural stream context — occurrence v2 preview","trout_source_public":"Compiled public recovery and lineage context; expert review recommended","trout_source_internal":"HUC8 lineage assignment v1 / review needed","public_notes":"Beaver Creek is shown as a generalized public-map named-water occurrence for Rio Grande cutthroat historic context. This object is separated from other same-named waters using HUC8, lineage, and local spatial clustering. Linework is grouped from public hydrography and should be treated as interpretive watershed context, not a precise biological boundary.","internal_notes":"Preview occurrence co_13010001_riogrande_beaver_creek_001; 118 segments; 24.9 km"}},{"type":"Feature","geometry":{"type":"LineString","coordinates":[[-106.65594,37.55392],[-106.6552,37.55707]]},"properties":{"huc8":"13010001","huc8Name":"Rio Grande Headwaters","historic":"rioGrande","current":"introduced","recovery":"recoveryWatch","lineageKey":"rioGrande","lineageLabel":"Rio Grande lineage","basin":"Rio Grande Headwaters","note":"Generalized Rio Grande cutthroat drainage context","state":"CO","confidence":"HUC8 drainage context / generalized","geometryStatus":"Named NHD stream intersecting assigned HUC8","troutSource":"HUC8 lineage assignment v1 / review needed","sourceName":"Beaver Creek","name":"Beaver Creek","source_id":"136350761","length_km":0.36,"FType":460,"FCode":46006,"atlas_class":"streamriver","water_id":"co_13010001_riogrande_beaver_creek_001","occurrence_id":"co_13010001_riogrande_beaver_creek_001","occurrence_number":"001","display_name":"Beaver Creek","mapped_name":"Beaver Creek","source_name":"Beaver Creek","disambiguator":"Rio Grande cutthroat historic context · HUC8 13010001 · occurrence 001","atlas_layer":"curated_named_water_occurrence","object_role":"interactive_named_water","lineage":"rioGrande","historic_label":"Rio Grande cutthroat historic context","current_label":"Rio Grande cutthroat historic context","recovery_label":"Recovery watch / review area","confidence_public":"Generalized public map / needs expert review","confidence_internal":"Occurrence-cluster preview; 118 source segments","geometry_status_public":"Generalized named-water occurrence","geometry_status_internal":"Grouped by display name, HUC8, lineage, and spatial cluster","geometry_source_public":"Grouped public hydrography segments","geometry_source_internal":"Colorado full interpreted natural stream context — occurrence v2 preview","trout_source_public":"Compiled public recovery and lineage context; expert review recommended","trout_source_internal":"HUC8 lineage assignment v1 / review needed","public_notes":"Beaver Creek is shown as a generalized public-map named-water occurrence for Rio Grande cutthroat historic context. This object is separated from other same-named waters using HUC8, lineage, and local spatial clustering. Linework is grouped from public hydrography and should be treated as interpretive watershed context, not a precise biological boundary.","internal_notes":"Preview occurrence co_13010001_riogrande_beaver_creek_001; 118 segments; 24.9 km"}},{"type":"Feature","geometry":{"type":"LineString","coordinates":[[-106.63342,37.54215],[-106.63545,37.54249]]},"properties":{"huc8":"13010001","huc8Name":"Rio Grande Headwaters","historic":"rioGrande","current":"introduced","recovery":"recoveryWatch","lineageKey":"rioGrande","lineageLabel":"Rio Grande lineage","basin":"Rio Grande Headwaters","note":"Generalized Rio Grande cutthroat drainage context","state":"CO","confidence":"HUC8 drainage context / generalized","geometryStatus":"Named NHD stream intersecting assigned HUC8","troutSource":"HUC8 lineage assignment v1 / review needed","sourceName":"Beaver Creek","name":"Beaver Creek","source_id":"136350769","length_km":0.18519949,"FType":460,"FCode":46006,"atlas_class":"streamriver","water_id":"co_13010001_riogrande_beaver_creek_001","occurrence_id":"co_13010001_riogrande_beaver_creek_001","occurrence_number":"001","display_name":"Beaver Creek","mapped_name":"Beaver Creek","source_name":"Beaver Creek","disambiguator":"Rio Grande cutthroat historic context · HUC8 13010001 · occurrence 001","atlas_layer":"curated_named_water_occurrence","object_role":"interactive_named_water","lineage":"rioGrande","historic_label":"Rio Grande cutthroat historic context","current_label":"Rio Grande cutthroat historic context","recovery_label":"Recovery watch / review area","confidence_public":"Generalized public map / needs expert review","confidence_internal":"Occurrence-cluster preview; 118 source segments","geometry_status_public":"Generalized named-water occurrence","geometry_status_internal":"Grouped by display name, HUC8, lineage, and spatial cluster","geometry_source_public":"Grouped public hydrography segments","geometry_source_internal":"Colorado full interpreted natural stream context — occurrence v2 preview","trout_source_public":"Compiled public recovery and lineage context; expert review recommended","trout_source_internal":"HUC8 lineage assignment v1 / review needed","public_notes":"Beaver Creek is shown as a generalized public-map named-water occurrence for Rio Grande cutthroat historic context. This object is separated from other same-named waters using HUC8, lineage, and local spatial clustering. Linework is grouped from public hydrography and should be treated as interpretive watershed context, not a precise biological boundary.","internal_notes":"Preview occurrence co_13010001_riogrande_beaver_creek_001; 118 segments; 24.9 km"}},{"type":"Feature","geometry":{"type":"LineString","coordinates":[[-106.65278,37.57568],[-106.65286,37.57618]]},"properties":{"huc8":"13010001","huc8Name":"Rio Grande Headwaters","historic":"rioGrande","current":"introduced","recovery":"recoveryWatch","lineageKey":"rioGrande","lineageLabel":"Rio Grande lineage","basin":"Rio Grande Headwaters","note":"Generalized Rio Grande cutthroat drainage context","state":"CO","confidence":"HUC8 drainage context / generalized","geometryStatus":"Named NHD stream intersecting assigned HUC8","troutSource":"HUC8 lineage assignment v1 / review needed","sourceName":"Beaver Creek","name":"Beaver Creek","source_id":"160785602","length_km":0.056,"FType":460,"FCode":46006,"atlas_class":"streamriver","water_id":"co_13010001_riogrande_beaver_creek_001","occurrence_id":"co_13010001_riogrande_beaver_creek_001","occurrence_number":"001","display_name":"Beaver Creek","mapped_name":"Beaver Creek","source_name":"Beaver Creek","disambiguator":"Rio Grande cutthroat historic context · HUC8 13010001 · occurrence 001","atlas_layer":"curated_named_water_occurrence","object_role":"interactive_named_water","lineage":"rioGrande","historic_label":"Rio Grande cutthroat historic context","current_label":"Rio Grande cutthroat historic context","recovery_label":"Recovery watch / review area","confidence_public":"Generalized public map / needs expert review","confidence_internal":"Occurrence-cluster preview; 118 source segments","geometry_status_public":"Generalized named-water occurrence","geometry_status_internal":"Grouped by display name, HUC8, lineage, and spatial cluster","geometry_source_public":"Grouped public hydrography segments","geometry_source_internal":"Colorado full interpreted natural stream context — occurrence v2 preview","trout_source_public":"Compiled public recovery and lineage context; expert review recommended","trout_source_internal":"HUC8 lineage assignment v1 / review needed","public_notes":"Beaver Creek is shown as a generalized public-map named-water occurrence for Rio Grande cutthroat historic context. This object is separated from other same-named waters using HUC8, lineage, and local spatial clustering. Linework is grouped from public hydrography and should be treated as interpretive watershed context, not a precise biological boundary.","internal_notes":"Preview occurrence co_13010001_riogrande_beaver_creek_001; 118 segments; 24.9 km"}},{"type":"Feature","geometry":{"type":"LineString","coordinates":[[-106.65496,37.55788],[-106.65462,37.55973],[-106.65235,37.56091],[-106.65087,37.56254],[-106.65074,37.56548]]},"properties":{"huc8":"13010001","huc8Name":"Rio Grande Headwaters","historic":"rioGrande","current":"introduced","recovery":"recoveryWatch","lineageKey":"rioGrande","lineageLabel":"Rio Grande lineage","basin":"Rio Grande Headwaters","note":"Generalized Rio Grande cutthroat drainage context","state":"CO","confidence":"HUC8 drainage context / generalized","geometryStatus":"Named NHD stream intersecting assigned HUC8","troutSource":"HUC8 lineage assignment v1 / review needed","sourceName":"Beaver Creek","name":"Beaver Creek","source_id":"160785431","length_km":1.016,"FType":460,"FCode":46006,"atlas_class":"streamriver","water_id":"co_13010001_riogrande_beaver_creek_001","occurrence_id":"co_13010001_riogrande_beaver_creek_001","occurrence_number":"001","display_name":"Beaver Creek","mapped_name":"Beaver Creek","source_name":"Beaver Creek","disambiguator":"Rio Grande cutthroat historic context · HUC8 13010001 · occurrence 001","atlas_layer":"curated_named_water_occurrence","object_role":"interactive_named_water","lineage":"rioGrande","historic_label":"Rio Grande cutthroat historic context","current_label":"Rio Grande cutthroat historic context","recovery_label":"Recovery watch / review area","confidence_public":"Generalized public map / needs expert review","confidence_internal":"Occurrence-cluster preview; 118 source segments","geometry_status_public":"Generalized named-water occurrence","geometry_status_internal":"Grouped by display name, HUC8, lineage, and spatial cluster","geometry_source_public":"Grouped public hydrography segments","geometry_source_internal":"Colorado full interpreted natural stream context — occurrence v2 preview","trout_source_public":"Compiled public recovery and lineage context; expert review recommended","trout_source_internal":"HUC8 lineage assignment v1 / review needed","public_notes":"Beaver Creek is shown as a generalized public-map named-water occurrence for Rio Grande cutthroat historic context. This object is separated from other same-named waters using HUC8, lineage, and local spatial clustering. Linework is grouped from public hydrography and should be treated as interpretive watershed context, not a precise biological boundary.","internal_notes":"Preview occurrence co_13010001_riogrande_beaver_creek_001; 118 segments; 24.9 km"}},{"type":"Feature","geometry":{"type":"LineString","coordinates":[[-106.65239,37.5787],[-106.65316,37.58056]]},"properties":{"huc8":"13010001","huc8Name":"Rio Grande Headwaters","historic":"rioGrande","current":"introduced","recovery":"recoveryWatch","lineageKey":"rioGrande","lineageLabel":"Rio Grande lineage","basin":"Rio Grande Headwaters","note":"Generalized Rio Grande cutthroat drainage context","state":"CO","confidence":"HUC8 drainage context / generalized","geometryStatus":"Named NHD stream intersecting assigned HUC8","troutSource":"HUC8 lineage assignment v1 / review needed","sourceName":"Beaver Creek","name":"Beaver Creek","source_id":"160785475","length_km":0.247,"FType":460,"FCode":46006,"atlas_class":"streamriver","water_id":"co_13010001_riogrande_beaver_creek_001","occurrence_id":"co_13010001_riogrande_beaver_creek_001","occurrence_number":"001","display_name":"Beaver Creek","mapped_name":"Beaver Creek","source_name":"Beaver Creek","disambiguator":"Rio Grande cutthroat historic context · HUC8 13010001 · occurrence 001","atlas_layer":"curated_named_water_occurrence","object_role":"interactive_named_water","lineage":"rioGrande","historic_label":"Rio Grande cutthroat historic context","current_label":"Rio Grande cutthroat historic context","recovery_label":"Recovery watch / review area","confidence_public":"Generalized public map / needs expert review","confidence_internal":"Occurrence-cluster preview; 118 source segments","geometry_status_public":"Generalized named-water occurrence","geometry_status_internal":"Grouped by display name, HUC8, lineage, and spatial cluster","geometry_source_public":"Grouped public hydrography segments","geometry_source_internal":"Colorado full interpreted natural stream context — occurrence v2 preview","trout_source_public":"Compiled public recovery and lineage context; expert review recommended","trout_source_internal":"HUC8 lineage assignment v1 / review needed","public_notes":"Beaver Creek is shown as a generalized public-map named-water occurrence for Rio Grande cutthroat historic context. This object is separated from other same-named waters using HUC8, lineage, and local spatial clustering. Linework is grouped from public hydrography and should be treated as interpretive watershed context, not a precise biological boundary.","internal_notes":"Preview occurrence co_13010001_riogrande_beaver_creek_001; 118 segments; 24.9 km"}},{"type":"Feature","geometry":{"type":"LineString","coordinates":[[-106.63972,37.54391],[-106.64105,37.54388],[-106.64191,37.54465]]},"properties":{"huc8":"13010001","huc8Name":"Rio Grande Headwaters","historic":"rioGrande","current":"introduced","recovery":"recoveryWatch","lineageKey":"rioGrande","lineageLabel":"Rio Grande lineage","basin":"Rio Grande Headwaters","note":"Generalized Rio Grande cutthroat drainage context","state":"CO","confidence":"HUC8 drainage context / generalized","geometryStatus":"Named NHD stream intersecting assigned HUC8","troutSource":"HUC8 lineage assignment v1 / review needed","sourceName":"Beaver Creek","name":"Beaver Creek","source_id":"160785640","length_km":0.23720742,"FType":460,"FCode":46006,"atlas_class":"streamriver","water_id":"co_13010001_riogrande_beaver_creek_001","occurrence_id":"co_13010001_riogrande_beaver_creek_001","occurrence_number":"001","display_name":"Beaver Creek","mapped_name":"Beaver Creek","source_name":"Beaver Creek","disambiguator":"Rio Grande cutthroat historic context · HUC8 13010001 · occurrence 001","atlas_layer":"curated_named_water_occurrence","object_role":"interactive_named_water","lineage":"rioGrande","historic_label":"Rio Grande cutthroat historic context","current_label":"Rio Grande cutthroat historic context","recovery_label":"Recovery watch / review area","confidence_public":"Generalized public map / needs expert review","confidence_internal":"Occurrence-cluster preview; 118 source segments","geometry_status_public":"Generalized named-water occurrence","geometry_status_internal":"Grouped by display name, HUC8, lineage, and spatial cluster","geometry_source_public":"Grouped public hydrography segments","geometry_source_internal":"Colorado full interpreted natural stream context — occurrence v2 preview","trout_source_public":"Compiled public recovery and lineage context; expert review recommended","trout_source_internal":"HUC8 lineage assignment v1 / review needed","public_notes":"Beaver Creek is shown as a generalized public-map named-water occurrence for Rio Grande cutthroat historic context. This object is separated from other same-named waters using HUC8, lineage, and local spatial clustering. Linework is grouped from public hydrography and should be treated as interpretive watershed context, not a precise biological boundary.","internal_notes":"Preview occurrence co_13010001_riogrande_beaver_creek_001; 118 segments; 24.9 km"}},{"type":"Feature","geometry":{"type":"LineString","coordinates":[[-106.64301,37.54584],[-106.64389,37.54627]]},"properties":{"huc8":"13010001","huc8Name":"Rio Grande Headwaters","historic":"rioGrande","current":"introduced","recovery":"recoveryWatch","lineageKey":"rioGrande","lineageLabel":"Rio Grande lineage","basin":"Rio Grande Headwaters","note":"Generalized Rio Grande cutthroat drainage context","state":"CO","confidence":"HUC8 drainage context / generalized","geometryStatus":"Named NHD stream intersecting assigned HUC8","troutSource":"HUC8 lineage assignment v1 / review needed","sourceName":"Beaver Creek","name":"Beaver Creek","source_id":"160783478","length_km":0.09184215,"FType":460,"FCode":46006,"atlas_class":"streamriver","water_id":"co_13010001_riogrande_beaver_creek_001","occurrence_id":"co_13010001_riogrande_beaver_creek_001","occurrence_number":"001","display_name":"Beaver Creek","mapped_name":"Beaver Creek","source_name":"Beaver Creek","disambiguator":"Rio Grande cutthroat historic context · HUC8 13010001 · occurrence 001","atlas_layer":"curated_named_water_occurrence","object_role":"interactive_named_water","lineage":"rioGrande","historic_label":"Rio Grande cutthroat historic context","current_label":"Rio Grande cutthroat historic context","recovery_label":"Recovery watch / review area","confidence_public":"Generalized public map / needs expert review","confidence_internal":"Occurrence-cluster preview; 118 source segments","geometry_status_public":"Generalized named-water occurrence","geometry_status_internal":"Grouped by display name, HUC8, lineage, and spatial cluster","geometry_source_public":"Grouped public hydrography segments","geometry_source_internal":"Colorado full interpreted natural stream context — occurrence v2 preview","trout_source_public":"Compiled public recovery and lineage context; expert review recommended","trout_source_internal":"HUC8 lineage assignment v1 / review needed","public_notes":"Beaver Creek is shown as a generalized public-map named-water occurrence for Rio Grande cutthroat historic context. This object is separated from other same-named waters using HUC8, lineage, and local spatial clustering. Linework is grouped from public hydrography and should be treated as interpretive watershed context, not a precise biological boundary.","internal_notes":"Preview occurrence co_13010001_riogrande_beaver_creek_001; 118 segments; 24.9 km"}},{"type":"Feature","geometry":{"type":"LineString","coordinates":[[-106.66635,37.59607],[-106.6663,37.59873]]},"properties":{"huc8":"13010001","huc8Name":"Rio Grande Headwaters","historic":"rioGrande","current":"introduced","recovery":"recoveryWatch","lineageKey":"rioGrande","lineageLabel":"Rio Grande lineage","basin":"Rio Grande Headwaters","note":"Generalized Rio Grande cutthroat drainage context","state":"CO","confidence":"HUC8 drainage context / generalized","geometryStatus":"Named NHD stream intersecting assigned HUC8","troutSource":"HUC8 lineage assignment v1 / review needed","sourceName":"Beaver Creek","name":"Beaver Creek","source_id":"136350752","length_km":0.307,"FType":460,"FCode":46006,"atlas_class":"streamriver","water_id":"co_13010001_riogrande_beaver_creek_001","occurrence_id":"co_13010001_riogrande_beaver_creek_001","occurrence_number":"001","display_name":"Beaver Creek","mapped_name":"Beaver Creek","source_name":"Beaver Creek","disambiguator":"Rio Grande cutthroat historic context · HUC8 13010001 · occurrence 001","atlas_layer":"curated_named_water_occurrence","object_role":"interactive_named_water","lineage":"rioGrande","historic_label":"Rio Grande cutthroat historic context","current_label":"Rio Grande cutthroat historic context","recovery_label":"Recovery watch / review area","confidence_public":"Generalized public map / needs expert review","confidence_internal":"Occurrence-cluster preview; 118 source segments","geometry_status_public":"Generalized named-water occurrence","geometry_status_internal":"Grouped by display name, HUC8, lineage, and spatial cluster","geometry_source_public":"Grouped public hydrography segments","geometry_source_internal":"Colorado full interpreted natural stream context — occurrence v2 preview","trout_source_public":"Compiled public recovery and lineage context; expert review recommended","trout_source_internal":"HUC8 lineage assignment v1 / review needed","public_notes":"Beaver Creek is shown as a generalized public-map named-water occurrence for Rio Grande cutthroat historic context. This object is separated from other same-named waters using HUC8, lineage, and local spatial clustering. Linework is grouped from public hydrography and should be treated as interpretive watershed context, not a precise biological boundary.","internal_notes":"Preview occurrence co_13010001_riogrande_beaver_creek_001; 118 segments; 24.9 km"}},{"type":"Feature","geometry":{"type":"LineString","coordinates":[[-106.65085,37.56931],[-106.65104,37.57222]]},"properties":{"huc8":"13010001","huc8Name":"Rio Grande Headwaters","historic":"rioGrande","current":"introduced","recovery":"recoveryWatch","lineageKey":"rioGrande","lineageLabel":"Rio Grande lineage","basin":"Rio Grande Headwaters","note":"Generalized Rio Grande cutthroat drainage context","state":"CO","confidence":"HUC8 drainage context / generalized","geometryStatus":"Named NHD stream intersecting assigned HUC8","troutSource":"HUC8 lineage assignment v1 / review needed","sourceName":"Beaver Creek","name":"Beaver Creek","source_id":"136350758","length_km":0.335,"FType":460,"FCode":46006,"atlas_class":"streamriver","water_id":"co_13010001_riogrande_beaver_creek_001","occurrence_id":"co_13010001_riogrande_beaver_creek_001","occurrence_number":"001","display_name":"Beaver Creek","mapped_name":"Beaver Creek","source_name":"Beaver Creek","disambiguator":"Rio Grande cutthroat historic context · HUC8 13010001 · occurrence 001","atlas_layer":"curated_named_water_occurrence","object_role":"interactive_named_water","lineage":"rioGrande","historic_label":"Rio Grande cutthroat historic context","current_label":"Rio Grande cutthroat historic context","recovery_label":"Recovery watch / review area","confidence_public":"Generalized public map / needs expert review","confidence_internal":"Occurrence-cluster preview; 118 source segments","geometry_status_public":"Generalized named-water occurrence","geometry_status_internal":"Grouped by display name, HUC8, lineage, and spatial cluster","geometry_source_public":"Grouped public hydrography segments","geometry_source_internal":"Colorado full interpreted natural stream context — occurrence v2 preview","trout_source_public":"Compiled public recovery and lineage context; expert review recommended","trout_source_internal":"HUC8 lineage assignment v1 / review needed","public_notes":"Beaver Creek is shown as a generalized public-map named-water occurrence for Rio Grande cutthroat historic context. This object is separated from other same-named waters using HUC8, lineage, and local spatial clustering. Linework is grouped from public hydrography and should be treated as interpretive watershed context, not a precise biological boundary.","internal_notes":"Preview occurrence co_13010001_riogrande_beaver_creek_001; 118 segments; 24.9 km"}},{"type":"Feature","geometry":{"type":"LineString","coordinates":[[-106.65624,37.55253],[-106.65594,37.55392]]},"properties":{"huc8":"13010001","huc8Name":"Rio Grande Headwaters","historic":"rioGrande","current":"introduced","recovery":"recoveryWatch","lineageKey":"rioGrande","lineageLabel":"Rio Grande lineage","basin":"Rio Grande Headwaters","note":"Generalized Rio Grande cutthroat drainage context","state":"CO","confidence":"HUC8 drainage context / generalized","geometryStatus":"Named NHD stream intersecting assigned HUC8","troutSource":"HUC8 lineage assignment v1 / review needed","sourceName":"Beaver Creek","name":"Beaver Creek","source_id":"136350762","length_km":0.161,"FType":460,"FCode":46006,"atlas_class":"streamriver","water_id":"co_13010001_riogrande_beaver_creek_001","occurrence_id":"co_13010001_riogrande_beaver_creek_001","occurrence_number":"001","display_name":"Beaver Creek","mapped_name":"Beaver Creek","source_name":"Beaver Creek","disambiguator":"Rio Grande cutthroat historic context · HUC8 13010001 · occurrence 001","atlas_layer":"curated_named_water_occurrence","object_role":"interactive_named_water","lineage":"rioGrande","historic_label":"Rio Grande cutthroat historic context","current_label":"Rio Grande cutthroat historic context","recovery_label":"Recovery watch / review area","confidence_public":"Generalized public map / needs expert review","confidence_internal":"Occurrence-cluster preview; 118 source segments","geometry_status_public":"Generalized named-water occurrence","geometry_status_internal":"Grouped by display name, HUC8, lineage, and spatial cluster","geometry_source_public":"Grouped public hydrography segments","geometry_source_internal":"Colorado full interpreted natural stream context — occurrence v2 preview","trout_source_public":"Compiled public recovery and lineage context; expert review recommended","trout_source_internal":"HUC8 lineage assignment v1 / review needed","public_notes":"Beaver Creek is shown as a generalized public-map named-water occurrence for Rio Grande cutthroat historic context. This object is separated from other same-named waters using HUC8, lineage, and local spatial clustering. Linework is grouped from public hydrography and should be treated as interpretive watershed context, not a precise biological boundary.","internal_notes":"Preview occurrence co_13010001_riogrande_beaver_creek_001; 118 segments; 24.9 km"}},{"type":"Feature","geometry":{"type":"LineString","coordinates":[[-106.65176,37.57396],[-106.65201,37.5745]]},"properties":{"huc8":"13010001","huc8Name":"Rio Grande Headwaters","historic":"rioGrande","current":"introduced","recovery":"recoveryWatch","lineageKey":"rioGrande","lineageLabel":"Rio Grande lineage","basin":"Rio Grande Headwaters","note":"Generalized Rio Grande cutthroat drainage context","state":"CO","confidence":"HUC8 drainage context / generalized","geometryStatus":"Named NHD stream intersecting assigned HUC8","troutSource":"HUC8 lineage assignment v1 / review needed","sourceName":"Beaver Creek","name":"Beaver Creek","source_id":"160789742","length_km":0.065,"FType":460,"FCode":46006,"atlas_class":"streamriver","water_id":"co_13010001_riogrande_beaver_creek_001","occurrence_id":"co_13010001_riogrande_beaver_creek_001","occurrence_number":"001","display_name":"Beaver Creek","mapped_name":"Beaver Creek","source_name":"Beaver Creek","disambiguator":"Rio Grande cutthroat historic context · HUC8 13010001 · occurrence 001","atlas_layer":"curated_named_water_occurrence","object_role":"interactive_named_water","lineage":"rioGrande","historic_label":"Rio Grande cutthroat historic context","current_label":"Rio Grande cutthroat historic context","recovery_label":"Recovery watch / review area","confidence_public":"Generalized public map / needs expert review","confidence_internal":"Occurrence-cluster preview; 118 source segments","geometry_status_public":"Generalized named-water occurrence","geometry_status_internal":"Grouped by display name, HUC8, lineage, and spatial cluster","geometry_source_public":"Grouped public hydrography segments","geometry_source_internal":"Colorado full interpreted natural stream context — occurrence v2 preview","trout_source_public":"Compiled public recovery and lineage context; expert review recommended","trout_source_internal":"HUC8 lineage assignment v1 / review needed","public_notes":"Beaver Creek is shown as a generalized public-map named-water occurrence for Rio Grande cutthroat historic context. This object is separated from other same-named waters using HUC8, lineage, and local spatial clustering. Linework is grouped from public hydrography and should be treated as interpretive watershed context, not a precise biological boundary.","internal_notes":"Preview occurrence co_13010001_riogrande_beaver_creek_001; 118 segments; 24.9 km"}},{"type":"Feature","geometry":{"type":"LineString","coordinates":[[-106.66632,37.59599],[-106.66635,37.59607]]},"properties":{"huc8":"13010001","huc8Name":"Rio Grande Headwaters","historic":"rioGrande","current":"introduced","recovery":"recoveryWatch","lineageKey":"rioGrande","lineageLabel":"Rio Grande lineage","basin":"Rio Grande Headwaters","note":"Generalized Rio Grande cutthroat drainage context","state":"CO","confidence":"HUC8 drainage context / generalized","geometryStatus":"Named NHD stream intersecting assigned HUC8","troutSource":"HUC8 lineage assignment v1 / review needed","sourceName":"Beaver Creek","name":"Beaver Creek","source_id":"160768470","length_km":0.009,"FType":460,"FCode":46006,"atlas_class":"streamriver","water_id":"co_13010001_riogrande_beaver_creek_001","occurrence_id":"co_13010001_riogrande_beaver_creek_001","occurrence_number":"001","display_name":"Beaver Creek","mapped_name":"Beaver Creek","source_name":"Beaver Creek","disambiguator":"Rio Grande cutthroat historic context · HUC8 13010001 · occurrence 001","atlas_layer":"curated_named_water_occurrence","object_role":"interactive_named_water","lineage":"rioGrande","historic_label":"Rio Grande cutthroat historic context","current_label":"Rio Grande cutthroat historic context","recovery_label":"Recovery watch / review area","confidence_public":"Generalized public map / needs expert review","confidence_internal":"Occurrence-cluster preview; 118 source segments","geometry_status_public":"Generalized named-water occurrence","geometry_status_internal":"Grouped by display name, HUC8, lineage, and spatial cluster","geometry_source_public":"Grouped public hydrography segments","geometry_source_internal":"Colorado full interpreted natural stream context — occurrence v2 preview","trout_source_public":"Compiled public recovery and lineage context; expert review recommended","trout_source_internal":"HUC8 lineage assignment v1 / review needed","public_notes":"Beaver Creek is shown as a generalized public-map named-water occurrence for Rio Grande cutthroat historic context. This object is separated from other same-named waters using HUC8, lineage, and local spatial clustering. Linework is grouped from public hydrography and should be treated as interpretive watershed context, not a precise biological boundary.","internal_notes":"Preview occurrence co_13010001_riogrande_beaver_creek_001; 118 segments; 24.9 km"}},{"type":"Feature","geometry":{"type":"LineString","coordinates":[[-106.65131,37.57274],[-106.65176,37.57396]]},"properties":{"huc8":"13010001","huc8Name":"Rio Grande Headwaters","historic":"rioGrande","current":"introduced","recovery":"recoveryWatch","lineageKey":"rioGrande","lineageLabel":"Rio Grande lineage","basin":"Rio Grande Headwaters","note":"Generalized Rio Grande cutthroat drainage context","state":"CO","confidence":"HUC8 drainage context / generalized","geometryStatus":"Named NHD stream intersecting assigned HUC8","troutSource":"HUC8 lineage assignment v1 / review needed","sourceName":"Beaver Creek","name":"Beaver Creek","source_id":"160789741","length_km":0.186,"FType":460,"FCode":46006,"atlas_class":"streamriver","water_id":"co_13010001_riogrande_beaver_creek_001","occurrence_id":"co_13010001_riogrande_beaver_creek_001","occurrence_number":"001","display_name":"Beaver Creek","mapped_name":"Beaver Creek","source_name":"Beaver Creek","disambiguator":"Rio Grande cutthroat historic context · HUC8 13010001 · occurrence 001","atlas_layer":"curated_named_water_occurrence","object_role":"interactive_named_water","lineage":"rioGrande","historic_label":"Rio Grande cutthroat historic context","current_label":"Rio Grande cutthroat historic context","recovery_label":"Recovery watch / review area","confidence_public":"Generalized public map / needs expert review","confidence_internal":"Occurrence-cluster preview; 118 source segments","geometry_status_public":"Generalized named-water occurrence","geometry_status_internal":"Grouped by display name, HUC8, lineage, and spatial cluster","geometry_source_public":"Grouped public hydrography segments","geometry_source_internal":"Colorado full interpreted natural stream context — occurrence v2 preview","trout_source_public":"Compiled public recovery and lineage context; expert review recommended","trout_source_internal":"HUC8 lineage assignment v1 / review needed","public_notes":"Beaver Creek is shown as a generalized public-map named-water occurrence for Rio Grande cutthroat historic context. This object is separated from other same-named waters using HUC8, lineage, and local spatial clustering. Linework is grouped from public hydrography and should be treated as interpretive watershed context, not a precise biological boundary.","internal_notes":"Preview occurrence co_13010001_riogrande_beaver_creek_001; 118 segments; 24.9 km"}},{"type":"Feature","geometry":{"type":"LineString","coordinates":[[-106.62415,37.50349],[-106.62371,37.50449],[-106.62424,37.50671],[-106.62363,37.50709],[-106.62396,37.50776],[-106.6252,37.5081]]},"properties":{"huc8":"13010001","huc8Name":"Rio Grande Headwaters","historic":"rioGrande","current":"introduced","recovery":"recoveryWatch","lineageKey":"rioGrande","lineageLabel":"Rio Grande lineage","basin":"Rio Grande Headwaters","note":"Generalized Rio Grande cutthroat drainage context","state":"CO","confidence":"HUC8 drainage context / generalized","geometryStatus":"Named NHD stream intersecting assigned HUC8","troutSource":"HUC8 lineage assignment v1 / review needed","sourceName":"Beaver Creek","name":"Beaver Creek","source_id":"136351721","length_km":0.737,"FType":460,"FCode":46006,"atlas_class":"streamriver","water_id":"co_13010001_riogrande_beaver_creek_001","occurrence_id":"co_13010001_riogrande_beaver_creek_001","occurrence_number":"001","display_name":"Beaver Creek","mapped_name":"Beaver Creek","source_name":"Beaver Creek","disambiguator":"Rio Grande cutthroat historic context · HUC8 13010001 · occurrence 001","atlas_layer":"curated_named_water_occurrence","object_role":"interactive_named_water","lineage":"rioGrande","historic_label":"Rio Grande cutthroat historic context","current_label":"Rio Grande cutthroat historic context","recovery_label":"Recovery watch / review area","confidence_public":"Generalized public map / needs expert review","confidence_internal":"Occurrence-cluster preview; 118 source segments","geometry_status_public":"Generalized named-water occurrence","geometry_status_internal":"Grouped by display name, HUC8, lineage, and spatial cluster","geometry_source_public":"Grouped public hydrography segments","geometry_source_internal":"Colorado full interpreted natural stream context — occurrence v2 preview","trout_source_public":"Compiled public recovery and lineage context; expert review recommended","trout_source_internal":"HUC8 lineage assignment v1 / review needed","public_notes":"Beaver Creek is shown as a generalized public-map named-water occurrence for Rio Grande cutthroat historic context. This object is separated from other same-named waters using HUC8, lineage, and local spatial clustering. Linework is grouped from public hydrography and should be treated as interpretive watershed context, not a precise biological boundary.","internal_notes":"Preview occurrence co_13010001_riogrande_beaver_creek_001; 118 segments; 24.9 km"}},{"type":"Feature","geometry":{"type":"LineString","coordinates":[[-106.62256,37.50012],[-106.6238,37.50065]]},"properties":{"huc8":"13010001","huc8Name":"Rio Grande Headwaters","historic":"rioGrande","current":"introduced","recovery":"recoveryWatch","lineageKey":"rioGrande","lineageLabel":"Rio Grande lineage","basin":"Rio Grande Headwaters","note":"Generalized Rio Grande cutthroat drainage context","state":"CO","confidence":"HUC8 drainage context / generalized","geometryStatus":"Named NHD stream intersecting assigned HUC8","troutSource":"HUC8 lineage assignment v1 / review needed","sourceName":"Beaver Creek","name":"Beaver Creek","source_id":"136351723","length_km":0.20812163,"FType":460,"FCode":46006,"atlas_class":"streamriver","water_id":"co_13010001_riogrande_beaver_creek_001","occurrence_id":"co_13010001_riogrande_beaver_creek_001","occurrence_number":"001","display_name":"Beaver Creek","mapped_name":"Beaver Creek","source_name":"Beaver Creek","disambiguator":"Rio Grande cutthroat historic context · HUC8 13010001 · occurrence 001","atlas_layer":"curated_named_water_occurrence","object_role":"interactive_named_water","lineage":"rioGrande","historic_label":"Rio Grande cutthroat historic context","current_label":"Rio Grande cutthroat historic context","recovery_label":"Recovery watch / review area","confidence_public":"Generalized public map / needs expert review","confidence_internal":"Occurrence-cluster preview; 118 source segments","geometry_status_public":"Generalized named-water occurrence","geometry_status_internal":"Grouped by display name, HUC8, lineage, and spatial cluster","geometry_source_public":"Grouped public hydrography segments","geometry_source_internal":"Colorado full interpreted natural stream context — occurrence v2 preview","trout_source_public":"Compiled public recovery and lineage context; expert review recommended","trout_source_internal":"HUC8 lineage assignment v1 / review needed","public_notes":"Beaver Creek is shown as a generalized public-map named-water occurrence for Rio Grande cutthroat historic context. This object is separated from other same-named waters using HUC8, lineage, and local spatial clustering. Linework is grouped from public hydrography and should be treated as interpretive watershed context, not a precise biological boundary.","internal_notes":"Preview occurrence co_13010001_riogrande_beaver_creek_001; 118 segments; 24.9 km"}},{"type":"Feature","geometry":{"type":"LineString","coordinates":[[-106.67692,37.60924],[-106.67765,37.61387],[-106.67706,37.61587],[-106.67791,37.61748],[-106.68159,37.61842],[-106.68168,37.61935],[-106.68289,37.62032],[-106.68302,37.62127],[-106.68376,37.62153]]},"properties":{"huc8":"13010001","huc8Name":"Rio Grande Headwaters","historic":"rioGrande","current":"introduced","recovery":"recoveryWatch","lineageKey":"rioGrande","lineageLabel":"Rio Grande lineage","basin":"Rio Grande Headwaters","note":"Generalized Rio Grande cutthroat drainage context","state":"CO","confidence":"HUC8 drainage context / generalized","geometryStatus":"Named NHD stream intersecting assigned HUC8","troutSource":"HUC8 lineage assignment v1 / review needed","sourceName":"Beaver Creek","name":"Beaver Creek","source_id":"160785239","length_km":1.765,"FType":460,"FCode":46006,"atlas_class":"streamriver","water_id":"co_13010001_riogrande_beaver_creek_001","occurrence_id":"co_13010001_riogrande_beaver_creek_001","occurrence_number":"001","display_name":"Beaver Creek","mapped_name":"Beaver Creek","source_name":"Beaver Creek","disambiguator":"Rio Grande cutthroat historic context · HUC8 13010001 · occurrence 001","atlas_layer":"curated_named_water_occurrence","object_role":"interactive_named_water","lineage":"rioGrande","historic_label":"Rio Grande cutthroat historic context","current_label":"Rio Grande cutthroat historic context","recovery_label":"Recovery watch / review area","confidence_public":"Generalized public map / needs expert review","confidence_internal":"Occurrence-cluster preview; 118 source segments","geometry_status_public":"Generalized named-water occurrence","geometry_status_internal":"Grouped by display name, HUC8, lineage, and spatial cluster","geometry_source_public":"Grouped public hydrography segments","geometry_source_internal":"Colorado full interpreted natural stream context — occurrence v2 preview","trout_source_public":"Compiled public recovery and lineage context; expert review recommended","trout_source_internal":"HUC8 lineage assignment v1 / review needed","public_notes":"Beaver Creek is shown as a generalized public-map named-water occurrence for Rio Grande cutthroat historic context. This object is separated from other same-named waters using HUC8, lineage, and local spatial clustering. Linework is grouped from public hydrography and should be treated as interpretive watershed context, not a precise biological boundary.","internal_notes":"Preview occurrence co_13010001_riogrande_beaver_creek_001; 118 segments; 24.9 km"}},{"type":"Feature","geometry":{"type":"LineString","coordinates":[[-106.64555,37.54602],[-106.64759,37.54546]]},"properties":{"huc8":"13010001","huc8Name":"Rio Grande Headwaters","historic":"rioGrande","current":"introduced","recovery":"recoveryWatch","lineageKey":"rioGrande","lineageLabel":"Rio Grande lineage","basin":"Rio Grande Headwaters","note":"Generalized Rio Grande cutthroat drainage context","state":"CO","confidence":"HUC8 drainage context / generalized","geometryStatus":"Named NHD stream intersecting assigned HUC8","troutSource":"HUC8 lineage assignment v1 / review needed","sourceName":"Beaver Creek","name":"Beaver Creek","source_id":"160785240","length_km":0.19072402,"FType":460,"FCode":46006,"atlas_class":"streamriver","water_id":"co_13010001_riogrande_beaver_creek_001","occurrence_id":"co_13010001_riogrande_beaver_creek_001","occurrence_number":"001","display_name":"Beaver Creek","mapped_name":"Beaver Creek","source_name":"Beaver Creek","disambiguator":"Rio Grande cutthroat historic context · HUC8 13010001 · occurrence 001","atlas_layer":"curated_named_water_occurrence","object_role":"interactive_named_water","lineage":"rioGrande","historic_label":"Rio Grande cutthroat historic context","current_label":"Rio Grande cutthroat historic context","recovery_label":"Recovery watch / review area","confidence_public":"Generalized public map / needs expert review","confidence_internal":"Occurrence-cluster preview; 118 source segments","geometry_status_public":"Generalized named-water occurrence","geometry_status_internal":"Grouped by display name, HUC8, lineage, and spatial cluster","geometry_source_public":"Grouped public hydrography segments","geometry_source_internal":"Colorado full interpreted natural stream context — occurrence v2 preview","trout_source_public":"Compiled public recovery and lineage context; expert review recommended","trout_source_internal":"HUC8 lineage assignment v1 / review needed","public_notes":"Beaver Creek is shown as a generalized public-map named-water occurrence for Rio Grande cutthroat historic context. This object is separated from other same-named waters using HUC8, lineage, and local spatial clustering. Linework is grouped from public hydrography and should be treated as interpretive watershed context, not a precise biological boundary.","internal_notes":"Preview occurrence co_13010001_riogrande_beaver_creek_001; 118 segments; 24.9 km"}},{"type":"Feature","geometry":{"type":"LineString","coordinates":[[-106.66969,37.59915],[-106.67163,37.60041]]},"properties":{"huc8":"13010001","huc8Name":"Rio Grande Headwaters","historic":"rioGrande","current":"introduced","recovery":"recoveryWatch","lineageKey":"rioGrande","lineageLabel":"Rio Grande lineage","basin":"Rio Grande Headwaters","note":"Generalized Rio Grande cutthroat drainage context","state":"CO","confidence":"HUC8 drainage context / generalized","geometryStatus":"Named NHD stream intersecting assigned HUC8","troutSource":"HUC8 lineage assignment v1 / review needed","sourceName":"Beaver Creek","name":"Beaver Creek","source_id":"160785141","length_km":0.233,"FType":460,"FCode":46006,"atlas_class":"streamriver","water_id":"co_13010001_riogrande_beaver_creek_001","occurrence_id":"co_13010001_riogrande_beaver_creek_001","occurrence_number":"001","display_name":"Beaver Creek","mapped_name":"Beaver Creek","source_name":"Beaver Creek","disambiguator":"Rio Grande cutthroat historic context · HUC8 13010001 · occurrence 001","atlas_layer":"curated_named_water_occurrence","object_role":"interactive_named_water","lineage":"rioGrande","historic_label":"Rio Grande cutthroat historic context","current_label":"Rio Grande cutthroat historic context","recovery_label":"Recovery watch / review area","confidence_public":"Generalized public map / needs expert review","confidence_internal":"Occurrence-cluster preview; 118 source segments","geometry_status_public":"Generalized named-water occurrence","geometry_status_internal":"Grouped by display name, HUC8, lineage, and spatial cluster","geometry_source_public":"Grouped public hydrography segments","geometry_source_internal":"Colorado full interpreted natural stream context — occurrence v2 preview","trout_source_public":"Compiled public recovery and lineage context; expert review recommended","trout_source_internal":"HUC8 lineage assignment v1 / review needed","public_notes":"Beaver Creek is shown as a generalized public-map named-water occurrence for Rio Grande cutthroat historic context. This object is separated from other same-named waters using HUC8, lineage, and local spatial clustering. Linework is grouped from public hydrography and should be treated as interpretive watershed context, not a precise biological boundary.","internal_notes":"Preview occurrence co_13010001_riogrande_beaver_creek_001; 118 segments; 24.9 km"}},{"type":"Feature","geometry":{"type":"LineString","coordinates":[[-106.65104,37.57222],[-106.65131,37.57274]]},"properties":{"huc8":"13010001","huc8Name":"Rio Grande Headwaters","historic":"rioGrande","current":"introduced","recovery":"recoveryWatch","lineageKey":"rioGrande","lineageLabel":"Rio Grande lineage","basin":"Rio Grande Headwaters","note":"Generalized Rio Grande cutthroat drainage context","state":"CO","confidence":"HUC8 drainage context / generalized","geometryStatus":"Named NHD stream intersecting assigned HUC8","troutSource":"HUC8 lineage assignment v1 / review needed","sourceName":"Beaver Creek","name":"Beaver Creek","source_id":"136350757","length_km":0.096,"FType":460,"FCode":46006,"atlas_class":"streamriver","water_id":"co_13010001_riogrande_beaver_creek_001","occurrence_id":"co_13010001_riogrande_beaver_creek_001","occurrence_number":"001","display_name":"Beaver Creek","mapped_name":"Beaver Creek","source_name":"Beaver Creek","disambiguator":"Rio Grande cutthroat historic context · HUC8 13010001 · occurrence 001","atlas_layer":"curated_named_water_occurrence","object_role":"interactive_named_water","lineage":"rioGrande","historic_label":"Rio Grande cutthroat historic context","current_label":"Rio Grande cutthroat historic context","recovery_label":"Recovery watch / review area","confidence_public":"Generalized public map / needs expert review","confidence_internal":"Occurrence-cluster preview; 118 source segments","geometry_status_public":"Generalized named-water occurrence","geometry_status_internal":"Grouped by display name, HUC8, lineage, and spatial cluster","geometry_source_public":"Grouped public hydrography segments","geometry_source_internal":"Colorado full interpreted natural stream context — occurrence v2 preview","trout_source_public":"Compiled public recovery and lineage context; expert review recommended","trout_source_internal":"HUC8 lineage assignment v1 / review needed","public_notes":"Beaver Creek is shown as a generalized public-map named-water occurrence for Rio Grande cutthroat historic context. This object is separated from other same-named waters using HUC8, lineage, and local spatial clustering. Linework is grouped from public hydrography and should be treated as interpretive watershed context, not a precise biological boundary.","internal_notes":"Preview occurrence co_13010001_riogrande_beaver_creek_001; 118 segments; 24.9 km"}},{"type":"Feature","geometry":{"type":"LineString","coordinates":[[-106.62229,37.49991],[-106.62249,37.50003]]},"properties":{"huc8":"13010001","huc8Name":"Rio Grande Headwaters","historic":"rioGrande","current":"introduced","recovery":"recoveryWatch","lineageKey":"rioGrande","lineageLabel":"Rio Grande lineage","basin":"Rio Grande Headwaters","note":"Generalized Rio Grande cutthroat drainage context","state":"CO","confidence":"HUC8 drainage context / generalized","geometryStatus":"Named NHD stream intersecting assigned HUC8","troutSource":"HUC8 lineage assignment v1 / review needed","sourceName":"Beaver Creek","name":"Beaver Creek","source_id":"136351724","length_km":0.02433026,"FType":460,"FCode":46006,"atlas_class":"streamriver","water_id":"co_13010001_riogrande_beaver_creek_001","occurrence_id":"co_13010001_riogrande_beaver_creek_001","occurrence_number":"001","display_name":"Beaver Creek","mapped_name":"Beaver Creek","source_name":"Beaver Creek","disambiguator":"Rio Grande cutthroat historic context · HUC8 13010001 · occurrence 001","atlas_layer":"curated_named_water_occurrence","object_role":"interactive_named_water","lineage":"rioGrande","historic_label":"Rio Grande cutthroat historic context","current_label":"Rio Grande cutthroat historic context","recovery_label":"Recovery watch / review area","confidence_public":"Generalized public map / needs expert review","confidence_internal":"Occurrence-cluster preview; 118 source segments","geometry_status_public":"Generalized named-water occurrence","geometry_status_internal":"Grouped by display name, HUC8, lineage, and spatial cluster","geometry_source_public":"Grouped public hydrography segments","geometry_source_internal":"Colorado full interpreted natural stream context — occurrence v2 preview","trout_source_public":"Compiled public recovery and lineage context; expert review recommended","trout_source_internal":"HUC8 lineage assignment v1 / review needed","public_notes":"Beaver Creek is shown as a generalized public-map named-water occurrence for Rio Grande cutthroat historic context. This object is separated from other same-named waters using HUC8, lineage, and local spatial clustering. Linework is grouped from public hydrography and should be treated as interpretive watershed context, not a precise biological boundary.","internal_notes":"Preview occurrence co_13010001_riogrande_beaver_creek_001; 118 segments; 24.9 km"}},{"type":"Feature","geometry":{"type":"LineString","coordinates":[[-106.62832,37.52646],[-106.62722,37.53017],[-106.626,37.53195],[-106.62604,37.53398],[-106.62744,37.53678],[-106.63077,37.53871]]},"properties":{"huc8":"13010001","huc8Name":"Rio Grande Headwaters","historic":"rioGrande","current":"introduced","recovery":"recoveryWatch","lineageKey":"rioGrande","lineageLabel":"Rio Grande lineage","basin":"Rio Grande Headwaters","note":"Generalized Rio Grande cutthroat drainage context","state":"CO","confidence":"HUC8 drainage context / generalized","geometryStatus":"Named NHD stream intersecting assigned HUC8","troutSource":"HUC8 lineage assignment v1 / review needed","sourceName":"Beaver Creek","name":"Beaver Creek","source_id":"160783503","length_km":1.6,"FType":460,"FCode":46006,"atlas_class":"streamriver","water_id":"co_13010001_riogrande_beaver_creek_001","occurrence_id":"co_13010001_riogrande_beaver_creek_001","occurrence_number":"001","display_name":"Beaver Creek","mapped_name":"Beaver Creek","source_name":"Beaver Creek","disambiguator":"Rio Grande cutthroat historic context · HUC8 13010001 · occurrence 001","atlas_layer":"curated_named_water_occurrence","object_role":"interactive_named_water","lineage":"rioGrande","historic_label":"Rio Grande cutthroat historic context","current_label":"Rio Grande cutthroat historic context","recovery_label":"Recovery watch / review area","confidence_public":"Generalized public map / needs expert review","confidence_internal":"Occurrence-cluster preview; 118 source segments","geometry_status_public":"Generalized named-water occurrence","geometry_status_internal":"Grouped by display name, HUC8, lineage, and spatial cluster","geometry_source_public":"Grouped public hydrography segments","geometry_source_internal":"Colorado full interpreted natural stream context — occurrence v2 preview","trout_source_public":"Compiled public recovery and lineage context; expert review recommended","trout_source_internal":"HUC8 lineage assignment v1 / review needed","public_notes":"Beaver Creek is shown as a generalized public-map named-water occurrence for Rio Grande cutthroat historic context. This object is separated from other same-named waters using HUC8, lineage, and local spatial clustering. Linework is grouped from public hydrography and should be treated as interpretive watershed context, not a precise biological boundary.","internal_notes":"Preview occurrence co_13010001_riogrande_beaver_creek_001; 118 segments; 24.9 km"}},{"type":"Feature","geometry":{"type":"LineString","coordinates":[[-106.6256,37.51429],[-106.62665,37.51551]]},"properties":{"huc8":"13010001","huc8Name":"Rio Grande Headwaters","historic":"rioGrande","current":"introduced","recovery":"recoveryWatch","lineageKey":"rioGrande","lineageLabel":"Rio Grande lineage","basin":"Rio Grande Headwaters","note":"Generalized Rio Grande cutthroat drainage context","state":"CO","confidence":"HUC8 drainage context / generalized","geometryStatus":"Named NHD stream intersecting assigned HUC8","troutSource":"HUC8 lineage assignment v1 / review needed","sourceName":"Beaver Creek","name":"Beaver Creek","source_id":"160785136","length_km":0.167,"FType":460,"FCode":46006,"atlas_class":"streamriver","water_id":"co_13010001_riogrande_beaver_creek_001","occurrence_id":"co_13010001_riogrande_beaver_creek_001","occurrence_number":"001","display_name":"Beaver Creek","mapped_name":"Beaver Creek","source_name":"Beaver Creek","disambiguator":"Rio Grande cutthroat historic context · HUC8 13010001 · occurrence 001","atlas_layer":"curated_named_water_occurrence","object_role":"interactive_named_water","lineage":"rioGrande","historic_label":"Rio Grande cutthroat historic context","current_label":"Rio Grande cutthroat historic context","recovery_label":"Recovery watch / review area","confidence_public":"Generalized public map / needs expert review","confidence_internal":"Occurrence-cluster preview; 118 source segments","geometry_status_public":"Generalized named-water occurrence","geometry_status_internal":"Grouped by display name, HUC8, lineage, and spatial cluster","geometry_source_public":"Grouped public hydrography segments","geometry_source_internal":"Colorado full interpreted natural stream context — occurrence v2 preview","trout_source_public":"Compiled public recovery and lineage context; expert review recommended","trout_source_internal":"HUC8 lineage assignment v1 / review needed","public_notes":"Beaver Creek is shown as a generalized public-map named-water occurrence for Rio Grande cutthroat historic context. This object is separated from other same-named waters using HUC8, lineage, and local spatial clustering. Linework is grouped from public hydrography and should be treated as interpretive watershed context, not a precise biological boundary.","internal_notes":"Preview occurrence co_13010001_riogrande_beaver_creek_001; 118 segments; 24.9 km"}},{"type":"Feature","geometry":{"type":"LineString","coordinates":[[-106.65355,37.54637],[-106.65592,37.55013]]},"properties":{"huc8":"13010001","huc8Name":"Rio Grande Headwaters","historic":"rioGrande","current":"introduced","recovery":"recoveryWatch","lineageKey":"rioGrande","lineageLabel":"Rio Grande lineage","basin":"Rio Grande Headwaters","note":"Generalized Rio Grande cutthroat drainage context","state":"CO","confidence":"HUC8 drainage context / generalized","geometryStatus":"Named NHD stream intersecting assigned HUC8","troutSource":"HUC8 lineage assignment v1 / review needed","sourceName":"Beaver Creek","name":"Beaver Creek","source_id":"136350764","length_km":0.4855797,"FType":460,"FCode":46006,"atlas_class":"streamriver","water_id":"co_13010001_riogrande_beaver_creek_001","occurrence_id":"co_13010001_riogrande_beaver_creek_001","occurrence_number":"001","display_name":"Beaver Creek","mapped_name":"Beaver Creek","source_name":"Beaver Creek","disambiguator":"Rio Grande cutthroat historic context · HUC8 13010001 · occurrence 001","atlas_layer":"curated_named_water_occurrence","object_role":"interactive_named_water","lineage":"rioGrande","historic_label":"Rio Grande cutthroat historic context","current_label":"Rio Grande cutthroat historic context","recovery_label":"Recovery watch / review area","confidence_public":"Generalized public map / needs expert review","confidence_internal":"Occurrence-cluster preview; 118 source segments","geometry_status_public":"Generalized named-water occurrence","geometry_status_internal":"Grouped by display name, HUC8, lineage, and spatial cluster","geometry_source_public":"Grouped public hydrography segments","geometry_source_internal":"Colorado full interpreted natural stream context — occurrence v2 preview","trout_source_public":"Compiled public recovery and lineage context; expert review recommended","trout_source_internal":"HUC8 lineage assignment v1 / review needed","public_notes":"Beaver Creek is shown as a generalized public-map named-water occurrence for Rio Grande cutthroat historic context. This object is separated from other same-named waters using HUC8, lineage, and local spatial clustering. Linework is grouped from public hydrography and should be treated as interpretive watershed context, not a precise biological boundary.","internal_notes":"Preview occurrence co_13010001_riogrande_beaver_creek_001; 118 segments; 24.9 km"}},{"type":"Feature","geometry":{"type":"LineString","coordinates":[[-106.67693,37.60464],[-106.67747,37.60537]]},"properties":{"huc8":"13010001","huc8Name":"Rio Grande Headwaters","historic":"rioGrande","current":"introduced","recovery":"recoveryWatch","lineageKey":"rioGrande","lineageLabel":"Rio Grande lineage","basin":"Rio Grande Headwaters","note":"Generalized Rio Grande cutthroat drainage context","state":"CO","confidence":"HUC8 drainage context / generalized","geometryStatus":"Named NHD stream intersecting assigned HUC8","troutSource":"HUC8 lineage assignment v1 / review needed","sourceName":"Beaver Creek","name":"Beaver Creek","source_id":"136350748","length_km":0.094,"FType":460,"FCode":46006,"atlas_class":"streamriver","water_id":"co_13010001_riogrande_beaver_creek_001","occurrence_id":"co_13010001_riogrande_beaver_creek_001","occurrence_number":"001","display_name":"Beaver Creek","mapped_name":"Beaver Creek","source_name":"Beaver Creek","disambiguator":"Rio Grande cutthroat historic context · HUC8 13010001 · occurrence 001","atlas_layer":"curated_named_water_occurrence","object_role":"interactive_named_water","lineage":"rioGrande","historic_label":"Rio Grande cutthroat historic context","current_label":"Rio Grande cutthroat historic context","recovery_label":"Recovery watch / review area","confidence_public":"Generalized public map / needs expert review","confidence_internal":"Occurrence-cluster preview; 118 source segments","geometry_status_public":"Generalized named-water occurrence","geometry_status_internal":"Grouped by display name, HUC8, lineage, and spatial cluster","geometry_source_public":"Grouped public hydrography segments","geometry_source_internal":"Colorado full interpreted natural stream context — occurrence v2 preview","trout_source_public":"Compiled public recovery and lineage context; expert review recommended","trout_source_internal":"HUC8 lineage assignment v1 / review needed","public_notes":"Beaver Creek is shown as a generalized public-map named-water occurrence for Rio Grande cutthroat historic context. This object is separated from other same-named waters using HUC8, lineage, and local spatial clustering. Linework is grouped from public hydrography and should be treated as interpretive watershed context, not a precise biological boundary.","internal_notes":"Preview occurrence co_13010001_riogrande_beaver_creek_001; 118 segments; 24.9 km"}},{"type":"Feature","geometry":{"type":"LineString","coordinates":[[-106.67163,37.60041],[-106.67259,37.60077]]},"properties":{"huc8":"13010001","huc8Name":"Rio Grande Headwaters","historic":"rioGrande","current":"introduced","recovery":"recoveryWatch","lineageKey":"rioGrande","lineageLabel":"Rio Grande lineage","basin":"Rio Grande Headwaters","note":"Generalized Rio Grande cutthroat drainage context","state":"CO","confidence":"HUC8 drainage context / generalized","geometryStatus":"Named NHD stream intersecting assigned HUC8","troutSource":"HUC8 lineage assignment v1 / review needed","sourceName":"Beaver Creek","name":"Beaver Creek","source_id":"136350750","length_km":0.104,"FType":460,"FCode":46006,"atlas_class":"streamriver","water_id":"co_13010001_riogrande_beaver_creek_001","occurrence_id":"co_13010001_riogrande_beaver_creek_001","occurrence_number":"001","display_name":"Beaver Creek","mapped_name":"Beaver Creek","source_name":"Beaver Creek","disambiguator":"Rio Grande cutthroat historic context · HUC8 13010001 · occurrence 001","atlas_layer":"curated_named_water_occurrence","object_role":"interactive_named_water","lineage":"rioGrande","historic_label":"Rio Grande cutthroat historic context","current_label":"Rio Grande cutthroat historic context","recovery_label":"Recovery watch / review area","confidence_public":"Generalized public map / needs expert review","confidence_internal":"Occurrence-cluster preview; 118 source segments","geometry_status_public":"Generalized named-water occurrence","geometry_status_internal":"Grouped by display name, HUC8, lineage, and spatial cluster","geometry_source_public":"Grouped public hydrography segments","geometry_source_internal":"Colorado full interpreted natural stream context — occurrence v2 preview","trout_source_public":"Compiled public recovery and lineage context; expert review recommended","trout_source_internal":"HUC8 lineage assignment v1 / review needed","public_notes":"Beaver Creek is shown as a generalized public-map named-water occurrence for Rio Grande cutthroat historic context. This object is separated from other same-named waters using HUC8, lineage, and local spatial clustering. Linework is grouped from public hydrography and should be treated as interpretive watershed context, not a precise biological boundary.","internal_notes":"Preview occurrence co_13010001_riogrande_beaver_creek_001; 118 segments; 24.9 km"}},{"type":"Feature","geometry":{"type":"LineString","coordinates":[[-106.65286,37.57618],[-106.65253,37.5773],[-106.65295,37.57771]]},"properties":{"huc8":"13010001","huc8Name":"Rio Grande Headwaters","historic":"rioGrande","current":"introduced","recovery":"recoveryWatch","lineageKey":"rioGrande","lineageLabel":"Rio Grande lineage","basin":"Rio Grande Headwaters","note":"Generalized Rio Grande cutthroat drainage context","state":"CO","confidence":"HUC8 drainage context / generalized","geometryStatus":"Named NHD stream intersecting assigned HUC8","troutSource":"HUC8 lineage assignment v1 / review needed","sourceName":"Beaver Creek","name":"Beaver Creek","source_id":"160785284","length_km":0.2,"FType":460,"FCode":46006,"atlas_class":"streamriver","water_id":"co_13010001_riogrande_beaver_creek_001","occurrence_id":"co_13010001_riogrande_beaver_creek_001","occurrence_number":"001","display_name":"Beaver Creek","mapped_name":"Beaver Creek","source_name":"Beaver Creek","disambiguator":"Rio Grande cutthroat historic context · HUC8 13010001 · occurrence 001","atlas_layer":"curated_named_water_occurrence","object_role":"interactive_named_water","lineage":"rioGrande","historic_label":"Rio Grande cutthroat historic context","current_label":"Rio Grande cutthroat historic context","recovery_label":"Recovery watch / review area","confidence_public":"Generalized public map / needs expert review","confidence_internal":"Occurrence-cluster preview; 118 source segments","geometry_status_public":"Generalized named-water occurrence","geometry_status_internal":"Grouped by display name, HUC8, lineage, and spatial cluster","geometry_source_public":"Grouped public hydrography segments","geometry_source_internal":"Colorado full interpreted natural stream context — occurrence v2 preview","trout_source_public":"Compiled public recovery and lineage context; expert review recommended","trout_source_internal":"HUC8 lineage assignment v1 / review needed","public_notes":"Beaver Creek is shown as a generalized public-map named-water occurrence for Rio Grande cutthroat historic context. This object is separated from other same-named waters using HUC8, lineage, and local spatial clustering. Linework is grouped from public hydrography and should be treated as interpretive watershed context, not a precise biological boundary.","internal_notes":"Preview occurrence co_13010001_riogrande_beaver_creek_001; 118 segments; 24.9 km"}},{"type":"Feature","geometry":{"type":"LineString","coordinates":[[-106.6663,37.59873],[-106.66969,37.59915]]},"properties":{"huc8":"13010001","huc8Name":"Rio Grande Headwaters","historic":"rioGrande","current":"introduced","recovery":"recoveryWatch","lineageKey":"rioGrande","lineageLabel":"Rio Grande lineage","basin":"Rio Grande Headwaters","note":"Generalized Rio Grande cutthroat drainage context","state":"CO","confidence":"HUC8 drainage context / generalized","geometryStatus":"Named NHD stream intersecting assigned HUC8","troutSource":"HUC8 lineage assignment v1 / review needed","sourceName":"Beaver Creek","name":"Beaver Creek","source_id":"160785140","length_km":0.318,"FType":460,"FCode":46006,"atlas_class":"streamriver","water_id":"co_13010001_riogrande_beaver_creek_001","occurrence_id":"co_13010001_riogrande_beaver_creek_001","occurrence_number":"001","display_name":"Beaver Creek","mapped_name":"Beaver Creek","source_name":"Beaver Creek","disambiguator":"Rio Grande cutthroat historic context · HUC8 13010001 · occurrence 001","atlas_layer":"curated_named_water_occurrence","object_role":"interactive_named_water","lineage":"rioGrande","historic_label":"Rio Grande cutthroat historic context","current_label":"Rio Grande cutthroat historic context","recovery_label":"Recovery watch / review area","confidence_public":"Generalized public map / needs expert review","confidence_internal":"Occurrence-cluster preview; 118 source segments","geometry_status_public":"Generalized named-water occurrence","geometry_status_internal":"Grouped by display name, HUC8, lineage, and spatial cluster","geometry_source_public":"Grouped public hydrography segments","geometry_source_internal":"Colorado full interpreted natural stream context — occurrence v2 preview","trout_source_public":"Compiled public recovery and lineage context; expert review recommended","trout_source_internal":"HUC8 lineage assignment v1 / review needed","public_notes":"Beaver Creek is shown as a generalized public-map named-water occurrence for Rio Grande cutthroat historic context. This object is separated from other same-named waters using HUC8, lineage, and local spatial clustering. Linework is grouped from public hydrography and should be treated as interpretive watershed context, not a precise biological boundary.","internal_notes":"Preview occurrence co_13010001_riogrande_beaver_creek_001; 118 segments; 24.9 km"}},{"type":"Feature","geometry":{"type":"LineString","coordinates":[[-106.6275,37.52176],[-106.62815,37.52401]]},"properties":{"huc8":"13010001","huc8Name":"Rio Grande Headwaters","historic":"rioGrande","current":"introduced","recovery":"recoveryWatch","lineageKey":"rioGrande","lineageLabel":"Rio Grande lineage","basin":"Rio Grande Headwaters","note":"Generalized Rio Grande cutthroat drainage context","state":"CO","confidence":"HUC8 drainage context / generalized","geometryStatus":"Named NHD stream intersecting assigned HUC8","troutSource":"HUC8 lineage assignment v1 / review needed","sourceName":"Beaver Creek","name":"Beaver Creek","source_id":"160785309","length_km":0.261,"FType":460,"FCode":46006,"atlas_class":"streamriver","water_id":"co_13010001_riogrande_beaver_creek_001","occurrence_id":"co_13010001_riogrande_beaver_creek_001","occurrence_number":"001","display_name":"Beaver Creek","mapped_name":"Beaver Creek","source_name":"Beaver Creek","disambiguator":"Rio Grande cutthroat historic context · HUC8 13010001 · occurrence 001","atlas_layer":"curated_named_water_occurrence","object_role":"interactive_named_water","lineage":"rioGrande","historic_label":"Rio Grande cutthroat historic context","current_label":"Rio Grande cutthroat historic context","recovery_label":"Recovery watch / review area","confidence_public":"Generalized public map / needs expert review","confidence_internal":"Occurrence-cluster preview; 118 source segments","geometry_status_public":"Generalized named-water occurrence","geometry_status_internal":"Grouped by display name, HUC8, lineage, and spatial cluster","geometry_source_public":"Grouped public hydrography segments","geometry_source_internal":"Colorado full interpreted natural stream context — occurrence v2 preview","trout_source_public":"Compiled public recovery and lineage context; expert review recommended","trout_source_internal":"HUC8 lineage assignment v1 / review needed","public_notes":"Beaver Creek is shown as a generalized public-map named-water occurrence for Rio Grande cutthroat historic context. This object is separated from other same-named waters using HUC8, lineage, and local spatial clustering. Linework is grouped from public hydrography and should be treated as interpretive watershed context, not a precise biological boundary.","internal_notes":"Preview occurrence co_13010001_riogrande_beaver_creek_001; 118 segments; 24.9 km"}},{"type":"Feature","geometry":{"type":"LineString","coordinates":[[-106.63545,37.54249],[-106.63729,37.54295]]},"properties":{"huc8":"13010001","huc8Name":"Rio Grande Headwaters","historic":"rioGrande","current":"introduced","recovery":"recoveryWatch","lineageKey":"rioGrande","lineageLabel":"Rio Grande lineage","basin":"Rio Grande Headwaters","note":"Generalized Rio Grande cutthroat drainage context","state":"CO","confidence":"HUC8 drainage context / generalized","geometryStatus":"Named NHD stream intersecting assigned HUC8","troutSource":"HUC8 lineage assignment v1 / review needed","sourceName":"Beaver Creek","name":"Beaver Creek","source_id":"136350768","length_km":0.17278461,"FType":460,"FCode":46006,"atlas_class":"streamriver","water_id":"co_13010001_riogrande_beaver_creek_001","occurrence_id":"co_13010001_riogrande_beaver_creek_001","occurrence_number":"001","display_name":"Beaver Creek","mapped_name":"Beaver Creek","source_name":"Beaver Creek","disambiguator":"Rio Grande cutthroat historic context · HUC8 13010001 · occurrence 001","atlas_layer":"curated_named_water_occurrence","object_role":"interactive_named_water","lineage":"rioGrande","historic_label":"Rio Grande cutthroat historic context","current_label":"Rio Grande cutthroat historic context","recovery_label":"Recovery watch / review area","confidence_public":"Generalized public map / needs expert review","confidence_internal":"Occurrence-cluster preview; 118 source segments","geometry_status_public":"Generalized named-water occurrence","geometry_status_internal":"Grouped by display name, HUC8, lineage, and spatial cluster","geometry_source_public":"Grouped public hydrography segments","geometry_source_internal":"Colorado full interpreted natural stream context — occurrence v2 preview","trout_source_public":"Compiled public recovery and lineage context; expert review recommended","trout_source_internal":"HUC8 lineage assignment v1 / review needed","public_notes":"Beaver Creek is shown as a generalized public-map named-water occurrence for Rio Grande cutthroat historic context. This object is separated from other same-named waters using HUC8, lineage, and local spatial clustering. Linework is grouped from public hydrography and should be treated as interpretive watershed context, not a precise biological boundary.","internal_notes":"Preview occurrence co_13010001_riogrande_beaver_creek_001; 118 segments; 24.9 km"}},{"type":"Feature","geometry":{"type":"LineString","coordinates":[[-106.6552,37.55707],[-106.65496,37.55788]]},"properties":{"huc8":"13010001","huc8Name":"Rio Grande Headwaters","historic":"rioGrande","current":"introduced","recovery":"recoveryWatch","lineageKey":"rioGrande","lineageLabel":"Rio Grande lineage","basin":"Rio Grande Headwaters","note":"Generalized Rio Grande cutthroat drainage context","state":"CO","confidence":"HUC8 drainage context / generalized","geometryStatus":"Named NHD stream intersecting assigned HUC8","troutSource":"HUC8 lineage assignment v1 / review needed","sourceName":"Beaver Creek","name":"Beaver Creek","source_id":"160785430","length_km":0.097,"FType":460,"FCode":46006,"atlas_class":"streamriver","water_id":"co_13010001_riogrande_beaver_creek_001","occurrence_id":"co_13010001_riogrande_beaver_creek_001","occurrence_number":"001","display_name":"Beaver Creek","mapped_name":"Beaver Creek","source_name":"Beaver Creek","disambiguator":"Rio Grande cutthroat historic context · HUC8 13010001 · occurrence 001","atlas_layer":"curated_named_water_occurrence","object_role":"interactive_named_water","lineage":"rioGrande","historic_label":"Rio Grande cutthroat historic context","current_label":"Rio Grande cutthroat historic context","recovery_label":"Recovery watch / review area","confidence_public":"Generalized public map / needs expert review","confidence_internal":"Occurrence-cluster preview; 118 source segments","geometry_status_public":"Generalized named-water occurrence","geometry_status_internal":"Grouped by display name, HUC8, lineage, and spatial cluster","geometry_source_public":"Grouped public hydrography segments","geometry_source_internal":"Colorado full interpreted natural stream context — occurrence v2 preview","trout_source_public":"Compiled public recovery and lineage context; expert review recommended","trout_source_internal":"HUC8 lineage assignment v1 / review needed","public_notes":"Beaver Creek is shown as a generalized public-map named-water occurrence for Rio Grande cutthroat historic context. This object is separated from other same-named waters using HUC8, lineage, and local spatial clustering. Linework is grouped from public hydrography and should be treated as interpretive watershed context, not a precise biological boundary.","internal_notes":"Preview occurrence co_13010001_riogrande_beaver_creek_001; 118 segments; 24.9 km"}},{"type":"Feature","geometry":{"type":"LineString","coordinates":[[-106.65592,37.55013],[-106.65644,37.55053],[-106.65595,37.5517],[-106.65624,37.55253]]},"properties":{"huc8":"13010001","huc8Name":"Rio Grande Headwaters","historic":"rioGrande","current":"introduced","recovery":"recoveryWatch","lineageKey":"rioGrande","lineageLabel":"Rio Grande lineage","basin":"Rio Grande Headwaters","note":"Generalized Rio Grande cutthroat drainage context","state":"CO","confidence":"HUC8 drainage context / generalized","geometryStatus":"Named NHD stream intersecting assigned HUC8","troutSource":"HUC8 lineage assignment v1 / review needed","sourceName":"Beaver Creek","name":"Beaver Creek","source_id":"136350763","length_km":0.307,"FType":460,"FCode":46006,"atlas_class":"streamriver","water_id":"co_13010001_riogrande_beaver_creek_001","occurrence_id":"co_13010001_riogrande_beaver_creek_001","occurrence_number":"001","display_name":"Beaver Creek","mapped_name":"Beaver Creek","source_name":"Beaver Creek","disambiguator":"Rio Grande cutthroat historic context · HUC8 13010001 · occurrence 001","atlas_layer":"curated_named_water_occurrence","object_role":"interactive_named_water","lineage":"rioGrande","historic_label":"Rio Grande cutthroat historic context","current_label":"Rio Grande cutthroat historic context","recovery_label":"Recovery watch / review area","confidence_public":"Generalized public map / needs expert review","confidence_internal":"Occurrence-cluster preview; 118 source segments","geometry_status_public":"Generalized named-water occurrence","geometry_status_internal":"Grouped by display name, HUC8, lineage, and spatial cluster","geometry_source_public":"Grouped public hydrography segments","geometry_source_internal":"Colorado full interpreted natural stream context — occurrence v2 preview","trout_source_public":"Compiled public recovery and lineage context; expert review recommended","trout_source_internal":"HUC8 lineage assignment v1 / review needed","public_notes":"Beaver Creek is shown as a generalized public-map named-water occurrence for Rio Grande cutthroat historic context. This object is separated from other same-named waters using HUC8, lineage, and local spatial clustering. Linework is grouped from public hydrography and should be treated as interpretive watershed context, not a precise biological boundary.","internal_notes":"Preview occurrence co_13010001_riogrande_beaver_creek_001; 118 segments; 24.9 km"}},{"type":"Feature","geometry":{"type":"LineString","coordinates":[[-106.65295,37.57771],[-106.65239,37.5787]]},"properties":{"huc8":"13010001","huc8Name":"Rio Grande Headwaters","historic":"rioGrande","current":"introduced","recovery":"recoveryWatch","lineageKey":"rioGrande","lineageLabel":"Rio Grande lineage","basin":"Rio Grande Headwaters","note":"Generalized Rio Grande cutthroat drainage context","state":"CO","confidence":"HUC8 drainage context / generalized","geometryStatus":"Named NHD stream intersecting assigned HUC8","troutSource":"HUC8 lineage assignment v1 / review needed","sourceName":"Beaver Creek","name":"Beaver Creek","source_id":"160785285","length_km":0.136,"FType":460,"FCode":46006,"atlas_class":"streamriver","water_id":"co_13010001_riogrande_beaver_creek_001","occurrence_id":"co_13010001_riogrande_beaver_creek_001","occurrence_number":"001","display_name":"Beaver Creek","mapped_name":"Beaver Creek","source_name":"Beaver Creek","disambiguator":"Rio Grande cutthroat historic context · HUC8 13010001 · occurrence 001","atlas_layer":"curated_named_water_occurrence","object_role":"interactive_named_water","lineage":"rioGrande","historic_label":"Rio Grande cutthroat historic context","current_label":"Rio Grande cutthroat historic context","recovery_label":"Recovery watch / review area","confidence_public":"Generalized public map / needs expert review","confidence_internal":"Occurrence-cluster preview; 118 source segments","geometry_status_public":"Generalized named-water occurrence","geometry_status_internal":"Grouped by display name, HUC8, lineage, and spatial cluster","geometry_source_public":"Grouped public hydrography segments","geometry_source_internal":"Colorado full interpreted natural stream context — occurrence v2 preview","trout_source_public":"Compiled public recovery and lineage context; expert review recommended","trout_source_internal":"HUC8 lineage assignment v1 / review needed","public_notes":"Beaver Creek is shown as a generalized public-map named-water occurrence for Rio Grande cutthroat historic context. This object is separated from other same-named waters using HUC8, lineage, and local spatial clustering. Linework is grouped from public hydrography and should be treated as interpretive watershed context, not a precise biological boundary.","internal_notes":"Preview occurrence co_13010001_riogrande_beaver_creek_001; 118 segments; 24.9 km"}},{"type":"Feature","geometry":{"type":"LineString","coordinates":[[-106.64389,37.54627],[-106.64555,37.54602]]},"properties":{"huc8":"13010001","huc8Name":"Rio Grande Headwaters","historic":"rioGrande","current":"introduced","recovery":"recoveryWatch","lineageKey":"rioGrande","lineageLabel":"Rio Grande lineage","basin":"Rio Grande Headwaters","note":"Generalized Rio Grande cutthroat drainage context","state":"CO","confidence":"HUC8 drainage context / generalized","geometryStatus":"Named NHD stream intersecting assigned HUC8","troutSource":"HUC8 lineage assignment v1 / review needed","sourceName":"Beaver Creek","name":"Beaver Creek","source_id":"160785165","length_km":0.14902217,"FType":460,"FCode":46006,"atlas_class":"streamriver","water_id":"co_13010001_riogrande_beaver_creek_001","occurrence_id":"co_13010001_riogrande_beaver_creek_001","occurrence_number":"001","display_name":"Beaver Creek","mapped_name":"Beaver Creek","source_name":"Beaver Creek","disambiguator":"Rio Grande cutthroat historic context · HUC8 13010001 · occurrence 001","atlas_layer":"curated_named_water_occurrence","object_role":"interactive_named_water","lineage":"rioGrande","historic_label":"Rio Grande cutthroat historic context","current_label":"Rio Grande cutthroat historic context","recovery_label":"Recovery watch / review area","confidence_public":"Generalized public map / needs expert review","confidence_internal":"Occurrence-cluster preview; 118 source segments","geometry_status_public":"Generalized named-water occurrence","geometry_status_internal":"Grouped by display name, HUC8, lineage, and spatial cluster","geometry_source_public":"Grouped public hydrography segments","geometry_source_internal":"Colorado full interpreted natural stream context — occurrence v2 preview","trout_source_public":"Compiled public recovery and lineage context; expert review recommended","trout_source_internal":"HUC8 lineage assignment v1 / review needed","public_notes":"Beaver Creek is shown as a generalized public-map named-water occurrence for Rio Grande cutthroat historic context. This object is separated from other same-named waters using HUC8, lineage, and local spatial clustering. Linework is grouped from public hydrography and should be treated as interpretive watershed context, not a precise biological boundary.","internal_notes":"Preview occurrence co_13010001_riogrande_beaver_creek_001; 118 segments; 24.9 km"}},{"type":"Feature","geometry":{"type":"LineString","coordinates":[[-106.63109,37.53883],[-106.63342,37.54215]]},"properties":{"huc8":"13010001","huc8Name":"Rio Grande Headwaters","historic":"rioGrande","current":"introduced","recovery":"recoveryWatch","lineageKey":"rioGrande","lineageLabel":"Rio Grande lineage","basin":"Rio Grande Headwaters","note":"Generalized Rio Grande cutthroat drainage context","state":"CO","confidence":"HUC8 drainage context / generalized","geometryStatus":"Named NHD stream intersecting assigned HUC8","troutSource":"HUC8 lineage assignment v1 / review needed","sourceName":"Beaver Creek","name":"Beaver Creek","source_id":"136350770","length_km":0.432,"FType":460,"FCode":46006,"atlas_class":"streamriver","water_id":"co_13010001_riogrande_beaver_creek_001","occurrence_id":"co_13010001_riogrande_beaver_creek_001","occurrence_number":"001","display_name":"Beaver Creek","mapped_name":"Beaver Creek","source_name":"Beaver Creek","disambiguator":"Rio Grande cutthroat historic context · HUC8 13010001 · occurrence 001","atlas_layer":"curated_named_water_occurrence","object_role":"interactive_named_water","lineage":"rioGrande","historic_label":"Rio Grande cutthroat historic context","current_label":"Rio Grande cutthroat historic context","recovery_label":"Recovery watch / review area","confidence_public":"Generalized public map / needs expert review","confidence_internal":"Occurrence-cluster preview; 118 source segments","geometry_status_public":"Generalized named-water occurrence","geometry_status_internal":"Grouped by display name, HUC8, lineage, and spatial cluster","geometry_source_public":"Grouped public hydrography segments","geometry_source_internal":"Colorado full interpreted natural stream context — occurrence v2 preview","trout_source_public":"Compiled public recovery and lineage context; expert review recommended","trout_source_internal":"HUC8 lineage assignment v1 / review needed","public_notes":"Beaver Creek is shown as a generalized public-map named-water occurrence for Rio Grande cutthroat historic context. This object is separated from other same-named waters using HUC8, lineage, and local spatial clustering. Linework is grouped from public hydrography and should be treated as interpretive watershed context, not a precise biological boundary.","internal_notes":"Preview occurrence co_13010001_riogrande_beaver_creek_001; 118 segments; 24.9 km"}},{"type":"Feature","geometry":{"type":"LineString","coordinates":[[-106.6277,37.51894],[-106.62801,37.51939]]},"properties":{"huc8":"13010001","huc8Name":"Rio Grande Headwaters","historic":"rioGrande","current":"introduced","recovery":"recoveryWatch","lineageKey":"rioGrande","lineageLabel":"Rio Grande lineage","basin":"Rio Grande Headwaters","note":"Generalized Rio Grande cutthroat drainage context","state":"CO","confidence":"HUC8 drainage context / generalized","geometryStatus":"Named NHD stream intersecting assigned HUC8","troutSource":"HUC8 lineage assignment v1 / review needed","sourceName":"Beaver Creek","name":"Beaver Creek","source_id":"160785467","length_km":0.061,"FType":460,"FCode":46006,"atlas_class":"streamriver","water_id":"co_13010001_riogrande_beaver_creek_001","occurrence_id":"co_13010001_riogrande_beaver_creek_001","occurrence_number":"001","display_name":"Beaver Creek","mapped_name":"Beaver Creek","source_name":"Beaver Creek","disambiguator":"Rio Grande cutthroat historic context · HUC8 13010001 · occurrence 001","atlas_layer":"curated_named_water_occurrence","object_role":"interactive_named_water","lineage":"rioGrande","historic_label":"Rio Grande cutthroat historic context","current_label":"Rio Grande cutthroat historic context","recovery_label":"Recovery watch / review area","confidence_public":"Generalized public map / needs expert review","confidence_internal":"Occurrence-cluster preview; 118 source segments","geometry_status_public":"Generalized named-water occurrence","geometry_status_internal":"Grouped by display name, HUC8, lineage, and spatial cluster","geometry_source_public":"Grouped public hydrography segments","geometry_source_internal":"Colorado full interpreted natural stream context — occurrence v2 preview","trout_source_public":"Compiled public recovery and lineage context; expert review recommended","trout_source_internal":"HUC8 lineage assignment v1 / review needed","public_notes":"Beaver Creek is shown as a generalized public-map named-water occurrence for Rio Grande cutthroat historic context. This object is separated from other same-named waters using HUC8, lineage, and local spatial clustering. Linework is grouped from public hydrography and should be treated as interpretive watershed context, not a precise biological boundary.","internal_notes":"Preview occurrence co_13010001_riogrande_beaver_creek_001; 118 segments; 24.9 km"}},{"type":"Feature","geometry":{"type":"LineString","coordinates":[[-106.62249,37.50003],[-106.62256,37.50012]]},"properties":{"huc8":"13010001","huc8Name":"Rio Grande Headwaters","historic":"rioGrande","current":"introduced","recovery":"recoveryWatch","lineageKey":"rioGrande","lineageLabel":"Rio Grande lineage","basin":"Rio Grande Headwaters","note":"Generalized Rio Grande cutthroat drainage context","state":"CO","confidence":"HUC8 drainage context / generalized","geometryStatus":"Named NHD stream intersecting assigned HUC8","troutSource":"HUC8 lineage assignment v1 / review needed","sourceName":"Beaver Creek","name":"Beaver Creek","source_id":"136346419","length_km":0.01261952,"FType":460,"FCode":46006,"atlas_class":"streamriver","water_id":"co_13010001_riogrande_beaver_creek_001","occurrence_id":"co_13010001_riogrande_beaver_creek_001","occurrence_number":"001","display_name":"Beaver Creek","mapped_name":"Beaver Creek","source_name":"Beaver Creek","disambiguator":"Rio Grande cutthroat historic context · HUC8 13010001 · occurrence 001","atlas_layer":"curated_named_water_occurrence","object_role":"interactive_named_water","lineage":"rioGrande","historic_label":"Rio Grande cutthroat historic context","current_label":"Rio Grande cutthroat historic context","recovery_label":"Recovery watch / review area","confidence_public":"Generalized public map / needs expert review","confidence_internal":"Occurrence-cluster preview; 118 source segments","geometry_status_public":"Generalized named-water occurrence","geometry_status_internal":"Grouped by display name, HUC8, lineage, and spatial cluster","geometry_source_public":"Grouped public hydrography segments","geometry_source_internal":"Colorado full interpreted natural stream context — occurrence v2 preview","trout_source_public":"Compiled public recovery and lineage context; expert review recommended","trout_source_internal":"HUC8 lineage assignment v1 / review needed","public_notes":"Beaver Creek is shown as a generalized public-map named-water occurrence for Rio Grande cutthroat historic context. This object is separated from other same-named waters using HUC8, lineage, and local spatial clustering. Linework is grouped from public hydrography and should be treated as interpretive watershed context, not a precise biological boundary.","internal_notes":"Preview occurrence co_13010001_riogrande_beaver_creek_001; 118 segments; 24.9 km"}},{"type":"Feature","geometry":{"type":"LineString","coordinates":[[-106.62801,37.51939],[-106.62791,37.52034]]},"properties":{"huc8":"13010001","huc8Name":"Rio Grande Headwaters","historic":"rioGrande","current":"introduced","recovery":"recoveryWatch","lineageKey":"rioGrande","lineageLabel":"Rio Grande lineage","basin":"Rio Grande Headwaters","note":"Generalized Rio Grande cutthroat drainage context","state":"CO","confidence":"HUC8 drainage context / generalized","geometryStatus":"Named NHD stream intersecting assigned HUC8","troutSource":"HUC8 lineage assignment v1 / review needed","sourceName":"Beaver Creek","name":"Beaver Creek","source_id":"136350774","length_km":0.108,"FType":460,"FCode":46006,"atlas_class":"streamriver","water_id":"co_13010001_riogrande_beaver_creek_001","occurrence_id":"co_13010001_riogrande_beaver_creek_001","occurrence_number":"001","display_name":"Beaver Creek","mapped_name":"Beaver Creek","source_name":"Beaver Creek","disambiguator":"Rio Grande cutthroat historic context · HUC8 13010001 · occurrence 001","atlas_layer":"curated_named_water_occurrence","object_role":"interactive_named_water","lineage":"rioGrande","historic_label":"Rio Grande cutthroat historic context","current_label":"Rio Grande cutthroat historic context","recovery_label":"Recovery watch / review area","confidence_public":"Generalized public map / needs expert review","confidence_internal":"Occurrence-cluster preview; 118 source segments","geometry_status_public":"Generalized named-water occurrence","geometry_status_internal":"Grouped by display name, HUC8, lineage, and spatial cluster","geometry_source_public":"Grouped public hydrography segments","geometry_source_internal":"Colorado full interpreted natural stream context — occurrence v2 preview","trout_source_public":"Compiled public recovery and lineage context; expert review recommended","trout_source_internal":"HUC8 lineage assignment v1 / review needed","public_notes":"Beaver Creek is shown as a generalized public-map named-water occurrence for Rio Grande cutthroat historic context. This object is separated from other same-named waters using HUC8, lineage, and local spatial clustering. Linework is grouped from public hydrography and should be treated as interpretive watershed context, not a precise biological boundary.","internal_notes":"Preview occurrence co_13010001_riogrande_beaver_creek_001; 118 segments; 24.9 km"}},{"type":"Feature","geometry":{"type":"LineString","coordinates":[[-106.6238,37.50065],[-106.62415,37.50349]]},"properties":{"huc8":"13010001","huc8Name":"Rio Grande Headwaters","historic":"rioGrande","current":"introduced","recovery":"recoveryWatch","lineageKey":"rioGrande","lineageLabel":"Rio Grande lineage","basin":"Rio Grande Headwaters","note":"Generalized Rio Grande cutthroat drainage context","state":"CO","confidence":"HUC8 drainage context / generalized","geometryStatus":"Named NHD stream intersecting assigned HUC8","troutSource":"HUC8 lineage assignment v1 / review needed","sourceName":"Beaver Creek","name":"Beaver Creek","source_id":"136351722","length_km":0.443,"FType":460,"FCode":46006,"atlas_class":"streamriver","water_id":"co_13010001_riogrande_beaver_creek_001","occurrence_id":"co_13010001_riogrande_beaver_creek_001","occurrence_number":"001","display_name":"Beaver Creek","mapped_name":"Beaver Creek","source_name":"Beaver Creek","disambiguator":"Rio Grande cutthroat historic context · HUC8 13010001 · occurrence 001","atlas_layer":"curated_named_water_occurrence","object_role":"interactive_named_water","lineage":"rioGrande","historic_label":"Rio Grande cutthroat historic context","current_label":"Rio Grande cutthroat historic context","recovery_label":"Recovery watch / review area","confidence_public":"Generalized public map / needs expert review","confidence_internal":"Occurrence-cluster preview; 118 source segments","geometry_status_public":"Generalized named-water occurrence","geometry_status_internal":"Grouped by display name, HUC8, lineage, and spatial cluster","geometry_source_public":"Grouped public hydrography segments","geometry_source_internal":"Colorado full interpreted natural stream context — occurrence v2 preview","trout_source_public":"Compiled public recovery and lineage context; expert review recommended","trout_source_internal":"HUC8 lineage assignment v1 / review needed","public_notes":"Beaver Creek is shown as a generalized public-map named-water occurrence for Rio Grande cutthroat historic context. This object is separated from other same-named waters using HUC8, lineage, and local spatial clustering. Linework is grouped from public hydrography and should be treated as interpretive watershed context, not a precise biological boundary.","internal_notes":"Preview occurrence co_13010001_riogrande_beaver_creek_001; 118 segments; 24.9 km"}},{"type":"Feature","geometry":{"type":"LineString","coordinates":[[-106.67747,37.60537],[-106.67692,37.60924]]},"properties":{"huc8":"13010001","huc8Name":"Rio Grande Headwaters","historic":"rioGrande","current":"introduced","recovery":"recoveryWatch","lineageKey":"rioGrande","lineageLabel":"Rio Grande lineage","basin":"Rio Grande Headwaters","note":"Generalized Rio Grande cutthroat drainage context","state":"CO","confidence":"HUC8 drainage context / generalized","geometryStatus":"Named NHD stream intersecting assigned HUC8","troutSource":"HUC8 lineage assignment v1 / review needed","sourceName":"Beaver Creek","name":"Beaver Creek","source_id":"160785238","length_km":0.444,"FType":460,"FCode":46006,"atlas_class":"streamriver","water_id":"co_13010001_riogrande_beaver_creek_001","occurrence_id":"co_13010001_riogrande_beaver_creek_001","occurrence_number":"001","display_name":"Beaver Creek","mapped_name":"Beaver Creek","source_name":"Beaver Creek","disambiguator":"Rio Grande cutthroat historic context · HUC8 13010001 · occurrence 001","atlas_layer":"curated_named_water_occurrence","object_role":"interactive_named_water","lineage":"rioGrande","historic_label":"Rio Grande cutthroat historic context","current_label":"Rio Grande cutthroat historic context","recovery_label":"Recovery watch / review area","confidence_public":"Generalized public map / needs expert review","confidence_internal":"Occurrence-cluster preview; 118 source segments","geometry_status_public":"Generalized named-water occurrence","geometry_status_internal":"Grouped by display name, HUC8, lineage, and spatial cluster","geometry_source_public":"Grouped public hydrography segments","geometry_source_internal":"Colorado full interpreted natural stream context — occurrence v2 preview","trout_source_public":"Compiled public recovery and lineage context; expert review recommended","trout_source_internal":"HUC8 lineage assignment v1 / review needed","public_notes":"Beaver Creek is shown as a generalized public-map named-water occurrence for Rio Grande cutthroat historic context. This object is separated from other same-named waters using HUC8, lineage, and local spatial clustering. Linework is grouped from public hydrography and should be treated as interpretive watershed context, not a precise biological boundary.","internal_notes":"Preview occurrence co_13010001_riogrande_beaver_creek_001; 118 segments; 24.9 km"}},{"type":"Feature","geometry":{"type":"LineString","coordinates":[[-106.64191,37.54465],[-106.64301,37.54584]]},"properties":{"huc8":"13010001","huc8Name":"Rio Grande Headwaters","historic":"rioGrande","current":"introduced","recovery":"recoveryWatch","lineageKey":"rioGrande","lineageLabel":"Rio Grande lineage","basin":"Rio Grande Headwaters","note":"Generalized Rio Grande cutthroat drainage context","state":"CO","confidence":"HUC8 drainage context / generalized","geometryStatus":"Named NHD stream intersecting assigned HUC8","troutSource":"HUC8 lineage assignment v1 / review needed","sourceName":"Beaver Creek","name":"Beaver Creek","source_id":"160785641","length_km":0.16610493,"FType":460,"FCode":46006,"atlas_class":"streamriver","water_id":"co_13010001_riogrande_beaver_creek_001","occurrence_id":"co_13010001_riogrande_beaver_creek_001","occurrence_number":"001","display_name":"Beaver Creek","mapped_name":"Beaver Creek","source_name":"Beaver Creek","disambiguator":"Rio Grande cutthroat historic context · HUC8 13010001 · occurrence 001","atlas_layer":"curated_named_water_occurrence","object_role":"interactive_named_water","lineage":"rioGrande","historic_label":"Rio Grande cutthroat historic context","current_label":"Rio Grande cutthroat historic context","recovery_label":"Recovery watch / review area","confidence_public":"Generalized public map / needs expert review","confidence_internal":"Occurrence-cluster preview; 118 source segments","geometry_status_public":"Generalized named-water occurrence","geometry_status_internal":"Grouped by display name, HUC8, lineage, and spatial cluster","geometry_source_public":"Grouped public hydrography segments","geometry_source_internal":"Colorado full interpreted natural stream context — occurrence v2 preview","trout_source_public":"Compiled public recovery and lineage context; expert review recommended","trout_source_internal":"HUC8 lineage assignment v1 / review needed","public_notes":"Beaver Creek is shown as a generalized public-map named-water occurrence for Rio Grande cutthroat historic context. This object is separated from other same-named waters using HUC8, lineage, and local spatial clustering. Linework is grouped from public hydrography and should be treated as interpretive watershed context, not a precise biological boundary.","internal_notes":"Preview occurrence co_13010001_riogrande_beaver_creek_001; 118 segments; 24.9 km"}},{"type":"Feature","geometry":{"type":"LineString","coordinates":[[-106.65316,37.58056],[-106.65281,37.58104]]},"properties":{"huc8":"13010001","huc8Name":"Rio Grande Headwaters","historic":"rioGrande","current":"introduced","recovery":"recoveryWatch","lineageKey":"rioGrande","lineageLabel":"Rio Grande lineage","basin":"Rio Grande Headwaters","note":"Generalized Rio Grande cutthroat drainage context","state":"CO","confidence":"HUC8 drainage context / generalized","geometryStatus":"Named NHD stream intersecting assigned HUC8","troutSource":"HUC8 lineage assignment v1 / review needed","sourceName":"Beaver Creek","name":"Beaver Creek","source_id":"160785476","length_km":0.063,"FType":460,"FCode":46006,"atlas_class":"streamriver","water_id":"co_13010001_riogrande_beaver_creek_001","occurrence_id":"co_13010001_riogrande_beaver_creek_001","occurrence_number":"001","display_name":"Beaver Creek","mapped_name":"Beaver Creek","source_name":"Beaver Creek","disambiguator":"Rio Grande cutthroat historic context · HUC8 13010001 · occurrence 001","atlas_layer":"curated_named_water_occurrence","object_role":"interactive_named_water","lineage":"rioGrande","historic_label":"Rio Grande cutthroat historic context","current_label":"Rio Grande cutthroat historic context","recovery_label":"Recovery watch / review area","confidence_public":"Generalized public map / needs expert review","confidence_internal":"Occurrence-cluster preview; 118 source segments","geometry_status_public":"Generalized named-water occurrence","geometry_status_internal":"Grouped by display name, HUC8, lineage, and spatial cluster","geometry_source_public":"Grouped public hydrography segments","geometry_source_internal":"Colorado full interpreted natural stream context — occurrence v2 preview","trout_source_public":"Compiled public recovery and lineage context; expert review recommended","trout_source_internal":"HUC8 lineage assignment v1 / review needed","public_notes":"Beaver Creek is shown as a generalized public-map named-water occurrence for Rio Grande cutthroat historic context. This object is separated from other same-named waters using HUC8, lineage, and local spatial clustering. Linework is grouped from public hydrography and should be treated as interpretive watershed context, not a precise biological boundary.","internal_notes":"Preview occurrence co_13010001_riogrande_beaver_creek_001; 118 segments; 24.9 km"}},{"type":"Feature","geometry":{"type":"LineString","coordinates":[[-106.62665,37.51551],[-106.62692,37.51622]]},"properties":{"huc8":"13010001","huc8Name":"Rio Grande Headwaters","historic":"rioGrande","current":"introduced","recovery":"recoveryWatch","lineageKey":"rioGrande","lineageLabel":"Rio Grande lineage","basin":"Rio Grande Headwaters","note":"Generalized Rio Grande cutthroat drainage context","state":"CO","confidence":"HUC8 drainage context / generalized","geometryStatus":"Named NHD stream intersecting assigned HUC8","troutSource":"HUC8 lineage assignment v1 / review needed","sourceName":"Beaver Creek","name":"Beaver Creek","source_id":"160785265","length_km":0.084,"FType":460,"FCode":46006,"atlas_class":"streamriver","water_id":"co_13010001_riogrande_beaver_creek_001","occurrence_id":"co_13010001_riogrande_beaver_creek_001","occurrence_number":"001","display_name":"Beaver Creek","mapped_name":"Beaver Creek","source_name":"Beaver Creek","disambiguator":"Rio Grande cutthroat historic context · HUC8 13010001 · occurrence 001","atlas_layer":"curated_named_water_occurrence","object_role":"interactive_named_water","lineage":"rioGrande","historic_label":"Rio Grande cutthroat historic context","current_label":"Rio Grande cutthroat historic context","recovery_label":"Recovery watch / review area","confidence_public":"Generalized public map / needs expert review","confidence_internal":"Occurrence-cluster preview; 118 source segments","geometry_status_public":"Generalized named-water occurrence","geometry_status_internal":"Grouped by display name, HUC8, lineage, and spatial cluster","geometry_source_public":"Grouped public hydrography segments","geometry_source_internal":"Colorado full interpreted natural stream context — occurrence v2 preview","trout_source_public":"Compiled public recovery and lineage context; expert review recommended","trout_source_internal":"HUC8 lineage assignment v1 / review needed","public_notes":"Beaver Creek is shown as a generalized public-map named-water occurrence for Rio Grande cutthroat historic context. This object is separated from other same-named waters using HUC8, lineage, and local spatial clustering. Linework is grouped from public hydrography and should be treated as interpretive watershed context, not a precise biological boundary.","internal_notes":"Preview occurrence co_13010001_riogrande_beaver_creek_001; 118 segments; 24.9 km"}},{"type":"Feature","geometry":{"type":"LineString","coordinates":[[-106.62692,37.51622],[-106.62643,37.51861],[-106.6277,37.51894]]},"properties":{"huc8":"13010001","huc8Name":"Rio Grande Headwaters","historic":"rioGrande","current":"introduced","recovery":"recoveryWatch","lineageKey":"rioGrande","lineageLabel":"Rio Grande lineage","basin":"Rio Grande Headwaters","note":"Generalized Rio Grande cutthroat drainage context","state":"CO","confidence":"HUC8 drainage context / generalized","geometryStatus":"Named NHD stream intersecting assigned HUC8","troutSource":"HUC8 lineage assignment v1 / review needed","sourceName":"Beaver Creek","name":"Beaver Creek","source_id":"160785466","length_km":0.407,"FType":460,"FCode":46006,"atlas_class":"streamriver","water_id":"co_13010001_riogrande_beaver_creek_001","occurrence_id":"co_13010001_riogrande_beaver_creek_001","occurrence_number":"001","display_name":"Beaver Creek","mapped_name":"Beaver Creek","source_name":"Beaver Creek","disambiguator":"Rio Grande cutthroat historic context · HUC8 13010001 · occurrence 001","atlas_layer":"curated_named_water_occurrence","object_role":"interactive_named_water","lineage":"rioGrande","historic_label":"Rio Grande cutthroat historic context","current_label":"Rio Grande cutthroat historic context","recovery_label":"Recovery watch / review area","confidence_public":"Generalized public map / needs expert review","confidence_internal":"Occurrence-cluster preview; 118 source segments","geometry_status_public":"Generalized named-water occurrence","geometry_status_internal":"Grouped by display name, HUC8, lineage, and spatial cluster","geometry_source_public":"Grouped public hydrography segments","geometry_source_internal":"Colorado full interpreted natural stream context — occurrence v2 preview","trout_source_public":"Compiled public recovery and lineage context; expert review recommended","trout_source_internal":"HUC8 lineage assignment v1 / review needed","public_notes":"Beaver Creek is shown as a generalized public-map named-water occurrence for Rio Grande cutthroat historic context. This object is separated from other same-named waters using HUC8, lineage, and local spatial clustering. Linework is grouped from public hydrography and should be treated as interpretive watershed context, not a precise biological boundary.","internal_notes":"Preview occurrence co_13010001_riogrande_beaver_creek_001; 118 segments; 24.9 km"}},{"type":"Feature","geometry":{"type":"LineString","coordinates":[[-106.65278,37.58356],[-106.65311,37.58448],[-106.65376,37.58458],[-106.65334,37.58534]]},"properties":{"huc8":"13010001","huc8Name":"Rio Grande Headwaters","historic":"rioGrande","current":"introduced","recovery":"recoveryWatch","lineageKey":"rioGrande","lineageLabel":"Rio Grande lineage","basin":"Rio Grande Headwaters","note":"Generalized Rio Grande cutthroat drainage context","state":"CO","confidence":"HUC8 drainage context / generalized","geometryStatus":"Named NHD stream intersecting assigned HUC8","troutSource":"HUC8 lineage assignment v1 / review needed","sourceName":"Beaver Creek","name":"Beaver Creek","source_id":"136350753","length_km":0.276,"FType":460,"FCode":46006,"atlas_class":"streamriver","water_id":"co_13010001_riogrande_beaver_creek_001","occurrence_id":"co_13010001_riogrande_beaver_creek_001","occurrence_number":"001","display_name":"Beaver Creek","mapped_name":"Beaver Creek","source_name":"Beaver Creek","disambiguator":"Rio Grande cutthroat historic context · HUC8 13010001 · occurrence 001","atlas_layer":"curated_named_water_occurrence","object_role":"interactive_named_water","lineage":"rioGrande","historic_label":"Rio Grande cutthroat historic context","current_label":"Rio Grande cutthroat historic context","recovery_label":"Recovery watch / review area","confidence_public":"Generalized public map / needs expert review","confidence_internal":"Occurrence-cluster preview; 118 source segments","geometry_status_public":"Generalized named-water occurrence","geometry_status_internal":"Grouped by display name, HUC8, lineage, and spatial cluster","geometry_source_public":"Grouped public hydrography segments","geometry_source_internal":"Colorado full interpreted natural stream context — occurrence v2 preview","trout_source_public":"Compiled public recovery and lineage context; expert review recommended","trout_source_internal":"HUC8 lineage assignment v1 / review needed","public_notes":"Beaver Creek is shown as a generalized public-map named-water occurrence for Rio Grande cutthroat historic context. This object is separated from other same-named waters using HUC8, lineage, and local spatial clustering. Linework is grouped from public hydrography and should be treated as interpretive watershed context, not a precise biological boundary.","internal_notes":"Preview occurrence co_13010001_riogrande_beaver_creek_001; 118 segments; 24.9 km"}},{"type":"Feature","geometry":{"type":"LineString","coordinates":[[-106.6252,37.5081],[-106.62503,37.50979],[-106.62375,37.51048],[-106.62431,37.5126],[-106.6256,37.51429]]},"properties":{"huc8":"13010001","huc8Name":"Rio Grande Headwaters","historic":"rioGrande","current":"introduced","recovery":"recoveryWatch","lineageKey":"rioGrande","lineageLabel":"Rio Grande lineage","basin":"Rio Grande Headwaters","note":"Generalized Rio Grande cutthroat drainage context","state":"CO","confidence":"HUC8 drainage context / generalized","geometryStatus":"Named NHD stream intersecting assigned HUC8","troutSource":"HUC8 lineage assignment v1 / review needed","sourceName":"Beaver Creek","name":"Beaver Creek","source_id":"136350776","length_km":0.867,"FType":460,"FCode":46006,"atlas_class":"streamriver","water_id":"co_13010001_riogrande_beaver_creek_001","occurrence_id":"co_13010001_riogrande_beaver_creek_001","occurrence_number":"001","display_name":"Beaver Creek","mapped_name":"Beaver Creek","source_name":"Beaver Creek","disambiguator":"Rio Grande cutthroat historic context · HUC8 13010001 · occurrence 001","atlas_layer":"curated_named_water_occurrence","object_role":"interactive_named_water","lineage":"rioGrande","historic_label":"Rio Grande cutthroat historic context","current_label":"Rio Grande cutthroat historic context","recovery_label":"Recovery watch / review area","confidence_public":"Generalized public map / needs expert review","confidence_internal":"Occurrence-cluster preview; 118 source segments","geometry_status_public":"Generalized named-water occurrence","geometry_status_internal":"Grouped by display name, HUC8, lineage, and spatial cluster","geometry_source_public":"Grouped public hydrography segments","geometry_source_internal":"Colorado full interpreted natural stream context — occurrence v2 preview","trout_source_public":"Compiled public recovery and lineage context; expert review recommended","trout_source_internal":"HUC8 lineage assignment v1 / review needed","public_notes":"Beaver Creek is shown as a generalized public-map named-water occurrence for Rio Grande cutthroat historic context. This object is separated from other same-named waters using HUC8, lineage, and local spatial clustering. Linework is grouped from public hydrography and should be treated as interpretive watershed context, not a precise biological boundary.","internal_notes":"Preview occurrence co_13010001_riogrande_beaver_creek_001; 118 segments; 24.9 km"}},{"type":"Feature","geometry":{"type":"LineString","coordinates":[[-106.52449,37.74243],[-106.52425,37.74193]]},"properties":{"huc8":"13010001","huc8Name":"Rio Grande Headwaters","historic":"rioGrande","current":"introduced","recovery":"recoveryWatch","lineageKey":"rioGrande","lineageLabel":"Rio Grande lineage","basin":"Rio Grande Headwaters","note":"Generalized Rio Grande cutthroat drainage context","state":"CO","confidence":"HUC8 drainage context / generalized","geometryStatus":"Named NHD stream intersecting assigned HUC8","troutSource":"HUC8 lineage assignment v1 / review needed","sourceName":"Embargo Creek","name":"Embargo Creek","source_id":"160788285","length_km":0.067,"FType":460,"FCode":46006,"atlas_class":"streamriver","water_id":"co_13010001_riogrande_embargo_creek_001","occurrence_id":"co_13010001_riogrande_embargo_creek_001","occurrence_number":"001","display_name":"Embargo Creek","mapped_name":"Embargo Creek","source_name":"Embargo Creek","disambiguator":"Rio Grande cutthroat historic context · HUC8 13010001 · occurrence 001","atlas_layer":"curated_named_water_occurrence","object_role":"interactive_named_water","lineage":"rioGrande","historic_label":"Rio Grande cutthroat historic context","current_label":"Rio Grande cutthroat historic context","recovery_label":"Recovery watch / review area","confidence_public":"Generalized public map / needs expert review","confidence_internal":"Occurrence-cluster preview; 102 source segments","geometry_status_public":"Generalized named-water occurrence","geometry_status_internal":"Grouped by display name, HUC8, lineage, and spatial cluster","geometry_source_public":"Grouped public hydrography segments","geometry_source_internal":"Colorado full interpreted natural stream context — occurrence v2 preview","trout_source_public":"Compiled public recovery and lineage context; expert review recommended","trout_source_internal":"HUC8 lineage assignment v1 / review needed","public_notes":"Embargo Creek is shown as a generalized public-map named-water occurrence for Rio Grande cutthroat historic context. This object is separated from other same-named waters using HUC8, lineage, and local spatial clustering. Linework is grouped from public hydrography and should be treated as interpretive watershed context, not a precise biological boundary.","internal_notes":"Preview occurrence co_13010001_riogrande_embargo_creek_001; 102 segments; 29.8 km"}},{"type":"Feature","geometry":{"type":"LineString","coordinates":[[-106.51606,37.72207],[-106.51488,37.72014],[-106.5152,37.71972]]},"properties":{"huc8":"13010001","huc8Name":"Rio Grande Headwaters","historic":"rioGrande","current":"introduced","recovery":"recoveryWatch","lineageKey":"rioGrande","lineageLabel":"Rio Grande lineage","basin":"Rio Grande Headwaters","note":"Generalized Rio Grande cutthroat drainage context","state":"CO","confidence":"HUC8 drainage context / generalized","geometryStatus":"Named NHD stream intersecting assigned HUC8","troutSource":"HUC8 lineage assignment v1 / review needed","sourceName":"Embargo Creek","name":"Embargo Creek","source_id":"160788405","length_km":0.316,"FType":460,"FCode":46006,"atlas_class":"streamriver","water_id":"co_13010001_riogrande_embargo_creek_001","occurrence_id":"co_13010001_riogrande_embargo_creek_001","occurrence_number":"001","display_name":"Embargo Creek","mapped_name":"Embargo Creek","source_name":"Embargo Creek","disambiguator":"Rio Grande cutthroat historic context · HUC8 13010001 · occurrence 001","atlas_layer":"curated_named_water_occurrence","object_role":"interactive_named_water","lineage":"rioGrande","historic_label":"Rio Grande cutthroat historic context","current_label":"Rio Grande cutthroat historic context","recovery_label":"Recovery watch / review area","confidence_public":"Generalized public map / needs expert review","confidence_internal":"Occurrence-cluster preview; 102 source segments","geometry_status_public":"Generalized named-water occurrence","geometry_status_internal":"Grouped by display name, HUC8, lineage, and spatial cluster","geometry_source_public":"Grouped public hydrography segments","geometry_source_internal":"Colorado full interpreted natural stream context — occurrence v2 preview","trout_source_public":"Compiled public recovery and lineage context; expert review recommended","trout_source_internal":"HUC8 lineage assignment v1 / review needed","public_notes":"Embargo Creek is shown as a generalized public-map named-water occurrence for Rio Grande cutthroat historic context. This object is separated from other same-named waters using HUC8, lineage, and local spatial clustering. Linework is grouped from public hydrography and should be treated as interpretive watershed context, not a precise biological boundary.","internal_notes":"Preview occurrence co_13010001_riogrande_embargo_creek_001; 102 segments; 29.8 km"}},{"type":"Feature","geometry":{"type":"LineString","coordinates":[[-106.50728,37.7073],[-106.50667,37.7048],[-106.50584,37.70412]]},"properties":{"huc8":"13010001","huc8Name":"Rio Grande Headwaters","historic":"rioGrande","current":"introduced","recovery":"recoveryWatch","lineageKey":"rioGrande","lineageLabel":"Rio Grande lineage","basin":"Rio Grande Headwaters","note":"Generalized Rio Grande cutthroat drainage context","state":"CO","confidence":"HUC8 drainage context / generalized","geometryStatus":"Named NHD stream intersecting assigned HUC8","troutSource":"HUC8 lineage assignment v1 / review needed","sourceName":"Embargo Creek","name":"Embargo Creek","source_id":"136352288","length_km":0.401,"FType":460,"FCode":46006,"atlas_class":"streamriver","water_id":"co_13010001_riogrande_embargo_creek_001","occurrence_id":"co_13010001_riogrande_embargo_creek_001","occurrence_number":"001","display_name":"Embargo Creek","mapped_name":"Embargo Creek","source_name":"Embargo Creek","disambiguator":"Rio Grande cutthroat historic context · HUC8 13010001 · occurrence 001","atlas_layer":"curated_named_water_occurrence","object_role":"interactive_named_water","lineage":"rioGrande","historic_label":"Rio Grande cutthroat historic context","current_label":"Rio Grande cutthroat historic context","recovery_label":"Recovery watch / review area","confidence_public":"Generalized public map / needs expert review","confidence_internal":"Occurrence-cluster preview; 102 source segments","geometry_status_public":"Generalized named-water occurrence","geometry_status_internal":"Grouped by display name, HUC8, lineage, and spatial cluster","geometry_source_public":"Grouped public hydrography segments","geometry_source_internal":"Colorado full interpreted natural stream context — occurrence v2 preview","trout_source_public":"Compiled public recovery and lineage context; expert review recommended","trout_source_internal":"HUC8 lineage assignment v1 / review needed","public_notes":"Embargo Creek is shown as a generalized public-map named-water occurrence for Rio Grande cutthroat historic context. This object is separated from other same-named waters using HUC8, lineage, and local spatial clustering. Linework is grouped from public hydrography and should be treated as interpretive watershed context, not a precise biological boundary.","internal_notes":"Preview occurrence co_13010001_riogrande_embargo_creek_001; 102 segments; 29.8 km"}},{"type":"Feature","geometry":{"type":"LineString","coordinates":[[-106.52391,37.74027],[-106.52374,37.74001]]},"properties":{"huc8":"13010001","huc8Name":"Rio Grande Headwaters","historic":"rioGrande","current":"introduced","recovery":"recoveryWatch","lineageKey":"rioGrande","lineageLabel":"Rio Grande lineage","basin":"Rio Grande Headwaters","note":"Generalized Rio Grande cutthroat drainage context","state":"CO","confidence":"HUC8 drainage context / generalized","geometryStatus":"Named NHD stream intersecting assigned HUC8","troutSource":"HUC8 lineage assignment v1 / review needed","sourceName":"Embargo Creek","name":"Embargo Creek","source_id":"136352278","length_km":0.033,"FType":460,"FCode":46006,"atlas_class":"streamriver","water_id":"co_13010001_riogrande_embargo_creek_001","occurrence_id":"co_13010001_riogrande_embargo_creek_001","occurrence_number":"001","display_name":"Embargo Creek","mapped_name":"Embargo Creek","source_name":"Embargo Creek","disambiguator":"Rio Grande cutthroat historic context · HUC8 13010001 · occurrence 001","atlas_layer":"curated_named_water_occurrence","object_role":"interactive_named_water","lineage":"rioGrande","historic_label":"Rio Grande cutthroat historic context","current_label":"Rio Grande cutthroat historic context","recovery_label":"Recovery watch / review area","confidence_public":"Generalized public map / needs expert review","confidence_internal":"Occurrence-cluster preview; 102 source segments","geometry_status_public":"Generalized named-water occurrence","geometry_status_internal":"Grouped by display name, HUC8, lineage, and spatial cluster","geometry_source_public":"Grouped public hydrography segments","geometry_source_internal":"Colorado full interpreted natural stream context — occurrence v2 preview","trout_source_public":"Compiled public recovery and lineage context; expert review recommended","trout_source_internal":"HUC8 lineage assignment v1 / review needed","public_notes":"Embargo Creek is shown as a generalized public-map named-water occurrence for Rio Grande cutthroat historic context. This object is separated from other same-named waters using HUC8, lineage, and local spatial clustering. Linework is grouped from public hydrography and should be treated as interpretive watershed context, not a precise biological boundary.","internal_notes":"Preview occurrence co_13010001_riogrande_embargo_creek_001; 102 segments; 29.8 km"}},{"type":"Feature","geometry":{"type":"LineString","coordinates":[[-106.51939,37.72888],[-106.51912,37.7281]]},"properties":{"huc8":"13010001","huc8Name":"Rio Grande Headwaters","historic":"rioGrande","current":"introduced","recovery":"recoveryWatch","lineageKey":"rioGrande","lineageLabel":"Rio Grande lineage","basin":"Rio Grande Headwaters","note":"Generalized Rio Grande cutthroat drainage context","state":"CO","confidence":"HUC8 drainage context / generalized","geometryStatus":"Named NHD stream intersecting assigned HUC8","troutSource":"HUC8 lineage assignment v1 / review needed","sourceName":"Embargo Creek","name":"Embargo Creek","source_id":"160788438","length_km":0.093,"FType":460,"FCode":46006,"atlas_class":"streamriver","water_id":"co_13010001_riogrande_embargo_creek_001","occurrence_id":"co_13010001_riogrande_embargo_creek_001","occurrence_number":"001","display_name":"Embargo Creek","mapped_name":"Embargo Creek","source_name":"Embargo Creek","disambiguator":"Rio Grande cutthroat historic context · HUC8 13010001 · occurrence 001","atlas_layer":"curated_named_water_occurrence","object_role":"interactive_named_water","lineage":"rioGrande","historic_label":"Rio Grande cutthroat historic context","current_label":"Rio Grande cutthroat historic context","recovery_label":"Recovery watch / review area","confidence_public":"Generalized public map / needs expert review","confidence_internal":"Occurrence-cluster preview; 102 source segments","geometry_status_public":"Generalized named-water occurrence","geometry_status_internal":"Grouped by display name, HUC8, lineage, and spatial cluster","geometry_source_public":"Grouped public hydrography segments","geometry_source_internal":"Colorado full interpreted natural stream context — occurrence v2 preview","trout_source_public":"Compiled public recovery and lineage context; expert review recommended","trout_source_internal":"HUC8 lineage assignment v1 / review needed","public_notes":"Embargo Creek is shown as a generalized public-map named-water occurrence for Rio Grande cutthroat historic context. This object is separated from other same-named waters using HUC8, lineage, and local spatial clustering. Linework is grouped from public hydrography and should be treated as interpretive watershed context, not a precise biological boundary.","internal_notes":"Preview occurrence co_13010001_riogrande_embargo_creek_001; 102 segments; 29.8 km"}},{"type":"Feature","geometry":{"type":"LineString","coordinates":[[-106.5147,37.71809],[-106.51267,37.71366]]},"properties":{"huc8":"13010001","huc8Name":"Rio Grande Headwaters","historic":"rioGrande","current":"introduced","recovery":"recoveryWatch","lineageKey":"rioGrande","lineageLabel":"Rio Grande lineage","basin":"Rio Grande Headwaters","note":"Generalized Rio Grande cutthroat drainage context","state":"CO","confidence":"HUC8 drainage context / generalized","geometryStatus":"Named NHD stream intersecting assigned HUC8","troutSource":"HUC8 lineage assignment v1 / review needed","sourceName":"Embargo Creek","name":"Embargo Creek","source_id":"160788555","length_km":0.568,"FType":460,"FCode":46006,"atlas_class":"streamriver","water_id":"co_13010001_riogrande_embargo_creek_001","occurrence_id":"co_13010001_riogrande_embargo_creek_001","occurrence_number":"001","display_name":"Embargo Creek","mapped_name":"Embargo Creek","source_name":"Embargo Creek","disambiguator":"Rio Grande cutthroat historic context · HUC8 13010001 · occurrence 001","atlas_layer":"curated_named_water_occurrence","object_role":"interactive_named_water","lineage":"rioGrande","historic_label":"Rio Grande cutthroat historic context","current_label":"Rio Grande cutthroat historic context","recovery_label":"Recovery watch / review area","confidence_public":"Generalized public map / needs expert review","confidence_internal":"Occurrence-cluster preview; 102 source segments","geometry_status_public":"Generalized named-water occurrence","geometry_status_internal":"Grouped by display name, HUC8, lineage, and spatial cluster","geometry_source_public":"Grouped public hydrography segments","geometry_source_internal":"Colorado full interpreted natural stream context — occurrence v2 preview","trout_source_public":"Compiled public recovery and lineage context; expert review recommended","trout_source_internal":"HUC8 lineage assignment v1 / review needed","public_notes":"Embargo Creek is shown as a generalized public-map named-water occurrence for Rio Grande cutthroat historic context. This object is separated from other same-named waters using HUC8, lineage, and local spatial clustering. Linework is grouped from public hydrography and should be treated as interpretive watershed context, not a precise biological boundary.","internal_notes":"Preview occurrence co_13010001_riogrande_embargo_creek_001; 102 segments; 29.8 km"}},{"type":"Feature","geometry":{"type":"LineString","coordinates":[[-106.51912,37.7281],[-106.51946,37.72783],[-106.51827,37.72738],[-106.51858,37.72674],[-106.51724,37.72527]]},"properties":{"huc8":"13010001","huc8Name":"Rio Grande Headwaters","historic":"rioGrande","current":"introduced","recovery":"recoveryWatch","lineageKey":"rioGrande","lineageLabel":"Rio Grande lineage","basin":"Rio Grande Headwaters","note":"Generalized Rio Grande cutthroat drainage context","state":"CO","confidence":"HUC8 drainage context / generalized","geometryStatus":"Named NHD stream intersecting assigned HUC8","troutSource":"HUC8 lineage assignment v1 / review needed","sourceName":"Embargo Creek","name":"Embargo Creek","source_id":"136352283","length_km":0.477,"FType":460,"FCode":46006,"atlas_class":"streamriver","water_id":"co_13010001_riogrande_embargo_creek_001","occurrence_id":"co_13010001_riogrande_embargo_creek_001","occurrence_number":"001","display_name":"Embargo Creek","mapped_name":"Embargo Creek","source_name":"Embargo Creek","disambiguator":"Rio Grande cutthroat historic context · HUC8 13010001 · occurrence 001","atlas_layer":"curated_named_water_occurrence","object_role":"interactive_named_water","lineage":"rioGrande","historic_label":"Rio Grande cutthroat historic context","current_label":"Rio Grande cutthroat historic context","recovery_label":"Recovery watch / review area","confidence_public":"Generalized public map / needs expert review","confidence_internal":"Occurrence-cluster preview; 102 source segments","geometry_status_public":"Generalized named-water occurrence","geometry_status_internal":"Grouped by display name, HUC8, lineage, and spatial cluster","geometry_source_public":"Grouped public hydrography segments","geometry_source_internal":"Colorado full interpreted natural stream context — occurrence v2 preview","trout_source_public":"Compiled public recovery and lineage context; expert review recommended","trout_source_internal":"HUC8 lineage assignment v1 / review needed","public_notes":"Embargo Creek is shown as a generalized public-map named-water occurrence for Rio Grande cutthroat historic context. This object is separated from other same-named waters using HUC8, lineage, and local spatial clustering. Linework is grouped from public hydrography and should be treated as interpretive watershed context, not a precise biological boundary.","internal_notes":"Preview occurrence co_13010001_riogrande_embargo_creek_001; 102 segments; 29.8 km"}},{"type":"Feature","geometry":{"type":"LineString","coordinates":[[-106.50878,37.70934],[-106.5077,37.70783]]},"properties":{"huc8":"13010001","huc8Name":"Rio Grande Headwaters","historic":"rioGrande","current":"introduced","recovery":"recoveryWatch","lineageKey":"rioGrande","lineageLabel":"Rio Grande lineage","basin":"Rio Grande Headwaters","note":"Generalized Rio Grande cutthroat drainage context","state":"CO","confidence":"HUC8 drainage context / generalized","geometryStatus":"Named NHD stream intersecting assigned HUC8","troutSource":"HUC8 lineage assignment v1 / review needed","sourceName":"Embargo Creek","name":"Embargo Creek","source_id":"160788899","length_km":0.209,"FType":460,"FCode":46006,"atlas_class":"streamriver","water_id":"co_13010001_riogrande_embargo_creek_001","occurrence_id":"co_13010001_riogrande_embargo_creek_001","occurrence_number":"001","display_name":"Embargo Creek","mapped_name":"Embargo Creek","source_name":"Embargo Creek","disambiguator":"Rio Grande cutthroat historic context · HUC8 13010001 · occurrence 001","atlas_layer":"curated_named_water_occurrence","object_role":"interactive_named_water","lineage":"rioGrande","historic_label":"Rio Grande cutthroat historic context","current_label":"Rio Grande cutthroat historic context","recovery_label":"Recovery watch / review area","confidence_public":"Generalized public map / needs expert review","confidence_internal":"Occurrence-cluster preview; 102 source segments","geometry_status_public":"Generalized named-water occurrence","geometry_status_internal":"Grouped by display name, HUC8, lineage, and spatial cluster","geometry_source_public":"Grouped public hydrography segments","geometry_source_internal":"Colorado full interpreted natural stream context — occurrence v2 preview","trout_source_public":"Compiled public recovery and lineage context; expert review recommended","trout_source_internal":"HUC8 lineage assignment v1 / review needed","public_notes":"Embargo Creek is shown as a generalized public-map named-water occurrence for Rio Grande cutthroat historic context. This object is separated from other same-named waters using HUC8, lineage, and local spatial clustering. Linework is grouped from public hydrography and should be treated as interpretive watershed context, not a precise biological boundary.","internal_notes":"Preview occurrence co_13010001_riogrande_embargo_creek_001; 102 segments; 29.8 km"}},{"type":"Feature","geometry":{"type":"LineString","coordinates":[[-106.52316,37.73782],[-106.52348,37.73679],[-106.52293,37.73563]]},"properties":{"huc8":"13010001","huc8Name":"Rio Grande Headwaters","historic":"rioGrande","current":"introduced","recovery":"recoveryWatch","lineageKey":"rioGrande","lineageLabel":"Rio Grande lineage","basin":"Rio Grande Headwaters","note":"Generalized Rio Grande cutthroat drainage context","state":"CO","confidence":"HUC8 drainage context / generalized","geometryStatus":"Named NHD stream intersecting assigned HUC8","troutSource":"HUC8 lineage assignment v1 / review needed","sourceName":"Embargo Creek","name":"Embargo Creek","source_id":"160788419","length_km":0.273,"FType":460,"FCode":46006,"atlas_class":"streamriver","water_id":"co_13010001_riogrande_embargo_creek_001","occurrence_id":"co_13010001_riogrande_embargo_creek_001","occurrence_number":"001","display_name":"Embargo Creek","mapped_name":"Embargo Creek","source_name":"Embargo Creek","disambiguator":"Rio Grande cutthroat historic context · HUC8 13010001 · occurrence 001","atlas_layer":"curated_named_water_occurrence","object_role":"interactive_named_water","lineage":"rioGrande","historic_label":"Rio Grande cutthroat historic context","current_label":"Rio Grande cutthroat historic context","recovery_label":"Recovery watch / review area","confidence_public":"Generalized public map / needs expert review","confidence_internal":"Occurrence-cluster preview; 102 source segments","geometry_status_public":"Generalized named-water occurrence","geometry_status_internal":"Grouped by display name, HUC8, lineage, and spatial cluster","geometry_source_public":"Grouped public hydrography segments","geometry_source_internal":"Colorado full interpreted natural stream context — occurrence v2 preview","trout_source_public":"Compiled public recovery and lineage context; expert review recommended","trout_source_internal":"HUC8 lineage assignment v1 / review needed","public_notes":"Embargo Creek is shown as a generalized public-map named-water occurrence for Rio Grande cutthroat historic context. This object is separated from other same-named waters using HUC8, lineage, and local spatial clustering. Linework is grouped from public hydrography and should be treated as interpretive watershed context, not a precise biological boundary.","internal_notes":"Preview occurrence co_13010001_riogrande_embargo_creek_001; 102 segments; 29.8 km"}},{"type":"Feature","geometry":{"type":"LineString","coordinates":[[-106.52151,37.73461],[-106.52169,37.73364],[-106.52058,37.73304]]},"properties":{"huc8":"13010001","huc8Name":"Rio Grande Headwaters","historic":"rioGrande","current":"introduced","recovery":"recoveryWatch","lineageKey":"rioGrande","lineageLabel":"Rio Grande lineage","basin":"Rio Grande Headwaters","note":"Generalized Rio Grande cutthroat drainage context","state":"CO","confidence":"HUC8 drainage context / generalized","geometryStatus":"Named NHD stream intersecting assigned HUC8","troutSource":"HUC8 lineage assignment v1 / review needed","sourceName":"Embargo Creek","name":"Embargo Creek","source_id":"160788746","length_km":0.231,"FType":460,"FCode":46006,"atlas_class":"streamriver","water_id":"co_13010001_riogrande_embargo_creek_001","occurrence_id":"co_13010001_riogrande_embargo_creek_001","occurrence_number":"001","display_name":"Embargo Creek","mapped_name":"Embargo Creek","source_name":"Embargo Creek","disambiguator":"Rio Grande cutthroat historic context · HUC8 13010001 · occurrence 001","atlas_layer":"curated_named_water_occurrence","object_role":"interactive_named_water","lineage":"rioGrande","historic_label":"Rio Grande cutthroat historic context","current_label":"Rio Grande cutthroat historic context","recovery_label":"Recovery watch / review area","confidence_public":"Generalized public map / needs expert review","confidence_internal":"Occurrence-cluster preview; 102 source segments","geometry_status_public":"Generalized named-water occurrence","geometry_status_internal":"Grouped by display name, HUC8, lineage, and spatial cluster","geometry_source_public":"Grouped public hydrography segments","geometry_source_internal":"Colorado full interpreted natural stream context — occurrence v2 preview","trout_source_public":"Compiled public recovery and lineage context; expert review recommended","trout_source_internal":"HUC8 lineage assignment v1 / review needed","public_notes":"Embargo Creek is shown as a generalized public-map named-water occurrence for Rio Grande cutthroat historic context. This object is separated from other same-named waters using HUC8, lineage, and local spatial clustering. Linework is grouped from public hydrography and should be treated as interpretive watershed context, not a precise biological boundary.","internal_notes":"Preview occurrence co_13010001_riogrande_embargo_creek_001; 102 segments; 29.8 km"}},{"type":"Feature","geometry":{"type":"LineString","coordinates":[[-106.53011,37.74851],[-106.52949,37.74879]]},"properties":{"huc8":"13010001","huc8Name":"Rio Grande Headwaters","historic":"rioGrande","current":"introduced","recovery":"recoveryWatch","lineageKey":"rioGrande","lineageLabel":"Rio Grande lineage","basin":"Rio Grande Headwaters","note":"Generalized Rio Grande cutthroat drainage context","state":"CO","confidence":"HUC8 drainage context / generalized","geometryStatus":"Named NHD stream intersecting assigned HUC8","troutSource":"HUC8 lineage assignment v1 / review needed","sourceName":"Embargo Creek","name":"Embargo Creek","source_id":"136350181","length_km":0.066,"FType":460,"FCode":46006,"atlas_class":"streamriver","water_id":"co_13010001_riogrande_embargo_creek_001","occurrence_id":"co_13010001_riogrande_embargo_creek_001","occurrence_number":"001","display_name":"Embargo Creek","mapped_name":"Embargo Creek","source_name":"Embargo Creek","disambiguator":"Rio Grande cutthroat historic context · HUC8 13010001 · occurrence 001","atlas_layer":"curated_named_water_occurrence","object_role":"interactive_named_water","lineage":"rioGrande","historic_label":"Rio Grande cutthroat historic context","current_label":"Rio Grande cutthroat historic context","recovery_label":"Recovery watch / review area","confidence_public":"Generalized public map / needs expert review","confidence_internal":"Occurrence-cluster preview; 102 source segments","geometry_status_public":"Generalized named-water occurrence","geometry_status_internal":"Grouped by display name, HUC8, lineage, and spatial cluster","geometry_source_public":"Grouped public hydrography segments","geometry_source_internal":"Colorado full interpreted natural stream context — occurrence v2 preview","trout_source_public":"Compiled public recovery and lineage context; expert review recommended","trout_source_internal":"HUC8 lineage assignment v1 / review needed","public_notes":"Embargo Creek is shown as a generalized public-map named-water occurrence for Rio Grande cutthroat historic context. This object is separated from other same-named waters using HUC8, lineage, and local spatial clustering. Linework is grouped from public hydrography and should be treated as interpretive watershed context, not a precise biological boundary.","internal_notes":"Preview occurrence co_13010001_riogrande_embargo_creek_001; 102 segments; 29.8 km"}},{"type":"Feature","geometry":{"type":"LineString","coordinates":[[-106.52728,37.7481],[-106.52625,37.74701]]},"properties":{"huc8":"13010001","huc8Name":"Rio Grande Headwaters","historic":"rioGrande","current":"introduced","recovery":"recoveryWatch","lineageKey":"rioGrande","lineageLabel":"Rio Grande lineage","basin":"Rio Grande Headwaters","note":"Generalized Rio Grande cutthroat drainage context","state":"CO","confidence":"HUC8 drainage context / generalized","geometryStatus":"Named NHD stream intersecting assigned HUC8","troutSource":"HUC8 lineage assignment v1 / review needed","sourceName":"Embargo Creek","name":"Embargo Creek","source_id":"160787308","length_km":0.169,"FType":460,"FCode":46006,"atlas_class":"streamriver","water_id":"co_13010001_riogrande_embargo_creek_001","occurrence_id":"co_13010001_riogrande_embargo_creek_001","occurrence_number":"001","display_name":"Embargo Creek","mapped_name":"Embargo Creek","source_name":"Embargo Creek","disambiguator":"Rio Grande cutthroat historic context · HUC8 13010001 · occurrence 001","atlas_layer":"curated_named_water_occurrence","object_role":"interactive_named_water","lineage":"rioGrande","historic_label":"Rio Grande cutthroat historic context","current_label":"Rio Grande cutthroat historic context","recovery_label":"Recovery watch / review area","confidence_public":"Generalized public map / needs expert review","confidence_internal":"Occurrence-cluster preview; 102 source segments","geometry_status_public":"Generalized named-water occurrence","geometry_status_internal":"Grouped by display name, HUC8, lineage, and spatial cluster","geometry_source_public":"Grouped public hydrography segments","geometry_source_internal":"Colorado full interpreted natural stream context — occurrence v2 preview","trout_source_public":"Compiled public recovery and lineage context; expert review recommended","trout_source_internal":"HUC8 lineage assignment v1 / review needed","public_notes":"Embargo Creek is shown as a generalized public-map named-water occurrence for Rio Grande cutthroat historic context. This object is separated from other same-named waters using HUC8, lineage, and local spatial clustering. Linework is grouped from public hydrography and should be treated as interpretive watershed context, not a precise biological boundary.","internal_notes":"Preview occurrence co_13010001_riogrande_embargo_creek_001; 102 segments; 29.8 km"}},{"type":"Feature","geometry":{"type":"LineString","coordinates":[[-106.51671,37.72358],[-106.51606,37.72207]]},"properties":{"huc8":"13010001","huc8Name":"Rio Grande Headwaters","historic":"rioGrande","current":"introduced","recovery":"recoveryWatch","lineageKey":"rioGrande","lineageLabel":"Rio Grande lineage","basin":"Rio Grande Headwaters","note":"Generalized Rio Grande cutthroat drainage context","state":"CO","confidence":"HUC8 drainage context / generalized","geometryStatus":"Named NHD stream intersecting assigned HUC8","troutSource":"HUC8 lineage assignment v1 / review needed","sourceName":"Embargo Creek","name":"Embargo Creek","source_id":"160788315","length_km":0.194,"FType":460,"FCode":46006,"atlas_class":"streamriver","water_id":"co_13010001_riogrande_embargo_creek_001","occurrence_id":"co_13010001_riogrande_embargo_creek_001","occurrence_number":"001","display_name":"Embargo Creek","mapped_name":"Embargo Creek","source_name":"Embargo Creek","disambiguator":"Rio Grande cutthroat historic context · HUC8 13010001 · occurrence 001","atlas_layer":"curated_named_water_occurrence","object_role":"interactive_named_water","lineage":"rioGrande","historic_label":"Rio Grande cutthroat historic context","current_label":"Rio Grande cutthroat historic context","recovery_label":"Recovery watch / review area","confidence_public":"Generalized public map / needs expert review","confidence_internal":"Occurrence-cluster preview; 102 source segments","geometry_status_public":"Generalized named-water occurrence","geometry_status_internal":"Grouped by display name, HUC8, lineage, and spatial cluster","geometry_source_public":"Grouped public hydrography segments","geometry_source_internal":"Colorado full interpreted natural stream context — occurrence v2 preview","trout_source_public":"Compiled public recovery and lineage context; expert review recommended","trout_source_internal":"HUC8 lineage assignment v1 / review needed","public_notes":"Embargo Creek is shown as a generalized public-map named-water occurrence for Rio Grande cutthroat historic context. This object is separated from other same-named waters using HUC8, lineage, and local spatial clustering. Linework is grouped from public hydrography and should be treated as interpretive watershed context, not a precise biological boundary.","internal_notes":"Preview occurrence co_13010001_riogrande_embargo_creek_001; 102 segments; 29.8 km"}},{"type":"Feature","geometry":{"type":"LineString","coordinates":[[-106.51934,37.73065],[-106.51939,37.72888]]},"properties":{"huc8":"13010001","huc8Name":"Rio Grande Headwaters","historic":"rioGrande","current":"introduced","recovery":"recoveryWatch","lineageKey":"rioGrande","lineageLabel":"Rio Grande lineage","basin":"Rio Grande Headwaters","note":"Generalized Rio Grande cutthroat drainage context","state":"CO","confidence":"HUC8 drainage context / generalized","geometryStatus":"Named NHD stream intersecting assigned HUC8","troutSource":"HUC8 lineage assignment v1 / review needed","sourceName":"Embargo Creek","name":"Embargo Creek","source_id":"160788437","length_km":0.211,"FType":460,"FCode":46006,"atlas_class":"streamriver","water_id":"co_13010001_riogrande_embargo_creek_001","occurrence_id":"co_13010001_riogrande_embargo_creek_001","occurrence_number":"001","display_name":"Embargo Creek","mapped_name":"Embargo Creek","source_name":"Embargo Creek","disambiguator":"Rio Grande cutthroat historic context · HUC8 13010001 · occurrence 001","atlas_layer":"curated_named_water_occurrence","object_role":"interactive_named_water","lineage":"rioGrande","historic_label":"Rio Grande cutthroat historic context","current_label":"Rio Grande cutthroat historic context","recovery_label":"Recovery watch / review area","confidence_public":"Generalized public map / needs expert review","confidence_internal":"Occurrence-cluster preview; 102 source segments","geometry_status_public":"Generalized named-water occurrence","geometry_status_internal":"Grouped by display name, HUC8, lineage, and spatial cluster","geometry_source_public":"Grouped public hydrography segments","geometry_source_internal":"Colorado full interpreted natural stream context — occurrence v2 preview","trout_source_public":"Compiled public recovery and lineage context; expert review recommended","trout_source_internal":"HUC8 lineage assignment v1 / review needed","public_notes":"Embargo Creek is shown as a generalized public-map named-water occurrence for Rio Grande cutthroat historic context. This object is separated from other same-named waters using HUC8, lineage, and local spatial clustering. Linework is grouped from public hydrography and should be treated as interpretive watershed context, not a precise biological boundary.","internal_notes":"Preview occurrence co_13010001_riogrande_embargo_creek_001; 102 segments; 29.8 km"}},{"type":"Feature","geometry":{"type":"LineString","coordinates":[[-106.533,37.75211],[-106.53141,37.75084],[-106.53011,37.74851]]},"properties":{"huc8":"13010001","huc8Name":"Rio Grande Headwaters","historic":"rioGrande","current":"introduced","recovery":"recoveryWatch","lineageKey":"rioGrande","lineageLabel":"Rio Grande lineage","basin":"Rio Grande Headwaters","note":"Generalized Rio Grande cutthroat drainage context","state":"CO","confidence":"HUC8 drainage context / generalized","geometryStatus":"Named NHD stream intersecting assigned HUC8","troutSource":"HUC8 lineage assignment v1 / review needed","sourceName":"Embargo Creek","name":"Embargo Creek","source_id":"136350207","length_km":0.526,"FType":460,"FCode":46006,"atlas_class":"streamriver","water_id":"co_13010001_riogrande_embargo_creek_001","occurrence_id":"co_13010001_riogrande_embargo_creek_001","occurrence_number":"001","display_name":"Embargo Creek","mapped_name":"Embargo Creek","source_name":"Embargo Creek","disambiguator":"Rio Grande cutthroat historic context · HUC8 13010001 · occurrence 001","atlas_layer":"curated_named_water_occurrence","object_role":"interactive_named_water","lineage":"rioGrande","historic_label":"Rio Grande cutthroat historic context","current_label":"Rio Grande cutthroat historic context","recovery_label":"Recovery watch / review area","confidence_public":"Generalized public map / needs expert review","confidence_internal":"Occurrence-cluster preview; 102 source segments","geometry_status_public":"Generalized named-water occurrence","geometry_status_internal":"Grouped by display name, HUC8, lineage, and spatial cluster","geometry_source_public":"Grouped public hydrography segments","geometry_source_internal":"Colorado full interpreted natural stream context — occurrence v2 preview","trout_source_public":"Compiled public recovery and lineage context; expert review recommended","trout_source_internal":"HUC8 lineage assignment v1 / review needed","public_notes":"Embargo Creek is shown as a generalized public-map named-water occurrence for Rio Grande cutthroat historic context. This object is separated from other same-named waters using HUC8, lineage, and local spatial clustering. Linework is grouped from public hydrography and should be treated as interpretive watershed context, not a precise biological boundary.","internal_notes":"Preview occurrence co_13010001_riogrande_embargo_creek_001; 102 segments; 29.8 km"}},{"type":"Feature","geometry":{"type":"LineString","coordinates":[[-106.52507,37.7442],[-106.52449,37.74243]]},"properties":{"huc8":"13010001","huc8Name":"Rio Grande Headwaters","historic":"rioGrande","current":"introduced","recovery":"recoveryWatch","lineageKey":"rioGrande","lineageLabel":"Rio Grande lineage","basin":"Rio Grande Headwaters","note":"Generalized Rio Grande cutthroat drainage context","state":"CO","confidence":"HUC8 drainage context / generalized","geometryStatus":"Named NHD stream intersecting assigned HUC8","troutSource":"HUC8 lineage assignment v1 / review needed","sourceName":"Embargo Creek","name":"Embargo Creek","source_id":"136352275","length_km":0.229,"FType":460,"FCode":46006,"atlas_class":"streamriver","water_id":"co_13010001_riogrande_embargo_creek_001","occurrence_id":"co_13010001_riogrande_embargo_creek_001","occurrence_number":"001","display_name":"Embargo Creek","mapped_name":"Embargo Creek","source_name":"Embargo Creek","disambiguator":"Rio Grande cutthroat historic context · HUC8 13010001 · occurrence 001","atlas_layer":"curated_named_water_occurrence","object_role":"interactive_named_water","lineage":"rioGrande","historic_label":"Rio Grande cutthroat historic context","current_label":"Rio Grande cutthroat historic context","recovery_label":"Recovery watch / review area","confidence_public":"Generalized public map / needs expert review","confidence_internal":"Occurrence-cluster preview; 102 source segments","geometry_status_public":"Generalized named-water occurrence","geometry_status_internal":"Grouped by display name, HUC8, lineage, and spatial cluster","geometry_source_public":"Grouped public hydrography segments","geometry_source_internal":"Colorado full interpreted natural stream context — occurrence v2 preview","trout_source_public":"Compiled public recovery and lineage context; expert review recommended","trout_source_internal":"HUC8 lineage assignment v1 / review needed","public_notes":"Embargo Creek is shown as a generalized public-map named-water occurrence for Rio Grande cutthroat historic context. This object is separated from other same-named waters using HUC8, lineage, and local spatial clustering. Linework is grouped from public hydrography and should be treated as interpretive watershed context, not a precise biological boundary.","internal_notes":"Preview occurrence co_13010001_riogrande_embargo_creek_001; 102 segments; 29.8 km"}},{"type":"Feature","geometry":{"type":"LineString","coordinates":[[-106.50573,37.70402],[-106.5048,37.70256],[-106.50482,37.70051],[-106.50275,37.69713],[-106.50278,37.69197]]},"properties":{"huc8":"13010001","huc8Name":"Rio Grande Headwaters","historic":"rioGrande","current":"introduced","recovery":"recoveryWatch","lineageKey":"rioGrande","lineageLabel":"Rio Grande lineage","basin":"Rio Grande Headwaters","note":"Generalized Rio Grande cutthroat drainage context","state":"CO","confidence":"HUC8 drainage context / generalized","geometryStatus":"Named NHD stream intersecting assigned HUC8","troutSource":"HUC8 lineage assignment v1 / review needed","sourceName":"Embargo Creek","name":"Embargo Creek","source_id":"136352290","length_km":1.42979271,"FType":460,"FCode":46006,"atlas_class":"streamriver","water_id":"co_13010001_riogrande_embargo_creek_001","occurrence_id":"co_13010001_riogrande_embargo_creek_001","occurrence_number":"001","display_name":"Embargo Creek","mapped_name":"Embargo Creek","source_name":"Embargo Creek","disambiguator":"Rio Grande cutthroat historic context · HUC8 13010001 · occurrence 001","atlas_layer":"curated_named_water_occurrence","object_role":"interactive_named_water","lineage":"rioGrande","historic_label":"Rio Grande cutthroat historic context","current_label":"Rio Grande cutthroat historic context","recovery_label":"Recovery watch / review area","confidence_public":"Generalized public map / needs expert review","confidence_internal":"Occurrence-cluster preview; 102 source segments","geometry_status_public":"Generalized named-water occurrence","geometry_status_internal":"Grouped by display name, HUC8, lineage, and spatial cluster","geometry_source_public":"Grouped public hydrography segments","geometry_source_internal":"Colorado full interpreted natural stream context — occurrence v2 preview","trout_source_public":"Compiled public recovery and lineage context; expert review recommended","trout_source_internal":"HUC8 lineage assignment v1 / review needed","public_notes":"Embargo Creek is shown as a generalized public-map named-water occurrence for Rio Grande cutthroat historic context. This object is separated from other same-named waters using HUC8, lineage, and local spatial clustering. Linework is grouped from public hydrography and should be treated as interpretive watershed context, not a precise biological boundary.","internal_notes":"Preview occurrence co_13010001_riogrande_embargo_creek_001; 102 segments; 29.8 km"}},{"type":"Feature","geometry":{"type":"LineString","coordinates":[[-106.52058,37.73304],[-106.51995,37.73091],[-106.51934,37.73065]]},"properties":{"huc8":"13010001","huc8Name":"Rio Grande Headwaters","historic":"rioGrande","current":"introduced","recovery":"recoveryWatch","lineageKey":"rioGrande","lineageLabel":"Rio Grande lineage","basin":"Rio Grande Headwaters","note":"Generalized Rio Grande cutthroat drainage context","state":"CO","confidence":"HUC8 drainage context / generalized","geometryStatus":"Named NHD stream intersecting assigned HUC8","troutSource":"HUC8 lineage assignment v1 / review needed","sourceName":"Embargo Creek","name":"Embargo Creek","source_id":"160788747","length_km":0.317,"FType":460,"FCode":46006,"atlas_class":"streamriver","water_id":"co_13010001_riogrande_embargo_creek_001","occurrence_id":"co_13010001_riogrande_embargo_creek_001","occurrence_number":"001","display_name":"Embargo Creek","mapped_name":"Embargo Creek","source_name":"Embargo Creek","disambiguator":"Rio Grande cutthroat historic context · HUC8 13010001 · occurrence 001","atlas_layer":"curated_named_water_occurrence","object_role":"interactive_named_water","lineage":"rioGrande","historic_label":"Rio Grande cutthroat historic context","current_label":"Rio Grande cutthroat historic context","recovery_label":"Recovery watch / review area","confidence_public":"Generalized public map / needs expert review","confidence_internal":"Occurrence-cluster preview; 102 source segments","geometry_status_public":"Generalized named-water occurrence","geometry_status_internal":"Grouped by display name, HUC8, lineage, and spatial cluster","geometry_source_public":"Grouped public hydrography segments","geometry_source_internal":"Colorado full interpreted natural stream context — occurrence v2 preview","trout_source_public":"Compiled public recovery and lineage context; expert review recommended","trout_source_internal":"HUC8 lineage assignment v1 / review needed","public_notes":"Embargo Creek is shown as a generalized public-map named-water occurrence for Rio Grande cutthroat historic context. This object is separated from other same-named waters using HUC8, lineage, and local spatial clustering. Linework is grouped from public hydrography and should be treated as interpretive watershed context, not a precise biological boundary.","internal_notes":"Preview occurrence co_13010001_riogrande_embargo_creek_001; 102 segments; 29.8 km"}},{"type":"Feature","geometry":{"type":"LineString","coordinates":[[-106.5152,37.71972],[-106.5147,37.71809]]},"properties":{"huc8":"13010001","huc8Name":"Rio Grande Headwaters","historic":"rioGrande","current":"introduced","recovery":"recoveryWatch","lineageKey":"rioGrande","lineageLabel":"Rio Grande lineage","basin":"Rio Grande Headwaters","note":"Generalized Rio Grande cutthroat drainage context","state":"CO","confidence":"HUC8 drainage context / generalized","geometryStatus":"Named NHD stream intersecting assigned HUC8","troutSource":"HUC8 lineage assignment v1 / review needed","sourceName":"Embargo Creek","name":"Embargo Creek","source_id":"160783577","length_km":0.215,"FType":460,"FCode":46006,"atlas_class":"streamriver","water_id":"co_13010001_riogrande_embargo_creek_001","occurrence_id":"co_13010001_riogrande_embargo_creek_001","occurrence_number":"001","display_name":"Embargo Creek","mapped_name":"Embargo Creek","source_name":"Embargo Creek","disambiguator":"Rio Grande cutthroat historic context · HUC8 13010001 · occurrence 001","atlas_layer":"curated_named_water_occurrence","object_role":"interactive_named_water","lineage":"rioGrande","historic_label":"Rio Grande cutthroat historic context","current_label":"Rio Grande cutthroat historic context","recovery_label":"Recovery watch / review area","confidence_public":"Generalized public map / needs expert review","confidence_internal":"Occurrence-cluster preview; 102 source segments","geometry_status_public":"Generalized named-water occurrence","geometry_status_internal":"Grouped by display name, HUC8, lineage, and spatial cluster","geometry_source_public":"Grouped public hydrography segments","geometry_source_internal":"Colorado full interpreted natural stream context — occurrence v2 preview","trout_source_public":"Compiled public recovery and lineage context; expert review recommended","trout_source_internal":"HUC8 lineage assignment v1 / review needed","public_notes":"Embargo Creek is shown as a generalized public-map named-water occurrence for Rio Grande cutthroat historic context. This object is separated from other same-named waters using HUC8, lineage, and local spatial clustering. Linework is grouped from public hydrography and should be treated as interpretive watershed context, not a precise biological boundary.","internal_notes":"Preview occurrence co_13010001_riogrande_embargo_creek_001; 102 segments; 29.8 km"}},{"type":"Feature","geometry":{"type":"LineString","coordinates":[[-106.52593,37.74451],[-106.52507,37.7442]]},"properties":{"huc8":"13010001","huc8Name":"Rio Grande Headwaters","historic":"rioGrande","current":"introduced","recovery":"recoveryWatch","lineageKey":"rioGrande","lineageLabel":"Rio Grande lineage","basin":"Rio Grande Headwaters","note":"Generalized Rio Grande cutthroat drainage context","state":"CO","confidence":"HUC8 drainage context / generalized","geometryStatus":"Named NHD stream intersecting assigned HUC8","troutSource":"HUC8 lineage assignment v1 / review needed","sourceName":"Embargo Creek","name":"Embargo Creek","source_id":"136352274","length_km":0.12,"FType":460,"FCode":46006,"atlas_class":"streamriver","water_id":"co_13010001_riogrande_embargo_creek_001","occurrence_id":"co_13010001_riogrande_embargo_creek_001","occurrence_number":"001","display_name":"Embargo Creek","mapped_name":"Embargo Creek","source_name":"Embargo Creek","disambiguator":"Rio Grande cutthroat historic context · HUC8 13010001 · occurrence 001","atlas_layer":"curated_named_water_occurrence","object_role":"interactive_named_water","lineage":"rioGrande","historic_label":"Rio Grande cutthroat historic context","current_label":"Rio Grande cutthroat historic context","recovery_label":"Recovery watch / review area","confidence_public":"Generalized public map / needs expert review","confidence_internal":"Occurrence-cluster preview; 102 source segments","geometry_status_public":"Generalized named-water occurrence","geometry_status_internal":"Grouped by display name, HUC8, lineage, and spatial cluster","geometry_source_public":"Grouped public hydrography segments","geometry_source_internal":"Colorado full interpreted natural stream context — occurrence v2 preview","trout_source_public":"Compiled public recovery and lineage context; expert review recommended","trout_source_internal":"HUC8 lineage assignment v1 / review needed","public_notes":"Embargo Creek is shown as a generalized public-map named-water occurrence for Rio Grande cutthroat historic context. This object is separated from other same-named waters using HUC8, lineage, and local spatial clustering. Linework is grouped from public hydrography and should be treated as interpretive watershed context, not a precise biological boundary.","internal_notes":"Preview occurrence co_13010001_riogrande_embargo_creek_001; 102 segments; 29.8 km"}},{"type":"Feature","geometry":{"type":"LineString","coordinates":[[-106.5077,37.70783],[-106.50728,37.7073]]},"properties":{"huc8":"13010001","huc8Name":"Rio Grande Headwaters","historic":"rioGrande","current":"introduced","recovery":"recoveryWatch","lineageKey":"rioGrande","lineageLabel":"Rio Grande lineage","basin":"Rio Grande Headwaters","note":"Generalized Rio Grande cutthroat drainage context","state":"CO","confidence":"HUC8 drainage context / generalized","geometryStatus":"Named NHD stream intersecting assigned HUC8","troutSource":"HUC8 lineage assignment v1 / review needed","sourceName":"Embargo Creek","name":"Embargo Creek","source_id":"136352287","length_km":0.074,"FType":460,"FCode":46006,"atlas_class":"streamriver","water_id":"co_13010001_riogrande_embargo_creek_001","occurrence_id":"co_13010001_riogrande_embargo_creek_001","occurrence_number":"001","display_name":"Embargo Creek","mapped_name":"Embargo Creek","source_name":"Embargo Creek","disambiguator":"Rio Grande cutthroat historic context · HUC8 13010001 · occurrence 001","atlas_layer":"curated_named_water_occurrence","object_role":"interactive_named_water","lineage":"rioGrande","historic_label":"Rio Grande cutthroat historic context","current_label":"Rio Grande cutthroat historic context","recovery_label":"Recovery watch / review area","confidence_public":"Generalized public map / needs expert review","confidence_internal":"Occurrence-cluster preview; 102 source segments","geometry_status_public":"Generalized named-water occurrence","geometry_status_internal":"Grouped by display name, HUC8, lineage, and spatial cluster","geometry_source_public":"Grouped public hydrography segments","geometry_source_internal":"Colorado full interpreted natural stream context — occurrence v2 preview","trout_source_public":"Compiled public recovery and lineage context; expert review recommended","trout_source_internal":"HUC8 lineage assignment v1 / review needed","public_notes":"Embargo Creek is shown as a generalized public-map named-water occurrence for Rio Grande cutthroat historic context. This object is separated from other same-named waters using HUC8, lineage, and local spatial clustering. Linework is grouped from public hydrography and should be treated as interpretive watershed context, not a precise biological boundary.","internal_notes":"Preview occurrence co_13010001_riogrande_embargo_creek_001; 102 segments; 29.8 km"}},{"type":"Feature","geometry":{"type":"LineString","coordinates":[[-106.52374,37.74001],[-106.52398,37.73862],[-106.52333,37.7384]]},"properties":{"huc8":"13010001","huc8Name":"Rio Grande Headwaters","historic":"rioGrande","current":"introduced","recovery":"recoveryWatch","lineageKey":"rioGrande","lineageLabel":"Rio Grande lineage","basin":"Rio Grande Headwaters","note":"Generalized Rio Grande cutthroat drainage context","state":"CO","confidence":"HUC8 drainage context / generalized","geometryStatus":"Named NHD stream intersecting assigned HUC8","troutSource":"HUC8 lineage assignment v1 / review needed","sourceName":"Embargo Creek","name":"Embargo Creek","source_id":"160788661","length_km":0.251,"FType":460,"FCode":46006,"atlas_class":"streamriver","water_id":"co_13010001_riogrande_embargo_creek_001","occurrence_id":"co_13010001_riogrande_embargo_creek_001","occurrence_number":"001","display_name":"Embargo Creek","mapped_name":"Embargo Creek","source_name":"Embargo Creek","disambiguator":"Rio Grande cutthroat historic context · HUC8 13010001 · occurrence 001","atlas_layer":"curated_named_water_occurrence","object_role":"interactive_named_water","lineage":"rioGrande","historic_label":"Rio Grande cutthroat historic context","current_label":"Rio Grande cutthroat historic context","recovery_label":"Recovery watch / review area","confidence_public":"Generalized public map / needs expert review","confidence_internal":"Occurrence-cluster preview; 102 source segments","geometry_status_public":"Generalized named-water occurrence","geometry_status_internal":"Grouped by display name, HUC8, lineage, and spatial cluster","geometry_source_public":"Grouped public hydrography segments","geometry_source_internal":"Colorado full interpreted natural stream context — occurrence v2 preview","trout_source_public":"Compiled public recovery and lineage context; expert review recommended","trout_source_internal":"HUC8 lineage assignment v1 / review needed","public_notes":"Embargo Creek is shown as a generalized public-map named-water occurrence for Rio Grande cutthroat historic context. This object is separated from other same-named waters using HUC8, lineage, and local spatial clustering. Linework is grouped from public hydrography and should be treated as interpretive watershed context, not a precise biological boundary.","internal_notes":"Preview occurrence co_13010001_riogrande_embargo_creek_001; 102 segments; 29.8 km"}},{"type":"Feature","geometry":{"type":"LineString","coordinates":[[-106.50584,37.70412],[-106.50573,37.70402]]},"properties":{"huc8":"13010001","huc8Name":"Rio Grande Headwaters","historic":"rioGrande","current":"introduced","recovery":"recoveryWatch","lineageKey":"rioGrande","lineageLabel":"Rio Grande lineage","basin":"Rio Grande Headwaters","note":"Generalized Rio Grande cutthroat drainage context","state":"CO","confidence":"HUC8 drainage context / generalized","geometryStatus":"Named NHD stream intersecting assigned HUC8","troutSource":"HUC8 lineage assignment v1 / review needed","sourceName":"Embargo Creek","name":"Embargo Creek","source_id":"136352289","length_km":0.016,"FType":460,"FCode":46006,"atlas_class":"streamriver","water_id":"co_13010001_riogrande_embargo_creek_001","occurrence_id":"co_13010001_riogrande_embargo_creek_001","occurrence_number":"001","display_name":"Embargo Creek","mapped_name":"Embargo Creek","source_name":"Embargo Creek","disambiguator":"Rio Grande cutthroat historic context · HUC8 13010001 · occurrence 001","atlas_layer":"curated_named_water_occurrence","object_role":"interactive_named_water","lineage":"rioGrande","historic_label":"Rio Grande cutthroat historic context","current_label":"Rio Grande cutthroat historic context","recovery_label":"Recovery watch / review area","confidence_public":"Generalized public map / needs expert review","confidence_internal":"Occurrence-cluster preview; 102 source segments","geometry_status_public":"Generalized named-water occurrence","geometry_status_internal":"Grouped by display name, HUC8, lineage, and spatial cluster","geometry_source_public":"Grouped public hydrography segments","geometry_source_internal":"Colorado full interpreted natural stream context — occurrence v2 preview","trout_source_public":"Compiled public recovery and lineage context; expert review recommended","trout_source_internal":"HUC8 lineage assignment v1 / review needed","public_notes":"Embargo Creek is shown as a generalized public-map named-water occurrence for Rio Grande cutthroat historic context. This object is separated from other same-named waters using HUC8, lineage, and local spatial clustering. Linework is grouped from public hydrography and should be treated as interpretive watershed context, not a precise biological boundary.","internal_notes":"Preview occurrence co_13010001_riogrande_embargo_creek_001; 102 segments; 29.8 km"}},{"type":"Feature","geometry":{"type":"LineString","coordinates":[[-106.52425,37.74193],[-106.52439,37.74184]]},"properties":{"huc8":"13010001","huc8Name":"Rio Grande Headwaters","historic":"rioGrande","current":"introduced","recovery":"recoveryWatch","lineageKey":"rioGrande","lineageLabel":"Rio Grande lineage","basin":"Rio Grande Headwaters","note":"Generalized Rio Grande cutthroat drainage context","state":"CO","confidence":"HUC8 drainage context / generalized","geometryStatus":"Named NHD stream intersecting assigned HUC8","troutSource":"HUC8 lineage assignment v1 / review needed","sourceName":"Embargo Creek","name":"Embargo Creek","source_id":"160788286","length_km":0.016,"FType":460,"FCode":46006,"atlas_class":"streamriver","water_id":"co_13010001_riogrande_embargo_creek_001","occurrence_id":"co_13010001_riogrande_embargo_creek_001","occurrence_number":"001","display_name":"Embargo Creek","mapped_name":"Embargo Creek","source_name":"Embargo Creek","disambiguator":"Rio Grande cutthroat historic context · HUC8 13010001 · occurrence 001","atlas_layer":"curated_named_water_occurrence","object_role":"interactive_named_water","lineage":"rioGrande","historic_label":"Rio Grande cutthroat historic context","current_label":"Rio Grande cutthroat historic context","recovery_label":"Recovery watch / review area","confidence_public":"Generalized public map / needs expert review","confidence_internal":"Occurrence-cluster preview; 102 source segments","geometry_status_public":"Generalized named-water occurrence","geometry_status_internal":"Grouped by display name, HUC8, lineage, and spatial cluster","geometry_source_public":"Grouped public hydrography segments","geometry_source_internal":"Colorado full interpreted natural stream context — occurrence v2 preview","trout_source_public":"Compiled public recovery and lineage context; expert review recommended","trout_source_internal":"HUC8 lineage assignment v1 / review needed","public_notes":"Embargo Creek is shown as a generalized public-map named-water occurrence for Rio Grande cutthroat historic context. This object is separated from other same-named waters using HUC8, lineage, and local spatial clustering. Linework is grouped from public hydrography and should be treated as interpretive watershed context, not a precise biological boundary.","internal_notes":"Preview occurrence co_13010001_riogrande_embargo_creek_001; 102 segments; 29.8 km"}},{"type":"Feature","geometry":{"type":"LineString","coordinates":[[-106.52841,37.74861],[-106.52728,37.7481]]},"properties":{"huc8":"13010001","huc8Name":"Rio Grande Headwaters","historic":"rioGrande","current":"introduced","recovery":"recoveryWatch","lineageKey":"rioGrande","lineageLabel":"Rio Grande lineage","basin":"Rio Grande Headwaters","note":"Generalized Rio Grande cutthroat drainage context","state":"CO","confidence":"HUC8 drainage context / generalized","geometryStatus":"Named NHD stream intersecting assigned HUC8","troutSource":"HUC8 lineage assignment v1 / review needed","sourceName":"Embargo Creek","name":"Embargo Creek","source_id":"136350182","length_km":0.141,"FType":460,"FCode":46006,"atlas_class":"streamriver","water_id":"co_13010001_riogrande_embargo_creek_001","occurrence_id":"co_13010001_riogrande_embargo_creek_001","occurrence_number":"001","display_name":"Embargo Creek","mapped_name":"Embargo Creek","source_name":"Embargo Creek","disambiguator":"Rio Grande cutthroat historic context · HUC8 13010001 · occurrence 001","atlas_layer":"curated_named_water_occurrence","object_role":"interactive_named_water","lineage":"rioGrande","historic_label":"Rio Grande cutthroat historic context","current_label":"Rio Grande cutthroat historic context","recovery_label":"Recovery watch / review area","confidence_public":"Generalized public map / needs expert review","confidence_internal":"Occurrence-cluster preview; 102 source segments","geometry_status_public":"Generalized named-water occurrence","geometry_status_internal":"Grouped by display name, HUC8, lineage, and spatial cluster","geometry_source_public":"Grouped public hydrography segments","geometry_source_internal":"Colorado full interpreted natural stream context — occurrence v2 preview","trout_source_public":"Compiled public recovery and lineage context; expert review recommended","trout_source_internal":"HUC8 lineage assignment v1 / review needed","public_notes":"Embargo Creek is shown as a generalized public-map named-water occurrence for Rio Grande cutthroat historic context. This object is separated from other same-named waters using HUC8, lineage, and local spatial clustering. Linework is grouped from public hydrography and should be treated as interpretive watershed context, not a precise biological boundary.","internal_notes":"Preview occurrence co_13010001_riogrande_embargo_creek_001; 102 segments; 29.8 km"}},{"type":"Feature","geometry":{"type":"LineString","coordinates":[[-106.51267,37.71366],[-106.51059,37.71241],[-106.50878,37.70934]]},"properties":{"huc8":"13010001","huc8Name":"Rio Grande Headwaters","historic":"rioGrande","current":"introduced","recovery":"recoveryWatch","lineageKey":"rioGrande","lineageLabel":"Rio Grande lineage","basin":"Rio Grande Headwaters","note":"Generalized Rio Grande cutthroat drainage context","state":"CO","confidence":"HUC8 drainage context / generalized","geometryStatus":"Named NHD stream intersecting assigned HUC8","troutSource":"HUC8 lineage assignment v1 / review needed","sourceName":"Embargo Creek","name":"Embargo Creek","source_id":"160788898","length_km":0.619,"FType":460,"FCode":46006,"atlas_class":"streamriver","water_id":"co_13010001_riogrande_embargo_creek_001","occurrence_id":"co_13010001_riogrande_embargo_creek_001","occurrence_number":"001","display_name":"Embargo Creek","mapped_name":"Embargo Creek","source_name":"Embargo Creek","disambiguator":"Rio Grande cutthroat historic context · HUC8 13010001 · occurrence 001","atlas_layer":"curated_named_water_occurrence","object_role":"interactive_named_water","lineage":"rioGrande","historic_label":"Rio Grande cutthroat historic context","current_label":"Rio Grande cutthroat historic context","recovery_label":"Recovery watch / review area","confidence_public":"Generalized public map / needs expert review","confidence_internal":"Occurrence-cluster preview; 102 source segments","geometry_status_public":"Generalized named-water occurrence","geometry_status_internal":"Grouped by display name, HUC8, lineage, and spatial cluster","geometry_source_public":"Grouped public hydrography segments","geometry_source_internal":"Colorado full interpreted natural stream context — occurrence v2 preview","trout_source_public":"Compiled public recovery and lineage context; expert review recommended","trout_source_internal":"HUC8 lineage assignment v1 / review needed","public_notes":"Embargo Creek is shown as a generalized public-map named-water occurrence for Rio Grande cutthroat historic context. This object is separated from other same-named waters using HUC8, lineage, and local spatial clustering. Linework is grouped from public hydrography and should be treated as interpretive watershed context, not a precise biological boundary.","internal_notes":"Preview occurrence co_13010001_riogrande_embargo_creek_001; 102 segments; 29.8 km"}},{"type":"Feature","geometry":{"type":"LineString","coordinates":[[-106.52439,37.74184],[-106.52391,37.74027]]},"properties":{"huc8":"13010001","huc8Name":"Rio Grande Headwaters","historic":"rioGrande","current":"introduced","recovery":"recoveryWatch","lineageKey":"rioGrande","lineageLabel":"Rio Grande lineage","basin":"Rio Grande Headwaters","note":"Generalized Rio Grande cutthroat drainage context","state":"CO","confidence":"HUC8 drainage context / generalized","geometryStatus":"Named NHD stream intersecting assigned HUC8","troutSource":"HUC8 lineage assignment v1 / review needed","sourceName":"Embargo Creek","name":"Embargo Creek","source_id":"136352277","length_km":0.193,"FType":460,"FCode":46006,"atlas_class":"streamriver","water_id":"co_13010001_riogrande_embargo_creek_001","occurrence_id":"co_13010001_riogrande_embargo_creek_001","occurrence_number":"001","display_name":"Embargo Creek","mapped_name":"Embargo Creek","source_name":"Embargo Creek","disambiguator":"Rio Grande cutthroat historic context · HUC8 13010001 · occurrence 001","atlas_layer":"curated_named_water_occurrence","object_role":"interactive_named_water","lineage":"rioGrande","historic_label":"Rio Grande cutthroat historic context","current_label":"Rio Grande cutthroat historic context","recovery_label":"Recovery watch / review area","confidence_public":"Generalized public map / needs expert review","confidence_internal":"Occurrence-cluster preview; 102 source segments","geometry_status_public":"Generalized named-water occurrence","geometry_status_internal":"Grouped by display name, HUC8, lineage, and spatial cluster","geometry_source_public":"Grouped public hydrography segments","geometry_source_internal":"Colorado full interpreted natural stream context — occurrence v2 preview","trout_source_public":"Compiled public recovery and lineage context; expert review recommended","trout_source_internal":"HUC8 lineage assignment v1 / review needed","public_notes":"Embargo Creek is shown as a generalized public-map named-water occurrence for Rio Grande cutthroat historic context. This object is separated from other same-named waters using HUC8, lineage, and local spatial clustering. Linework is grouped from public hydrography and should be treated as interpretive watershed context, not a precise biological boundary.","internal_notes":"Preview occurrence co_13010001_riogrande_embargo_creek_001; 102 segments; 29.8 km"}},{"type":"Feature","geometry":{"type":"LineString","coordinates":[[-106.52576,37.7457],[-106.52553,37.74477],[-106.52593,37.74451]]},"properties":{"huc8":"13010001","huc8Name":"Rio Grande Headwaters","historic":"rioGrande","current":"introduced","recovery":"recoveryWatch","lineageKey":"rioGrande","lineageLabel":"Rio Grande lineage","basin":"Rio Grande Headwaters","note":"Generalized Rio Grande cutthroat drainage context","state":"CO","confidence":"HUC8 drainage context / generalized","geometryStatus":"Named NHD stream intersecting assigned HUC8","troutSource":"HUC8 lineage assignment v1 / review needed","sourceName":"Embargo Creek","name":"Embargo Creek","source_id":"160788282","length_km":0.154,"FType":460,"FCode":46006,"atlas_class":"streamriver","water_id":"co_13010001_riogrande_embargo_creek_001","occurrence_id":"co_13010001_riogrande_embargo_creek_001","occurrence_number":"001","display_name":"Embargo Creek","mapped_name":"Embargo Creek","source_name":"Embargo Creek","disambiguator":"Rio Grande cutthroat historic context · HUC8 13010001 · occurrence 001","atlas_layer":"curated_named_water_occurrence","object_role":"interactive_named_water","lineage":"rioGrande","historic_label":"Rio Grande cutthroat historic context","current_label":"Rio Grande cutthroat historic context","recovery_label":"Recovery watch / review area","confidence_public":"Generalized public map / needs expert review","confidence_internal":"Occurrence-cluster preview; 102 source segments","geometry_status_public":"Generalized named-water occurrence","geometry_status_internal":"Grouped by display name, HUC8, lineage, and spatial cluster","geometry_source_public":"Grouped public hydrography segments","geometry_source_internal":"Colorado full interpreted natural stream context — occurrence v2 preview","trout_source_public":"Compiled public recovery and lineage context; expert review recommended","trout_source_internal":"HUC8 lineage assignment v1 / review needed","public_notes":"Embargo Creek is shown as a generalized public-map named-water occurrence for Rio Grande cutthroat historic context. This object is separated from other same-named waters using HUC8, lineage, and local spatial clustering. Linework is grouped from public hydrography and should be treated as interpretive watershed context, not a precise biological boundary.","internal_notes":"Preview occurrence co_13010001_riogrande_embargo_creek_001; 102 segments; 29.8 km"}},{"type":"Feature","geometry":{"type":"LineString","coordinates":[[-106.52625,37.74701],[-106.52659,37.74676],[-106.52576,37.7457]]},"properties":{"huc8":"13010001","huc8Name":"Rio Grande Headwaters","historic":"rioGrande","current":"introduced","recovery":"recoveryWatch","lineageKey":"rioGrande","lineageLabel":"Rio Grande lineage","basin":"Rio Grande Headwaters","note":"Generalized Rio Grande cutthroat drainage context","state":"CO","confidence":"HUC8 drainage context / generalized","geometryStatus":"Named NHD stream intersecting assigned HUC8","troutSource":"HUC8 lineage assignment v1 / review needed","sourceName":"Embargo Creek","name":"Embargo Creek","source_id":"160787309","length_km":0.203,"FType":460,"FCode":46006,"atlas_class":"streamriver","water_id":"co_13010001_riogrande_embargo_creek_001","occurrence_id":"co_13010001_riogrande_embargo_creek_001","occurrence_number":"001","display_name":"Embargo Creek","mapped_name":"Embargo Creek","source_name":"Embargo Creek","disambiguator":"Rio Grande cutthroat historic context · HUC8 13010001 · occurrence 001","atlas_layer":"curated_named_water_occurrence","object_role":"interactive_named_water","lineage":"rioGrande","historic_label":"Rio Grande cutthroat historic context","current_label":"Rio Grande cutthroat historic context","recovery_label":"Recovery watch / review area","confidence_public":"Generalized public map / needs expert review","confidence_internal":"Occurrence-cluster preview; 102 source segments","geometry_status_public":"Generalized named-water occurrence","geometry_status_internal":"Grouped by display name, HUC8, lineage, and spatial cluster","geometry_source_public":"Grouped public hydrography segments","geometry_source_internal":"Colorado full interpreted natural stream context — occurrence v2 preview","trout_source_public":"Compiled public recovery and lineage context; expert review recommended","trout_source_internal":"HUC8 lineage assignment v1 / review needed","public_notes":"Embargo Creek is shown as a generalized public-map named-water occurrence for Rio Grande cutthroat historic context. This object is separated from other same-named waters using HUC8, lineage, and local spatial clustering. Linework is grouped from public hydrography and should be treated as interpretive watershed context, not a precise biological boundary.","internal_notes":"Preview occurrence co_13010001_riogrande_embargo_creek_001; 102 segments; 29.8 km"}},{"type":"Feature","geometry":{"type":"LineString","coordinates":[[-106.51724,37.72527],[-106.51671,37.72358]]},"properties":{"huc8":"13010001","huc8Name":"Rio Grande Headwaters","historic":"rioGrande","current":"introduced","recovery":"recoveryWatch","lineageKey":"rioGrande","lineageLabel":"Rio Grande lineage","basin":"Rio Grande Headwaters","note":"Generalized Rio Grande cutthroat drainage context","state":"CO","confidence":"HUC8 drainage context / generalized","geometryStatus":"Named NHD stream intersecting assigned HUC8","troutSource":"HUC8 lineage assignment v1 / review needed","sourceName":"Embargo Creek","name":"Embargo Creek","source_id":"160788314","length_km":0.233,"FType":460,"FCode":46006,"atlas_class":"streamriver","water_id":"co_13010001_riogrande_embargo_creek_001","occurrence_id":"co_13010001_riogrande_embargo_creek_001","occurrence_number":"001","display_name":"Embargo Creek","mapped_name":"Embargo Creek","source_name":"Embargo Creek","disambiguator":"Rio Grande cutthroat historic context · HUC8 13010001 · occurrence 001","atlas_layer":"curated_named_water_occurrence","object_role":"interactive_named_water","lineage":"rioGrande","historic_label":"Rio Grande cutthroat historic context","current_label":"Rio Grande cutthroat historic context","recovery_label":"Recovery watch / review area","confidence_public":"Generalized public map / needs expert review","confidence_internal":"Occurrence-cluster preview; 102 source segments","geometry_status_public":"Generalized named-water occurrence","geometry_status_internal":"Grouped by display name, HUC8, lineage, and spatial cluster","geometry_source_public":"Grouped public hydrography segments","geometry_source_internal":"Colorado full interpreted natural stream context — occurrence v2 preview","trout_source_public":"Compiled public recovery and lineage context; expert review recommended","trout_source_internal":"HUC8 lineage assignment v1 / review needed","public_notes":"Embargo Creek is shown as a generalized public-map named-water occurrence for Rio Grande cutthroat historic context. This object is separated from other same-named waters using HUC8, lineage, and local spatial clustering. Linework is grouped from public hydrography and should be treated as interpretive watershed context, not a precise biological boundary.","internal_notes":"Preview occurrence co_13010001_riogrande_embargo_creek_001; 102 segments; 29.8 km"}},{"type":"Feature","geometry":{"type":"LineString","coordinates":[[-106.52333,37.7384],[-106.52316,37.73782]]},"properties":{"huc8":"13010001","huc8Name":"Rio Grande Headwaters","historic":"rioGrande","current":"introduced","recovery":"recoveryWatch","lineageKey":"rioGrande","lineageLabel":"Rio Grande lineage","basin":"Rio Grande Headwaters","note":"Generalized Rio Grande cutthroat drainage context","state":"CO","confidence":"HUC8 drainage context / generalized","geometryStatus":"Named NHD stream intersecting assigned HUC8","troutSource":"HUC8 lineage assignment v1 / review needed","sourceName":"Embargo Creek","name":"Embargo Creek","source_id":"160788662","length_km":0.068,"FType":460,"FCode":46006,"atlas_class":"streamriver","water_id":"co_13010001_riogrande_embargo_creek_001","occurrence_id":"co_13010001_riogrande_embargo_creek_001","occurrence_number":"001","display_name":"Embargo Creek","mapped_name":"Embargo Creek","source_name":"Embargo Creek","disambiguator":"Rio Grande cutthroat historic context · HUC8 13010001 · occurrence 001","atlas_layer":"curated_named_water_occurrence","object_role":"interactive_named_water","lineage":"rioGrande","historic_label":"Rio Grande cutthroat historic context","current_label":"Rio Grande cutthroat historic context","recovery_label":"Recovery watch / review area","confidence_public":"Generalized public map / needs expert review","confidence_internal":"Occurrence-cluster preview; 102 source segments","geometry_status_public":"Generalized named-water occurrence","geometry_status_internal":"Grouped by display name, HUC8, lineage, and spatial cluster","geometry_source_public":"Grouped public hydrography segments","geometry_source_internal":"Colorado full interpreted natural stream context — occurrence v2 preview","trout_source_public":"Compiled public recovery and lineage context; expert review recommended","trout_source_internal":"HUC8 lineage assignment v1 / review needed","public_notes":"Embargo Creek is shown as a generalized public-map named-water occurrence for Rio Grande cutthroat historic context. This object is separated from other same-named waters using HUC8, lineage, and local spatial clustering. Linework is grouped from public hydrography and should be treated as interpretive watershed context, not a precise biological boundary.","internal_notes":"Preview occurrence co_13010001_riogrande_embargo_creek_001; 102 segments; 29.8 km"}},{"type":"Feature","geometry":{"type":"LineString","coordinates":[[-106.52293,37.73563],[-106.52151,37.73461]]},"properties":{"huc8":"13010001","huc8Name":"Rio Grande Headwaters","historic":"rioGrande","current":"introduced","recovery":"recoveryWatch","lineageKey":"rioGrande","lineageLabel":"Rio Grande lineage","basin":"Rio Grande Headwaters","note":"Generalized Rio Grande cutthroat drainage context","state":"CO","confidence":"HUC8 drainage context / generalized","geometryStatus":"Named NHD stream intersecting assigned HUC8","troutSource":"HUC8 lineage assignment v1 / review needed","sourceName":"Embargo Creek","name":"Embargo Creek","source_id":"136352280","length_km":0.217,"FType":460,"FCode":46006,"atlas_class":"streamriver","water_id":"co_13010001_riogrande_embargo_creek_001","occurrence_id":"co_13010001_riogrande_embargo_creek_001","occurrence_number":"001","display_name":"Embargo Creek","mapped_name":"Embargo Creek","source_name":"Embargo Creek","disambiguator":"Rio Grande cutthroat historic context · HUC8 13010001 · occurrence 001","atlas_layer":"curated_named_water_occurrence","object_role":"interactive_named_water","lineage":"rioGrande","historic_label":"Rio Grande cutthroat historic context","current_label":"Rio Grande cutthroat historic context","recovery_label":"Recovery watch / review area","confidence_public":"Generalized public map / needs expert review","confidence_internal":"Occurrence-cluster preview; 102 source segments","geometry_status_public":"Generalized named-water occurrence","geometry_status_internal":"Grouped by display name, HUC8, lineage, and spatial cluster","geometry_source_public":"Grouped public hydrography segments","geometry_source_internal":"Colorado full interpreted natural stream context — occurrence v2 preview","trout_source_public":"Compiled public recovery and lineage context; expert review recommended","trout_source_internal":"HUC8 lineage assignment v1 / review needed","public_notes":"Embargo Creek is shown as a generalized public-map named-water occurrence for Rio Grande cutthroat historic context. This object is separated from other same-named waters using HUC8, lineage, and local spatial clustering. Linework is grouped from public hydrography and should be treated as interpretive watershed context, not a precise biological boundary.","internal_notes":"Preview occurrence co_13010001_riogrande_embargo_creek_001; 102 segments; 29.8 km"}},{"type":"Feature","geometry":{"type":"LineString","coordinates":[[-106.5001,37.54368],[-106.49994,37.5439]]},"properties":{"huc8":"13010002","huc8Name":"Alamosa-Trinchera","historic":"rioGrande","current":"introduced","recovery":"recoveryWatch","lineageKey":"rioGrande","lineageLabel":"Rio Grande lineage","basin":"Alamosa-Trinchera","note":"Generalized Rio Grande cutthroat drainage context","state":"CO","confidence":"HUC8 drainage context / generalized","geometryStatus":"Named NHD stream intersecting assigned HUC8","troutSource":"HUC8 lineage assignment v1 / review needed","sourceName":"East Fork Pinos Creek","name":"East Fork Pinos Creek","source_id":"159330274","length_km":0.02909658,"FType":460,"FCode":46006,"atlas_class":"streamriver","water_id":"co_13010002_riogrande_east_fork_pinos_creek_001","occurrence_id":"co_13010002_riogrande_east_fork_pinos_creek_001","occurrence_number":"001","display_name":"East Fork Pinos Creek","mapped_name":"East Fork Pinos Creek","source_name":"East Fork Pinos Creek","disambiguator":"Rio Grande cutthroat historic context · HUC8 13010002 · occurrence 001","atlas_layer":"curated_named_water_occurrence","object_role":"interactive_named_water","lineage":"rioGrande","historic_label":"Rio Grande cutthroat historic context","current_label":"Rio Grande cutthroat historic context","recovery_label":"Recovery watch / review area","confidence_public":"Generalized public map / needs expert review","confidence_internal":"Occurrence-cluster preview; 81 source segments","geometry_status_public":"Generalized named-water occurrence","geometry_status_internal":"Grouped by display name, HUC8, lineage, and spatial cluster","geometry_source_public":"Grouped public hydrography segments","geometry_source_internal":"Colorado full interpreted natural stream context — occurrence v2 preview","trout_source_public":"Compiled public recovery and lineage context; expert review recommended","trout_source_internal":"HUC8 lineage assignment v1 / review needed","public_notes":"East Fork Pinos Creek is shown as a generalized public-map named-water occurrence for Rio Grande cutthroat historic context. This object is separated from other same-named waters using HUC8, lineage, and local spatial clustering. Linework is grouped from public hydrography and should be treated as interpretive watershed context, not a precise biological boundary.","internal_notes":"Preview occurrence co_13010002_riogrande_east_fork_pinos_creek_001; 81 segments; 14.7 km"}},{"type":"Feature","geometry":{"type":"LineString","coordinates":[[-106.51023,37.51568],[-106.5098,37.51736]]},"properties":{"huc8":"13010002","huc8Name":"Alamosa-Trinchera","historic":"rioGrande","current":"introduced","recovery":"recoveryWatch","lineageKey":"rioGrande","lineageLabel":"Rio Grande lineage","basin":"Alamosa-Trinchera","note":"Generalized Rio Grande cutthroat drainage context","state":"CO","confidence":"HUC8 drainage context / generalized","geometryStatus":"Named NHD stream intersecting assigned HUC8","troutSource":"HUC8 lineage assignment v1 / review needed","sourceName":"East Fork Pinos Creek","name":"East Fork Pinos Creek","source_id":"136492287","length_km":0.19847278,"FType":460,"FCode":46006,"atlas_class":"streamriver","water_id":"co_13010002_riogrande_east_fork_pinos_creek_001","occurrence_id":"co_13010002_riogrande_east_fork_pinos_creek_001","occurrence_number":"001","display_name":"East Fork Pinos Creek","mapped_name":"East Fork Pinos Creek","source_name":"East Fork Pinos Creek","disambiguator":"Rio Grande cutthroat historic context · HUC8 13010002 · occurrence 001","atlas_layer":"curated_named_water_occurrence","object_role":"interactive_named_water","lineage":"rioGrande","historic_label":"Rio Grande cutthroat historic context","current_label":"Rio Grande cutthroat historic context","recovery_label":"Recovery watch / review area","confidence_public":"Generalized public map / needs expert review","confidence_internal":"Occurrence-cluster preview; 81 source segments","geometry_status_public":"Generalized named-water occurrence","geometry_status_internal":"Grouped by display name, HUC8, lineage, and spatial cluster","geometry_source_public":"Grouped public hydrography segments","geometry_source_internal":"Colorado full interpreted natural stream context — occurrence v2 preview","trout_source_public":"Compiled public recovery and lineage context; expert review recommended","trout_source_internal":"HUC8 lineage assignment v1 / review needed","public_notes":"East Fork Pinos Creek is shown as a generalized public-map named-water occurrence for Rio Grande cutthroat historic context. This object is separated from other same-named waters using HUC8, lineage, and local spatial clustering. Linework is grouped from public hydrography and should be treated as interpretive watershed context, not a precise biological boundary.","internal_notes":"Preview occurrence co_13010002_riogrande_east_fork_pinos_creek_001; 81 segments; 14.7 km"}},{"type":"Feature","geometry":{"type":"LineString","coordinates":[[-106.5023,37.53876],[-106.50086,37.54047],[-106.50033,37.54212]]},"properties":{"huc8":"13010002","huc8Name":"Alamosa-Trinchera","historic":"rioGrande","current":"introduced","recovery":"recoveryWatch","lineageKey":"rioGrande","lineageLabel":"Rio Grande lineage","basin":"Alamosa-Trinchera","note":"Generalized Rio Grande cutthroat drainage context","state":"CO","confidence":"HUC8 drainage context / generalized","geometryStatus":"Named NHD stream intersecting assigned HUC8","troutSource":"HUC8 lineage assignment v1 / review needed","sourceName":"East Fork Pinos Creek","name":"East Fork Pinos Creek","source_id":"159330252","length_km":0.43713487,"FType":460,"FCode":46006,"atlas_class":"streamriver","water_id":"co_13010002_riogrande_east_fork_pinos_creek_001","occurrence_id":"co_13010002_riogrande_east_fork_pinos_creek_001","occurrence_number":"001","display_name":"East Fork Pinos Creek","mapped_name":"East Fork Pinos Creek","source_name":"East Fork Pinos Creek","disambiguator":"Rio Grande cutthroat historic context · HUC8 13010002 · occurrence 001","atlas_layer":"curated_named_water_occurrence","object_role":"interactive_named_water","lineage":"rioGrande","historic_label":"Rio Grande cutthroat historic context","current_label":"Rio Grande cutthroat historic context","recovery_label":"Recovery watch / review area","confidence_public":"Generalized public map / needs expert review","confidence_internal":"Occurrence-cluster preview; 81 source segments","geometry_status_public":"Generalized named-water occurrence","geometry_status_internal":"Grouped by display name, HUC8, lineage, and spatial cluster","geometry_source_public":"Grouped public hydrography segments","geometry_source_internal":"Colorado full interpreted natural stream context — occurrence v2 preview","trout_source_public":"Compiled public recovery and lineage context; expert review recommended","trout_source_internal":"HUC8 lineage assignment v1 / review needed","public_notes":"East Fork Pinos Creek is shown as a generalized public-map named-water occurrence for Rio Grande cutthroat historic context. This object is separated from other same-named waters using HUC8, lineage, and local spatial clustering. Linework is grouped from public hydrography and should be treated as interpretive watershed context, not a precise biological boundary.","internal_notes":"Preview occurrence co_13010002_riogrande_east_fork_pinos_creek_001; 81 segments; 14.7 km"}},{"type":"Feature","geometry":{"type":"LineString","coordinates":[[-106.51308,37.50077],[-106.5135,37.50284],[-106.51574,37.50495],[-106.5158,37.50613]]},"properties":{"huc8":"13010002","huc8Name":"Alamosa-Trinchera","historic":"rioGrande","current":"introduced","recovery":"recoveryWatch","lineageKey":"rioGrande","lineageLabel":"Rio Grande lineage","basin":"Alamosa-Trinchera","note":"Generalized Rio Grande cutthroat drainage context","state":"CO","confidence":"HUC8 drainage context / generalized","geometryStatus":"Named NHD stream intersecting assigned HUC8","troutSource":"HUC8 lineage assignment v1 / review needed","sourceName":"East Fork Pinos Creek","name":"East Fork Pinos Creek","source_id":"136492291","length_km":0.68688568,"FType":460,"FCode":46006,"atlas_class":"streamriver","water_id":"co_13010002_riogrande_east_fork_pinos_creek_001","occurrence_id":"co_13010002_riogrande_east_fork_pinos_creek_001","occurrence_number":"001","display_name":"East Fork Pinos Creek","mapped_name":"East Fork Pinos Creek","source_name":"East Fork Pinos Creek","disambiguator":"Rio Grande cutthroat historic context · HUC8 13010002 · occurrence 001","atlas_layer":"curated_named_water_occurrence","object_role":"interactive_named_water","lineage":"rioGrande","historic_label":"Rio Grande cutthroat historic context","current_label":"Rio Grande cutthroat historic context","recovery_label":"Recovery watch / review area","confidence_public":"Generalized public map / needs expert review","confidence_internal":"Occurrence-cluster preview; 81 source segments","geometry_status_public":"Generalized named-water occurrence","geometry_status_internal":"Grouped by display name, HUC8, lineage, and spatial cluster","geometry_source_public":"Grouped public hydrography segments","geometry_source_internal":"Colorado full interpreted natural stream context — occurrence v2 preview","trout_source_public":"Compiled public recovery and lineage context; expert review recommended","trout_source_internal":"HUC8 lineage assignment v1 / review needed","public_notes":"East Fork Pinos Creek is shown as a generalized public-map named-water occurrence for Rio Grande cutthroat historic context. This object is separated from other same-named waters using HUC8, lineage, and local spatial clustering. Linework is grouped from public hydrography and should be treated as interpretive watershed context, not a precise biological boundary.","internal_notes":"Preview occurrence co_13010002_riogrande_east_fork_pinos_creek_001; 81 segments; 14.7 km"}},{"type":"Feature","geometry":{"type":"LineString","coordinates":[[-106.5098,37.51736],[-106.50908,37.5237]]},"properties":{"huc8":"13010002","huc8Name":"Alamosa-Trinchera","historic":"rioGrande","current":"introduced","recovery":"recoveryWatch","lineageKey":"rioGrande","lineageLabel":"Rio Grande lineage","basin":"Alamosa-Trinchera","note":"Generalized Rio Grande cutthroat drainage context","state":"CO","confidence":"HUC8 drainage context / generalized","geometryStatus":"Named NHD stream intersecting assigned HUC8","troutSource":"HUC8 lineage assignment v1 / review needed","sourceName":"East Fork Pinos Creek","name":"East Fork Pinos Creek","source_id":"159330235","length_km":0.72626335,"FType":460,"FCode":46006,"atlas_class":"streamriver","water_id":"co_13010002_riogrande_east_fork_pinos_creek_001","occurrence_id":"co_13010002_riogrande_east_fork_pinos_creek_001","occurrence_number":"001","display_name":"East Fork Pinos Creek","mapped_name":"East Fork Pinos Creek","source_name":"East Fork Pinos Creek","disambiguator":"Rio Grande cutthroat historic context · HUC8 13010002 · occurrence 001","atlas_layer":"curated_named_water_occurrence","object_role":"interactive_named_water","lineage":"rioGrande","historic_label":"Rio Grande cutthroat historic context","current_label":"Rio Grande cutthroat historic context","recovery_label":"Recovery watch / review area","confidence_public":"Generalized public map / needs expert review","confidence_internal":"Occurrence-cluster preview; 81 source segments","geometry_status_public":"Generalized named-water occurrence","geometry_status_internal":"Grouped by display name, HUC8, lineage, and spatial cluster","geometry_source_public":"Grouped public hydrography segments","geometry_source_internal":"Colorado full interpreted natural stream context — occurrence v2 preview","trout_source_public":"Compiled public recovery and lineage context; expert review recommended","trout_source_internal":"HUC8 lineage assignment v1 / review needed","public_notes":"East Fork Pinos Creek is shown as a generalized public-map named-water occurrence for Rio Grande cutthroat historic context. This object is separated from other same-named waters using HUC8, lineage, and local spatial clustering. Linework is grouped from public hydrography and should be treated as interpretive watershed context, not a precise biological boundary.","internal_notes":"Preview occurrence co_13010002_riogrande_east_fork_pinos_creek_001; 81 segments; 14.7 km"}},{"type":"Feature","geometry":{"type":"LineString","coordinates":[[-106.50908,37.5237],[-106.50849,37.52742]]},"properties":{"huc8":"13010002","huc8Name":"Alamosa-Trinchera","historic":"rioGrande","current":"introduced","recovery":"recoveryWatch","lineageKey":"rioGrande","lineageLabel":"Rio Grande lineage","basin":"Alamosa-Trinchera","note":"Generalized Rio Grande cutthroat drainage context","state":"CO","confidence":"HUC8 drainage context / generalized","geometryStatus":"Named NHD stream intersecting assigned HUC8","troutSource":"HUC8 lineage assignment v1 / review needed","sourceName":"East Fork Pinos Creek","name":"East Fork Pinos Creek","source_id":"159330236","length_km":0.42423655,"FType":460,"FCode":46006,"atlas_class":"streamriver","water_id":"co_13010002_riogrande_east_fork_pinos_creek_001","occurrence_id":"co_13010002_riogrande_east_fork_pinos_creek_001","occurrence_number":"001","display_name":"East Fork Pinos Creek","mapped_name":"East Fork Pinos Creek","source_name":"East Fork Pinos Creek","disambiguator":"Rio Grande cutthroat historic context · HUC8 13010002 · occurrence 001","atlas_layer":"curated_named_water_occurrence","object_role":"interactive_named_water","lineage":"rioGrande","historic_label":"Rio Grande cutthroat historic context","current_label":"Rio Grande cutthroat historic context","recovery_label":"Recovery watch / review area","confidence_public":"Generalized public map / needs expert review","confidence_internal":"Occurrence-cluster preview; 81 source segments","geometry_status_public":"Generalized named-water occurrence","geometry_status_internal":"Grouped by display name, HUC8, lineage, and spatial cluster","geometry_source_public":"Grouped public hydrography segments","geometry_source_internal":"Colorado full interpreted natural stream context — occurrence v2 preview","trout_source_public":"Compiled public recovery and lineage context; expert review recommended","trout_source_internal":"HUC8 lineage assignment v1 / review needed","public_notes":"East Fork Pinos Creek is shown as a generalized public-map named-water occurrence for Rio Grande cutthroat historic context. This object is separated from other same-named waters using HUC8, lineage, and local spatial clustering. Linework is grouped from public hydrography and should be treated as interpretive watershed context, not a precise biological boundary.","internal_notes":"Preview occurrence co_13010002_riogrande_east_fork_pinos_creek_001; 81 segments; 14.7 km"}},{"type":"Feature","geometry":{"type":"LineString","coordinates":[[-106.50823,37.52811],[-106.50758,37.5309],[-106.50545,37.53414]]},"properties":{"huc8":"13010002","huc8Name":"Alamosa-Trinchera","historic":"rioGrande","current":"introduced","recovery":"recoveryWatch","lineageKey":"rioGrande","lineageLabel":"Rio Grande lineage","basin":"Alamosa-Trinchera","note":"Generalized Rio Grande cutthroat drainage context","state":"CO","confidence":"HUC8 drainage context / generalized","geometryStatus":"Named NHD stream intersecting assigned HUC8","troutSource":"HUC8 lineage assignment v1 / review needed","sourceName":"East Fork Pinos Creek","name":"East Fork Pinos Creek","source_id":"159330245","length_km":0.75138685,"FType":460,"FCode":46006,"atlas_class":"streamriver","water_id":"co_13010002_riogrande_east_fork_pinos_creek_001","occurrence_id":"co_13010002_riogrande_east_fork_pinos_creek_001","occurrence_number":"001","display_name":"East Fork Pinos Creek","mapped_name":"East Fork Pinos Creek","source_name":"East Fork Pinos Creek","disambiguator":"Rio Grande cutthroat historic context · HUC8 13010002 · occurrence 001","atlas_layer":"curated_named_water_occurrence","object_role":"interactive_named_water","lineage":"rioGrande","historic_label":"Rio Grande cutthroat historic context","current_label":"Rio Grande cutthroat historic context","recovery_label":"Recovery watch / review area","confidence_public":"Generalized public map / needs expert review","confidence_internal":"Occurrence-cluster preview; 81 source segments","geometry_status_public":"Generalized named-water occurrence","geometry_status_internal":"Grouped by display name, HUC8, lineage, and spatial cluster","geometry_source_public":"Grouped public hydrography segments","geometry_source_internal":"Colorado full interpreted natural stream context — occurrence v2 preview","trout_source_public":"Compiled public recovery and lineage context; expert review recommended","trout_source_internal":"HUC8 lineage assignment v1 / review needed","public_notes":"East Fork Pinos Creek is shown as a generalized public-map named-water occurrence for Rio Grande cutthroat historic context. This object is separated from other same-named waters using HUC8, lineage, and local spatial clustering. Linework is grouped from public hydrography and should be treated as interpretive watershed context, not a precise biological boundary.","internal_notes":"Preview occurrence co_13010002_riogrande_east_fork_pinos_creek_001; 81 segments; 14.7 km"}},{"type":"Feature","geometry":{"type":"LineString","coordinates":[[-106.51297,37.49987],[-106.51308,37.50077]]},"properties":{"huc8":"13010002","huc8Name":"Alamosa-Trinchera","historic":"rioGrande","current":"introduced","recovery":"recoveryWatch","lineageKey":"rioGrande","lineageLabel":"Rio Grande lineage","basin":"Alamosa-Trinchera","note":"Generalized Rio Grande cutthroat drainage context","state":"CO","confidence":"HUC8 drainage context / generalized","geometryStatus":"Named NHD stream intersecting assigned HUC8","troutSource":"HUC8 lineage assignment v1 / review needed","sourceName":"East Fork Pinos Creek","name":"East Fork Pinos Creek","source_id":"159332585","length_km":0.10221332,"FType":460,"FCode":46006,"atlas_class":"streamriver","water_id":"co_13010002_riogrande_east_fork_pinos_creek_001","occurrence_id":"co_13010002_riogrande_east_fork_pinos_creek_001","occurrence_number":"001","display_name":"East Fork Pinos Creek","mapped_name":"East Fork Pinos Creek","source_name":"East Fork Pinos Creek","disambiguator":"Rio Grande cutthroat historic context · HUC8 13010002 · occurrence 001","atlas_layer":"curated_named_water_occurrence","object_role":"interactive_named_water","lineage":"rioGrande","historic_label":"Rio Grande cutthroat historic context","current_label":"Rio Grande cutthroat historic context","recovery_label":"Recovery watch / review area","confidence_public":"Generalized public map / needs expert review","confidence_internal":"Occurrence-cluster preview; 81 source segments","geometry_status_public":"Generalized named-water occurrence","geometry_status_internal":"Grouped by display name, HUC8, lineage, and spatial cluster","geometry_source_public":"Grouped public hydrography segments","geometry_source_internal":"Colorado full interpreted natural stream context — occurrence v2 preview","trout_source_public":"Compiled public recovery and lineage context; expert review recommended","trout_source_internal":"HUC8 lineage assignment v1 / review needed","public_notes":"East Fork Pinos Creek is shown as a generalized public-map named-water occurrence for Rio Grande cutthroat historic context. This object is separated from other same-named waters using HUC8, lineage, and local spatial clustering. Linework is grouped from public hydrography and should be treated as interpretive watershed context, not a precise biological boundary.","internal_notes":"Preview occurrence co_13010002_riogrande_east_fork_pinos_creek_001; 81 segments; 14.7 km"}},{"type":"Feature","geometry":{"type":"LineString","coordinates":[[-106.50032,37.5424],[-106.50034,37.54294]]},"properties":{"huc8":"13010002","huc8Name":"Alamosa-Trinchera","historic":"rioGrande","current":"introduced","recovery":"recoveryWatch","lineageKey":"rioGrande","lineageLabel":"Rio Grande lineage","basin":"Alamosa-Trinchera","note":"Generalized Rio Grande cutthroat drainage context","state":"CO","confidence":"HUC8 drainage context / generalized","geometryStatus":"Named NHD stream intersecting assigned HUC8","troutSource":"HUC8 lineage assignment v1 / review needed","sourceName":"East Fork Pinos Creek","name":"East Fork Pinos Creek","source_id":"159330197","length_km":0.06285762,"FType":460,"FCode":46006,"atlas_class":"streamriver","water_id":"co_13010002_riogrande_east_fork_pinos_creek_001","occurrence_id":"co_13010002_riogrande_east_fork_pinos_creek_001","occurrence_number":"001","display_name":"East Fork Pinos Creek","mapped_name":"East Fork Pinos Creek","source_name":"East Fork Pinos Creek","disambiguator":"Rio Grande cutthroat historic context · HUC8 13010002 · occurrence 001","atlas_layer":"curated_named_water_occurrence","object_role":"interactive_named_water","lineage":"rioGrande","historic_label":"Rio Grande cutthroat historic context","current_label":"Rio Grande cutthroat historic context","recovery_label":"Recovery watch / review area","confidence_public":"Generalized public map / needs expert review","confidence_internal":"Occurrence-cluster preview; 81 source segments","geometry_status_public":"Generalized named-water occurrence","geometry_status_internal":"Grouped by display name, HUC8, lineage, and spatial cluster","geometry_source_public":"Grouped public hydrography segments","geometry_source_internal":"Colorado full interpreted natural stream context — occurrence v2 preview","trout_source_public":"Compiled public recovery and lineage context; expert review recommended","trout_source_internal":"HUC8 lineage assignment v1 / review needed","public_notes":"East Fork Pinos Creek is shown as a generalized public-map named-water occurrence for Rio Grande cutthroat historic context. This object is separated from other same-named waters using HUC8, lineage, and local spatial clustering. Linework is grouped from public hydrography and should be treated as interpretive watershed context, not a precise biological boundary.","internal_notes":"Preview occurrence co_13010002_riogrande_east_fork_pinos_creek_001; 81 segments; 14.7 km"}},{"type":"Feature","geometry":{"type":"LineString","coordinates":[[-106.50033,37.54212],[-106.50032,37.5424]]},"properties":{"huc8":"13010002","huc8Name":"Alamosa-Trinchera","historic":"rioGrande","current":"introduced","recovery":"recoveryWatch","lineageKey":"rioGrande","lineageLabel":"Rio Grande lineage","basin":"Alamosa-Trinchera","note":"Generalized Rio Grande cutthroat drainage context","state":"CO","confidence":"HUC8 drainage context / generalized","geometryStatus":"Named NHD stream intersecting assigned HUC8","troutSource":"HUC8 lineage assignment v1 / review needed","sourceName":"East Fork Pinos Creek","name":"East Fork Pinos Creek","source_id":"159330253","length_km":0.03097837,"FType":460,"FCode":46006,"atlas_class":"streamriver","water_id":"co_13010002_riogrande_east_fork_pinos_creek_001","occurrence_id":"co_13010002_riogrande_east_fork_pinos_creek_001","occurrence_number":"001","display_name":"East Fork Pinos Creek","mapped_name":"East Fork Pinos Creek","source_name":"East Fork Pinos Creek","disambiguator":"Rio Grande cutthroat historic context · HUC8 13010002 · occurrence 001","atlas_layer":"curated_named_water_occurrence","object_role":"interactive_named_water","lineage":"rioGrande","historic_label":"Rio Grande cutthroat historic context","current_label":"Rio Grande cutthroat historic context","recovery_label":"Recovery watch / review area","confidence_public":"Generalized public map / needs expert review","confidence_internal":"Occurrence-cluster preview; 81 source segments","geometry_status_public":"Generalized named-water occurrence","geometry_status_internal":"Grouped by display name, HUC8, lineage, and spatial cluster","geometry_source_public":"Grouped public hydrography segments","geometry_source_internal":"Colorado full interpreted natural stream context — occurrence v2 preview","trout_source_public":"Compiled public recovery and lineage context; expert review recommended","trout_source_internal":"HUC8 lineage assignment v1 / review needed","public_notes":"East Fork Pinos Creek is shown as a generalized public-map named-water occurrence for Rio Grande cutthroat historic context. This object is separated from other same-named waters using HUC8, lineage, and local spatial clustering. Linework is grouped from public hydrography and should be treated as interpretive watershed context, not a precise biological boundary.","internal_notes":"Preview occurrence co_13010002_riogrande_east_fork_pinos_creek_001; 81 segments; 14.7 km"}},{"type":"Feature","geometry":{"type":"LineString","coordinates":[[-106.50545,37.53414],[-106.5023,37.53876]]},"properties":{"huc8":"13010002","huc8Name":"Alamosa-Trinchera","historic":"rioGrande","current":"introduced","recovery":"recoveryWatch","lineageKey":"rioGrande","lineageLabel":"Rio Grande lineage","basin":"Alamosa-Trinchera","note":"Generalized Rio Grande cutthroat drainage context","state":"CO","confidence":"HUC8 drainage context / generalized","geometryStatus":"Named NHD stream intersecting assigned HUC8","troutSource":"HUC8 lineage assignment v1 / review needed","sourceName":"East Fork Pinos Creek","name":"East Fork Pinos Creek","source_id":"159330246","length_km":0.64103763,"FType":460,"FCode":46006,"atlas_class":"streamriver","water_id":"co_13010002_riogrande_east_fork_pinos_creek_001","occurrence_id":"co_13010002_riogrande_east_fork_pinos_creek_001","occurrence_number":"001","display_name":"East Fork Pinos Creek","mapped_name":"East Fork Pinos Creek","source_name":"East Fork Pinos Creek","disambiguator":"Rio Grande cutthroat historic context · HUC8 13010002 · occurrence 001","atlas_layer":"curated_named_water_occurrence","object_role":"interactive_named_water","lineage":"rioGrande","historic_label":"Rio Grande cutthroat historic context","current_label":"Rio Grande cutthroat historic context","recovery_label":"Recovery watch / review area","confidence_public":"Generalized public map / needs expert review","confidence_internal":"Occurrence-cluster preview; 81 source segments","geometry_status_public":"Generalized named-water occurrence","geometry_status_internal":"Grouped by display name, HUC8, lineage, and spatial cluster","geometry_source_public":"Grouped public hydrography segments","geometry_source_internal":"Colorado full interpreted natural stream context — occurrence v2 preview","trout_source_public":"Compiled public recovery and lineage context; expert review recommended","trout_source_internal":"HUC8 lineage assignment v1 / review needed","public_notes":"East Fork Pinos Creek is shown as a generalized public-map named-water occurrence for Rio Grande cutthroat historic context. This object is separated from other same-named waters using HUC8, lineage, and local spatial clustering. Linework is grouped from public hydrography and should be treated as interpretive watershed context, not a precise biological boundary.","internal_notes":"Preview occurrence co_13010002_riogrande_east_fork_pinos_creek_001; 81 segments; 14.7 km"}},{"type":"Feature","geometry":{"type":"LineString","coordinates":[[-106.50034,37.54294],[-106.50026,37.54331]]},"properties":{"huc8":"13010002","huc8Name":"Alamosa-Trinchera","historic":"rioGrande","current":"introduced","recovery":"recoveryWatch","lineageKey":"rioGrande","lineageLabel":"Rio Grande lineage","basin":"Alamosa-Trinchera","note":"Generalized Rio Grande cutthroat drainage context","state":"CO","confidence":"HUC8 drainage context / generalized","geometryStatus":"Named NHD stream intersecting assigned HUC8","troutSource":"HUC8 lineage assignment v1 / review needed","sourceName":"East Fork Pinos Creek","name":"East Fork Pinos Creek","source_id":"159330216","length_km":0.04368642,"FType":460,"FCode":46006,"atlas_class":"streamriver","water_id":"co_13010002_riogrande_east_fork_pinos_creek_001","occurrence_id":"co_13010002_riogrande_east_fork_pinos_creek_001","occurrence_number":"001","display_name":"East Fork Pinos Creek","mapped_name":"East Fork Pinos Creek","source_name":"East Fork Pinos Creek","disambiguator":"Rio Grande cutthroat historic context · HUC8 13010002 · occurrence 001","atlas_layer":"curated_named_water_occurrence","object_role":"interactive_named_water","lineage":"rioGrande","historic_label":"Rio Grande cutthroat historic context","current_label":"Rio Grande cutthroat historic context","recovery_label":"Recovery watch / review area","confidence_public":"Generalized public map / needs expert review","confidence_internal":"Occurrence-cluster preview; 81 source segments","geometry_status_public":"Generalized named-water occurrence","geometry_status_internal":"Grouped by display name, HUC8, lineage, and spatial cluster","geometry_source_public":"Grouped public hydrography segments","geometry_source_internal":"Colorado full interpreted natural stream context — occurrence v2 preview","trout_source_public":"Compiled public recovery and lineage context; expert review recommended","trout_source_internal":"HUC8 lineage assignment v1 / review needed","public_notes":"East Fork Pinos Creek is shown as a generalized public-map named-water occurrence for Rio Grande cutthroat historic context. This object is separated from other same-named waters using HUC8, lineage, and local spatial clustering. Linework is grouped from public hydrography and should be treated as interpretive watershed context, not a precise biological boundary.","internal_notes":"Preview occurrence co_13010002_riogrande_east_fork_pinos_creek_001; 81 segments; 14.7 km"}},{"type":"Feature","geometry":{"type":"LineString","coordinates":[[-106.51375,37.51069],[-106.51023,37.51568]]},"properties":{"huc8":"13010002","huc8Name":"Alamosa-Trinchera","historic":"rioGrande","current":"introduced","recovery":"recoveryWatch","lineageKey":"rioGrande","lineageLabel":"Rio Grande lineage","basin":"Alamosa-Trinchera","note":"Generalized Rio Grande cutthroat drainage context","state":"CO","confidence":"HUC8 drainage context / generalized","geometryStatus":"Named NHD stream intersecting assigned HUC8","troutSource":"HUC8 lineage assignment v1 / review needed","sourceName":"East Fork Pinos Creek","name":"East Fork Pinos Creek","source_id":"136492288","length_km":0.65175388,"FType":460,"FCode":46006,"atlas_class":"streamriver","water_id":"co_13010002_riogrande_east_fork_pinos_creek_001","occurrence_id":"co_13010002_riogrande_east_fork_pinos_creek_001","occurrence_number":"001","display_name":"East Fork Pinos Creek","mapped_name":"East Fork Pinos Creek","source_name":"East Fork Pinos Creek","disambiguator":"Rio Grande cutthroat historic context · HUC8 13010002 · occurrence 001","atlas_layer":"curated_named_water_occurrence","object_role":"interactive_named_water","lineage":"rioGrande","historic_label":"Rio Grande cutthroat historic context","current_label":"Rio Grande cutthroat historic context","recovery_label":"Recovery watch / review area","confidence_public":"Generalized public map / needs expert review","confidence_internal":"Occurrence-cluster preview; 81 source segments","geometry_status_public":"Generalized named-water occurrence","geometry_status_internal":"Grouped by display name, HUC8, lineage, and spatial cluster","geometry_source_public":"Grouped public hydrography segments","geometry_source_internal":"Colorado full interpreted natural stream context — occurrence v2 preview","trout_source_public":"Compiled public recovery and lineage context; expert review recommended","trout_source_internal":"HUC8 lineage assignment v1 / review needed","public_notes":"East Fork Pinos Creek is shown as a generalized public-map named-water occurrence for Rio Grande cutthroat historic context. This object is separated from other same-named waters using HUC8, lineage, and local spatial clustering. Linework is grouped from public hydrography and should be treated as interpretive watershed context, not a precise biological boundary.","internal_notes":"Preview occurrence co_13010002_riogrande_east_fork_pinos_creek_001; 81 segments; 14.7 km"}},{"type":"Feature","geometry":{"type":"LineString","coordinates":[[-106.50849,37.52742],[-106.50823,37.52811]]},"properties":{"huc8":"13010002","huc8Name":"Alamosa-Trinchera","historic":"rioGrande","current":"introduced","recovery":"recoveryWatch","lineageKey":"rioGrande","lineageLabel":"Rio Grande lineage","basin":"Alamosa-Trinchera","note":"Generalized Rio Grande cutthroat drainage context","state":"CO","confidence":"HUC8 drainage context / generalized","geometryStatus":"Named NHD stream intersecting assigned HUC8","troutSource":"HUC8 lineage assignment v1 / review needed","sourceName":"East Fork Pinos Creek","name":"East Fork Pinos Creek","source_id":"136492285","length_km":0.08347017,"FType":460,"FCode":46006,"atlas_class":"streamriver","water_id":"co_13010002_riogrande_east_fork_pinos_creek_001","occurrence_id":"co_13010002_riogrande_east_fork_pinos_creek_001","occurrence_number":"001","display_name":"East Fork Pinos Creek","mapped_name":"East Fork Pinos Creek","source_name":"East Fork Pinos Creek","disambiguator":"Rio Grande cutthroat historic context · HUC8 13010002 · occurrence 001","atlas_layer":"curated_named_water_occurrence","object_role":"interactive_named_water","lineage":"rioGrande","historic_label":"Rio Grande cutthroat historic context","current_label":"Rio Grande cutthroat historic context","recovery_label":"Recovery watch / review area","confidence_public":"Generalized public map / needs expert review","confidence_internal":"Occurrence-cluster preview; 81 source segments","geometry_status_public":"Generalized named-water occurrence","geometry_status_internal":"Grouped by display name, HUC8, lineage, and spatial cluster","geometry_source_public":"Grouped public hydrography segments","geometry_source_internal":"Colorado full interpreted natural stream context — occurrence v2 preview","trout_source_public":"Compiled public recovery and lineage context; expert review recommended","trout_source_internal":"HUC8 lineage assignment v1 / review needed","public_notes":"East Fork Pinos Creek is shown as a generalized public-map named-water occurrence for Rio Grande cutthroat historic context. This object is separated from other same-named waters using HUC8, lineage, and local spatial clustering. Linework is grouped from public hydrography and should be treated as interpretive watershed context, not a precise biological boundary.","internal_notes":"Preview occurrence co_13010002_riogrande_east_fork_pinos_creek_001; 81 segments; 14.7 km"}},{"type":"Feature","geometry":{"type":"LineString","coordinates":[[-106.51402,37.51016],[-106.51375,37.51069]]},"properties":{"huc8":"13010002","huc8Name":"Alamosa-Trinchera","historic":"rioGrande","current":"introduced","recovery":"recoveryWatch","lineageKey":"rioGrande","lineageLabel":"Rio Grande lineage","basin":"Alamosa-Trinchera","note":"Generalized Rio Grande cutthroat drainage context","state":"CO","confidence":"HUC8 drainage context / generalized","geometryStatus":"Named NHD stream intersecting assigned HUC8","troutSource":"HUC8 lineage assignment v1 / review needed","sourceName":"East Fork Pinos Creek","name":"East Fork Pinos Creek","source_id":"136492289","length_km":0.06454558,"FType":460,"FCode":46006,"atlas_class":"streamriver","water_id":"co_13010002_riogrande_east_fork_pinos_creek_001","occurrence_id":"co_13010002_riogrande_east_fork_pinos_creek_001","occurrence_number":"001","display_name":"East Fork Pinos Creek","mapped_name":"East Fork Pinos Creek","source_name":"East Fork Pinos Creek","disambiguator":"Rio Grande cutthroat historic context · HUC8 13010002 · occurrence 001","atlas_layer":"curated_named_water_occurrence","object_role":"interactive_named_water","lineage":"rioGrande","historic_label":"Rio Grande cutthroat historic context","current_label":"Rio Grande cutthroat historic context","recovery_label":"Recovery watch / review area","confidence_public":"Generalized public map / needs expert review","confidence_internal":"Occurrence-cluster preview; 81 source segments","geometry_status_public":"Generalized named-water occurrence","geometry_status_internal":"Grouped by display name, HUC8, lineage, and spatial cluster","geometry_source_public":"Grouped public hydrography segments","geometry_source_internal":"Colorado full interpreted natural stream context — occurrence v2 preview","trout_source_public":"Compiled public recovery and lineage context; expert review recommended","trout_source_internal":"HUC8 lineage assignment v1 / review needed","public_notes":"East Fork Pinos Creek is shown as a generalized public-map named-water occurrence for Rio Grande cutthroat historic context. This object is separated from other same-named waters using HUC8, lineage, and local spatial clustering. Linework is grouped from public hydrography and should be treated as interpretive watershed context, not a precise biological boundary.","internal_notes":"Preview occurrence co_13010002_riogrande_east_fork_pinos_creek_001; 81 segments; 14.7 km"}},{"type":"Feature","geometry":{"type":"LineString","coordinates":[[-106.50026,37.54331],[-106.5001,37.54368]]},"properties":{"huc8":"13010002","huc8Name":"Alamosa-Trinchera","historic":"rioGrande","current":"introduced","recovery":"recoveryWatch","lineageKey":"rioGrande","lineageLabel":"Rio Grande lineage","basin":"Alamosa-Trinchera","note":"Generalized Rio Grande cutthroat drainage context","state":"CO","confidence":"HUC8 drainage context / generalized","geometryStatus":"Named NHD stream intersecting assigned HUC8","troutSource":"HUC8 lineage assignment v1 / review needed","sourceName":"East Fork Pinos Creek","name":"East Fork Pinos Creek","source_id":"159330273","length_km":0.04569134,"FType":460,"FCode":46006,"atlas_class":"streamriver","water_id":"co_13010002_riogrande_east_fork_pinos_creek_001","occurrence_id":"co_13010002_riogrande_east_fork_pinos_creek_001","occurrence_number":"001","display_name":"East Fork Pinos Creek","mapped_name":"East Fork Pinos Creek","source_name":"East Fork Pinos Creek","disambiguator":"Rio Grande cutthroat historic context · HUC8 13010002 · occurrence 001","atlas_layer":"curated_named_water_occurrence","object_role":"interactive_named_water","lineage":"rioGrande","historic_label":"Rio Grande cutthroat historic context","current_label":"Rio Grande cutthroat historic context","recovery_label":"Recovery watch / review area","confidence_public":"Generalized public map / needs expert review","confidence_internal":"Occurrence-cluster preview; 81 source segments","geometry_status_public":"Generalized named-water occurrence","geometry_status_internal":"Grouped by display name, HUC8, lineage, and spatial cluster","geometry_source_public":"Grouped public hydrography segments","geometry_source_internal":"Colorado full interpreted natural stream context — occurrence v2 preview","trout_source_public":"Compiled public recovery and lineage context; expert review recommended","trout_source_internal":"HUC8 lineage assignment v1 / review needed","public_notes":"East Fork Pinos Creek is shown as a generalized public-map named-water occurrence for Rio Grande cutthroat historic context. This object is separated from other same-named waters using HUC8, lineage, and local spatial clustering. Linework is grouped from public hydrography and should be treated as interpretive watershed context, not a precise biological boundary.","internal_notes":"Preview occurrence co_13010002_riogrande_east_fork_pinos_creek_001; 81 segments; 14.7 km"}},{"type":"Feature","geometry":{"type":"LineString","coordinates":[[-106.5158,37.50613],[-106.51529,37.50867],[-106.51402,37.51016]]},"properties":{"huc8":"13010002","huc8Name":"Alamosa-Trinchera","historic":"rioGrande","current":"introduced","recovery":"recoveryWatch","lineageKey":"rioGrande","lineageLabel":"Rio Grande lineage","basin":"Alamosa-Trinchera","note":"Generalized Rio Grande cutthroat drainage context","state":"CO","confidence":"HUC8 drainage context / generalized","geometryStatus":"Named NHD stream intersecting assigned HUC8","troutSource":"HUC8 lineage assignment v1 / review needed","sourceName":"East Fork Pinos Creek","name":"East Fork Pinos Creek","source_id":"136492290","length_km":0.49711127,"FType":460,"FCode":46006,"atlas_class":"streamriver","water_id":"co_13010002_riogrande_east_fork_pinos_creek_001","occurrence_id":"co_13010002_riogrande_east_fork_pinos_creek_001","occurrence_number":"001","display_name":"East Fork Pinos Creek","mapped_name":"East Fork Pinos Creek","source_name":"East Fork Pinos Creek","disambiguator":"Rio Grande cutthroat historic context · HUC8 13010002 · occurrence 001","atlas_layer":"curated_named_water_occurrence","object_role":"interactive_named_water","lineage":"rioGrande","historic_label":"Rio Grande cutthroat historic context","current_label":"Rio Grande cutthroat historic context","recovery_label":"Recovery watch / review area","confidence_public":"Generalized public map / needs expert review","confidence_internal":"Occurrence-cluster preview; 81 source segments","geometry_status_public":"Generalized named-water occurrence","geometry_status_internal":"Grouped by display name, HUC8, lineage, and spatial cluster","geometry_source_public":"Grouped public hydrography segments","geometry_source_internal":"Colorado full interpreted natural stream context — occurrence v2 preview","trout_source_public":"Compiled public recovery and lineage context; expert review recommended","trout_source_internal":"HUC8 lineage assignment v1 / review needed","public_notes":"East Fork Pinos Creek is shown as a generalized public-map named-water occurrence for Rio Grande cutthroat historic context. This object is separated from other same-named waters using HUC8, lineage, and local spatial clustering. Linework is grouped from public hydrography and should be treated as interpretive watershed context, not a precise biological boundary.","internal_notes":"Preview occurrence co_13010002_riogrande_east_fork_pinos_creek_001; 81 segments; 14.7 km"}},{"type":"Feature","geometry":{"type":"LineString","coordinates":[[-106.54066,37.50756],[-106.54061,37.50835],[-106.53877,37.51084]]},"properties":{"huc8":"13010002","huc8Name":"Alamosa-Trinchera","historic":"rioGrande","current":"introduced","recovery":"recoveryWatch","lineageKey":"rioGrande","lineageLabel":"Rio Grande lineage","basin":"Alamosa-Trinchera","note":"Generalized Rio Grande cutthroat drainage context","state":"CO","confidence":"HUC8 drainage context / generalized","geometryStatus":"Named NHD stream intersecting assigned HUC8","troutSource":"HUC8 lineage assignment v1 / review needed","sourceName":"West Fork Pinos Creek","name":"West Fork Pinos Creek","source_id":"136490961","length_km":0.41801615,"FType":460,"FCode":46006,"atlas_class":"streamriver","water_id":"co_13010002_riogrande_west_fork_pinos_creek_001","occurrence_id":"co_13010002_riogrande_west_fork_pinos_creek_001","occurrence_number":"001","display_name":"West Fork Pinos Creek","mapped_name":"West Fork Pinos Creek","source_name":"West Fork Pinos Creek","disambiguator":"Rio Grande cutthroat historic context · HUC8 13010002 · occurrence 001","atlas_layer":"curated_named_water_occurrence","object_role":"interactive_named_water","lineage":"rioGrande","historic_label":"Rio Grande cutthroat historic context","current_label":"Rio Grande cutthroat historic context","recovery_label":"Recovery watch / review area","confidence_public":"Generalized public map / needs expert review","confidence_internal":"Occurrence-cluster preview; 81 source segments","geometry_status_public":"Generalized named-water occurrence","geometry_status_internal":"Grouped by display name, HUC8, lineage, and spatial cluster","geometry_source_public":"Grouped public hydrography segments","geometry_source_internal":"Colorado full interpreted natural stream context — occurrence v2 preview","trout_source_public":"Compiled public recovery and lineage context; expert review recommended","trout_source_internal":"HUC8 lineage assignment v1 / review needed","public_notes":"West Fork Pinos Creek is shown as a generalized public-map named-water occurrence for Rio Grande cutthroat historic context. This object is separated from other same-named waters using HUC8, lineage, and local spatial clustering. Linework is grouped from public hydrography and should be treated as interpretive watershed context, not a precise biological boundary.","internal_notes":"Preview occurrence co_13010002_riogrande_west_fork_pinos_creek_001; 81 segments; 16.7 km"}},{"type":"Feature","geometry":{"type":"LineString","coordinates":[[-106.534,37.51766],[-106.53278,37.5205],[-106.53175,37.52126]]},"properties":{"huc8":"13010002","huc8Name":"Alamosa-Trinchera","historic":"rioGrande","current":"introduced","recovery":"recoveryWatch","lineageKey":"rioGrande","lineageLabel":"Rio Grande lineage","basin":"Alamosa-Trinchera","note":"Generalized Rio Grande cutthroat drainage context","state":"CO","confidence":"HUC8 drainage context / generalized","geometryStatus":"Named NHD stream intersecting assigned HUC8","troutSource":"HUC8 lineage assignment v1 / review needed","sourceName":"West Fork Pinos Creek","name":"West Fork Pinos Creek","source_id":"136490941","length_km":0.4699117,"FType":460,"FCode":46006,"atlas_class":"streamriver","water_id":"co_13010002_riogrande_west_fork_pinos_creek_001","occurrence_id":"co_13010002_riogrande_west_fork_pinos_creek_001","occurrence_number":"001","display_name":"West Fork Pinos Creek","mapped_name":"West Fork Pinos Creek","source_name":"West Fork Pinos Creek","disambiguator":"Rio Grande cutthroat historic context · HUC8 13010002 · occurrence 001","atlas_layer":"curated_named_water_occurrence","object_role":"interactive_named_water","lineage":"rioGrande","historic_label":"Rio Grande cutthroat historic context","current_label":"Rio Grande cutthroat historic context","recovery_label":"Recovery watch / review area","confidence_public":"Generalized public map / needs expert review","confidence_internal":"Occurrence-cluster preview; 81 source segments","geometry_status_public":"Generalized named-water occurrence","geometry_status_internal":"Grouped by display name, HUC8, lineage, and spatial cluster","geometry_source_public":"Grouped public hydrography segments","geometry_source_internal":"Colorado full interpreted natural stream context — occurrence v2 preview","trout_source_public":"Compiled public recovery and lineage context; expert review recommended","trout_source_internal":"HUC8 lineage assignment v1 / review needed","public_notes":"West Fork Pinos Creek is shown as a generalized public-map named-water occurrence for Rio Grande cutthroat historic context. This object is separated from other same-named waters using HUC8, lineage, and local spatial clustering. Linework is grouped from public hydrography and should be treated as interpretive watershed context, not a precise biological boundary.","internal_notes":"Preview occurrence co_13010002_riogrande_west_fork_pinos_creek_001; 81 segments; 16.7 km"}},{"type":"Feature","geometry":{"type":"LineString","coordinates":[[-106.53877,37.51084],[-106.53845,37.51123]]},"properties":{"huc8":"13010002","huc8Name":"Alamosa-Trinchera","historic":"rioGrande","current":"introduced","recovery":"recoveryWatch","lineageKey":"rioGrande","lineageLabel":"Rio Grande lineage","basin":"Alamosa-Trinchera","note":"Generalized Rio Grande cutthroat drainage context","state":"CO","confidence":"HUC8 drainage context / generalized","geometryStatus":"Named NHD stream intersecting assigned HUC8","troutSource":"HUC8 lineage assignment v1 / review needed","sourceName":"West Fork Pinos Creek","name":"West Fork Pinos Creek","source_id":"136490956","length_km":0.05361301,"FType":460,"FCode":46006,"atlas_class":"streamriver","water_id":"co_13010002_riogrande_west_fork_pinos_creek_001","occurrence_id":"co_13010002_riogrande_west_fork_pinos_creek_001","occurrence_number":"001","display_name":"West Fork Pinos Creek","mapped_name":"West Fork Pinos Creek","source_name":"West Fork Pinos Creek","disambiguator":"Rio Grande cutthroat historic context · HUC8 13010002 · occurrence 001","atlas_layer":"curated_named_water_occurrence","object_role":"interactive_named_water","lineage":"rioGrande","historic_label":"Rio Grande cutthroat historic context","current_label":"Rio Grande cutthroat historic context","recovery_label":"Recovery watch / review area","confidence_public":"Generalized public map / needs expert review","confidence_internal":"Occurrence-cluster preview; 81 source segments","geometry_status_public":"Generalized named-water occurrence","geometry_status_internal":"Grouped by display name, HUC8, lineage, and spatial cluster","geometry_source_public":"Grouped public hydrography segments","geometry_source_internal":"Colorado full interpreted natural stream context — occurrence v2 preview","trout_source_public":"Compiled public recovery and lineage context; expert review recommended","trout_source_internal":"HUC8 lineage assignment v1 / review needed","public_notes":"West Fork Pinos Creek is shown as a generalized public-map named-water occurrence for Rio Grande cutthroat historic context. This object is separated from other same-named waters using HUC8, lineage, and local spatial clustering. Linework is grouped from public hydrography and should be treated as interpretive watershed context, not a precise biological boundary.","internal_notes":"Preview occurrence co_13010002_riogrande_west_fork_pinos_creek_001; 81 segments; 16.7 km"}},{"type":"Feature","geometry":{"type":"LineString","coordinates":[[-106.54913,37.5017],[-106.54888,37.50179]]},"properties":{"huc8":"13010002","huc8Name":"Alamosa-Trinchera","historic":"rioGrande","current":"introduced","recovery":"recoveryWatch","lineageKey":"rioGrande","lineageLabel":"Rio Grande lineage","basin":"Alamosa-Trinchera","note":"Generalized Rio Grande cutthroat drainage context","state":"CO","confidence":"HUC8 drainage context / generalized","geometryStatus":"Named NHD stream intersecting assigned HUC8","troutSource":"HUC8 lineage assignment v1 / review needed","sourceName":"West Fork Pinos Creek","name":"West Fork Pinos Creek","source_id":"136490982","length_km":0.02474518,"FType":460,"FCode":46006,"atlas_class":"streamriver","water_id":"co_13010002_riogrande_west_fork_pinos_creek_001","occurrence_id":"co_13010002_riogrande_west_fork_pinos_creek_001","occurrence_number":"001","display_name":"West Fork Pinos Creek","mapped_name":"West Fork Pinos Creek","source_name":"West Fork Pinos Creek","disambiguator":"Rio Grande cutthroat historic context · HUC8 13010002 · occurrence 001","atlas_layer":"curated_named_water_occurrence","object_role":"interactive_named_water","lineage":"rioGrande","historic_label":"Rio Grande cutthroat historic context","current_label":"Rio Grande cutthroat historic context","recovery_label":"Recovery watch / review area","confidence_public":"Generalized public map / needs expert review","confidence_internal":"Occurrence-cluster preview; 81 source segments","geometry_status_public":"Generalized named-water occurrence","geometry_status_internal":"Grouped by display name, HUC8, lineage, and spatial cluster","geometry_source_public":"Grouped public hydrography segments","geometry_source_internal":"Colorado full interpreted natural stream context — occurrence v2 preview","trout_source_public":"Compiled public recovery and lineage context; expert review recommended","trout_source_internal":"HUC8 lineage assignment v1 / review needed","public_notes":"West Fork Pinos Creek is shown as a generalized public-map named-water occurrence for Rio Grande cutthroat historic context. This object is separated from other same-named waters using HUC8, lineage, and local spatial clustering. Linework is grouped from public hydrography and should be treated as interpretive watershed context, not a precise biological boundary.","internal_notes":"Preview occurrence co_13010002_riogrande_west_fork_pinos_creek_001; 81 segments; 16.7 km"}},{"type":"Feature","geometry":{"type":"LineString","coordinates":[[-106.51768,37.53387],[-106.5154,37.53914]]},"properties":{"huc8":"13010002","huc8Name":"Alamosa-Trinchera","historic":"rioGrande","current":"introduced","recovery":"recoveryWatch","lineageKey":"rioGrande","lineageLabel":"Rio Grande lineage","basin":"Alamosa-Trinchera","note":"Generalized Rio Grande cutthroat drainage context","state":"CO","confidence":"HUC8 drainage context / generalized","geometryStatus":"Named NHD stream intersecting assigned HUC8","troutSource":"HUC8 lineage assignment v1 / review needed","sourceName":"West Fork Pinos Creek","name":"West Fork Pinos Creek","source_id":"136490922","length_km":0.63864862,"FType":460,"FCode":46006,"atlas_class":"streamriver","water_id":"co_13010002_riogrande_west_fork_pinos_creek_001","occurrence_id":"co_13010002_riogrande_west_fork_pinos_creek_001","occurrence_number":"001","display_name":"West Fork Pinos Creek","mapped_name":"West Fork Pinos Creek","source_name":"West Fork Pinos Creek","disambiguator":"Rio Grande cutthroat historic context · HUC8 13010002 · occurrence 001","atlas_layer":"curated_named_water_occurrence","object_role":"interactive_named_water","lineage":"rioGrande","historic_label":"Rio Grande cutthroat historic context","current_label":"Rio Grande cutthroat historic context","recovery_label":"Recovery watch / review area","confidence_public":"Generalized public map / needs expert review","confidence_internal":"Occurrence-cluster preview; 81 source segments","geometry_status_public":"Generalized named-water occurrence","geometry_status_internal":"Grouped by display name, HUC8, lineage, and spatial cluster","geometry_source_public":"Grouped public hydrography segments","geometry_source_internal":"Colorado full interpreted natural stream context — occurrence v2 preview","trout_source_public":"Compiled public recovery and lineage context; expert review recommended","trout_source_internal":"HUC8 lineage assignment v1 / review needed","public_notes":"West Fork Pinos Creek is shown as a generalized public-map named-water occurrence for Rio Grande cutthroat historic context. This object is separated from other same-named waters using HUC8, lineage, and local spatial clustering. Linework is grouped from public hydrography and should be treated as interpretive watershed context, not a precise biological boundary.","internal_notes":"Preview occurrence co_13010002_riogrande_west_fork_pinos_creek_001; 81 segments; 16.7 km"}},{"type":"Feature","geometry":{"type":"LineString","coordinates":[[-106.50249,37.55251],[-106.50051,37.55426]]},"properties":{"huc8":"13010002","huc8Name":"Alamosa-Trinchera","historic":"rioGrande","current":"introduced","recovery":"recoveryWatch","lineageKey":"rioGrande","lineageLabel":"Rio Grande lineage","basin":"Alamosa-Trinchera","note":"Generalized Rio Grande cutthroat drainage context","state":"CO","confidence":"HUC8 drainage context / generalized","geometryStatus":"Named NHD stream intersecting assigned HUC8","troutSource":"HUC8 lineage assignment v1 / review needed","sourceName":"West Fork Pinos Creek","name":"West Fork Pinos Creek","source_id":"159330237","length_km":0.27599873,"FType":460,"FCode":46006,"atlas_class":"streamriver","water_id":"co_13010002_riogrande_west_fork_pinos_creek_001","occurrence_id":"co_13010002_riogrande_west_fork_pinos_creek_001","occurrence_number":"001","display_name":"West Fork Pinos Creek","mapped_name":"West Fork Pinos Creek","source_name":"West Fork Pinos Creek","disambiguator":"Rio Grande cutthroat historic context · HUC8 13010002 · occurrence 001","atlas_layer":"curated_named_water_occurrence","object_role":"interactive_named_water","lineage":"rioGrande","historic_label":"Rio Grande cutthroat historic context","current_label":"Rio Grande cutthroat historic context","recovery_label":"Recovery watch / review area","confidence_public":"Generalized public map / needs expert review","confidence_internal":"Occurrence-cluster preview; 81 source segments","geometry_status_public":"Generalized named-water occurrence","geometry_status_internal":"Grouped by display name, HUC8, lineage, and spatial cluster","geometry_source_public":"Grouped public hydrography segments","geometry_source_internal":"Colorado full interpreted natural stream context — occurrence v2 preview","trout_source_public":"Compiled public recovery and lineage context; expert review recommended","trout_source_internal":"HUC8 lineage assignment v1 / review needed","public_notes":"West Fork Pinos Creek is shown as a generalized public-map named-water occurrence for Rio Grande cutthroat historic context. This object is separated from other same-named waters using HUC8, lineage, and local spatial clustering. Linework is grouped from public hydrography and should be treated as interpretive watershed context, not a precise biological boundary.","internal_notes":"Preview occurrence co_13010002_riogrande_west_fork_pinos_creek_001; 81 segments; 16.7 km"}},{"type":"Feature","geometry":{"type":"LineString","coordinates":[[-106.51168,37.54355],[-106.51008,37.54523]]},"properties":{"huc8":"13010002","huc8Name":"Alamosa-Trinchera","historic":"rioGrande","current":"introduced","recovery":"recoveryWatch","lineageKey":"rioGrande","lineageLabel":"Rio Grande lineage","basin":"Alamosa-Trinchera","note":"Generalized Rio Grande cutthroat drainage context","state":"CO","confidence":"HUC8 drainage context / generalized","geometryStatus":"Named NHD stream intersecting assigned HUC8","troutSource":"HUC8 lineage assignment v1 / review needed","sourceName":"West Fork Pinos Creek","name":"West Fork Pinos Creek","source_id":"159330194","length_km":0.25310304,"FType":460,"FCode":46006,"atlas_class":"streamriver","water_id":"co_13010002_riogrande_west_fork_pinos_creek_001","occurrence_id":"co_13010002_riogrande_west_fork_pinos_creek_001","occurrence_number":"001","display_name":"West Fork Pinos Creek","mapped_name":"West Fork Pinos Creek","source_name":"West Fork Pinos Creek","disambiguator":"Rio Grande cutthroat historic context · HUC8 13010002 · occurrence 001","atlas_layer":"curated_named_water_occurrence","object_role":"interactive_named_water","lineage":"rioGrande","historic_label":"Rio Grande cutthroat historic context","current_label":"Rio Grande cutthroat historic context","recovery_label":"Recovery watch / review area","confidence_public":"Generalized public map / needs expert review","confidence_internal":"Occurrence-cluster preview; 81 source segments","geometry_status_public":"Generalized named-water occurrence","geometry_status_internal":"Grouped by display name, HUC8, lineage, and spatial cluster","geometry_source_public":"Grouped public hydrography segments","geometry_source_internal":"Colorado full interpreted natural stream context — occurrence v2 preview","trout_source_public":"Compiled public recovery and lineage context; expert review recommended","trout_source_internal":"HUC8 lineage assignment v1 / review needed","public_notes":"West Fork Pinos Creek is shown as a generalized public-map named-water occurrence for Rio Grande cutthroat historic context. This object is separated from other same-named waters using HUC8, lineage, and local spatial clustering. Linework is grouped from public hydrography and should be treated as interpretive watershed context, not a precise biological boundary.","internal_notes":"Preview occurrence co_13010002_riogrande_west_fork_pinos_creek_001; 81 segments; 16.7 km"}},{"type":"Feature","geometry":{"type":"LineString","coordinates":[[-106.55057,37.50085],[-106.55002,37.50143]]},"properties":{"huc8":"13010002","huc8Name":"Alamosa-Trinchera","historic":"rioGrande","current":"introduced","recovery":"recoveryWatch","lineageKey":"rioGrande","lineageLabel":"Rio Grande lineage","basin":"Alamosa-Trinchera","note":"Generalized Rio Grande cutthroat drainage context","state":"CO","confidence":"HUC8 drainage context / generalized","geometryStatus":"Named NHD stream intersecting assigned HUC8","troutSource":"HUC8 lineage assignment v1 / review needed","sourceName":"West Fork Pinos Creek","name":"West Fork Pinos Creek","source_id":"159330211","length_km":0.0893646,"FType":460,"FCode":46006,"atlas_class":"streamriver","water_id":"co_13010002_riogrande_west_fork_pinos_creek_001","occurrence_id":"co_13010002_riogrande_west_fork_pinos_creek_001","occurrence_number":"001","display_name":"West Fork Pinos Creek","mapped_name":"West Fork Pinos Creek","source_name":"West Fork Pinos Creek","disambiguator":"Rio Grande cutthroat historic context · HUC8 13010002 · occurrence 001","atlas_layer":"curated_named_water_occurrence","object_role":"interactive_named_water","lineage":"rioGrande","historic_label":"Rio Grande cutthroat historic context","current_label":"Rio Grande cutthroat historic context","recovery_label":"Recovery watch / review area","confidence_public":"Generalized public map / needs expert review","confidence_internal":"Occurrence-cluster preview; 81 source segments","geometry_status_public":"Generalized named-water occurrence","geometry_status_internal":"Grouped by display name, HUC8, lineage, and spatial cluster","geometry_source_public":"Grouped public hydrography segments","geometry_source_internal":"Colorado full interpreted natural stream context — occurrence v2 preview","trout_source_public":"Compiled public recovery and lineage context; expert review recommended","trout_source_internal":"HUC8 lineage assignment v1 / review needed","public_notes":"West Fork Pinos Creek is shown as a generalized public-map named-water occurrence for Rio Grande cutthroat historic context. This object is separated from other same-named waters using HUC8, lineage, and local spatial clustering. Linework is grouped from public hydrography and should be treated as interpretive watershed context, not a precise biological boundary.","internal_notes":"Preview occurrence co_13010002_riogrande_west_fork_pinos_creek_001; 81 segments; 16.7 km"}},{"type":"Feature","geometry":{"type":"LineString","coordinates":[[-106.50466,37.55063],[-106.50249,37.55251]]},"properties":{"huc8":"13010002","huc8Name":"Alamosa-Trinchera","historic":"rioGrande","current":"introduced","recovery":"recoveryWatch","lineageKey":"rioGrande","lineageLabel":"Rio Grande lineage","basin":"Alamosa-Trinchera","note":"Generalized Rio Grande cutthroat drainage context","state":"CO","confidence":"HUC8 drainage context / generalized","geometryStatus":"Named NHD stream intersecting assigned HUC8","troutSource":"HUC8 lineage assignment v1 / review needed","sourceName":"West Fork Pinos Creek","name":"West Fork Pinos Creek","source_id":"159330231","length_km":0.29595424,"FType":460,"FCode":46006,"atlas_class":"streamriver","water_id":"co_13010002_riogrande_west_fork_pinos_creek_001","occurrence_id":"co_13010002_riogrande_west_fork_pinos_creek_001","occurrence_number":"001","display_name":"West Fork Pinos Creek","mapped_name":"West Fork Pinos Creek","source_name":"West Fork Pinos Creek","disambiguator":"Rio Grande cutthroat historic context · HUC8 13010002 · occurrence 001","atlas_layer":"curated_named_water_occurrence","object_role":"interactive_named_water","lineage":"rioGrande","historic_label":"Rio Grande cutthroat historic context","current_label":"Rio Grande cutthroat historic context","recovery_label":"Recovery watch / review area","confidence_public":"Generalized public map / needs expert review","confidence_internal":"Occurrence-cluster preview; 81 source segments","geometry_status_public":"Generalized named-water occurrence","geometry_status_internal":"Grouped by display name, HUC8, lineage, and spatial cluster","geometry_source_public":"Grouped public hydrography segments","geometry_source_internal":"Colorado full interpreted natural stream context — occurrence v2 preview","trout_source_public":"Compiled public recovery and lineage context; expert review recommended","trout_source_internal":"HUC8 lineage assignment v1 / review needed","public_notes":"West Fork Pinos Creek is shown as a generalized public-map named-water occurrence for Rio Grande cutthroat historic context. This object is separated from other same-named waters using HUC8, lineage, and local spatial clustering. Linework is grouped from public hydrography and should be treated as interpretive watershed context, not a precise biological boundary.","internal_notes":"Preview occurrence co_13010002_riogrande_west_fork_pinos_creek_001; 81 segments; 16.7 km"}},{"type":"Feature","geometry":{"type":"LineString","coordinates":[[-106.52618,37.52635],[-106.5231,37.52832]]},"properties":{"huc8":"13010002","huc8Name":"Alamosa-Trinchera","historic":"rioGrande","current":"introduced","recovery":"recoveryWatch","lineageKey":"rioGrande","lineageLabel":"Rio Grande lineage","basin":"Alamosa-Trinchera","note":"Generalized Rio Grande cutthroat drainage context","state":"CO","confidence":"HUC8 drainage context / generalized","geometryStatus":"Named NHD stream intersecting assigned HUC8","troutSource":"HUC8 lineage assignment v1 / review needed","sourceName":"West Fork Pinos Creek","name":"West Fork Pinos Creek","source_id":"159330218","length_km":0.35834841,"FType":460,"FCode":46006,"atlas_class":"streamriver","water_id":"co_13010002_riogrande_west_fork_pinos_creek_001","occurrence_id":"co_13010002_riogrande_west_fork_pinos_creek_001","occurrence_number":"001","display_name":"West Fork Pinos Creek","mapped_name":"West Fork Pinos Creek","source_name":"West Fork Pinos Creek","disambiguator":"Rio Grande cutthroat historic context · HUC8 13010002 · occurrence 001","atlas_layer":"curated_named_water_occurrence","object_role":"interactive_named_water","lineage":"rioGrande","historic_label":"Rio Grande cutthroat historic context","current_label":"Rio Grande cutthroat historic context","recovery_label":"Recovery watch / review area","confidence_public":"Generalized public map / needs expert review","confidence_internal":"Occurrence-cluster preview; 81 source segments","geometry_status_public":"Generalized named-water occurrence","geometry_status_internal":"Grouped by display name, HUC8, lineage, and spatial cluster","geometry_source_public":"Grouped public hydrography segments","geometry_source_internal":"Colorado full interpreted natural stream context — occurrence v2 preview","trout_source_public":"Compiled public recovery and lineage context; expert review recommended","trout_source_internal":"HUC8 lineage assignment v1 / review needed","public_notes":"West Fork Pinos Creek is shown as a generalized public-map named-water occurrence for Rio Grande cutthroat historic context. This object is separated from other same-named waters using HUC8, lineage, and local spatial clustering. Linework is grouped from public hydrography and should be treated as interpretive watershed context, not a precise biological boundary.","internal_notes":"Preview occurrence co_13010002_riogrande_west_fork_pinos_creek_001; 81 segments; 16.7 km"}},{"type":"Feature","geometry":{"type":"LineString","coordinates":[[-106.53601,37.51558],[-106.53536,37.51662]]},"properties":{"huc8":"13010002","huc8Name":"Alamosa-Trinchera","historic":"rioGrande","current":"introduced","recovery":"recoveryWatch","lineageKey":"rioGrande","lineageLabel":"Rio Grande lineage","basin":"Alamosa-Trinchera","note":"Generalized Rio Grande cutthroat drainage context","state":"CO","confidence":"HUC8 drainage context / generalized","geometryStatus":"Named NHD stream intersecting assigned HUC8","troutSource":"HUC8 lineage assignment v1 / review needed","sourceName":"West Fork Pinos Creek","name":"West Fork Pinos Creek","source_id":"159330258","length_km":0.13413884,"FType":460,"FCode":46006,"atlas_class":"streamriver","water_id":"co_13010002_riogrande_west_fork_pinos_creek_001","occurrence_id":"co_13010002_riogrande_west_fork_pinos_creek_001","occurrence_number":"001","display_name":"West Fork Pinos Creek","mapped_name":"West Fork Pinos Creek","source_name":"West Fork Pinos Creek","disambiguator":"Rio Grande cutthroat historic context · HUC8 13010002 · occurrence 001","atlas_layer":"curated_named_water_occurrence","object_role":"interactive_named_water","lineage":"rioGrande","historic_label":"Rio Grande cutthroat historic context","current_label":"Rio Grande cutthroat historic context","recovery_label":"Recovery watch / review area","confidence_public":"Generalized public map / needs expert review","confidence_internal":"Occurrence-cluster preview; 81 source segments","geometry_status_public":"Generalized named-water occurrence","geometry_status_internal":"Grouped by display name, HUC8, lineage, and spatial cluster","geometry_source_public":"Grouped public hydrography segments","geometry_source_internal":"Colorado full interpreted natural stream context — occurrence v2 preview","trout_source_public":"Compiled public recovery and lineage context; expert review recommended","trout_source_internal":"HUC8 lineage assignment v1 / review needed","public_notes":"West Fork Pinos Creek is shown as a generalized public-map named-water occurrence for Rio Grande cutthroat historic context. This object is separated from other same-named waters using HUC8, lineage, and local spatial clustering. Linework is grouped from public hydrography and should be treated as interpretive watershed context, not a precise biological boundary.","internal_notes":"Preview occurrence co_13010002_riogrande_west_fork_pinos_creek_001; 81 segments; 16.7 km"}},{"type":"Feature","geometry":{"type":"LineString","coordinates":[[-106.5525,37.49872],[-106.55216,37.49952],[-106.55089,37.50012]]},"properties":{"huc8":"13010002","huc8Name":"Alamosa-Trinchera","historic":"rioGrande","current":"introduced","recovery":"recoveryWatch","lineageKey":"rioGrande","lineageLabel":"Rio Grande lineage","basin":"Alamosa-Trinchera","note":"Generalized Rio Grande cutthroat drainage context","state":"CO","confidence":"HUC8 drainage context / generalized","geometryStatus":"Named NHD stream intersecting assigned HUC8","troutSource":"HUC8 lineage assignment v1 / review needed","sourceName":"West Fork Pinos Creek","name":"West Fork Pinos Creek","source_id":"159332998","length_km":0.22847311,"FType":460,"FCode":46006,"atlas_class":"streamriver","water_id":"co_13010002_riogrande_west_fork_pinos_creek_001","occurrence_id":"co_13010002_riogrande_west_fork_pinos_creek_001","occurrence_number":"001","display_name":"West Fork Pinos Creek","mapped_name":"West Fork Pinos Creek","source_name":"West Fork Pinos Creek","disambiguator":"Rio Grande cutthroat historic context · HUC8 13010002 · occurrence 001","atlas_layer":"curated_named_water_occurrence","object_role":"interactive_named_water","lineage":"rioGrande","historic_label":"Rio Grande cutthroat historic context","current_label":"Rio Grande cutthroat historic context","recovery_label":"Recovery watch / review area","confidence_public":"Generalized public map / needs expert review","confidence_internal":"Occurrence-cluster preview; 81 source segments","geometry_status_public":"Generalized named-water occurrence","geometry_status_internal":"Grouped by display name, HUC8, lineage, and spatial cluster","geometry_source_public":"Grouped public hydrography segments","geometry_source_internal":"Colorado full interpreted natural stream context — occurrence v2 preview","trout_source_public":"Compiled public recovery and lineage context; expert review recommended","trout_source_internal":"HUC8 lineage assignment v1 / review needed","public_notes":"West Fork Pinos Creek is shown as a generalized public-map named-water occurrence for Rio Grande cutthroat historic context. This object is separated from other same-named waters using HUC8, lineage, and local spatial clustering. Linework is grouped from public hydrography and should be treated as interpretive watershed context, not a precise biological boundary.","internal_notes":"Preview occurrence co_13010002_riogrande_west_fork_pinos_creek_001; 81 segments; 16.7 km"}},{"type":"Feature","geometry":{"type":"LineString","coordinates":[[-106.51008,37.54523],[-106.50912,37.5463]]},"properties":{"huc8":"13010002","huc8Name":"Alamosa-Trinchera","historic":"rioGrande","current":"introduced","recovery":"recoveryWatch","lineageKey":"rioGrande","lineageLabel":"Rio Grande lineage","basin":"Alamosa-Trinchera","note":"Generalized Rio Grande cutthroat drainage context","state":"CO","confidence":"HUC8 drainage context / generalized","geometryStatus":"Named NHD stream intersecting assigned HUC8","troutSource":"HUC8 lineage assignment v1 / review needed","sourceName":"West Fork Pinos Creek","name":"West Fork Pinos Creek","source_id":"159330195","length_km":0.1618562,"FType":460,"FCode":46006,"atlas_class":"streamriver","water_id":"co_13010002_riogrande_west_fork_pinos_creek_001","occurrence_id":"co_13010002_riogrande_west_fork_pinos_creek_001","occurrence_number":"001","display_name":"West Fork Pinos Creek","mapped_name":"West Fork Pinos Creek","source_name":"West Fork Pinos Creek","disambiguator":"Rio Grande cutthroat historic context · HUC8 13010002 · occurrence 001","atlas_layer":"curated_named_water_occurrence","object_role":"interactive_named_water","lineage":"rioGrande","historic_label":"Rio Grande cutthroat historic context","current_label":"Rio Grande cutthroat historic context","recovery_label":"Recovery watch / review area","confidence_public":"Generalized public map / needs expert review","confidence_internal":"Occurrence-cluster preview; 81 source segments","geometry_status_public":"Generalized named-water occurrence","geometry_status_internal":"Grouped by display name, HUC8, lineage, and spatial cluster","geometry_source_public":"Grouped public hydrography segments","geometry_source_internal":"Colorado full interpreted natural stream context — occurrence v2 preview","trout_source_public":"Compiled public recovery and lineage context; expert review recommended","trout_source_internal":"HUC8 lineage assignment v1 / review needed","public_notes":"West Fork Pinos Creek is shown as a generalized public-map named-water occurrence for Rio Grande cutthroat historic context. This object is separated from other same-named waters using HUC8, lineage, and local spatial clustering. Linework is grouped from public hydrography and should be treated as interpretive watershed context, not a precise biological boundary.","internal_notes":"Preview occurrence co_13010002_riogrande_west_fork_pinos_creek_001; 81 segments; 16.7 km"}},{"type":"Feature","geometry":{"type":"LineString","coordinates":[[-106.51422,37.54146],[-106.51327,37.54301],[-106.51168,37.54355]]},"properties":{"huc8":"13010002","huc8Name":"Alamosa-Trinchera","historic":"rioGrande","current":"introduced","recovery":"recoveryWatch","lineageKey":"rioGrande","lineageLabel":"Rio Grande lineage","basin":"Alamosa-Trinchera","note":"Generalized Rio Grande cutthroat drainage context","state":"CO","confidence":"HUC8 drainage context / generalized","geometryStatus":"Named NHD stream intersecting assigned HUC8","troutSource":"HUC8 lineage assignment v1 / review needed","sourceName":"West Fork Pinos Creek","name":"West Fork Pinos Creek","source_id":"159330282","length_km":0.36713155,"FType":460,"FCode":46006,"atlas_class":"streamriver","water_id":"co_13010002_riogrande_west_fork_pinos_creek_001","occurrence_id":"co_13010002_riogrande_west_fork_pinos_creek_001","occurrence_number":"001","display_name":"West Fork Pinos Creek","mapped_name":"West Fork Pinos Creek","source_name":"West Fork Pinos Creek","disambiguator":"Rio Grande cutthroat historic context · HUC8 13010002 · occurrence 001","atlas_layer":"curated_named_water_occurrence","object_role":"interactive_named_water","lineage":"rioGrande","historic_label":"Rio Grande cutthroat historic context","current_label":"Rio Grande cutthroat historic context","recovery_label":"Recovery watch / review area","confidence_public":"Generalized public map / needs expert review","confidence_internal":"Occurrence-cluster preview; 81 source segments","geometry_status_public":"Generalized named-water occurrence","geometry_status_internal":"Grouped by display name, HUC8, lineage, and spatial cluster","geometry_source_public":"Grouped public hydrography segments","geometry_source_internal":"Colorado full interpreted natural stream context — occurrence v2 preview","trout_source_public":"Compiled public recovery and lineage context; expert review recommended","trout_source_internal":"HUC8 lineage assignment v1 / review needed","public_notes":"West Fork Pinos Creek is shown as a generalized public-map named-water occurrence for Rio Grande cutthroat historic context. This object is separated from other same-named waters using HUC8, lineage, and local spatial clustering. Linework is grouped from public hydrography and should be treated as interpretive watershed context, not a precise biological boundary.","internal_notes":"Preview occurrence co_13010002_riogrande_west_fork_pinos_creek_001; 81 segments; 16.7 km"}},{"type":"Feature","geometry":{"type":"LineString","coordinates":[[-106.53146,37.52223],[-106.53137,37.52295],[-106.52959,37.52446]]},"properties":{"huc8":"13010002","huc8Name":"Alamosa-Trinchera","historic":"rioGrande","current":"introduced","recovery":"recoveryWatch","lineageKey":"rioGrande","lineageLabel":"Rio Grande lineage","basin":"Alamosa-Trinchera","note":"Generalized Rio Grande cutthroat drainage context","state":"CO","confidence":"HUC8 drainage context / generalized","geometryStatus":"Named NHD stream intersecting assigned HUC8","troutSource":"HUC8 lineage assignment v1 / review needed","sourceName":"West Fork Pinos Creek","name":"West Fork Pinos Creek","source_id":"159330212","length_km":0.32862761,"FType":460,"FCode":46006,"atlas_class":"streamriver","water_id":"co_13010002_riogrande_west_fork_pinos_creek_001","occurrence_id":"co_13010002_riogrande_west_fork_pinos_creek_001","occurrence_number":"001","display_name":"West Fork Pinos Creek","mapped_name":"West Fork Pinos Creek","source_name":"West Fork Pinos Creek","disambiguator":"Rio Grande cutthroat historic context · HUC8 13010002 · occurrence 001","atlas_layer":"curated_named_water_occurrence","object_role":"interactive_named_water","lineage":"rioGrande","historic_label":"Rio Grande cutthroat historic context","current_label":"Rio Grande cutthroat historic context","recovery_label":"Recovery watch / review area","confidence_public":"Generalized public map / needs expert review","confidence_internal":"Occurrence-cluster preview; 81 source segments","geometry_status_public":"Generalized named-water occurrence","geometry_status_internal":"Grouped by display name, HUC8, lineage, and spatial cluster","geometry_source_public":"Grouped public hydrography segments","geometry_source_internal":"Colorado full interpreted natural stream context — occurrence v2 preview","trout_source_public":"Compiled public recovery and lineage context; expert review recommended","trout_source_internal":"HUC8 lineage assignment v1 / review needed","public_notes":"West Fork Pinos Creek is shown as a generalized public-map named-water occurrence for Rio Grande cutthroat historic context. This object is separated from other same-named waters using HUC8, lineage, and local spatial clustering. Linework is grouped from public hydrography and should be treated as interpretive watershed context, not a precise biological boundary.","internal_notes":"Preview occurrence co_13010002_riogrande_west_fork_pinos_creek_001; 81 segments; 16.7 km"}},{"type":"Feature","geometry":{"type":"LineString","coordinates":[[-106.54629,37.50244],[-106.54514,37.50261]]},"properties":{"huc8":"13010002","huc8Name":"Alamosa-Trinchera","historic":"rioGrande","current":"introduced","recovery":"recoveryWatch","lineageKey":"rioGrande","lineageLabel":"Rio Grande lineage","basin":"Alamosa-Trinchera","note":"Generalized Rio Grande cutthroat drainage context","state":"CO","confidence":"HUC8 drainage context / generalized","geometryStatus":"Named NHD stream intersecting assigned HUC8","troutSource":"HUC8 lineage assignment v1 / review needed","sourceName":"West Fork Pinos Creek","name":"West Fork Pinos Creek","source_id":"159330224","length_km":0.10436125,"FType":460,"FCode":46006,"atlas_class":"streamriver","water_id":"co_13010002_riogrande_west_fork_pinos_creek_001","occurrence_id":"co_13010002_riogrande_west_fork_pinos_creek_001","occurrence_number":"001","display_name":"West Fork Pinos Creek","mapped_name":"West Fork Pinos Creek","source_name":"West Fork Pinos Creek","disambiguator":"Rio Grande cutthroat historic context · HUC8 13010002 · occurrence 001","atlas_layer":"curated_named_water_occurrence","object_role":"interactive_named_water","lineage":"rioGrande","historic_label":"Rio Grande cutthroat historic context","current_label":"Rio Grande cutthroat historic context","recovery_label":"Recovery watch / review area","confidence_public":"Generalized public map / needs expert review","confidence_internal":"Occurrence-cluster preview; 81 source segments","geometry_status_public":"Generalized named-water occurrence","geometry_status_internal":"Grouped by display name, HUC8, lineage, and spatial cluster","geometry_source_public":"Grouped public hydrography segments","geometry_source_internal":"Colorado full interpreted natural stream context — occurrence v2 preview","trout_source_public":"Compiled public recovery and lineage context; expert review recommended","trout_source_internal":"HUC8 lineage assignment v1 / review needed","public_notes":"West Fork Pinos Creek is shown as a generalized public-map named-water occurrence for Rio Grande cutthroat historic context. This object is separated from other same-named waters using HUC8, lineage, and local spatial clustering. Linework is grouped from public hydrography and should be treated as interpretive watershed context, not a precise biological boundary.","internal_notes":"Preview occurrence co_13010002_riogrande_west_fork_pinos_creek_001; 81 segments; 16.7 km"}},{"type":"Feature","geometry":{"type":"LineString","coordinates":[[-106.54257,37.50488],[-106.54066,37.50756]]},"properties":{"huc8":"13010002","huc8Name":"Alamosa-Trinchera","historic":"rioGrande","current":"introduced","recovery":"recoveryWatch","lineageKey":"rioGrande","lineageLabel":"Rio Grande lineage","basin":"Alamosa-Trinchera","note":"Generalized Rio Grande cutthroat drainage context","state":"CO","confidence":"HUC8 drainage context / generalized","geometryStatus":"Named NHD stream intersecting assigned HUC8","troutSource":"HUC8 lineage assignment v1 / review needed","sourceName":"West Fork Pinos Creek","name":"West Fork Pinos Creek","source_id":"136490965","length_km":0.36219614,"FType":460,"FCode":46006,"atlas_class":"streamriver","water_id":"co_13010002_riogrande_west_fork_pinos_creek_001","occurrence_id":"co_13010002_riogrande_west_fork_pinos_creek_001","occurrence_number":"001","display_name":"West Fork Pinos Creek","mapped_name":"West Fork Pinos Creek","source_name":"West Fork Pinos Creek","disambiguator":"Rio Grande cutthroat historic context · HUC8 13010002 · occurrence 001","atlas_layer":"curated_named_water_occurrence","object_role":"interactive_named_water","lineage":"rioGrande","historic_label":"Rio Grande cutthroat historic context","current_label":"Rio Grande cutthroat historic context","recovery_label":"Recovery watch / review area","confidence_public":"Generalized public map / needs expert review","confidence_internal":"Occurrence-cluster preview; 81 source segments","geometry_status_public":"Generalized named-water occurrence","geometry_status_internal":"Grouped by display name, HUC8, lineage, and spatial cluster","geometry_source_public":"Grouped public hydrography segments","geometry_source_internal":"Colorado full interpreted natural stream context — occurrence v2 preview","trout_source_public":"Compiled public recovery and lineage context; expert review recommended","trout_source_internal":"HUC8 lineage assignment v1 / review needed","public_notes":"West Fork Pinos Creek is shown as a generalized public-map named-water occurrence for Rio Grande cutthroat historic context. This object is separated from other same-named waters using HUC8, lineage, and local spatial clustering. Linework is grouped from public hydrography and should be treated as interpretive watershed context, not a precise biological boundary.","internal_notes":"Preview occurrence co_13010002_riogrande_west_fork_pinos_creek_001; 81 segments; 16.7 km"}},{"type":"Feature","geometry":{"type":"LineString","coordinates":[[-106.5154,37.53914],[-106.51507,37.53999]]},"properties":{"huc8":"13010002","huc8Name":"Alamosa-Trinchera","historic":"rioGrande","current":"introduced","recovery":"recoveryWatch","lineageKey":"rioGrande","lineageLabel":"Rio Grande lineage","basin":"Alamosa-Trinchera","note":"Generalized Rio Grande cutthroat drainage context","state":"CO","confidence":"HUC8 drainage context / generalized","geometryStatus":"Named NHD stream intersecting assigned HUC8","troutSource":"HUC8 lineage assignment v1 / review needed","sourceName":"West Fork Pinos Creek","name":"West Fork Pinos Creek","source_id":"159330207","length_km":0.10312681,"FType":460,"FCode":46006,"atlas_class":"streamriver","water_id":"co_13010002_riogrande_west_fork_pinos_creek_001","occurrence_id":"co_13010002_riogrande_west_fork_pinos_creek_001","occurrence_number":"001","display_name":"West Fork Pinos Creek","mapped_name":"West Fork Pinos Creek","source_name":"West Fork Pinos Creek","disambiguator":"Rio Grande cutthroat historic context · HUC8 13010002 · occurrence 001","atlas_layer":"curated_named_water_occurrence","object_role":"interactive_named_water","lineage":"rioGrande","historic_label":"Rio Grande cutthroat historic context","current_label":"Rio Grande cutthroat historic context","recovery_label":"Recovery watch / review area","confidence_public":"Generalized public map / needs expert review","confidence_internal":"Occurrence-cluster preview; 81 source segments","geometry_status_public":"Generalized named-water occurrence","geometry_status_internal":"Grouped by display name, HUC8, lineage, and spatial cluster","geometry_source_public":"Grouped public hydrography segments","geometry_source_internal":"Colorado full interpreted natural stream context — occurrence v2 preview","trout_source_public":"Compiled public recovery and lineage context; expert review recommended","trout_source_internal":"HUC8 lineage assignment v1 / review needed","public_notes":"West Fork Pinos Creek is shown as a generalized public-map named-water occurrence for Rio Grande cutthroat historic context. This object is separated from other same-named waters using HUC8, lineage, and local spatial clustering. Linework is grouped from public hydrography and should be treated as interpretive watershed context, not a precise biological boundary.","internal_notes":"Preview occurrence co_13010002_riogrande_west_fork_pinos_creek_001; 81 segments; 16.7 km"}},{"type":"Feature","geometry":{"type":"LineString","coordinates":[[-106.52959,37.52446],[-106.52618,37.52635]]},"properties":{"huc8":"13010002","huc8Name":"Alamosa-Trinchera","historic":"rioGrande","current":"introduced","recovery":"recoveryWatch","lineageKey":"rioGrande","lineageLabel":"Rio Grande lineage","basin":"Alamosa-Trinchera","note":"Generalized Rio Grande cutthroat drainage context","state":"CO","confidence":"HUC8 drainage context / generalized","geometryStatus":"Named NHD stream intersecting assigned HUC8","troutSource":"HUC8 lineage assignment v1 / review needed","sourceName":"West Fork Pinos Creek","name":"West Fork Pinos Creek","source_id":"159330217","length_km":0.38010869,"FType":460,"FCode":46006,"atlas_class":"streamriver","water_id":"co_13010002_riogrande_west_fork_pinos_creek_001","occurrence_id":"co_13010002_riogrande_west_fork_pinos_creek_001","occurrence_number":"001","display_name":"West Fork Pinos Creek","mapped_name":"West Fork Pinos Creek","source_name":"West Fork Pinos Creek","disambiguator":"Rio Grande cutthroat historic context · HUC8 13010002 · occurrence 001","atlas_layer":"curated_named_water_occurrence","object_role":"interactive_named_water","lineage":"rioGrande","historic_label":"Rio Grande cutthroat historic context","current_label":"Rio Grande cutthroat historic context","recovery_label":"Recovery watch / review area","confidence_public":"Generalized public map / needs expert review","confidence_internal":"Occurrence-cluster preview; 81 source segments","geometry_status_public":"Generalized named-water occurrence","geometry_status_internal":"Grouped by display name, HUC8, lineage, and spatial cluster","geometry_source_public":"Grouped public hydrography segments","geometry_source_internal":"Colorado full interpreted natural stream context — occurrence v2 preview","trout_source_public":"Compiled public recovery and lineage context; expert review recommended","trout_source_internal":"HUC8 lineage assignment v1 / review needed","public_notes":"West Fork Pinos Creek is shown as a generalized public-map named-water occurrence for Rio Grande cutthroat historic context. This object is separated from other same-named waters using HUC8, lineage, and local spatial clustering. Linework is grouped from public hydrography and should be treated as interpretive watershed context, not a precise biological boundary.","internal_notes":"Preview occurrence co_13010002_riogrande_west_fork_pinos_creek_001; 81 segments; 16.7 km"}},{"type":"Feature","geometry":{"type":"LineString","coordinates":[[-106.53175,37.52126],[-106.53146,37.52223]]},"properties":{"huc8":"13010002","huc8Name":"Alamosa-Trinchera","historic":"rioGrande","current":"introduced","recovery":"recoveryWatch","lineageKey":"rioGrande","lineageLabel":"Rio Grande lineage","basin":"Alamosa-Trinchera","note":"Generalized Rio Grande cutthroat drainage context","state":"CO","confidence":"HUC8 drainage context / generalized","geometryStatus":"Named NHD stream intersecting assigned HUC8","troutSource":"HUC8 lineage assignment v1 / review needed","sourceName":"West Fork Pinos Creek","name":"West Fork Pinos Creek","source_id":"136490937","length_km":0.11635351,"FType":460,"FCode":46006,"atlas_class":"streamriver","water_id":"co_13010002_riogrande_west_fork_pinos_creek_001","occurrence_id":"co_13010002_riogrande_west_fork_pinos_creek_001","occurrence_number":"001","display_name":"West Fork Pinos Creek","mapped_name":"West Fork Pinos Creek","source_name":"West Fork Pinos Creek","disambiguator":"Rio Grande cutthroat historic context · HUC8 13010002 · occurrence 001","atlas_layer":"curated_named_water_occurrence","object_role":"interactive_named_water","lineage":"rioGrande","historic_label":"Rio Grande cutthroat historic context","current_label":"Rio Grande cutthroat historic context","recovery_label":"Recovery watch / review area","confidence_public":"Generalized public map / needs expert review","confidence_internal":"Occurrence-cluster preview; 81 source segments","geometry_status_public":"Generalized named-water occurrence","geometry_status_internal":"Grouped by display name, HUC8, lineage, and spatial cluster","geometry_source_public":"Grouped public hydrography segments","geometry_source_internal":"Colorado full interpreted natural stream context — occurrence v2 preview","trout_source_public":"Compiled public recovery and lineage context; expert review recommended","trout_source_internal":"HUC8 lineage assignment v1 / review needed","public_notes":"West Fork Pinos Creek is shown as a generalized public-map named-water occurrence for Rio Grande cutthroat historic context. This object is separated from other same-named waters using HUC8, lineage, and local spatial clustering. Linework is grouped from public hydrography and should be treated as interpretive watershed context, not a precise biological boundary.","internal_notes":"Preview occurrence co_13010002_riogrande_west_fork_pinos_creek_001; 81 segments; 16.7 km"}},{"type":"Feature","geometry":{"type":"LineString","coordinates":[[-106.5059,37.54993],[-106.50466,37.55063]]},"properties":{"huc8":"13010002","huc8Name":"Alamosa-Trinchera","historic":"rioGrande","current":"introduced","recovery":"recoveryWatch","lineageKey":"rioGrande","lineageLabel":"Rio Grande lineage","basin":"Alamosa-Trinchera","note":"Generalized Rio Grande cutthroat drainage context","state":"CO","confidence":"HUC8 drainage context / generalized","geometryStatus":"Named NHD stream intersecting assigned HUC8","troutSource":"HUC8 lineage assignment v1 / review needed","sourceName":"West Fork Pinos Creek","name":"West Fork Pinos Creek","source_id":"159330230","length_km":0.14152625,"FType":460,"FCode":46006,"atlas_class":"streamriver","water_id":"co_13010002_riogrande_west_fork_pinos_creek_001","occurrence_id":"co_13010002_riogrande_west_fork_pinos_creek_001","occurrence_number":"001","display_name":"West Fork Pinos Creek","mapped_name":"West Fork Pinos Creek","source_name":"West Fork Pinos Creek","disambiguator":"Rio Grande cutthroat historic context · HUC8 13010002 · occurrence 001","atlas_layer":"curated_named_water_occurrence","object_role":"interactive_named_water","lineage":"rioGrande","historic_label":"Rio Grande cutthroat historic context","current_label":"Rio Grande cutthroat historic context","recovery_label":"Recovery watch / review area","confidence_public":"Generalized public map / needs expert review","confidence_internal":"Occurrence-cluster preview; 81 source segments","geometry_status_public":"Generalized named-water occurrence","geometry_status_internal":"Grouped by display name, HUC8, lineage, and spatial cluster","geometry_source_public":"Grouped public hydrography segments","geometry_source_internal":"Colorado full interpreted natural stream context — occurrence v2 preview","trout_source_public":"Compiled public recovery and lineage context; expert review recommended","trout_source_internal":"HUC8 lineage assignment v1 / review needed","public_notes":"West Fork Pinos Creek is shown as a generalized public-map named-water occurrence for Rio Grande cutthroat historic context. This object is separated from other same-named waters using HUC8, lineage, and local spatial clustering. Linework is grouped from public hydrography and should be treated as interpretive watershed context, not a precise biological boundary.","internal_notes":"Preview occurrence co_13010002_riogrande_west_fork_pinos_creek_001; 81 segments; 16.7 km"}},{"type":"Feature","geometry":{"type":"LineString","coordinates":[[-106.52141,37.5297],[-106.51987,37.53063],[-106.51768,37.53387]]},"properties":{"huc8":"13010002","huc8Name":"Alamosa-Trinchera","historic":"rioGrande","current":"introduced","recovery":"recoveryWatch","lineageKey":"rioGrande","lineageLabel":"Rio Grande lineage","basin":"Alamosa-Trinchera","note":"Generalized Rio Grande cutthroat drainage context","state":"CO","confidence":"HUC8 drainage context / generalized","geometryStatus":"Named NHD stream intersecting assigned HUC8","troutSource":"HUC8 lineage assignment v1 / review needed","sourceName":"West Fork Pinos Creek","name":"West Fork Pinos Creek","source_id":"159330227","length_km":0.60260027,"FType":460,"FCode":46006,"atlas_class":"streamriver","water_id":"co_13010002_riogrande_west_fork_pinos_creek_001","occurrence_id":"co_13010002_riogrande_west_fork_pinos_creek_001","occurrence_number":"001","display_name":"West Fork Pinos Creek","mapped_name":"West Fork Pinos Creek","source_name":"West Fork Pinos Creek","disambiguator":"Rio Grande cutthroat historic context · HUC8 13010002 · occurrence 001","atlas_layer":"curated_named_water_occurrence","object_role":"interactive_named_water","lineage":"rioGrande","historic_label":"Rio Grande cutthroat historic context","current_label":"Rio Grande cutthroat historic context","recovery_label":"Recovery watch / review area","confidence_public":"Generalized public map / needs expert review","confidence_internal":"Occurrence-cluster preview; 81 source segments","geometry_status_public":"Generalized named-water occurrence","geometry_status_internal":"Grouped by display name, HUC8, lineage, and spatial cluster","geometry_source_public":"Grouped public hydrography segments","geometry_source_internal":"Colorado full interpreted natural stream context — occurrence v2 preview","trout_source_public":"Compiled public recovery and lineage context; expert review recommended","trout_source_internal":"HUC8 lineage assignment v1 / review needed","public_notes":"West Fork Pinos Creek is shown as a generalized public-map named-water occurrence for Rio Grande cutthroat historic context. This object is separated from other same-named waters using HUC8, lineage, and local spatial clustering. Linework is grouped from public hydrography and should be treated as interpretive watershed context, not a precise biological boundary.","internal_notes":"Preview occurrence co_13010002_riogrande_west_fork_pinos_creek_001; 81 segments; 16.7 km"}},{"type":"Feature","geometry":{"type":"LineString","coordinates":[[-106.50912,37.5463],[-106.50782,37.54834],[-106.5059,37.54993]]},"properties":{"huc8":"13010002","huc8Name":"Alamosa-Trinchera","historic":"rioGrande","current":"introduced","recovery":"recoveryWatch","lineageKey":"rioGrande","lineageLabel":"Rio Grande lineage","basin":"Alamosa-Trinchera","note":"Generalized Rio Grande cutthroat drainage context","state":"CO","confidence":"HUC8 drainage context / generalized","geometryStatus":"Named NHD stream intersecting assigned HUC8","troutSource":"HUC8 lineage assignment v1 / review needed","sourceName":"West Fork Pinos Creek","name":"West Fork Pinos Creek","source_id":"159330203","length_km":0.54220218,"FType":460,"FCode":46006,"atlas_class":"streamriver","water_id":"co_13010002_riogrande_west_fork_pinos_creek_001","occurrence_id":"co_13010002_riogrande_west_fork_pinos_creek_001","occurrence_number":"001","display_name":"West Fork Pinos Creek","mapped_name":"West Fork Pinos Creek","source_name":"West Fork Pinos Creek","disambiguator":"Rio Grande cutthroat historic context · HUC8 13010002 · occurrence 001","atlas_layer":"curated_named_water_occurrence","object_role":"interactive_named_water","lineage":"rioGrande","historic_label":"Rio Grande cutthroat historic context","current_label":"Rio Grande cutthroat historic context","recovery_label":"Recovery watch / review area","confidence_public":"Generalized public map / needs expert review","confidence_internal":"Occurrence-cluster preview; 81 source segments","geometry_status_public":"Generalized named-water occurrence","geometry_status_internal":"Grouped by display name, HUC8, lineage, and spatial cluster","geometry_source_public":"Grouped public hydrography segments","geometry_source_internal":"Colorado full interpreted natural stream context — occurrence v2 preview","trout_source_public":"Compiled public recovery and lineage context; expert review recommended","trout_source_internal":"HUC8 lineage assignment v1 / review needed","public_notes":"West Fork Pinos Creek is shown as a generalized public-map named-water occurrence for Rio Grande cutthroat historic context. This object is separated from other same-named waters using HUC8, lineage, and local spatial clustering. Linework is grouped from public hydrography and should be treated as interpretive watershed context, not a precise biological boundary.","internal_notes":"Preview occurrence co_13010002_riogrande_west_fork_pinos_creek_001; 81 segments; 16.7 km"}},{"type":"Feature","geometry":{"type":"LineString","coordinates":[[-106.55089,37.50012],[-106.55057,37.50085]]},"properties":{"huc8":"13010002","huc8Name":"Alamosa-Trinchera","historic":"rioGrande","current":"introduced","recovery":"recoveryWatch","lineageKey":"rioGrande","lineageLabel":"Rio Grande lineage","basin":"Alamosa-Trinchera","note":"Generalized Rio Grande cutthroat drainage context","state":"CO","confidence":"HUC8 drainage context / generalized","geometryStatus":"Named NHD stream intersecting assigned HUC8","troutSource":"HUC8 lineage assignment v1 / review needed","sourceName":"West Fork Pinos Creek","name":"West Fork Pinos Creek","source_id":"159330210","length_km":0.09463355,"FType":460,"FCode":46006,"atlas_class":"streamriver","water_id":"co_13010002_riogrande_west_fork_pinos_creek_001","occurrence_id":"co_13010002_riogrande_west_fork_pinos_creek_001","occurrence_number":"001","display_name":"West Fork Pinos Creek","mapped_name":"West Fork Pinos Creek","source_name":"West Fork Pinos Creek","disambiguator":"Rio Grande cutthroat historic context · HUC8 13010002 · occurrence 001","atlas_layer":"curated_named_water_occurrence","object_role":"interactive_named_water","lineage":"rioGrande","historic_label":"Rio Grande cutthroat historic context","current_label":"Rio Grande cutthroat historic context","recovery_label":"Recovery watch / review area","confidence_public":"Generalized public map / needs expert review","confidence_internal":"Occurrence-cluster preview; 81 source segments","geometry_status_public":"Generalized named-water occurrence","geometry_status_internal":"Grouped by display name, HUC8, lineage, and spatial cluster","geometry_source_public":"Grouped public hydrography segments","geometry_source_internal":"Colorado full interpreted natural stream context — occurrence v2 preview","trout_source_public":"Compiled public recovery and lineage context; expert review recommended","trout_source_internal":"HUC8 lineage assignment v1 / review needed","public_notes":"West Fork Pinos Creek is shown as a generalized public-map named-water occurrence for Rio Grande cutthroat historic context. This object is separated from other same-named waters using HUC8, lineage, and local spatial clustering. Linework is grouped from public hydrography and should be treated as interpretive watershed context, not a precise biological boundary.","internal_notes":"Preview occurrence co_13010002_riogrande_west_fork_pinos_creek_001; 81 segments; 16.7 km"}},{"type":"Feature","geometry":{"type":"LineString","coordinates":[[-106.53845,37.51123],[-106.53601,37.51558]]},"properties":{"huc8":"13010002","huc8Name":"Alamosa-Trinchera","historic":"rioGrande","current":"introduced","recovery":"recoveryWatch","lineageKey":"rioGrande","lineageLabel":"Rio Grande lineage","basin":"Alamosa-Trinchera","note":"Generalized Rio Grande cutthroat drainage context","state":"CO","confidence":"HUC8 drainage context / generalized","geometryStatus":"Named NHD stream intersecting assigned HUC8","troutSource":"HUC8 lineage assignment v1 / review needed","sourceName":"West Fork Pinos Creek","name":"West Fork Pinos Creek","source_id":"159330257","length_km":0.54822664,"FType":460,"FCode":46006,"atlas_class":"streamriver","water_id":"co_13010002_riogrande_west_fork_pinos_creek_001","occurrence_id":"co_13010002_riogrande_west_fork_pinos_creek_001","occurrence_number":"001","display_name":"West Fork Pinos Creek","mapped_name":"West Fork Pinos Creek","source_name":"West Fork Pinos Creek","disambiguator":"Rio Grande cutthroat historic context · HUC8 13010002 · occurrence 001","atlas_layer":"curated_named_water_occurrence","object_role":"interactive_named_water","lineage":"rioGrande","historic_label":"Rio Grande cutthroat historic context","current_label":"Rio Grande cutthroat historic context","recovery_label":"Recovery watch / review area","confidence_public":"Generalized public map / needs expert review","confidence_internal":"Occurrence-cluster preview; 81 source segments","geometry_status_public":"Generalized named-water occurrence","geometry_status_internal":"Grouped by display name, HUC8, lineage, and spatial cluster","geometry_source_public":"Grouped public hydrography segments","geometry_source_internal":"Colorado full interpreted natural stream context — occurrence v2 preview","trout_source_public":"Compiled public recovery and lineage context; expert review recommended","trout_source_internal":"HUC8 lineage assignment v1 / review needed","public_notes":"West Fork Pinos Creek is shown as a generalized public-map named-water occurrence for Rio Grande cutthroat historic context. This object is separated from other same-named waters using HUC8, lineage, and local spatial clustering. Linework is grouped from public hydrography and should be treated as interpretive watershed context, not a precise biological boundary.","internal_notes":"Preview occurrence co_13010002_riogrande_west_fork_pinos_creek_001; 81 segments; 16.7 km"}},{"type":"Feature","geometry":{"type":"LineString","coordinates":[[-106.54781,37.50208],[-106.54629,37.50244]]},"properties":{"huc8":"13010002","huc8Name":"Alamosa-Trinchera","historic":"rioGrande","current":"introduced","recovery":"recoveryWatch","lineageKey":"rioGrande","lineageLabel":"Rio Grande lineage","basin":"Alamosa-Trinchera","note":"Generalized Rio Grande cutthroat drainage context","state":"CO","confidence":"HUC8 drainage context / generalized","geometryStatus":"Named NHD stream intersecting assigned HUC8","troutSource":"HUC8 lineage assignment v1 / review needed","sourceName":"West Fork Pinos Creek","name":"West Fork Pinos Creek","source_id":"159330222","length_km":0.146181,"FType":460,"FCode":46006,"atlas_class":"streamriver","water_id":"co_13010002_riogrande_west_fork_pinos_creek_001","occurrence_id":"co_13010002_riogrande_west_fork_pinos_creek_001","occurrence_number":"001","display_name":"West Fork Pinos Creek","mapped_name":"West Fork Pinos Creek","source_name":"West Fork Pinos Creek","disambiguator":"Rio Grande cutthroat historic context · HUC8 13010002 · occurrence 001","atlas_layer":"curated_named_water_occurrence","object_role":"interactive_named_water","lineage":"rioGrande","historic_label":"Rio Grande cutthroat historic context","current_label":"Rio Grande cutthroat historic context","recovery_label":"Recovery watch / review area","confidence_public":"Generalized public map / needs expert review","confidence_internal":"Occurrence-cluster preview; 81 source segments","geometry_status_public":"Generalized named-water occurrence","geometry_status_internal":"Grouped by display name, HUC8, lineage, and spatial cluster","geometry_source_public":"Grouped public hydrography segments","geometry_source_internal":"Colorado full interpreted natural stream context — occurrence v2 preview","trout_source_public":"Compiled public recovery and lineage context; expert review recommended","trout_source_internal":"HUC8 lineage assignment v1 / review needed","public_notes":"West Fork Pinos Creek is shown as a generalized public-map named-water occurrence for Rio Grande cutthroat historic context. This object is separated from other same-named waters using HUC8, lineage, and local spatial clustering. Linework is grouped from public hydrography and should be treated as interpretive watershed context, not a precise biological boundary.","internal_notes":"Preview occurrence co_13010002_riogrande_west_fork_pinos_creek_001; 81 segments; 16.7 km"}},{"type":"Feature","geometry":{"type":"LineString","coordinates":[[-106.54888,37.50179],[-106.54826,37.50204]]},"properties":{"huc8":"13010002","huc8Name":"Alamosa-Trinchera","historic":"rioGrande","current":"introduced","recovery":"recoveryWatch","lineageKey":"rioGrande","lineageLabel":"Rio Grande lineage","basin":"Alamosa-Trinchera","note":"Generalized Rio Grande cutthroat drainage context","state":"CO","confidence":"HUC8 drainage context / generalized","geometryStatus":"Named NHD stream intersecting assigned HUC8","troutSource":"HUC8 lineage assignment v1 / review needed","sourceName":"West Fork Pinos Creek","name":"West Fork Pinos Creek","source_id":"136490987","length_km":0.06148363,"FType":460,"FCode":46006,"atlas_class":"streamriver","water_id":"co_13010002_riogrande_west_fork_pinos_creek_001","occurrence_id":"co_13010002_riogrande_west_fork_pinos_creek_001","occurrence_number":"001","display_name":"West Fork Pinos Creek","mapped_name":"West Fork Pinos Creek","source_name":"West Fork Pinos Creek","disambiguator":"Rio Grande cutthroat historic context · HUC8 13010002 · occurrence 001","atlas_layer":"curated_named_water_occurrence","object_role":"interactive_named_water","lineage":"rioGrande","historic_label":"Rio Grande cutthroat historic context","current_label":"Rio Grande cutthroat historic context","recovery_label":"Recovery watch / review area","confidence_public":"Generalized public map / needs expert review","confidence_internal":"Occurrence-cluster preview; 81 source segments","geometry_status_public":"Generalized named-water occurrence","geometry_status_internal":"Grouped by display name, HUC8, lineage, and spatial cluster","geometry_source_public":"Grouped public hydrography segments","geometry_source_internal":"Colorado full interpreted natural stream context — occurrence v2 preview","trout_source_public":"Compiled public recovery and lineage context; expert review recommended","trout_source_internal":"HUC8 lineage assignment v1 / review needed","public_notes":"West Fork Pinos Creek is shown as a generalized public-map named-water occurrence for Rio Grande cutthroat historic context. This object is separated from other same-named waters using HUC8, lineage, and local spatial clustering. Linework is grouped from public hydrography and should be treated as interpretive watershed context, not a precise biological boundary.","internal_notes":"Preview occurrence co_13010002_riogrande_west_fork_pinos_creek_001; 81 segments; 16.7 km"}},{"type":"Feature","geometry":{"type":"LineString","coordinates":[[-106.54514,37.50261],[-106.54257,37.50488]]},"properties":{"huc8":"13010002","huc8Name":"Alamosa-Trinchera","historic":"rioGrande","current":"introduced","recovery":"recoveryWatch","lineageKey":"rioGrande","lineageLabel":"Rio Grande lineage","basin":"Alamosa-Trinchera","note":"Generalized Rio Grande cutthroat drainage context","state":"CO","confidence":"HUC8 drainage context / generalized","geometryStatus":"Named NHD stream intersecting assigned HUC8","troutSource":"HUC8 lineage assignment v1 / review needed","sourceName":"West Fork Pinos Creek","name":"West Fork Pinos Creek","source_id":"159330225","length_km":0.38362896,"FType":460,"FCode":46006,"atlas_class":"streamriver","water_id":"co_13010002_riogrande_west_fork_pinos_creek_001","occurrence_id":"co_13010002_riogrande_west_fork_pinos_creek_001","occurrence_number":"001","display_name":"West Fork Pinos Creek","mapped_name":"West Fork Pinos Creek","source_name":"West Fork Pinos Creek","disambiguator":"Rio Grande cutthroat historic context · HUC8 13010002 · occurrence 001","atlas_layer":"curated_named_water_occurrence","object_role":"interactive_named_water","lineage":"rioGrande","historic_label":"Rio Grande cutthroat historic context","current_label":"Rio Grande cutthroat historic context","recovery_label":"Recovery watch / review area","confidence_public":"Generalized public map / needs expert review","confidence_internal":"Occurrence-cluster preview; 81 source segments","geometry_status_public":"Generalized named-water occurrence","geometry_status_internal":"Grouped by display name, HUC8, lineage, and spatial cluster","geometry_source_public":"Grouped public hydrography segments","geometry_source_internal":"Colorado full interpreted natural stream context — occurrence v2 preview","trout_source_public":"Compiled public recovery and lineage context; expert review recommended","trout_source_internal":"HUC8 lineage assignment v1 / review needed","public_notes":"West Fork Pinos Creek is shown as a generalized public-map named-water occurrence for Rio Grande cutthroat historic context. This object is separated from other same-named waters using HUC8, lineage, and local spatial clustering. Linework is grouped from public hydrography and should be treated as interpretive watershed context, not a precise biological boundary.","internal_notes":"Preview occurrence co_13010002_riogrande_west_fork_pinos_creek_001; 81 segments; 16.7 km"}},{"type":"Feature","geometry":{"type":"LineString","coordinates":[[-106.53536,37.51662],[-106.534,37.51766]]},"properties":{"huc8":"13010002","huc8Name":"Alamosa-Trinchera","historic":"rioGrande","current":"introduced","recovery":"recoveryWatch","lineageKey":"rioGrande","lineageLabel":"Rio Grande lineage","basin":"Alamosa-Trinchera","note":"Generalized Rio Grande cutthroat drainage context","state":"CO","confidence":"HUC8 drainage context / generalized","geometryStatus":"Named NHD stream intersecting assigned HUC8","troutSource":"HUC8 lineage assignment v1 / review needed","sourceName":"West Fork Pinos Creek","name":"West Fork Pinos Creek","source_id":"136490946","length_km":0.17993249,"FType":460,"FCode":46006,"atlas_class":"streamriver","water_id":"co_13010002_riogrande_west_fork_pinos_creek_001","occurrence_id":"co_13010002_riogrande_west_fork_pinos_creek_001","occurrence_number":"001","display_name":"West Fork Pinos Creek","mapped_name":"West Fork Pinos Creek","source_name":"West Fork Pinos Creek","disambiguator":"Rio Grande cutthroat historic context · HUC8 13010002 · occurrence 001","atlas_layer":"curated_named_water_occurrence","object_role":"interactive_named_water","lineage":"rioGrande","historic_label":"Rio Grande cutthroat historic context","current_label":"Rio Grande cutthroat historic context","recovery_label":"Recovery watch / review area","confidence_public":"Generalized public map / needs expert review","confidence_internal":"Occurrence-cluster preview; 81 source segments","geometry_status_public":"Generalized named-water occurrence","geometry_status_internal":"Grouped by display name, HUC8, lineage, and spatial cluster","geometry_source_public":"Grouped public hydrography segments","geometry_source_internal":"Colorado full interpreted natural stream context — occurrence v2 preview","trout_source_public":"Compiled public recovery and lineage context; expert review recommended","trout_source_internal":"HUC8 lineage assignment v1 / review needed","public_notes":"West Fork Pinos Creek is shown as a generalized public-map named-water occurrence for Rio Grande cutthroat historic context. This object is separated from other same-named waters using HUC8, lineage, and local spatial clustering. Linework is grouped from public hydrography and should be treated as interpretive watershed context, not a precise biological boundary.","internal_notes":"Preview occurrence co_13010002_riogrande_west_fork_pinos_creek_001; 81 segments; 16.7 km"}},{"type":"Feature","geometry":{"type":"LineString","coordinates":[[-106.5231,37.52832],[-106.52141,37.5297]]},"properties":{"huc8":"13010002","huc8Name":"Alamosa-Trinchera","historic":"rioGrande","current":"introduced","recovery":"recoveryWatch","lineageKey":"rioGrande","lineageLabel":"Rio Grande lineage","basin":"Alamosa-Trinchera","note":"Generalized Rio Grande cutthroat drainage context","state":"CO","confidence":"HUC8 drainage context / generalized","geometryStatus":"Named NHD stream intersecting assigned HUC8","troutSource":"HUC8 lineage assignment v1 / review needed","sourceName":"West Fork Pinos Creek","name":"West Fork Pinos Creek","source_id":"159330226","length_km":0.21773207,"FType":460,"FCode":46006,"atlas_class":"streamriver","water_id":"co_13010002_riogrande_west_fork_pinos_creek_001","occurrence_id":"co_13010002_riogrande_west_fork_pinos_creek_001","occurrence_number":"001","display_name":"West Fork Pinos Creek","mapped_name":"West Fork Pinos Creek","source_name":"West Fork Pinos Creek","disambiguator":"Rio Grande cutthroat historic context · HUC8 13010002 · occurrence 001","atlas_layer":"curated_named_water_occurrence","object_role":"interactive_named_water","lineage":"rioGrande","historic_label":"Rio Grande cutthroat historic context","current_label":"Rio Grande cutthroat historic context","recovery_label":"Recovery watch / review area","confidence_public":"Generalized public map / needs expert review","confidence_internal":"Occurrence-cluster preview; 81 source segments","geometry_status_public":"Generalized named-water occurrence","geometry_status_internal":"Grouped by display name, HUC8, lineage, and spatial cluster","geometry_source_public":"Grouped public hydrography segments","geometry_source_internal":"Colorado full interpreted natural stream context — occurrence v2 preview","trout_source_public":"Compiled public recovery and lineage context; expert review recommended","trout_source_internal":"HUC8 lineage assignment v1 / review needed","public_notes":"West Fork Pinos Creek is shown as a generalized public-map named-water occurrence for Rio Grande cutthroat historic context. This object is separated from other same-named waters using HUC8, lineage, and local spatial clustering. Linework is grouped from public hydrography and should be treated as interpretive watershed context, not a precise biological boundary.","internal_notes":"Preview occurrence co_13010002_riogrande_west_fork_pinos_creek_001; 81 segments; 16.7 km"}},{"type":"Feature","geometry":{"type":"LineString","coordinates":[[-106.50051,37.55426],[-106.49829,37.55686]]},"properties":{"huc8":"13010002","huc8Name":"Alamosa-Trinchera","historic":"rioGrande","current":"introduced","recovery":"recoveryWatch","lineageKey":"rioGrande","lineageLabel":"Rio Grande lineage","basin":"Alamosa-Trinchera","note":"Generalized Rio Grande cutthroat drainage context","state":"CO","confidence":"HUC8 drainage context / generalized","geometryStatus":"Named NHD stream intersecting assigned HUC8","troutSource":"HUC8 lineage assignment v1 / review needed","sourceName":"West Fork Pinos Creek","name":"West Fork Pinos Creek","source_id":"159330374","length_km":0.38082014,"FType":460,"FCode":46006,"atlas_class":"streamriver","water_id":"co_13010002_riogrande_west_fork_pinos_creek_001","occurrence_id":"co_13010002_riogrande_west_fork_pinos_creek_001","occurrence_number":"001","display_name":"West Fork Pinos Creek","mapped_name":"West Fork Pinos Creek","source_name":"West Fork Pinos Creek","disambiguator":"Rio Grande cutthroat historic context · HUC8 13010002 · occurrence 001","atlas_layer":"curated_named_water_occurrence","object_role":"interactive_named_water","lineage":"rioGrande","historic_label":"Rio Grande cutthroat historic context","current_label":"Rio Grande cutthroat historic context","recovery_label":"Recovery watch / review area","confidence_public":"Generalized public map / needs expert review","confidence_internal":"Occurrence-cluster preview; 81 source segments","geometry_status_public":"Generalized named-water occurrence","geometry_status_internal":"Grouped by display name, HUC8, lineage, and spatial cluster","geometry_source_public":"Grouped public hydrography segments","geometry_source_internal":"Colorado full interpreted natural stream context — occurrence v2 preview","trout_source_public":"Compiled public recovery and lineage context; expert review recommended","trout_source_internal":"HUC8 lineage assignment v1 / review needed","public_notes":"West Fork Pinos Creek is shown as a generalized public-map named-water occurrence for Rio Grande cutthroat historic context. This object is separated from other same-named waters using HUC8, lineage, and local spatial clustering. Linework is grouped from public hydrography and should be treated as interpretive watershed context, not a precise biological boundary.","internal_notes":"Preview occurrence co_13010002_riogrande_west_fork_pinos_creek_001; 81 segments; 16.7 km"}},{"type":"Feature","geometry":{"type":"LineString","coordinates":[[-106.51507,37.53999],[-106.51422,37.54146]]},"properties":{"huc8":"13010002","huc8Name":"Alamosa-Trinchera","historic":"rioGrande","current":"introduced","recovery":"recoveryWatch","lineageKey":"rioGrande","lineageLabel":"Rio Grande lineage","basin":"Alamosa-Trinchera","note":"Generalized Rio Grande cutthroat drainage context","state":"CO","confidence":"HUC8 drainage context / generalized","geometryStatus":"Named NHD stream intersecting assigned HUC8","troutSource":"HUC8 lineage assignment v1 / review needed","sourceName":"West Fork Pinos Creek","name":"West Fork Pinos Creek","source_id":"159330281","length_km":0.19720269,"FType":460,"FCode":46006,"atlas_class":"streamriver","water_id":"co_13010002_riogrande_west_fork_pinos_creek_001","occurrence_id":"co_13010002_riogrande_west_fork_pinos_creek_001","occurrence_number":"001","display_name":"West Fork Pinos Creek","mapped_name":"West Fork Pinos Creek","source_name":"West Fork Pinos Creek","disambiguator":"Rio Grande cutthroat historic context · HUC8 13010002 · occurrence 001","atlas_layer":"curated_named_water_occurrence","object_role":"interactive_named_water","lineage":"rioGrande","historic_label":"Rio Grande cutthroat historic context","current_label":"Rio Grande cutthroat historic context","recovery_label":"Recovery watch / review area","confidence_public":"Generalized public map / needs expert review","confidence_internal":"Occurrence-cluster preview; 81 source segments","geometry_status_public":"Generalized named-water occurrence","geometry_status_internal":"Grouped by display name, HUC8, lineage, and spatial cluster","geometry_source_public":"Grouped public hydrography segments","geometry_source_internal":"Colorado full interpreted natural stream context — occurrence v2 preview","trout_source_public":"Compiled public recovery and lineage context; expert review recommended","trout_source_internal":"HUC8 lineage assignment v1 / review needed","public_notes":"West Fork Pinos Creek is shown as a generalized public-map named-water occurrence for Rio Grande cutthroat historic context. This object is separated from other same-named waters using HUC8, lineage, and local spatial clustering. Linework is grouped from public hydrography and should be treated as interpretive watershed context, not a precise biological boundary.","internal_notes":"Preview occurrence co_13010002_riogrande_west_fork_pinos_creek_001; 81 segments; 16.7 km"}}]}