{"type":"FeatureCollection","metadata":{"source":"C:\\ct-atlas-data\\processed\\geojson\\interpreted\\colorado_named_natural_streams_complete_v1.geojson","type":"colorado-natural-stream-detail-tile-v2","tile_size_degrees":0.2,"x":-528,"y":196,"bounds":{"west":-105.6,"south":39.2,"east":-105.4,"north":39.4}},"features":[{"type":"Feature","geometry":{"type":"LineString","coordinates":[[-105.4397,39.2442],[-105.4383,39.2434]]},"properties":{"name":"Lost Creek","display_name":"Lost Creek","source_name":"Lost Creek","state":"CO","atlas_class":"named_natural_stream_detail","huc8":"10190002","huc8Name":"Upper South Platte","lineageKey":"greenback","lineage":"greenback","historic":"greenback","current":"greenback","recovery":"recoveryWatch","lineageLabel":"Greenback / South Platte lineage","atlas_context":"cutthroat_lineage_context"}},{"type":"Feature","geometry":{"type":"LineString","coordinates":[[-105.4383,39.2434],[-105.4381,39.2411]]},"properties":{"name":"Lost Creek","display_name":"Lost Creek","source_name":"Lost Creek","state":"CO","atlas_class":"named_natural_stream_detail","huc8":"10190002","huc8Name":"Upper South Platte","lineageKey":"greenback","lineage":"greenback","historic":"greenback","current":"greenback","recovery":"recoveryWatch","lineageLabel":"Greenback / South Platte lineage","atlas_context":"cutthroat_lineage_context"}},{"type":"Feature","geometry":{"type":"LineString","coordinates":[[-105.4038,39.2677],[-105.4036,39.2675]]},"properties":{"name":"Wigwam Creek","display_name":"Wigwam Creek","source_name":"Wigwam Creek","state":"CO","atlas_class":"named_natural_stream_detail","huc8":"10190002","huc8Name":"Upper South Platte","lineageKey":"greenback","lineage":"greenback","historic":"greenback","current":"greenback","recovery":"recoveryWatch","lineageLabel":"Greenback / South Platte lineage","atlas_context":"cutthroat_lineage_context"}},{"type":"Feature","geometry":{"type":"LineString","coordinates":[[-105.4868,39.2199],[-105.4862,39.2195]]},"properties":{"name":"Sand Creek","display_name":"Sand Creek","source_name":"Sand Creek","state":"CO","atlas_class":"named_natural_stream_detail","huc8":"10190001","huc8Name":"South Platte Headwaters","lineageKey":"greenback","lineage":"greenback","historic":"greenback","current":"greenback","recovery":"recoveryWatch","lineageLabel":"Greenback / South Platte lineage","atlas_context":"cutthroat_lineage_context"}},{"type":"Feature","geometry":{"type":"LineString","coordinates":[[-105.4087,39.2696],[-105.4054,39.2687]]},"properties":{"name":"Wigwam Creek","display_name":"Wigwam Creek","source_name":"Wigwam Creek","state":"CO","atlas_class":"named_natural_stream_detail","huc8":"10190002","huc8Name":"Upper South Platte","lineageKey":"greenback","lineage":"greenback","historic":"greenback","current":"greenback","recovery":"recoveryWatch","lineageLabel":"Greenback / South Platte lineage","atlas_context":"cutthroat_lineage_context"}},{"type":"Feature","geometry":{"type":"LineString","coordinates":[[-105.4995,39.2813],[-105.4999,39.2799],[-105.4975,39.2773]]},"properties":{"name":"Lost Creek","display_name":"Lost Creek","source_name":"Lost Creek","state":"CO","atlas_class":"named_natural_stream_detail","huc8":"10190002","huc8Name":"Upper South Platte","lineageKey":"greenback","lineage":"greenback","historic":"greenback","current":"greenback","recovery":"recoveryWatch","lineageLabel":"Greenback / South Platte lineage","atlas_context":"cutthroat_lineage_context"}},{"type":"Feature","geometry":{"type":"LineString","coordinates":[[-105.6001,39.22],[-105.5988,39.2194],[-105.5988,39.2185],[-105.5978,39.2186]]},"properties":{"name":"Tarryall Creek","display_name":"Tarryall Creek","source_name":"Tarryall Creek","state":"CO","atlas_class":"named_natural_stream_detail","huc8":"10190001","huc8Name":"South Platte Headwaters","lineageKey":"greenback","lineage":"greenback","historic":"greenback","current":"greenback","recovery":"recoveryWatch","lineageLabel":"Greenback / South Platte lineage","atlas_context":"cutthroat_lineage_context"}},{"type":"Feature","geometry":{"type":"LineString","coordinates":[[-105.5067,39.2863],[-105.504,39.2845]]},"properties":{"name":"North Fork Lost Creek","display_name":"North Fork Lost Creek","source_name":"North Fork Lost Creek","state":"CO","atlas_class":"named_natural_stream_detail","huc8":"10190002","huc8Name":"Upper South Platte","lineageKey":"greenback","lineage":"greenback","historic":"greenback","current":"greenback","recovery":"recoveryWatch","lineageLabel":"Greenback / South Platte lineage","atlas_context":"cutthroat_lineage_context"}},{"type":"Feature","geometry":{"type":"LineString","coordinates":[[-105.4438,39.3438],[-105.4422,39.3432],[-105.442,39.3443]]},"properties":{"name":"Craig Creek","display_name":"Craig Creek","source_name":"Craig Creek","state":"CO","atlas_class":"named_natural_stream_detail","huc8":"10190002","huc8Name":"Upper South Platte","lineageKey":"greenback","lineage":"greenback","historic":"greenback","current":"greenback","recovery":"recoveryWatch","lineageLabel":"Greenback / South Platte lineage","atlas_context":"cutthroat_lineage_context"}},{"type":"Feature","geometry":{"type":"LineString","coordinates":[[-105.4362,39.3471],[-105.4339,39.3494]]},"properties":{"name":"Craig Creek","display_name":"Craig Creek","source_name":"Craig Creek","state":"CO","atlas_class":"named_natural_stream_detail","huc8":"10190002","huc8Name":"Upper South Platte","lineageKey":"greenback","lineage":"greenback","historic":"greenback","current":"greenback","recovery":"recoveryWatch","lineageLabel":"Greenback / South Platte lineage","atlas_context":"cutthroat_lineage_context"}},{"type":"Feature","geometry":{"type":"LineString","coordinates":[[-105.4861,39.367],[-105.4856,39.3693]]},"properties":{"name":"Rock Creek","display_name":"Rock Creek","source_name":"Rock Creek","state":"CO","atlas_class":"named_natural_stream_detail","huc8":"10190002","huc8Name":"Upper South Platte","lineageKey":"greenback","lineage":"greenback","historic":"greenback","current":"greenback","recovery":"recoveryWatch","lineageLabel":"Greenback / South Platte lineage","atlas_context":"cutthroat_lineage_context"}},{"type":"Feature","geometry":{"type":"LineString","coordinates":[[-105.4837,39.3718],[-105.4835,39.375]]},"properties":{"name":"Rock Creek","display_name":"Rock Creek","source_name":"Rock Creek","state":"CO","atlas_class":"named_natural_stream_detail","huc8":"10190002","huc8Name":"Upper South Platte","lineageKey":"greenback","lineage":"greenback","historic":"greenback","current":"greenback","recovery":"recoveryWatch","lineageLabel":"Greenback / South Platte lineage","atlas_context":"cutthroat_lineage_context"}},{"type":"Feature","geometry":{"type":"LineString","coordinates":[[-105.495,39.3922],[-105.4951,39.3929]]},"properties":{"name":"Roark Creek","display_name":"Roark Creek","source_name":"Roark Creek","state":"CO","atlas_class":"named_natural_stream_detail","huc8":"10190002","huc8Name":"Upper South Platte","lineageKey":"greenback","lineage":"greenback","historic":"greenback","current":"greenback","recovery":"recoveryWatch","lineageLabel":"Greenback / South Platte lineage","atlas_context":"cutthroat_lineage_context"}},{"type":"Feature","geometry":{"type":"LineString","coordinates":[[-105.4951,39.3929],[-105.4948,39.394],[-105.4922,39.3958]]},"properties":{"name":"Roark Creek","display_name":"Roark Creek","source_name":"Roark Creek","state":"CO","atlas_class":"named_natural_stream_detail","huc8":"10190002","huc8Name":"Upper South Platte","lineageKey":"greenback","lineage":"greenback","historic":"greenback","current":"greenback","recovery":"recoveryWatch","lineageLabel":"Greenback / South Platte lineage","atlas_context":"cutthroat_lineage_context"}},{"type":"Feature","geometry":{"type":"LineString","coordinates":[[-105.4766,39.3807],[-105.4729,39.3814]]},"properties":{"name":"Rock Creek","display_name":"Rock Creek","source_name":"Rock Creek","state":"CO","atlas_class":"named_natural_stream_detail","huc8":"10190002","huc8Name":"Upper South Platte","lineageKey":"greenback","lineage":"greenback","historic":"greenback","current":"greenback","recovery":"recoveryWatch","lineageLabel":"Greenback / South Platte lineage","atlas_context":"cutthroat_lineage_context"}},{"type":"Feature","geometry":{"type":"LineString","coordinates":[[-105.5665,39.2066],[-105.5656,39.2067],[-105.5653,39.2053],[-105.5631,39.2047],[-105.5638,39.2036],[-105.5618,39.2031]]},"properties":{"name":"Tarryall Creek","display_name":"Tarryall Creek","source_name":"Tarryall Creek","state":"CO","atlas_class":"named_natural_stream_detail","huc8":"10190001","huc8Name":"South Platte Headwaters","lineageKey":"greenback","lineage":"greenback","historic":"greenback","current":"greenback","recovery":"recoveryWatch","lineageLabel":"Greenback / South Platte lineage","atlas_context":"cutthroat_lineage_context"}},{"type":"Feature","geometry":{"type":"LineString","coordinates":[[-105.4486,39.2021],[-105.4492,39.2011]]},"properties":{"name":"Hay Creek","display_name":"Hay Creek","source_name":"Hay Creek","state":"CO","atlas_class":"named_natural_stream_detail","huc8":"10190001","huc8Name":"South Platte Headwaters","lineageKey":"greenback","lineage":"greenback","historic":"greenback","current":"greenback","recovery":"recoveryWatch","lineageLabel":"Greenback / South Platte lineage","atlas_context":"cutthroat_lineage_context"}},{"type":"Feature","geometry":{"type":"LineString","coordinates":[[-105.5942,39.2179],[-105.5926,39.2184]]},"properties":{"name":"Tarryall Creek","display_name":"Tarryall Creek","source_name":"Tarryall Creek","state":"CO","atlas_class":"named_natural_stream_detail","huc8":"10190001","huc8Name":"South Platte Headwaters","lineageKey":"greenback","lineage":"greenback","historic":"greenback","current":"greenback","recovery":"recoveryWatch","lineageLabel":"Greenback / South Platte lineage","atlas_context":"cutthroat_lineage_context"}},{"type":"Feature","geometry":{"type":"LineString","coordinates":[[-105.4223,39.2335],[-105.4211,39.2334]]},"properties":{"name":"Lost Creek","display_name":"Lost Creek","source_name":"Lost Creek","state":"CO","atlas_class":"named_natural_stream_detail","huc8":"10190002","huc8Name":"Upper South Platte","lineageKey":"greenback","lineage":"greenback","historic":"greenback","current":"greenback","recovery":"recoveryWatch","lineageLabel":"Greenback / South Platte lineage","atlas_context":"cutthroat_lineage_context"}},{"type":"Feature","geometry":{"type":"LineString","coordinates":[[-105.4266,39.3764],[-105.4277,39.3774]]},"properties":{"name":"Craig Creek","display_name":"Craig Creek","source_name":"Craig Creek","state":"CO","atlas_class":"named_natural_stream_detail","huc8":"10190002","huc8Name":"Upper South Platte","lineageKey":"greenback","lineage":"greenback","historic":"greenback","current":"greenback","recovery":"recoveryWatch","lineageLabel":"Greenback / South Platte lineage","atlas_context":"cutthroat_lineage_context"}},{"type":"Feature","geometry":{"type":"LineString","coordinates":[[-105.4498,39.3385],[-105.4485,39.3384]]},"properties":{"name":"Craig Creek","display_name":"Craig Creek","source_name":"Craig Creek","state":"CO","atlas_class":"named_natural_stream_detail","huc8":"10190002","huc8Name":"Upper South Platte","lineageKey":"greenback","lineage":"greenback","historic":"greenback","current":"greenback","recovery":"recoveryWatch","lineageLabel":"Greenback / South Platte lineage","atlas_context":"cutthroat_lineage_context"}},{"type":"Feature","geometry":{"type":"LineString","coordinates":[[-105.4261,39.2743],[-105.4258,39.2743]]},"properties":{"name":"Wigwam Creek","display_name":"Wigwam Creek","source_name":"Wigwam Creek","state":"CO","atlas_class":"named_natural_stream_detail","huc8":"10190002","huc8Name":"Upper South Platte","lineageKey":"greenback","lineage":"greenback","historic":"greenback","current":"greenback","recovery":"recoveryWatch","lineageLabel":"Greenback / South Platte lineage","atlas_context":"cutthroat_lineage_context"}},{"type":"Feature","geometry":{"type":"LineString","coordinates":[[-105.4152,39.2724],[-105.4147,39.2722]]},"properties":{"name":"Wigwam Creek","display_name":"Wigwam Creek","source_name":"Wigwam Creek","state":"CO","atlas_class":"named_natural_stream_detail","huc8":"10190002","huc8Name":"Upper South Platte","lineageKey":"greenback","lineage":"greenback","historic":"greenback","current":"greenback","recovery":"recoveryWatch","lineageLabel":"Greenback / South Platte lineage","atlas_context":"cutthroat_lineage_context"}},{"type":"Feature","geometry":{"type":"LineString","coordinates":[[-105.4724,39.3365],[-105.4712,39.336]]},"properties":{"name":"Craig Creek","display_name":"Craig Creek","source_name":"Craig Creek","state":"CO","atlas_class":"named_natural_stream_detail","huc8":"10190002","huc8Name":"Upper South Platte","lineageKey":"greenback","lineage":"greenback","historic":"greenback","current":"greenback","recovery":"recoveryWatch","lineageLabel":"Greenback / South Platte lineage","atlas_context":"cutthroat_lineage_context"}},{"type":"Feature","geometry":{"type":"LineString","coordinates":[[-105.4712,39.336],[-105.4689,39.3345]]},"properties":{"name":"Craig Creek","display_name":"Craig Creek","source_name":"Craig Creek","state":"CO","atlas_class":"named_natural_stream_detail","huc8":"10190002","huc8Name":"Upper South Platte","lineageKey":"greenback","lineage":"greenback","historic":"greenback","current":"greenback","recovery":"recoveryWatch","lineageLabel":"Greenback / South Platte lineage","atlas_context":"cutthroat_lineage_context"}},{"type":"Feature","geometry":{"type":"LineString","coordinates":[[-105.4032,39.3406],[-105.396,39.34]]},"properties":{"name":"Redskin Creek","display_name":"Redskin Creek","source_name":"Redskin Creek","state":"CO","atlas_class":"named_natural_stream_detail","huc8":"10190002","huc8Name":"Upper South Platte","lineageKey":"greenback","lineage":"greenback","historic":"greenback","current":"greenback","recovery":"recoveryWatch","lineageLabel":"Greenback / South Platte lineage","atlas_context":"cutthroat_lineage_context"}},{"type":"Feature","geometry":{"type":"LineString","coordinates":[[-105.409,39.3095],[-105.4,39.3117],[-105.3988,39.3137]]},"properties":{"name":"Rolling Creek","display_name":"Rolling Creek","source_name":"Rolling Creek","state":"CO","atlas_class":"named_natural_stream_detail","huc8":"10190002","huc8Name":"Upper South Platte","lineageKey":"greenback","lineage":"greenback","historic":"greenback","current":"greenback","recovery":"recoveryWatch","lineageLabel":"Greenback / South Platte lineage","atlas_context":"cutthroat_lineage_context"}},{"type":"Feature","geometry":{"type":"LineString","coordinates":[[-105.5423,39.2851],[-105.5387,39.2861]]},"properties":{"name":"Bonis Creek","display_name":"Bonis Creek","source_name":"Bonis Creek","state":"CO","atlas_class":"named_natural_stream_detail","huc8":"10190002","huc8Name":"Upper South Platte","lineageKey":"greenback","lineage":"greenback","historic":"greenback","current":"greenback","recovery":"recoveryWatch","lineageLabel":"Greenback / South Platte lineage","atlas_context":"cutthroat_lineage_context"}},{"type":"Feature","geometry":{"type":"LineString","coordinates":[[-105.4261,39.3239],[-105.422,39.3261]]},"properties":{"name":"Freeman Creek","display_name":"Freeman Creek","source_name":"Freeman Creek","state":"CO","atlas_class":"named_natural_stream_detail","huc8":"10190002","huc8Name":"Upper South Platte","lineageKey":"greenback","lineage":"greenback","historic":"greenback","current":"greenback","recovery":"recoveryWatch","lineageLabel":"Greenback / South Platte lineage","atlas_context":"cutthroat_lineage_context"}},{"type":"Feature","geometry":{"type":"LineString","coordinates":[[-105.4636,39.3843],[-105.4634,39.3844]]},"properties":{"name":"Rock Creek","display_name":"Rock Creek","source_name":"Rock Creek","state":"CO","atlas_class":"named_natural_stream_detail","huc8":"10190002","huc8Name":"Upper South Platte","lineageKey":"greenback","lineage":"greenback","historic":"greenback","current":"greenback","recovery":"recoveryWatch","lineageLabel":"Greenback / South Platte lineage","atlas_context":"cutthroat_lineage_context"}},{"type":"Feature","geometry":{"type":"LineString","coordinates":[[-105.415,39.3129],[-105.4148,39.3131]]},"properties":{"name":"North Rolling Creek","display_name":"North Rolling Creek","source_name":"North Rolling Creek","state":"CO","atlas_class":"named_natural_stream_detail","huc8":"10190002","huc8Name":"Upper South Platte","lineageKey":"greenback","lineage":"greenback","historic":"greenback","current":"greenback","recovery":"recoveryWatch","lineageLabel":"Greenback / South Platte lineage","atlas_context":"cutthroat_lineage_context"}},{"type":"Feature","geometry":{"type":"LineString","coordinates":[[-105.4141,39.3165],[-105.4138,39.3177]]},"properties":{"name":"North Rolling Creek","display_name":"North Rolling Creek","source_name":"North Rolling Creek","state":"CO","atlas_class":"named_natural_stream_detail","huc8":"10190002","huc8Name":"Upper South Platte","lineageKey":"greenback","lineage":"greenback","historic":"greenback","current":"greenback","recovery":"recoveryWatch","lineageLabel":"Greenback / South Platte lineage","atlas_context":"cutthroat_lineage_context"}},{"type":"Feature","geometry":{"type":"LineString","coordinates":[[-105.4138,39.3177],[-105.4122,39.3206],[-105.4082,39.3224]]},"properties":{"name":"North Rolling Creek","display_name":"North Rolling Creek","source_name":"North Rolling Creek","state":"CO","atlas_class":"named_natural_stream_detail","huc8":"10190002","huc8Name":"Upper South Platte","lineageKey":"greenback","lineage":"greenback","historic":"greenback","current":"greenback","recovery":"recoveryWatch","lineageLabel":"Greenback / South Platte lineage","atlas_context":"cutthroat_lineage_context"}},{"type":"Feature","geometry":{"type":"LineString","coordinates":[[-105.4541,39.2554],[-105.4538,39.2546]]},"properties":{"name":"Lost Creek","display_name":"Lost Creek","source_name":"Lost Creek","state":"CO","atlas_class":"named_natural_stream_detail","huc8":"10190002","huc8Name":"Upper South Platte","lineageKey":"greenback","lineage":"greenback","historic":"greenback","current":"greenback","recovery":"recoveryWatch","lineageLabel":"Greenback / South Platte lineage","atlas_context":"cutthroat_lineage_context"}},{"type":"Feature","geometry":{"type":"LineString","coordinates":[[-105.4114,39.2157],[-105.41,39.2137],[-105.407,39.213]]},"properties":{"name":"Lost Creek","display_name":"Lost Creek","source_name":"Lost Creek","state":"CO","atlas_class":"named_natural_stream_detail","huc8":"10190002","huc8Name":"Upper South Platte","lineageKey":"greenback","lineage":"greenback","historic":"greenback","current":"greenback","recovery":"recoveryWatch","lineageLabel":"Greenback / South Platte lineage","atlas_context":"cutthroat_lineage_context"}},{"type":"Feature","geometry":{"type":"LineString","coordinates":[[-105.5113,39.3394],[-105.5066,39.3373],[-105.5022,39.3367]]},"properties":{"name":"Craig Creek","display_name":"Craig Creek","source_name":"Craig Creek","state":"CO","atlas_class":"named_natural_stream_detail","huc8":"10190002","huc8Name":"Upper South Platte","lineageKey":"greenback","lineage":"greenback","historic":"greenback","current":"greenback","recovery":"recoveryWatch","lineageLabel":"Greenback / South Platte lineage","atlas_context":"cutthroat_lineage_context"}},{"type":"Feature","geometry":{"type":"LineString","coordinates":[[-105.4567,39.3898],[-105.4546,39.3912]]},"properties":{"name":"Rock Creek","display_name":"Rock Creek","source_name":"Rock Creek","state":"CO","atlas_class":"named_natural_stream_detail","huc8":"10190002","huc8Name":"Upper South Platte","lineageKey":"greenback","lineage":"greenback","historic":"greenback","current":"greenback","recovery":"recoveryWatch","lineageLabel":"Greenback / South Platte lineage","atlas_context":"cutthroat_lineage_context"}},{"type":"Feature","geometry":{"type":"LineString","coordinates":[[-105.4898,39.2008],[-105.4917,39.1973]]},"properties":{"name":"Sand Creek","display_name":"Sand Creek","source_name":"Sand Creek","state":"CO","atlas_class":"named_natural_stream_detail","huc8":"10190001","huc8Name":"South Platte Headwaters","lineageKey":"greenback","lineage":"greenback","historic":"greenback","current":"greenback","recovery":"recoveryWatch","lineageLabel":"Greenback / South Platte lineage","atlas_context":"cutthroat_lineage_context"}},{"type":"Feature","geometry":{"type":"LineString","coordinates":[[-105.4077,39.3949],[-105.4072,39.3949]]},"properties":{"name":"North Fork South Platte River","display_name":"North Fork South Platte River","source_name":"North Fork South Platte River","state":"CO","atlas_class":"named_natural_stream_detail","huc8":"10190002","huc8Name":"Upper South Platte","lineageKey":"greenback","lineage":"greenback","historic":"greenback","current":"greenback","recovery":"recoveryWatch","lineageLabel":"Greenback / South Platte lineage","atlas_context":"cutthroat_lineage_context"}},{"type":"Feature","geometry":{"type":"LineString","coordinates":[[-105.4281,39.3695],[-105.4286,39.3711]]},"properties":{"name":"Craig Creek","display_name":"Craig Creek","source_name":"Craig Creek","state":"CO","atlas_class":"named_natural_stream_detail","huc8":"10190002","huc8Name":"Upper South Platte","lineageKey":"greenback","lineage":"greenback","historic":"greenback","current":"greenback","recovery":"recoveryWatch","lineageLabel":"Greenback / South Platte lineage","atlas_context":"cutthroat_lineage_context"}},{"type":"Feature","geometry":{"type":"LineString","coordinates":[[-105.428,39.379],[-105.4283,39.3803]]},"properties":{"name":"Craig Creek","display_name":"Craig Creek","source_name":"Craig Creek","state":"CO","atlas_class":"named_natural_stream_detail","huc8":"10190002","huc8Name":"Upper South Platte","lineageKey":"greenback","lineage":"greenback","historic":"greenback","current":"greenback","recovery":"recoveryWatch","lineageLabel":"Greenback / South Platte lineage","atlas_context":"cutthroat_lineage_context"}},{"type":"Feature","geometry":{"type":"LineString","coordinates":[[-105.5032,39.3861],[-105.5051,39.3878]]},"properties":{"name":"Payne Creek","display_name":"Payne Creek","source_name":"Payne Creek","state":"CO","atlas_class":"named_natural_stream_detail","huc8":"10190002","huc8Name":"Upper South Platte","lineageKey":"greenback","lineage":"greenback","historic":"greenback","current":"greenback","recovery":"recoveryWatch","lineageLabel":"Greenback / South Platte lineage","atlas_context":"cutthroat_lineage_context"}},{"type":"Feature","geometry":{"type":"LineString","coordinates":[[-105.4044,39.3953],[-105.4046,39.3971],[-105.4035,39.3979]]},"properties":{"name":"North Fork South Platte River","display_name":"North Fork South Platte River","source_name":"North Fork South Platte River","state":"CO","atlas_class":"named_natural_stream_detail","huc8":"10190002","huc8Name":"Upper South Platte","lineageKey":"greenback","lineage":"greenback","historic":"greenback","current":"greenback","recovery":"recoveryWatch","lineageLabel":"Greenback / South Platte lineage","atlas_context":"cutthroat_lineage_context"}},{"type":"Feature","geometry":{"type":"LineString","coordinates":[[-105.5785,39.2144],[-105.5777,39.2144]]},"properties":{"name":"Tarryall Creek","display_name":"Tarryall Creek","source_name":"Tarryall Creek","state":"CO","atlas_class":"named_natural_stream_detail","huc8":"10190001","huc8Name":"South Platte Headwaters","lineageKey":"greenback","lineage":"greenback","historic":"greenback","current":"greenback","recovery":"recoveryWatch","lineageLabel":"Greenback / South Platte lineage","atlas_context":"cutthroat_lineage_context"}},{"type":"Feature","geometry":{"type":"LineString","coordinates":[[-105.5925,39.3182],[-105.5842,39.3135],[-105.5811,39.3139],[-105.5774,39.3161],[-105.5751,39.3164]]},"properties":{"name":"Beaver Creek","display_name":"Beaver Creek","source_name":"Beaver Creek","state":"CO","atlas_class":"named_natural_stream_detail","huc8":"10190002","huc8Name":"Upper South Platte","lineageKey":"greenback","lineage":"greenback","historic":"greenback","current":"greenback","recovery":"recoveryWatch","lineageLabel":"Greenback / South Platte lineage","atlas_context":"cutthroat_lineage_context"}},{"type":"Feature","geometry":{"type":"LineString","coordinates":[[-105.5901,39.3232],[-105.5875,39.3225]]},"properties":{"name":"South Fork Lost Creek","display_name":"South Fork Lost Creek","source_name":"South Fork Lost Creek","state":"CO","atlas_class":"named_natural_stream_detail","huc8":"10190002","huc8Name":"Upper South Platte","lineageKey":"greenback","lineage":"greenback","historic":"greenback","current":"greenback","recovery":"recoveryWatch","lineageLabel":"Greenback / South Platte lineage","atlas_context":"cutthroat_lineage_context"}},{"type":"Feature","geometry":{"type":"LineString","coordinates":[[-105.5897,39.3422],[-105.5866,39.3413]]},"properties":{"name":"North Fork Lost Creek","display_name":"North Fork Lost Creek","source_name":"North Fork Lost Creek","state":"CO","atlas_class":"named_natural_stream_detail","huc8":"10190002","huc8Name":"Upper South Platte","lineageKey":"greenback","lineage":"greenback","historic":"greenback","current":"greenback","recovery":"recoveryWatch","lineageLabel":"Greenback / South Platte lineage","atlas_context":"cutthroat_lineage_context"}},{"type":"Feature","geometry":{"type":"LineString","coordinates":[[-105.5815,39.3799],[-105.5802,39.3795]]},"properties":{"name":"Craig Creek","display_name":"Craig Creek","source_name":"Craig Creek","state":"CO","atlas_class":"named_natural_stream_detail","huc8":"10190002","huc8Name":"Upper South Platte","lineageKey":"greenback","lineage":"greenback","historic":"greenback","current":"greenback","recovery":"recoveryWatch","lineageLabel":"Greenback / South Platte lineage","atlas_context":"cutthroat_lineage_context"}},{"type":"Feature","geometry":{"type":"LineString","coordinates":[[-105.5732,39.2105],[-105.571,39.2101]]},"properties":{"name":"Tarryall Creek","display_name":"Tarryall Creek","source_name":"Tarryall Creek","state":"CO","atlas_class":"named_natural_stream_detail","huc8":"10190001","huc8Name":"South Platte Headwaters","lineageKey":"greenback","lineage":"greenback","historic":"greenback","current":"greenback","recovery":"recoveryWatch","lineageLabel":"Greenback / South Platte lineage","atlas_context":"cutthroat_lineage_context"}},{"type":"Feature","geometry":{"type":"LineString","coordinates":[[-105.5618,39.2031],[-105.5613,39.2026]]},"properties":{"name":"Tarryall Creek","display_name":"Tarryall Creek","source_name":"Tarryall Creek","state":"CO","atlas_class":"named_natural_stream_detail","huc8":"10190001","huc8Name":"South Platte Headwaters","lineageKey":"greenback","lineage":"greenback","historic":"greenback","current":"greenback","recovery":"recoveryWatch","lineageLabel":"Greenback / South Platte lineage","atlas_context":"cutthroat_lineage_context"}},{"type":"Feature","geometry":{"type":"LineString","coordinates":[[-105.562,39.2628],[-105.56,39.2669]]},"properties":{"name":"Bonis Creek","display_name":"Bonis Creek","source_name":"Bonis Creek","state":"CO","atlas_class":"named_natural_stream_detail","huc8":"10190002","huc8Name":"Upper South Platte","lineageKey":"greenback","lineage":"greenback","historic":"greenback","current":"greenback","recovery":"recoveryWatch","lineageLabel":"Greenback / South Platte lineage","atlas_context":"cutthroat_lineage_context"}},{"type":"Feature","geometry":{"type":"LineString","coordinates":[[-105.5245,39.2852],[-105.5226,39.2844]]},"properties":{"name":"South Fork Lost Creek","display_name":"South Fork Lost Creek","source_name":"South Fork Lost Creek","state":"CO","atlas_class":"named_natural_stream_detail","huc8":"10190002","huc8Name":"Upper South Platte","lineageKey":"greenback","lineage":"greenback","historic":"greenback","current":"greenback","recovery":"recoveryWatch","lineageLabel":"Greenback / South Platte lineage","atlas_context":"cutthroat_lineage_context"}},{"type":"Feature","geometry":{"type":"LineString","coordinates":[[-105.5338,39.3149],[-105.5317,39.314]]},"properties":{"name":"North Fork Lost Creek","display_name":"North Fork Lost Creek","source_name":"North Fork Lost Creek","state":"CO","atlas_class":"named_natural_stream_detail","huc8":"10190002","huc8Name":"Upper South Platte","lineageKey":"greenback","lineage":"greenback","historic":"greenback","current":"greenback","recovery":"recoveryWatch","lineageLabel":"Greenback / South Platte lineage","atlas_context":"cutthroat_lineage_context"}},{"type":"Feature","geometry":{"type":"LineString","coordinates":[[-105.5343,39.2897],[-105.5301,39.2886]]},"properties":{"name":"South Fork Lost Creek","display_name":"South Fork Lost Creek","source_name":"South Fork Lost Creek","state":"CO","atlas_class":"named_natural_stream_detail","huc8":"10190002","huc8Name":"Upper South Platte","lineageKey":"greenback","lineage":"greenback","historic":"greenback","current":"greenback","recovery":"recoveryWatch","lineageLabel":"Greenback / South Platte lineage","atlas_context":"cutthroat_lineage_context"}},{"type":"Feature","geometry":{"type":"LineString","coordinates":[[-105.4953,39.2751],[-105.4945,39.2744]]},"properties":{"name":"Lost Creek","display_name":"Lost Creek","source_name":"Lost Creek","state":"CO","atlas_class":"named_natural_stream_detail","huc8":"10190002","huc8Name":"Upper South Platte","lineageKey":"greenback","lineage":"greenback","historic":"greenback","current":"greenback","recovery":"recoveryWatch","lineageLabel":"Greenback / South Platte lineage","atlas_context":"cutthroat_lineage_context"}},{"type":"Feature","geometry":{"type":"LineString","coordinates":[[-105.422,39.2748],[-105.4218,39.2748]]},"properties":{"name":"Wigwam Creek","display_name":"Wigwam Creek","source_name":"Wigwam Creek","state":"CO","atlas_class":"named_natural_stream_detail","huc8":"10190002","huc8Name":"Upper South Platte","lineageKey":"greenback","lineage":"greenback","historic":"greenback","current":"greenback","recovery":"recoveryWatch","lineageLabel":"Greenback / South Platte lineage","atlas_context":"cutthroat_lineage_context"}},{"type":"Feature","geometry":{"type":"LineString","coordinates":[[-105.4135,39.308],[-105.409,39.3095]]},"properties":{"name":"Rolling Creek","display_name":"Rolling Creek","source_name":"Rolling Creek","state":"CO","atlas_class":"named_natural_stream_detail","huc8":"10190002","huc8Name":"Upper South Platte","lineageKey":"greenback","lineage":"greenback","historic":"greenback","current":"greenback","recovery":"recoveryWatch","lineageLabel":"Greenback / South Platte lineage","atlas_context":"cutthroat_lineage_context"}},{"type":"Feature","geometry":{"type":"LineString","coordinates":[[-105.5139,39.3052],[-105.5134,39.305]]},"properties":{"name":"North Fork Lost Creek","display_name":"North Fork Lost Creek","source_name":"North Fork Lost Creek","state":"CO","atlas_class":"named_natural_stream_detail","huc8":"10190002","huc8Name":"Upper South Platte","lineageKey":"greenback","lineage":"greenback","historic":"greenback","current":"greenback","recovery":"recoveryWatch","lineageLabel":"Greenback / South Platte lineage","atlas_context":"cutthroat_lineage_context"}},{"type":"Feature","geometry":{"type":"LineString","coordinates":[[-105.5131,39.3048],[-105.5095,39.3033]]},"properties":{"name":"North Fork Lost Creek","display_name":"North Fork Lost Creek","source_name":"North Fork Lost Creek","state":"CO","atlas_class":"named_natural_stream_detail","huc8":"10190002","huc8Name":"Upper South Platte","lineageKey":"greenback","lineage":"greenback","historic":"greenback","current":"greenback","recovery":"recoveryWatch","lineageLabel":"Greenback / South Platte lineage","atlas_context":"cutthroat_lineage_context"}},{"type":"Feature","geometry":{"type":"LineString","coordinates":[[-105.5095,39.3033],[-105.505,39.3021]]},"properties":{"name":"North Fork Lost Creek","display_name":"North Fork Lost Creek","source_name":"North Fork Lost Creek","state":"CO","atlas_class":"named_natural_stream_detail","huc8":"10190002","huc8Name":"Upper South Platte","lineageKey":"greenback","lineage":"greenback","historic":"greenback","current":"greenback","recovery":"recoveryWatch","lineageLabel":"Greenback / South Platte lineage","atlas_context":"cutthroat_lineage_context"}},{"type":"Feature","geometry":{"type":"LineString","coordinates":[[-105.5153,39.3414],[-105.5113,39.3394]]},"properties":{"name":"Craig Creek","display_name":"Craig Creek","source_name":"Craig Creek","state":"CO","atlas_class":"named_natural_stream_detail","huc8":"10190002","huc8Name":"Upper South Platte","lineageKey":"greenback","lineage":"greenback","historic":"greenback","current":"greenback","recovery":"recoveryWatch","lineageLabel":"Greenback / South Platte lineage","atlas_context":"cutthroat_lineage_context"}},{"type":"Feature","geometry":{"type":"LineString","coordinates":[[-105.5022,39.3367],[-105.5014,39.3366]]},"properties":{"name":"Craig Creek","display_name":"Craig Creek","source_name":"Craig Creek","state":"CO","atlas_class":"named_natural_stream_detail","huc8":"10190002","huc8Name":"Upper South Platte","lineageKey":"greenback","lineage":"greenback","historic":"greenback","current":"greenback","recovery":"recoveryWatch","lineageLabel":"Greenback / South Platte lineage","atlas_context":"cutthroat_lineage_context"}},{"type":"Feature","geometry":{"type":"LineString","coordinates":[[-105.5014,39.3366],[-105.4996,39.3364]]},"properties":{"name":"Craig Creek","display_name":"Craig Creek","source_name":"Craig Creek","state":"CO","atlas_class":"named_natural_stream_detail","huc8":"10190002","huc8Name":"Upper South Platte","lineageKey":"greenback","lineage":"greenback","historic":"greenback","current":"greenback","recovery":"recoveryWatch","lineageLabel":"Greenback / South Platte lineage","atlas_context":"cutthroat_lineage_context"}},{"type":"Feature","geometry":{"type":"LineString","coordinates":[[-105.4996,39.3364],[-105.4983,39.3368]]},"properties":{"name":"Craig Creek","display_name":"Craig Creek","source_name":"Craig Creek","state":"CO","atlas_class":"named_natural_stream_detail","huc8":"10190002","huc8Name":"Upper South Platte","lineageKey":"greenback","lineage":"greenback","historic":"greenback","current":"greenback","recovery":"recoveryWatch","lineageLabel":"Greenback / South Platte lineage","atlas_context":"cutthroat_lineage_context"}},{"type":"Feature","geometry":{"type":"LineString","coordinates":[[-105.4852,39.2702],[-105.4839,39.2703]]},"properties":{"name":"Lost Creek","display_name":"Lost Creek","source_name":"Lost Creek","state":"CO","atlas_class":"named_natural_stream_detail","huc8":"10190002","huc8Name":"Upper South Platte","lineageKey":"greenback","lineage":"greenback","historic":"greenback","current":"greenback","recovery":"recoveryWatch","lineageLabel":"Greenback / South Platte lineage","atlas_context":"cutthroat_lineage_context"}},{"type":"Feature","geometry":{"type":"LineString","coordinates":[[-105.4082,39.3224],[-105.4076,39.323]]},"properties":{"name":"North Rolling Creek","display_name":"North Rolling Creek","source_name":"North Rolling Creek","state":"CO","atlas_class":"named_natural_stream_detail","huc8":"10190002","huc8Name":"Upper South Platte","lineageKey":"greenback","lineage":"greenback","historic":"greenback","current":"greenback","recovery":"recoveryWatch","lineageLabel":"Greenback / South Platte lineage","atlas_context":"cutthroat_lineage_context"}},{"type":"Feature","geometry":{"type":"LineString","coordinates":[[-105.5317,39.314],[-105.5254,39.3113],[-105.5204,39.3105],[-105.5191,39.3092]]},"properties":{"name":"North Fork Lost Creek","display_name":"North Fork Lost Creek","source_name":"North Fork Lost Creek","state":"CO","atlas_class":"named_natural_stream_detail","huc8":"10190002","huc8Name":"Upper South Platte","lineageKey":"greenback","lineage":"greenback","historic":"greenback","current":"greenback","recovery":"recoveryWatch","lineageLabel":"Greenback / South Platte lineage","atlas_context":"cutthroat_lineage_context"}},{"type":"Feature","geometry":{"type":"LineString","coordinates":[[-105.4284,39.3631],[-105.4291,39.3652]]},"properties":{"name":"Craig Creek","display_name":"Craig Creek","source_name":"Craig Creek","state":"CO","atlas_class":"named_natural_stream_detail","huc8":"10190002","huc8Name":"Upper South Platte","lineageKey":"greenback","lineage":"greenback","historic":"greenback","current":"greenback","recovery":"recoveryWatch","lineageLabel":"Greenback / South Platte lineage","atlas_context":"cutthroat_lineage_context"}},{"type":"Feature","geometry":{"type":"LineString","coordinates":[[-105.4248,39.3725],[-105.4243,39.3727]]},"properties":{"name":"Craig Creek","display_name":"Craig Creek","source_name":"Craig Creek","state":"CO","atlas_class":"named_natural_stream_detail","huc8":"10190002","huc8Name":"Upper South Platte","lineageKey":"greenback","lineage":"greenback","historic":"greenback","current":"greenback","recovery":"recoveryWatch","lineageLabel":"Greenback / South Platte lineage","atlas_context":"cutthroat_lineage_context"}},{"type":"Feature","geometry":{"type":"LineString","coordinates":[[-105.4833,39.3381],[-105.4784,39.3392]]},"properties":{"name":"Craig Creek","display_name":"Craig Creek","source_name":"Craig Creek","state":"CO","atlas_class":"named_natural_stream_detail","huc8":"10190002","huc8Name":"Upper South Platte","lineageKey":"greenback","lineage":"greenback","historic":"greenback","current":"greenback","recovery":"recoveryWatch","lineageLabel":"Greenback / South Platte lineage","atlas_context":"cutthroat_lineage_context"}},{"type":"Feature","geometry":{"type":"LineString","coordinates":[[-105.4521,39.2469],[-105.4493,39.2453]]},"properties":{"name":"Lost Creek","display_name":"Lost Creek","source_name":"Lost Creek","state":"CO","atlas_class":"named_natural_stream_detail","huc8":"10190002","huc8Name":"Upper South Platte","lineageKey":"greenback","lineage":"greenback","historic":"greenback","current":"greenback","recovery":"recoveryWatch","lineageLabel":"Greenback / South Platte lineage","atlas_context":"cutthroat_lineage_context"}},{"type":"Feature","geometry":{"type":"LineString","coordinates":[[-105.4304,39.2366],[-105.4299,39.2343],[-105.4289,39.2342]]},"properties":{"name":"Lost Creek","display_name":"Lost Creek","source_name":"Lost Creek","state":"CO","atlas_class":"named_natural_stream_detail","huc8":"10190002","huc8Name":"Upper South Platte","lineageKey":"greenback","lineage":"greenback","historic":"greenback","current":"greenback","recovery":"recoveryWatch","lineageLabel":"Greenback / South Platte lineage","atlas_context":"cutthroat_lineage_context"}},{"type":"Feature","geometry":{"type":"LineString","coordinates":[[-105.4289,39.2342],[-105.4274,39.2343]]},"properties":{"name":"Lost Creek","display_name":"Lost Creek","source_name":"Lost Creek","state":"CO","atlas_class":"named_natural_stream_detail","huc8":"10190002","huc8Name":"Upper South Platte","lineageKey":"greenback","lineage":"greenback","historic":"greenback","current":"greenback","recovery":"recoveryWatch","lineageLabel":"Greenback / South Platte lineage","atlas_context":"cutthroat_lineage_context"}},{"type":"Feature","geometry":{"type":"LineString","coordinates":[[-105.4927,39.2716],[-105.4926,39.2713]]},"properties":{"name":"Lost Creek","display_name":"Lost Creek","source_name":"Lost Creek","state":"CO","atlas_class":"named_natural_stream_detail","huc8":"10190002","huc8Name":"Upper South Platte","lineageKey":"greenback","lineage":"greenback","historic":"greenback","current":"greenback","recovery":"recoveryWatch","lineageLabel":"Greenback / South Platte lineage","atlas_context":"cutthroat_lineage_context"}},{"type":"Feature","geometry":{"type":"LineString","coordinates":[[-105.4105,39.2706],[-105.4099,39.2703]]},"properties":{"name":"Wigwam Creek","display_name":"Wigwam Creek","source_name":"Wigwam Creek","state":"CO","atlas_class":"named_natural_stream_detail","huc8":"10190002","huc8Name":"Upper South Platte","lineageKey":"greenback","lineage":"greenback","historic":"greenback","current":"greenback","recovery":"recoveryWatch","lineageLabel":"Greenback / South Platte lineage","atlas_context":"cutthroat_lineage_context"}},{"type":"Feature","geometry":{"type":"LineString","coordinates":[[-105.4035,39.2672],[-105.4034,39.2671]]},"properties":{"name":"Wigwam Creek","display_name":"Wigwam Creek","source_name":"Wigwam Creek","state":"CO","atlas_class":"named_natural_stream_detail","huc8":"10190002","huc8Name":"Upper South Platte","lineageKey":"greenback","lineage":"greenback","historic":"greenback","current":"greenback","recovery":"recoveryWatch","lineageLabel":"Greenback / South Platte lineage","atlas_context":"cutthroat_lineage_context"}},{"type":"Feature","geometry":{"type":"LineString","coordinates":[[-105.4091,39.2195],[-105.4079,39.2189],[-105.4081,39.2181],[-105.4115,39.217],[-105.4115,39.2159]]},"properties":{"name":"Lost Creek","display_name":"Lost Creek","source_name":"Lost Creek","state":"CO","atlas_class":"named_natural_stream_detail","huc8":"10190002","huc8Name":"Upper South Platte","lineageKey":"greenback","lineage":"greenback","historic":"greenback","current":"greenback","recovery":"recoveryWatch","lineageLabel":"Greenback / South Platte lineage","atlas_context":"cutthroat_lineage_context"}},{"type":"Feature","geometry":{"type":"LineString","coordinates":[[-105.4142,39.2271],[-105.4152,39.2236],[-105.4147,39.2227],[-105.4113,39.2233]]},"properties":{"name":"Lost Creek","display_name":"Lost Creek","source_name":"Lost Creek","state":"CO","atlas_class":"named_natural_stream_detail","huc8":"10190002","huc8Name":"Upper South Platte","lineageKey":"greenback","lineage":"greenback","historic":"greenback","current":"greenback","recovery":"recoveryWatch","lineageLabel":"Greenback / South Platte lineage","atlas_context":"cutthroat_lineage_context"}},{"type":"Feature","geometry":{"type":"LineString","coordinates":[[-105.5193,39.2501],[-105.5195,39.2504]]},"properties":{"name":"Indian Creek","display_name":"Indian Creek","source_name":"Indian Creek","state":"CO","atlas_class":"named_natural_stream_detail","huc8":"10190002","huc8Name":"Upper South Platte","lineageKey":"greenback","lineage":"greenback","historic":"greenback","current":"greenback","recovery":"recoveryWatch","lineageLabel":"Greenback / South Platte lineage","atlas_context":"cutthroat_lineage_context"}},{"type":"Feature","geometry":{"type":"LineString","coordinates":[[-105.519,39.2495],[-105.5193,39.2501]]},"properties":{"name":"Indian Creek","display_name":"Indian Creek","source_name":"Indian Creek","state":"CO","atlas_class":"named_natural_stream_detail","huc8":"10190002","huc8Name":"Upper South Platte","lineageKey":"greenback","lineage":"greenback","historic":"greenback","current":"greenback","recovery":"recoveryWatch","lineageLabel":"Greenback / South Platte lineage","atlas_context":"cutthroat_lineage_context"}},{"type":"Feature","geometry":{"type":"LineString","coordinates":[[-105.5165,39.2343],[-105.5168,39.2348]]},"properties":{"name":"Indian Creek","display_name":"Indian Creek","source_name":"Indian Creek","state":"CO","atlas_class":"named_natural_stream_detail","huc8":"10190002","huc8Name":"Upper South Platte","lineageKey":"greenback","lineage":"greenback","historic":"greenback","current":"greenback","recovery":"recoveryWatch","lineageLabel":"Greenback / South Platte lineage","atlas_context":"cutthroat_lineage_context"}},{"type":"Feature","geometry":{"type":"LineString","coordinates":[[-105.5145,39.2325],[-105.5165,39.2343]]},"properties":{"name":"Indian Creek","display_name":"Indian Creek","source_name":"Indian Creek","state":"CO","atlas_class":"named_natural_stream_detail","huc8":"10190002","huc8Name":"Upper South Platte","lineageKey":"greenback","lineage":"greenback","historic":"greenback","current":"greenback","recovery":"recoveryWatch","lineageLabel":"Greenback / South Platte lineage","atlas_context":"cutthroat_lineage_context"}},{"type":"Feature","geometry":{"type":"LineString","coordinates":[[-105.5182,39.2475],[-105.519,39.2495]]},"properties":{"name":"Indian Creek","display_name":"Indian Creek","source_name":"Indian Creek","state":"CO","atlas_class":"named_natural_stream_detail","huc8":"10190002","huc8Name":"Upper South Platte","lineageKey":"greenback","lineage":"greenback","historic":"greenback","current":"greenback","recovery":"recoveryWatch","lineageLabel":"Greenback / South Platte lineage","atlas_context":"cutthroat_lineage_context"}},{"type":"Feature","geometry":{"type":"LineString","coordinates":[[-105.5107,39.2822],[-105.508,39.2831]]},"properties":{"name":"South Fork Lost Creek","display_name":"South Fork Lost Creek","source_name":"South Fork Lost Creek","state":"CO","atlas_class":"named_natural_stream_detail","huc8":"10190002","huc8Name":"Upper South Platte","lineageKey":"greenback","lineage":"greenback","historic":"greenback","current":"greenback","recovery":"recoveryWatch","lineageLabel":"Greenback / South Platte lineage","atlas_context":"cutthroat_lineage_context"}},{"type":"Feature","geometry":{"type":"LineString","coordinates":[[-105.508,39.2831],[-105.5071,39.2834]]},"properties":{"name":"South Fork Lost Creek","display_name":"South Fork Lost Creek","source_name":"South Fork Lost Creek","state":"CO","atlas_class":"named_natural_stream_detail","huc8":"10190002","huc8Name":"Upper South Platte","lineageKey":"greenback","lineage":"greenback","historic":"greenback","current":"greenback","recovery":"recoveryWatch","lineageLabel":"Greenback / South Platte lineage","atlas_context":"cutthroat_lineage_context"}},{"type":"Feature","geometry":{"type":"LineString","coordinates":[[-105.4717,39.2398],[-105.4711,39.2399]]},"properties":{"name":"McCurdy Creek","display_name":"McCurdy Creek","source_name":"McCurdy Creek","state":"CO","atlas_class":"named_natural_stream_detail","huc8":"10190002","huc8Name":"Upper South Platte","lineageKey":"greenback","lineage":"greenback","historic":"greenback","current":"greenback","recovery":"recoveryWatch","lineageLabel":"Greenback / South Platte lineage","atlas_context":"cutthroat_lineage_context"}},{"type":"Feature","geometry":{"type":"LineString","coordinates":[[-105.4622,39.3859],[-105.4593,39.3874]]},"properties":{"name":"Rock Creek","display_name":"Rock Creek","source_name":"Rock Creek","state":"CO","atlas_class":"named_natural_stream_detail","huc8":"10190002","huc8Name":"Upper South Platte","lineageKey":"greenback","lineage":"greenback","historic":"greenback","current":"greenback","recovery":"recoveryWatch","lineageLabel":"Greenback / South Platte lineage","atlas_context":"cutthroat_lineage_context"}},{"type":"Feature","geometry":{"type":"LineString","coordinates":[[-105.457,39.3894],[-105.4567,39.3898]]},"properties":{"name":"Rock Creek","display_name":"Rock Creek","source_name":"Rock Creek","state":"CO","atlas_class":"named_natural_stream_detail","huc8":"10190002","huc8Name":"Upper South Platte","lineageKey":"greenback","lineage":"greenback","historic":"greenback","current":"greenback","recovery":"recoveryWatch","lineageLabel":"Greenback / South Platte lineage","atlas_context":"cutthroat_lineage_context"}},{"type":"Feature","geometry":{"type":"LineString","coordinates":[[-105.4687,39.2706],[-105.4681,39.2704]]},"properties":{"name":"Lost Creek","display_name":"Lost Creek","source_name":"Lost Creek","state":"CO","atlas_class":"named_natural_stream_detail","huc8":"10190002","huc8Name":"Upper South Platte","lineageKey":"greenback","lineage":"greenback","historic":"greenback","current":"greenback","recovery":"recoveryWatch","lineageLabel":"Greenback / South Platte lineage","atlas_context":"cutthroat_lineage_context"}},{"type":"Feature","geometry":{"type":"LineString","coordinates":[[-105.4399,39.3464],[-105.439,39.3466]]},"properties":{"name":"Craig Creek","display_name":"Craig Creek","source_name":"Craig Creek","state":"CO","atlas_class":"named_natural_stream_detail","huc8":"10190002","huc8Name":"Upper South Platte","lineageKey":"greenback","lineage":"greenback","historic":"greenback","current":"greenback","recovery":"recoveryWatch","lineageLabel":"Greenback / South Platte lineage","atlas_context":"cutthroat_lineage_context"}},{"type":"Feature","geometry":{"type":"LineString","coordinates":[[-105.4305,39.3533],[-105.4284,39.3561],[-105.4288,39.3577]]},"properties":{"name":"Craig Creek","display_name":"Craig Creek","source_name":"Craig Creek","state":"CO","atlas_class":"named_natural_stream_detail","huc8":"10190002","huc8Name":"Upper South Platte","lineageKey":"greenback","lineage":"greenback","historic":"greenback","current":"greenback","recovery":"recoveryWatch","lineageLabel":"Greenback / South Platte lineage","atlas_context":"cutthroat_lineage_context"}},{"type":"Feature","geometry":{"type":"LineString","coordinates":[[-105.4301,39.3682],[-105.4298,39.3689]]},"properties":{"name":"Craig Creek","display_name":"Craig Creek","source_name":"Craig Creek","state":"CO","atlas_class":"named_natural_stream_detail","huc8":"10190002","huc8Name":"Upper South Platte","lineageKey":"greenback","lineage":"greenback","historic":"greenback","current":"greenback","recovery":"recoveryWatch","lineageLabel":"Greenback / South Platte lineage","atlas_context":"cutthroat_lineage_context"}},{"type":"Feature","geometry":{"type":"LineString","coordinates":[[-105.4689,39.3345],[-105.4668,39.333]]},"properties":{"name":"Craig Creek","display_name":"Craig Creek","source_name":"Craig Creek","state":"CO","atlas_class":"named_natural_stream_detail","huc8":"10190002","huc8Name":"Upper South Platte","lineageKey":"greenback","lineage":"greenback","historic":"greenback","current":"greenback","recovery":"recoveryWatch","lineageLabel":"Greenback / South Platte lineage","atlas_context":"cutthroat_lineage_context"}},{"type":"Feature","geometry":{"type":"LineString","coordinates":[[-105.4367,39.2408],[-105.4353,39.2394]]},"properties":{"name":"Lost Creek","display_name":"Lost Creek","source_name":"Lost Creek","state":"CO","atlas_class":"named_natural_stream_detail","huc8":"10190002","huc8Name":"Upper South Platte","lineageKey":"greenback","lineage":"greenback","historic":"greenback","current":"greenback","recovery":"recoveryWatch","lineageLabel":"Greenback / South Platte lineage","atlas_context":"cutthroat_lineage_context"}},{"type":"Feature","geometry":{"type":"LineString","coordinates":[[-105.4509,39.3377],[-105.4508,39.3384],[-105.4498,39.3385]]},"properties":{"name":"Craig Creek","display_name":"Craig Creek","source_name":"Craig Creek","state":"CO","atlas_class":"named_natural_stream_detail","huc8":"10190002","huc8Name":"Upper South Platte","lineageKey":"greenback","lineage":"greenback","historic":"greenback","current":"greenback","recovery":"recoveryWatch","lineageLabel":"Greenback / South Platte lineage","atlas_context":"cutthroat_lineage_context"}},{"type":"Feature","geometry":{"type":"LineString","coordinates":[[-105.4485,39.3384],[-105.4477,39.3389]]},"properties":{"name":"Craig Creek","display_name":"Craig Creek","source_name":"Craig Creek","state":"CO","atlas_class":"named_natural_stream_detail","huc8":"10190002","huc8Name":"Upper South Platte","lineageKey":"greenback","lineage":"greenback","historic":"greenback","current":"greenback","recovery":"recoveryWatch","lineageLabel":"Greenback / South Platte lineage","atlas_context":"cutthroat_lineage_context"}},{"type":"Feature","geometry":{"type":"LineString","coordinates":[[-105.4477,39.3389],[-105.4474,39.3395]]},"properties":{"name":"Craig Creek","display_name":"Craig Creek","source_name":"Craig Creek","state":"CO","atlas_class":"named_natural_stream_detail","huc8":"10190002","huc8Name":"Upper South Platte","lineageKey":"greenback","lineage":"greenback","historic":"greenback","current":"greenback","recovery":"recoveryWatch","lineageLabel":"Greenback / South Platte lineage","atlas_context":"cutthroat_lineage_context"}},{"type":"Feature","geometry":{"type":"LineString","coordinates":[[-105.4867,39.2042],[-105.4894,39.2025],[-105.4898,39.2008]]},"properties":{"name":"Sand Creek","display_name":"Sand Creek","source_name":"Sand Creek","state":"CO","atlas_class":"named_natural_stream_detail","huc8":"10190001","huc8Name":"South Platte Headwaters","lineageKey":"greenback","lineage":"greenback","historic":"greenback","current":"greenback","recovery":"recoveryWatch","lineageLabel":"Greenback / South Platte lineage","atlas_context":"cutthroat_lineage_context"}},{"type":"Feature","geometry":{"type":"LineString","coordinates":[[-105.4951,39.2294],[-105.4922,39.229],[-105.4893,39.2254]]},"properties":{"name":"McCurdy Creek","display_name":"McCurdy Creek","source_name":"McCurdy Creek","state":"CO","atlas_class":"named_natural_stream_detail","huc8":"10190002","huc8Name":"Upper South Platte","lineageKey":"greenback","lineage":"greenback","historic":"greenback","current":"greenback","recovery":"recoveryWatch","lineageLabel":"Greenback / South Platte lineage","atlas_context":"cutthroat_lineage_context"}},{"type":"Feature","geometry":{"type":"LineString","coordinates":[[-105.464,39.2426],[-105.4579,39.2439],[-105.4558,39.2462]]},"properties":{"name":"McCurdy Creek","display_name":"McCurdy Creek","source_name":"McCurdy Creek","state":"CO","atlas_class":"named_natural_stream_detail","huc8":"10190002","huc8Name":"Upper South Platte","lineageKey":"greenback","lineage":"greenback","historic":"greenback","current":"greenback","recovery":"recoveryWatch","lineageLabel":"Greenback / South Platte lineage","atlas_context":"cutthroat_lineage_context"}},{"type":"Feature","geometry":{"type":"LineString","coordinates":[[-105.4584,39.3338],[-105.4561,39.3364]]},"properties":{"name":"Craig Creek","display_name":"Craig Creek","source_name":"Craig Creek","state":"CO","atlas_class":"named_natural_stream_detail","huc8":"10190002","huc8Name":"Upper South Platte","lineageKey":"greenback","lineage":"greenback","historic":"greenback","current":"greenback","recovery":"recoveryWatch","lineageLabel":"Greenback / South Platte lineage","atlas_context":"cutthroat_lineage_context"}},{"type":"Feature","geometry":{"type":"LineString","coordinates":[[-105.4715,39.3817],[-105.4697,39.3836]]},"properties":{"name":"Rock Creek","display_name":"Rock Creek","source_name":"Rock Creek","state":"CO","atlas_class":"named_natural_stream_detail","huc8":"10190002","huc8Name":"Upper South Platte","lineageKey":"greenback","lineage":"greenback","historic":"greenback","current":"greenback","recovery":"recoveryWatch","lineageLabel":"Greenback / South Platte lineage","atlas_context":"cutthroat_lineage_context"}},{"type":"Feature","geometry":{"type":"LineString","coordinates":[[-105.4817,39.2318],[-105.4785,39.2341]]},"properties":{"name":"McCurdy Creek","display_name":"McCurdy Creek","source_name":"McCurdy Creek","state":"CO","atlas_class":"named_natural_stream_detail","huc8":"10190002","huc8Name":"Upper South Platte","lineageKey":"greenback","lineage":"greenback","historic":"greenback","current":"greenback","recovery":"recoveryWatch","lineageLabel":"Greenback / South Platte lineage","atlas_context":"cutthroat_lineage_context"}},{"type":"Feature","geometry":{"type":"LineString","coordinates":[[-105.5075,39.3988],[-105.5065,39.4008]]},"properties":{"name":"Payne Creek","display_name":"Payne Creek","source_name":"Payne Creek","state":"CO","atlas_class":"named_natural_stream_detail","huc8":"10190002","huc8Name":"Upper South Platte","lineageKey":"greenback","lineage":"greenback","historic":"greenback","current":"greenback","recovery":"recoveryWatch","lineageLabel":"Greenback / South Platte lineage","atlas_context":"cutthroat_lineage_context"}},{"type":"Feature","geometry":{"type":"LineString","coordinates":[[-105.4638,39.2666],[-105.4625,39.2646]]},"properties":{"name":"Lost Creek","display_name":"Lost Creek","source_name":"Lost Creek","state":"CO","atlas_class":"named_natural_stream_detail","huc8":"10190002","huc8Name":"Upper South Platte","lineageKey":"greenback","lineage":"greenback","historic":"greenback","current":"greenback","recovery":"recoveryWatch","lineageLabel":"Greenback / South Platte lineage","atlas_context":"cutthroat_lineage_context"}},{"type":"Feature","geometry":{"type":"LineString","coordinates":[[-105.5755,39.2141],[-105.575,39.2128]]},"properties":{"name":"Tarryall Creek","display_name":"Tarryall Creek","source_name":"Tarryall Creek","state":"CO","atlas_class":"named_natural_stream_detail","huc8":"10190001","huc8Name":"South Platte Headwaters","lineageKey":"greenback","lineage":"greenback","historic":"greenback","current":"greenback","recovery":"recoveryWatch","lineageLabel":"Greenback / South Platte lineage","atlas_context":"cutthroat_lineage_context"}},{"type":"Feature","geometry":{"type":"LineString","coordinates":[[-105.5612,39.2017],[-105.5602,39.2009]]},"properties":{"name":"Tarryall Creek","display_name":"Tarryall Creek","source_name":"Tarryall Creek","state":"CO","atlas_class":"named_natural_stream_detail","huc8":"10190001","huc8Name":"South Platte Headwaters","lineageKey":"greenback","lineage":"greenback","historic":"greenback","current":"greenback","recovery":"recoveryWatch","lineageLabel":"Greenback / South Platte lineage","atlas_context":"cutthroat_lineage_context"}},{"type":"Feature","geometry":{"type":"LineString","coordinates":[[-105.4749,39.2706],[-105.4687,39.2706]]},"properties":{"name":"Lost Creek","display_name":"Lost Creek","source_name":"Lost Creek","state":"CO","atlas_class":"named_natural_stream_detail","huc8":"10190002","huc8Name":"Upper South Platte","lineageKey":"greenback","lineage":"greenback","historic":"greenback","current":"greenback","recovery":"recoveryWatch","lineageLabel":"Greenback / South Platte lineage","atlas_context":"cutthroat_lineage_context"}},{"type":"Feature","geometry":{"type":"LineString","coordinates":[[-105.4298,39.2739],[-105.4272,39.2743]]},"properties":{"name":"Wigwam Creek","display_name":"Wigwam Creek","source_name":"Wigwam Creek","state":"CO","atlas_class":"named_natural_stream_detail","huc8":"10190002","huc8Name":"Upper South Platte","lineageKey":"greenback","lineage":"greenback","historic":"greenback","current":"greenback","recovery":"recoveryWatch","lineageLabel":"Greenback / South Platte lineage","atlas_context":"cutthroat_lineage_context"}},{"type":"Feature","geometry":{"type":"LineString","coordinates":[[-105.4255,39.2741],[-105.4251,39.274]]},"properties":{"name":"Wigwam Creek","display_name":"Wigwam Creek","source_name":"Wigwam Creek","state":"CO","atlas_class":"named_natural_stream_detail","huc8":"10190002","huc8Name":"Upper South Platte","lineageKey":"greenback","lineage":"greenback","historic":"greenback","current":"greenback","recovery":"recoveryWatch","lineageLabel":"Greenback / South Platte lineage","atlas_context":"cutthroat_lineage_context"}},{"type":"Feature","geometry":{"type":"LineString","coordinates":[[-105.4235,39.2746],[-105.4232,39.2746]]},"properties":{"name":"Wigwam Creek","display_name":"Wigwam Creek","source_name":"Wigwam Creek","state":"CO","atlas_class":"named_natural_stream_detail","huc8":"10190002","huc8Name":"Upper South Platte","lineageKey":"greenback","lineage":"greenback","historic":"greenback","current":"greenback","recovery":"recoveryWatch","lineageLabel":"Greenback / South Platte lineage","atlas_context":"cutthroat_lineage_context"}},{"type":"Feature","geometry":{"type":"LineString","coordinates":[[-105.4952,39.3366],[-105.4931,39.3367]]},"properties":{"name":"Craig Creek","display_name":"Craig Creek","source_name":"Craig Creek","state":"CO","atlas_class":"named_natural_stream_detail","huc8":"10190002","huc8Name":"Upper South Platte","lineageKey":"greenback","lineage":"greenback","historic":"greenback","current":"greenback","recovery":"recoveryWatch","lineageLabel":"Greenback / South Platte lineage","atlas_context":"cutthroat_lineage_context"}},{"type":"Feature","geometry":{"type":"LineString","coordinates":[[-105.4931,39.3367],[-105.4904,39.3369]]},"properties":{"name":"Craig Creek","display_name":"Craig Creek","source_name":"Craig Creek","state":"CO","atlas_class":"named_natural_stream_detail","huc8":"10190002","huc8Name":"Upper South Platte","lineageKey":"greenback","lineage":"greenback","historic":"greenback","current":"greenback","recovery":"recoveryWatch","lineageLabel":"Greenback / South Platte lineage","atlas_context":"cutthroat_lineage_context"}},{"type":"Feature","geometry":{"type":"LineString","coordinates":[[-105.4904,39.3369],[-105.4896,39.3373]]},"properties":{"name":"Craig Creek","display_name":"Craig Creek","source_name":"Craig Creek","state":"CO","atlas_class":"named_natural_stream_detail","huc8":"10190002","huc8Name":"Upper South Platte","lineageKey":"greenback","lineage":"greenback","historic":"greenback","current":"greenback","recovery":"recoveryWatch","lineageLabel":"Greenback / South Platte lineage","atlas_context":"cutthroat_lineage_context"}},{"type":"Feature","geometry":{"type":"LineString","coordinates":[[-105.4896,39.3373],[-105.489,39.3372]]},"properties":{"name":"Craig Creek","display_name":"Craig Creek","source_name":"Craig Creek","state":"CO","atlas_class":"named_natural_stream_detail","huc8":"10190002","huc8Name":"Upper South Platte","lineageKey":"greenback","lineage":"greenback","historic":"greenback","current":"greenback","recovery":"recoveryWatch","lineageLabel":"Greenback / South Platte lineage","atlas_context":"cutthroat_lineage_context"}},{"type":"Feature","geometry":{"type":"LineString","coordinates":[[-105.5523,39.2757],[-105.5525,39.2775]]},"properties":{"name":"Bonis Creek","display_name":"Bonis Creek","source_name":"Bonis Creek","state":"CO","atlas_class":"named_natural_stream_detail","huc8":"10190002","huc8Name":"Upper South Platte","lineageKey":"greenback","lineage":"greenback","historic":"greenback","current":"greenback","recovery":"recoveryWatch","lineageLabel":"Greenback / South Platte lineage","atlas_context":"cutthroat_lineage_context"}},{"type":"Feature","geometry":{"type":"LineString","coordinates":[[-105.5387,39.2861],[-105.5375,39.2872]]},"properties":{"name":"Bonis Creek","display_name":"Bonis Creek","source_name":"Bonis Creek","state":"CO","atlas_class":"named_natural_stream_detail","huc8":"10190002","huc8Name":"Upper South Platte","lineageKey":"greenback","lineage":"greenback","historic":"greenback","current":"greenback","recovery":"recoveryWatch","lineageLabel":"Greenback / South Platte lineage","atlas_context":"cutthroat_lineage_context"}},{"type":"Feature","geometry":{"type":"LineString","coordinates":[[-105.5652,39.2841],[-105.5598,39.2871],[-105.553,39.2892],[-105.546,39.2934],[-105.5413,39.2937]]},"properties":{"name":"No Name Creek","display_name":"No Name Creek","source_name":"No Name Creek","state":"CO","atlas_class":"named_natural_stream_detail","huc8":"10190002","huc8Name":"Upper South Platte","lineageKey":"greenback","lineage":"greenback","historic":"greenback","current":"greenback","recovery":"recoveryWatch","lineageLabel":"Greenback / South Platte lineage","atlas_context":"cutthroat_lineage_context"}},{"type":"Feature","geometry":{"type":"LineString","coordinates":[[-105.577,39.3783],[-105.5701,39.3733],[-105.5648,39.3713]]},"properties":{"name":"Craig Creek","display_name":"Craig Creek","source_name":"Craig Creek","state":"CO","atlas_class":"named_natural_stream_detail","huc8":"10190002","huc8Name":"Upper South Platte","lineageKey":"greenback","lineage":"greenback","historic":"greenback","current":"greenback","recovery":"recoveryWatch","lineageLabel":"Greenback / South Platte lineage","atlas_context":"cutthroat_lineage_context"}},{"type":"Feature","geometry":{"type":"LineString","coordinates":[[-105.485,39.3635],[-105.4861,39.367]]},"properties":{"name":"Rock Creek","display_name":"Rock Creek","source_name":"Rock Creek","state":"CO","atlas_class":"named_natural_stream_detail","huc8":"10190002","huc8Name":"Upper South Platte","lineageKey":"greenback","lineage":"greenback","historic":"greenback","current":"greenback","recovery":"recoveryWatch","lineageLabel":"Greenback / South Platte lineage","atlas_context":"cutthroat_lineage_context"}},{"type":"Feature","geometry":{"type":"LineString","coordinates":[[-105.4835,39.375],[-105.4839,39.3755]]},"properties":{"name":"Rock Creek","display_name":"Rock Creek","source_name":"Rock Creek","state":"CO","atlas_class":"named_natural_stream_detail","huc8":"10190002","huc8Name":"Upper South Platte","lineageKey":"greenback","lineage":"greenback","historic":"greenback","current":"greenback","recovery":"recoveryWatch","lineageLabel":"Greenback / South Platte lineage","atlas_context":"cutthroat_lineage_context"}},{"type":"Feature","geometry":{"type":"LineString","coordinates":[[-105.4922,39.3958],[-105.494,39.3995]]},"properties":{"name":"Roark Creek","display_name":"Roark Creek","source_name":"Roark Creek","state":"CO","atlas_class":"named_natural_stream_detail","huc8":"10190002","huc8Name":"Upper South Platte","lineageKey":"greenback","lineage":"greenback","historic":"greenback","current":"greenback","recovery":"recoveryWatch","lineageLabel":"Greenback / South Platte lineage","atlas_context":"cutthroat_lineage_context"}},{"type":"Feature","geometry":{"type":"LineString","coordinates":[[-105.5507,39.3022],[-105.5499,39.3015]]},"properties":{"name":"South Fork Lost Creek","display_name":"South Fork Lost Creek","source_name":"South Fork Lost Creek","state":"CO","atlas_class":"named_natural_stream_detail","huc8":"10190002","huc8Name":"Upper South Platte","lineageKey":"greenback","lineage":"greenback","historic":"greenback","current":"greenback","recovery":"recoveryWatch","lineageLabel":"Greenback / South Platte lineage","atlas_context":"cutthroat_lineage_context"}},{"type":"Feature","geometry":{"type":"LineString","coordinates":[[-105.5444,39.3186],[-105.5415,39.3175]]},"properties":{"name":"North Fork Lost Creek","display_name":"North Fork Lost Creek","source_name":"North Fork Lost Creek","state":"CO","atlas_class":"named_natural_stream_detail","huc8":"10190002","huc8Name":"Upper South Platte","lineageKey":"greenback","lineage":"greenback","historic":"greenback","current":"greenback","recovery":"recoveryWatch","lineageLabel":"Greenback / South Platte lineage","atlas_context":"cutthroat_lineage_context"}},{"type":"Feature","geometry":{"type":"LineString","coordinates":[[-105.5381,39.3157],[-105.5357,39.3152]]},"properties":{"name":"North Fork Lost Creek","display_name":"North Fork Lost Creek","source_name":"North Fork Lost Creek","state":"CO","atlas_class":"named_natural_stream_detail","huc8":"10190002","huc8Name":"Upper South Platte","lineageKey":"greenback","lineage":"greenback","historic":"greenback","current":"greenback","recovery":"recoveryWatch","lineageLabel":"Greenback / South Platte lineage","atlas_context":"cutthroat_lineage_context"}},{"type":"Feature","geometry":{"type":"LineString","coordinates":[[-105.5478,39.3595],[-105.5461,39.3584]]},"properties":{"name":"Craig Creek","display_name":"Craig Creek","source_name":"Craig Creek","state":"CO","atlas_class":"named_natural_stream_detail","huc8":"10190002","huc8Name":"Upper South Platte","lineageKey":"greenback","lineage":"greenback","historic":"greenback","current":"greenback","recovery":"recoveryWatch","lineageLabel":"Greenback / South Platte lineage","atlas_context":"cutthroat_lineage_context"}},{"type":"Feature","geometry":{"type":"LineString","coordinates":[[-105.5461,39.3584],[-105.5448,39.3578]]},"properties":{"name":"Craig Creek","display_name":"Craig Creek","source_name":"Craig Creek","state":"CO","atlas_class":"named_natural_stream_detail","huc8":"10190002","huc8Name":"Upper South Platte","lineageKey":"greenback","lineage":"greenback","historic":"greenback","current":"greenback","recovery":"recoveryWatch","lineageLabel":"Greenback / South Platte lineage","atlas_context":"cutthroat_lineage_context"}},{"type":"Feature","geometry":{"type":"LineString","coordinates":[[-105.5951,39.3447],[-105.5897,39.3422]]},"properties":{"name":"North Fork Lost Creek","display_name":"North Fork Lost Creek","source_name":"North Fork Lost Creek","state":"CO","atlas_class":"named_natural_stream_detail","huc8":"10190002","huc8Name":"Upper South Platte","lineageKey":"greenback","lineage":"greenback","historic":"greenback","current":"greenback","recovery":"recoveryWatch","lineageLabel":"Greenback / South Platte lineage","atlas_context":"cutthroat_lineage_context"}},{"type":"Feature","geometry":{"type":"LineString","coordinates":[[-105.5529,39.3063],[-105.5517,39.3053],[-105.5507,39.3022]]},"properties":{"name":"South Fork Lost Creek","display_name":"South Fork Lost Creek","source_name":"South Fork Lost Creek","state":"CO","atlas_class":"named_natural_stream_detail","huc8":"10190002","huc8Name":"Upper South Platte","lineageKey":"greenback","lineage":"greenback","historic":"greenback","current":"greenback","recovery":"recoveryWatch","lineageLabel":"Greenback / South Platte lineage","atlas_context":"cutthroat_lineage_context"}},{"type":"Feature","geometry":{"type":"LineString","coordinates":[[-105.5979,39.3076],[-105.5941,39.3067]]},"properties":{"name":"Monkey Creek","display_name":"Monkey Creek","source_name":"Monkey Creek","state":"CO","atlas_class":"named_natural_stream_detail","huc8":"10190002","huc8Name":"Upper South Platte","lineageKey":"greenback","lineage":"greenback","historic":"greenback","current":"greenback","recovery":"recoveryWatch","lineageLabel":"Greenback / South Platte lineage","atlas_context":"cutthroat_lineage_context"}},{"type":"Feature","geometry":{"type":"LineString","coordinates":[[-105.5928,39.3854],[-105.5882,39.3822],[-105.5815,39.3799]]},"properties":{"name":"Craig Creek","display_name":"Craig Creek","source_name":"Craig Creek","state":"CO","atlas_class":"named_natural_stream_detail","huc8":"10190002","huc8Name":"Upper South Platte","lineageKey":"greenback","lineage":"greenback","historic":"greenback","current":"greenback","recovery":"recoveryWatch","lineageLabel":"Greenback / South Platte lineage","atlas_context":"cutthroat_lineage_context"}},{"type":"Feature","geometry":{"type":"LineString","coordinates":[[-105.5168,39.2348],[-105.5174,39.237]]},"properties":{"name":"Indian Creek","display_name":"Indian Creek","source_name":"Indian Creek","state":"CO","atlas_class":"named_natural_stream_detail","huc8":"10190002","huc8Name":"Upper South Platte","lineageKey":"greenback","lineage":"greenback","historic":"greenback","current":"greenback","recovery":"recoveryWatch","lineageLabel":"Greenback / South Platte lineage","atlas_context":"cutthroat_lineage_context"}},{"type":"Feature","geometry":{"type":"LineString","coordinates":[[-105.5195,39.2504],[-105.5209,39.2537],[-105.5207,39.2557]]},"properties":{"name":"Indian Creek","display_name":"Indian Creek","source_name":"Indian Creek","state":"CO","atlas_class":"named_natural_stream_detail","huc8":"10190002","huc8Name":"Upper South Platte","lineageKey":"greenback","lineage":"greenback","historic":"greenback","current":"greenback","recovery":"recoveryWatch","lineageLabel":"Greenback / South Platte lineage","atlas_context":"cutthroat_lineage_context"}},{"type":"Feature","geometry":{"type":"LineString","coordinates":[[-105.5174,39.237],[-105.5164,39.2385],[-105.5158,39.2434]]},"properties":{"name":"Indian Creek","display_name":"Indian Creek","source_name":"Indian Creek","state":"CO","atlas_class":"named_natural_stream_detail","huc8":"10190002","huc8Name":"Upper South Platte","lineageKey":"greenback","lineage":"greenback","historic":"greenback","current":"greenback","recovery":"recoveryWatch","lineageLabel":"Greenback / South Platte lineage","atlas_context":"cutthroat_lineage_context"}},{"type":"Feature","geometry":{"type":"LineString","coordinates":[[-105.5293,39.2883],[-105.5277,39.2868]]},"properties":{"name":"South Fork Lost Creek","display_name":"South Fork Lost Creek","source_name":"South Fork Lost Creek","state":"CO","atlas_class":"named_natural_stream_detail","huc8":"10190002","huc8Name":"Upper South Platte","lineageKey":"greenback","lineage":"greenback","historic":"greenback","current":"greenback","recovery":"recoveryWatch","lineageLabel":"Greenback / South Platte lineage","atlas_context":"cutthroat_lineage_context"}},{"type":"Feature","geometry":{"type":"LineString","coordinates":[[-105.5197,39.2837],[-105.5184,39.283]]},"properties":{"name":"South Fork Lost Creek","display_name":"South Fork Lost Creek","source_name":"South Fork Lost Creek","state":"CO","atlas_class":"named_natural_stream_detail","huc8":"10190002","huc8Name":"Upper South Platte","lineageKey":"greenback","lineage":"greenback","historic":"greenback","current":"greenback","recovery":"recoveryWatch","lineageLabel":"Greenback / South Platte lineage","atlas_context":"cutthroat_lineage_context"}},{"type":"Feature","geometry":{"type":"LineString","coordinates":[[-105.5302,39.3497],[-105.5259,39.3469]]},"properties":{"name":"Craig Creek","display_name":"Craig Creek","source_name":"Craig Creek","state":"CO","atlas_class":"named_natural_stream_detail","huc8":"10190002","huc8Name":"Upper South Platte","lineageKey":"greenback","lineage":"greenback","historic":"greenback","current":"greenback","recovery":"recoveryWatch","lineageLabel":"Greenback / South Platte lineage","atlas_context":"cutthroat_lineage_context"}},{"type":"Feature","geometry":{"type":"LineString","coordinates":[[-105.4135,39.3929],[-105.4148,39.3937]]},"properties":{"name":"North Fork South Platte River","display_name":"North Fork South Platte River","source_name":"North Fork South Platte River","state":"CO","atlas_class":"named_natural_stream_detail","huc8":"10190002","huc8Name":"Upper South Platte","lineageKey":"greenback","lineage":"greenback","historic":"greenback","current":"greenback","recovery":"recoveryWatch","lineageLabel":"Greenback / South Platte lineage","atlas_context":"cutthroat_lineage_context"}},{"type":"Feature","geometry":{"type":"LineString","coordinates":[[-105.4332,39.3511],[-105.432,39.3522]]},"properties":{"name":"Craig Creek","display_name":"Craig Creek","source_name":"Craig Creek","state":"CO","atlas_class":"named_natural_stream_detail","huc8":"10190002","huc8Name":"Upper South Platte","lineageKey":"greenback","lineage":"greenback","historic":"greenback","current":"greenback","recovery":"recoveryWatch","lineageLabel":"Greenback / South Platte lineage","atlas_context":"cutthroat_lineage_context"}},{"type":"Feature","geometry":{"type":"LineString","coordinates":[[-105.5688,39.3059],[-105.5659,39.3052]]},"properties":{"name":"Monkey Creek","display_name":"Monkey Creek","source_name":"Monkey Creek","state":"CO","atlas_class":"named_natural_stream_detail","huc8":"10190002","huc8Name":"Upper South Platte","lineageKey":"greenback","lineage":"greenback","historic":"greenback","current":"greenback","recovery":"recoveryWatch","lineageLabel":"Greenback / South Platte lineage","atlas_context":"cutthroat_lineage_context"}},{"type":"Feature","geometry":{"type":"LineString","coordinates":[[-105.5659,39.3052],[-105.558,39.3021]]},"properties":{"name":"Monkey Creek","display_name":"Monkey Creek","source_name":"Monkey Creek","state":"CO","atlas_class":"named_natural_stream_detail","huc8":"10190002","huc8Name":"Upper South Platte","lineageKey":"greenback","lineage":"greenback","historic":"greenback","current":"greenback","recovery":"recoveryWatch","lineageLabel":"Greenback / South Platte lineage","atlas_context":"cutthroat_lineage_context"}},{"type":"Feature","geometry":{"type":"LineString","coordinates":[[-105.5619,39.3119],[-105.5576,39.3107],[-105.5559,39.3086]]},"properties":{"name":"South Fork Lost Creek","display_name":"South Fork Lost Creek","source_name":"South Fork Lost Creek","state":"CO","atlas_class":"named_natural_stream_detail","huc8":"10190002","huc8Name":"Upper South Platte","lineageKey":"greenback","lineage":"greenback","historic":"greenback","current":"greenback","recovery":"recoveryWatch","lineageLabel":"Greenback / South Platte lineage","atlas_context":"cutthroat_lineage_context"}},{"type":"Feature","geometry":{"type":"LineString","coordinates":[[-105.5648,39.3713],[-105.5561,39.3656],[-105.5549,39.3635]]},"properties":{"name":"Craig Creek","display_name":"Craig Creek","source_name":"Craig Creek","state":"CO","atlas_class":"named_natural_stream_detail","huc8":"10190002","huc8Name":"Upper South Platte","lineageKey":"greenback","lineage":"greenback","historic":"greenback","current":"greenback","recovery":"recoveryWatch","lineageLabel":"Greenback / South Platte lineage","atlas_context":"cutthroat_lineage_context"}},{"type":"Feature","geometry":{"type":"LineString","coordinates":[[-105.4171,39.2729],[-105.4154,39.2725]]},"properties":{"name":"Wigwam Creek","display_name":"Wigwam Creek","source_name":"Wigwam Creek","state":"CO","atlas_class":"named_natural_stream_detail","huc8":"10190002","huc8Name":"Upper South Platte","lineageKey":"greenback","lineage":"greenback","historic":"greenback","current":"greenback","recovery":"recoveryWatch","lineageLabel":"Greenback / South Platte lineage","atlas_context":"cutthroat_lineage_context"}},{"type":"Feature","geometry":{"type":"LineString","coordinates":[[-105.4141,39.2718],[-105.414,39.2717]]},"properties":{"name":"Wigwam Creek","display_name":"Wigwam Creek","source_name":"Wigwam Creek","state":"CO","atlas_class":"named_natural_stream_detail","huc8":"10190002","huc8Name":"Upper South Platte","lineageKey":"greenback","lineage":"greenback","historic":"greenback","current":"greenback","recovery":"recoveryWatch","lineageLabel":"Greenback / South Platte lineage","atlas_context":"cutthroat_lineage_context"}},{"type":"Feature","geometry":{"type":"LineString","coordinates":[[-105.414,39.2717],[-105.4135,39.2715]]},"properties":{"name":"Wigwam Creek","display_name":"Wigwam Creek","source_name":"Wigwam Creek","state":"CO","atlas_class":"named_natural_stream_detail","huc8":"10190002","huc8Name":"Upper South Platte","lineageKey":"greenback","lineage":"greenback","historic":"greenback","current":"greenback","recovery":"recoveryWatch","lineageLabel":"Greenback / South Platte lineage","atlas_context":"cutthroat_lineage_context"}},{"type":"Feature","geometry":{"type":"LineString","coordinates":[[-105.4135,39.2715],[-105.4116,39.2711]]},"properties":{"name":"Wigwam Creek","display_name":"Wigwam Creek","source_name":"Wigwam Creek","state":"CO","atlas_class":"named_natural_stream_detail","huc8":"10190002","huc8Name":"Upper South Platte","lineageKey":"greenback","lineage":"greenback","historic":"greenback","current":"greenback","recovery":"recoveryWatch","lineageLabel":"Greenback / South Platte lineage","atlas_context":"cutthroat_lineage_context"}},{"type":"Feature","geometry":{"type":"LineString","coordinates":[[-105.4312,39.2986],[-105.4295,39.3014]]},"properties":{"name":"Rolling Creek","display_name":"Rolling Creek","source_name":"Rolling Creek","state":"CO","atlas_class":"named_natural_stream_detail","huc8":"10190002","huc8Name":"Upper South Platte","lineageKey":"greenback","lineage":"greenback","historic":"greenback","current":"greenback","recovery":"recoveryWatch","lineageLabel":"Greenback / South Platte lineage","atlas_context":"cutthroat_lineage_context"}},{"type":"Feature","geometry":{"type":"LineString","coordinates":[[-105.4055,39.2101],[-105.4025,39.2084],[-105.4018,39.206],[-105.3987,39.204]]},"properties":{"name":"Lost Creek","display_name":"Lost Creek","source_name":"Lost Creek","state":"CO","atlas_class":"named_natural_stream_detail","huc8":"10190002","huc8Name":"Upper South Platte","lineageKey":"greenback","lineage":"greenback","historic":"greenback","current":"greenback","recovery":"recoveryWatch","lineageLabel":"Greenback / South Platte lineage","atlas_context":"cutthroat_lineage_context"}},{"type":"Feature","geometry":{"type":"LineString","coordinates":[[-105.558,39.3021],[-105.5568,39.3023]]},"properties":{"name":"Monkey Creek","display_name":"Monkey Creek","source_name":"Monkey Creek","state":"CO","atlas_class":"named_natural_stream_detail","huc8":"10190002","huc8Name":"Upper South Platte","lineageKey":"greenback","lineage":"greenback","historic":"greenback","current":"greenback","recovery":"recoveryWatch","lineageLabel":"Greenback / South Platte lineage","atlas_context":"cutthroat_lineage_context"}},{"type":"Feature","geometry":{"type":"LineString","coordinates":[[-105.5908,39.219],[-105.5897,39.2184]]},"properties":{"name":"Tarryall Creek","display_name":"Tarryall Creek","source_name":"Tarryall Creek","state":"CO","atlas_class":"named_natural_stream_detail","huc8":"10190001","huc8Name":"South Platte Headwaters","lineageKey":"greenback","lineage":"greenback","historic":"greenback","current":"greenback","recovery":"recoveryWatch","lineageLabel":"Greenback / South Platte lineage","atlas_context":"cutthroat_lineage_context"}},{"type":"Feature","geometry":{"type":"LineString","coordinates":[[-105.5898,39.2182],[-105.5874,39.2183]]},"properties":{"name":"Tarryall Creek","display_name":"Tarryall Creek","source_name":"Tarryall Creek","state":"CO","atlas_class":"named_natural_stream_detail","huc8":"10190001","huc8Name":"South Platte Headwaters","lineageKey":"greenback","lineage":"greenback","historic":"greenback","current":"greenback","recovery":"recoveryWatch","lineageLabel":"Greenback / South Platte lineage","atlas_context":"cutthroat_lineage_context"}},{"type":"Feature","geometry":{"type":"LineString","coordinates":[[-105.5874,39.2183],[-105.5867,39.2173]]},"properties":{"name":"Tarryall Creek","display_name":"Tarryall Creek","source_name":"Tarryall Creek","state":"CO","atlas_class":"named_natural_stream_detail","huc8":"10190001","huc8Name":"South Platte Headwaters","lineageKey":"greenback","lineage":"greenback","historic":"greenback","current":"greenback","recovery":"recoveryWatch","lineageLabel":"Greenback / South Platte lineage","atlas_context":"cutthroat_lineage_context"}},{"type":"Feature","geometry":{"type":"LineString","coordinates":[[-105.5962,39.2183],[-105.5953,39.2178]]},"properties":{"name":"Tarryall Creek","display_name":"Tarryall Creek","source_name":"Tarryall Creek","state":"CO","atlas_class":"named_natural_stream_detail","huc8":"10190001","huc8Name":"South Platte Headwaters","lineageKey":"greenback","lineage":"greenback","historic":"greenback","current":"greenback","recovery":"recoveryWatch","lineageLabel":"Greenback / South Platte lineage","atlas_context":"cutthroat_lineage_context"}},{"type":"Feature","geometry":{"type":"LineString","coordinates":[[-105.5953,39.2178],[-105.5947,39.2178]]},"properties":{"name":"Tarryall Creek","display_name":"Tarryall Creek","source_name":"Tarryall Creek","state":"CO","atlas_class":"named_natural_stream_detail","huc8":"10190001","huc8Name":"South Platte Headwaters","lineageKey":"greenback","lineage":"greenback","historic":"greenback","current":"greenback","recovery":"recoveryWatch","lineageLabel":"Greenback / South Platte lineage","atlas_context":"cutthroat_lineage_context"}},{"type":"Feature","geometry":{"type":"LineString","coordinates":[[-105.5947,39.2178],[-105.5942,39.2179]]},"properties":{"name":"Tarryall Creek","display_name":"Tarryall Creek","source_name":"Tarryall Creek","state":"CO","atlas_class":"named_natural_stream_detail","huc8":"10190001","huc8Name":"South Platte Headwaters","lineageKey":"greenback","lineage":"greenback","historic":"greenback","current":"greenback","recovery":"recoveryWatch","lineageLabel":"Greenback / South Platte lineage","atlas_context":"cutthroat_lineage_context"}},{"type":"Feature","geometry":{"type":"LineString","coordinates":[[-105.5897,39.2184],[-105.5898,39.2182]]},"properties":{"name":"Tarryall Creek","display_name":"Tarryall Creek","source_name":"Tarryall Creek","state":"CO","atlas_class":"named_natural_stream_detail","huc8":"10190001","huc8Name":"South Platte Headwaters","lineageKey":"greenback","lineage":"greenback","historic":"greenback","current":"greenback","recovery":"recoveryWatch","lineageLabel":"Greenback / South Platte lineage","atlas_context":"cutthroat_lineage_context"}},{"type":"Feature","geometry":{"type":"LineString","coordinates":[[-105.5867,39.2173],[-105.586,39.2159],[-105.5856,39.2168],[-105.5847,39.2167]]},"properties":{"name":"Tarryall Creek","display_name":"Tarryall Creek","source_name":"Tarryall Creek","state":"CO","atlas_class":"named_natural_stream_detail","huc8":"10190001","huc8Name":"South Platte Headwaters","lineageKey":"greenback","lineage":"greenback","historic":"greenback","current":"greenback","recovery":"recoveryWatch","lineageLabel":"Greenback / South Platte lineage","atlas_context":"cutthroat_lineage_context"}},{"type":"Feature","geometry":{"type":"LineString","coordinates":[[-105.4288,39.3577],[-105.429,39.3587]]},"properties":{"name":"Craig Creek","display_name":"Craig Creek","source_name":"Craig Creek","state":"CO","atlas_class":"named_natural_stream_detail","huc8":"10190002","huc8Name":"Upper South Platte","lineageKey":"greenback","lineage":"greenback","historic":"greenback","current":"greenback","recovery":"recoveryWatch","lineageLabel":"Greenback / South Platte lineage","atlas_context":"cutthroat_lineage_context"}},{"type":"Feature","geometry":{"type":"LineString","coordinates":[[-105.4279,39.3616],[-105.4281,39.3626]]},"properties":{"name":"Craig Creek","display_name":"Craig Creek","source_name":"Craig Creek","state":"CO","atlas_class":"named_natural_stream_detail","huc8":"10190002","huc8Name":"Upper South Platte","lineageKey":"greenback","lineage":"greenback","historic":"greenback","current":"greenback","recovery":"recoveryWatch","lineageLabel":"Greenback / South Platte lineage","atlas_context":"cutthroat_lineage_context"}},{"type":"Feature","geometry":{"type":"LineString","coordinates":[[-105.4277,39.3774],[-105.4279,39.3788]]},"properties":{"name":"Craig Creek","display_name":"Craig Creek","source_name":"Craig Creek","state":"CO","atlas_class":"named_natural_stream_detail","huc8":"10190002","huc8Name":"Upper South Platte","lineageKey":"greenback","lineage":"greenback","historic":"greenback","current":"greenback","recovery":"recoveryWatch","lineageLabel":"Greenback / South Platte lineage","atlas_context":"cutthroat_lineage_context"}},{"type":"Feature","geometry":{"type":"LineString","coordinates":[[-105.4975,39.3366],[-105.4973,39.3365]]},"properties":{"name":"Craig Creek","display_name":"Craig Creek","source_name":"Craig Creek","state":"CO","atlas_class":"named_natural_stream_detail","huc8":"10190002","huc8Name":"Upper South Platte","lineageKey":"greenback","lineage":"greenback","historic":"greenback","current":"greenback","recovery":"recoveryWatch","lineageLabel":"Greenback / South Platte lineage","atlas_context":"cutthroat_lineage_context"}},{"type":"Feature","geometry":{"type":"LineString","coordinates":[[-105.4775,39.3799],[-105.4766,39.3807]]},"properties":{"name":"Rock Creek","display_name":"Rock Creek","source_name":"Rock Creek","state":"CO","atlas_class":"named_natural_stream_detail","huc8":"10190002","huc8Name":"Upper South Platte","lineageKey":"greenback","lineage":"greenback","historic":"greenback","current":"greenback","recovery":"recoveryWatch","lineageLabel":"Greenback / South Platte lineage","atlas_context":"cutthroat_lineage_context"}},{"type":"Feature","geometry":{"type":"LineString","coordinates":[[-105.4737,39.3373],[-105.4724,39.3365]]},"properties":{"name":"Craig Creek","display_name":"Craig Creek","source_name":"Craig Creek","state":"CO","atlas_class":"named_natural_stream_detail","huc8":"10190002","huc8Name":"Upper South Platte","lineageKey":"greenback","lineage":"greenback","historic":"greenback","current":"greenback","recovery":"recoveryWatch","lineageLabel":"Greenback / South Platte lineage","atlas_context":"cutthroat_lineage_context"}},{"type":"Feature","geometry":{"type":"LineString","coordinates":[[-105.5941,39.3067],[-105.5919,39.3049]]},"properties":{"name":"Monkey Creek","display_name":"Monkey Creek","source_name":"Monkey Creek","state":"CO","atlas_class":"named_natural_stream_detail","huc8":"10190002","huc8Name":"Upper South Platte","lineageKey":"greenback","lineage":"greenback","historic":"greenback","current":"greenback","recovery":"recoveryWatch","lineageLabel":"Greenback / South Platte lineage","atlas_context":"cutthroat_lineage_context"}},{"type":"Feature","geometry":{"type":"LineString","coordinates":[[-105.5862,39.3038],[-105.5805,39.3042],[-105.5747,39.3067]]},"properties":{"name":"Monkey Creek","display_name":"Monkey Creek","source_name":"Monkey Creek","state":"CO","atlas_class":"named_natural_stream_detail","huc8":"10190002","huc8Name":"Upper South Platte","lineageKey":"greenback","lineage":"greenback","historic":"greenback","current":"greenback","recovery":"recoveryWatch","lineageLabel":"Greenback / South Platte lineage","atlas_context":"cutthroat_lineage_context"}},{"type":"Feature","geometry":{"type":"LineString","coordinates":[[-105.405,39.2684],[-105.4041,39.2681]]},"properties":{"name":"Wigwam Creek","display_name":"Wigwam Creek","source_name":"Wigwam Creek","state":"CO","atlas_class":"named_natural_stream_detail","huc8":"10190002","huc8Name":"Upper South Platte","lineageKey":"greenback","lineage":"greenback","historic":"greenback","current":"greenback","recovery":"recoveryWatch","lineageLabel":"Greenback / South Platte lineage","atlas_context":"cutthroat_lineage_context"}},{"type":"Feature","geometry":{"type":"LineString","coordinates":[[-105.4211,39.2334],[-105.4202,39.2324]]},"properties":{"name":"Lost Creek","display_name":"Lost Creek","source_name":"Lost Creek","state":"CO","atlas_class":"named_natural_stream_detail","huc8":"10190002","huc8Name":"Upper South Platte","lineageKey":"greenback","lineage":"greenback","historic":"greenback","current":"greenback","recovery":"recoveryWatch","lineageLabel":"Greenback / South Platte lineage","atlas_context":"cutthroat_lineage_context"}},{"type":"Feature","geometry":{"type":"LineString","coordinates":[[-105.4531,39.3935],[-105.4529,39.3935]]},"properties":{"name":"North Fork South Platte River","display_name":"North Fork South Platte River","source_name":"North Fork South Platte River","state":"CO","atlas_class":"named_natural_stream_detail","huc8":"10190002","huc8Name":"Upper South Platte","lineageKey":"greenback","lineage":"greenback","historic":"greenback","current":"greenback","recovery":"recoveryWatch","lineageLabel":"Greenback / South Platte lineage","atlas_context":"cutthroat_lineage_context"}},{"type":"Feature","geometry":{"type":"LineString","coordinates":[[-105.5747,39.3067],[-105.5698,39.306]]},"properties":{"name":"Monkey Creek","display_name":"Monkey Creek","source_name":"Monkey Creek","state":"CO","atlas_class":"named_natural_stream_detail","huc8":"10190002","huc8Name":"Upper South Platte","lineageKey":"greenback","lineage":"greenback","historic":"greenback","current":"greenback","recovery":"recoveryWatch","lineageLabel":"Greenback / South Platte lineage","atlas_context":"cutthroat_lineage_context"}},{"type":"Feature","geometry":{"type":"LineString","coordinates":[[-105.5777,39.2144],[-105.5755,39.2141]]},"properties":{"name":"Tarryall Creek","display_name":"Tarryall Creek","source_name":"Tarryall Creek","state":"CO","atlas_class":"named_natural_stream_detail","huc8":"10190001","huc8Name":"South Platte Headwaters","lineageKey":"greenback","lineage":"greenback","historic":"greenback","current":"greenback","recovery":"recoveryWatch","lineageLabel":"Greenback / South Platte lineage","atlas_context":"cutthroat_lineage_context"}},{"type":"Feature","geometry":{"type":"LineString","coordinates":[[-105.5749,39.2124],[-105.5743,39.211]]},"properties":{"name":"Tarryall Creek","display_name":"Tarryall Creek","source_name":"Tarryall Creek","state":"CO","atlas_class":"named_natural_stream_detail","huc8":"10190001","huc8Name":"South Platte Headwaters","lineageKey":"greenback","lineage":"greenback","historic":"greenback","current":"greenback","recovery":"recoveryWatch","lineageLabel":"Greenback / South Platte lineage","atlas_context":"cutthroat_lineage_context"}},{"type":"Feature","geometry":{"type":"LineString","coordinates":[[-105.5992,39.321],[-105.5957,39.3201]]},"properties":{"name":"Beaver Creek","display_name":"Beaver Creek","source_name":"Beaver Creek","state":"CO","atlas_class":"named_natural_stream_detail","huc8":"10190002","huc8Name":"Upper South Platte","lineageKey":"greenback","lineage":"greenback","historic":"greenback","current":"greenback","recovery":"recoveryWatch","lineageLabel":"Greenback / South Platte lineage","atlas_context":"cutthroat_lineage_context"}},{"type":"Feature","geometry":{"type":"LineString","coordinates":[[-105.5875,39.3225],[-105.5831,39.3202]]},"properties":{"name":"South Fork Lost Creek","display_name":"South Fork Lost Creek","source_name":"South Fork Lost Creek","state":"CO","atlas_class":"named_natural_stream_detail","huc8":"10190002","huc8Name":"Upper South Platte","lineageKey":"greenback","lineage":"greenback","historic":"greenback","current":"greenback","recovery":"recoveryWatch","lineageLabel":"Greenback / South Platte lineage","atlas_context":"cutthroat_lineage_context"}},{"type":"Feature","geometry":{"type":"LineString","coordinates":[[-105.5956,39.32],[-105.5945,39.3192]]},"properties":{"name":"Beaver Creek","display_name":"Beaver Creek","source_name":"Beaver Creek","state":"CO","atlas_class":"named_natural_stream_detail","huc8":"10190002","huc8Name":"Upper South Platte","lineageKey":"greenback","lineage":"greenback","historic":"greenback","current":"greenback","recovery":"recoveryWatch","lineageLabel":"Greenback / South Platte lineage","atlas_context":"cutthroat_lineage_context"}},{"type":"Feature","geometry":{"type":"LineString","coordinates":[[-105.432,39.3522],[-105.4315,39.3528]]},"properties":{"name":"Craig Creek","display_name":"Craig Creek","source_name":"Craig Creek","state":"CO","atlas_class":"named_natural_stream_detail","huc8":"10190002","huc8Name":"Upper South Platte","lineageKey":"greenback","lineage":"greenback","historic":"greenback","current":"greenback","recovery":"recoveryWatch","lineageLabel":"Greenback / South Platte lineage","atlas_context":"cutthroat_lineage_context"}},{"type":"Feature","geometry":{"type":"LineString","coordinates":[[-105.4313,39.353],[-105.4305,39.3533]]},"properties":{"name":"Craig Creek","display_name":"Craig Creek","source_name":"Craig Creek","state":"CO","atlas_class":"named_natural_stream_detail","huc8":"10190002","huc8Name":"Upper South Platte","lineageKey":"greenback","lineage":"greenback","historic":"greenback","current":"greenback","recovery":"recoveryWatch","lineageLabel":"Greenback / South Platte lineage","atlas_context":"cutthroat_lineage_context"}},{"type":"Feature","geometry":{"type":"LineString","coordinates":[[-105.429,39.3587],[-105.4291,39.3589]]},"properties":{"name":"Craig Creek","display_name":"Craig Creek","source_name":"Craig Creek","state":"CO","atlas_class":"named_natural_stream_detail","huc8":"10190002","huc8Name":"Upper South Platte","lineageKey":"greenback","lineage":"greenback","historic":"greenback","current":"greenback","recovery":"recoveryWatch","lineageLabel":"Greenback / South Platte lineage","atlas_context":"cutthroat_lineage_context"}},{"type":"Feature","geometry":{"type":"LineString","coordinates":[[-105.5158,39.2434],[-105.5178,39.2466]]},"properties":{"name":"Indian Creek","display_name":"Indian Creek","source_name":"Indian Creek","state":"CO","atlas_class":"named_natural_stream_detail","huc8":"10190002","huc8Name":"Upper South Platte","lineageKey":"greenback","lineage":"greenback","historic":"greenback","current":"greenback","recovery":"recoveryWatch","lineageLabel":"Greenback / South Platte lineage","atlas_context":"cutthroat_lineage_context"}},{"type":"Feature","geometry":{"type":"LineString","coordinates":[[-105.5226,39.2844],[-105.5197,39.2837]]},"properties":{"name":"South Fork Lost Creek","display_name":"South Fork Lost Creek","source_name":"South Fork Lost Creek","state":"CO","atlas_class":"named_natural_stream_detail","huc8":"10190002","huc8Name":"Upper South Platte","lineageKey":"greenback","lineage":"greenback","historic":"greenback","current":"greenback","recovery":"recoveryWatch","lineageLabel":"Greenback / South Platte lineage","atlas_context":"cutthroat_lineage_context"}},{"type":"Feature","geometry":{"type":"LineString","coordinates":[[-105.4415,39.2448],[-105.4397,39.2442]]},"properties":{"name":"Lost Creek","display_name":"Lost Creek","source_name":"Lost Creek","state":"CO","atlas_class":"named_natural_stream_detail","huc8":"10190002","huc8Name":"Upper South Platte","lineageKey":"greenback","lineage":"greenback","historic":"greenback","current":"greenback","recovery":"recoveryWatch","lineageLabel":"Greenback / South Platte lineage","atlas_context":"cutthroat_lineage_context"}},{"type":"Feature","geometry":{"type":"LineString","coordinates":[[-105.4839,39.3755],[-105.4834,39.3765]]},"properties":{"name":"Rock Creek","display_name":"Rock Creek","source_name":"Rock Creek","state":"CO","atlas_class":"named_natural_stream_detail","huc8":"10190002","huc8Name":"Upper South Platte","lineageKey":"greenback","lineage":"greenback","historic":"greenback","current":"greenback","recovery":"recoveryWatch","lineageLabel":"Greenback / South Platte lineage","atlas_context":"cutthroat_lineage_context"}},{"type":"Feature","geometry":{"type":"LineString","coordinates":[[-105.4062,39.3256],[-105.3983,39.3259],[-105.3928,39.3233]]},"properties":{"name":"North Rolling Creek","display_name":"North Rolling Creek","source_name":"North Rolling Creek","state":"CO","atlas_class":"named_natural_stream_detail","huc8":"10190002","huc8Name":"Upper South Platte","lineageKey":"greenback","lineage":"greenback","historic":"greenback","current":"greenback","recovery":"recoveryWatch","lineageLabel":"Greenback / South Platte lineage","atlas_context":"cutthroat_lineage_context"}},{"type":"Feature","geometry":{"type":"LineString","coordinates":[[-105.4113,39.2233],[-105.4091,39.2195]]},"properties":{"name":"Lost Creek","display_name":"Lost Creek","source_name":"Lost Creek","state":"CO","atlas_class":"named_natural_stream_detail","huc8":"10190002","huc8Name":"Upper South Platte","lineageKey":"greenback","lineage":"greenback","historic":"greenback","current":"greenback","recovery":"recoveryWatch","lineageLabel":"Greenback / South Platte lineage","atlas_context":"cutthroat_lineage_context"}},{"type":"Feature","geometry":{"type":"LineString","coordinates":[[-105.4847,39.2077],[-105.4867,39.2042]]},"properties":{"name":"Sand Creek","display_name":"Sand Creek","source_name":"Sand Creek","state":"CO","atlas_class":"named_natural_stream_detail","huc8":"10190001","huc8Name":"South Platte Headwaters","lineageKey":"greenback","lineage":"greenback","historic":"greenback","current":"greenback","recovery":"recoveryWatch","lineageLabel":"Greenback / South Platte lineage","atlas_context":"cutthroat_lineage_context"}},{"type":"Feature","geometry":{"type":"LineString","coordinates":[[-105.4893,39.2254],[-105.489,39.2252]]},"properties":{"name":"McCurdy Creek","display_name":"McCurdy Creek","source_name":"McCurdy Creek","state":"CO","atlas_class":"named_natural_stream_detail","huc8":"10190002","huc8Name":"Upper South Platte","lineageKey":"greenback","lineage":"greenback","historic":"greenback","current":"greenback","recovery":"recoveryWatch","lineageLabel":"Greenback / South Platte lineage","atlas_context":"cutthroat_lineage_context"}},{"type":"Feature","geometry":{"type":"LineString","coordinates":[[-105.5357,39.3152],[-105.5338,39.3149]]},"properties":{"name":"North Fork Lost Creek","display_name":"North Fork Lost Creek","source_name":"North Fork Lost Creek","state":"CO","atlas_class":"named_natural_stream_detail","huc8":"10190002","huc8Name":"Upper South Platte","lineageKey":"greenback","lineage":"greenback","historic":"greenback","current":"greenback","recovery":"recoveryWatch","lineageLabel":"Greenback / South Platte lineage","atlas_context":"cutthroat_lineage_context"}},{"type":"Feature","geometry":{"type":"LineString","coordinates":[[-105.517,39.3077],[-105.5157,39.3069]]},"properties":{"name":"North Fork Lost Creek","display_name":"North Fork Lost Creek","source_name":"North Fork Lost Creek","state":"CO","atlas_class":"named_natural_stream_detail","huc8":"10190002","huc8Name":"Upper South Platte","lineageKey":"greenback","lineage":"greenback","historic":"greenback","current":"greenback","recovery":"recoveryWatch","lineageLabel":"Greenback / South Platte lineage","atlas_context":"cutthroat_lineage_context"}},{"type":"Feature","geometry":{"type":"LineString","coordinates":[[-105.4567,39.3948],[-105.4555,39.3943]]},"properties":{"name":"North Fork South Platte River","display_name":"North Fork South Platte River","source_name":"North Fork South Platte River","state":"CO","atlas_class":"named_natural_stream_detail","huc8":"10190002","huc8Name":"Upper South Platte","lineageKey":"greenback","lineage":"greenback","historic":"greenback","current":"greenback","recovery":"recoveryWatch","lineageLabel":"Greenback / South Platte lineage","atlas_context":"cutthroat_lineage_context"}},{"type":"Feature","geometry":{"type":"LineString","coordinates":[[-105.4096,39.3979],[-105.4077,39.3949]]},"properties":{"name":"North Fork South Platte River","display_name":"North Fork South Platte River","source_name":"North Fork South Platte River","state":"CO","atlas_class":"named_natural_stream_detail","huc8":"10190002","huc8Name":"Upper South Platte","lineageKey":"greenback","lineage":"greenback","historic":"greenback","current":"greenback","recovery":"recoveryWatch","lineageLabel":"Greenback / South Platte lineage","atlas_context":"cutthroat_lineage_context"}},{"type":"Feature","geometry":{"type":"LineString","coordinates":[[-105.4248,39.274],[-105.4247,39.274]]},"properties":{"name":"Wigwam Creek","display_name":"Wigwam Creek","source_name":"Wigwam Creek","state":"CO","atlas_class":"named_natural_stream_detail","huc8":"10190002","huc8Name":"Upper South Platte","lineageKey":"greenback","lineage":"greenback","historic":"greenback","current":"greenback","recovery":"recoveryWatch","lineageLabel":"Greenback / South Platte lineage","atlas_context":"cutthroat_lineage_context"}},{"type":"Feature","geometry":{"type":"LineString","coordinates":[[-105.5533,39.2722],[-105.552,39.2736],[-105.5523,39.2757]]},"properties":{"name":"Bonis Creek","display_name":"Bonis Creek","source_name":"Bonis Creek","state":"CO","atlas_class":"named_natural_stream_detail","huc8":"10190002","huc8Name":"Upper South Platte","lineageKey":"greenback","lineage":"greenback","historic":"greenback","current":"greenback","recovery":"recoveryWatch","lineageLabel":"Greenback / South Platte lineage","atlas_context":"cutthroat_lineage_context"}},{"type":"Feature","geometry":{"type":"LineString","coordinates":[[-105.4413,39.3444],[-105.44,39.3452],[-105.4399,39.3464]]},"properties":{"name":"Craig Creek","display_name":"Craig Creek","source_name":"Craig Creek","state":"CO","atlas_class":"named_natural_stream_detail","huc8":"10190002","huc8Name":"Upper South Platte","lineageKey":"greenback","lineage":"greenback","historic":"greenback","current":"greenback","recovery":"recoveryWatch","lineageLabel":"Greenback / South Platte lineage","atlas_context":"cutthroat_lineage_context"}},{"type":"Feature","geometry":{"type":"LineString","coordinates":[[-105.4374,39.3466],[-105.4362,39.3471]]},"properties":{"name":"Craig Creek","display_name":"Craig Creek","source_name":"Craig Creek","state":"CO","atlas_class":"named_natural_stream_detail","huc8":"10190002","huc8Name":"Upper South Platte","lineageKey":"greenback","lineage":"greenback","historic":"greenback","current":"greenback","recovery":"recoveryWatch","lineageLabel":"Greenback / South Platte lineage","atlas_context":"cutthroat_lineage_context"}},{"type":"Feature","geometry":{"type":"LineString","coordinates":[[-105.4353,39.2394],[-105.4341,39.239]]},"properties":{"name":"Lost Creek","display_name":"Lost Creek","source_name":"Lost Creek","state":"CO","atlas_class":"named_natural_stream_detail","huc8":"10190002","huc8Name":"Upper South Platte","lineageKey":"greenback","lineage":"greenback","historic":"greenback","current":"greenback","recovery":"recoveryWatch","lineageLabel":"Greenback / South Platte lineage","atlas_context":"cutthroat_lineage_context"}},{"type":"Feature","geometry":{"type":"LineString","coordinates":[[-105.5336,39.203],[-105.5361,39.1993]]},"properties":{"name":"Ute Creek","display_name":"Ute Creek","source_name":"Ute Creek","state":"CO","atlas_class":"named_natural_stream_detail","huc8":"10190001","huc8Name":"South Platte Headwaters","lineageKey":"greenback","lineage":"greenback","historic":"greenback","current":"greenback","recovery":"recoveryWatch","lineageLabel":"Greenback / South Platte lineage","atlas_context":"cutthroat_lineage_context"}},{"type":"Feature","geometry":{"type":"LineString","coordinates":[[-105.5285,39.2055],[-105.5299,39.205]]},"properties":{"name":"Ute Creek","display_name":"Ute Creek","source_name":"Ute Creek","state":"CO","atlas_class":"named_natural_stream_detail","huc8":"10190001","huc8Name":"South Platte Headwaters","lineageKey":"greenback","lineage":"greenback","historic":"greenback","current":"greenback","recovery":"recoveryWatch","lineageLabel":"Greenback / South Platte lineage","atlas_context":"cutthroat_lineage_context"}},{"type":"Feature","geometry":{"type":"LineString","coordinates":[[-105.5185,39.2142],[-105.5185,39.2137]]},"properties":{"name":"Ute Creek","display_name":"Ute Creek","source_name":"Ute Creek","state":"CO","atlas_class":"named_natural_stream_detail","huc8":"10190001","huc8Name":"South Platte Headwaters","lineageKey":"greenback","lineage":"greenback","historic":"greenback","current":"greenback","recovery":"recoveryWatch","lineageLabel":"Greenback / South Platte lineage","atlas_context":"cutthroat_lineage_context"}},{"type":"Feature","geometry":{"type":"LineString","coordinates":[[-105.5178,39.2466],[-105.5182,39.2475]]},"properties":{"name":"Indian Creek","display_name":"Indian Creek","source_name":"Indian Creek","state":"CO","atlas_class":"named_natural_stream_detail","huc8":"10190002","huc8Name":"Upper South Platte","lineageKey":"greenback","lineage":"greenback","historic":"greenback","current":"greenback","recovery":"recoveryWatch","lineageLabel":"Greenback / South Platte lineage","atlas_context":"cutthroat_lineage_context"}},{"type":"Feature","geometry":{"type":"LineString","coordinates":[[-105.4202,39.2324],[-105.4209,39.2307]]},"properties":{"name":"Lost Creek","display_name":"Lost Creek","source_name":"Lost Creek","state":"CO","atlas_class":"named_natural_stream_detail","huc8":"10190002","huc8Name":"Upper South Platte","lineageKey":"greenback","lineage":"greenback","historic":"greenback","current":"greenback","recovery":"recoveryWatch","lineageLabel":"Greenback / South Platte lineage","atlas_context":"cutthroat_lineage_context"}},{"type":"Feature","geometry":{"type":"LineString","coordinates":[[-105.407,39.213],[-105.4068,39.211],[-105.4055,39.2101]]},"properties":{"name":"Lost Creek","display_name":"Lost Creek","source_name":"Lost Creek","state":"CO","atlas_class":"named_natural_stream_detail","huc8":"10190002","huc8Name":"Upper South Platte","lineageKey":"greenback","lineage":"greenback","historic":"greenback","current":"greenback","recovery":"recoveryWatch","lineageLabel":"Greenback / South Platte lineage","atlas_context":"cutthroat_lineage_context"}},{"type":"Feature","geometry":{"type":"LineString","coordinates":[[-105.4209,39.2307],[-105.4167,39.2272]]},"properties":{"name":"Lost Creek","display_name":"Lost Creek","source_name":"Lost Creek","state":"CO","atlas_class":"named_natural_stream_detail","huc8":"10190002","huc8Name":"Upper South Platte","lineageKey":"greenback","lineage":"greenback","historic":"greenback","current":"greenback","recovery":"recoveryWatch","lineageLabel":"Greenback / South Platte lineage","atlas_context":"cutthroat_lineage_context"}},{"type":"Feature","geometry":{"type":"LineString","coordinates":[[-105.4274,39.2343],[-105.4251,39.235]]},"properties":{"name":"Lost Creek","display_name":"Lost Creek","source_name":"Lost Creek","state":"CO","atlas_class":"named_natural_stream_detail","huc8":"10190002","huc8Name":"Upper South Platte","lineageKey":"greenback","lineage":"greenback","historic":"greenback","current":"greenback","recovery":"recoveryWatch","lineageLabel":"Greenback / South Platte lineage","atlas_context":"cutthroat_lineage_context"}},{"type":"Feature","geometry":{"type":"LineString","coordinates":[[-105.4251,39.235],[-105.4223,39.2335]]},"properties":{"name":"Lost Creek","display_name":"Lost Creek","source_name":"Lost Creek","state":"CO","atlas_class":"named_natural_stream_detail","huc8":"10190002","huc8Name":"Upper South Platte","lineageKey":"greenback","lineage":"greenback","historic":"greenback","current":"greenback","recovery":"recoveryWatch","lineageLabel":"Greenback / South Platte lineage","atlas_context":"cutthroat_lineage_context"}},{"type":"Feature","geometry":{"type":"LineString","coordinates":[[-105.5991,39.2744],[-105.6053,39.2778]]},"properties":{"name":"Gooseberry Creek","display_name":"Gooseberry Creek","source_name":"Gooseberry Creek","state":"CO","atlas_class":"named_natural_stream_detail","huc8":"10190001","huc8Name":"South Platte Headwaters","lineageKey":"greenback","lineage":"greenback","historic":"greenback","current":"greenback","recovery":"recoveryWatch","lineageLabel":"Greenback / South Platte lineage","atlas_context":"cutthroat_lineage_context"}},{"type":"Feature","geometry":{"type":"LineString","coordinates":[[-105.56,39.2669],[-105.5533,39.2722]]},"properties":{"name":"Bonis Creek","display_name":"Bonis Creek","source_name":"Bonis Creek","state":"CO","atlas_class":"named_natural_stream_detail","huc8":"10190002","huc8Name":"Upper South Platte","lineageKey":"greenback","lineage":"greenback","historic":"greenback","current":"greenback","recovery":"recoveryWatch","lineageLabel":"Greenback / South Platte lineage","atlas_context":"cutthroat_lineage_context"}},{"type":"Feature","geometry":{"type":"LineString","coordinates":[[-105.5919,39.3049],[-105.5908,39.304]]},"properties":{"name":"Monkey Creek","display_name":"Monkey Creek","source_name":"Monkey Creek","state":"CO","atlas_class":"named_natural_stream_detail","huc8":"10190002","huc8Name":"Upper South Platte","lineageKey":"greenback","lineage":"greenback","historic":"greenback","current":"greenback","recovery":"recoveryWatch","lineageLabel":"Greenback / South Platte lineage","atlas_context":"cutthroat_lineage_context"}},{"type":"Feature","geometry":{"type":"LineString","coordinates":[[-105.5908,39.304],[-105.5899,39.3038]]},"properties":{"name":"Monkey Creek","display_name":"Monkey Creek","source_name":"Monkey Creek","state":"CO","atlas_class":"named_natural_stream_detail","huc8":"10190002","huc8Name":"Upper South Platte","lineageKey":"greenback","lineage":"greenback","historic":"greenback","current":"greenback","recovery":"recoveryWatch","lineageLabel":"Greenback / South Platte lineage","atlas_context":"cutthroat_lineage_context"}},{"type":"Feature","geometry":{"type":"LineString","coordinates":[[-105.5899,39.3038],[-105.5862,39.3038]]},"properties":{"name":"Monkey Creek","display_name":"Monkey Creek","source_name":"Monkey Creek","state":"CO","atlas_class":"named_natural_stream_detail","huc8":"10190002","huc8Name":"Upper South Platte","lineageKey":"greenback","lineage":"greenback","historic":"greenback","current":"greenback","recovery":"recoveryWatch","lineageLabel":"Greenback / South Platte lineage","atlas_context":"cutthroat_lineage_context"}},{"type":"Feature","geometry":{"type":"LineString","coordinates":[[-105.5831,39.3202],[-105.5769,39.3174]]},"properties":{"name":"South Fork Lost Creek","display_name":"South Fork Lost Creek","source_name":"South Fork Lost Creek","state":"CO","atlas_class":"named_natural_stream_detail","huc8":"10190002","huc8Name":"Upper South Platte","lineageKey":"greenback","lineage":"greenback","historic":"greenback","current":"greenback","recovery":"recoveryWatch","lineageLabel":"Greenback / South Platte lineage","atlas_context":"cutthroat_lineage_context"}},{"type":"Feature","geometry":{"type":"LineString","coordinates":[[-105.5025,39.3836],[-105.5023,39.3853],[-105.5032,39.3861]]},"properties":{"name":"Payne Creek","display_name":"Payne Creek","source_name":"Payne Creek","state":"CO","atlas_class":"named_natural_stream_detail","huc8":"10190002","huc8Name":"Upper South Platte","lineageKey":"greenback","lineage":"greenback","historic":"greenback","current":"greenback","recovery":"recoveryWatch","lineageLabel":"Greenback / South Platte lineage","atlas_context":"cutthroat_lineage_context"}},{"type":"Feature","geometry":{"type":"LineString","coordinates":[[-105.5945,39.3192],[-105.5925,39.3182]]},"properties":{"name":"Beaver Creek","display_name":"Beaver Creek","source_name":"Beaver Creek","state":"CO","atlas_class":"named_natural_stream_detail","huc8":"10190002","huc8Name":"Upper South Platte","lineageKey":"greenback","lineage":"greenback","historic":"greenback","current":"greenback","recovery":"recoveryWatch","lineageLabel":"Greenback / South Platte lineage","atlas_context":"cutthroat_lineage_context"}},{"type":"Feature","geometry":{"type":"LineString","coordinates":[[-105.4339,39.3494],[-105.4332,39.3511]]},"properties":{"name":"Craig Creek","display_name":"Craig Creek","source_name":"Craig Creek","state":"CO","atlas_class":"named_natural_stream_detail","huc8":"10190002","huc8Name":"Upper South Platte","lineageKey":"greenback","lineage":"greenback","historic":"greenback","current":"greenback","recovery":"recoveryWatch","lineageLabel":"Greenback / South Platte lineage","atlas_context":"cutthroat_lineage_context"}},{"type":"Feature","geometry":{"type":"LineString","coordinates":[[-105.4533,39.3371],[-105.4528,39.3372]]},"properties":{"name":"Craig Creek","display_name":"Craig Creek","source_name":"Craig Creek","state":"CO","atlas_class":"named_natural_stream_detail","huc8":"10190002","huc8Name":"Upper South Platte","lineageKey":"greenback","lineage":"greenback","historic":"greenback","current":"greenback","recovery":"recoveryWatch","lineageLabel":"Greenback / South Platte lineage","atlas_context":"cutthroat_lineage_context"}},{"type":"Feature","geometry":{"type":"LineString","coordinates":[[-105.4528,39.3372],[-105.4509,39.3377]]},"properties":{"name":"Craig Creek","display_name":"Craig Creek","source_name":"Craig Creek","state":"CO","atlas_class":"named_natural_stream_detail","huc8":"10190002","huc8Name":"Upper South Platte","lineageKey":"greenback","lineage":"greenback","historic":"greenback","current":"greenback","recovery":"recoveryWatch","lineageLabel":"Greenback / South Platte lineage","atlas_context":"cutthroat_lineage_context"}},{"type":"Feature","geometry":{"type":"LineString","coordinates":[[-105.4231,39.3081],[-105.422,39.3083]]},"properties":{"name":"Rolling Creek","display_name":"Rolling Creek","source_name":"Rolling Creek","state":"CO","atlas_class":"named_natural_stream_detail","huc8":"10190002","huc8Name":"Upper South Platte","lineageKey":"greenback","lineage":"greenback","historic":"greenback","current":"greenback","recovery":"recoveryWatch","lineageLabel":"Greenback / South Platte lineage","atlas_context":"cutthroat_lineage_context"}},{"type":"Feature","geometry":{"type":"LineString","coordinates":[[-105.4047,39.3281],[-105.4017,39.3278],[-105.3972,39.3295]]},"properties":{"name":"Freeman Creek","display_name":"Freeman Creek","source_name":"Freeman Creek","state":"CO","atlas_class":"named_natural_stream_detail","huc8":"10190002","huc8Name":"Upper South Platte","lineageKey":"greenback","lineage":"greenback","historic":"greenback","current":"greenback","recovery":"recoveryWatch","lineageLabel":"Greenback / South Platte lineage","atlas_context":"cutthroat_lineage_context"}},{"type":"Feature","geometry":{"type":"LineString","coordinates":[[-105.4275,39.3224],[-105.4261,39.3239]]},"properties":{"name":"Freeman Creek","display_name":"Freeman Creek","source_name":"Freeman Creek","state":"CO","atlas_class":"named_natural_stream_detail","huc8":"10190002","huc8Name":"Upper South Platte","lineageKey":"greenback","lineage":"greenback","historic":"greenback","current":"greenback","recovery":"recoveryWatch","lineageLabel":"Greenback / South Platte lineage","atlas_context":"cutthroat_lineage_context"}},{"type":"Feature","geometry":{"type":"LineString","coordinates":[[-105.5448,39.3578],[-105.5398,39.3554],[-105.533,39.3504],[-105.5302,39.3497]]},"properties":{"name":"Craig Creek","display_name":"Craig Creek","source_name":"Craig Creek","state":"CO","atlas_class":"named_natural_stream_detail","huc8":"10190002","huc8Name":"Upper South Platte","lineageKey":"greenback","lineage":"greenback","historic":"greenback","current":"greenback","recovery":"recoveryWatch","lineageLabel":"Greenback / South Platte lineage","atlas_context":"cutthroat_lineage_context"}},{"type":"Feature","geometry":{"type":"LineString","coordinates":[[-105.4291,39.3652],[-105.4302,39.3672]]},"properties":{"name":"Craig Creek","display_name":"Craig Creek","source_name":"Craig Creek","state":"CO","atlas_class":"named_natural_stream_detail","huc8":"10190002","huc8Name":"Upper South Platte","lineageKey":"greenback","lineage":"greenback","historic":"greenback","current":"greenback","recovery":"recoveryWatch","lineageLabel":"Greenback / South Platte lineage","atlas_context":"cutthroat_lineage_context"}},{"type":"Feature","geometry":{"type":"LineString","coordinates":[[-105.4972,39.2764],[-105.4955,39.2756]]},"properties":{"name":"Lost Creek","display_name":"Lost Creek","source_name":"Lost Creek","state":"CO","atlas_class":"named_natural_stream_detail","huc8":"10190002","huc8Name":"Upper South Platte","lineageKey":"greenback","lineage":"greenback","historic":"greenback","current":"greenback","recovery":"recoveryWatch","lineageLabel":"Greenback / South Platte lineage","atlas_context":"cutthroat_lineage_context"}},{"type":"Feature","geometry":{"type":"LineString","coordinates":[[-105.505,39.2979],[-105.5051,39.2967]]},"properties":{"name":"North Fork Lost Creek","display_name":"North Fork Lost Creek","source_name":"North Fork Lost Creek","state":"CO","atlas_class":"named_natural_stream_detail","huc8":"10190002","huc8Name":"Upper South Platte","lineageKey":"greenback","lineage":"greenback","historic":"greenback","current":"greenback","recovery":"recoveryWatch","lineageLabel":"Greenback / South Platte lineage","atlas_context":"cutthroat_lineage_context"}},{"type":"Feature","geometry":{"type":"LineString","coordinates":[[-105.5045,39.2995],[-105.505,39.2979]]},"properties":{"name":"North Fork Lost Creek","display_name":"North Fork Lost Creek","source_name":"North Fork Lost Creek","state":"CO","atlas_class":"named_natural_stream_detail","huc8":"10190002","huc8Name":"Upper South Platte","lineageKey":"greenback","lineage":"greenback","historic":"greenback","current":"greenback","recovery":"recoveryWatch","lineageLabel":"Greenback / South Platte lineage","atlas_context":"cutthroat_lineage_context"}},{"type":"Feature","geometry":{"type":"LineString","coordinates":[[-105.5038,39.2844],[-105.5031,39.283]]},"properties":{"name":"North Fork Lost Creek","display_name":"North Fork Lost Creek","source_name":"North Fork Lost Creek","state":"CO","atlas_class":"named_natural_stream_detail","huc8":"10190002","huc8Name":"Upper South Platte","lineageKey":"greenback","lineage":"greenback","historic":"greenback","current":"greenback","recovery":"recoveryWatch","lineageLabel":"Greenback / South Platte lineage","atlas_context":"cutthroat_lineage_context"}},{"type":"Feature","geometry":{"type":"LineString","coordinates":[[-105.5157,39.3069],[-105.5151,39.3062]]},"properties":{"name":"North Fork Lost Creek","display_name":"North Fork Lost Creek","source_name":"North Fork Lost Creek","state":"CO","atlas_class":"named_natural_stream_detail","huc8":"10190002","huc8Name":"Upper South Platte","lineageKey":"greenback","lineage":"greenback","historic":"greenback","current":"greenback","recovery":"recoveryWatch","lineageLabel":"Greenback / South Platte lineage","atlas_context":"cutthroat_lineage_context"}},{"type":"Feature","geometry":{"type":"LineString","coordinates":[[-105.4099,39.2703],[-105.4096,39.27]]},"properties":{"name":"Wigwam Creek","display_name":"Wigwam Creek","source_name":"Wigwam Creek","state":"CO","atlas_class":"named_natural_stream_detail","huc8":"10190002","huc8Name":"Upper South Platte","lineageKey":"greenback","lineage":"greenback","historic":"greenback","current":"greenback","recovery":"recoveryWatch","lineageLabel":"Greenback / South Platte lineage","atlas_context":"cutthroat_lineage_context"}},{"type":"Feature","geometry":{"type":"LineString","coordinates":[[-105.5006,39.368],[-105.5003,39.3696],[-105.5033,39.372],[-105.5017,39.3778]]},"properties":{"name":"Payne Creek","display_name":"Payne Creek","source_name":"Payne Creek","state":"CO","atlas_class":"named_natural_stream_detail","huc8":"10190002","huc8Name":"Upper South Platte","lineageKey":"greenback","lineage":"greenback","historic":"greenback","current":"greenback","recovery":"recoveryWatch","lineageLabel":"Greenback / South Platte lineage","atlas_context":"cutthroat_lineage_context"}},{"type":"Feature","geometry":{"type":"LineString","coordinates":[[-105.4589,39.264],[-105.4582,39.2607]]},"properties":{"name":"Lost Creek","display_name":"Lost Creek","source_name":"Lost Creek","state":"CO","atlas_class":"named_natural_stream_detail","huc8":"10190002","huc8Name":"Upper South Platte","lineageKey":"greenback","lineage":"greenback","historic":"greenback","current":"greenback","recovery":"recoveryWatch","lineageLabel":"Greenback / South Platte lineage","atlas_context":"cutthroat_lineage_context"}},{"type":"Feature","geometry":{"type":"LineString","coordinates":[[-105.5487,39.3004],[-105.5474,39.2989]]},"properties":{"name":"South Fork Lost Creek","display_name":"South Fork Lost Creek","source_name":"South Fork Lost Creek","state":"CO","atlas_class":"named_natural_stream_detail","huc8":"10190002","huc8Name":"Upper South Platte","lineageKey":"greenback","lineage":"greenback","historic":"greenback","current":"greenback","recovery":"recoveryWatch","lineageLabel":"Greenback / South Platte lineage","atlas_context":"cutthroat_lineage_context"}},{"type":"Feature","geometry":{"type":"LineString","coordinates":[[-105.5415,39.3175],[-105.5407,39.317]]},"properties":{"name":"North Fork Lost Creek","display_name":"North Fork Lost Creek","source_name":"North Fork Lost Creek","state":"CO","atlas_class":"named_natural_stream_detail","huc8":"10190002","huc8Name":"Upper South Platte","lineageKey":"greenback","lineage":"greenback","historic":"greenback","current":"greenback","recovery":"recoveryWatch","lineageLabel":"Greenback / South Platte lineage","atlas_context":"cutthroat_lineage_context"}},{"type":"Feature","geometry":{"type":"LineString","coordinates":[[-105.4659,39.2709],[-105.4643,39.2704],[-105.4645,39.2693]]},"properties":{"name":"Lost Creek","display_name":"Lost Creek","source_name":"Lost Creek","state":"CO","atlas_class":"named_natural_stream_detail","huc8":"10190002","huc8Name":"Upper South Platte","lineageKey":"greenback","lineage":"greenback","historic":"greenback","current":"greenback","recovery":"recoveryWatch","lineageLabel":"Greenback / South Platte lineage","atlas_context":"cutthroat_lineage_context"}},{"type":"Feature","geometry":{"type":"LineString","coordinates":[[-105.459,39.2649],[-105.4589,39.264]]},"properties":{"name":"Lost Creek","display_name":"Lost Creek","source_name":"Lost Creek","state":"CO","atlas_class":"named_natural_stream_detail","huc8":"10190002","huc8Name":"Upper South Platte","lineageKey":"greenback","lineage":"greenback","historic":"greenback","current":"greenback","recovery":"recoveryWatch","lineageLabel":"Greenback / South Platte lineage","atlas_context":"cutthroat_lineage_context"}},{"type":"Feature","geometry":{"type":"LineString","coordinates":[[-105.5129,39.2295],[-105.5131,39.2317],[-105.5145,39.2325]]},"properties":{"name":"Indian Creek","display_name":"Indian Creek","source_name":"Indian Creek","state":"CO","atlas_class":"named_natural_stream_detail","huc8":"10190002","huc8Name":"Upper South Platte","lineageKey":"greenback","lineage":"greenback","historic":"greenback","current":"greenback","recovery":"recoveryWatch","lineageLabel":"Greenback / South Platte lineage","atlas_context":"cutthroat_lineage_context"}},{"type":"Feature","geometry":{"type":"LineString","coordinates":[[-105.4558,39.2462],[-105.4521,39.2469]]},"properties":{"name":"McCurdy Creek","display_name":"McCurdy Creek","source_name":"McCurdy Creek","state":"CO","atlas_class":"named_natural_stream_detail","huc8":"10190002","huc8Name":"Upper South Platte","lineageKey":"greenback","lineage":"greenback","historic":"greenback","current":"greenback","recovery":"recoveryWatch","lineageLabel":"Greenback / South Platte lineage","atlas_context":"cutthroat_lineage_context"}},{"type":"Feature","geometry":{"type":"LineString","coordinates":[[-105.4538,39.2546],[-105.4536,39.2492],[-105.4521,39.2469]]},"properties":{"name":"Lost Creek","display_name":"Lost Creek","source_name":"Lost Creek","state":"CO","atlas_class":"named_natural_stream_detail","huc8":"10190002","huc8Name":"Upper South Platte","lineageKey":"greenback","lineage":"greenback","historic":"greenback","current":"greenback","recovery":"recoveryWatch","lineageLabel":"Greenback / South Platte lineage","atlas_context":"cutthroat_lineage_context"}},{"type":"Feature","geometry":{"type":"LineString","coordinates":[[-105.4281,39.3626],[-105.4284,39.3631]]},"properties":{"name":"Craig Creek","display_name":"Craig Creek","source_name":"Craig Creek","state":"CO","atlas_class":"named_natural_stream_detail","huc8":"10190002","huc8Name":"Upper South Platte","lineageKey":"greenback","lineage":"greenback","historic":"greenback","current":"greenback","recovery":"recoveryWatch","lineageLabel":"Greenback / South Platte lineage","atlas_context":"cutthroat_lineage_context"}},{"type":"Feature","geometry":{"type":"LineString","coordinates":[[-105.4243,39.3727],[-105.4245,39.3735],[-105.4261,39.3739],[-105.4259,39.3749]]},"properties":{"name":"Craig Creek","display_name":"Craig Creek","source_name":"Craig Creek","state":"CO","atlas_class":"named_natural_stream_detail","huc8":"10190002","huc8Name":"Upper South Platte","lineageKey":"greenback","lineage":"greenback","historic":"greenback","current":"greenback","recovery":"recoveryWatch","lineageLabel":"Greenback / South Platte lineage","atlas_context":"cutthroat_lineage_context"}},{"type":"Feature","geometry":{"type":"LineString","coordinates":[[-105.4681,39.2704],[-105.4669,39.2701]]},"properties":{"name":"Lost Creek","display_name":"Lost Creek","source_name":"Lost Creek","state":"CO","atlas_class":"named_natural_stream_detail","huc8":"10190002","huc8Name":"Upper South Platte","lineageKey":"greenback","lineage":"greenback","historic":"greenback","current":"greenback","recovery":"recoveryWatch","lineageLabel":"Greenback / South Platte lineage","atlas_context":"cutthroat_lineage_context"}},{"type":"Feature","geometry":{"type":"LineString","coordinates":[[-105.4645,39.2693],[-105.4648,39.2682],[-105.4638,39.2666]]},"properties":{"name":"Lost Creek","display_name":"Lost Creek","source_name":"Lost Creek","state":"CO","atlas_class":"named_natural_stream_detail","huc8":"10190002","huc8Name":"Upper South Platte","lineageKey":"greenback","lineage":"greenback","historic":"greenback","current":"greenback","recovery":"recoveryWatch","lineageLabel":"Greenback / South Platte lineage","atlas_context":"cutthroat_lineage_context"}},{"type":"Feature","geometry":{"type":"LineString","coordinates":[[-105.5676,39.2088],[-105.5669,39.2083]]},"properties":{"name":"Tarryall Creek","display_name":"Tarryall Creek","source_name":"Tarryall Creek","state":"CO","atlas_class":"named_natural_stream_detail","huc8":"10190001","huc8Name":"South Platte Headwaters","lineageKey":"greenback","lineage":"greenback","historic":"greenback","current":"greenback","recovery":"recoveryWatch","lineageLabel":"Greenback / South Platte lineage","atlas_context":"cutthroat_lineage_context"}},{"type":"Feature","geometry":{"type":"LineString","coordinates":[[-105.4593,39.3874],[-105.457,39.3894]]},"properties":{"name":"Rock Creek","display_name":"Rock Creek","source_name":"Rock Creek","state":"CO","atlas_class":"named_natural_stream_detail","huc8":"10190002","huc8Name":"Upper South Platte","lineageKey":"greenback","lineage":"greenback","historic":"greenback","current":"greenback","recovery":"recoveryWatch","lineageLabel":"Greenback / South Platte lineage","atlas_context":"cutthroat_lineage_context"}},{"type":"Feature","geometry":{"type":"LineString","coordinates":[[-105.4555,39.3943],[-105.4554,39.3943]]},"properties":{"name":"North Fork South Platte River","display_name":"North Fork South Platte River","source_name":"North Fork South Platte River","state":"CO","atlas_class":"named_natural_stream_detail","huc8":"10190002","huc8Name":"Upper South Platte","lineageKey":"greenback","lineage":"greenback","historic":"greenback","current":"greenback","recovery":"recoveryWatch","lineageLabel":"Greenback / South Platte lineage","atlas_context":"cutthroat_lineage_context"}},{"type":"Feature","geometry":{"type":"LineString","coordinates":[[-105.489,39.3372],[-105.4871,39.3371]]},"properties":{"name":"Craig Creek","display_name":"Craig Creek","source_name":"Craig Creek","state":"CO","atlas_class":"named_natural_stream_detail","huc8":"10190002","huc8Name":"Upper South Platte","lineageKey":"greenback","lineage":"greenback","historic":"greenback","current":"greenback","recovery":"recoveryWatch","lineageLabel":"Greenback / South Platte lineage","atlas_context":"cutthroat_lineage_context"}},{"type":"Feature","geometry":{"type":"LineString","coordinates":[[-105.4871,39.3371],[-105.4833,39.3381]]},"properties":{"name":"Craig Creek","display_name":"Craig Creek","source_name":"Craig Creek","state":"CO","atlas_class":"named_natural_stream_detail","huc8":"10190002","huc8Name":"Upper South Platte","lineageKey":"greenback","lineage":"greenback","historic":"greenback","current":"greenback","recovery":"recoveryWatch","lineageLabel":"Greenback / South Platte lineage","atlas_context":"cutthroat_lineage_context"}},{"type":"Feature","geometry":{"type":"LineString","coordinates":[[-105.4784,39.3392],[-105.4779,39.3392]]},"properties":{"name":"Craig Creek","display_name":"Craig Creek","source_name":"Craig Creek","state":"CO","atlas_class":"named_natural_stream_detail","huc8":"10190002","huc8Name":"Upper South Platte","lineageKey":"greenback","lineage":"greenback","historic":"greenback","current":"greenback","recovery":"recoveryWatch","lineageLabel":"Greenback / South Platte lineage","atlas_context":"cutthroat_lineage_context"}},{"type":"Feature","geometry":{"type":"LineString","coordinates":[[-105.4104,39.3975],[-105.4096,39.3979]]},"properties":{"name":"North Fork South Platte River","display_name":"North Fork South Platte River","source_name":"North Fork South Platte River","state":"CO","atlas_class":"named_natural_stream_detail","huc8":"10190002","huc8Name":"Upper South Platte","lineageKey":"greenback","lineage":"greenback","historic":"greenback","current":"greenback","recovery":"recoveryWatch","lineageLabel":"Greenback / South Platte lineage","atlas_context":"cutthroat_lineage_context"}},{"type":"Feature","geometry":{"type":"LineString","coordinates":[[-105.4041,39.2681],[-105.404,39.268]]},"properties":{"name":"Wigwam Creek","display_name":"Wigwam Creek","source_name":"Wigwam Creek","state":"CO","atlas_class":"named_natural_stream_detail","huc8":"10190002","huc8Name":"Upper South Platte","lineageKey":"greenback","lineage":"greenback","historic":"greenback","current":"greenback","recovery":"recoveryWatch","lineageLabel":"Greenback / South Platte lineage","atlas_context":"cutthroat_lineage_context"}},{"type":"Feature","geometry":{"type":"LineString","coordinates":[[-105.5259,39.3469],[-105.5234,39.346],[-105.5206,39.3434]]},"properties":{"name":"Craig Creek","display_name":"Craig Creek","source_name":"Craig Creek","state":"CO","atlas_class":"named_natural_stream_detail","huc8":"10190002","huc8Name":"Upper South Platte","lineageKey":"greenback","lineage":"greenback","historic":"greenback","current":"greenback","recovery":"recoveryWatch","lineageLabel":"Greenback / South Platte lineage","atlas_context":"cutthroat_lineage_context"}},{"type":"Feature","geometry":{"type":"LineString","coordinates":[[-105.4661,39.2708],[-105.4659,39.2709]]},"properties":{"name":"Lost Creek","display_name":"Lost Creek","source_name":"Lost Creek","state":"CO","atlas_class":"named_natural_stream_detail","huc8":"10190002","huc8Name":"Upper South Platte","lineageKey":"greenback","lineage":"greenback","historic":"greenback","current":"greenback","recovery":"recoveryWatch","lineageLabel":"Greenback / South Platte lineage","atlas_context":"cutthroat_lineage_context"}},{"type":"Feature","geometry":{"type":"LineString","coordinates":[[-105.4625,39.2646],[-105.459,39.2649]]},"properties":{"name":"Lost Creek","display_name":"Lost Creek","source_name":"Lost Creek","state":"CO","atlas_class":"named_natural_stream_detail","huc8":"10190002","huc8Name":"Upper South Platte","lineageKey":"greenback","lineage":"greenback","historic":"greenback","current":"greenback","recovery":"recoveryWatch","lineageLabel":"Greenback / South Platte lineage","atlas_context":"cutthroat_lineage_context"}},{"type":"Feature","geometry":{"type":"LineString","coordinates":[[-105.4646,39.3325],[-105.4601,39.3333]]},"properties":{"name":"Craig Creek","display_name":"Craig Creek","source_name":"Craig Creek","state":"CO","atlas_class":"named_natural_stream_detail","huc8":"10190002","huc8Name":"Upper South Platte","lineageKey":"greenback","lineage":"greenback","historic":"greenback","current":"greenback","recovery":"recoveryWatch","lineageLabel":"Greenback / South Platte lineage","atlas_context":"cutthroat_lineage_context"}},{"type":"Feature","geometry":{"type":"LineString","coordinates":[[-105.4013,39.2658],[-105.3996,39.2653]]},"properties":{"name":"Wigwam Creek","display_name":"Wigwam Creek","source_name":"Wigwam Creek","state":"CO","atlas_class":"named_natural_stream_detail","huc8":"10190002","huc8Name":"Upper South Platte","lineageKey":"greenback","lineage":"greenback","historic":"greenback","current":"greenback","recovery":"recoveryWatch","lineageLabel":"Greenback / South Platte lineage","atlas_context":"cutthroat_lineage_context"}},{"type":"Feature","geometry":{"type":"LineString","coordinates":[[-105.5729,39.2846],[-105.5671,39.2841]]},"properties":{"name":"No Name Creek","display_name":"No Name Creek","source_name":"No Name Creek","state":"CO","atlas_class":"named_natural_stream_detail","huc8":"10190002","huc8Name":"Upper South Platte","lineageKey":"greenback","lineage":"greenback","historic":"greenback","current":"greenback","recovery":"recoveryWatch","lineageLabel":"Greenback / South Platte lineage","atlas_context":"cutthroat_lineage_context"}},{"type":"Feature","geometry":{"type":"LineString","coordinates":[[-105.5751,39.3164],[-105.5684,39.3146]]},"properties":{"name":"South Fork Lost Creek","display_name":"South Fork Lost Creek","source_name":"South Fork Lost Creek","state":"CO","atlas_class":"named_natural_stream_detail","huc8":"10190002","huc8Name":"Upper South Platte","lineageKey":"greenback","lineage":"greenback","historic":"greenback","current":"greenback","recovery":"recoveryWatch","lineageLabel":"Greenback / South Platte lineage","atlas_context":"cutthroat_lineage_context"}},{"type":"Feature","geometry":{"type":"LineString","coordinates":[[-105.5797,39.3388],[-105.5757,39.3365],[-105.5705,39.3352]]},"properties":{"name":"North Fork Lost Creek","display_name":"North Fork Lost Creek","source_name":"North Fork Lost Creek","state":"CO","atlas_class":"named_natural_stream_detail","huc8":"10190002","huc8Name":"Upper South Platte","lineageKey":"greenback","lineage":"greenback","historic":"greenback","current":"greenback","recovery":"recoveryWatch","lineageLabel":"Greenback / South Platte lineage","atlas_context":"cutthroat_lineage_context"}},{"type":"Feature","geometry":{"type":"LineString","coordinates":[[-105.5705,39.3352],[-105.5685,39.3339]]},"properties":{"name":"North Fork Lost Creek","display_name":"North Fork Lost Creek","source_name":"North Fork Lost Creek","state":"CO","atlas_class":"named_natural_stream_detail","huc8":"10190002","huc8Name":"Upper South Platte","lineageKey":"greenback","lineage":"greenback","historic":"greenback","current":"greenback","recovery":"recoveryWatch","lineageLabel":"Greenback / South Platte lineage","atlas_context":"cutthroat_lineage_context"}},{"type":"Feature","geometry":{"type":"LineString","coordinates":[[-105.4667,39.3834],[-105.4652,39.3828],[-105.4636,39.3843]]},"properties":{"name":"Rock Creek","display_name":"Rock Creek","source_name":"Rock Creek","state":"CO","atlas_class":"named_natural_stream_detail","huc8":"10190002","huc8Name":"Upper South Platte","lineageKey":"greenback","lineage":"greenback","historic":"greenback","current":"greenback","recovery":"recoveryWatch","lineageLabel":"Greenback / South Platte lineage","atlas_context":"cutthroat_lineage_context"}},{"type":"Feature","geometry":{"type":"LineString","coordinates":[[-105.4245,39.2741],[-105.4235,39.2746]]},"properties":{"name":"Wigwam Creek","display_name":"Wigwam Creek","source_name":"Wigwam Creek","state":"CO","atlas_class":"named_natural_stream_detail","huc8":"10190002","huc8Name":"Upper South Platte","lineageKey":"greenback","lineage":"greenback","historic":"greenback","current":"greenback","recovery":"recoveryWatch","lineageLabel":"Greenback / South Platte lineage","atlas_context":"cutthroat_lineage_context"}},{"type":"Feature","geometry":{"type":"LineString","coordinates":[[-105.4231,39.2747],[-105.4228,39.2748]]},"properties":{"name":"Wigwam Creek","display_name":"Wigwam Creek","source_name":"Wigwam Creek","state":"CO","atlas_class":"named_natural_stream_detail","huc8":"10190002","huc8Name":"Upper South Platte","lineageKey":"greenback","lineage":"greenback","historic":"greenback","current":"greenback","recovery":"recoveryWatch","lineageLabel":"Greenback / South Platte lineage","atlas_context":"cutthroat_lineage_context"}},{"type":"Feature","geometry":{"type":"LineString","coordinates":[[-105.4227,39.2748],[-105.4223,39.2748]]},"properties":{"name":"Wigwam Creek","display_name":"Wigwam Creek","source_name":"Wigwam Creek","state":"CO","atlas_class":"named_natural_stream_detail","huc8":"10190002","huc8Name":"Upper South Platte","lineageKey":"greenback","lineage":"greenback","historic":"greenback","current":"greenback","recovery":"recoveryWatch","lineageLabel":"Greenback / South Platte lineage","atlas_context":"cutthroat_lineage_context"}},{"type":"Feature","geometry":{"type":"LineString","coordinates":[[-105.4218,39.2748],[-105.4171,39.2729]]},"properties":{"name":"Wigwam Creek","display_name":"Wigwam Creek","source_name":"Wigwam Creek","state":"CO","atlas_class":"named_natural_stream_detail","huc8":"10190002","huc8Name":"Upper South Platte","lineageKey":"greenback","lineage":"greenback","historic":"greenback","current":"greenback","recovery":"recoveryWatch","lineageLabel":"Greenback / South Platte lineage","atlas_context":"cutthroat_lineage_context"}},{"type":"Feature","geometry":{"type":"LineString","coordinates":[[-105.4145,39.272],[-105.4143,39.2719]]},"properties":{"name":"Wigwam Creek","display_name":"Wigwam Creek","source_name":"Wigwam Creek","state":"CO","atlas_class":"named_natural_stream_detail","huc8":"10190002","huc8Name":"Upper South Platte","lineageKey":"greenback","lineage":"greenback","historic":"greenback","current":"greenback","recovery":"recoveryWatch","lineageLabel":"Greenback / South Platte lineage","atlas_context":"cutthroat_lineage_context"}},{"type":"Feature","geometry":{"type":"LineString","coordinates":[[-105.4035,39.3979],[-105.4001,39.3977],[-105.3959,39.4007]]},"properties":{"name":"North Fork South Platte River","display_name":"North Fork South Platte River","source_name":"North Fork South Platte River","state":"CO","atlas_class":"named_natural_stream_detail","huc8":"10190002","huc8Name":"Upper South Platte","lineageKey":"greenback","lineage":"greenback","historic":"greenback","current":"greenback","recovery":"recoveryWatch","lineageLabel":"Greenback / South Platte lineage","atlas_context":"cutthroat_lineage_context"}},{"type":"Feature","geometry":{"type":"LineString","coordinates":[[-105.5407,39.317],[-105.5381,39.3157]]},"properties":{"name":"North Fork Lost Creek","display_name":"North Fork Lost Creek","source_name":"North Fork Lost Creek","state":"CO","atlas_class":"named_natural_stream_detail","huc8":"10190002","huc8Name":"Upper South Platte","lineageKey":"greenback","lineage":"greenback","historic":"greenback","current":"greenback","recovery":"recoveryWatch","lineageLabel":"Greenback / South Platte lineage","atlas_context":"cutthroat_lineage_context"}},{"type":"Feature","geometry":{"type":"LineString","coordinates":[[-105.4711,39.2399],[-105.464,39.2426]]},"properties":{"name":"McCurdy Creek","display_name":"McCurdy Creek","source_name":"McCurdy Creek","state":"CO","atlas_class":"named_natural_stream_detail","huc8":"10190002","huc8Name":"Upper South Platte","lineageKey":"greenback","lineage":"greenback","historic":"greenback","current":"greenback","recovery":"recoveryWatch","lineageLabel":"Greenback / South Platte lineage","atlas_context":"cutthroat_lineage_context"}},{"type":"Feature","geometry":{"type":"LineString","coordinates":[[-105.4291,39.3589],[-105.4279,39.3616]]},"properties":{"name":"Craig Creek","display_name":"Craig Creek","source_name":"Craig Creek","state":"CO","atlas_class":"named_natural_stream_detail","huc8":"10190002","huc8Name":"Upper South Platte","lineageKey":"greenback","lineage":"greenback","historic":"greenback","current":"greenback","recovery":"recoveryWatch","lineageLabel":"Greenback / South Platte lineage","atlas_context":"cutthroat_lineage_context"}},{"type":"Feature","geometry":{"type":"LineString","coordinates":[[-105.4076,39.323],[-105.4062,39.3256]]},"properties":{"name":"North Rolling Creek","display_name":"North Rolling Creek","source_name":"North Rolling Creek","state":"CO","atlas_class":"named_natural_stream_detail","huc8":"10190002","huc8Name":"Upper South Platte","lineageKey":"greenback","lineage":"greenback","historic":"greenback","current":"greenback","recovery":"recoveryWatch","lineageLabel":"Greenback / South Platte lineage","atlas_context":"cutthroat_lineage_context"}},{"type":"Feature","geometry":{"type":"LineString","coordinates":[[-105.4147,39.3082],[-105.4135,39.308]]},"properties":{"name":"Rolling Creek","display_name":"Rolling Creek","source_name":"Rolling Creek","state":"CO","atlas_class":"named_natural_stream_detail","huc8":"10190002","huc8Name":"Upper South Platte","lineageKey":"greenback","lineage":"greenback","historic":"greenback","current":"greenback","recovery":"recoveryWatch","lineageLabel":"Greenback / South Platte lineage","atlas_context":"cutthroat_lineage_context"}},{"type":"Feature","geometry":{"type":"LineString","coordinates":[[-105.4529,39.3935],[-105.4504,39.3941]]},"properties":{"name":"North Fork South Platte River","display_name":"North Fork South Platte River","source_name":"North Fork South Platte River","state":"CO","atlas_class":"named_natural_stream_detail","huc8":"10190002","huc8Name":"Upper South Platte","lineageKey":"greenback","lineage":"greenback","historic":"greenback","current":"greenback","recovery":"recoveryWatch","lineageLabel":"Greenback / South Platte lineage","atlas_context":"cutthroat_lineage_context"}},{"type":"Feature","geometry":{"type":"LineString","coordinates":[[-105.4504,39.3941],[-105.4503,39.3943]]},"properties":{"name":"North Fork South Platte River","display_name":"North Fork South Platte River","source_name":"North Fork South Platte River","state":"CO","atlas_class":"named_natural_stream_detail","huc8":"10190002","huc8Name":"Upper South Platte","lineageKey":"greenback","lineage":"greenback","historic":"greenback","current":"greenback","recovery":"recoveryWatch","lineageLabel":"Greenback / South Platte lineage","atlas_context":"cutthroat_lineage_context"}},{"type":"Feature","geometry":{"type":"LineString","coordinates":[[-105.4675,39.3838],[-105.4667,39.3834]]},"properties":{"name":"Rock Creek","display_name":"Rock Creek","source_name":"Rock Creek","state":"CO","atlas_class":"named_natural_stream_detail","huc8":"10190002","huc8Name":"Upper South Platte","lineageKey":"greenback","lineage":"greenback","historic":"greenback","current":"greenback","recovery":"recoveryWatch","lineageLabel":"Greenback / South Platte lineage","atlas_context":"cutthroat_lineage_context"}},{"type":"Feature","geometry":{"type":"LineString","coordinates":[[-105.4862,39.2195],[-105.4849,39.2185]]},"properties":{"name":"Sand Creek","display_name":"Sand Creek","source_name":"Sand Creek","state":"CO","atlas_class":"named_natural_stream_detail","huc8":"10190001","huc8Name":"South Platte Headwaters","lineageKey":"greenback","lineage":"greenback","historic":"greenback","current":"greenback","recovery":"recoveryWatch","lineageLabel":"Greenback / South Platte lineage","atlas_context":"cutthroat_lineage_context"}},{"type":"Feature","geometry":{"type":"LineString","coordinates":[[-105.484,39.225],[-105.4826,39.2264],[-105.4817,39.2318]]},"properties":{"name":"McCurdy Creek","display_name":"McCurdy Creek","source_name":"McCurdy Creek","state":"CO","atlas_class":"named_natural_stream_detail","huc8":"10190002","huc8Name":"Upper South Platte","lineageKey":"greenback","lineage":"greenback","historic":"greenback","current":"greenback","recovery":"recoveryWatch","lineageLabel":"Greenback / South Platte lineage","atlas_context":"cutthroat_lineage_context"}},{"type":"Feature","geometry":{"type":"LineString","coordinates":[[-105.439,39.3466],[-105.4374,39.3466]]},"properties":{"name":"Craig Creek","display_name":"Craig Creek","source_name":"Craig Creek","state":"CO","atlas_class":"named_natural_stream_detail","huc8":"10190002","huc8Name":"Upper South Platte","lineageKey":"greenback","lineage":"greenback","historic":"greenback","current":"greenback","recovery":"recoveryWatch","lineageLabel":"Greenback / South Platte lineage","atlas_context":"cutthroat_lineage_context"}},{"type":"Feature","geometry":{"type":"LineString","coordinates":[[-105.4849,39.2185],[-105.4853,39.2154],[-105.4837,39.2118]]},"properties":{"name":"Sand Creek","display_name":"Sand Creek","source_name":"Sand Creek","state":"CO","atlas_class":"named_natural_stream_detail","huc8":"10190001","huc8Name":"South Platte Headwaters","lineageKey":"greenback","lineage":"greenback","historic":"greenback","current":"greenback","recovery":"recoveryWatch","lineageLabel":"Greenback / South Platte lineage","atlas_context":"cutthroat_lineage_context"}},{"type":"Feature","geometry":{"type":"LineString","coordinates":[[-105.4785,39.2341],[-105.4757,39.2353],[-105.4732,39.2389]]},"properties":{"name":"McCurdy Creek","display_name":"McCurdy Creek","source_name":"McCurdy Creek","state":"CO","atlas_class":"named_natural_stream_detail","huc8":"10190002","huc8Name":"Upper South Platte","lineageKey":"greenback","lineage":"greenback","historic":"greenback","current":"greenback","recovery":"recoveryWatch","lineageLabel":"Greenback / South Platte lineage","atlas_context":"cutthroat_lineage_context"}},{"type":"Feature","geometry":{"type":"LineString","coordinates":[[-105.5866,39.3413],[-105.5797,39.3388]]},"properties":{"name":"North Fork Lost Creek","display_name":"North Fork Lost Creek","source_name":"North Fork Lost Creek","state":"CO","atlas_class":"named_natural_stream_detail","huc8":"10190002","huc8Name":"Upper South Platte","lineageKey":"greenback","lineage":"greenback","historic":"greenback","current":"greenback","recovery":"recoveryWatch","lineageLabel":"Greenback / South Platte lineage","atlas_context":"cutthroat_lineage_context"}},{"type":"Feature","geometry":{"type":"LineString","coordinates":[[-105.5679,39.2095],[-105.5676,39.2088]]},"properties":{"name":"Tarryall Creek","display_name":"Tarryall Creek","source_name":"Tarryall Creek","state":"CO","atlas_class":"named_natural_stream_detail","huc8":"10190001","huc8Name":"South Platte Headwaters","lineageKey":"greenback","lineage":"greenback","historic":"greenback","current":"greenback","recovery":"recoveryWatch","lineageLabel":"Greenback / South Platte lineage","atlas_context":"cutthroat_lineage_context"}},{"type":"Feature","geometry":{"type":"LineString","coordinates":[[-105.4493,39.2453],[-105.4415,39.2448]]},"properties":{"name":"Lost Creek","display_name":"Lost Creek","source_name":"Lost Creek","state":"CO","atlas_class":"named_natural_stream_detail","huc8":"10190002","huc8Name":"Upper South Platte","lineageKey":"greenback","lineage":"greenback","historic":"greenback","current":"greenback","recovery":"recoveryWatch","lineageLabel":"Greenback / South Platte lineage","atlas_context":"cutthroat_lineage_context"}},{"type":"Feature","geometry":{"type":"LineString","coordinates":[[-105.5413,39.2937],[-105.5384,39.2939]]},"properties":{"name":"No Name Creek","display_name":"No Name Creek","source_name":"No Name Creek","state":"CO","atlas_class":"named_natural_stream_detail","huc8":"10190002","huc8Name":"Upper South Platte","lineageKey":"greenback","lineage":"greenback","historic":"greenback","current":"greenback","recovery":"recoveryWatch","lineageLabel":"Greenback / South Platte lineage","atlas_context":"cutthroat_lineage_context"}},{"type":"Feature","geometry":{"type":"LineString","coordinates":[[-105.5559,39.3086],[-105.5558,39.3085]]},"properties":{"name":"South Fork Lost Creek","display_name":"South Fork Lost Creek","source_name":"South Fork Lost Creek","state":"CO","atlas_class":"named_natural_stream_detail","huc8":"10190002","huc8Name":"Upper South Platte","lineageKey":"greenback","lineage":"greenback","historic":"greenback","current":"greenback","recovery":"recoveryWatch","lineageLabel":"Greenback / South Platte lineage","atlas_context":"cutthroat_lineage_context"}},{"type":"Feature","geometry":{"type":"LineString","coordinates":[[-105.5568,39.3023],[-105.5507,39.3022]]},"properties":{"name":"Monkey Creek","display_name":"Monkey Creek","source_name":"Monkey Creek","state":"CO","atlas_class":"named_natural_stream_detail","huc8":"10190002","huc8Name":"Upper South Platte","lineageKey":"greenback","lineage":"greenback","historic":"greenback","current":"greenback","recovery":"recoveryWatch","lineageLabel":"Greenback / South Platte lineage","atlas_context":"cutthroat_lineage_context"}},{"type":"Feature","geometry":{"type":"LineString","coordinates":[[-105.5451,39.3191],[-105.5444,39.3186]]},"properties":{"name":"North Fork Lost Creek","display_name":"North Fork Lost Creek","source_name":"North Fork Lost Creek","state":"CO","atlas_class":"named_natural_stream_detail","huc8":"10190002","huc8Name":"Upper South Platte","lineageKey":"greenback","lineage":"greenback","historic":"greenback","current":"greenback","recovery":"recoveryWatch","lineageLabel":"Greenback / South Platte lineage","atlas_context":"cutthroat_lineage_context"}},{"type":"Feature","geometry":{"type":"LineString","coordinates":[[-105.5501,39.3227],[-105.5497,39.3223]]},"properties":{"name":"North Fork Lost Creek","display_name":"North Fork Lost Creek","source_name":"North Fork Lost Creek","state":"CO","atlas_class":"named_natural_stream_detail","huc8":"10190002","huc8Name":"Upper South Platte","lineageKey":"greenback","lineage":"greenback","historic":"greenback","current":"greenback","recovery":"recoveryWatch","lineageLabel":"Greenback / South Platte lineage","atlas_context":"cutthroat_lineage_context"}},{"type":"Feature","geometry":{"type":"LineString","coordinates":[[-105.4856,39.3693],[-105.4837,39.3718]]},"properties":{"name":"Rock Creek","display_name":"Rock Creek","source_name":"Rock Creek","state":"CO","atlas_class":"named_natural_stream_detail","huc8":"10190002","huc8Name":"Upper South Platte","lineageKey":"greenback","lineage":"greenback","historic":"greenback","current":"greenback","recovery":"recoveryWatch","lineageLabel":"Greenback / South Platte lineage","atlas_context":"cutthroat_lineage_context"}},{"type":"Feature","geometry":{"type":"LineString","coordinates":[[-105.4834,39.3765],[-105.4801,39.3797]]},"properties":{"name":"Rock Creek","display_name":"Rock Creek","source_name":"Rock Creek","state":"CO","atlas_class":"named_natural_stream_detail","huc8":"10190002","huc8Name":"Upper South Platte","lineageKey":"greenback","lineage":"greenback","historic":"greenback","current":"greenback","recovery":"recoveryWatch","lineageLabel":"Greenback / South Platte lineage","atlas_context":"cutthroat_lineage_context"}},{"type":"Feature","geometry":{"type":"LineString","coordinates":[[-105.494,39.3995],[-105.4897,39.4022]]},"properties":{"name":"Roark Creek","display_name":"Roark Creek","source_name":"Roark Creek","state":"CO","atlas_class":"named_natural_stream_detail","huc8":"10190002","huc8Name":"Upper South Platte","lineageKey":"greenback","lineage":"greenback","historic":"greenback","current":"greenback","recovery":"recoveryWatch","lineageLabel":"Greenback / South Platte lineage","atlas_context":"cutthroat_lineage_context"}},{"type":"Feature","geometry":{"type":"LineString","coordinates":[[-105.5206,39.3434],[-105.5153,39.3414]]},"properties":{"name":"Craig Creek","display_name":"Craig Creek","source_name":"Craig Creek","state":"CO","atlas_class":"named_natural_stream_detail","huc8":"10190002","huc8Name":"Upper South Platte","lineageKey":"greenback","lineage":"greenback","historic":"greenback","current":"greenback","recovery":"recoveryWatch","lineageLabel":"Greenback / South Platte lineage","atlas_context":"cutthroat_lineage_context"}},{"type":"Feature","geometry":{"type":"LineString","coordinates":[[-105.5057,39.283],[-105.5046,39.2831]]},"properties":{"name":"South Fork Lost Creek","display_name":"South Fork Lost Creek","source_name":"South Fork Lost Creek","state":"CO","atlas_class":"named_natural_stream_detail","huc8":"10190002","huc8Name":"Upper South Platte","lineageKey":"greenback","lineage":"greenback","historic":"greenback","current":"greenback","recovery":"recoveryWatch","lineageLabel":"Greenback / South Platte lineage","atlas_context":"cutthroat_lineage_context"}},{"type":"Feature","geometry":{"type":"LineString","coordinates":[[-105.5046,39.2831],[-105.5031,39.283]]},"properties":{"name":"South Fork Lost Creek","display_name":"South Fork Lost Creek","source_name":"South Fork Lost Creek","state":"CO","atlas_class":"named_natural_stream_detail","huc8":"10190002","huc8Name":"Upper South Platte","lineageKey":"greenback","lineage":"greenback","historic":"greenback","current":"greenback","recovery":"recoveryWatch","lineageLabel":"Greenback / South Platte lineage","atlas_context":"cutthroat_lineage_context"}},{"type":"Feature","geometry":{"type":"LineString","coordinates":[[-105.5151,39.3062],[-105.5139,39.3052]]},"properties":{"name":"North Fork Lost Creek","display_name":"North Fork Lost Creek","source_name":"North Fork Lost Creek","state":"CO","atlas_class":"named_natural_stream_detail","huc8":"10190002","huc8Name":"Upper South Platte","lineageKey":"greenback","lineage":"greenback","historic":"greenback","current":"greenback","recovery":"recoveryWatch","lineageLabel":"Greenback / South Platte lineage","atlas_context":"cutthroat_lineage_context"}},{"type":"Feature","geometry":{"type":"LineString","coordinates":[[-105.5134,39.305],[-105.5131,39.3048]]},"properties":{"name":"North Fork Lost Creek","display_name":"North Fork Lost Creek","source_name":"North Fork Lost Creek","state":"CO","atlas_class":"named_natural_stream_detail","huc8":"10190002","huc8Name":"Upper South Platte","lineageKey":"greenback","lineage":"greenback","historic":"greenback","current":"greenback","recovery":"recoveryWatch","lineageLabel":"Greenback / South Platte lineage","atlas_context":"cutthroat_lineage_context"}},{"type":"Feature","geometry":{"type":"LineString","coordinates":[[-105.4983,39.3368],[-105.4975,39.3366]]},"properties":{"name":"Craig Creek","display_name":"Craig Creek","source_name":"Craig Creek","state":"CO","atlas_class":"named_natural_stream_detail","huc8":"10190002","huc8Name":"Upper South Platte","lineageKey":"greenback","lineage":"greenback","historic":"greenback","current":"greenback","recovery":"recoveryWatch","lineageLabel":"Greenback / South Platte lineage","atlas_context":"cutthroat_lineage_context"}},{"type":"Feature","geometry":{"type":"LineString","coordinates":[[-105.4973,39.3365],[-105.4952,39.3366]]},"properties":{"name":"Craig Creek","display_name":"Craig Creek","source_name":"Craig Creek","state":"CO","atlas_class":"named_natural_stream_detail","huc8":"10190002","huc8Name":"Upper South Platte","lineageKey":"greenback","lineage":"greenback","historic":"greenback","current":"greenback","recovery":"recoveryWatch","lineageLabel":"Greenback / South Platte lineage","atlas_context":"cutthroat_lineage_context"}},{"type":"Feature","geometry":{"type":"LineString","coordinates":[[-105.5474,39.2989],[-105.5436,39.2965]]},"properties":{"name":"South Fork Lost Creek","display_name":"South Fork Lost Creek","source_name":"South Fork Lost Creek","state":"CO","atlas_class":"named_natural_stream_detail","huc8":"10190002","huc8Name":"Upper South Platte","lineageKey":"greenback","lineage":"greenback","historic":"greenback","current":"greenback","recovery":"recoveryWatch","lineageLabel":"Greenback / South Platte lineage","atlas_context":"cutthroat_lineage_context"}},{"type":"Feature","geometry":{"type":"LineString","coordinates":[[-105.5393,39.295],[-105.5384,39.2939]]},"properties":{"name":"South Fork Lost Creek","display_name":"South Fork Lost Creek","source_name":"South Fork Lost Creek","state":"CO","atlas_class":"named_natural_stream_detail","huc8":"10190002","huc8Name":"Upper South Platte","lineageKey":"greenback","lineage":"greenback","historic":"greenback","current":"greenback","recovery":"recoveryWatch","lineageLabel":"Greenback / South Platte lineage","atlas_context":"cutthroat_lineage_context"}},{"type":"Feature","geometry":{"type":"LineString","coordinates":[[-105.5384,39.2938],[-105.5382,39.292]]},"properties":{"name":"South Fork Lost Creek","display_name":"South Fork Lost Creek","source_name":"South Fork Lost Creek","state":"CO","atlas_class":"named_natural_stream_detail","huc8":"10190002","huc8Name":"Upper South Platte","lineageKey":"greenback","lineage":"greenback","historic":"greenback","current":"greenback","recovery":"recoveryWatch","lineageLabel":"Greenback / South Platte lineage","atlas_context":"cutthroat_lineage_context"}},{"type":"Feature","geometry":{"type":"LineString","coordinates":[[-105.5558,39.3085],[-105.5529,39.3063]]},"properties":{"name":"South Fork Lost Creek","display_name":"South Fork Lost Creek","source_name":"South Fork Lost Creek","state":"CO","atlas_class":"named_natural_stream_detail","huc8":"10190002","huc8Name":"Upper South Platte","lineageKey":"greenback","lineage":"greenback","historic":"greenback","current":"greenback","recovery":"recoveryWatch","lineageLabel":"Greenback / South Platte lineage","atlas_context":"cutthroat_lineage_context"}},{"type":"Feature","geometry":{"type":"LineString","coordinates":[[-105.5503,39.2805],[-105.5482,39.2831]]},"properties":{"name":"Bonis Creek","display_name":"Bonis Creek","source_name":"Bonis Creek","state":"CO","atlas_class":"named_natural_stream_detail","huc8":"10190002","huc8Name":"Upper South Platte","lineageKey":"greenback","lineage":"greenback","historic":"greenback","current":"greenback","recovery":"recoveryWatch","lineageLabel":"Greenback / South Platte lineage","atlas_context":"cutthroat_lineage_context"}},{"type":"Feature","geometry":{"type":"LineString","coordinates":[[-105.5497,39.3223],[-105.5459,39.32]]},"properties":{"name":"North Fork Lost Creek","display_name":"North Fork Lost Creek","source_name":"North Fork Lost Creek","state":"CO","atlas_class":"named_natural_stream_detail","huc8":"10190002","huc8Name":"Upper South Platte","lineageKey":"greenback","lineage":"greenback","historic":"greenback","current":"greenback","recovery":"recoveryWatch","lineageLabel":"Greenback / South Platte lineage","atlas_context":"cutthroat_lineage_context"}},{"type":"Feature","geometry":{"type":"LineString","coordinates":[[-105.5459,39.32],[-105.5451,39.3191]]},"properties":{"name":"North Fork Lost Creek","display_name":"North Fork Lost Creek","source_name":"North Fork Lost Creek","state":"CO","atlas_class":"named_natural_stream_detail","huc8":"10190002","huc8Name":"Upper South Platte","lineageKey":"greenback","lineage":"greenback","historic":"greenback","current":"greenback","recovery":"recoveryWatch","lineageLabel":"Greenback / South Platte lineage","atlas_context":"cutthroat_lineage_context"}},{"type":"Feature","geometry":{"type":"LineString","coordinates":[[-105.5509,39.324],[-105.5501,39.3227]]},"properties":{"name":"North Fork Lost Creek","display_name":"North Fork Lost Creek","source_name":"North Fork Lost Creek","state":"CO","atlas_class":"named_natural_stream_detail","huc8":"10190002","huc8Name":"Upper South Platte","lineageKey":"greenback","lineage":"greenback","historic":"greenback","current":"greenback","recovery":"recoveryWatch","lineageLabel":"Greenback / South Platte lineage","atlas_context":"cutthroat_lineage_context"}},{"type":"Feature","geometry":{"type":"LineString","coordinates":[[-105.427,39.2744],[-105.4266,39.2744]]},"properties":{"name":"Wigwam Creek","display_name":"Wigwam Creek","source_name":"Wigwam Creek","state":"CO","atlas_class":"named_natural_stream_detail","huc8":"10190002","huc8Name":"Upper South Platte","lineageKey":"greenback","lineage":"greenback","historic":"greenback","current":"greenback","recovery":"recoveryWatch","lineageLabel":"Greenback / South Platte lineage","atlas_context":"cutthroat_lineage_context"}},{"type":"Feature","geometry":{"type":"LineString","coordinates":[[-105.4634,39.3844],[-105.4622,39.3859]]},"properties":{"name":"Rock Creek","display_name":"Rock Creek","source_name":"Rock Creek","state":"CO","atlas_class":"named_natural_stream_detail","huc8":"10190002","huc8Name":"Upper South Platte","lineageKey":"greenback","lineage":"greenback","historic":"greenback","current":"greenback","recovery":"recoveryWatch","lineageLabel":"Greenback / South Platte lineage","atlas_context":"cutthroat_lineage_context"}},{"type":"Feature","geometry":{"type":"LineString","coordinates":[[-105.4554,39.3943],[-105.4552,39.3942]]},"properties":{"name":"North Fork South Platte River","display_name":"North Fork South Platte River","source_name":"North Fork South Platte River","state":"CO","atlas_class":"named_natural_stream_detail","huc8":"10190002","huc8Name":"Upper South Platte","lineageKey":"greenback","lineage":"greenback","historic":"greenback","current":"greenback","recovery":"recoveryWatch","lineageLabel":"Greenback / South Platte lineage","atlas_context":"cutthroat_lineage_context"}},{"type":"Feature","geometry":{"type":"LineString","coordinates":[[-105.5185,39.2137],[-105.5207,39.2107],[-105.5285,39.2055]]},"properties":{"name":"Ute Creek","display_name":"Ute Creek","source_name":"Ute Creek","state":"CO","atlas_class":"named_natural_stream_detail","huc8":"10190001","huc8Name":"South Platte Headwaters","lineageKey":"greenback","lineage":"greenback","historic":"greenback","current":"greenback","recovery":"recoveryWatch","lineageLabel":"Greenback / South Platte lineage","atlas_context":"cutthroat_lineage_context"}},{"type":"Feature","geometry":{"type":"LineString","coordinates":[[-105.4314,39.2727],[-105.4298,39.2739]]},"properties":{"name":"Wigwam Creek","display_name":"Wigwam Creek","source_name":"Wigwam Creek","state":"CO","atlas_class":"named_natural_stream_detail","huc8":"10190002","huc8Name":"Upper South Platte","lineageKey":"greenback","lineage":"greenback","historic":"greenback","current":"greenback","recovery":"recoveryWatch","lineageLabel":"Greenback / South Platte lineage","atlas_context":"cutthroat_lineage_context"}},{"type":"Feature","geometry":{"type":"LineString","coordinates":[[-105.5549,39.3635],[-105.5478,39.3595]]},"properties":{"name":"Craig Creek","display_name":"Craig Creek","source_name":"Craig Creek","state":"CO","atlas_class":"named_natural_stream_detail","huc8":"10190002","huc8Name":"Upper South Platte","lineageKey":"greenback","lineage":"greenback","historic":"greenback","current":"greenback","recovery":"recoveryWatch","lineageLabel":"Greenback / South Platte lineage","atlas_context":"cutthroat_lineage_context"}},{"type":"Feature","geometry":{"type":"LineString","coordinates":[[-105.5926,39.2184],[-105.5908,39.219]]},"properties":{"name":"Tarryall Creek","display_name":"Tarryall Creek","source_name":"Tarryall Creek","state":"CO","atlas_class":"named_natural_stream_detail","huc8":"10190001","huc8Name":"South Platte Headwaters","lineageKey":"greenback","lineage":"greenback","historic":"greenback","current":"greenback","recovery":"recoveryWatch","lineageLabel":"Greenback / South Platte lineage","atlas_context":"cutthroat_lineage_context"}},{"type":"Feature","geometry":{"type":"LineString","coordinates":[[-105.4889,39.2214],[-105.4868,39.2199]]},"properties":{"name":"Sand Creek","display_name":"Sand Creek","source_name":"Sand Creek","state":"CO","atlas_class":"named_natural_stream_detail","huc8":"10190001","huc8Name":"South Platte Headwaters","lineageKey":"greenback","lineage":"greenback","historic":"greenback","current":"greenback","recovery":"recoveryWatch","lineageLabel":"Greenback / South Platte lineage","atlas_context":"cutthroat_lineage_context"}},{"type":"Feature","geometry":{"type":"LineString","coordinates":[[-105.489,39.2252],[-105.4872,39.2236],[-105.484,39.225]]},"properties":{"name":"McCurdy Creek","display_name":"McCurdy Creek","source_name":"McCurdy Creek","state":"CO","atlas_class":"named_natural_stream_detail","huc8":"10190002","huc8Name":"Upper South Platte","lineageKey":"greenback","lineage":"greenback","historic":"greenback","current":"greenback","recovery":"recoveryWatch","lineageLabel":"Greenback / South Platte lineage","atlas_context":"cutthroat_lineage_context"}},{"type":"Feature","geometry":{"type":"LineString","coordinates":[[-105.4148,39.3937],[-105.4143,39.3942]]},"properties":{"name":"North Fork South Platte River","display_name":"North Fork South Platte River","source_name":"North Fork South Platte River","state":"CO","atlas_class":"named_natural_stream_detail","huc8":"10190002","huc8Name":"Upper South Platte","lineageKey":"greenback","lineage":"greenback","historic":"greenback","current":"greenback","recovery":"recoveryWatch","lineageLabel":"Greenback / South Platte lineage","atlas_context":"cutthroat_lineage_context"}},{"type":"Feature","geometry":{"type":"LineString","coordinates":[[-105.4139,39.3919],[-105.4132,39.3919]]},"properties":{"name":"North Fork South Platte River","display_name":"North Fork South Platte River","source_name":"North Fork South Platte River","state":"CO","atlas_class":"named_natural_stream_detail","huc8":"10190002","huc8Name":"Upper South Platte","lineageKey":"greenback","lineage":"greenback","historic":"greenback","current":"greenback","recovery":"recoveryWatch","lineageLabel":"Greenback / South Platte lineage","atlas_context":"cutthroat_lineage_context"}},{"type":"Feature","geometry":{"type":"LineString","coordinates":[[-105.5174,39.2194],[-105.5183,39.2182],[-105.5185,39.2142]]},"properties":{"name":"Ute Creek","display_name":"Ute Creek","source_name":"Ute Creek","state":"CO","atlas_class":"named_natural_stream_detail","huc8":"10190001","huc8Name":"South Platte Headwaters","lineageKey":"greenback","lineage":"greenback","historic":"greenback","current":"greenback","recovery":"recoveryWatch","lineageLabel":"Greenback / South Platte lineage","atlas_context":"cutthroat_lineage_context"}},{"type":"Feature","geometry":{"type":"LineString","coordinates":[[-105.58,39.2141],[-105.5785,39.2144]]},"properties":{"name":"Tarryall Creek","display_name":"Tarryall Creek","source_name":"Tarryall Creek","state":"CO","atlas_class":"named_natural_stream_detail","huc8":"10190001","huc8Name":"South Platte Headwaters","lineageKey":"greenback","lineage":"greenback","historic":"greenback","current":"greenback","recovery":"recoveryWatch","lineageLabel":"Greenback / South Platte lineage","atlas_context":"cutthroat_lineage_context"}},{"type":"Feature","geometry":{"type":"LineString","coordinates":[[-105.575,39.2128],[-105.5749,39.2124]]},"properties":{"name":"Tarryall Creek","display_name":"Tarryall Creek","source_name":"Tarryall Creek","state":"CO","atlas_class":"named_natural_stream_detail","huc8":"10190001","huc8Name":"South Platte Headwaters","lineageKey":"greenback","lineage":"greenback","historic":"greenback","current":"greenback","recovery":"recoveryWatch","lineageLabel":"Greenback / South Platte lineage","atlas_context":"cutthroat_lineage_context"}},{"type":"Feature","geometry":{"type":"LineString","coordinates":[[-105.5817,39.2149],[-105.5812,39.2141],[-105.58,39.2141]]},"properties":{"name":"Tarryall Creek","display_name":"Tarryall Creek","source_name":"Tarryall Creek","state":"CO","atlas_class":"named_natural_stream_detail","huc8":"10190001","huc8Name":"South Platte Headwaters","lineageKey":"greenback","lineage":"greenback","historic":"greenback","current":"greenback","recovery":"recoveryWatch","lineageLabel":"Greenback / South Platte lineage","atlas_context":"cutthroat_lineage_context"}},{"type":"Feature","geometry":{"type":"LineString","coordinates":[[-105.5066,39.2897],[-105.5059,39.2878],[-105.5067,39.2863]]},"properties":{"name":"North Fork Lost Creek","display_name":"North Fork Lost Creek","source_name":"North Fork Lost Creek","state":"CO","atlas_class":"named_natural_stream_detail","huc8":"10190002","huc8Name":"Upper South Platte","lineageKey":"greenback","lineage":"greenback","historic":"greenback","current":"greenback","recovery":"recoveryWatch","lineageLabel":"Greenback / South Platte lineage","atlas_context":"cutthroat_lineage_context"}},{"type":"Feature","geometry":{"type":"LineString","coordinates":[[-105.5028,39.2827],[-105.5011,39.2827],[-105.4995,39.2813]]},"properties":{"name":"Lost Creek","display_name":"Lost Creek","source_name":"Lost Creek","state":"CO","atlas_class":"named_natural_stream_detail","huc8":"10190002","huc8Name":"Upper South Platte","lineageKey":"greenback","lineage":"greenback","historic":"greenback","current":"greenback","recovery":"recoveryWatch","lineageLabel":"Greenback / South Platte lineage","atlas_context":"cutthroat_lineage_context"}},{"type":"Feature","geometry":{"type":"LineString","coordinates":[[-105.422,39.3261],[-105.4174,39.3268],[-105.4161,39.3282]]},"properties":{"name":"Freeman Creek","display_name":"Freeman Creek","source_name":"Freeman Creek","state":"CO","atlas_class":"named_natural_stream_detail","huc8":"10190002","huc8Name":"Upper South Platte","lineageKey":"greenback","lineage":"greenback","historic":"greenback","current":"greenback","recovery":"recoveryWatch","lineageLabel":"Greenback / South Platte lineage","atlas_context":"cutthroat_lineage_context"}},{"type":"Feature","geometry":{"type":"LineString","coordinates":[[-105.4161,39.3282],[-105.4147,39.3289]]},"properties":{"name":"Freeman Creek","display_name":"Freeman Creek","source_name":"Freeman Creek","state":"CO","atlas_class":"named_natural_stream_detail","huc8":"10190002","huc8Name":"Upper South Platte","lineageKey":"greenback","lineage":"greenback","historic":"greenback","current":"greenback","recovery":"recoveryWatch","lineageLabel":"Greenback / South Platte lineage","atlas_context":"cutthroat_lineage_context"}},{"type":"Feature","geometry":{"type":"LineString","coordinates":[[-105.4147,39.3289],[-105.4047,39.3281]]},"properties":{"name":"Freeman Creek","display_name":"Freeman Creek","source_name":"Freeman Creek","state":"CO","atlas_class":"named_natural_stream_detail","huc8":"10190002","huc8Name":"Upper South Platte","lineageKey":"greenback","lineage":"greenback","historic":"greenback","current":"greenback","recovery":"recoveryWatch","lineageLabel":"Greenback / South Platte lineage","atlas_context":"cutthroat_lineage_context"}},{"type":"Feature","geometry":{"type":"LineString","coordinates":[[-105.5184,39.283],[-105.5142,39.2809],[-105.5107,39.2822]]},"properties":{"name":"South Fork Lost Creek","display_name":"South Fork Lost Creek","source_name":"South Fork Lost Creek","state":"CO","atlas_class":"named_natural_stream_detail","huc8":"10190002","huc8Name":"Upper South Platte","lineageKey":"greenback","lineage":"greenback","historic":"greenback","current":"greenback","recovery":"recoveryWatch","lineageLabel":"Greenback / South Platte lineage","atlas_context":"cutthroat_lineage_context"}},{"type":"Feature","geometry":{"type":"LineString","coordinates":[[-105.5345,39.2897],[-105.5343,39.2897]]},"properties":{"name":"South Fork Lost Creek","display_name":"South Fork Lost Creek","source_name":"South Fork Lost Creek","state":"CO","atlas_class":"named_natural_stream_detail","huc8":"10190002","huc8Name":"Upper South Platte","lineageKey":"greenback","lineage":"greenback","historic":"greenback","current":"greenback","recovery":"recoveryWatch","lineageLabel":"Greenback / South Platte lineage","atlas_context":"cutthroat_lineage_context"}},{"type":"Feature","geometry":{"type":"LineString","coordinates":[[-105.5847,39.2167],[-105.5818,39.2154]]},"properties":{"name":"Tarryall Creek","display_name":"Tarryall Creek","source_name":"Tarryall Creek","state":"CO","atlas_class":"named_natural_stream_detail","huc8":"10190001","huc8Name":"South Platte Headwaters","lineageKey":"greenback","lineage":"greenback","historic":"greenback","current":"greenback","recovery":"recoveryWatch","lineageLabel":"Greenback / South Platte lineage","atlas_context":"cutthroat_lineage_context"}},{"type":"Feature","geometry":{"type":"LineString","coordinates":[[-105.4315,39.3528],[-105.4313,39.353]]},"properties":{"name":"Craig Creek","display_name":"Craig Creek","source_name":"Craig Creek","state":"CO","atlas_class":"named_natural_stream_detail","huc8":"10190002","huc8Name":"Upper South Platte","lineageKey":"greenback","lineage":"greenback","historic":"greenback","current":"greenback","recovery":"recoveryWatch","lineageLabel":"Greenback / South Platte lineage","atlas_context":"cutthroat_lineage_context"}},{"type":"Feature","geometry":{"type":"LineString","coordinates":[[-105.5076,39.3945],[-105.5075,39.3988]]},"properties":{"name":"Payne Creek","display_name":"Payne Creek","source_name":"Payne Creek","state":"CO","atlas_class":"named_natural_stream_detail","huc8":"10190002","huc8Name":"Upper South Platte","lineageKey":"greenback","lineage":"greenback","historic":"greenback","current":"greenback","recovery":"recoveryWatch","lineageLabel":"Greenback / South Platte lineage","atlas_context":"cutthroat_lineage_context"}},{"type":"Feature","geometry":{"type":"LineString","coordinates":[[-105.5238,39.265],[-105.5239,39.2657]]},"properties":{"name":"Indian Creek","display_name":"Indian Creek","source_name":"Indian Creek","state":"CO","atlas_class":"named_natural_stream_detail","huc8":"10190002","huc8Name":"Upper South Platte","lineageKey":"greenback","lineage":"greenback","historic":"greenback","current":"greenback","recovery":"recoveryWatch","lineageLabel":"Greenback / South Platte lineage","atlas_context":"cutthroat_lineage_context"}},{"type":"Feature","geometry":{"type":"LineString","coordinates":[[-105.5375,39.2872],[-105.5345,39.2897]]},"properties":{"name":"Bonis Creek","display_name":"Bonis Creek","source_name":"Bonis Creek","state":"CO","atlas_class":"named_natural_stream_detail","huc8":"10190002","huc8Name":"Upper South Platte","lineageKey":"greenback","lineage":"greenback","historic":"greenback","current":"greenback","recovery":"recoveryWatch","lineageLabel":"Greenback / South Platte lineage","atlas_context":"cutthroat_lineage_context"}},{"type":"Feature","geometry":{"type":"LineString","coordinates":[[-105.5277,39.2868],[-105.5252,39.2854]]},"properties":{"name":"South Fork Lost Creek","display_name":"South Fork Lost Creek","source_name":"South Fork Lost Creek","state":"CO","atlas_class":"named_natural_stream_detail","huc8":"10190002","huc8Name":"Upper South Platte","lineageKey":"greenback","lineage":"greenback","historic":"greenback","current":"greenback","recovery":"recoveryWatch","lineageLabel":"Greenback / South Platte lineage","atlas_context":"cutthroat_lineage_context"}},{"type":"Feature","geometry":{"type":"LineString","coordinates":[[-105.4295,39.3014],[-105.4231,39.3081]]},"properties":{"name":"Rolling Creek","display_name":"Rolling Creek","source_name":"Rolling Creek","state":"CO","atlas_class":"named_natural_stream_detail","huc8":"10190002","huc8Name":"Upper South Platte","lineageKey":"greenback","lineage":"greenback","historic":"greenback","current":"greenback","recovery":"recoveryWatch","lineageLabel":"Greenback / South Platte lineage","atlas_context":"cutthroat_lineage_context"}},{"type":"Feature","geometry":{"type":"LineString","coordinates":[[-105.422,39.3083],[-105.4178,39.3102],[-105.4147,39.3082]]},"properties":{"name":"Rolling Creek","display_name":"Rolling Creek","source_name":"Rolling Creek","state":"CO","atlas_class":"named_natural_stream_detail","huc8":"10190002","huc8Name":"Upper South Platte","lineageKey":"greenback","lineage":"greenback","historic":"greenback","current":"greenback","recovery":"recoveryWatch","lineageLabel":"Greenback / South Platte lineage","atlas_context":"cutthroat_lineage_context"}},{"type":"Feature","geometry":{"type":"LineString","coordinates":[[-105.4148,39.3131],[-105.4147,39.3153]]},"properties":{"name":"North Rolling Creek","display_name":"North Rolling Creek","source_name":"North Rolling Creek","state":"CO","atlas_class":"named_natural_stream_detail","huc8":"10190002","huc8Name":"Upper South Platte","lineageKey":"greenback","lineage":"greenback","historic":"greenback","current":"greenback","recovery":"recoveryWatch","lineageLabel":"Greenback / South Platte lineage","atlas_context":"cutthroat_lineage_context"}},{"type":"Feature","geometry":{"type":"LineString","coordinates":[[-105.4147,39.3153],[-105.414,39.3158]]},"properties":{"name":"North Rolling Creek","display_name":"North Rolling Creek","source_name":"North Rolling Creek","state":"CO","atlas_class":"named_natural_stream_detail","huc8":"10190002","huc8Name":"Upper South Platte","lineageKey":"greenback","lineage":"greenback","historic":"greenback","current":"greenback","recovery":"recoveryWatch","lineageLabel":"Greenback / South Platte lineage","atlas_context":"cutthroat_lineage_context"}},{"type":"Feature","geometry":{"type":"LineString","coordinates":[[-105.414,39.3158],[-105.4141,39.3165]]},"properties":{"name":"North Rolling Creek","display_name":"North Rolling Creek","source_name":"North Rolling Creek","state":"CO","atlas_class":"named_natural_stream_detail","huc8":"10190002","huc8Name":"Upper South Platte","lineageKey":"greenback","lineage":"greenback","historic":"greenback","current":"greenback","recovery":"recoveryWatch","lineageLabel":"Greenback / South Platte lineage","atlas_context":"cutthroat_lineage_context"}},{"type":"Feature","geometry":{"type":"LineString","coordinates":[[-105.5017,39.3778],[-105.5025,39.3836]]},"properties":{"name":"Payne Creek","display_name":"Payne Creek","source_name":"Payne Creek","state":"CO","atlas_class":"named_natural_stream_detail","huc8":"10190002","huc8Name":"Upper South Platte","lineageKey":"greenback","lineage":"greenback","historic":"greenback","current":"greenback","recovery":"recoveryWatch","lineageLabel":"Greenback / South Platte lineage","atlas_context":"cutthroat_lineage_context"}},{"type":"Feature","geometry":{"type":"LineString","coordinates":[[-105.4601,39.3333],[-105.4584,39.3338]]},"properties":{"name":"Craig Creek","display_name":"Craig Creek","source_name":"Craig Creek","state":"CO","atlas_class":"named_natural_stream_detail","huc8":"10190002","huc8Name":"Upper South Platte","lineageKey":"greenback","lineage":"greenback","historic":"greenback","current":"greenback","recovery":"recoveryWatch","lineageLabel":"Greenback / South Platte lineage","atlas_context":"cutthroat_lineage_context"}},{"type":"Feature","geometry":{"type":"LineString","coordinates":[[-105.4561,39.3364],[-105.4542,39.3378],[-105.4533,39.3371]]},"properties":{"name":"Craig Creek","display_name":"Craig Creek","source_name":"Craig Creek","state":"CO","atlas_class":"named_natural_stream_detail","huc8":"10190002","huc8Name":"Upper South Platte","lineageKey":"greenback","lineage":"greenback","historic":"greenback","current":"greenback","recovery":"recoveryWatch","lineageLabel":"Greenback / South Platte lineage","atlas_context":"cutthroat_lineage_context"}},{"type":"Feature","geometry":{"type":"LineString","coordinates":[[-105.609,39.3915],[-105.5996,39.3866],[-105.5928,39.3854]]},"properties":{"name":"Craig Creek","display_name":"Craig Creek","source_name":"Craig Creek","state":"CO","atlas_class":"named_natural_stream_detail","huc8":"10190002","huc8Name":"Upper South Platte","lineageKey":"greenback","lineage":"greenback","historic":"greenback","current":"greenback","recovery":"recoveryWatch","lineageLabel":"Greenback / South Platte lineage","atlas_context":"cutthroat_lineage_context"}},{"type":"Feature","geometry":{"type":"LineString","coordinates":[[-105.4298,39.3689],[-105.4281,39.3695]]},"properties":{"name":"Craig Creek","display_name":"Craig Creek","source_name":"Craig Creek","state":"CO","atlas_class":"named_natural_stream_detail","huc8":"10190002","huc8Name":"Upper South Platte","lineageKey":"greenback","lineage":"greenback","historic":"greenback","current":"greenback","recovery":"recoveryWatch","lineageLabel":"Greenback / South Platte lineage","atlas_context":"cutthroat_lineage_context"}},{"type":"Feature","geometry":{"type":"LineString","coordinates":[[-105.4279,39.3788],[-105.428,39.379]]},"properties":{"name":"Craig Creek","display_name":"Craig Creek","source_name":"Craig Creek","state":"CO","atlas_class":"named_natural_stream_detail","huc8":"10190002","huc8Name":"Upper South Platte","lineageKey":"greenback","lineage":"greenback","historic":"greenback","current":"greenback","recovery":"recoveryWatch","lineageLabel":"Greenback / South Platte lineage","atlas_context":"cutthroat_lineage_context"}},{"type":"Feature","geometry":{"type":"LineString","coordinates":[[-105.4302,39.3672],[-105.4301,39.3682]]},"properties":{"name":"Craig Creek","display_name":"Craig Creek","source_name":"Craig Creek","state":"CO","atlas_class":"named_natural_stream_detail","huc8":"10190002","huc8Name":"Upper South Platte","lineageKey":"greenback","lineage":"greenback","historic":"greenback","current":"greenback","recovery":"recoveryWatch","lineageLabel":"Greenback / South Platte lineage","atlas_context":"cutthroat_lineage_context"}},{"type":"Feature","geometry":{"type":"LineString","coordinates":[[-105.5207,39.2557],[-105.5209,39.2573],[-105.5233,39.2598],[-105.5238,39.265]]},"properties":{"name":"Indian Creek","display_name":"Indian Creek","source_name":"Indian Creek","state":"CO","atlas_class":"named_natural_stream_detail","huc8":"10190002","huc8Name":"Upper South Platte","lineageKey":"greenback","lineage":"greenback","historic":"greenback","current":"greenback","recovery":"recoveryWatch","lineageLabel":"Greenback / South Platte lineage","atlas_context":"cutthroat_lineage_context"}},{"type":"Feature","geometry":{"type":"LineString","coordinates":[[-105.5379,39.2914],[-105.5345,39.2897]]},"properties":{"name":"South Fork Lost Creek","display_name":"South Fork Lost Creek","source_name":"South Fork Lost Creek","state":"CO","atlas_class":"named_natural_stream_detail","huc8":"10190002","huc8Name":"Upper South Platte","lineageKey":"greenback","lineage":"greenback","historic":"greenback","current":"greenback","recovery":"recoveryWatch","lineageLabel":"Greenback / South Platte lineage","atlas_context":"cutthroat_lineage_context"}},{"type":"Feature","geometry":{"type":"LineString","coordinates":[[-105.5301,39.2886],[-105.5293,39.2883]]},"properties":{"name":"South Fork Lost Creek","display_name":"South Fork Lost Creek","source_name":"South Fork Lost Creek","state":"CO","atlas_class":"named_natural_stream_detail","huc8":"10190002","huc8Name":"Upper South Platte","lineageKey":"greenback","lineage":"greenback","historic":"greenback","current":"greenback","recovery":"recoveryWatch","lineageLabel":"Greenback / South Platte lineage","atlas_context":"cutthroat_lineage_context"}},{"type":"Feature","geometry":{"type":"LineString","coordinates":[[-105.5252,39.2854],[-105.5245,39.2852]]},"properties":{"name":"South Fork Lost Creek","display_name":"South Fork Lost Creek","source_name":"South Fork Lost Creek","state":"CO","atlas_class":"named_natural_stream_detail","huc8":"10190002","huc8Name":"Upper South Platte","lineageKey":"greenback","lineage":"greenback","historic":"greenback","current":"greenback","recovery":"recoveryWatch","lineageLabel":"Greenback / South Platte lineage","atlas_context":"cutthroat_lineage_context"}},{"type":"Feature","geometry":{"type":"LineString","coordinates":[[-105.5685,39.3339],[-105.56,39.3284]]},"properties":{"name":"North Fork Lost Creek","display_name":"North Fork Lost Creek","source_name":"North Fork Lost Creek","state":"CO","atlas_class":"named_natural_stream_detail","huc8":"10190002","huc8Name":"Upper South Platte","lineageKey":"greenback","lineage":"greenback","historic":"greenback","current":"greenback","recovery":"recoveryWatch","lineageLabel":"Greenback / South Platte lineage","atlas_context":"cutthroat_lineage_context"}},{"type":"Feature","geometry":{"type":"LineString","coordinates":[[-105.5791,39.3794],[-105.577,39.3783]]},"properties":{"name":"Craig Creek","display_name":"Craig Creek","source_name":"Craig Creek","state":"CO","atlas_class":"named_natural_stream_detail","huc8":"10190002","huc8Name":"Upper South Platte","lineageKey":"greenback","lineage":"greenback","historic":"greenback","current":"greenback","recovery":"recoveryWatch","lineageLabel":"Greenback / South Platte lineage","atlas_context":"cutthroat_lineage_context"}},{"type":"Feature","geometry":{"type":"LineString","coordinates":[[-105.5703,39.2094],[-105.5679,39.2095]]},"properties":{"name":"Tarryall Creek","display_name":"Tarryall Creek","source_name":"Tarryall Creek","state":"CO","atlas_class":"named_natural_stream_detail","huc8":"10190001","huc8Name":"South Platte Headwaters","lineageKey":"greenback","lineage":"greenback","historic":"greenback","current":"greenback","recovery":"recoveryWatch","lineageLabel":"Greenback / South Platte lineage","atlas_context":"cutthroat_lineage_context"}},{"type":"Feature","geometry":{"type":"LineString","coordinates":[[-105.5669,39.2083],[-105.567,39.2083]]},"properties":{"name":"Tarryall Creek","display_name":"Tarryall Creek","source_name":"Tarryall Creek","state":"CO","atlas_class":"named_natural_stream_detail","huc8":"10190001","huc8Name":"South Platte Headwaters","lineageKey":"greenback","lineage":"greenback","historic":"greenback","current":"greenback","recovery":"recoveryWatch","lineageLabel":"Greenback / South Platte lineage","atlas_context":"cutthroat_lineage_context"}},{"type":"Feature","geometry":{"type":"LineString","coordinates":[[-105.5684,39.3146],[-105.5619,39.3119]]},"properties":{"name":"South Fork Lost Creek","display_name":"South Fork Lost Creek","source_name":"South Fork Lost Creek","state":"CO","atlas_class":"named_natural_stream_detail","huc8":"10190002","huc8Name":"Upper South Platte","lineageKey":"greenback","lineage":"greenback","historic":"greenback","current":"greenback","recovery":"recoveryWatch","lineageLabel":"Greenback / South Platte lineage","atlas_context":"cutthroat_lineage_context"}},{"type":"Feature","geometry":{"type":"LineString","coordinates":[[-105.5071,39.3918],[-105.5076,39.3945]]},"properties":{"name":"Payne Creek","display_name":"Payne Creek","source_name":"Payne Creek","state":"CO","atlas_class":"named_natural_stream_detail","huc8":"10190002","huc8Name":"Upper South Platte","lineageKey":"greenback","lineage":"greenback","historic":"greenback","current":"greenback","recovery":"recoveryWatch","lineageLabel":"Greenback / South Platte lineage","atlas_context":"cutthroat_lineage_context"}},{"type":"Feature","geometry":{"type":"LineString","coordinates":[[-105.5051,39.3878],[-105.5071,39.3918]]},"properties":{"name":"Payne Creek","display_name":"Payne Creek","source_name":"Payne Creek","state":"CO","atlas_class":"named_natural_stream_detail","huc8":"10190002","huc8Name":"Upper South Platte","lineageKey":"greenback","lineage":"greenback","historic":"greenback","current":"greenback","recovery":"recoveryWatch","lineageLabel":"Greenback / South Platte lineage","atlas_context":"cutthroat_lineage_context"}},{"type":"Feature","geometry":{"type":"LineString","coordinates":[[-105.5084,39.2239],[-105.5138,39.223],[-105.5153,39.2221]]},"properties":{"name":"Ute Creek","display_name":"Ute Creek","source_name":"Ute Creek","state":"CO","atlas_class":"named_natural_stream_detail","huc8":"10190001","huc8Name":"South Platte Headwaters","lineageKey":"greenback","lineage":"greenback","historic":"greenback","current":"greenback","recovery":"recoveryWatch","lineageLabel":"Greenback / South Platte lineage","atlas_context":"cutthroat_lineage_context"}},{"type":"Feature","geometry":{"type":"LineString","coordinates":[[-105.5051,39.2951],[-105.5048,39.2928],[-105.5066,39.2897]]},"properties":{"name":"North Fork Lost Creek","display_name":"North Fork Lost Creek","source_name":"North Fork Lost Creek","state":"CO","atlas_class":"named_natural_stream_detail","huc8":"10190002","huc8Name":"Upper South Platte","lineageKey":"greenback","lineage":"greenback","historic":"greenback","current":"greenback","recovery":"recoveryWatch","lineageLabel":"Greenback / South Platte lineage","atlas_context":"cutthroat_lineage_context"}},{"type":"Feature","geometry":{"type":"LineString","coordinates":[[-105.5957,39.2859],[-105.5945,39.2848],[-105.5937,39.2822],[-105.595,39.2789],[-105.5991,39.2744]]},"properties":{"name":"Gooseberry Creek","display_name":"Gooseberry Creek","source_name":"Gooseberry Creek","state":"CO","atlas_class":"named_natural_stream_detail","huc8":"10190001","huc8Name":"South Platte Headwaters","lineageKey":"greenback","lineage":"greenback","historic":"greenback","current":"greenback","recovery":"recoveryWatch","lineageLabel":"Greenback / South Platte lineage","atlas_context":"cutthroat_lineage_context"}},{"type":"Feature","geometry":{"type":"LineString","coordinates":[[-105.5933,39.3245],[-105.5901,39.3232]]},"properties":{"name":"South Fork Lost Creek","display_name":"South Fork Lost Creek","source_name":"South Fork Lost Creek","state":"CO","atlas_class":"named_natural_stream_detail","huc8":"10190002","huc8Name":"Upper South Platte","lineageKey":"greenback","lineage":"greenback","historic":"greenback","current":"greenback","recovery":"recoveryWatch","lineageLabel":"Greenback / South Platte lineage","atlas_context":"cutthroat_lineage_context"}},{"type":"Feature","geometry":{"type":"LineString","coordinates":[[-105.5063,39.3622],[-105.5006,39.368]]},"properties":{"name":"Payne Creek","display_name":"Payne Creek","source_name":"Payne Creek","state":"CO","atlas_class":"named_natural_stream_detail","huc8":"10190002","huc8Name":"Upper South Platte","lineageKey":"greenback","lineage":"greenback","historic":"greenback","current":"greenback","recovery":"recoveryWatch","lineageLabel":"Greenback / South Platte lineage","atlas_context":"cutthroat_lineage_context"}},{"type":"Feature","geometry":{"type":"LineString","coordinates":[[-105.4582,39.2607],[-105.4575,39.2592]]},"properties":{"name":"Lost Creek","display_name":"Lost Creek","source_name":"Lost Creek","state":"CO","atlas_class":"named_natural_stream_detail","huc8":"10190002","huc8Name":"Upper South Platte","lineageKey":"greenback","lineage":"greenback","historic":"greenback","current":"greenback","recovery":"recoveryWatch","lineageLabel":"Greenback / South Platte lineage","atlas_context":"cutthroat_lineage_context"}},{"type":"Feature","geometry":{"type":"LineString","coordinates":[[-105.4492,39.2011],[-105.4507,39.1997],[-105.4507,39.1963]]},"properties":{"name":"Hay Creek","display_name":"Hay Creek","source_name":"Hay Creek","state":"CO","atlas_class":"named_natural_stream_detail","huc8":"10190001","huc8Name":"South Platte Headwaters","lineageKey":"greenback","lineage":"greenback","historic":"greenback","current":"greenback","recovery":"recoveryWatch","lineageLabel":"Greenback / South Platte lineage","atlas_context":"cutthroat_lineage_context"}},{"type":"Feature","geometry":{"type":"LineString","coordinates":[[-105.4575,39.2592],[-105.4563,39.2585]]},"properties":{"name":"Lost Creek","display_name":"Lost Creek","source_name":"Lost Creek","state":"CO","atlas_class":"named_natural_stream_detail","huc8":"10190002","huc8Name":"Upper South Platte","lineageKey":"greenback","lineage":"greenback","historic":"greenback","current":"greenback","recovery":"recoveryWatch","lineageLabel":"Greenback / South Platte lineage","atlas_context":"cutthroat_lineage_context"}},{"type":"Feature","geometry":{"type":"LineString","coordinates":[[-105.5743,39.211],[-105.5732,39.2105]]},"properties":{"name":"Tarryall Creek","display_name":"Tarryall Creek","source_name":"Tarryall Creek","state":"CO","atlas_class":"named_natural_stream_detail","huc8":"10190001","huc8Name":"South Platte Headwaters","lineageKey":"greenback","lineage":"greenback","historic":"greenback","current":"greenback","recovery":"recoveryWatch","lineageLabel":"Greenback / South Platte lineage","atlas_context":"cutthroat_lineage_context"}},{"type":"Feature","geometry":{"type":"LineString","coordinates":[[-105.571,39.2101],[-105.5703,39.2094]]},"properties":{"name":"Tarryall Creek","display_name":"Tarryall Creek","source_name":"Tarryall Creek","state":"CO","atlas_class":"named_natural_stream_detail","huc8":"10190001","huc8Name":"South Platte Headwaters","lineageKey":"greenback","lineage":"greenback","historic":"greenback","current":"greenback","recovery":"recoveryWatch","lineageLabel":"Greenback / South Platte lineage","atlas_context":"cutthroat_lineage_context"}},{"type":"Feature","geometry":{"type":"LineString","coordinates":[[-105.5602,39.2009],[-105.5576,39.1996]]},"properties":{"name":"Tarryall Creek","display_name":"Tarryall Creek","source_name":"Tarryall Creek","state":"CO","atlas_class":"named_natural_stream_detail","huc8":"10190001","huc8Name":"South Platte Headwaters","lineageKey":"greenback","lineage":"greenback","historic":"greenback","current":"greenback","recovery":"recoveryWatch","lineageLabel":"Greenback / South Platte lineage","atlas_context":"cutthroat_lineage_context"}},{"type":"Feature","geometry":{"type":"LineString","coordinates":[[-105.5769,39.3174],[-105.5751,39.3164]]},"properties":{"name":"South Fork Lost Creek","display_name":"South Fork Lost Creek","source_name":"South Fork Lost Creek","state":"CO","atlas_class":"named_natural_stream_detail","huc8":"10190002","huc8Name":"Upper South Platte","lineageKey":"greenback","lineage":"greenback","historic":"greenback","current":"greenback","recovery":"recoveryWatch","lineageLabel":"Greenback / South Platte lineage","atlas_context":"cutthroat_lineage_context"}},{"type":"Feature","geometry":{"type":"LineString","coordinates":[[-105.4793,39.3795],[-105.4775,39.3799]]},"properties":{"name":"Rock Creek","display_name":"Rock Creek","source_name":"Rock Creek","state":"CO","atlas_class":"named_natural_stream_detail","huc8":"10190002","huc8Name":"Upper South Platte","lineageKey":"greenback","lineage":"greenback","historic":"greenback","current":"greenback","recovery":"recoveryWatch","lineageLabel":"Greenback / South Platte lineage","atlas_context":"cutthroat_lineage_context"}},{"type":"Feature","geometry":{"type":"LineString","coordinates":[[-105.4801,39.3797],[-105.4798,39.3797]]},"properties":{"name":"Rock Creek","display_name":"Rock Creek","source_name":"Rock Creek","state":"CO","atlas_class":"named_natural_stream_detail","huc8":"10190002","huc8Name":"Upper South Platte","lineageKey":"greenback","lineage":"greenback","historic":"greenback","current":"greenback","recovery":"recoveryWatch","lineageLabel":"Greenback / South Platte lineage","atlas_context":"cutthroat_lineage_context"}},{"type":"Feature","geometry":{"type":"LineString","coordinates":[[-105.4031,39.2669],[-105.4017,39.2663]]},"properties":{"name":"Wigwam Creek","display_name":"Wigwam Creek","source_name":"Wigwam Creek","state":"CO","atlas_class":"named_natural_stream_detail","huc8":"10190002","huc8Name":"Upper South Platte","lineageKey":"greenback","lineage":"greenback","historic":"greenback","current":"greenback","recovery":"recoveryWatch","lineageLabel":"Greenback / South Platte lineage","atlas_context":"cutthroat_lineage_context"}},{"type":"Feature","geometry":{"type":"LineString","coordinates":[[-105.4392,39.2692],[-105.4314,39.2727]]},"properties":{"name":"Wigwam Creek","display_name":"Wigwam Creek","source_name":"Wigwam Creek","state":"CO","atlas_class":"named_natural_stream_detail","huc8":"10190002","huc8Name":"Upper South Platte","lineageKey":"greenback","lineage":"greenback","historic":"greenback","current":"greenback","recovery":"recoveryWatch","lineageLabel":"Greenback / South Platte lineage","atlas_context":"cutthroat_lineage_context"}},{"type":"Feature","geometry":{"type":"LineString","coordinates":[[-105.4668,39.333],[-105.4646,39.3325]]},"properties":{"name":"Craig Creek","display_name":"Craig Creek","source_name":"Craig Creek","state":"CO","atlas_class":"named_natural_stream_detail","huc8":"10190002","huc8Name":"Upper South Platte","lineageKey":"greenback","lineage":"greenback","historic":"greenback","current":"greenback","recovery":"recoveryWatch","lineageLabel":"Greenback / South Platte lineage","atlas_context":"cutthroat_lineage_context"}},{"type":"Feature","geometry":{"type":"LineString","coordinates":[[-105.5051,39.2967],[-105.5051,39.2951]]},"properties":{"name":"North Fork Lost Creek","display_name":"North Fork Lost Creek","source_name":"North Fork Lost Creek","state":"CO","atlas_class":"named_natural_stream_detail","huc8":"10190002","huc8Name":"Upper South Platte","lineageKey":"greenback","lineage":"greenback","historic":"greenback","current":"greenback","recovery":"recoveryWatch","lineageLabel":"Greenback / South Platte lineage","atlas_context":"cutthroat_lineage_context"}},{"type":"Feature","geometry":{"type":"LineString","coordinates":[[-105.504,39.2845],[-105.5038,39.2844]]},"properties":{"name":"North Fork Lost Creek","display_name":"North Fork Lost Creek","source_name":"North Fork Lost Creek","state":"CO","atlas_class":"named_natural_stream_detail","huc8":"10190002","huc8Name":"Upper South Platte","lineageKey":"greenback","lineage":"greenback","historic":"greenback","current":"greenback","recovery":"recoveryWatch","lineageLabel":"Greenback / South Platte lineage","atlas_context":"cutthroat_lineage_context"}},{"type":"Feature","geometry":{"type":"LineString","coordinates":[[-105.5031,39.283],[-105.5028,39.2827]]},"properties":{"name":"Lost Creek","display_name":"Lost Creek","source_name":"Lost Creek","state":"CO","atlas_class":"named_natural_stream_detail","huc8":"10190002","huc8Name":"Upper South Platte","lineageKey":"greenback","lineage":"greenback","historic":"greenback","current":"greenback","recovery":"recoveryWatch","lineageLabel":"Greenback / South Platte lineage","atlas_context":"cutthroat_lineage_context"}},{"type":"Feature","geometry":{"type":"LineString","coordinates":[[-105.4729,39.3814],[-105.4715,39.3817]]},"properties":{"name":"Rock Creek","display_name":"Rock Creek","source_name":"Rock Creek","state":"CO","atlas_class":"named_natural_stream_detail","huc8":"10190002","huc8Name":"Upper South Platte","lineageKey":"greenback","lineage":"greenback","historic":"greenback","current":"greenback","recovery":"recoveryWatch","lineageLabel":"Greenback / South Platte lineage","atlas_context":"cutthroat_lineage_context"}},{"type":"Feature","geometry":{"type":"LineString","coordinates":[[-105.4975,39.2773],[-105.4972,39.2764]]},"properties":{"name":"Lost Creek","display_name":"Lost Creek","source_name":"Lost Creek","state":"CO","atlas_class":"named_natural_stream_detail","huc8":"10190002","huc8Name":"Upper South Platte","lineageKey":"greenback","lineage":"greenback","historic":"greenback","current":"greenback","recovery":"recoveryWatch","lineageLabel":"Greenback / South Platte lineage","atlas_context":"cutthroat_lineage_context"}},{"type":"Feature","geometry":{"type":"LineString","coordinates":[[-105.5071,39.2834],[-105.5057,39.283]]},"properties":{"name":"South Fork Lost Creek","display_name":"South Fork Lost Creek","source_name":"South Fork Lost Creek","state":"CO","atlas_class":"named_natural_stream_detail","huc8":"10190002","huc8Name":"Upper South Platte","lineageKey":"greenback","lineage":"greenback","historic":"greenback","current":"greenback","recovery":"recoveryWatch","lineageLabel":"Greenback / South Platte lineage","atlas_context":"cutthroat_lineage_context"}},{"type":"Feature","geometry":{"type":"LineString","coordinates":[[-105.505,39.3021],[-105.5045,39.2995]]},"properties":{"name":"North Fork Lost Creek","display_name":"North Fork Lost Creek","source_name":"North Fork Lost Creek","state":"CO","atlas_class":"named_natural_stream_detail","huc8":"10190002","huc8Name":"Upper South Platte","lineageKey":"greenback","lineage":"greenback","historic":"greenback","current":"greenback","recovery":"recoveryWatch","lineageLabel":"Greenback / South Platte lineage","atlas_context":"cutthroat_lineage_context"}},{"type":"Feature","geometry":{"type":"LineString","coordinates":[[-105.5698,39.306],[-105.5688,39.3059]]},"properties":{"name":"Monkey Creek","display_name":"Monkey Creek","source_name":"Monkey Creek","state":"CO","atlas_class":"named_natural_stream_detail","huc8":"10190002","huc8Name":"Upper South Platte","lineageKey":"greenback","lineage":"greenback","historic":"greenback","current":"greenback","recovery":"recoveryWatch","lineageLabel":"Greenback / South Platte lineage","atlas_context":"cutthroat_lineage_context"}},{"type":"Feature","geometry":{"type":"LineString","coordinates":[[-105.56,39.3284],[-105.5584,39.3274]]},"properties":{"name":"North Fork Lost Creek","display_name":"North Fork Lost Creek","source_name":"North Fork Lost Creek","state":"CO","atlas_class":"named_natural_stream_detail","huc8":"10190002","huc8Name":"Upper South Platte","lineageKey":"greenback","lineage":"greenback","historic":"greenback","current":"greenback","recovery":"recoveryWatch","lineageLabel":"Greenback / South Platte lineage","atlas_context":"cutthroat_lineage_context"}},{"type":"Feature","geometry":{"type":"LineString","coordinates":[[-105.5818,39.2154],[-105.5817,39.2149]]},"properties":{"name":"Tarryall Creek","display_name":"Tarryall Creek","source_name":"Tarryall Creek","state":"CO","atlas_class":"named_natural_stream_detail","huc8":"10190001","huc8Name":"South Platte Headwaters","lineageKey":"greenback","lineage":"greenback","historic":"greenback","current":"greenback","recovery":"recoveryWatch","lineageLabel":"Greenback / South Platte lineage","atlas_context":"cutthroat_lineage_context"}},{"type":"Feature","geometry":{"type":"LineString","coordinates":[[-105.5978,39.2186],[-105.5962,39.2183]]},"properties":{"name":"Tarryall Creek","display_name":"Tarryall Creek","source_name":"Tarryall Creek","state":"CO","atlas_class":"named_natural_stream_detail","huc8":"10190001","huc8Name":"South Platte Headwaters","lineageKey":"greenback","lineage":"greenback","historic":"greenback","current":"greenback","recovery":"recoveryWatch","lineageLabel":"Greenback / South Platte lineage","atlas_context":"cutthroat_lineage_context"}},{"type":"Feature","geometry":{"type":"LineString","coordinates":[[-105.5525,39.2775],[-105.5525,39.2789]]},"properties":{"name":"Bonis Creek","display_name":"Bonis Creek","source_name":"Bonis Creek","state":"CO","atlas_class":"named_natural_stream_detail","huc8":"10190002","huc8Name":"Upper South Platte","lineageKey":"greenback","lineage":"greenback","historic":"greenback","current":"greenback","recovery":"recoveryWatch","lineageLabel":"Greenback / South Platte lineage","atlas_context":"cutthroat_lineage_context"}},{"type":"Feature","geometry":{"type":"LineString","coordinates":[[-105.5525,39.2789],[-105.5503,39.2805]]},"properties":{"name":"Bonis Creek","display_name":"Bonis Creek","source_name":"Bonis Creek","state":"CO","atlas_class":"named_natural_stream_detail","huc8":"10190002","huc8Name":"Upper South Platte","lineageKey":"greenback","lineage":"greenback","historic":"greenback","current":"greenback","recovery":"recoveryWatch","lineageLabel":"Greenback / South Platte lineage","atlas_context":"cutthroat_lineage_context"}},{"type":"Feature","geometry":{"type":"LineString","coordinates":[[-105.5482,39.2831],[-105.5423,39.2851]]},"properties":{"name":"Bonis Creek","display_name":"Bonis Creek","source_name":"Bonis Creek","state":"CO","atlas_class":"named_natural_stream_detail","huc8":"10190002","huc8Name":"Upper South Platte","lineageKey":"greenback","lineage":"greenback","historic":"greenback","current":"greenback","recovery":"recoveryWatch","lineageLabel":"Greenback / South Platte lineage","atlas_context":"cutthroat_lineage_context"}},{"type":"Feature","geometry":{"type":"LineString","coordinates":[[-105.5436,39.2965],[-105.5393,39.295]]},"properties":{"name":"South Fork Lost Creek","display_name":"South Fork Lost Creek","source_name":"South Fork Lost Creek","state":"CO","atlas_class":"named_natural_stream_detail","huc8":"10190002","huc8Name":"Upper South Platte","lineageKey":"greenback","lineage":"greenback","historic":"greenback","current":"greenback","recovery":"recoveryWatch","lineageLabel":"Greenback / South Platte lineage","atlas_context":"cutthroat_lineage_context"}},{"type":"Feature","geometry":{"type":"LineString","coordinates":[[-105.567,39.2083],[-105.5678,39.2074],[-105.5665,39.2066]]},"properties":{"name":"Tarryall Creek","display_name":"Tarryall Creek","source_name":"Tarryall Creek","state":"CO","atlas_class":"named_natural_stream_detail","huc8":"10190001","huc8Name":"South Platte Headwaters","lineageKey":"greenback","lineage":"greenback","historic":"greenback","current":"greenback","recovery":"recoveryWatch","lineageLabel":"Greenback / South Platte lineage","atlas_context":"cutthroat_lineage_context"}},{"type":"Feature","geometry":{"type":"LineString","coordinates":[[-105.5613,39.2026],[-105.5612,39.2017]]},"properties":{"name":"Tarryall Creek","display_name":"Tarryall Creek","source_name":"Tarryall Creek","state":"CO","atlas_class":"named_natural_stream_detail","huc8":"10190001","huc8Name":"South Platte Headwaters","lineageKey":"greenback","lineage":"greenback","historic":"greenback","current":"greenback","recovery":"recoveryWatch","lineageLabel":"Greenback / South Platte lineage","atlas_context":"cutthroat_lineage_context"}},{"type":"Feature","geometry":{"type":"LineString","coordinates":[[-105.5671,39.2841],[-105.5652,39.2841]]},"properties":{"name":"No Name Creek","display_name":"No Name Creek","source_name":"No Name Creek","state":"CO","atlas_class":"named_natural_stream_detail","huc8":"10190002","huc8Name":"Upper South Platte","lineageKey":"greenback","lineage":"greenback","historic":"greenback","current":"greenback","recovery":"recoveryWatch","lineageLabel":"Greenback / South Platte lineage","atlas_context":"cutthroat_lineage_context"}},{"type":"Feature","geometry":{"type":"LineString","coordinates":[[-105.5299,39.205],[-105.5336,39.203]]},"properties":{"name":"Ute Creek","display_name":"Ute Creek","source_name":"Ute Creek","state":"CO","atlas_class":"named_natural_stream_detail","huc8":"10190001","huc8Name":"South Platte Headwaters","lineageKey":"greenback","lineage":"greenback","historic":"greenback","current":"greenback","recovery":"recoveryWatch","lineageLabel":"Greenback / South Platte lineage","atlas_context":"cutthroat_lineage_context"}},{"type":"Feature","geometry":{"type":"LineString","coordinates":[[-105.5191,39.3092],[-105.517,39.3077]]},"properties":{"name":"North Fork Lost Creek","display_name":"North Fork Lost Creek","source_name":"North Fork Lost Creek","state":"CO","atlas_class":"named_natural_stream_detail","huc8":"10190002","huc8Name":"Upper South Platte","lineageKey":"greenback","lineage":"greenback","historic":"greenback","current":"greenback","recovery":"recoveryWatch","lineageLabel":"Greenback / South Platte lineage","atlas_context":"cutthroat_lineage_context"}},{"type":"Feature","geometry":{"type":"LineString","coordinates":[[-105.5153,39.2221],[-105.5174,39.2194]]},"properties":{"name":"Ute Creek","display_name":"Ute Creek","source_name":"Ute Creek","state":"CO","atlas_class":"named_natural_stream_detail","huc8":"10190001","huc8Name":"South Platte Headwaters","lineageKey":"greenback","lineage":"greenback","historic":"greenback","current":"greenback","recovery":"recoveryWatch","lineageLabel":"Greenback / South Platte lineage","atlas_context":"cutthroat_lineage_context"}},{"type":"Feature","geometry":{"type":"LineString","coordinates":[[-105.5802,39.3795],[-105.5791,39.3794]]},"properties":{"name":"Craig Creek","display_name":"Craig Creek","source_name":"Craig Creek","state":"CO","atlas_class":"named_natural_stream_detail","huc8":"10190002","huc8Name":"Upper South Platte","lineageKey":"greenback","lineage":"greenback","historic":"greenback","current":"greenback","recovery":"recoveryWatch","lineageLabel":"Greenback / South Platte lineage","atlas_context":"cutthroat_lineage_context"}},{"type":"Feature","geometry":{"type":"LineString","coordinates":[[-105.5382,39.292],[-105.5379,39.2914]]},"properties":{"name":"South Fork Lost Creek","display_name":"South Fork Lost Creek","source_name":"South Fork Lost Creek","state":"CO","atlas_class":"named_natural_stream_detail","huc8":"10190002","huc8Name":"Upper South Platte","lineageKey":"greenback","lineage":"greenback","historic":"greenback","current":"greenback","recovery":"recoveryWatch","lineageLabel":"Greenback / South Platte lineage","atlas_context":"cutthroat_lineage_context"}},{"type":"Feature","geometry":{"type":"LineString","coordinates":[[-105.5499,39.3015],[-105.5487,39.3004]]},"properties":{"name":"South Fork Lost Creek","display_name":"South Fork Lost Creek","source_name":"South Fork Lost Creek","state":"CO","atlas_class":"named_natural_stream_detail","huc8":"10190002","huc8Name":"Upper South Platte","lineageKey":"greenback","lineage":"greenback","historic":"greenback","current":"greenback","recovery":"recoveryWatch","lineageLabel":"Greenback / South Platte lineage","atlas_context":"cutthroat_lineage_context"}},{"type":"Feature","geometry":{"type":"LineString","coordinates":[[-105.5584,39.3274],[-105.5509,39.324]]},"properties":{"name":"North Fork Lost Creek","display_name":"North Fork Lost Creek","source_name":"North Fork Lost Creek","state":"CO","atlas_class":"named_natural_stream_detail","huc8":"10190002","huc8Name":"Upper South Platte","lineageKey":"greenback","lineage":"greenback","historic":"greenback","current":"greenback","recovery":"recoveryWatch","lineageLabel":"Greenback / South Platte lineage","atlas_context":"cutthroat_lineage_context"}},{"type":"Feature","geometry":{"type":"LineString","coordinates":[[-105.4837,39.2118],[-105.4847,39.2077]]},"properties":{"name":"Sand Creek","display_name":"Sand Creek","source_name":"Sand Creek","state":"CO","atlas_class":"named_natural_stream_detail","huc8":"10190001","huc8Name":"South Platte Headwaters","lineageKey":"greenback","lineage":"greenback","historic":"greenback","current":"greenback","recovery":"recoveryWatch","lineageLabel":"Greenback / South Platte lineage","atlas_context":"cutthroat_lineage_context"}},{"type":"Feature","geometry":{"type":"LineString","coordinates":[[-105.4945,39.2744],[-105.4942,39.274]]},"properties":{"name":"Lost Creek","display_name":"Lost Creek","source_name":"Lost Creek","state":"CO","atlas_class":"named_natural_stream_detail","huc8":"10190002","huc8Name":"Upper South Platte","lineageKey":"greenback","lineage":"greenback","historic":"greenback","current":"greenback","recovery":"recoveryWatch","lineageLabel":"Greenback / South Platte lineage","atlas_context":"cutthroat_lineage_context"}},{"type":"Feature","geometry":{"type":"LineString","coordinates":[[-105.4751,39.2705],[-105.4749,39.2706]]},"properties":{"name":"Lost Creek","display_name":"Lost Creek","source_name":"Lost Creek","state":"CO","atlas_class":"named_natural_stream_detail","huc8":"10190002","huc8Name":"Upper South Platte","lineageKey":"greenback","lineage":"greenback","historic":"greenback","current":"greenback","recovery":"recoveryWatch","lineageLabel":"Greenback / South Platte lineage","atlas_context":"cutthroat_lineage_context"}},{"type":"Feature","geometry":{"type":"LineString","coordinates":[[-105.4779,39.3392],[-105.4778,39.3391]]},"properties":{"name":"Craig Creek","display_name":"Craig Creek","source_name":"Craig Creek","state":"CO","atlas_class":"named_natural_stream_detail","huc8":"10190002","huc8Name":"Upper South Platte","lineageKey":"greenback","lineage":"greenback","historic":"greenback","current":"greenback","recovery":"recoveryWatch","lineageLabel":"Greenback / South Platte lineage","atlas_context":"cutthroat_lineage_context"}},{"type":"Feature","geometry":{"type":"LineString","coordinates":[[-105.4926,39.2713],[-105.4912,39.2715],[-105.4894,39.2702],[-105.488,39.271],[-105.4852,39.2702]]},"properties":{"name":"Lost Creek","display_name":"Lost Creek","source_name":"Lost Creek","state":"CO","atlas_class":"named_natural_stream_detail","huc8":"10190002","huc8Name":"Upper South Platte","lineageKey":"greenback","lineage":"greenback","historic":"greenback","current":"greenback","recovery":"recoveryWatch","lineageLabel":"Greenback / South Platte lineage","atlas_context":"cutthroat_lineage_context"}},{"type":"Feature","geometry":{"type":"LineString","coordinates":[[-105.4839,39.2703],[-105.4812,39.2703]]},"properties":{"name":"Lost Creek","display_name":"Lost Creek","source_name":"Lost Creek","state":"CO","atlas_class":"named_natural_stream_detail","huc8":"10190002","huc8Name":"Upper South Platte","lineageKey":"greenback","lineage":"greenback","historic":"greenback","current":"greenback","recovery":"recoveryWatch","lineageLabel":"Greenback / South Platte lineage","atlas_context":"cutthroat_lineage_context"}},{"type":"Feature","geometry":{"type":"LineString","coordinates":[[-105.4096,39.27],[-105.4087,39.2696]]},"properties":{"name":"Wigwam Creek","display_name":"Wigwam Creek","source_name":"Wigwam Creek","state":"CO","atlas_class":"named_natural_stream_detail","huc8":"10190002","huc8Name":"Upper South Platte","lineageKey":"greenback","lineage":"greenback","historic":"greenback","current":"greenback","recovery":"recoveryWatch","lineageLabel":"Greenback / South Platte lineage","atlas_context":"cutthroat_lineage_context"}},{"type":"Feature","geometry":{"type":"LineString","coordinates":[[-105.4167,39.2272],[-105.4142,39.2271]]},"properties":{"name":"Lost Creek","display_name":"Lost Creek","source_name":"Lost Creek","state":"CO","atlas_class":"named_natural_stream_detail","huc8":"10190002","huc8Name":"Upper South Platte","lineageKey":"greenback","lineage":"greenback","historic":"greenback","current":"greenback","recovery":"recoveryWatch","lineageLabel":"Greenback / South Platte lineage","atlas_context":"cutthroat_lineage_context"}},{"type":"Feature","geometry":{"type":"LineString","coordinates":[[-105.442,39.3443],[-105.4413,39.3444]]},"properties":{"name":"Craig Creek","display_name":"Craig Creek","source_name":"Craig Creek","state":"CO","atlas_class":"named_natural_stream_detail","huc8":"10190002","huc8Name":"Upper South Platte","lineageKey":"greenback","lineage":"greenback","historic":"greenback","current":"greenback","recovery":"recoveryWatch","lineageLabel":"Greenback / South Platte lineage","atlas_context":"cutthroat_lineage_context"}},{"type":"Feature","geometry":{"type":"LineString","coordinates":[[-105.4812,39.2703],[-105.4789,39.27],[-105.4776,39.2711],[-105.4751,39.2705]]},"properties":{"name":"Lost Creek","display_name":"Lost Creek","source_name":"Lost Creek","state":"CO","atlas_class":"named_natural_stream_detail","huc8":"10190002","huc8Name":"Upper South Platte","lineageKey":"greenback","lineage":"greenback","historic":"greenback","current":"greenback","recovery":"recoveryWatch","lineageLabel":"Greenback / South Platte lineage","atlas_context":"cutthroat_lineage_context"}},{"type":"Feature","geometry":{"type":"LineString","coordinates":[[-105.4503,39.3943],[-105.4496,39.3947]]},"properties":{"name":"North Fork South Platte River","display_name":"North Fork South Platte River","source_name":"North Fork South Platte River","state":"CO","atlas_class":"named_natural_stream_detail","huc8":"10190002","huc8Name":"Upper South Platte","lineageKey":"greenback","lineage":"greenback","historic":"greenback","current":"greenback","recovery":"recoveryWatch","lineageLabel":"Greenback / South Platte lineage","atlas_context":"cutthroat_lineage_context"}},{"type":"Feature","geometry":{"type":"LineString","coordinates":[[-105.4563,39.2585],[-105.4541,39.2554]]},"properties":{"name":"Lost Creek","display_name":"Lost Creek","source_name":"Lost Creek","state":"CO","atlas_class":"named_natural_stream_detail","huc8":"10190002","huc8Name":"Upper South Platte","lineageKey":"greenback","lineage":"greenback","historic":"greenback","current":"greenback","recovery":"recoveryWatch","lineageLabel":"Greenback / South Platte lineage","atlas_context":"cutthroat_lineage_context"}},{"type":"Feature","geometry":{"type":"LineString","coordinates":[[-105.4283,39.3803],[-105.429,39.3836]]},"properties":{"name":"Craig Creek","display_name":"Craig Creek","source_name":"Craig Creek","state":"CO","atlas_class":"named_natural_stream_detail","huc8":"10190002","huc8Name":"Upper South Platte","lineageKey":"greenback","lineage":"greenback","historic":"greenback","current":"greenback","recovery":"recoveryWatch","lineageLabel":"Greenback / South Platte lineage","atlas_context":"cutthroat_lineage_context"}},{"type":"Feature","geometry":{"type":"LineString","coordinates":[[-105.4259,39.3749],[-105.4266,39.3764]]},"properties":{"name":"Craig Creek","display_name":"Craig Creek","source_name":"Craig Creek","state":"CO","atlas_class":"named_natural_stream_detail","huc8":"10190002","huc8Name":"Upper South Platte","lineageKey":"greenback","lineage":"greenback","historic":"greenback","current":"greenback","recovery":"recoveryWatch","lineageLabel":"Greenback / South Platte lineage","atlas_context":"cutthroat_lineage_context"}},{"type":"Feature","geometry":{"type":"LineString","coordinates":[[-105.4286,39.3711],[-105.4248,39.3725]]},"properties":{"name":"Craig Creek","display_name":"Craig Creek","source_name":"Craig Creek","state":"CO","atlas_class":"named_natural_stream_detail","huc8":"10190002","huc8Name":"Upper South Platte","lineageKey":"greenback","lineage":"greenback","historic":"greenback","current":"greenback","recovery":"recoveryWatch","lineageLabel":"Greenback / South Platte lineage","atlas_context":"cutthroat_lineage_context"}},{"type":"Feature","geometry":{"type":"LineString","coordinates":[[-105.4778,39.3391],[-105.4737,39.3373]]},"properties":{"name":"Craig Creek","display_name":"Craig Creek","source_name":"Craig Creek","state":"CO","atlas_class":"named_natural_stream_detail","huc8":"10190002","huc8Name":"Upper South Platte","lineageKey":"greenback","lineage":"greenback","historic":"greenback","current":"greenback","recovery":"recoveryWatch","lineageLabel":"Greenback / South Platte lineage","atlas_context":"cutthroat_lineage_context"}},{"type":"Feature","geometry":{"type":"LineString","coordinates":[[-105.4798,39.3797],[-105.4793,39.3795]]},"properties":{"name":"Rock Creek","display_name":"Rock Creek","source_name":"Rock Creek","state":"CO","atlas_class":"named_natural_stream_detail","huc8":"10190002","huc8Name":"Upper South Platte","lineageKey":"greenback","lineage":"greenback","historic":"greenback","current":"greenback","recovery":"recoveryWatch","lineageLabel":"Greenback / South Platte lineage","atlas_context":"cutthroat_lineage_context"}},{"type":"Feature","geometry":{"type":"LineString","coordinates":[[-105.4955,39.2756],[-105.4956,39.2754]]},"properties":{"name":"Lost Creek","display_name":"Lost Creek","source_name":"Lost Creek","state":"CO","atlas_class":"named_natural_stream_detail","huc8":"10190002","huc8Name":"Upper South Platte","lineageKey":"greenback","lineage":"greenback","historic":"greenback","current":"greenback","recovery":"recoveryWatch","lineageLabel":"Greenback / South Platte lineage","atlas_context":"cutthroat_lineage_context"}},{"type":"Feature","geometry":{"type":"LineString","coordinates":[[-105.4474,39.3395],[-105.4467,39.3405]]},"properties":{"name":"Craig Creek","display_name":"Craig Creek","source_name":"Craig Creek","state":"CO","atlas_class":"named_natural_stream_detail","huc8":"10190002","huc8Name":"Upper South Platte","lineageKey":"greenback","lineage":"greenback","historic":"greenback","current":"greenback","recovery":"recoveryWatch","lineageLabel":"Greenback / South Platte lineage","atlas_context":"cutthroat_lineage_context"}},{"type":"Feature","geometry":{"type":"LineString","coordinates":[[-105.4467,39.3405],[-105.4444,39.3405]]},"properties":{"name":"Craig Creek","display_name":"Craig Creek","source_name":"Craig Creek","state":"CO","atlas_class":"named_natural_stream_detail","huc8":"10190002","huc8Name":"Upper South Platte","lineageKey":"greenback","lineage":"greenback","historic":"greenback","current":"greenback","recovery":"recoveryWatch","lineageLabel":"Greenback / South Platte lineage","atlas_context":"cutthroat_lineage_context"}},{"type":"Feature","geometry":{"type":"LineString","coordinates":[[-105.4444,39.3405],[-105.4449,39.3416],[-105.4438,39.3423],[-105.4438,39.3438]]},"properties":{"name":"Craig Creek","display_name":"Craig Creek","source_name":"Craig Creek","state":"CO","atlas_class":"named_natural_stream_detail","huc8":"10190002","huc8Name":"Upper South Platte","lineageKey":"greenback","lineage":"greenback","historic":"greenback","current":"greenback","recovery":"recoveryWatch","lineageLabel":"Greenback / South Platte lineage","atlas_context":"cutthroat_lineage_context"}},{"type":"Feature","geometry":{"type":"LineString","coordinates":[[-105.4956,39.2754],[-105.4953,39.2751]]},"properties":{"name":"Lost Creek","display_name":"Lost Creek","source_name":"Lost Creek","state":"CO","atlas_class":"named_natural_stream_detail","huc8":"10190002","huc8Name":"Upper South Platte","lineageKey":"greenback","lineage":"greenback","historic":"greenback","current":"greenback","recovery":"recoveryWatch","lineageLabel":"Greenback / South Platte lineage","atlas_context":"cutthroat_lineage_context"}},{"type":"Feature","geometry":{"type":"LineString","coordinates":[[-105.4942,39.274],[-105.4927,39.2716]]},"properties":{"name":"Lost Creek","display_name":"Lost Creek","source_name":"Lost Creek","state":"CO","atlas_class":"named_natural_stream_detail","huc8":"10190002","huc8Name":"Upper South Platte","lineageKey":"greenback","lineage":"greenback","historic":"greenback","current":"greenback","recovery":"recoveryWatch","lineageLabel":"Greenback / South Platte lineage","atlas_context":"cutthroat_lineage_context"}},{"type":"Feature","geometry":{"type":"LineString","coordinates":[[-105.4115,39.2159],[-105.4114,39.2157]]},"properties":{"name":"Lost Creek","display_name":"Lost Creek","source_name":"Lost Creek","state":"CO","atlas_class":"named_natural_stream_detail","huc8":"10190002","huc8Name":"Upper South Platte","lineageKey":"greenback","lineage":"greenback","historic":"greenback","current":"greenback","recovery":"recoveryWatch","lineageLabel":"Greenback / South Platte lineage","atlas_context":"cutthroat_lineage_context"}},{"type":"Feature","geometry":{"type":"LineString","coordinates":[[-105.412,39.394],[-105.4104,39.3975]]},"properties":{"name":"North Fork South Platte River","display_name":"North Fork South Platte River","source_name":"North Fork South Platte River","state":"CO","atlas_class":"named_natural_stream_detail","huc8":"10190002","huc8Name":"Upper South Platte","lineageKey":"greenback","lineage":"greenback","historic":"greenback","current":"greenback","recovery":"recoveryWatch","lineageLabel":"Greenback / South Platte lineage","atlas_context":"cutthroat_lineage_context"}},{"type":"Feature","geometry":{"type":"LineString","coordinates":[[-105.411,39.2707],[-105.4108,39.2706]]},"properties":{"name":"Wigwam Creek","display_name":"Wigwam Creek","source_name":"Wigwam Creek","state":"CO","atlas_class":"named_natural_stream_detail","huc8":"10190002","huc8Name":"Upper South Platte","lineageKey":"greenback","lineage":"greenback","historic":"greenback","current":"greenback","recovery":"recoveryWatch","lineageLabel":"Greenback / South Platte lineage","atlas_context":"cutthroat_lineage_context"}},{"type":"Feature","geometry":{"type":"LineString","coordinates":[[-105.4381,39.2411],[-105.4367,39.2408]]},"properties":{"name":"Lost Creek","display_name":"Lost Creek","source_name":"Lost Creek","state":"CO","atlas_class":"named_natural_stream_detail","huc8":"10190002","huc8Name":"Upper South Platte","lineageKey":"greenback","lineage":"greenback","historic":"greenback","current":"greenback","recovery":"recoveryWatch","lineageLabel":"Greenback / South Platte lineage","atlas_context":"cutthroat_lineage_context"}},{"type":"Feature","geometry":{"type":"LineString","coordinates":[[-105.4341,39.239],[-105.4335,39.239]]},"properties":{"name":"Lost Creek","display_name":"Lost Creek","source_name":"Lost Creek","state":"CO","atlas_class":"named_natural_stream_detail","huc8":"10190002","huc8Name":"Upper South Platte","lineageKey":"greenback","lineage":"greenback","historic":"greenback","current":"greenback","recovery":"recoveryWatch","lineageLabel":"Greenback / South Platte lineage","atlas_context":"cutthroat_lineage_context"}},{"type":"Feature","geometry":{"type":"LineString","coordinates":[[-105.4335,39.239],[-105.4304,39.2366]]},"properties":{"name":"Lost Creek","display_name":"Lost Creek","source_name":"Lost Creek","state":"CO","atlas_class":"named_natural_stream_detail","huc8":"10190002","huc8Name":"Upper South Platte","lineageKey":"greenback","lineage":"greenback","historic":"greenback","current":"greenback","recovery":"recoveryWatch","lineageLabel":"Greenback / South Platte lineage","atlas_context":"cutthroat_lineage_context"}},{"type":"Feature","geometry":{"type":"LineString","coordinates":[[-105.4732,39.2389],[-105.4717,39.2398]]},"properties":{"name":"McCurdy Creek","display_name":"McCurdy Creek","source_name":"McCurdy Creek","state":"CO","atlas_class":"named_natural_stream_detail","huc8":"10190002","huc8Name":"Upper South Platte","lineageKey":"greenback","lineage":"greenback","historic":"greenback","current":"greenback","recovery":"recoveryWatch","lineageLabel":"Greenback / South Platte lineage","atlas_context":"cutthroat_lineage_context"}},{"type":"Feature","geometry":{"type":"LineString","coordinates":[[-105.4546,39.3912],[-105.4529,39.3935]]},"properties":{"name":"Rock Creek","display_name":"Rock Creek","source_name":"Rock Creek","state":"CO","atlas_class":"named_natural_stream_detail","huc8":"10190002","huc8Name":"Upper South Platte","lineageKey":"greenback","lineage":"greenback","historic":"greenback","current":"greenback","recovery":"recoveryWatch","lineageLabel":"Greenback / South Platte lineage","atlas_context":"cutthroat_lineage_context"}},{"type":"Feature","geometry":{"type":"LineString","coordinates":[[-105.4669,39.2701],[-105.4661,39.2708]]},"properties":{"name":"Lost Creek","display_name":"Lost Creek","source_name":"Lost Creek","state":"CO","atlas_class":"named_natural_stream_detail","huc8":"10190002","huc8Name":"Upper South Platte","lineageKey":"greenback","lineage":"greenback","historic":"greenback","current":"greenback","recovery":"recoveryWatch","lineageLabel":"Greenback / South Platte lineage","atlas_context":"cutthroat_lineage_context"}},{"type":"Feature","geometry":{"type":"LineString","coordinates":[[-105.4697,39.3836],[-105.4675,39.3838]]},"properties":{"name":"Rock Creek","display_name":"Rock Creek","source_name":"Rock Creek","state":"CO","atlas_class":"named_natural_stream_detail","huc8":"10190002","huc8Name":"Upper South Platte","lineageKey":"greenback","lineage":"greenback","historic":"greenback","current":"greenback","recovery":"recoveryWatch","lineageLabel":"Greenback / South Platte lineage","atlas_context":"cutthroat_lineage_context"}}]}