{"type":"FeatureCollection","metadata":{"source":"C:\\ct-atlas-data\\processed\\geojson\\interpreted\\colorado_named_natural_streams_complete_v1.geojson","type":"colorado-natural-stream-detail-tile-v2","tile_size_degrees":0.2,"x":-532,"y":189,"bounds":{"west":-106.4,"south":37.8,"east":-106.2,"north":38}},"features":[{"type":"Feature","geometry":{"type":"LineString","coordinates":[[-106.3231,37.9864],[-106.3215,37.9802]]},"properties":{"name":"Cottonwood Creek","display_name":"Cottonwood Creek","source_name":"Cottonwood Creek","state":"CO","atlas_class":"named_natural_stream_detail","huc8":"13010004","huc8Name":"Saguache","lineageKey":"rioGrande","lineage":"rioGrande","historic":"rioGrande","current":"rioGrande","recovery":"recoveryWatch","lineageLabel":"Rio Grande lineage","atlas_context":"cutthroat_lineage_context"}},{"type":"Feature","geometry":{"type":"LineString","coordinates":[[-106.3906,37.9092],[-106.3904,37.9069]]},"properties":{"name":"North Fork Carnero Creek","display_name":"North Fork Carnero Creek","source_name":"North Fork Carnero Creek","state":"CO","atlas_class":"named_natural_stream_detail","huc8":"13010004","huc8Name":"Saguache","lineageKey":"rioGrande","lineage":"rioGrande","historic":"rioGrande","current":"rioGrande","recovery":"recoveryWatch","lineageLabel":"Rio Grande lineage","atlas_context":"cutthroat_lineage_context"}},{"type":"Feature","geometry":{"type":"LineString","coordinates":[[-106.3907,37.9429],[-106.3895,37.9397]]},"properties":{"name":"North Fork Carnero Creek","display_name":"North Fork Carnero Creek","source_name":"North Fork Carnero Creek","state":"CO","atlas_class":"named_natural_stream_detail","huc8":"13010004","huc8Name":"Saguache","lineageKey":"rioGrande","lineage":"rioGrande","historic":"rioGrande","current":"rioGrande","recovery":"recoveryWatch","lineageLabel":"Rio Grande lineage","atlas_context":"cutthroat_lineage_context"}},{"type":"Feature","geometry":{"type":"LineString","coordinates":[[-106.3824,37.9425],[-106.383,37.9412]]},"properties":{"name":"Sawlog Creek","display_name":"Sawlog Creek","source_name":"Sawlog Creek","state":"CO","atlas_class":"named_natural_stream_detail","huc8":"13010004","huc8Name":"Saguache","lineageKey":"rioGrande","lineage":"rioGrande","historic":"rioGrande","current":"rioGrande","recovery":"recoveryWatch","lineageLabel":"Rio Grande lineage","atlas_context":"cutthroat_lineage_context"}},{"type":"Feature","geometry":{"type":"LineString","coordinates":[[-106.391,37.9685],[-106.3908,37.9668]]},"properties":{"name":"Mann Creek","display_name":"Mann Creek","source_name":"Mann Creek","state":"CO","atlas_class":"named_natural_stream_detail","huc8":"13010004","huc8Name":"Saguache","lineageKey":"rioGrande","lineage":"rioGrande","historic":"rioGrande","current":"rioGrande","recovery":"recoveryWatch","lineageLabel":"Rio Grande lineage","atlas_context":"cutthroat_lineage_context"}},{"type":"Feature","geometry":{"type":"LineString","coordinates":[[-106.3892,37.9649],[-106.3872,37.9627]]},"properties":{"name":"Mann Creek","display_name":"Mann Creek","source_name":"Mann Creek","state":"CO","atlas_class":"named_natural_stream_detail","huc8":"13010004","huc8Name":"Saguache","lineageKey":"rioGrande","lineage":"rioGrande","historic":"rioGrande","current":"rioGrande","recovery":"recoveryWatch","lineageLabel":"Rio Grande lineage","atlas_context":"cutthroat_lineage_context"}},{"type":"Feature","geometry":{"type":"LineString","coordinates":[[-106.3905,37.9792],[-106.3902,37.9789]]},"properties":{"name":"Mann Creek","display_name":"Mann Creek","source_name":"Mann Creek","state":"CO","atlas_class":"named_natural_stream_detail","huc8":"13010004","huc8Name":"Saguache","lineageKey":"rioGrande","lineage":"rioGrande","historic":"rioGrande","current":"rioGrande","recovery":"recoveryWatch","lineageLabel":"Rio Grande lineage","atlas_context":"cutthroat_lineage_context"}},{"type":"Feature","geometry":{"type":"LineString","coordinates":[[-106.3856,37.8446],[-106.3845,37.8435],[-106.3817,37.8434],[-106.3807,37.8426]]},"properties":{"name":"Little La Garita Creek","display_name":"Little La Garita Creek","source_name":"Little La Garita Creek","state":"CO","atlas_class":"named_natural_stream_detail","huc8":"13010004","huc8Name":"Saguache","lineageKey":"rioGrande","lineage":"rioGrande","historic":"rioGrande","current":"rioGrande","recovery":"recoveryWatch","lineageLabel":"Rio Grande lineage","atlas_context":"cutthroat_lineage_context"}},{"type":"Feature","geometry":{"type":"LineString","coordinates":[[-106.3917,37.8692],[-106.3902,37.8695]]},"properties":{"name":"Castor Creek","display_name":"Castor Creek","source_name":"Castor Creek","state":"CO","atlas_class":"named_natural_stream_detail","huc8":"13010004","huc8Name":"Saguache","lineageKey":"rioGrande","lineage":"rioGrande","historic":"rioGrande","current":"rioGrande","recovery":"recoveryWatch","lineageLabel":"Rio Grande lineage","atlas_context":"cutthroat_lineage_context"}},{"type":"Feature","geometry":{"type":"LineString","coordinates":[[-106.2233,37.9381],[-106.2197,37.9342],[-106.2121,37.9322],[-106.2076,37.9324],[-106.2027,37.9312],[-106.1951,37.9332],[-106.1921,37.9328]]},"properties":{"name":"Cottonwood Creek","display_name":"Cottonwood Creek","source_name":"Cottonwood Creek","state":"CO","atlas_class":"named_natural_stream_detail","huc8":"13010004","huc8Name":"Saguache","lineageKey":"rioGrande","lineage":"rioGrande","historic":"rioGrande","current":"rioGrande","recovery":"recoveryWatch","lineageLabel":"Rio Grande lineage","atlas_context":"cutthroat_lineage_context"}},{"type":"Feature","geometry":{"type":"LineString","coordinates":[[-106.3841,37.8939],[-106.3831,37.8929]]},"properties":{"name":"Carnero Creek","display_name":"Carnero Creek","source_name":"Carnero Creek","state":"CO","atlas_class":"named_natural_stream_detail","huc8":"13010004","huc8Name":"Saguache","lineageKey":"rioGrande","lineage":"rioGrande","historic":"rioGrande","current":"rioGrande","recovery":"recoveryWatch","lineageLabel":"Rio Grande lineage","atlas_context":"cutthroat_lineage_context"}},{"type":"Feature","geometry":{"type":"LineString","coordinates":[[-106.2274,37.8705],[-106.2175,37.8741],[-106.2101,37.8785]]},"properties":{"name":"Mogotas Arroyo","display_name":"Mogotas Arroyo","source_name":"Mogotas Arroyo","state":"CO","atlas_class":"named_natural_stream_detail","huc8":"13010004","huc8Name":"Saguache","lineageKey":"rioGrande","lineage":"rioGrande","historic":"rioGrande","current":"rioGrande","recovery":"recoveryWatch","lineageLabel":"Rio Grande lineage","atlas_context":"cutthroat_lineage_context"}},{"type":"Feature","geometry":{"type":"LineString","coordinates":[[-106.3855,37.9642],[-106.3864,37.9635]]},"properties":{"name":"North Fork Carnero Creek","display_name":"North Fork Carnero Creek","source_name":"North Fork Carnero Creek","state":"CO","atlas_class":"named_natural_stream_detail","huc8":"13010004","huc8Name":"Saguache","lineageKey":"rioGrande","lineage":"rioGrande","historic":"rioGrande","current":"rioGrande","recovery":"recoveryWatch","lineageLabel":"Rio Grande lineage","atlas_context":"cutthroat_lineage_context"}},{"type":"Feature","geometry":{"type":"LineString","coordinates":[[-106.387,37.8692],[-106.3862,37.869]]},"properties":{"name":"Castor Creek","display_name":"Castor Creek","source_name":"Castor Creek","state":"CO","atlas_class":"named_natural_stream_detail","huc8":"13010004","huc8Name":"Saguache","lineageKey":"rioGrande","lineage":"rioGrande","historic":"rioGrande","current":"rioGrande","recovery":"recoveryWatch","lineageLabel":"Rio Grande lineage","atlas_context":"cutthroat_lineage_context"}},{"type":"Feature","geometry":{"type":"LineString","coordinates":[[-106.3771,37.8637],[-106.3762,37.8632]]},"properties":{"name":"Castor Creek","display_name":"Castor Creek","source_name":"Castor Creek","state":"CO","atlas_class":"named_natural_stream_detail","huc8":"13010004","huc8Name":"Saguache","lineageKey":"rioGrande","lineage":"rioGrande","historic":"rioGrande","current":"rioGrande","recovery":"recoveryWatch","lineageLabel":"Rio Grande lineage","atlas_context":"cutthroat_lineage_context"}},{"type":"Feature","geometry":{"type":"LineString","coordinates":[[-106.2142,37.9619],[-106.2139,37.9621]]},"properties":{"name":"San Juan Creek","display_name":"San Juan Creek","source_name":"San Juan Creek","state":"CO","atlas_class":"named_natural_stream_detail","huc8":"13010004","huc8Name":"Saguache","lineageKey":"rioGrande","lineage":"rioGrande","historic":"rioGrande","current":"rioGrande","recovery":"recoveryWatch","lineageLabel":"Rio Grande lineage","atlas_context":"cutthroat_lineage_context"}},{"type":"Feature","geometry":{"type":"LineString","coordinates":[[-106.3677,37.9517],[-106.3684,37.9515]]},"properties":{"name":"Sawlog Creek","display_name":"Sawlog Creek","source_name":"Sawlog Creek","state":"CO","atlas_class":"named_natural_stream_detail","huc8":"13010004","huc8Name":"Saguache","lineageKey":"rioGrande","lineage":"rioGrande","historic":"rioGrande","current":"rioGrande","recovery":"recoveryWatch","lineageLabel":"Rio Grande lineage","atlas_context":"cutthroat_lineage_context"}},{"type":"Feature","geometry":{"type":"LineString","coordinates":[[-106.2776,37.975],[-106.2773,37.9744]]},"properties":{"name":"Little Cottonwood Creek","display_name":"Little Cottonwood Creek","source_name":"Little Cottonwood Creek","state":"CO","atlas_class":"named_natural_stream_detail","huc8":"13010004","huc8Name":"Saguache","lineageKey":"rioGrande","lineage":"rioGrande","historic":"rioGrande","current":"rioGrande","recovery":"recoveryWatch","lineageLabel":"Rio Grande lineage","atlas_context":"cutthroat_lineage_context"}},{"type":"Feature","geometry":{"type":"LineString","coordinates":[[-106.3979,37.8416],[-106.3952,37.8405]]},"properties":{"name":"La Garita Creek","display_name":"La Garita Creek","source_name":"La Garita Creek","state":"CO","atlas_class":"named_natural_stream_detail","huc8":"13010004","huc8Name":"Saguache","lineageKey":"rioGrande","lineage":"rioGrande","historic":"rioGrande","current":"rioGrande","recovery":"recoveryWatch","lineageLabel":"Rio Grande lineage","atlas_context":"cutthroat_lineage_context"}},{"type":"Feature","geometry":{"type":"LineString","coordinates":[[-106.3862,37.869],[-106.3786,37.8649]]},"properties":{"name":"Castor Creek","display_name":"Castor Creek","source_name":"Castor Creek","state":"CO","atlas_class":"named_natural_stream_detail","huc8":"13010004","huc8Name":"Saguache","lineageKey":"rioGrande","lineage":"rioGrande","historic":"rioGrande","current":"rioGrande","recovery":"recoveryWatch","lineageLabel":"Rio Grande lineage","atlas_context":"cutthroat_lineage_context"}},{"type":"Feature","geometry":{"type":"LineString","coordinates":[[-106.346,37.936],[-106.3436,37.9371]]},"properties":{"name":"Lime Creek","display_name":"Lime Creek","source_name":"Lime Creek","state":"CO","atlas_class":"named_natural_stream_detail","huc8":"13010004","huc8Name":"Saguache","lineageKey":"rioGrande","lineage":"rioGrande","historic":"rioGrande","current":"rioGrande","recovery":"recoveryWatch","lineageLabel":"Rio Grande lineage","atlas_context":"cutthroat_lineage_context"}},{"type":"Feature","geometry":{"type":"LineString","coordinates":[[-106.3436,37.9371],[-106.3421,37.937]]},"properties":{"name":"Lime Creek","display_name":"Lime Creek","source_name":"Lime Creek","state":"CO","atlas_class":"named_natural_stream_detail","huc8":"13010004","huc8Name":"Saguache","lineageKey":"rioGrande","lineage":"rioGrande","historic":"rioGrande","current":"rioGrande","recovery":"recoveryWatch","lineageLabel":"Rio Grande lineage","atlas_context":"cutthroat_lineage_context"}},{"type":"Feature","geometry":{"type":"LineString","coordinates":[[-106.2628,37.9494],[-106.2597,37.9469]]},"properties":{"name":"Cottonwood Creek","display_name":"Cottonwood Creek","source_name":"Cottonwood Creek","state":"CO","atlas_class":"named_natural_stream_detail","huc8":"13010004","huc8Name":"Saguache","lineageKey":"rioGrande","lineage":"rioGrande","historic":"rioGrande","current":"rioGrande","recovery":"recoveryWatch","lineageLabel":"Rio Grande lineage","atlas_context":"cutthroat_lineage_context"}},{"type":"Feature","geometry":{"type":"LineString","coordinates":[[-106.308,37.8573],[-106.3044,37.8582],[-106.3033,37.8577]]},"properties":{"name":"Carnero Creek","display_name":"Carnero Creek","source_name":"Carnero Creek","state":"CO","atlas_class":"named_natural_stream_detail","huc8":"13010004","huc8Name":"Saguache","lineageKey":"rioGrande","lineage":"rioGrande","historic":"rioGrande","current":"rioGrande","recovery":"recoveryWatch","lineageLabel":"Rio Grande lineage","atlas_context":"cutthroat_lineage_context"}},{"type":"Feature","geometry":{"type":"LineString","coordinates":[[-106.3033,37.8577],[-106.3025,37.8575]]},"properties":{"name":"Carnero Creek","display_name":"Carnero Creek","source_name":"Carnero Creek","state":"CO","atlas_class":"named_natural_stream_detail","huc8":"13010004","huc8Name":"Saguache","lineageKey":"rioGrande","lineage":"rioGrande","historic":"rioGrande","current":"rioGrande","recovery":"recoveryWatch","lineageLabel":"Rio Grande lineage","atlas_context":"cutthroat_lineage_context"}},{"type":"Feature","geometry":{"type":"LineString","coordinates":[[-106.3879,37.9002],[-106.3872,37.8982]]},"properties":{"name":"Carnero Creek","display_name":"Carnero Creek","source_name":"Carnero Creek","state":"CO","atlas_class":"named_natural_stream_detail","huc8":"13010004","huc8Name":"Saguache","lineageKey":"rioGrande","lineage":"rioGrande","historic":"rioGrande","current":"rioGrande","recovery":"recoveryWatch","lineageLabel":"Rio Grande lineage","atlas_context":"cutthroat_lineage_context"}},{"type":"Feature","geometry":{"type":"LineString","coordinates":[[-106.3886,37.9619],[-106.3889,37.9596]]},"properties":{"name":"North Fork Carnero Creek","display_name":"North Fork Carnero Creek","source_name":"North Fork Carnero Creek","state":"CO","atlas_class":"named_natural_stream_detail","huc8":"13010004","huc8Name":"Saguache","lineageKey":"rioGrande","lineage":"rioGrande","historic":"rioGrande","current":"rioGrande","recovery":"recoveryWatch","lineageLabel":"Rio Grande lineage","atlas_context":"cutthroat_lineage_context"}},{"type":"Feature","geometry":{"type":"LineString","coordinates":[[-106.3909,37.9804],[-106.3904,37.9795]]},"properties":{"name":"Mann Creek","display_name":"Mann Creek","source_name":"Mann Creek","state":"CO","atlas_class":"named_natural_stream_detail","huc8":"13010004","huc8Name":"Saguache","lineageKey":"rioGrande","lineage":"rioGrande","historic":"rioGrande","current":"rioGrande","recovery":"recoveryWatch","lineageLabel":"Rio Grande lineage","atlas_context":"cutthroat_lineage_context"}},{"type":"Feature","geometry":{"type":"LineString","coordinates":[[-106.3999,37.9122],[-106.398,37.9099]]},"properties":{"name":"Middle Fork Carnero Creek","display_name":"Middle Fork Carnero Creek","source_name":"Middle Fork Carnero Creek","state":"CO","atlas_class":"named_natural_stream_detail","huc8":"13010004","huc8Name":"Saguache","lineageKey":"rioGrande","lineage":"rioGrande","historic":"rioGrande","current":"rioGrande","recovery":"recoveryWatch","lineageLabel":"Rio Grande lineage","atlas_context":"cutthroat_lineage_context"}},{"type":"Feature","geometry":{"type":"LineString","coordinates":[[-106.2945,37.997],[-106.2922,37.9951]]},"properties":{"name":"San Juan Creek","display_name":"San Juan Creek","source_name":"San Juan Creek","state":"CO","atlas_class":"named_natural_stream_detail","huc8":"13010004","huc8Name":"Saguache","lineageKey":"rioGrande","lineage":"rioGrande","historic":"rioGrande","current":"rioGrande","recovery":"recoveryWatch","lineageLabel":"Rio Grande lineage","atlas_context":"cutthroat_lineage_context"}},{"type":"Feature","geometry":{"type":"LineString","coordinates":[[-106.2978,37.9978],[-106.2945,37.997]]},"properties":{"name":"San Juan Creek","display_name":"San Juan Creek","source_name":"San Juan Creek","state":"CO","atlas_class":"named_natural_stream_detail","huc8":"13010004","huc8Name":"Saguache","lineageKey":"rioGrande","lineage":"rioGrande","historic":"rioGrande","current":"rioGrande","recovery":"recoveryWatch","lineageLabel":"Rio Grande lineage","atlas_context":"cutthroat_lineage_context"}},{"type":"Feature","geometry":{"type":"LineString","coordinates":[[-106.3532,37.8679],[-106.3528,37.8679]]},"properties":{"name":"Carnero Creek","display_name":"Carnero Creek","source_name":"Carnero Creek","state":"CO","atlas_class":"named_natural_stream_detail","huc8":"13010004","huc8Name":"Saguache","lineageKey":"rioGrande","lineage":"rioGrande","historic":"rioGrande","current":"rioGrande","recovery":"recoveryWatch","lineageLabel":"Rio Grande lineage","atlas_context":"cutthroat_lineage_context"}},{"type":"Feature","geometry":{"type":"LineString","coordinates":[[-106.3705,37.9507],[-106.3726,37.9494]]},"properties":{"name":"Sawlog Creek","display_name":"Sawlog Creek","source_name":"Sawlog Creek","state":"CO","atlas_class":"named_natural_stream_detail","huc8":"13010004","huc8Name":"Saguache","lineageKey":"rioGrande","lineage":"rioGrande","historic":"rioGrande","current":"rioGrande","recovery":"recoveryWatch","lineageLabel":"Rio Grande lineage","atlas_context":"cutthroat_lineage_context"}},{"type":"Feature","geometry":{"type":"LineString","coordinates":[[-106.3193,37.9786],[-106.3183,37.9774]]},"properties":{"name":"Cottonwood Creek","display_name":"Cottonwood Creek","source_name":"Cottonwood Creek","state":"CO","atlas_class":"named_natural_stream_detail","huc8":"13010004","huc8Name":"Saguache","lineageKey":"rioGrande","lineage":"rioGrande","historic":"rioGrande","current":"rioGrande","recovery":"recoveryWatch","lineageLabel":"Rio Grande lineage","atlas_context":"cutthroat_lineage_context"}},{"type":"Feature","geometry":{"type":"LineString","coordinates":[[-106.3762,37.8632],[-106.3754,37.8626]]},"properties":{"name":"Castor Creek","display_name":"Castor Creek","source_name":"Castor Creek","state":"CO","atlas_class":"named_natural_stream_detail","huc8":"13010004","huc8Name":"Saguache","lineageKey":"rioGrande","lineage":"rioGrande","historic":"rioGrande","current":"rioGrande","recovery":"recoveryWatch","lineageLabel":"Rio Grande lineage","atlas_context":"cutthroat_lineage_context"}},{"type":"Feature","geometry":{"type":"LineString","coordinates":[[-106.3132,37.944],[-106.3128,37.9413],[-106.3106,37.9381]]},"properties":{"name":"Biedell Creek","display_name":"Biedell Creek","source_name":"Biedell Creek","state":"CO","atlas_class":"named_natural_stream_detail","huc8":"13010004","huc8Name":"Saguache","lineageKey":"rioGrande","lineage":"rioGrande","historic":"rioGrande","current":"rioGrande","recovery":"recoveryWatch","lineageLabel":"Rio Grande lineage","atlas_context":"cutthroat_lineage_context"}},{"type":"Feature","geometry":{"type":"LineString","coordinates":[[-106.255,37.9459],[-106.2478,37.9471]]},"properties":{"name":"Cottonwood Creek","display_name":"Cottonwood Creek","source_name":"Cottonwood Creek","state":"CO","atlas_class":"named_natural_stream_detail","huc8":"13010004","huc8Name":"Saguache","lineageKey":"rioGrande","lineage":"rioGrande","historic":"rioGrande","current":"rioGrande","recovery":"recoveryWatch","lineageLabel":"Rio Grande lineage","atlas_context":"cutthroat_lineage_context"}},{"type":"Feature","geometry":{"type":"LineString","coordinates":[[-106.3308,37.9591],[-106.3279,37.9589]]},"properties":{"name":"Biedell Creek","display_name":"Biedell Creek","source_name":"Biedell Creek","state":"CO","atlas_class":"named_natural_stream_detail","huc8":"13010004","huc8Name":"Saguache","lineageKey":"rioGrande","lineage":"rioGrande","historic":"rioGrande","current":"rioGrande","recovery":"recoveryWatch","lineageLabel":"Rio Grande lineage","atlas_context":"cutthroat_lineage_context"}},{"type":"Feature","geometry":{"type":"LineString","coordinates":[[-106.3782,37.8881],[-106.3775,37.8865]]},"properties":{"name":"Carnero Creek","display_name":"Carnero Creek","source_name":"Carnero Creek","state":"CO","atlas_class":"named_natural_stream_detail","huc8":"13010004","huc8Name":"Saguache","lineageKey":"rioGrande","lineage":"rioGrande","historic":"rioGrande","current":"rioGrande","recovery":"recoveryWatch","lineageLabel":"Rio Grande lineage","atlas_context":"cutthroat_lineage_context"}},{"type":"Feature","geometry":{"type":"LineString","coordinates":[[-106.3872,37.9627],[-106.3886,37.9619]]},"properties":{"name":"North Fork Carnero Creek","display_name":"North Fork Carnero Creek","source_name":"North Fork Carnero Creek","state":"CO","atlas_class":"named_natural_stream_detail","huc8":"13010004","huc8Name":"Saguache","lineageKey":"rioGrande","lineage":"rioGrande","historic":"rioGrande","current":"rioGrande","recovery":"recoveryWatch","lineageLabel":"Rio Grande lineage","atlas_context":"cutthroat_lineage_context"}},{"type":"Feature","geometry":{"type":"LineString","coordinates":[[-106.2714,37.855],[-106.2684,37.8547]]},"properties":{"name":"Mogotas Arroyo","display_name":"Mogotas Arroyo","source_name":"Mogotas Arroyo","state":"CO","atlas_class":"named_natural_stream_detail","huc8":"13010004","huc8Name":"Saguache","lineageKey":"rioGrande","lineage":"rioGrande","historic":"rioGrande","current":"rioGrande","recovery":"recoveryWatch","lineageLabel":"Rio Grande lineage","atlas_context":"cutthroat_lineage_context"}},{"type":"Feature","geometry":{"type":"LineString","coordinates":[[-106.3728,37.8486],[-106.3684,37.8452]]},"properties":{"name":"Castor Creek","display_name":"Castor Creek","source_name":"Castor Creek","state":"CO","atlas_class":"named_natural_stream_detail","huc8":"13010004","huc8Name":"Saguache","lineageKey":"rioGrande","lineage":"rioGrande","historic":"rioGrande","current":"rioGrande","recovery":"recoveryWatch","lineageLabel":"Rio Grande lineage","atlas_context":"cutthroat_lineage_context"}},{"type":"Feature","geometry":{"type":"LineString","coordinates":[[-106.3586,37.8715],[-106.357,37.8705]]},"properties":{"name":"Carnero Creek","display_name":"Carnero Creek","source_name":"Carnero Creek","state":"CO","atlas_class":"named_natural_stream_detail","huc8":"13010004","huc8Name":"Saguache","lineageKey":"rioGrande","lineage":"rioGrande","historic":"rioGrande","current":"rioGrande","recovery":"recoveryWatch","lineageLabel":"Rio Grande lineage","atlas_context":"cutthroat_lineage_context"}},{"type":"Feature","geometry":{"type":"LineString","coordinates":[[-106.2581,37.9647],[-106.2575,37.9629],[-106.2552,37.9617]]},"properties":{"name":"Little Cottonwood Creek","display_name":"Little Cottonwood Creek","source_name":"Little Cottonwood Creek","state":"CO","atlas_class":"named_natural_stream_detail","huc8":"13010004","huc8Name":"Saguache","lineageKey":"rioGrande","lineage":"rioGrande","historic":"rioGrande","current":"rioGrande","recovery":"recoveryWatch","lineageLabel":"Rio Grande lineage","atlas_context":"cutthroat_lineage_context"}},{"type":"Feature","geometry":{"type":"LineString","coordinates":[[-106.2692,37.9537],[-106.2645,37.9513],[-106.2632,37.9497]]},"properties":{"name":"Cottonwood Creek","display_name":"Cottonwood Creek","source_name":"Cottonwood Creek","state":"CO","atlas_class":"named_natural_stream_detail","huc8":"13010004","huc8Name":"Saguache","lineageKey":"rioGrande","lineage":"rioGrande","historic":"rioGrande","current":"rioGrande","recovery":"recoveryWatch","lineageLabel":"Rio Grande lineage","atlas_context":"cutthroat_lineage_context"}},{"type":"Feature","geometry":{"type":"LineString","coordinates":[[-106.3916,37.8485],[-106.3887,37.8467]]},"properties":{"name":"Little La Garita Creek","display_name":"Little La Garita Creek","source_name":"Little La Garita Creek","state":"CO","atlas_class":"named_natural_stream_detail","huc8":"13010004","huc8Name":"Saguache","lineageKey":"rioGrande","lineage":"rioGrande","historic":"rioGrande","current":"rioGrande","recovery":"recoveryWatch","lineageLabel":"Rio Grande lineage","atlas_context":"cutthroat_lineage_context"}},{"type":"Feature","geometry":{"type":"LineString","coordinates":[[-106.2836,37.9768],[-106.28,37.9762]]},"properties":{"name":"Little Cottonwood Creek","display_name":"Little Cottonwood Creek","source_name":"Little Cottonwood Creek","state":"CO","atlas_class":"named_natural_stream_detail","huc8":"13010004","huc8Name":"Saguache","lineageKey":"rioGrande","lineage":"rioGrande","historic":"rioGrande","current":"rioGrande","recovery":"recoveryWatch","lineageLabel":"Rio Grande lineage","atlas_context":"cutthroat_lineage_context"}},{"type":"Feature","geometry":{"type":"LineString","coordinates":[[-106.2894,37.9138],[-106.2894,37.9104]]},"properties":{"name":"Biedell Creek","display_name":"Biedell Creek","source_name":"Biedell Creek","state":"CO","atlas_class":"named_natural_stream_detail","huc8":"13010004","huc8Name":"Saguache","lineageKey":"rioGrande","lineage":"rioGrande","historic":"rioGrande","current":"rioGrande","recovery":"recoveryWatch","lineageLabel":"Rio Grande lineage","atlas_context":"cutthroat_lineage_context"}},{"type":"Feature","geometry":{"type":"LineString","coordinates":[[-106.3315,37.8181],[-106.331,37.817]]},"properties":{"name":"La Garita Creek","display_name":"La Garita Creek","source_name":"La Garita Creek","state":"CO","atlas_class":"named_natural_stream_detail","huc8":"13010004","huc8Name":"Saguache","lineageKey":"rioGrande","lineage":"rioGrande","historic":"rioGrande","current":"rioGrande","recovery":"recoveryWatch","lineageLabel":"Rio Grande lineage","atlas_context":"cutthroat_lineage_context"}},{"type":"Feature","geometry":{"type":"LineString","coordinates":[[-106.3235,37.8604],[-106.3227,37.8603]]},"properties":{"name":"Carnero Creek","display_name":"Carnero Creek","source_name":"Carnero Creek","state":"CO","atlas_class":"named_natural_stream_detail","huc8":"13010004","huc8Name":"Saguache","lineageKey":"rioGrande","lineage":"rioGrande","historic":"rioGrande","current":"rioGrande","recovery":"recoveryWatch","lineageLabel":"Rio Grande lineage","atlas_context":"cutthroat_lineage_context"}},{"type":"Feature","geometry":{"type":"LineString","coordinates":[[-106.2648,37.8879],[-106.2583,37.8858]]},"properties":{"name":"Biedell Creek","display_name":"Biedell Creek","source_name":"Biedell Creek","state":"CO","atlas_class":"named_natural_stream_detail","huc8":"13010004","huc8Name":"Saguache","lineageKey":"rioGrande","lineage":"rioGrande","historic":"rioGrande","current":"rioGrande","recovery":"recoveryWatch","lineageLabel":"Rio Grande lineage","atlas_context":"cutthroat_lineage_context"}},{"type":"Feature","geometry":{"type":"LineString","coordinates":[[-106.2735,37.8947],[-106.2717,37.8944],[-106.2696,37.8917]]},"properties":{"name":"Biedell Creek","display_name":"Biedell Creek","source_name":"Biedell Creek","state":"CO","atlas_class":"named_natural_stream_detail","huc8":"13010004","huc8Name":"Saguache","lineageKey":"rioGrande","lineage":"rioGrande","historic":"rioGrande","current":"rioGrande","recovery":"recoveryWatch","lineageLabel":"Rio Grande lineage","atlas_context":"cutthroat_lineage_context"}},{"type":"Feature","geometry":{"type":"LineString","coordinates":[[-106.383,37.9412],[-106.3853,37.9372]]},"properties":{"name":"Sawlog Creek","display_name":"Sawlog Creek","source_name":"Sawlog Creek","state":"CO","atlas_class":"named_natural_stream_detail","huc8":"13010004","huc8Name":"Saguache","lineageKey":"rioGrande","lineage":"rioGrande","historic":"rioGrande","current":"rioGrande","recovery":"recoveryWatch","lineageLabel":"Rio Grande lineage","atlas_context":"cutthroat_lineage_context"}},{"type":"Feature","geometry":{"type":"LineString","coordinates":[[-106.3819,37.9431],[-106.3824,37.9425]]},"properties":{"name":"Sawlog Creek","display_name":"Sawlog Creek","source_name":"Sawlog Creek","state":"CO","atlas_class":"named_natural_stream_detail","huc8":"13010004","huc8Name":"Saguache","lineageKey":"rioGrande","lineage":"rioGrande","historic":"rioGrande","current":"rioGrande","recovery":"recoveryWatch","lineageLabel":"Rio Grande lineage","atlas_context":"cutthroat_lineage_context"}},{"type":"Feature","geometry":{"type":"LineString","coordinates":[[-106.2658,37.8558],[-106.2619,37.8565],[-106.2589,37.8599]]},"properties":{"name":"Mogotas Arroyo","display_name":"Mogotas Arroyo","source_name":"Mogotas Arroyo","state":"CO","atlas_class":"named_natural_stream_detail","huc8":"13010004","huc8Name":"Saguache","lineageKey":"rioGrande","lineage":"rioGrande","historic":"rioGrande","current":"rioGrande","recovery":"recoveryWatch","lineageLabel":"Rio Grande lineage","atlas_context":"cutthroat_lineage_context"}},{"type":"Feature","geometry":{"type":"LineString","coordinates":[[-106.3881,37.9733],[-106.3886,37.9717]]},"properties":{"name":"Mann Creek","display_name":"Mann Creek","source_name":"Mann Creek","state":"CO","atlas_class":"named_natural_stream_detail","huc8":"13010004","huc8Name":"Saguache","lineageKey":"rioGrande","lineage":"rioGrande","historic":"rioGrande","current":"rioGrande","recovery":"recoveryWatch","lineageLabel":"Rio Grande lineage","atlas_context":"cutthroat_lineage_context"}},{"type":"Feature","geometry":{"type":"LineString","coordinates":[[-106.3167,37.9513],[-106.3137,37.9476]]},"properties":{"name":"Biedell Creek","display_name":"Biedell Creek","source_name":"Biedell Creek","state":"CO","atlas_class":"named_natural_stream_detail","huc8":"13010004","huc8Name":"Saguache","lineageKey":"rioGrande","lineage":"rioGrande","historic":"rioGrande","current":"rioGrande","recovery":"recoveryWatch","lineageLabel":"Rio Grande lineage","atlas_context":"cutthroat_lineage_context"}},{"type":"Feature","geometry":{"type":"LineString","coordinates":[[-106.3919,37.8495],[-106.3919,37.849]]},"properties":{"name":"Little La Garita Creek","display_name":"Little La Garita Creek","source_name":"Little La Garita Creek","state":"CO","atlas_class":"named_natural_stream_detail","huc8":"13010004","huc8Name":"Saguache","lineageKey":"rioGrande","lineage":"rioGrande","historic":"rioGrande","current":"rioGrande","recovery":"recoveryWatch","lineageLabel":"Rio Grande lineage","atlas_context":"cutthroat_lineage_context"}},{"type":"Feature","geometry":{"type":"LineString","coordinates":[[-106.3858,37.841],[-106.3846,37.8406]]},"properties":{"name":"La Garita Creek","display_name":"La Garita Creek","source_name":"La Garita Creek","state":"CO","atlas_class":"named_natural_stream_detail","huc8":"13010004","huc8Name":"Saguache","lineageKey":"rioGrande","lineage":"rioGrande","historic":"rioGrande","current":"rioGrande","recovery":"recoveryWatch","lineageLabel":"Rio Grande lineage","atlas_context":"cutthroat_lineage_context"}},{"type":"Feature","geometry":{"type":"LineString","coordinates":[[-106.2687,37.9671],[-106.2616,37.9667],[-106.2597,37.9654]]},"properties":{"name":"Little Cottonwood Creek","display_name":"Little Cottonwood Creek","source_name":"Little Cottonwood Creek","state":"CO","atlas_class":"named_natural_stream_detail","huc8":"13010004","huc8Name":"Saguache","lineageKey":"rioGrande","lineage":"rioGrande","historic":"rioGrande","current":"rioGrande","recovery":"recoveryWatch","lineageLabel":"Rio Grande lineage","atlas_context":"cutthroat_lineage_context"}},{"type":"Feature","geometry":{"type":"LineString","coordinates":[[-106.3843,37.9656],[-106.3855,37.9642]]},"properties":{"name":"North Fork Carnero Creek","display_name":"North Fork Carnero Creek","source_name":"North Fork Carnero Creek","state":"CO","atlas_class":"named_natural_stream_detail","huc8":"13010004","huc8Name":"Saguache","lineageKey":"rioGrande","lineage":"rioGrande","historic":"rioGrande","current":"rioGrande","recovery":"recoveryWatch","lineageLabel":"Rio Grande lineage","atlas_context":"cutthroat_lineage_context"}},{"type":"Feature","geometry":{"type":"LineString","coordinates":[[-106.3907,37.9835],[-106.3906,37.9822]]},"properties":{"name":"Mann Creek","display_name":"Mann Creek","source_name":"Mann Creek","state":"CO","atlas_class":"named_natural_stream_detail","huc8":"13010004","huc8Name":"Saguache","lineageKey":"rioGrande","lineage":"rioGrande","historic":"rioGrande","current":"rioGrande","recovery":"recoveryWatch","lineageLabel":"Rio Grande lineage","atlas_context":"cutthroat_lineage_context"}},{"type":"Feature","geometry":{"type":"LineString","coordinates":[[-106.3863,37.9888],[-106.3888,37.9866]]},"properties":{"name":"Masauernez Creek","display_name":"Masauernez Creek","source_name":"Masauernez Creek","state":"CO","atlas_class":"named_natural_stream_detail","huc8":"13010004","huc8Name":"Saguache","lineageKey":"rioGrande","lineage":"rioGrande","historic":"rioGrande","current":"rioGrande","recovery":"recoveryWatch","lineageLabel":"Rio Grande lineage","atlas_context":"cutthroat_lineage_context"}},{"type":"Feature","geometry":{"type":"LineString","coordinates":[[-106.2864,37.8153],[-106.2845,37.8151]]},"properties":{"name":"La Garita Creek","display_name":"La Garita Creek","source_name":"La Garita Creek","state":"CO","atlas_class":"named_natural_stream_detail","huc8":"13010004","huc8Name":"Saguache","lineageKey":"rioGrande","lineage":"rioGrande","historic":"rioGrande","current":"rioGrande","recovery":"recoveryWatch","lineageLabel":"Rio Grande lineage","atlas_context":"cutthroat_lineage_context"}},{"type":"Feature","geometry":{"type":"LineString","coordinates":[[-106.2829,37.9632],[-106.2817,37.9625]]},"properties":{"name":"Cottonwood Creek","display_name":"Cottonwood Creek","source_name":"Cottonwood Creek","state":"CO","atlas_class":"named_natural_stream_detail","huc8":"13010004","huc8Name":"Saguache","lineageKey":"rioGrande","lineage":"rioGrande","historic":"rioGrande","current":"rioGrande","recovery":"recoveryWatch","lineageLabel":"Rio Grande lineage","atlas_context":"cutthroat_lineage_context"}},{"type":"Feature","geometry":{"type":"LineString","coordinates":[[-106.2755,37.9587],[-106.2709,37.9556]]},"properties":{"name":"Cottonwood Creek","display_name":"Cottonwood Creek","source_name":"Cottonwood Creek","state":"CO","atlas_class":"named_natural_stream_detail","huc8":"13010004","huc8Name":"Saguache","lineageKey":"rioGrande","lineage":"rioGrande","historic":"rioGrande","current":"rioGrande","recovery":"recoveryWatch","lineageLabel":"Rio Grande lineage","atlas_context":"cutthroat_lineage_context"}},{"type":"Feature","geometry":{"type":"LineString","coordinates":[[-106.2712,37.8538],[-106.2689,37.8519],[-106.2649,37.8512]]},"properties":{"name":"Carnero Creek","display_name":"Carnero Creek","source_name":"Carnero Creek","state":"CO","atlas_class":"named_natural_stream_detail","huc8":"13010004","huc8Name":"Saguache","lineageKey":"rioGrande","lineage":"rioGrande","historic":"rioGrande","current":"rioGrande","recovery":"recoveryWatch","lineageLabel":"Rio Grande lineage","atlas_context":"cutthroat_lineage_context"}},{"type":"Feature","geometry":{"type":"LineString","coordinates":[[-106.3063,37.8142],[-106.2967,37.815],[-106.2948,37.8143],[-106.2919,37.8149],[-106.2903,37.814],[-106.2888,37.8144],[-106.2884,37.8154],[-106.2864,37.8153]]},"properties":{"name":"La Garita Creek","display_name":"La Garita Creek","source_name":"La Garita Creek","state":"CO","atlas_class":"named_natural_stream_detail","huc8":"13010004","huc8Name":"Saguache","lineageKey":"rioGrande","lineage":"rioGrande","historic":"rioGrande","current":"rioGrande","recovery":"recoveryWatch","lineageLabel":"Rio Grande lineage","atlas_context":"cutthroat_lineage_context"}},{"type":"Feature","geometry":{"type":"LineString","coordinates":[[-106.3807,37.8426],[-106.3781,37.8415]]},"properties":{"name":"Little La Garita Creek","display_name":"Little La Garita Creek","source_name":"Little La Garita Creek","state":"CO","atlas_class":"named_natural_stream_detail","huc8":"13010004","huc8Name":"Saguache","lineageKey":"rioGrande","lineage":"rioGrande","historic":"rioGrande","current":"rioGrande","recovery":"recoveryWatch","lineageLabel":"Rio Grande lineage","atlas_context":"cutthroat_lineage_context"}},{"type":"Feature","geometry":{"type":"LineString","coordinates":[[-106.3849,37.8962],[-106.3844,37.895]]},"properties":{"name":"Carnero Creek","display_name":"Carnero Creek","source_name":"Carnero Creek","state":"CO","atlas_class":"named_natural_stream_detail","huc8":"13010004","huc8Name":"Saguache","lineageKey":"rioGrande","lineage":"rioGrande","historic":"rioGrande","current":"rioGrande","recovery":"recoveryWatch","lineageLabel":"Rio Grande lineage","atlas_context":"cutthroat_lineage_context"}},{"type":"Feature","geometry":{"type":"LineString","coordinates":[[-106.3906,37.9822],[-106.3909,37.9804]]},"properties":{"name":"Mann Creek","display_name":"Mann Creek","source_name":"Mann Creek","state":"CO","atlas_class":"named_natural_stream_detail","huc8":"13010004","huc8Name":"Saguache","lineageKey":"rioGrande","lineage":"rioGrande","historic":"rioGrande","current":"rioGrande","recovery":"recoveryWatch","lineageLabel":"Rio Grande lineage","atlas_context":"cutthroat_lineage_context"}},{"type":"Feature","geometry":{"type":"LineString","coordinates":[[-106.286,37.9897],[-106.2832,37.9875]]},"properties":{"name":"San Juan Creek","display_name":"San Juan Creek","source_name":"San Juan Creek","state":"CO","atlas_class":"named_natural_stream_detail","huc8":"13010004","huc8Name":"Saguache","lineageKey":"rioGrande","lineage":"rioGrande","historic":"rioGrande","current":"rioGrande","recovery":"recoveryWatch","lineageLabel":"Rio Grande lineage","atlas_context":"cutthroat_lineage_context"}},{"type":"Feature","geometry":{"type":"LineString","coordinates":[[-106.2894,37.9104],[-106.2894,37.91]]},"properties":{"name":"Biedell Creek","display_name":"Biedell Creek","source_name":"Biedell Creek","state":"CO","atlas_class":"named_natural_stream_detail","huc8":"13010004","huc8Name":"Saguache","lineageKey":"rioGrande","lineage":"rioGrande","historic":"rioGrande","current":"rioGrande","recovery":"recoveryWatch","lineageLabel":"Rio Grande lineage","atlas_context":"cutthroat_lineage_context"}},{"type":"Feature","geometry":{"type":"LineString","coordinates":[[-106.2858,37.904],[-106.2847,37.9033]]},"properties":{"name":"Biedell Creek","display_name":"Biedell Creek","source_name":"Biedell Creek","state":"CO","atlas_class":"named_natural_stream_detail","huc8":"13010004","huc8Name":"Saguache","lineageKey":"rioGrande","lineage":"rioGrande","historic":"rioGrande","current":"rioGrande","recovery":"recoveryWatch","lineageLabel":"Rio Grande lineage","atlas_context":"cutthroat_lineage_context"}},{"type":"Feature","geometry":{"type":"LineString","coordinates":[[-106.2999,37.9209],[-106.2971,37.9187]]},"properties":{"name":"Biedell Creek","display_name":"Biedell Creek","source_name":"Biedell Creek","state":"CO","atlas_class":"named_natural_stream_detail","huc8":"13010004","huc8Name":"Saguache","lineageKey":"rioGrande","lineage":"rioGrande","historic":"rioGrande","current":"rioGrande","recovery":"recoveryWatch","lineageLabel":"Rio Grande lineage","atlas_context":"cutthroat_lineage_context"}},{"type":"Feature","geometry":{"type":"LineString","coordinates":[[-106.3906,37.9115],[-106.3906,37.9112]]},"properties":{"name":"North Fork Carnero Creek","display_name":"North Fork Carnero Creek","source_name":"North Fork Carnero Creek","state":"CO","atlas_class":"named_natural_stream_detail","huc8":"13010004","huc8Name":"Saguache","lineageKey":"rioGrande","lineage":"rioGrande","historic":"rioGrande","current":"rioGrande","recovery":"recoveryWatch","lineageLabel":"Rio Grande lineage","atlas_context":"cutthroat_lineage_context"}},{"type":"Feature","geometry":{"type":"LineString","coordinates":[[-106.3892,37.9014],[-106.3879,37.9002]]},"properties":{"name":"Carnero Creek","display_name":"Carnero Creek","source_name":"Carnero Creek","state":"CO","atlas_class":"named_natural_stream_detail","huc8":"13010004","huc8Name":"Saguache","lineageKey":"rioGrande","lineage":"rioGrande","historic":"rioGrande","current":"rioGrande","recovery":"recoveryWatch","lineageLabel":"Rio Grande lineage","atlas_context":"cutthroat_lineage_context"}},{"type":"Feature","geometry":{"type":"LineString","coordinates":[[-106.3366,37.9353],[-106.3358,37.9351]]},"properties":{"name":"Lime Creek","display_name":"Lime Creek","source_name":"Lime Creek","state":"CO","atlas_class":"named_natural_stream_detail","huc8":"13010004","huc8Name":"Saguache","lineageKey":"rioGrande","lineage":"rioGrande","historic":"rioGrande","current":"rioGrande","recovery":"recoveryWatch","lineageLabel":"Rio Grande lineage","atlas_context":"cutthroat_lineage_context"}},{"type":"Feature","geometry":{"type":"LineString","coordinates":[[-106.2452,37.9533],[-106.2447,37.952]]},"properties":{"name":"Little Cottonwood Creek","display_name":"Little Cottonwood Creek","source_name":"Little Cottonwood Creek","state":"CO","atlas_class":"named_natural_stream_detail","huc8":"13010004","huc8Name":"Saguache","lineageKey":"rioGrande","lineage":"rioGrande","historic":"rioGrande","current":"rioGrande","recovery":"recoveryWatch","lineageLabel":"Rio Grande lineage","atlas_context":"cutthroat_lineage_context"}},{"type":"Feature","geometry":{"type":"LineString","coordinates":[[-106.2748,37.8543],[-106.2714,37.855]]},"properties":{"name":"Mogotas Arroyo","display_name":"Mogotas Arroyo","source_name":"Mogotas Arroyo","state":"CO","atlas_class":"named_natural_stream_detail","huc8":"13010004","huc8Name":"Saguache","lineageKey":"rioGrande","lineage":"rioGrande","historic":"rioGrande","current":"rioGrande","recovery":"recoveryWatch","lineageLabel":"Rio Grande lineage","atlas_context":"cutthroat_lineage_context"}},{"type":"Feature","geometry":{"type":"LineString","coordinates":[[-106.3442,37.8629],[-106.3357,37.8626],[-106.3342,37.8617]]},"properties":{"name":"Carnero Creek","display_name":"Carnero Creek","source_name":"Carnero Creek","state":"CO","atlas_class":"named_natural_stream_detail","huc8":"13010004","huc8Name":"Saguache","lineageKey":"rioGrande","lineage":"rioGrande","historic":"rioGrande","current":"rioGrande","recovery":"recoveryWatch","lineageLabel":"Rio Grande lineage","atlas_context":"cutthroat_lineage_context"}},{"type":"Feature","geometry":{"type":"LineString","coordinates":[[-106.2597,37.9469],[-106.2594,37.9464]]},"properties":{"name":"Cottonwood Creek","display_name":"Cottonwood Creek","source_name":"Cottonwood Creek","state":"CO","atlas_class":"named_natural_stream_detail","huc8":"13010004","huc8Name":"Saguache","lineageKey":"rioGrande","lineage":"rioGrande","historic":"rioGrande","current":"rioGrande","recovery":"recoveryWatch","lineageLabel":"Rio Grande lineage","atlas_context":"cutthroat_lineage_context"}},{"type":"Feature","geometry":{"type":"LineString","coordinates":[[-106.3808,37.8908],[-106.3807,37.8905]]},"properties":{"name":"Carnero Creek","display_name":"Carnero Creek","source_name":"Carnero Creek","state":"CO","atlas_class":"named_natural_stream_detail","huc8":"13010004","huc8Name":"Saguache","lineageKey":"rioGrande","lineage":"rioGrande","historic":"rioGrande","current":"rioGrande","recovery":"recoveryWatch","lineageLabel":"Rio Grande lineage","atlas_context":"cutthroat_lineage_context"}},{"type":"Feature","geometry":{"type":"LineString","coordinates":[[-106.3911,37.9447],[-106.3907,37.9429]]},"properties":{"name":"North Fork Carnero Creek","display_name":"North Fork Carnero Creek","source_name":"North Fork Carnero Creek","state":"CO","atlas_class":"named_natural_stream_detail","huc8":"13010004","huc8Name":"Saguache","lineageKey":"rioGrande","lineage":"rioGrande","historic":"rioGrande","current":"rioGrande","recovery":"recoveryWatch","lineageLabel":"Rio Grande lineage","atlas_context":"cutthroat_lineage_context"}},{"type":"Feature","geometry":{"type":"LineString","coordinates":[[-106.3756,37.8384],[-106.3734,37.8379]]},"properties":{"name":"La Garita Creek","display_name":"La Garita Creek","source_name":"La Garita Creek","state":"CO","atlas_class":"named_natural_stream_detail","huc8":"13010004","huc8Name":"Saguache","lineageKey":"rioGrande","lineage":"rioGrande","historic":"rioGrande","current":"rioGrande","recovery":"recoveryWatch","lineageLabel":"Rio Grande lineage","atlas_context":"cutthroat_lineage_context"}},{"type":"Feature","geometry":{"type":"LineString","coordinates":[[-106.374,37.8599],[-106.3712,37.8523]]},"properties":{"name":"Castor Creek","display_name":"Castor Creek","source_name":"Castor Creek","state":"CO","atlas_class":"named_natural_stream_detail","huc8":"13010004","huc8Name":"Saguache","lineageKey":"rioGrande","lineage":"rioGrande","historic":"rioGrande","current":"rioGrande","recovery":"recoveryWatch","lineageLabel":"Rio Grande lineage","atlas_context":"cutthroat_lineage_context"}},{"type":"Feature","geometry":{"type":"LineString","coordinates":[[-106.28,37.9762],[-106.2778,37.9753]]},"properties":{"name":"Little Cottonwood Creek","display_name":"Little Cottonwood Creek","source_name":"Little Cottonwood Creek","state":"CO","atlas_class":"named_natural_stream_detail","huc8":"13010004","huc8Name":"Saguache","lineageKey":"rioGrande","lineage":"rioGrande","historic":"rioGrande","current":"rioGrande","recovery":"recoveryWatch","lineageLabel":"Rio Grande lineage","atlas_context":"cutthroat_lineage_context"}},{"type":"Feature","geometry":{"type":"LineString","coordinates":[[-106.2403,37.8666],[-106.2274,37.8705]]},"properties":{"name":"Mogotas Arroyo","display_name":"Mogotas Arroyo","source_name":"Mogotas Arroyo","state":"CO","atlas_class":"named_natural_stream_detail","huc8":"13010004","huc8Name":"Saguache","lineageKey":"rioGrande","lineage":"rioGrande","historic":"rioGrande","current":"rioGrande","recovery":"recoveryWatch","lineageLabel":"Rio Grande lineage","atlas_context":"cutthroat_lineage_context"}},{"type":"Feature","geometry":{"type":"LineString","coordinates":[[-106.3302,37.8164],[-106.3297,37.8155],[-106.3275,37.8149]]},"properties":{"name":"La Garita Creek","display_name":"La Garita Creek","source_name":"La Garita Creek","state":"CO","atlas_class":"named_natural_stream_detail","huc8":"13010004","huc8Name":"Saguache","lineageKey":"rioGrande","lineage":"rioGrande","historic":"rioGrande","current":"rioGrande","recovery":"recoveryWatch","lineageLabel":"Rio Grande lineage","atlas_context":"cutthroat_lineage_context"}},{"type":"Feature","geometry":{"type":"LineString","coordinates":[[-106.2578,37.9689],[-106.2511,37.9648],[-106.2347,37.9605],[-106.2221,37.9587],[-106.2164,37.9598],[-106.2142,37.9619]]},"properties":{"name":"San Juan Creek","display_name":"San Juan Creek","source_name":"San Juan Creek","state":"CO","atlas_class":"named_natural_stream_detail","huc8":"13010004","huc8Name":"Saguache","lineageKey":"rioGrande","lineage":"rioGrande","historic":"rioGrande","current":"rioGrande","recovery":"recoveryWatch","lineageLabel":"Rio Grande lineage","atlas_context":"cutthroat_lineage_context"}},{"type":"Feature","geometry":{"type":"LineString","coordinates":[[-106.3698,37.8376],[-106.3687,37.8379]]},"properties":{"name":"La Garita Creek","display_name":"La Garita Creek","source_name":"La Garita Creek","state":"CO","atlas_class":"named_natural_stream_detail","huc8":"13010004","huc8Name":"Saguache","lineageKey":"rioGrande","lineage":"rioGrande","historic":"rioGrande","current":"rioGrande","recovery":"recoveryWatch","lineageLabel":"Rio Grande lineage","atlas_context":"cutthroat_lineage_context"}},{"type":"Feature","geometry":{"type":"LineString","coordinates":[[-106.3708,37.8825],[-106.3687,37.8798]]},"properties":{"name":"Carnero Creek","display_name":"Carnero Creek","source_name":"Carnero Creek","state":"CO","atlas_class":"named_natural_stream_detail","huc8":"13010004","huc8Name":"Saguache","lineageKey":"rioGrande","lineage":"rioGrande","historic":"rioGrande","current":"rioGrande","recovery":"recoveryWatch","lineageLabel":"Rio Grande lineage","atlas_context":"cutthroat_lineage_context"}},{"type":"Feature","geometry":{"type":"LineString","coordinates":[[-106.3865,37.8977],[-106.3854,37.8971]]},"properties":{"name":"Carnero Creek","display_name":"Carnero Creek","source_name":"Carnero Creek","state":"CO","atlas_class":"named_natural_stream_detail","huc8":"13010004","huc8Name":"Saguache","lineageKey":"rioGrande","lineage":"rioGrande","historic":"rioGrande","current":"rioGrande","recovery":"recoveryWatch","lineageLabel":"Rio Grande lineage","atlas_context":"cutthroat_lineage_context"}},{"type":"Feature","geometry":{"type":"LineString","coordinates":[[-106.3641,37.9963],[-106.3645,37.9956]]},"properties":{"name":"North Fork Carnero Creek","display_name":"North Fork Carnero Creek","source_name":"North Fork Carnero Creek","state":"CO","atlas_class":"named_natural_stream_detail","huc8":"13010004","huc8Name":"Saguache","lineageKey":"rioGrande","lineage":"rioGrande","historic":"rioGrande","current":"rioGrande","recovery":"recoveryWatch","lineageLabel":"Rio Grande lineage","atlas_context":"cutthroat_lineage_context"}},{"type":"Feature","geometry":{"type":"LineString","coordinates":[[-106.3894,37.9015],[-106.3892,37.9014]]},"properties":{"name":"Carnero Creek","display_name":"Carnero Creek","source_name":"Carnero Creek","state":"CO","atlas_class":"named_natural_stream_detail","huc8":"13010004","huc8Name":"Saguache","lineageKey":"rioGrande","lineage":"rioGrande","historic":"rioGrande","current":"rioGrande","recovery":"recoveryWatch","lineageLabel":"Rio Grande lineage","atlas_context":"cutthroat_lineage_context"}},{"type":"Feature","geometry":{"type":"LineString","coordinates":[[-106.3456,37.8266],[-106.3453,37.8265]]},"properties":{"name":"La Garita Creek","display_name":"La Garita Creek","source_name":"La Garita Creek","state":"CO","atlas_class":"named_natural_stream_detail","huc8":"13010004","huc8Name":"Saguache","lineageKey":"rioGrande","lineage":"rioGrande","historic":"rioGrande","current":"rioGrande","recovery":"recoveryWatch","lineageLabel":"Rio Grande lineage","atlas_context":"cutthroat_lineage_context"}},{"type":"Feature","geometry":{"type":"LineString","coordinates":[[-106.357,37.8705],[-106.3569,37.8698]]},"properties":{"name":"Carnero Creek","display_name":"Carnero Creek","source_name":"Carnero Creek","state":"CO","atlas_class":"named_natural_stream_detail","huc8":"13010004","huc8Name":"Saguache","lineageKey":"rioGrande","lineage":"rioGrande","historic":"rioGrande","current":"rioGrande","recovery":"recoveryWatch","lineageLabel":"Rio Grande lineage","atlas_context":"cutthroat_lineage_context"}},{"type":"Feature","geometry":{"type":"LineString","coordinates":[[-106.3668,37.8779],[-106.3652,37.8763]]},"properties":{"name":"Carnero Creek","display_name":"Carnero Creek","source_name":"Carnero Creek","state":"CO","atlas_class":"named_natural_stream_detail","huc8":"13010004","huc8Name":"Saguache","lineageKey":"rioGrande","lineage":"rioGrande","historic":"rioGrande","current":"rioGrande","recovery":"recoveryWatch","lineageLabel":"Rio Grande lineage","atlas_context":"cutthroat_lineage_context"}},{"type":"Feature","geometry":{"type":"LineString","coordinates":[[-106.3752,37.8622],[-106.374,37.8599]]},"properties":{"name":"Castor Creek","display_name":"Castor Creek","source_name":"Castor Creek","state":"CO","atlas_class":"named_natural_stream_detail","huc8":"13010004","huc8Name":"Saguache","lineageKey":"rioGrande","lineage":"rioGrande","historic":"rioGrande","current":"rioGrande","recovery":"recoveryWatch","lineageLabel":"Rio Grande lineage","atlas_context":"cutthroat_lineage_context"}},{"type":"Feature","geometry":{"type":"LineString","coordinates":[[-106.3699,37.9816],[-106.37,37.9811]]},"properties":{"name":"North Fork Carnero Creek","display_name":"North Fork Carnero Creek","source_name":"North Fork Carnero Creek","state":"CO","atlas_class":"named_natural_stream_detail","huc8":"13010004","huc8Name":"Saguache","lineageKey":"rioGrande","lineage":"rioGrande","historic":"rioGrande","current":"rioGrande","recovery":"recoveryWatch","lineageLabel":"Rio Grande lineage","atlas_context":"cutthroat_lineage_context"}},{"type":"Feature","geometry":{"type":"LineString","coordinates":[[-106.3645,37.9956],[-106.3644,37.995]]},"properties":{"name":"North Fork Carnero Creek","display_name":"North Fork Carnero Creek","source_name":"North Fork Carnero Creek","state":"CO","atlas_class":"named_natural_stream_detail","huc8":"13010004","huc8Name":"Saguache","lineageKey":"rioGrande","lineage":"rioGrande","historic":"rioGrande","current":"rioGrande","recovery":"recoveryWatch","lineageLabel":"Rio Grande lineage","atlas_context":"cutthroat_lineage_context"}},{"type":"Feature","geometry":{"type":"LineString","coordinates":[[-106.3934,37.8691],[-106.3917,37.8692]]},"properties":{"name":"Castor Creek","display_name":"Castor Creek","source_name":"Castor Creek","state":"CO","atlas_class":"named_natural_stream_detail","huc8":"13010004","huc8Name":"Saguache","lineageKey":"rioGrande","lineage":"rioGrande","historic":"rioGrande","current":"rioGrande","recovery":"recoveryWatch","lineageLabel":"Rio Grande lineage","atlas_context":"cutthroat_lineage_context"}},{"type":"Feature","geometry":{"type":"LineString","coordinates":[[-106.3802,37.9456],[-106.3806,37.9453]]},"properties":{"name":"Sawlog Creek","display_name":"Sawlog Creek","source_name":"Sawlog Creek","state":"CO","atlas_class":"named_natural_stream_detail","huc8":"13010004","huc8Name":"Saguache","lineageKey":"rioGrande","lineage":"rioGrande","historic":"rioGrande","current":"rioGrande","recovery":"recoveryWatch","lineageLabel":"Rio Grande lineage","atlas_context":"cutthroat_lineage_context"}},{"type":"Feature","geometry":{"type":"LineString","coordinates":[[-106.3726,37.9494],[-106.3802,37.9456]]},"properties":{"name":"Sawlog Creek","display_name":"Sawlog Creek","source_name":"Sawlog Creek","state":"CO","atlas_class":"named_natural_stream_detail","huc8":"13010004","huc8Name":"Saguache","lineageKey":"rioGrande","lineage":"rioGrande","historic":"rioGrande","current":"rioGrande","recovery":"recoveryWatch","lineageLabel":"Rio Grande lineage","atlas_context":"cutthroat_lineage_context"}},{"type":"Feature","geometry":{"type":"LineString","coordinates":[[-106.2368,37.9471],[-106.2336,37.9449],[-106.2318,37.9424],[-106.2305,37.9424],[-106.2233,37.9381]]},"properties":{"name":"Cottonwood Creek","display_name":"Cottonwood Creek","source_name":"Cottonwood Creek","state":"CO","atlas_class":"named_natural_stream_detail","huc8":"13010004","huc8Name":"Saguache","lineageKey":"rioGrande","lineage":"rioGrande","historic":"rioGrande","current":"rioGrande","recovery":"recoveryWatch","lineageLabel":"Rio Grande lineage","atlas_context":"cutthroat_lineage_context"}},{"type":"Feature","geometry":{"type":"LineString","coordinates":[[-106.3726,37.9765],[-106.3738,37.9754],[-106.3741,37.973],[-106.3768,37.973]]},"properties":{"name":"North Fork Carnero Creek","display_name":"North Fork Carnero Creek","source_name":"North Fork Carnero Creek","state":"CO","atlas_class":"named_natural_stream_detail","huc8":"13010004","huc8Name":"Saguache","lineageKey":"rioGrande","lineage":"rioGrande","historic":"rioGrande","current":"rioGrande","recovery":"recoveryWatch","lineageLabel":"Rio Grande lineage","atlas_context":"cutthroat_lineage_context"}},{"type":"Feature","geometry":{"type":"LineString","coordinates":[[-106.2845,37.8151],[-106.2787,37.8126],[-106.2723,37.8115],[-106.2701,37.8127],[-106.2609,37.8109],[-106.2598,37.8115],[-106.2561,37.8106],[-106.2394,37.8102]]},"properties":{"name":"La Garita Creek","display_name":"La Garita Creek","source_name":"La Garita Creek","state":"CO","atlas_class":"named_natural_stream_detail","huc8":"13010004","huc8Name":"Saguache","lineageKey":"rioGrande","lineage":"rioGrande","historic":"rioGrande","current":"rioGrande","recovery":"recoveryWatch","lineageLabel":"Rio Grande lineage","atlas_context":"cutthroat_lineage_context"}},{"type":"Feature","geometry":{"type":"LineString","coordinates":[[-106.3659,37.954],[-106.3677,37.9517]]},"properties":{"name":"Sawlog Creek","display_name":"Sawlog Creek","source_name":"Sawlog Creek","state":"CO","atlas_class":"named_natural_stream_detail","huc8":"13010004","huc8Name":"Saguache","lineageKey":"rioGrande","lineage":"rioGrande","historic":"rioGrande","current":"rioGrande","recovery":"recoveryWatch","lineageLabel":"Rio Grande lineage","atlas_context":"cutthroat_lineage_context"}},{"type":"Feature","geometry":{"type":"LineString","coordinates":[[-106.3886,37.8696],[-106.387,37.8692]]},"properties":{"name":"Castor Creek","display_name":"Castor Creek","source_name":"Castor Creek","state":"CO","atlas_class":"named_natural_stream_detail","huc8":"13010004","huc8Name":"Saguache","lineageKey":"rioGrande","lineage":"rioGrande","historic":"rioGrande","current":"rioGrande","recovery":"recoveryWatch","lineageLabel":"Rio Grande lineage","atlas_context":"cutthroat_lineage_context"}},{"type":"Feature","geometry":{"type":"LineString","coordinates":[[-106.3712,37.8523],[-106.3721,37.8508]]},"properties":{"name":"Castor Creek","display_name":"Castor Creek","source_name":"Castor Creek","state":"CO","atlas_class":"named_natural_stream_detail","huc8":"13010004","huc8Name":"Saguache","lineageKey":"rioGrande","lineage":"rioGrande","historic":"rioGrande","current":"rioGrande","recovery":"recoveryWatch","lineageLabel":"Rio Grande lineage","atlas_context":"cutthroat_lineage_context"}},{"type":"Feature","geometry":{"type":"LineString","coordinates":[[-106.2919,37.9167],[-106.2899,37.9159]]},"properties":{"name":"Biedell Creek","display_name":"Biedell Creek","source_name":"Biedell Creek","state":"CO","atlas_class":"named_natural_stream_detail","huc8":"13010004","huc8Name":"Saguache","lineageKey":"rioGrande","lineage":"rioGrande","historic":"rioGrande","current":"rioGrande","recovery":"recoveryWatch","lineageLabel":"Rio Grande lineage","atlas_context":"cutthroat_lineage_context"}},{"type":"Feature","geometry":{"type":"LineString","coordinates":[[-106.2613,37.9713],[-106.2578,37.9689]]},"properties":{"name":"San Juan Creek","display_name":"San Juan Creek","source_name":"San Juan Creek","state":"CO","atlas_class":"named_natural_stream_detail","huc8":"13010004","huc8Name":"Saguache","lineageKey":"rioGrande","lineage":"rioGrande","historic":"rioGrande","current":"rioGrande","recovery":"recoveryWatch","lineageLabel":"Rio Grande lineage","atlas_context":"cutthroat_lineage_context"}},{"type":"Feature","geometry":{"type":"LineString","coordinates":[[-106.2799,37.8991],[-106.2766,37.8972]]},"properties":{"name":"Biedell Creek","display_name":"Biedell Creek","source_name":"Biedell Creek","state":"CO","atlas_class":"named_natural_stream_detail","huc8":"13010004","huc8Name":"Saguache","lineageKey":"rioGrande","lineage":"rioGrande","historic":"rioGrande","current":"rioGrande","recovery":"recoveryWatch","lineageLabel":"Rio Grande lineage","atlas_context":"cutthroat_lineage_context"}},{"type":"Feature","geometry":{"type":"LineString","coordinates":[[-106.3137,37.9476],[-106.3132,37.944]]},"properties":{"name":"Biedell Creek","display_name":"Biedell Creek","source_name":"Biedell Creek","state":"CO","atlas_class":"named_natural_stream_detail","huc8":"13010004","huc8Name":"Saguache","lineageKey":"rioGrande","lineage":"rioGrande","historic":"rioGrande","current":"rioGrande","recovery":"recoveryWatch","lineageLabel":"Rio Grande lineage","atlas_context":"cutthroat_lineage_context"}},{"type":"Feature","geometry":{"type":"LineString","coordinates":[[-106.2689,37.9787],[-106.2683,37.9774]]},"properties":{"name":"San Juan Creek","display_name":"San Juan Creek","source_name":"San Juan Creek","state":"CO","atlas_class":"named_natural_stream_detail","huc8":"13010004","huc8Name":"Saguache","lineageKey":"rioGrande","lineage":"rioGrande","historic":"rioGrande","current":"rioGrande","recovery":"recoveryWatch","lineageLabel":"Rio Grande lineage","atlas_context":"cutthroat_lineage_context"}},{"type":"Feature","geometry":{"type":"LineString","coordinates":[[-106.3214,37.98],[-106.3193,37.9786]]},"properties":{"name":"Cottonwood Creek","display_name":"Cottonwood Creek","source_name":"Cottonwood Creek","state":"CO","atlas_class":"named_natural_stream_detail","huc8":"13010004","huc8Name":"Saguache","lineageKey":"rioGrande","lineage":"rioGrande","historic":"rioGrande","current":"rioGrande","recovery":"recoveryWatch","lineageLabel":"Rio Grande lineage","atlas_context":"cutthroat_lineage_context"}},{"type":"Feature","geometry":{"type":"LineString","coordinates":[[-106.3193,37.9553],[-106.3176,37.9538],[-106.3167,37.9513]]},"properties":{"name":"Biedell Creek","display_name":"Biedell Creek","source_name":"Biedell Creek","state":"CO","atlas_class":"named_natural_stream_detail","huc8":"13010004","huc8Name":"Saguache","lineageKey":"rioGrande","lineage":"rioGrande","historic":"rioGrande","current":"rioGrande","recovery":"recoveryWatch","lineageLabel":"Rio Grande lineage","atlas_context":"cutthroat_lineage_context"}},{"type":"Feature","geometry":{"type":"LineString","coordinates":[[-106.3166,37.9284],[-106.3116,37.9272]]},"properties":{"name":"Lime Creek","display_name":"Lime Creek","source_name":"Lime Creek","state":"CO","atlas_class":"named_natural_stream_detail","huc8":"13010004","huc8Name":"Saguache","lineageKey":"rioGrande","lineage":"rioGrande","historic":"rioGrande","current":"rioGrande","recovery":"recoveryWatch","lineageLabel":"Rio Grande lineage","atlas_context":"cutthroat_lineage_context"}},{"type":"Feature","geometry":{"type":"LineString","coordinates":[[-106.2139,37.9621],[-106.2101,37.963]]},"properties":{"name":"San Juan Creek","display_name":"San Juan Creek","source_name":"San Juan Creek","state":"CO","atlas_class":"named_natural_stream_detail","huc8":"13010004","huc8Name":"Saguache","lineageKey":"rioGrande","lineage":"rioGrande","historic":"rioGrande","current":"rioGrande","recovery":"recoveryWatch","lineageLabel":"Rio Grande lineage","atlas_context":"cutthroat_lineage_context"}},{"type":"Feature","geometry":{"type":"LineString","coordinates":[[-106.3686,37.8793],[-106.3668,37.8779]]},"properties":{"name":"Carnero Creek","display_name":"Carnero Creek","source_name":"Carnero Creek","state":"CO","atlas_class":"named_natural_stream_detail","huc8":"13010004","huc8Name":"Saguache","lineageKey":"rioGrande","lineage":"rioGrande","historic":"rioGrande","current":"rioGrande","recovery":"recoveryWatch","lineageLabel":"Rio Grande lineage","atlas_context":"cutthroat_lineage_context"}},{"type":"Feature","geometry":{"type":"LineString","coordinates":[[-106.3101,38.0039],[-106.3016,37.9993],[-106.298,37.9986],[-106.2978,37.9978]]},"properties":{"name":"San Juan Creek","display_name":"San Juan Creek","source_name":"San Juan Creek","state":"CO","atlas_class":"named_natural_stream_detail","huc8":"13010004","huc8Name":"Saguache","lineageKey":"rioGrande","lineage":"rioGrande","historic":"rioGrande","current":"rioGrande","recovery":"recoveryWatch","lineageLabel":"Rio Grande lineage","atlas_context":"cutthroat_lineage_context"}},{"type":"Feature","geometry":{"type":"LineString","coordinates":[[-106.2517,37.8626],[-106.2403,37.8666]]},"properties":{"name":"Mogotas Arroyo","display_name":"Mogotas Arroyo","source_name":"Mogotas Arroyo","state":"CO","atlas_class":"named_natural_stream_detail","huc8":"13010004","huc8Name":"Saguache","lineageKey":"rioGrande","lineage":"rioGrande","historic":"rioGrande","current":"rioGrande","recovery":"recoveryWatch","lineageLabel":"Rio Grande lineage","atlas_context":"cutthroat_lineage_context"}},{"type":"Feature","geometry":{"type":"LineString","coordinates":[[-106.3079,37.9261],[-106.305,37.9247]]},"properties":{"name":"Lime Creek","display_name":"Lime Creek","source_name":"Lime Creek","state":"CO","atlas_class":"named_natural_stream_detail","huc8":"13010004","huc8Name":"Saguache","lineageKey":"rioGrande","lineage":"rioGrande","historic":"rioGrande","current":"rioGrande","recovery":"recoveryWatch","lineageLabel":"Rio Grande lineage","atlas_context":"cutthroat_lineage_context"}},{"type":"Feature","geometry":{"type":"LineString","coordinates":[[-106.3558,37.8349],[-106.3548,37.8342]]},"properties":{"name":"La Garita Creek","display_name":"La Garita Creek","source_name":"La Garita Creek","state":"CO","atlas_class":"named_natural_stream_detail","huc8":"13010004","huc8Name":"Saguache","lineageKey":"rioGrande","lineage":"rioGrande","historic":"rioGrande","current":"rioGrande","recovery":"recoveryWatch","lineageLabel":"Rio Grande lineage","atlas_context":"cutthroat_lineage_context"}},{"type":"Feature","geometry":{"type":"LineString","coordinates":[[-106.3548,37.8342],[-106.3537,37.8337]]},"properties":{"name":"La Garita Creek","display_name":"La Garita Creek","source_name":"La Garita Creek","state":"CO","atlas_class":"named_natural_stream_detail","huc8":"13010004","huc8Name":"Saguache","lineageKey":"rioGrande","lineage":"rioGrande","historic":"rioGrande","current":"rioGrande","recovery":"recoveryWatch","lineageLabel":"Rio Grande lineage","atlas_context":"cutthroat_lineage_context"}},{"type":"Feature","geometry":{"type":"LineString","coordinates":[[-106.364,37.9898],[-106.3657,37.9865]]},"properties":{"name":"North Fork Carnero Creek","display_name":"North Fork Carnero Creek","source_name":"North Fork Carnero Creek","state":"CO","atlas_class":"named_natural_stream_detail","huc8":"13010004","huc8Name":"Saguache","lineageKey":"rioGrande","lineage":"rioGrande","historic":"rioGrande","current":"rioGrande","recovery":"recoveryWatch","lineageLabel":"Rio Grande lineage","atlas_context":"cutthroat_lineage_context"}},{"type":"Feature","geometry":{"type":"LineString","coordinates":[[-106.3644,37.995],[-106.3639,37.9929]]},"properties":{"name":"North Fork Carnero Creek","display_name":"North Fork Carnero Creek","source_name":"North Fork Carnero Creek","state":"CO","atlas_class":"named_natural_stream_detail","huc8":"13010004","huc8Name":"Saguache","lineageKey":"rioGrande","lineage":"rioGrande","historic":"rioGrande","current":"rioGrande","recovery":"recoveryWatch","lineageLabel":"Rio Grande lineage","atlas_context":"cutthroat_lineage_context"}},{"type":"Feature","geometry":{"type":"LineString","coordinates":[[-106.3025,37.8575],[-106.3019,37.8567],[-106.3002,37.8568],[-106.2996,37.8556]]},"properties":{"name":"Carnero Creek","display_name":"Carnero Creek","source_name":"Carnero Creek","state":"CO","atlas_class":"named_natural_stream_detail","huc8":"13010004","huc8Name":"Saguache","lineageKey":"rioGrande","lineage":"rioGrande","historic":"rioGrande","current":"rioGrande","recovery":"recoveryWatch","lineageLabel":"Rio Grande lineage","atlas_context":"cutthroat_lineage_context"}},{"type":"Feature","geometry":{"type":"LineString","coordinates":[[-106.3952,37.8546],[-106.3951,37.8545]]},"properties":{"name":"Little La Garita Creek","display_name":"Little La Garita Creek","source_name":"Little La Garita Creek","state":"CO","atlas_class":"named_natural_stream_detail","huc8":"13010004","huc8Name":"Saguache","lineageKey":"rioGrande","lineage":"rioGrande","historic":"rioGrande","current":"rioGrande","recovery":"recoveryWatch","lineageLabel":"Rio Grande lineage","atlas_context":"cutthroat_lineage_context"}},{"type":"Feature","geometry":{"type":"LineString","coordinates":[[-106.3936,37.8525],[-106.3933,37.8514]]},"properties":{"name":"Little La Garita Creek","display_name":"Little La Garita Creek","source_name":"Little La Garita Creek","state":"CO","atlas_class":"named_natural_stream_detail","huc8":"13010004","huc8Name":"Saguache","lineageKey":"rioGrande","lineage":"rioGrande","historic":"rioGrande","current":"rioGrande","recovery":"recoveryWatch","lineageLabel":"Rio Grande lineage","atlas_context":"cutthroat_lineage_context"}},{"type":"Feature","geometry":{"type":"LineString","coordinates":[[-106.3933,37.9052],[-106.3909,37.9044]]},"properties":{"name":"Carnero Creek","display_name":"Carnero Creek","source_name":"Carnero Creek","state":"CO","atlas_class":"named_natural_stream_detail","huc8":"13010004","huc8Name":"Saguache","lineageKey":"rioGrande","lineage":"rioGrande","historic":"rioGrande","current":"rioGrande","recovery":"recoveryWatch","lineageLabel":"Rio Grande lineage","atlas_context":"cutthroat_lineage_context"}},{"type":"Feature","geometry":{"type":"LineString","coordinates":[[-106.3889,37.955],[-106.3895,37.9535]]},"properties":{"name":"North Fork Carnero Creek","display_name":"North Fork Carnero Creek","source_name":"North Fork Carnero Creek","state":"CO","atlas_class":"named_natural_stream_detail","huc8":"13010004","huc8Name":"Saguache","lineageKey":"rioGrande","lineage":"rioGrande","historic":"rioGrande","current":"rioGrande","recovery":"recoveryWatch","lineageLabel":"Rio Grande lineage","atlas_context":"cutthroat_lineage_context"}},{"type":"Feature","geometry":{"type":"LineString","coordinates":[[-106.3909,37.9837],[-106.3907,37.9835]]},"properties":{"name":"Mann Creek","display_name":"Mann Creek","source_name":"Mann Creek","state":"CO","atlas_class":"named_natural_stream_detail","huc8":"13010004","huc8Name":"Saguache","lineageKey":"rioGrande","lineage":"rioGrande","historic":"rioGrande","current":"rioGrande","recovery":"recoveryWatch","lineageLabel":"Rio Grande lineage","atlas_context":"cutthroat_lineage_context"}},{"type":"Feature","geometry":{"type":"LineString","coordinates":[[-106.3848,37.9958],[-106.3854,37.9917]]},"properties":{"name":"Masauernez Creek","display_name":"Masauernez Creek","source_name":"Masauernez Creek","state":"CO","atlas_class":"named_natural_stream_detail","huc8":"13010004","huc8Name":"Saguache","lineageKey":"rioGrande","lineage":"rioGrande","historic":"rioGrande","current":"rioGrande","recovery":"recoveryWatch","lineageLabel":"Rio Grande lineage","atlas_context":"cutthroat_lineage_context"}},{"type":"Feature","geometry":{"type":"LineString","coordinates":[[-106.3481,37.8297],[-106.347,37.8275]]},"properties":{"name":"La Garita Creek","display_name":"La Garita Creek","source_name":"La Garita Creek","state":"CO","atlas_class":"named_natural_stream_detail","huc8":"13010004","huc8Name":"Saguache","lineageKey":"rioGrande","lineage":"rioGrande","historic":"rioGrande","current":"rioGrande","recovery":"recoveryWatch","lineageLabel":"Rio Grande lineage","atlas_context":"cutthroat_lineage_context"}},{"type":"Feature","geometry":{"type":"LineString","coordinates":[[-106.2837,37.8553],[-106.282,37.8551]]},"properties":{"name":"Carnero Creek","display_name":"Carnero Creek","source_name":"Carnero Creek","state":"CO","atlas_class":"named_natural_stream_detail","huc8":"13010004","huc8Name":"Saguache","lineageKey":"rioGrande","lineage":"rioGrande","historic":"rioGrande","current":"rioGrande","recovery":"recoveryWatch","lineageLabel":"Rio Grande lineage","atlas_context":"cutthroat_lineage_context"}},{"type":"Feature","geometry":{"type":"LineString","coordinates":[[-106.3275,37.8149],[-106.3204,37.8141],[-106.3195,37.8131],[-106.317,37.8137],[-106.3162,37.8128]]},"properties":{"name":"La Garita Creek","display_name":"La Garita Creek","source_name":"La Garita Creek","state":"CO","atlas_class":"named_natural_stream_detail","huc8":"13010004","huc8Name":"Saguache","lineageKey":"rioGrande","lineage":"rioGrande","historic":"rioGrande","current":"rioGrande","recovery":"recoveryWatch","lineageLabel":"Rio Grande lineage","atlas_context":"cutthroat_lineage_context"}},{"type":"Feature","geometry":{"type":"LineString","coordinates":[[-106.3888,37.9716],[-106.391,37.9685]]},"properties":{"name":"Mann Creek","display_name":"Mann Creek","source_name":"Mann Creek","state":"CO","atlas_class":"named_natural_stream_detail","huc8":"13010004","huc8Name":"Saguache","lineageKey":"rioGrande","lineage":"rioGrande","historic":"rioGrande","current":"rioGrande","recovery":"recoveryWatch","lineageLabel":"Rio Grande lineage","atlas_context":"cutthroat_lineage_context"}},{"type":"Feature","geometry":{"type":"LineString","coordinates":[[-106.3904,37.9795],[-106.3905,37.9792]]},"properties":{"name":"Mann Creek","display_name":"Mann Creek","source_name":"Mann Creek","state":"CO","atlas_class":"named_natural_stream_detail","huc8":"13010004","huc8Name":"Saguache","lineageKey":"rioGrande","lineage":"rioGrande","historic":"rioGrande","current":"rioGrande","recovery":"recoveryWatch","lineageLabel":"Rio Grande lineage","atlas_context":"cutthroat_lineage_context"}},{"type":"Feature","geometry":{"type":"LineString","coordinates":[[-106.3605,37.8359],[-106.3581,37.8353]]},"properties":{"name":"La Garita Creek","display_name":"La Garita Creek","source_name":"La Garita Creek","state":"CO","atlas_class":"named_natural_stream_detail","huc8":"13010004","huc8Name":"Saguache","lineageKey":"rioGrande","lineage":"rioGrande","historic":"rioGrande","current":"rioGrande","recovery":"recoveryWatch","lineageLabel":"Rio Grande lineage","atlas_context":"cutthroat_lineage_context"}},{"type":"Feature","geometry":{"type":"LineString","coordinates":[[-106.3115,37.8133],[-106.3105,37.8133]]},"properties":{"name":"La Garita Creek","display_name":"La Garita Creek","source_name":"La Garita Creek","state":"CO","atlas_class":"named_natural_stream_detail","huc8":"13010004","huc8Name":"Saguache","lineageKey":"rioGrande","lineage":"rioGrande","historic":"rioGrande","current":"rioGrande","recovery":"recoveryWatch","lineageLabel":"Rio Grande lineage","atlas_context":"cutthroat_lineage_context"}},{"type":"Feature","geometry":{"type":"LineString","coordinates":[[-106.305,37.9247],[-106.3037,37.9237]]},"properties":{"name":"Biedell Creek","display_name":"Biedell Creek","source_name":"Biedell Creek","state":"CO","atlas_class":"named_natural_stream_detail","huc8":"13010004","huc8Name":"Saguache","lineageKey":"rioGrande","lineage":"rioGrande","historic":"rioGrande","current":"rioGrande","recovery":"recoveryWatch","lineageLabel":"Rio Grande lineage","atlas_context":"cutthroat_lineage_context"}},{"type":"Feature","geometry":{"type":"LineString","coordinates":[[-106.3652,37.8763],[-106.362,37.8727]]},"properties":{"name":"Carnero Creek","display_name":"Carnero Creek","source_name":"Carnero Creek","state":"CO","atlas_class":"named_natural_stream_detail","huc8":"13010004","huc8Name":"Saguache","lineageKey":"rioGrande","lineage":"rioGrande","historic":"rioGrande","current":"rioGrande","recovery":"recoveryWatch","lineageLabel":"Rio Grande lineage","atlas_context":"cutthroat_lineage_context"}},{"type":"Feature","geometry":{"type":"LineString","coordinates":[[-106.355,37.9589],[-106.3618,37.9569]]},"properties":{"name":"Sawlog Creek","display_name":"Sawlog Creek","source_name":"Sawlog Creek","state":"CO","atlas_class":"named_natural_stream_detail","huc8":"13010004","huc8Name":"Saguache","lineageKey":"rioGrande","lineage":"rioGrande","historic":"rioGrande","current":"rioGrande","recovery":"recoveryWatch","lineageLabel":"Rio Grande lineage","atlas_context":"cutthroat_lineage_context"}},{"type":"Feature","geometry":{"type":"LineString","coordinates":[[-106.2938,37.8536],[-106.2926,37.8534]]},"properties":{"name":"Carnero Creek","display_name":"Carnero Creek","source_name":"Carnero Creek","state":"CO","atlas_class":"named_natural_stream_detail","huc8":"13010004","huc8Name":"Saguache","lineageKey":"rioGrande","lineage":"rioGrande","historic":"rioGrande","current":"rioGrande","recovery":"recoveryWatch","lineageLabel":"Rio Grande lineage","atlas_context":"cutthroat_lineage_context"}},{"type":"Feature","geometry":{"type":"LineString","coordinates":[[-106.3489,37.8301],[-106.3481,37.8297]]},"properties":{"name":"La Garita Creek","display_name":"La Garita Creek","source_name":"La Garita Creek","state":"CO","atlas_class":"named_natural_stream_detail","huc8":"13010004","huc8Name":"Saguache","lineageKey":"rioGrande","lineage":"rioGrande","historic":"rioGrande","current":"rioGrande","recovery":"recoveryWatch","lineageLabel":"Rio Grande lineage","atlas_context":"cutthroat_lineage_context"}},{"type":"Feature","geometry":{"type":"LineString","coordinates":[[-106.347,37.8275],[-106.3465,37.8273]]},"properties":{"name":"La Garita Creek","display_name":"La Garita Creek","source_name":"La Garita Creek","state":"CO","atlas_class":"named_natural_stream_detail","huc8":"13010004","huc8Name":"Saguache","lineageKey":"rioGrande","lineage":"rioGrande","historic":"rioGrande","current":"rioGrande","recovery":"recoveryWatch","lineageLabel":"Rio Grande lineage","atlas_context":"cutthroat_lineage_context"}},{"type":"Feature","geometry":{"type":"LineString","coordinates":[[-106.2766,37.8972],[-106.2735,37.8947]]},"properties":{"name":"Biedell Creek","display_name":"Biedell Creek","source_name":"Biedell Creek","state":"CO","atlas_class":"named_natural_stream_detail","huc8":"13010004","huc8Name":"Saguache","lineageKey":"rioGrande","lineage":"rioGrande","historic":"rioGrande","current":"rioGrande","recovery":"recoveryWatch","lineageLabel":"Rio Grande lineage","atlas_context":"cutthroat_lineage_context"}},{"type":"Feature","geometry":{"type":"LineString","coordinates":[[-106.3533,37.8338],[-106.3489,37.8301]]},"properties":{"name":"La Garita Creek","display_name":"La Garita Creek","source_name":"La Garita Creek","state":"CO","atlas_class":"named_natural_stream_detail","huc8":"13010004","huc8Name":"Saguache","lineageKey":"rioGrande","lineage":"rioGrande","historic":"rioGrande","current":"rioGrande","recovery":"recoveryWatch","lineageLabel":"Rio Grande lineage","atlas_context":"cutthroat_lineage_context"}},{"type":"Feature","geometry":{"type":"LineString","coordinates":[[-106.2394,37.8102],[-106.2306,37.8101]]},"properties":{"name":"La Garita Creek","display_name":"La Garita Creek","source_name":"La Garita Creek","state":"CO","atlas_class":"named_natural_stream_detail","huc8":"13010004","huc8Name":"Saguache","lineageKey":"rioGrande","lineage":"rioGrande","historic":"rioGrande","current":"rioGrande","recovery":"recoveryWatch","lineageLabel":"Rio Grande lineage","atlas_context":"cutthroat_lineage_context"}},{"type":"Feature","geometry":{"type":"LineString","coordinates":[[-106.2384,37.8896],[-106.2373,37.8896]]},"properties":{"name":"Biedell Creek","display_name":"Biedell Creek","source_name":"Biedell Creek","state":"CO","atlas_class":"named_natural_stream_detail","huc8":"13010004","huc8Name":"Saguache","lineageKey":"rioGrande","lineage":"rioGrande","historic":"rioGrande","current":"rioGrande","recovery":"recoveryWatch","lineageLabel":"Rio Grande lineage","atlas_context":"cutthroat_lineage_context"}},{"type":"Feature","geometry":{"type":"LineString","coordinates":[[-106.2634,37.8513],[-106.2496,37.8523],[-106.2461,37.8517],[-106.2414,37.8533],[-106.2384,37.8525],[-106.2244,37.8542]]},"properties":{"name":"Carnero Creek","display_name":"Carnero Creek","source_name":"Carnero Creek","state":"CO","atlas_class":"named_natural_stream_detail","huc8":"13010004","huc8Name":"Saguache","lineageKey":"rioGrande","lineage":"rioGrande","historic":"rioGrande","current":"rioGrande","recovery":"recoveryWatch","lineageLabel":"Rio Grande lineage","atlas_context":"cutthroat_lineage_context"}},{"type":"Feature","geometry":{"type":"LineString","coordinates":[[-106.2682,37.9766],[-106.2664,37.9742],[-106.2625,37.972]]},"properties":{"name":"San Juan Creek","display_name":"San Juan Creek","source_name":"San Juan Creek","state":"CO","atlas_class":"named_natural_stream_detail","huc8":"13010004","huc8Name":"Saguache","lineageKey":"rioGrande","lineage":"rioGrande","historic":"rioGrande","current":"rioGrande","recovery":"recoveryWatch","lineageLabel":"Rio Grande lineage","atlas_context":"cutthroat_lineage_context"}},{"type":"Feature","geometry":{"type":"LineString","coordinates":[[-106.2625,37.972],[-106.2613,37.9713]]},"properties":{"name":"San Juan Creek","display_name":"San Juan Creek","source_name":"San Juan Creek","state":"CO","atlas_class":"named_natural_stream_detail","huc8":"13010004","huc8Name":"Saguache","lineageKey":"rioGrande","lineage":"rioGrande","historic":"rioGrande","current":"rioGrande","recovery":"recoveryWatch","lineageLabel":"Rio Grande lineage","atlas_context":"cutthroat_lineage_context"}},{"type":"Feature","geometry":{"type":"LineString","coordinates":[[-106.3905,37.9108],[-106.3905,37.9106]]},"properties":{"name":"North Fork Carnero Creek","display_name":"North Fork Carnero Creek","source_name":"North Fork Carnero Creek","state":"CO","atlas_class":"named_natural_stream_detail","huc8":"13010004","huc8Name":"Saguache","lineageKey":"rioGrande","lineage":"rioGrande","historic":"rioGrande","current":"rioGrande","recovery":"recoveryWatch","lineageLabel":"Rio Grande lineage","atlas_context":"cutthroat_lineage_context"}},{"type":"Feature","geometry":{"type":"LineString","coordinates":[[-106.3904,37.9236],[-106.3911,37.9206]]},"properties":{"name":"North Fork Carnero Creek","display_name":"North Fork Carnero Creek","source_name":"North Fork Carnero Creek","state":"CO","atlas_class":"named_natural_stream_detail","huc8":"13010004","huc8Name":"Saguache","lineageKey":"rioGrande","lineage":"rioGrande","historic":"rioGrande","current":"rioGrande","recovery":"recoveryWatch","lineageLabel":"Rio Grande lineage","atlas_context":"cutthroat_lineage_context"}},{"type":"Feature","geometry":{"type":"LineString","coordinates":[[-106.2696,37.8917],[-106.2648,37.8879]]},"properties":{"name":"Biedell Creek","display_name":"Biedell Creek","source_name":"Biedell Creek","state":"CO","atlas_class":"named_natural_stream_detail","huc8":"13010004","huc8Name":"Saguache","lineageKey":"rioGrande","lineage":"rioGrande","historic":"rioGrande","current":"rioGrande","recovery":"recoveryWatch","lineageLabel":"Rio Grande lineage","atlas_context":"cutthroat_lineage_context"}},{"type":"Feature","geometry":{"type":"LineString","coordinates":[[-106.2709,37.9556],[-106.2692,37.9537]]},"properties":{"name":"Cottonwood Creek","display_name":"Cottonwood Creek","source_name":"Cottonwood Creek","state":"CO","atlas_class":"named_natural_stream_detail","huc8":"13010004","huc8Name":"Saguache","lineageKey":"rioGrande","lineage":"rioGrande","historic":"rioGrande","current":"rioGrande","recovery":"recoveryWatch","lineageLabel":"Rio Grande lineage","atlas_context":"cutthroat_lineage_context"}},{"type":"Feature","geometry":{"type":"LineString","coordinates":[[-106.3945,37.8534],[-106.3936,37.8525]]},"properties":{"name":"Little La Garita Creek","display_name":"Little La Garita Creek","source_name":"Little La Garita Creek","state":"CO","atlas_class":"named_natural_stream_detail","huc8":"13010004","huc8Name":"Saguache","lineageKey":"rioGrande","lineage":"rioGrande","historic":"rioGrande","current":"rioGrande","recovery":"recoveryWatch","lineageLabel":"Rio Grande lineage","atlas_context":"cutthroat_lineage_context"}},{"type":"Feature","geometry":{"type":"LineString","coordinates":[[-106.3902,37.9789],[-106.3896,37.9773]]},"properties":{"name":"Mann Creek","display_name":"Mann Creek","source_name":"Mann Creek","state":"CO","atlas_class":"named_natural_stream_detail","huc8":"13010004","huc8Name":"Saguache","lineageKey":"rioGrande","lineage":"rioGrande","historic":"rioGrande","current":"rioGrande","recovery":"recoveryWatch","lineageLabel":"Rio Grande lineage","atlas_context":"cutthroat_lineage_context"}},{"type":"Feature","geometry":{"type":"LineString","coordinates":[[-106.3923,37.85],[-106.3919,37.8495]]},"properties":{"name":"Little La Garita Creek","display_name":"Little La Garita Creek","source_name":"Little La Garita Creek","state":"CO","atlas_class":"named_natural_stream_detail","huc8":"13010004","huc8Name":"Saguache","lineageKey":"rioGrande","lineage":"rioGrande","historic":"rioGrande","current":"rioGrande","recovery":"recoveryWatch","lineageLabel":"Rio Grande lineage","atlas_context":"cutthroat_lineage_context"}},{"type":"Feature","geometry":{"type":"LineString","coordinates":[[-106.2447,37.952],[-106.2408,37.9503],[-106.2368,37.9471]]},"properties":{"name":"Little Cottonwood Creek","display_name":"Little Cottonwood Creek","source_name":"Little Cottonwood Creek","state":"CO","atlas_class":"named_natural_stream_detail","huc8":"13010004","huc8Name":"Saguache","lineageKey":"rioGrande","lineage":"rioGrande","historic":"rioGrande","current":"rioGrande","recovery":"recoveryWatch","lineageLabel":"Rio Grande lineage","atlas_context":"cutthroat_lineage_context"}},{"type":"Feature","geometry":{"type":"LineString","coordinates":[[-106.3781,37.8415],[-106.3734,37.8379]]},"properties":{"name":"Little La Garita Creek","display_name":"Little La Garita Creek","source_name":"Little La Garita Creek","state":"CO","atlas_class":"named_natural_stream_detail","huc8":"13010004","huc8Name":"Saguache","lineageKey":"rioGrande","lineage":"rioGrande","historic":"rioGrande","current":"rioGrande","recovery":"recoveryWatch","lineageLabel":"Rio Grande lineage","atlas_context":"cutthroat_lineage_context"}},{"type":"Feature","geometry":{"type":"LineString","coordinates":[[-106.3831,37.8929],[-106.3825,37.8924]]},"properties":{"name":"Carnero Creek","display_name":"Carnero Creek","source_name":"Carnero Creek","state":"CO","atlas_class":"named_natural_stream_detail","huc8":"13010004","huc8Name":"Saguache","lineageKey":"rioGrande","lineage":"rioGrande","historic":"rioGrande","current":"rioGrande","recovery":"recoveryWatch","lineageLabel":"Rio Grande lineage","atlas_context":"cutthroat_lineage_context"}},{"type":"Feature","geometry":{"type":"LineString","coordinates":[[-106.391,37.9452],[-106.391,37.9451]]},"properties":{"name":"North Fork Carnero Creek","display_name":"North Fork Carnero Creek","source_name":"North Fork Carnero Creek","state":"CO","atlas_class":"named_natural_stream_detail","huc8":"13010004","huc8Name":"Saguache","lineageKey":"rioGrande","lineage":"rioGrande","historic":"rioGrande","current":"rioGrande","recovery":"recoveryWatch","lineageLabel":"Rio Grande lineage","atlas_context":"cutthroat_lineage_context"}},{"type":"Feature","geometry":{"type":"LineString","coordinates":[[-106.391,37.9194],[-106.3909,37.9156]]},"properties":{"name":"North Fork Carnero Creek","display_name":"North Fork Carnero Creek","source_name":"North Fork Carnero Creek","state":"CO","atlas_class":"named_natural_stream_detail","huc8":"13010004","huc8Name":"Saguache","lineageKey":"rioGrande","lineage":"rioGrande","historic":"rioGrande","current":"rioGrande","recovery":"recoveryWatch","lineageLabel":"Rio Grande lineage","atlas_context":"cutthroat_lineage_context"}},{"type":"Feature","geometry":{"type":"LineString","coordinates":[[-106.2996,37.8556],[-106.2947,37.8543]]},"properties":{"name":"Carnero Creek","display_name":"Carnero Creek","source_name":"Carnero Creek","state":"CO","atlas_class":"named_natural_stream_detail","huc8":"13010004","huc8Name":"Saguache","lineageKey":"rioGrande","lineage":"rioGrande","historic":"rioGrande","current":"rioGrande","recovery":"recoveryWatch","lineageLabel":"Rio Grande lineage","atlas_context":"cutthroat_lineage_context"}},{"type":"Feature","geometry":{"type":"LineString","coordinates":[[-106.3075,37.9347],[-106.3064,37.9326],[-106.305,37.9247]]},"properties":{"name":"Biedell Creek","display_name":"Biedell Creek","source_name":"Biedell Creek","state":"CO","atlas_class":"named_natural_stream_detail","huc8":"13010004","huc8Name":"Saguache","lineageKey":"rioGrande","lineage":"rioGrande","historic":"rioGrande","current":"rioGrande","recovery":"recoveryWatch","lineageLabel":"Rio Grande lineage","atlas_context":"cutthroat_lineage_context"}},{"type":"Feature","geometry":{"type":"LineString","coordinates":[[-106.2101,37.963],[-106.2027,37.9642],[-106.1918,37.9621]]},"properties":{"name":"San Juan Creek","display_name":"San Juan Creek","source_name":"San Juan Creek","state":"CO","atlas_class":"named_natural_stream_detail","huc8":"13010004","huc8Name":"Saguache","lineageKey":"rioGrande","lineage":"rioGrande","historic":"rioGrande","current":"rioGrande","recovery":"recoveryWatch","lineageLabel":"Rio Grande lineage","atlas_context":"cutthroat_lineage_context"}},{"type":"Feature","geometry":{"type":"LineString","coordinates":[[-106.3963,37.8698],[-106.3948,37.8695]]},"properties":{"name":"Castor Creek","display_name":"Castor Creek","source_name":"Castor Creek","state":"CO","atlas_class":"named_natural_stream_detail","huc8":"13010004","huc8Name":"Saguache","lineageKey":"rioGrande","lineage":"rioGrande","historic":"rioGrande","current":"rioGrande","recovery":"recoveryWatch","lineageLabel":"Rio Grande lineage","atlas_context":"cutthroat_lineage_context"}},{"type":"Feature","geometry":{"type":"LineString","coordinates":[[-106.3896,37.932],[-106.3898,37.9303]]},"properties":{"name":"North Fork Carnero Creek","display_name":"North Fork Carnero Creek","source_name":"North Fork Carnero Creek","state":"CO","atlas_class":"named_natural_stream_detail","huc8":"13010004","huc8Name":"Saguache","lineageKey":"rioGrande","lineage":"rioGrande","historic":"rioGrande","current":"rioGrande","recovery":"recoveryWatch","lineageLabel":"Rio Grande lineage","atlas_context":"cutthroat_lineage_context"}},{"type":"Feature","geometry":{"type":"LineString","coordinates":[[-106.2896,37.9155],[-106.2891,37.9147]]},"properties":{"name":"Biedell Creek","display_name":"Biedell Creek","source_name":"Biedell Creek","state":"CO","atlas_class":"named_natural_stream_detail","huc8":"13010004","huc8Name":"Saguache","lineageKey":"rioGrande","lineage":"rioGrande","historic":"rioGrande","current":"rioGrande","recovery":"recoveryWatch","lineageLabel":"Rio Grande lineage","atlas_context":"cutthroat_lineage_context"}},{"type":"Feature","geometry":{"type":"LineString","coordinates":[[-106.3952,37.8405],[-106.3949,37.8405]]},"properties":{"name":"La Garita Creek","display_name":"La Garita Creek","source_name":"La Garita Creek","state":"CO","atlas_class":"named_natural_stream_detail","huc8":"13010004","huc8Name":"Saguache","lineageKey":"rioGrande","lineage":"rioGrande","historic":"rioGrande","current":"rioGrande","recovery":"recoveryWatch","lineageLabel":"Rio Grande lineage","atlas_context":"cutthroat_lineage_context"}},{"type":"Feature","geometry":{"type":"LineString","coordinates":[[-106.3618,37.8355],[-106.3605,37.8359]]},"properties":{"name":"La Garita Creek","display_name":"La Garita Creek","source_name":"La Garita Creek","state":"CO","atlas_class":"named_natural_stream_detail","huc8":"13010004","huc8Name":"Saguache","lineageKey":"rioGrande","lineage":"rioGrande","historic":"rioGrande","current":"rioGrande","recovery":"recoveryWatch","lineageLabel":"Rio Grande lineage","atlas_context":"cutthroat_lineage_context"}},{"type":"Feature","geometry":{"type":"LineString","coordinates":[[-106.3618,37.9569],[-106.3633,37.956]]},"properties":{"name":"Sawlog Creek","display_name":"Sawlog Creek","source_name":"Sawlog Creek","state":"CO","atlas_class":"named_natural_stream_detail","huc8":"13010004","huc8Name":"Saguache","lineageKey":"rioGrande","lineage":"rioGrande","historic":"rioGrande","current":"rioGrande","recovery":"recoveryWatch","lineageLabel":"Rio Grande lineage","atlas_context":"cutthroat_lineage_context"}},{"type":"Feature","geometry":{"type":"LineString","coordinates":[[-106.3725,37.838],[-106.3698,37.8376]]},"properties":{"name":"La Garita Creek","display_name":"La Garita Creek","source_name":"La Garita Creek","state":"CO","atlas_class":"named_natural_stream_detail","huc8":"13010004","huc8Name":"Saguache","lineageKey":"rioGrande","lineage":"rioGrande","historic":"rioGrande","current":"rioGrande","recovery":"recoveryWatch","lineageLabel":"Rio Grande lineage","atlas_context":"cutthroat_lineage_context"}},{"type":"Feature","geometry":{"type":"LineString","coordinates":[[-106.2897,37.9641],[-106.2829,37.9632]]},"properties":{"name":"Cottonwood Creek","display_name":"Cottonwood Creek","source_name":"Cottonwood Creek","state":"CO","atlas_class":"named_natural_stream_detail","huc8":"13010004","huc8Name":"Saguache","lineageKey":"rioGrande","lineage":"rioGrande","historic":"rioGrande","current":"rioGrande","recovery":"recoveryWatch","lineageLabel":"Rio Grande lineage","atlas_context":"cutthroat_lineage_context"}},{"type":"Feature","geometry":{"type":"LineString","coordinates":[[-106.2832,37.9875],[-106.2749,37.9841]]},"properties":{"name":"San Juan Creek","display_name":"San Juan Creek","source_name":"San Juan Creek","state":"CO","atlas_class":"named_natural_stream_detail","huc8":"13010004","huc8Name":"Saguache","lineageKey":"rioGrande","lineage":"rioGrande","historic":"rioGrande","current":"rioGrande","recovery":"recoveryWatch","lineageLabel":"Rio Grande lineage","atlas_context":"cutthroat_lineage_context"}},{"type":"Feature","geometry":{"type":"LineString","coordinates":[[-106.3581,37.8353],[-106.3558,37.8349]]},"properties":{"name":"La Garita Creek","display_name":"La Garita Creek","source_name":"La Garita Creek","state":"CO","atlas_class":"named_natural_stream_detail","huc8":"13010004","huc8Name":"Saguache","lineageKey":"rioGrande","lineage":"rioGrande","historic":"rioGrande","current":"rioGrande","recovery":"recoveryWatch","lineageLabel":"Rio Grande lineage","atlas_context":"cutthroat_lineage_context"}},{"type":"Feature","geometry":{"type":"LineString","coordinates":[[-106.3965,37.8554],[-106.3952,37.8546]]},"properties":{"name":"Little La Garita Creek","display_name":"Little La Garita Creek","source_name":"Little La Garita Creek","state":"CO","atlas_class":"named_natural_stream_detail","huc8":"13010004","huc8Name":"Saguache","lineageKey":"rioGrande","lineage":"rioGrande","historic":"rioGrande","current":"rioGrande","recovery":"recoveryWatch","lineageLabel":"Rio Grande lineage","atlas_context":"cutthroat_lineage_context"}},{"type":"Feature","geometry":{"type":"LineString","coordinates":[[-106.3898,37.9324],[-106.3896,37.932]]},"properties":{"name":"North Fork Carnero Creek","display_name":"North Fork Carnero Creek","source_name":"North Fork Carnero Creek","state":"CO","atlas_class":"named_natural_stream_detail","huc8":"13010004","huc8Name":"Saguache","lineageKey":"rioGrande","lineage":"rioGrande","historic":"rioGrande","current":"rioGrande","recovery":"recoveryWatch","lineageLabel":"Rio Grande lineage","atlas_context":"cutthroat_lineage_context"}},{"type":"Feature","geometry":{"type":"LineString","coordinates":[[-106.3891,37.9744],[-106.3881,37.9733]]},"properties":{"name":"Mann Creek","display_name":"Mann Creek","source_name":"Mann Creek","state":"CO","atlas_class":"named_natural_stream_detail","huc8":"13010004","huc8Name":"Saguache","lineageKey":"rioGrande","lineage":"rioGrande","historic":"rioGrande","current":"rioGrande","recovery":"recoveryWatch","lineageLabel":"Rio Grande lineage","atlas_context":"cutthroat_lineage_context"}},{"type":"Feature","geometry":{"type":"LineString","coordinates":[[-106.3895,37.9535],[-106.3907,37.9519]]},"properties":{"name":"North Fork Carnero Creek","display_name":"North Fork Carnero Creek","source_name":"North Fork Carnero Creek","state":"CO","atlas_class":"named_natural_stream_detail","huc8":"13010004","huc8Name":"Saguache","lineageKey":"rioGrande","lineage":"rioGrande","historic":"rioGrande","current":"rioGrande","recovery":"recoveryWatch","lineageLabel":"Rio Grande lineage","atlas_context":"cutthroat_lineage_context"}},{"type":"Feature","geometry":{"type":"LineString","coordinates":[[-106.3908,37.9668],[-106.3901,37.9657]]},"properties":{"name":"Mann Creek","display_name":"Mann Creek","source_name":"Mann Creek","state":"CO","atlas_class":"named_natural_stream_detail","huc8":"13010004","huc8Name":"Saguache","lineageKey":"rioGrande","lineage":"rioGrande","historic":"rioGrande","current":"rioGrande","recovery":"recoveryWatch","lineageLabel":"Rio Grande lineage","atlas_context":"cutthroat_lineage_context"}},{"type":"Feature","geometry":{"type":"LineString","coordinates":[[-106.2947,37.8543],[-106.2938,37.8536]]},"properties":{"name":"Carnero Creek","display_name":"Carnero Creek","source_name":"Carnero Creek","state":"CO","atlas_class":"named_natural_stream_detail","huc8":"13010004","huc8Name":"Saguache","lineageKey":"rioGrande","lineage":"rioGrande","historic":"rioGrande","current":"rioGrande","recovery":"recoveryWatch","lineageLabel":"Rio Grande lineage","atlas_context":"cutthroat_lineage_context"}},{"type":"Feature","geometry":{"type":"LineString","coordinates":[[-106.3215,37.9802],[-106.3214,37.98]]},"properties":{"name":"Cottonwood Creek","display_name":"Cottonwood Creek","source_name":"Cottonwood Creek","state":"CO","atlas_class":"named_natural_stream_detail","huc8":"13010004","huc8Name":"Saguache","lineageKey":"rioGrande","lineage":"rioGrande","historic":"rioGrande","current":"rioGrande","recovery":"recoveryWatch","lineageLabel":"Rio Grande lineage","atlas_context":"cutthroat_lineage_context"}},{"type":"Feature","geometry":{"type":"LineString","coordinates":[[-106.3453,37.8265],[-106.3447,37.8264]]},"properties":{"name":"La Garita Creek","display_name":"La Garita Creek","source_name":"La Garita Creek","state":"CO","atlas_class":"named_natural_stream_detail","huc8":"13010004","huc8Name":"Saguache","lineageKey":"rioGrande","lineage":"rioGrande","historic":"rioGrande","current":"rioGrande","recovery":"recoveryWatch","lineageLabel":"Rio Grande lineage","atlas_context":"cutthroat_lineage_context"}},{"type":"Feature","geometry":{"type":"LineString","coordinates":[[-106.3687,37.8379],[-106.3681,37.8382]]},"properties":{"name":"La Garita Creek","display_name":"La Garita Creek","source_name":"La Garita Creek","state":"CO","atlas_class":"named_natural_stream_detail","huc8":"13010004","huc8Name":"Saguache","lineageKey":"rioGrande","lineage":"rioGrande","historic":"rioGrande","current":"rioGrande","recovery":"recoveryWatch","lineageLabel":"Rio Grande lineage","atlas_context":"cutthroat_lineage_context"}},{"type":"Feature","geometry":{"type":"LineString","coordinates":[[-106.3086,37.9266],[-106.3079,37.9261]]},"properties":{"name":"Lime Creek","display_name":"Lime Creek","source_name":"Lime Creek","state":"CO","atlas_class":"named_natural_stream_detail","huc8":"13010004","huc8Name":"Saguache","lineageKey":"rioGrande","lineage":"rioGrande","historic":"rioGrande","current":"rioGrande","recovery":"recoveryWatch","lineageLabel":"Rio Grande lineage","atlas_context":"cutthroat_lineage_context"}},{"type":"Feature","geometry":{"type":"LineString","coordinates":[[-106.3648,37.8375],[-106.3618,37.8355]]},"properties":{"name":"La Garita Creek","display_name":"La Garita Creek","source_name":"La Garita Creek","state":"CO","atlas_class":"named_natural_stream_detail","huc8":"13010004","huc8Name":"Saguache","lineageKey":"rioGrande","lineage":"rioGrande","historic":"rioGrande","current":"rioGrande","recovery":"recoveryWatch","lineageLabel":"Rio Grande lineage","atlas_context":"cutthroat_lineage_context"}},{"type":"Feature","geometry":{"type":"LineString","coordinates":[[-106.2684,37.8547],[-106.267,37.8552]]},"properties":{"name":"Mogotas Arroyo","display_name":"Mogotas Arroyo","source_name":"Mogotas Arroyo","state":"CO","atlas_class":"named_natural_stream_detail","huc8":"13010004","huc8Name":"Saguache","lineageKey":"rioGrande","lineage":"rioGrande","historic":"rioGrande","current":"rioGrande","recovery":"recoveryWatch","lineageLabel":"Rio Grande lineage","atlas_context":"cutthroat_lineage_context"}},{"type":"Feature","geometry":{"type":"LineString","coordinates":[[-106.327,37.9952],[-106.3282,37.9983],[-106.3358,38.0077],[-106.3373,38.0137]]},"properties":{"name":"Mill Creek","display_name":"Mill Creek","source_name":"Mill Creek","state":"CO","atlas_class":"named_natural_stream_detail","huc8":"13010004","huc8Name":"Saguache","lineageKey":"rioGrande","lineage":"rioGrande","historic":"rioGrande","current":"rioGrande","recovery":"recoveryWatch","lineageLabel":"Rio Grande lineage","atlas_context":"cutthroat_lineage_context"}},{"type":"Feature","geometry":{"type":"LineString","coordinates":[[-106.362,37.8727],[-106.3612,37.8724]]},"properties":{"name":"Carnero Creek","display_name":"Carnero Creek","source_name":"Carnero Creek","state":"CO","atlas_class":"named_natural_stream_detail","huc8":"13010004","huc8Name":"Saguache","lineageKey":"rioGrande","lineage":"rioGrande","historic":"rioGrande","current":"rioGrande","recovery":"recoveryWatch","lineageLabel":"Rio Grande lineage","atlas_context":"cutthroat_lineage_context"}},{"type":"Feature","geometry":{"type":"LineString","coordinates":[[-106.2452,37.8884],[-106.2415,37.8902],[-106.2384,37.8896]]},"properties":{"name":"Biedell Creek","display_name":"Biedell Creek","source_name":"Biedell Creek","state":"CO","atlas_class":"named_natural_stream_detail","huc8":"13010004","huc8Name":"Saguache","lineageKey":"rioGrande","lineage":"rioGrande","historic":"rioGrande","current":"rioGrande","recovery":"recoveryWatch","lineageLabel":"Rio Grande lineage","atlas_context":"cutthroat_lineage_context"}},{"type":"Feature","geometry":{"type":"LineString","coordinates":[[-106.3951,37.8545],[-106.3945,37.8534]]},"properties":{"name":"Little La Garita Creek","display_name":"Little La Garita Creek","source_name":"Little La Garita Creek","state":"CO","atlas_class":"named_natural_stream_detail","huc8":"13010004","huc8Name":"Saguache","lineageKey":"rioGrande","lineage":"rioGrande","historic":"rioGrande","current":"rioGrande","recovery":"recoveryWatch","lineageLabel":"Rio Grande lineage","atlas_context":"cutthroat_lineage_context"}},{"type":"Feature","geometry":{"type":"LineString","coordinates":[[-106.3286,37.9317],[-106.3267,37.9312]]},"properties":{"name":"Lime Creek","display_name":"Lime Creek","source_name":"Lime Creek","state":"CO","atlas_class":"named_natural_stream_detail","huc8":"13010004","huc8Name":"Saguache","lineageKey":"rioGrande","lineage":"rioGrande","historic":"rioGrande","current":"rioGrande","recovery":"recoveryWatch","lineageLabel":"Rio Grande lineage","atlas_context":"cutthroat_lineage_context"}},{"type":"Feature","geometry":{"type":"LineString","coordinates":[[-106.3267,37.9312],[-106.3199,37.9293],[-106.3179,37.9298],[-106.3166,37.9284]]},"properties":{"name":"Lime Creek","display_name":"Lime Creek","source_name":"Lime Creek","state":"CO","atlas_class":"named_natural_stream_detail","huc8":"13010004","huc8Name":"Saguache","lineageKey":"rioGrande","lineage":"rioGrande","historic":"rioGrande","current":"rioGrande","recovery":"recoveryWatch","lineageLabel":"Rio Grande lineage","atlas_context":"cutthroat_lineage_context"}},{"type":"Feature","geometry":{"type":"LineString","coordinates":[[-106.4007,37.9907],[-106.3969,37.9907]]},"properties":{"name":"Mann Creek","display_name":"Mann Creek","source_name":"Mann Creek","state":"CO","atlas_class":"named_natural_stream_detail","huc8":"13010004","huc8Name":"Saguache","lineageKey":"rioGrande","lineage":"rioGrande","historic":"rioGrande","current":"rioGrande","recovery":"recoveryWatch","lineageLabel":"Rio Grande lineage","atlas_context":"cutthroat_lineage_context"}},{"type":"Feature","geometry":{"type":"LineString","coordinates":[[-106.2847,37.9033],[-106.2836,37.902]]},"properties":{"name":"Biedell Creek","display_name":"Biedell Creek","source_name":"Biedell Creek","state":"CO","atlas_class":"named_natural_stream_detail","huc8":"13010004","huc8Name":"Saguache","lineageKey":"rioGrande","lineage":"rioGrande","historic":"rioGrande","current":"rioGrande","recovery":"recoveryWatch","lineageLabel":"Rio Grande lineage","atlas_context":"cutthroat_lineage_context"}},{"type":"Feature","geometry":{"type":"LineString","coordinates":[[-106.2749,37.9841],[-106.2689,37.9787]]},"properties":{"name":"San Juan Creek","display_name":"San Juan Creek","source_name":"San Juan Creek","state":"CO","atlas_class":"named_natural_stream_detail","huc8":"13010004","huc8Name":"Saguache","lineageKey":"rioGrande","lineage":"rioGrande","historic":"rioGrande","current":"rioGrande","recovery":"recoveryWatch","lineageLabel":"Rio Grande lineage","atlas_context":"cutthroat_lineage_context"}},{"type":"Feature","geometry":{"type":"LineString","coordinates":[[-106.2101,37.8785],[-106.2081,37.8787]]},"properties":{"name":"Mogotas Arroyo","display_name":"Mogotas Arroyo","source_name":"Mogotas Arroyo","state":"CO","atlas_class":"named_natural_stream_detail","huc8":"13010004","huc8Name":"Saguache","lineageKey":"rioGrande","lineage":"rioGrande","historic":"rioGrande","current":"rioGrande","recovery":"recoveryWatch","lineageLabel":"Rio Grande lineage","atlas_context":"cutthroat_lineage_context"}},{"type":"Feature","geometry":{"type":"LineString","coordinates":[[-106.3106,37.9381],[-106.3075,37.9347]]},"properties":{"name":"Biedell Creek","display_name":"Biedell Creek","source_name":"Biedell Creek","state":"CO","atlas_class":"named_natural_stream_detail","huc8":"13010004","huc8Name":"Saguache","lineageKey":"rioGrande","lineage":"rioGrande","historic":"rioGrande","current":"rioGrande","recovery":"recoveryWatch","lineageLabel":"Rio Grande lineage","atlas_context":"cutthroat_lineage_context"}},{"type":"Feature","geometry":{"type":"LineString","coordinates":[[-106.2683,37.9774],[-106.2682,37.9766]]},"properties":{"name":"San Juan Creek","display_name":"San Juan Creek","source_name":"San Juan Creek","state":"CO","atlas_class":"named_natural_stream_detail","huc8":"13010004","huc8Name":"Saguache","lineageKey":"rioGrande","lineage":"rioGrande","historic":"rioGrande","current":"rioGrande","recovery":"recoveryWatch","lineageLabel":"Rio Grande lineage","atlas_context":"cutthroat_lineage_context"}},{"type":"Feature","geometry":{"type":"LineString","coordinates":[[-106.3037,37.9237],[-106.302,37.9223]]},"properties":{"name":"Biedell Creek","display_name":"Biedell Creek","source_name":"Biedell Creek","state":"CO","atlas_class":"named_natural_stream_detail","huc8":"13010004","huc8Name":"Saguache","lineageKey":"rioGrande","lineage":"rioGrande","historic":"rioGrande","current":"rioGrande","recovery":"recoveryWatch","lineageLabel":"Rio Grande lineage","atlas_context":"cutthroat_lineage_context"}},{"type":"Feature","geometry":{"type":"LineString","coordinates":[[-106.3335,37.8193],[-106.3325,37.818],[-106.3315,37.8181]]},"properties":{"name":"La Garita Creek","display_name":"La Garita Creek","source_name":"La Garita Creek","state":"CO","atlas_class":"named_natural_stream_detail","huc8":"13010004","huc8Name":"Saguache","lineageKey":"rioGrande","lineage":"rioGrande","historic":"rioGrande","current":"rioGrande","recovery":"recoveryWatch","lineageLabel":"Rio Grande lineage","atlas_context":"cutthroat_lineage_context"}},{"type":"Feature","geometry":{"type":"LineString","coordinates":[[-106.3228,37.9566],[-106.3213,37.9563]]},"properties":{"name":"Biedell Creek","display_name":"Biedell Creek","source_name":"Biedell Creek","state":"CO","atlas_class":"named_natural_stream_detail","huc8":"13010004","huc8Name":"Saguache","lineageKey":"rioGrande","lineage":"rioGrande","historic":"rioGrande","current":"rioGrande","recovery":"recoveryWatch","lineageLabel":"Rio Grande lineage","atlas_context":"cutthroat_lineage_context"}},{"type":"Feature","geometry":{"type":"LineString","coordinates":[[-106.3786,37.8649],[-106.3771,37.8637]]},"properties":{"name":"Castor Creek","display_name":"Castor Creek","source_name":"Castor Creek","state":"CO","atlas_class":"named_natural_stream_detail","huc8":"13010004","huc8Name":"Saguache","lineageKey":"rioGrande","lineage":"rioGrande","historic":"rioGrande","current":"rioGrande","recovery":"recoveryWatch","lineageLabel":"Rio Grande lineage","atlas_context":"cutthroat_lineage_context"}},{"type":"Feature","geometry":{"type":"LineString","coordinates":[[-106.2552,37.9617],[-106.2544,37.9612]]},"properties":{"name":"Little Cottonwood Creek","display_name":"Little Cottonwood Creek","source_name":"Little Cottonwood Creek","state":"CO","atlas_class":"named_natural_stream_detail","huc8":"13010004","huc8Name":"Saguache","lineageKey":"rioGrande","lineage":"rioGrande","historic":"rioGrande","current":"rioGrande","recovery":"recoveryWatch","lineageLabel":"Rio Grande lineage","atlas_context":"cutthroat_lineage_context"}},{"type":"Feature","geometry":{"type":"LineString","coordinates":[[-106.3377,37.8216],[-106.3379,37.821],[-106.335,37.8202]]},"properties":{"name":"La Garita Creek","display_name":"La Garita Creek","source_name":"La Garita Creek","state":"CO","atlas_class":"named_natural_stream_detail","huc8":"13010004","huc8Name":"Saguache","lineageKey":"rioGrande","lineage":"rioGrande","historic":"rioGrande","current":"rioGrande","recovery":"recoveryWatch","lineageLabel":"Rio Grande lineage","atlas_context":"cutthroat_lineage_context"}},{"type":"Feature","geometry":{"type":"LineString","coordinates":[[-106.3806,37.9453],[-106.381,37.9447]]},"properties":{"name":"Sawlog Creek","display_name":"Sawlog Creek","source_name":"Sawlog Creek","state":"CO","atlas_class":"named_natural_stream_detail","huc8":"13010004","huc8Name":"Saguache","lineageKey":"rioGrande","lineage":"rioGrande","historic":"rioGrande","current":"rioGrande","recovery":"recoveryWatch","lineageLabel":"Rio Grande lineage","atlas_context":"cutthroat_lineage_context"}},{"type":"Feature","geometry":{"type":"LineString","coordinates":[[-106.3888,37.9866],[-106.3907,37.9835]]},"properties":{"name":"Masauernez Creek","display_name":"Masauernez Creek","source_name":"Masauernez Creek","state":"CO","atlas_class":"named_natural_stream_detail","huc8":"13010004","huc8Name":"Saguache","lineageKey":"rioGrande","lineage":"rioGrande","historic":"rioGrande","current":"rioGrande","recovery":"recoveryWatch","lineageLabel":"Rio Grande lineage","atlas_context":"cutthroat_lineage_context"}},{"type":"Feature","geometry":{"type":"LineString","coordinates":[[-106.2476,37.9471],[-106.2405,37.9465],[-106.2368,37.9471]]},"properties":{"name":"Cottonwood Creek","display_name":"Cottonwood Creek","source_name":"Cottonwood Creek","state":"CO","atlas_class":"named_natural_stream_detail","huc8":"13010004","huc8Name":"Saguache","lineageKey":"rioGrande","lineage":"rioGrande","historic":"rioGrande","current":"rioGrande","recovery":"recoveryWatch","lineageLabel":"Rio Grande lineage","atlas_context":"cutthroat_lineage_context"}},{"type":"Feature","geometry":{"type":"LineString","coordinates":[[-106.3347,37.8201],[-106.3335,37.8193]]},"properties":{"name":"La Garita Creek","display_name":"La Garita Creek","source_name":"La Garita Creek","state":"CO","atlas_class":"named_natural_stream_detail","huc8":"13010004","huc8Name":"Saguache","lineageKey":"rioGrande","lineage":"rioGrande","historic":"rioGrande","current":"rioGrande","recovery":"recoveryWatch","lineageLabel":"Rio Grande lineage","atlas_context":"cutthroat_lineage_context"}},{"type":"Feature","geometry":{"type":"LineString","coordinates":[[-106.3885,37.8466],[-106.3856,37.8446]]},"properties":{"name":"Little La Garita Creek","display_name":"Little La Garita Creek","source_name":"Little La Garita Creek","state":"CO","atlas_class":"named_natural_stream_detail","huc8":"13010004","huc8Name":"Saguache","lineageKey":"rioGrande","lineage":"rioGrande","historic":"rioGrande","current":"rioGrande","recovery":"recoveryWatch","lineageLabel":"Rio Grande lineage","atlas_context":"cutthroat_lineage_context"}},{"type":"Feature","geometry":{"type":"LineString","coordinates":[[-106.2082,37.8541],[-106.2066,37.8549],[-106.2027,37.8547]]},"properties":{"name":"Carnero Creek","display_name":"Carnero Creek","source_name":"Carnero Creek","state":"CO","atlas_class":"named_natural_stream_detail","huc8":"13010004","huc8Name":"Saguache","lineageKey":"rioGrande","lineage":"rioGrande","historic":"rioGrande","current":"rioGrande","recovery":"recoveryWatch","lineageLabel":"Rio Grande lineage","atlas_context":"cutthroat_lineage_context"}},{"type":"Feature","geometry":{"type":"LineString","coordinates":[[-106.3808,37.97],[-106.3828,37.9689]]},"properties":{"name":"North Fork Carnero Creek","display_name":"North Fork Carnero Creek","source_name":"North Fork Carnero Creek","state":"CO","atlas_class":"named_natural_stream_detail","huc8":"13010004","huc8Name":"Saguache","lineageKey":"rioGrande","lineage":"rioGrande","historic":"rioGrande","current":"rioGrande","recovery":"recoveryWatch","lineageLabel":"Rio Grande lineage","atlas_context":"cutthroat_lineage_context"}},{"type":"Feature","geometry":{"type":"LineString","coordinates":[[-106.3854,37.9917],[-106.3852,37.9902],[-106.3863,37.9888]]},"properties":{"name":"Masauernez Creek","display_name":"Masauernez Creek","source_name":"Masauernez Creek","state":"CO","atlas_class":"named_natural_stream_detail","huc8":"13010004","huc8Name":"Saguache","lineageKey":"rioGrande","lineage":"rioGrande","historic":"rioGrande","current":"rioGrande","recovery":"recoveryWatch","lineageLabel":"Rio Grande lineage","atlas_context":"cutthroat_lineage_context"}},{"type":"Feature","geometry":{"type":"LineString","coordinates":[[-106.331,37.817],[-106.3305,37.8172]]},"properties":{"name":"La Garita Creek","display_name":"La Garita Creek","source_name":"La Garita Creek","state":"CO","atlas_class":"named_natural_stream_detail","huc8":"13010004","huc8Name":"Saguache","lineageKey":"rioGrande","lineage":"rioGrande","historic":"rioGrande","current":"rioGrande","recovery":"recoveryWatch","lineageLabel":"Rio Grande lineage","atlas_context":"cutthroat_lineage_context"}},{"type":"Feature","geometry":{"type":"LineString","coordinates":[[-106.3844,37.895],[-106.3841,37.8939]]},"properties":{"name":"Carnero Creek","display_name":"Carnero Creek","source_name":"Carnero Creek","state":"CO","atlas_class":"named_natural_stream_detail","huc8":"13010004","huc8Name":"Saguache","lineageKey":"rioGrande","lineage":"rioGrande","historic":"rioGrande","current":"rioGrande","recovery":"recoveryWatch","lineageLabel":"Rio Grande lineage","atlas_context":"cutthroat_lineage_context"}},{"type":"Feature","geometry":{"type":"LineString","coordinates":[[-106.3144,37.9776],[-106.3136,37.9768]]},"properties":{"name":"Cottonwood Creek","display_name":"Cottonwood Creek","source_name":"Cottonwood Creek","state":"CO","atlas_class":"named_natural_stream_detail","huc8":"13010004","huc8Name":"Saguache","lineageKey":"rioGrande","lineage":"rioGrande","historic":"rioGrande","current":"rioGrande","recovery":"recoveryWatch","lineageLabel":"Rio Grande lineage","atlas_context":"cutthroat_lineage_context"}},{"type":"Feature","geometry":{"type":"LineString","coordinates":[[-106.3608,37.8723],[-106.3594,37.8718]]},"properties":{"name":"Carnero Creek","display_name":"Carnero Creek","source_name":"Carnero Creek","state":"CO","atlas_class":"named_natural_stream_detail","huc8":"13010004","huc8Name":"Saguache","lineageKey":"rioGrande","lineage":"rioGrande","historic":"rioGrande","current":"rioGrande","recovery":"recoveryWatch","lineageLabel":"Rio Grande lineage","atlas_context":"cutthroat_lineage_context"}},{"type":"Feature","geometry":{"type":"LineString","coordinates":[[-106.3684,37.9515],[-106.3705,37.9507]]},"properties":{"name":"Sawlog Creek","display_name":"Sawlog Creek","source_name":"Sawlog Creek","state":"CO","atlas_class":"named_natural_stream_detail","huc8":"13010004","huc8Name":"Saguache","lineageKey":"rioGrande","lineage":"rioGrande","historic":"rioGrande","current":"rioGrande","recovery":"recoveryWatch","lineageLabel":"Rio Grande lineage","atlas_context":"cutthroat_lineage_context"}},{"type":"Feature","geometry":{"type":"LineString","coordinates":[[-106.3911,37.9466],[-106.391,37.9452]]},"properties":{"name":"North Fork Carnero Creek","display_name":"North Fork Carnero Creek","source_name":"North Fork Carnero Creek","state":"CO","atlas_class":"named_natural_stream_detail","huc8":"13010004","huc8Name":"Saguache","lineageKey":"rioGrande","lineage":"rioGrande","historic":"rioGrande","current":"rioGrande","recovery":"recoveryWatch","lineageLabel":"Rio Grande lineage","atlas_context":"cutthroat_lineage_context"}},{"type":"Feature","geometry":{"type":"LineString","coordinates":[[-106.3886,37.9717],[-106.3888,37.9716]]},"properties":{"name":"Mann Creek","display_name":"Mann Creek","source_name":"Mann Creek","state":"CO","atlas_class":"named_natural_stream_detail","huc8":"13010004","huc8Name":"Saguache","lineageKey":"rioGrande","lineage":"rioGrande","historic":"rioGrande","current":"rioGrande","recovery":"recoveryWatch","lineageLabel":"Rio Grande lineage","atlas_context":"cutthroat_lineage_context"}},{"type":"Feature","geometry":{"type":"LineString","coordinates":[[-106.3281,37.861],[-106.3268,37.8614],[-106.3235,37.8604]]},"properties":{"name":"Carnero Creek","display_name":"Carnero Creek","source_name":"Carnero Creek","state":"CO","atlas_class":"named_natural_stream_detail","huc8":"13010004","huc8Name":"Saguache","lineageKey":"rioGrande","lineage":"rioGrande","historic":"rioGrande","current":"rioGrande","recovery":"recoveryWatch","lineageLabel":"Rio Grande lineage","atlas_context":"cutthroat_lineage_context"}},{"type":"Feature","geometry":{"type":"LineString","coordinates":[[-106.3768,37.973],[-106.3782,37.9723],[-106.3789,37.9705],[-106.3808,37.97]]},"properties":{"name":"North Fork Carnero Creek","display_name":"North Fork Carnero Creek","source_name":"North Fork Carnero Creek","state":"CO","atlas_class":"named_natural_stream_detail","huc8":"13010004","huc8Name":"Saguache","lineageKey":"rioGrande","lineage":"rioGrande","historic":"rioGrande","current":"rioGrande","recovery":"recoveryWatch","lineageLabel":"Rio Grande lineage","atlas_context":"cutthroat_lineage_context"}},{"type":"Feature","geometry":{"type":"LineString","coordinates":[[-106.3969,37.9907],[-106.393,37.9878],[-106.3909,37.9837]]},"properties":{"name":"Mann Creek","display_name":"Mann Creek","source_name":"Mann Creek","state":"CO","atlas_class":"named_natural_stream_detail","huc8":"13010004","huc8Name":"Saguache","lineageKey":"rioGrande","lineage":"rioGrande","historic":"rioGrande","current":"rioGrande","recovery":"recoveryWatch","lineageLabel":"Rio Grande lineage","atlas_context":"cutthroat_lineage_context"}},{"type":"Feature","geometry":{"type":"LineString","coordinates":[[-106.3887,37.8467],[-106.3885,37.8466]]},"properties":{"name":"Little La Garita Creek","display_name":"Little La Garita Creek","source_name":"Little La Garita Creek","state":"CO","atlas_class":"named_natural_stream_detail","huc8":"13010004","huc8Name":"Saguache","lineageKey":"rioGrande","lineage":"rioGrande","historic":"rioGrande","current":"rioGrande","recovery":"recoveryWatch","lineageLabel":"Rio Grande lineage","atlas_context":"cutthroat_lineage_context"}},{"type":"Feature","geometry":{"type":"LineString","coordinates":[[-106.3902,37.8695],[-106.3897,37.8696]]},"properties":{"name":"Castor Creek","display_name":"Castor Creek","source_name":"Castor Creek","state":"CO","atlas_class":"named_natural_stream_detail","huc8":"13010004","huc8Name":"Saguache","lineageKey":"rioGrande","lineage":"rioGrande","historic":"rioGrande","current":"rioGrande","recovery":"recoveryWatch","lineageLabel":"Rio Grande lineage","atlas_context":"cutthroat_lineage_context"}},{"type":"Feature","geometry":{"type":"LineString","coordinates":[[-106.2734,37.969],[-106.2717,37.9681]]},"properties":{"name":"Little Cottonwood Creek","display_name":"Little Cottonwood Creek","source_name":"Little Cottonwood Creek","state":"CO","atlas_class":"named_natural_stream_detail","huc8":"13010004","huc8Name":"Saguache","lineageKey":"rioGrande","lineage":"rioGrande","historic":"rioGrande","current":"rioGrande","recovery":"recoveryWatch","lineageLabel":"Rio Grande lineage","atlas_context":"cutthroat_lineage_context"}},{"type":"Feature","geometry":{"type":"LineString","coordinates":[[-106.3183,37.8588],[-106.3098,37.8566],[-106.308,37.8573]]},"properties":{"name":"Carnero Creek","display_name":"Carnero Creek","source_name":"Carnero Creek","state":"CO","atlas_class":"named_natural_stream_detail","huc8":"13010004","huc8Name":"Saguache","lineageKey":"rioGrande","lineage":"rioGrande","historic":"rioGrande","current":"rioGrande","recovery":"recoveryWatch","lineageLabel":"Rio Grande lineage","atlas_context":"cutthroat_lineage_context"}},{"type":"Feature","geometry":{"type":"LineString","coordinates":[[-106.3775,37.8865],[-106.373,37.884]]},"properties":{"name":"Carnero Creek","display_name":"Carnero Creek","source_name":"Carnero Creek","state":"CO","atlas_class":"named_natural_stream_detail","huc8":"13010004","huc8Name":"Saguache","lineageKey":"rioGrande","lineage":"rioGrande","historic":"rioGrande","current":"rioGrande","recovery":"recoveryWatch","lineageLabel":"Rio Grande lineage","atlas_context":"cutthroat_lineage_context"}},{"type":"Feature","geometry":{"type":"LineString","coordinates":[[-106.3807,37.8905],[-106.3796,37.8893]]},"properties":{"name":"Carnero Creek","display_name":"Carnero Creek","source_name":"Carnero Creek","state":"CO","atlas_class":"named_natural_stream_detail","huc8":"13010004","huc8Name":"Saguache","lineageKey":"rioGrande","lineage":"rioGrande","historic":"rioGrande","current":"rioGrande","recovery":"recoveryWatch","lineageLabel":"Rio Grande lineage","atlas_context":"cutthroat_lineage_context"}},{"type":"Feature","geometry":{"type":"LineString","coordinates":[[-106.3789,37.8883],[-106.3782,37.8881]]},"properties":{"name":"Carnero Creek","display_name":"Carnero Creek","source_name":"Carnero Creek","state":"CO","atlas_class":"named_natural_stream_detail","huc8":"13010004","huc8Name":"Saguache","lineageKey":"rioGrande","lineage":"rioGrande","historic":"rioGrande","current":"rioGrande","recovery":"recoveryWatch","lineageLabel":"Rio Grande lineage","atlas_context":"cutthroat_lineage_context"}},{"type":"Feature","geometry":{"type":"LineString","coordinates":[[-106.3904,37.9069],[-106.3909,37.9044]]},"properties":{"name":"North Fork Carnero Creek","display_name":"North Fork Carnero Creek","source_name":"North Fork Carnero Creek","state":"CO","atlas_class":"named_natural_stream_detail","huc8":"13010004","huc8Name":"Saguache","lineageKey":"rioGrande","lineage":"rioGrande","historic":"rioGrande","current":"rioGrande","recovery":"recoveryWatch","lineageLabel":"Rio Grande lineage","atlas_context":"cutthroat_lineage_context"}},{"type":"Feature","geometry":{"type":"LineString","coordinates":[[-106.3901,37.9265],[-106.3896,37.9258]]},"properties":{"name":"North Fork Carnero Creek","display_name":"North Fork Carnero Creek","source_name":"North Fork Carnero Creek","state":"CO","atlas_class":"named_natural_stream_detail","huc8":"13010004","huc8Name":"Saguache","lineageKey":"rioGrande","lineage":"rioGrande","historic":"rioGrande","current":"rioGrande","recovery":"recoveryWatch","lineageLabel":"Rio Grande lineage","atlas_context":"cutthroat_lineage_context"}},{"type":"Feature","geometry":{"type":"LineString","coordinates":[[-106.3068,37.8141],[-106.3063,37.8142]]},"properties":{"name":"La Garita Creek","display_name":"La Garita Creek","source_name":"La Garita Creek","state":"CO","atlas_class":"named_natural_stream_detail","huc8":"13010004","huc8Name":"Saguache","lineageKey":"rioGrande","lineage":"rioGrande","historic":"rioGrande","current":"rioGrande","recovery":"recoveryWatch","lineageLabel":"Rio Grande lineage","atlas_context":"cutthroat_lineage_context"}},{"type":"Feature","geometry":{"type":"LineString","coordinates":[[-106.2836,37.902],[-106.2799,37.8991]]},"properties":{"name":"Biedell Creek","display_name":"Biedell Creek","source_name":"Biedell Creek","state":"CO","atlas_class":"named_natural_stream_detail","huc8":"13010004","huc8Name":"Saguache","lineageKey":"rioGrande","lineage":"rioGrande","historic":"rioGrande","current":"rioGrande","recovery":"recoveryWatch","lineageLabel":"Rio Grande lineage","atlas_context":"cutthroat_lineage_context"}},{"type":"Feature","geometry":{"type":"LineString","coordinates":[[-106.2817,37.9625],[-106.28,37.9616]]},"properties":{"name":"Cottonwood Creek","display_name":"Cottonwood Creek","source_name":"Cottonwood Creek","state":"CO","atlas_class":"named_natural_stream_detail","huc8":"13010004","huc8Name":"Saguache","lineageKey":"rioGrande","lineage":"rioGrande","historic":"rioGrande","current":"rioGrande","recovery":"recoveryWatch","lineageLabel":"Rio Grande lineage","atlas_context":"cutthroat_lineage_context"}},{"type":"Feature","geometry":{"type":"LineString","coordinates":[[-106.3907,37.9519],[-106.3911,37.9505]]},"properties":{"name":"North Fork Carnero Creek","display_name":"North Fork Carnero Creek","source_name":"North Fork Carnero Creek","state":"CO","atlas_class":"named_natural_stream_detail","huc8":"13010004","huc8Name":"Saguache","lineageKey":"rioGrande","lineage":"rioGrande","historic":"rioGrande","current":"rioGrande","recovery":"recoveryWatch","lineageLabel":"Rio Grande lineage","atlas_context":"cutthroat_lineage_context"}},{"type":"Feature","geometry":{"type":"LineString","coordinates":[[-106.3853,37.9372],[-106.3858,37.9362],[-106.3889,37.935]]},"properties":{"name":"Sawlog Creek","display_name":"Sawlog Creek","source_name":"Sawlog Creek","state":"CO","atlas_class":"named_natural_stream_detail","huc8":"13010004","huc8Name":"Saguache","lineageKey":"rioGrande","lineage":"rioGrande","historic":"rioGrande","current":"rioGrande","recovery":"recoveryWatch","lineageLabel":"Rio Grande lineage","atlas_context":"cutthroat_lineage_context"}},{"type":"Feature","geometry":{"type":"LineString","coordinates":[[-106.2597,37.9654],[-106.2581,37.9647]]},"properties":{"name":"Little Cottonwood Creek","display_name":"Little Cottonwood Creek","source_name":"Little Cottonwood Creek","state":"CO","atlas_class":"named_natural_stream_detail","huc8":"13010004","huc8Name":"Saguache","lineageKey":"rioGrande","lineage":"rioGrande","historic":"rioGrande","current":"rioGrande","recovery":"recoveryWatch","lineageLabel":"Rio Grande lineage","atlas_context":"cutthroat_lineage_context"}},{"type":"Feature","geometry":{"type":"LineString","coordinates":[[-106.3594,37.8718],[-106.3586,37.8715]]},"properties":{"name":"Carnero Creek","display_name":"Carnero Creek","source_name":"Carnero Creek","state":"CO","atlas_class":"named_natural_stream_detail","huc8":"13010004","huc8Name":"Saguache","lineageKey":"rioGrande","lineage":"rioGrande","historic":"rioGrande","current":"rioGrande","recovery":"recoveryWatch","lineageLabel":"Rio Grande lineage","atlas_context":"cutthroat_lineage_context"}},{"type":"Feature","geometry":{"type":"LineString","coordinates":[[-106.3721,37.977],[-106.3726,37.9765]]},"properties":{"name":"North Fork Carnero Creek","display_name":"North Fork Carnero Creek","source_name":"North Fork Carnero Creek","state":"CO","atlas_class":"named_natural_stream_detail","huc8":"13010004","huc8Name":"Saguache","lineageKey":"rioGrande","lineage":"rioGrande","historic":"rioGrande","current":"rioGrande","recovery":"recoveryWatch","lineageLabel":"Rio Grande lineage","atlas_context":"cutthroat_lineage_context"}},{"type":"Feature","geometry":{"type":"LineString","coordinates":[[-106.3116,37.9272],[-106.3086,37.9266]]},"properties":{"name":"Lime Creek","display_name":"Lime Creek","source_name":"Lime Creek","state":"CO","atlas_class":"named_natural_stream_detail","huc8":"13010004","huc8Name":"Saguache","lineageKey":"rioGrande","lineage":"rioGrande","historic":"rioGrande","current":"rioGrande","recovery":"recoveryWatch","lineageLabel":"Rio Grande lineage","atlas_context":"cutthroat_lineage_context"}},{"type":"Feature","geometry":{"type":"LineString","coordinates":[[-106.3342,37.8617],[-106.3302,37.8605],[-106.3281,37.861]]},"properties":{"name":"Carnero Creek","display_name":"Carnero Creek","source_name":"Carnero Creek","state":"CO","atlas_class":"named_natural_stream_detail","huc8":"13010004","huc8Name":"Saguache","lineageKey":"rioGrande","lineage":"rioGrande","historic":"rioGrande","current":"rioGrande","recovery":"recoveryWatch","lineageLabel":"Rio Grande lineage","atlas_context":"cutthroat_lineage_context"}},{"type":"Feature","geometry":{"type":"LineString","coordinates":[[-106.3561,37.8697],[-106.3538,37.8689]]},"properties":{"name":"Carnero Creek","display_name":"Carnero Creek","source_name":"Carnero Creek","state":"CO","atlas_class":"named_natural_stream_detail","huc8":"13010004","huc8Name":"Saguache","lineageKey":"rioGrande","lineage":"rioGrande","historic":"rioGrande","current":"rioGrande","recovery":"recoveryWatch","lineageLabel":"Rio Grande lineage","atlas_context":"cutthroat_lineage_context"}},{"type":"Feature","geometry":{"type":"LineString","coordinates":[[-106.3421,37.937],[-106.3366,37.9353]]},"properties":{"name":"Lime Creek","display_name":"Lime Creek","source_name":"Lime Creek","state":"CO","atlas_class":"named_natural_stream_detail","huc8":"13010004","huc8Name":"Saguache","lineageKey":"rioGrande","lineage":"rioGrande","historic":"rioGrande","current":"rioGrande","recovery":"recoveryWatch","lineageLabel":"Rio Grande lineage","atlas_context":"cutthroat_lineage_context"}},{"type":"Feature","geometry":{"type":"LineString","coordinates":[[-106.3456,37.9589],[-106.3473,37.9587]]},"properties":{"name":"Sawlog Creek","display_name":"Sawlog Creek","source_name":"Sawlog Creek","state":"CO","atlas_class":"named_natural_stream_detail","huc8":"13010004","huc8Name":"Saguache","lineageKey":"rioGrande","lineage":"rioGrande","historic":"rioGrande","current":"rioGrande","recovery":"recoveryWatch","lineageLabel":"Rio Grande lineage","atlas_context":"cutthroat_lineage_context"}},{"type":"Feature","geometry":{"type":"LineString","coordinates":[[-106.3908,37.9034],[-106.3894,37.9015]]},"properties":{"name":"Carnero Creek","display_name":"Carnero Creek","source_name":"Carnero Creek","state":"CO","atlas_class":"named_natural_stream_detail","huc8":"13010004","huc8Name":"Saguache","lineageKey":"rioGrande","lineage":"rioGrande","historic":"rioGrande","current":"rioGrande","recovery":"recoveryWatch","lineageLabel":"Rio Grande lineage","atlas_context":"cutthroat_lineage_context"}},{"type":"Feature","geometry":{"type":"LineString","coordinates":[[-106.3911,37.9206],[-106.391,37.9194]]},"properties":{"name":"North Fork Carnero Creek","display_name":"North Fork Carnero Creek","source_name":"North Fork Carnero Creek","state":"CO","atlas_class":"named_natural_stream_detail","huc8":"13010004","huc8Name":"Saguache","lineageKey":"rioGrande","lineage":"rioGrande","historic":"rioGrande","current":"rioGrande","recovery":"recoveryWatch","lineageLabel":"Rio Grande lineage","atlas_context":"cutthroat_lineage_context"}},{"type":"Feature","geometry":{"type":"LineString","coordinates":[[-106.3864,37.9635],[-106.3872,37.9627]]},"properties":{"name":"North Fork Carnero Creek","display_name":"North Fork Carnero Creek","source_name":"North Fork Carnero Creek","state":"CO","atlas_class":"named_natural_stream_detail","huc8":"13010004","huc8Name":"Saguache","lineageKey":"rioGrande","lineage":"rioGrande","historic":"rioGrande","current":"rioGrande","recovery":"recoveryWatch","lineageLabel":"Rio Grande lineage","atlas_context":"cutthroat_lineage_context"}},{"type":"Feature","geometry":{"type":"LineString","coordinates":[[-106.3854,37.8971],[-106.3849,37.8962]]},"properties":{"name":"Carnero Creek","display_name":"Carnero Creek","source_name":"Carnero Creek","state":"CO","atlas_class":"named_natural_stream_detail","huc8":"13010004","huc8Name":"Saguache","lineageKey":"rioGrande","lineage":"rioGrande","historic":"rioGrande","current":"rioGrande","recovery":"recoveryWatch","lineageLabel":"Rio Grande lineage","atlas_context":"cutthroat_lineage_context"}},{"type":"Feature","geometry":{"type":"LineString","coordinates":[[-106.3911,37.9505],[-106.3911,37.9466]]},"properties":{"name":"North Fork Carnero Creek","display_name":"North Fork Carnero Creek","source_name":"North Fork Carnero Creek","state":"CO","atlas_class":"named_natural_stream_detail","huc8":"13010004","huc8Name":"Saguache","lineageKey":"rioGrande","lineage":"rioGrande","historic":"rioGrande","current":"rioGrande","recovery":"recoveryWatch","lineageLabel":"Rio Grande lineage","atlas_context":"cutthroat_lineage_context"}},{"type":"Feature","geometry":{"type":"LineString","coordinates":[[-106.3828,37.9689],[-106.3828,37.9672]]},"properties":{"name":"North Fork Carnero Creek","display_name":"North Fork Carnero Creek","source_name":"North Fork Carnero Creek","state":"CO","atlas_class":"named_natural_stream_detail","huc8":"13010004","huc8Name":"Saguache","lineageKey":"rioGrande","lineage":"rioGrande","historic":"rioGrande","current":"rioGrande","recovery":"recoveryWatch","lineageLabel":"Rio Grande lineage","atlas_context":"cutthroat_lineage_context"}},{"type":"Feature","geometry":{"type":"LineString","coordinates":[[-106.2894,37.91],[-106.2884,37.9068],[-106.2858,37.904]]},"properties":{"name":"Biedell Creek","display_name":"Biedell Creek","source_name":"Biedell Creek","state":"CO","atlas_class":"named_natural_stream_detail","huc8":"13010004","huc8Name":"Saguache","lineageKey":"rioGrande","lineage":"rioGrande","historic":"rioGrande","current":"rioGrande","recovery":"recoveryWatch","lineageLabel":"Rio Grande lineage","atlas_context":"cutthroat_lineage_context"}},{"type":"Feature","geometry":{"type":"LineString","coordinates":[[-106.303,37.9698],[-106.2953,37.9647],[-106.2897,37.9641]]},"properties":{"name":"Cottonwood Creek","display_name":"Cottonwood Creek","source_name":"Cottonwood Creek","state":"CO","atlas_class":"named_natural_stream_detail","huc8":"13010004","huc8Name":"Saguache","lineageKey":"rioGrande","lineage":"rioGrande","historic":"rioGrande","current":"rioGrande","recovery":"recoveryWatch","lineageLabel":"Rio Grande lineage","atlas_context":"cutthroat_lineage_context"}},{"type":"Feature","geometry":{"type":"LineString","coordinates":[[-106.3948,37.8695],[-106.3945,37.8694]]},"properties":{"name":"Castor Creek","display_name":"Castor Creek","source_name":"Castor Creek","state":"CO","atlas_class":"named_natural_stream_detail","huc8":"13010004","huc8Name":"Saguache","lineageKey":"rioGrande","lineage":"rioGrande","historic":"rioGrande","current":"rioGrande","recovery":"recoveryWatch","lineageLabel":"Rio Grande lineage","atlas_context":"cutthroat_lineage_context"}},{"type":"Feature","geometry":{"type":"LineString","coordinates":[[-106.3982,37.8566],[-106.3965,37.8554]]},"properties":{"name":"Little La Garita Creek","display_name":"Little La Garita Creek","source_name":"Little La Garita Creek","state":"CO","atlas_class":"named_natural_stream_detail","huc8":"13010004","huc8Name":"Saguache","lineageKey":"rioGrande","lineage":"rioGrande","historic":"rioGrande","current":"rioGrande","recovery":"recoveryWatch","lineageLabel":"Rio Grande lineage","atlas_context":"cutthroat_lineage_context"}},{"type":"Feature","geometry":{"type":"LineString","coordinates":[[-106.3909,37.9156],[-106.39,37.9128],[-106.3906,37.9115]]},"properties":{"name":"North Fork Carnero Creek","display_name":"North Fork Carnero Creek","source_name":"North Fork Carnero Creek","state":"CO","atlas_class":"named_natural_stream_detail","huc8":"13010004","huc8Name":"Saguache","lineageKey":"rioGrande","lineage":"rioGrande","historic":"rioGrande","current":"rioGrande","recovery":"recoveryWatch","lineageLabel":"Rio Grande lineage","atlas_context":"cutthroat_lineage_context"}},{"type":"Feature","geometry":{"type":"LineString","coordinates":[[-106.3754,37.8626],[-106.3752,37.8622]]},"properties":{"name":"Castor Creek","display_name":"Castor Creek","source_name":"Castor Creek","state":"CO","atlas_class":"named_natural_stream_detail","huc8":"13010004","huc8Name":"Saguache","lineageKey":"rioGrande","lineage":"rioGrande","historic":"rioGrande","current":"rioGrande","recovery":"recoveryWatch","lineageLabel":"Rio Grande lineage","atlas_context":"cutthroat_lineage_context"}},{"type":"Feature","geometry":{"type":"LineString","coordinates":[[-106.3945,37.8694],[-106.3934,37.8691]]},"properties":{"name":"Castor Creek","display_name":"Castor Creek","source_name":"Castor Creek","state":"CO","atlas_class":"named_natural_stream_detail","huc8":"13010004","huc8Name":"Saguache","lineageKey":"rioGrande","lineage":"rioGrande","historic":"rioGrande","current":"rioGrande","recovery":"recoveryWatch","lineageLabel":"Rio Grande lineage","atlas_context":"cutthroat_lineage_context"}},{"type":"Feature","geometry":{"type":"LineString","coordinates":[[-106.2971,37.9187],[-106.2919,37.9167]]},"properties":{"name":"Biedell Creek","display_name":"Biedell Creek","source_name":"Biedell Creek","state":"CO","atlas_class":"named_natural_stream_detail","huc8":"13010004","huc8Name":"Saguache","lineageKey":"rioGrande","lineage":"rioGrande","historic":"rioGrande","current":"rioGrande","recovery":"recoveryWatch","lineageLabel":"Rio Grande lineage","atlas_context":"cutthroat_lineage_context"}},{"type":"Feature","geometry":{"type":"LineString","coordinates":[[-106.3042,37.9704],[-106.303,37.9698]]},"properties":{"name":"Cottonwood Creek","display_name":"Cottonwood Creek","source_name":"Cottonwood Creek","state":"CO","atlas_class":"named_natural_stream_detail","huc8":"13010004","huc8Name":"Saguache","lineageKey":"rioGrande","lineage":"rioGrande","historic":"rioGrande","current":"rioGrande","recovery":"recoveryWatch","lineageLabel":"Rio Grande lineage","atlas_context":"cutthroat_lineage_context"}},{"type":"Feature","geometry":{"type":"LineString","coordinates":[[-106.3896,37.9258],[-106.3904,37.9236]]},"properties":{"name":"North Fork Carnero Creek","display_name":"North Fork Carnero Creek","source_name":"North Fork Carnero Creek","state":"CO","atlas_class":"named_natural_stream_detail","huc8":"13010004","huc8Name":"Saguache","lineageKey":"rioGrande","lineage":"rioGrande","historic":"rioGrande","current":"rioGrande","recovery":"recoveryWatch","lineageLabel":"Rio Grande lineage","atlas_context":"cutthroat_lineage_context"}},{"type":"Feature","geometry":{"type":"LineString","coordinates":[[-106.3888,37.9352],[-106.3889,37.935]]},"properties":{"name":"North Fork Carnero Creek","display_name":"North Fork Carnero Creek","source_name":"North Fork Carnero Creek","state":"CO","atlas_class":"named_natural_stream_detail","huc8":"13010004","huc8Name":"Saguache","lineageKey":"rioGrande","lineage":"rioGrande","historic":"rioGrande","current":"rioGrande","recovery":"recoveryWatch","lineageLabel":"Rio Grande lineage","atlas_context":"cutthroat_lineage_context"}},{"type":"Feature","geometry":{"type":"LineString","coordinates":[[-106.3279,37.9589],[-106.3228,37.9566]]},"properties":{"name":"Biedell Creek","display_name":"Biedell Creek","source_name":"Biedell Creek","state":"CO","atlas_class":"named_natural_stream_detail","huc8":"13010004","huc8Name":"Saguache","lineageKey":"rioGrande","lineage":"rioGrande","historic":"rioGrande","current":"rioGrande","recovery":"recoveryWatch","lineageLabel":"Rio Grande lineage","atlas_context":"cutthroat_lineage_context"}},{"type":"Feature","geometry":{"type":"LineString","coordinates":[[-106.398,37.9099],[-106.3975,37.9092]]},"properties":{"name":"Middle Fork Carnero Creek","display_name":"Middle Fork Carnero Creek","source_name":"Middle Fork Carnero Creek","state":"CO","atlas_class":"named_natural_stream_detail","huc8":"13010004","huc8Name":"Saguache","lineageKey":"rioGrande","lineage":"rioGrande","historic":"rioGrande","current":"rioGrande","recovery":"recoveryWatch","lineageLabel":"Rio Grande lineage","atlas_context":"cutthroat_lineage_context"}},{"type":"Feature","geometry":{"type":"LineString","coordinates":[[-106.3828,37.9672],[-106.3843,37.9656]]},"properties":{"name":"North Fork Carnero Creek","display_name":"North Fork Carnero Creek","source_name":"North Fork Carnero Creek","state":"CO","atlas_class":"named_natural_stream_detail","huc8":"13010004","huc8Name":"Saguache","lineageKey":"rioGrande","lineage":"rioGrande","historic":"rioGrande","current":"rioGrande","recovery":"recoveryWatch","lineageLabel":"Rio Grande lineage","atlas_context":"cutthroat_lineage_context"}},{"type":"Feature","geometry":{"type":"LineString","coordinates":[[-106.3305,37.8172],[-106.3302,37.8164]]},"properties":{"name":"La Garita Creek","display_name":"La Garita Creek","source_name":"La Garita Creek","state":"CO","atlas_class":"named_natural_stream_detail","huc8":"13010004","huc8Name":"Saguache","lineageKey":"rioGrande","lineage":"rioGrande","historic":"rioGrande","current":"rioGrande","recovery":"recoveryWatch","lineageLabel":"Rio Grande lineage","atlas_context":"cutthroat_lineage_context"}},{"type":"Feature","geometry":{"type":"LineString","coordinates":[[-106.3933,37.8514],[-106.3933,37.8512]]},"properties":{"name":"Little La Garita Creek","display_name":"Little La Garita Creek","source_name":"Little La Garita Creek","state":"CO","atlas_class":"named_natural_stream_detail","huc8":"13010004","huc8Name":"Saguache","lineageKey":"rioGrande","lineage":"rioGrande","historic":"rioGrande","current":"rioGrande","recovery":"recoveryWatch","lineageLabel":"Rio Grande lineage","atlas_context":"cutthroat_lineage_context"}},{"type":"Feature","geometry":{"type":"LineString","coordinates":[[-106.3872,37.8982],[-106.3865,37.8977]]},"properties":{"name":"Carnero Creek","display_name":"Carnero Creek","source_name":"Carnero Creek","state":"CO","atlas_class":"named_natural_stream_detail","huc8":"13010004","huc8Name":"Saguache","lineageKey":"rioGrande","lineage":"rioGrande","historic":"rioGrande","current":"rioGrande","recovery":"recoveryWatch","lineageLabel":"Rio Grande lineage","atlas_context":"cutthroat_lineage_context"}},{"type":"Feature","geometry":{"type":"LineString","coordinates":[[-106.3633,37.956],[-106.3659,37.954]]},"properties":{"name":"Sawlog Creek","display_name":"Sawlog Creek","source_name":"Sawlog Creek","state":"CO","atlas_class":"named_natural_stream_detail","huc8":"13010004","huc8Name":"Saguache","lineageKey":"rioGrande","lineage":"rioGrande","historic":"rioGrande","current":"rioGrande","recovery":"recoveryWatch","lineageLabel":"Rio Grande lineage","atlas_context":"cutthroat_lineage_context"}},{"type":"Feature","geometry":{"type":"LineString","coordinates":[[-106.3725,37.8503],[-106.3728,37.8486]]},"properties":{"name":"Castor Creek","display_name":"Castor Creek","source_name":"Castor Creek","state":"CO","atlas_class":"named_natural_stream_detail","huc8":"13010004","huc8Name":"Saguache","lineageKey":"rioGrande","lineage":"rioGrande","historic":"rioGrande","current":"rioGrande","recovery":"recoveryWatch","lineageLabel":"Rio Grande lineage","atlas_context":"cutthroat_lineage_context"}},{"type":"Feature","geometry":{"type":"LineString","coordinates":[[-106.2926,37.8534],[-106.2864,37.8545]]},"properties":{"name":"Carnero Creek","display_name":"Carnero Creek","source_name":"Carnero Creek","state":"CO","atlas_class":"named_natural_stream_detail","huc8":"13010004","huc8Name":"Saguache","lineageKey":"rioGrande","lineage":"rioGrande","historic":"rioGrande","current":"rioGrande","recovery":"recoveryWatch","lineageLabel":"Rio Grande lineage","atlas_context":"cutthroat_lineage_context"}},{"type":"Feature","geometry":{"type":"LineString","coordinates":[[-106.3569,37.8698],[-106.3561,37.8697]]},"properties":{"name":"Carnero Creek","display_name":"Carnero Creek","source_name":"Carnero Creek","state":"CO","atlas_class":"named_natural_stream_detail","huc8":"13010004","huc8Name":"Saguache","lineageKey":"rioGrande","lineage":"rioGrande","historic":"rioGrande","current":"rioGrande","recovery":"recoveryWatch","lineageLabel":"Rio Grande lineage","atlas_context":"cutthroat_lineage_context"}},{"type":"Feature","geometry":{"type":"LineString","coordinates":[[-106.282,37.8551],[-106.2813,37.8543],[-106.2748,37.8543]]},"properties":{"name":"Carnero Creek","display_name":"Carnero Creek","source_name":"Carnero Creek","state":"CO","atlas_class":"named_natural_stream_detail","huc8":"13010004","huc8Name":"Saguache","lineageKey":"rioGrande","lineage":"rioGrande","historic":"rioGrande","current":"rioGrande","recovery":"recoveryWatch","lineageLabel":"Rio Grande lineage","atlas_context":"cutthroat_lineage_context"}},{"type":"Feature","geometry":{"type":"LineString","coordinates":[[-106.3721,37.8508],[-106.3725,37.8503]]},"properties":{"name":"Castor Creek","display_name":"Castor Creek","source_name":"Castor Creek","state":"CO","atlas_class":"named_natural_stream_detail","huc8":"13010004","huc8Name":"Saguache","lineageKey":"rioGrande","lineage":"rioGrande","historic":"rioGrande","current":"rioGrande","recovery":"recoveryWatch","lineageLabel":"Rio Grande lineage","atlas_context":"cutthroat_lineage_context"}},{"type":"Feature","geometry":{"type":"LineString","coordinates":[[-106.3995,37.8569],[-106.399,37.8567]]},"properties":{"name":"Little La Garita Creek","display_name":"Little La Garita Creek","source_name":"Little La Garita Creek","state":"CO","atlas_class":"named_natural_stream_detail","huc8":"13010004","huc8Name":"Saguache","lineageKey":"rioGrande","lineage":"rioGrande","historic":"rioGrande","current":"rioGrande","recovery":"recoveryWatch","lineageLabel":"Rio Grande lineage","atlas_context":"cutthroat_lineage_context"}},{"type":"Feature","geometry":{"type":"LineString","coordinates":[[-106.4051,37.9074],[-106.3933,37.9052]]},"properties":{"name":"South Fork Carnero Creek","display_name":"South Fork Carnero Creek","source_name":"South Fork Carnero Creek","state":"CO","atlas_class":"named_natural_stream_detail","huc8":"13010004","huc8Name":"Saguache","lineageKey":"rioGrande","lineage":"rioGrande","historic":"rioGrande","current":"rioGrande","recovery":"recoveryWatch","lineageLabel":"Rio Grande lineage","atlas_context":"cutthroat_lineage_context"}},{"type":"Feature","geometry":{"type":"LineString","coordinates":[[-106.2874,37.9904],[-106.286,37.9897]]},"properties":{"name":"San Juan Creek","display_name":"San Juan Creek","source_name":"San Juan Creek","state":"CO","atlas_class":"named_natural_stream_detail","huc8":"13010004","huc8Name":"Saguache","lineageKey":"rioGrande","lineage":"rioGrande","historic":"rioGrande","current":"rioGrande","recovery":"recoveryWatch","lineageLabel":"Rio Grande lineage","atlas_context":"cutthroat_lineage_context"}},{"type":"Feature","geometry":{"type":"LineString","coordinates":[[-106.3687,37.8798],[-106.3686,37.8793]]},"properties":{"name":"Carnero Creek","display_name":"Carnero Creek","source_name":"Carnero Creek","state":"CO","atlas_class":"named_natural_stream_detail","huc8":"13010004","huc8Name":"Saguache","lineageKey":"rioGrande","lineage":"rioGrande","historic":"rioGrande","current":"rioGrande","recovery":"recoveryWatch","lineageLabel":"Rio Grande lineage","atlas_context":"cutthroat_lineage_context"}},{"type":"Feature","geometry":{"type":"LineString","coordinates":[[-106.302,37.9223],[-106.2999,37.9209]]},"properties":{"name":"Biedell Creek","display_name":"Biedell Creek","source_name":"Biedell Creek","state":"CO","atlas_class":"named_natural_stream_detail","huc8":"13010004","huc8Name":"Saguache","lineageKey":"rioGrande","lineage":"rioGrande","historic":"rioGrande","current":"rioGrande","recovery":"recoveryWatch","lineageLabel":"Rio Grande lineage","atlas_context":"cutthroat_lineage_context"}},{"type":"Feature","geometry":{"type":"LineString","coordinates":[[-106.3893,37.977],[-106.3891,37.9744]]},"properties":{"name":"Mann Creek","display_name":"Mann Creek","source_name":"Mann Creek","state":"CO","atlas_class":"named_natural_stream_detail","huc8":"13010004","huc8Name":"Saguache","lineageKey":"rioGrande","lineage":"rioGrande","historic":"rioGrande","current":"rioGrande","recovery":"recoveryWatch","lineageLabel":"Rio Grande lineage","atlas_context":"cutthroat_lineage_context"}},{"type":"Feature","geometry":{"type":"LineString","coordinates":[[-106.254,37.961],[-106.2523,37.9603]]},"properties":{"name":"Little Cottonwood Creek","display_name":"Little Cottonwood Creek","source_name":"Little Cottonwood Creek","state":"CO","atlas_class":"named_natural_stream_detail","huc8":"13010004","huc8Name":"Saguache","lineageKey":"rioGrande","lineage":"rioGrande","historic":"rioGrande","current":"rioGrande","recovery":"recoveryWatch","lineageLabel":"Rio Grande lineage","atlas_context":"cutthroat_lineage_context"}},{"type":"Feature","geometry":{"type":"LineString","coordinates":[[-106.2864,37.8545],[-106.2851,37.8552]]},"properties":{"name":"Carnero Creek","display_name":"Carnero Creek","source_name":"Carnero Creek","state":"CO","atlas_class":"named_natural_stream_detail","huc8":"13010004","huc8Name":"Saguache","lineageKey":"rioGrande","lineage":"rioGrande","historic":"rioGrande","current":"rioGrande","recovery":"recoveryWatch","lineageLabel":"Rio Grande lineage","atlas_context":"cutthroat_lineage_context"}},{"type":"Feature","geometry":{"type":"LineString","coordinates":[[-106.2582,37.8603],[-106.2517,37.8626]]},"properties":{"name":"Mogotas Arroyo","display_name":"Mogotas Arroyo","source_name":"Mogotas Arroyo","state":"CO","atlas_class":"named_natural_stream_detail","huc8":"13010004","huc8Name":"Saguache","lineageKey":"rioGrande","lineage":"rioGrande","historic":"rioGrande","current":"rioGrande","recovery":"recoveryWatch","lineageLabel":"Rio Grande lineage","atlas_context":"cutthroat_lineage_context"}},{"type":"Feature","geometry":{"type":"LineString","coordinates":[[-106.3162,37.8128],[-106.3115,37.8133]]},"properties":{"name":"La Garita Creek","display_name":"La Garita Creek","source_name":"La Garita Creek","state":"CO","atlas_class":"named_natural_stream_detail","huc8":"13010004","huc8Name":"Saguache","lineageKey":"rioGrande","lineage":"rioGrande","historic":"rioGrande","current":"rioGrande","recovery":"recoveryWatch","lineageLabel":"Rio Grande lineage","atlas_context":"cutthroat_lineage_context"}},{"type":"Feature","geometry":{"type":"LineString","coordinates":[[-106.2851,37.8552],[-106.2837,37.8553]]},"properties":{"name":"Carnero Creek","display_name":"Carnero Creek","source_name":"Carnero Creek","state":"CO","atlas_class":"named_natural_stream_detail","huc8":"13010004","huc8Name":"Saguache","lineageKey":"rioGrande","lineage":"rioGrande","historic":"rioGrande","current":"rioGrande","recovery":"recoveryWatch","lineageLabel":"Rio Grande lineage","atlas_context":"cutthroat_lineage_context"}},{"type":"Feature","geometry":{"type":"LineString","coordinates":[[-106.3897,37.8696],[-106.3886,37.8696]]},"properties":{"name":"Castor Creek","display_name":"Castor Creek","source_name":"Castor Creek","state":"CO","atlas_class":"named_natural_stream_detail","huc8":"13010004","huc8Name":"Saguache","lineageKey":"rioGrande","lineage":"rioGrande","historic":"rioGrande","current":"rioGrande","recovery":"recoveryWatch","lineageLabel":"Rio Grande lineage","atlas_context":"cutthroat_lineage_context"}},{"type":"Feature","geometry":{"type":"LineString","coordinates":[[-106.3804,37.9994],[-106.3846,37.9961]]},"properties":{"name":"Masauernez Creek","display_name":"Masauernez Creek","source_name":"Masauernez Creek","state":"CO","atlas_class":"named_natural_stream_detail","huc8":"13010004","huc8Name":"Saguache","lineageKey":"rioGrande","lineage":"rioGrande","historic":"rioGrande","current":"rioGrande","recovery":"recoveryWatch","lineageLabel":"Rio Grande lineage","atlas_context":"cutthroat_lineage_context"}},{"type":"Feature","geometry":{"type":"LineString","coordinates":[[-106.4001,37.8419],[-106.3979,37.8416]]},"properties":{"name":"La Garita Creek","display_name":"La Garita Creek","source_name":"La Garita Creek","state":"CO","atlas_class":"named_natural_stream_detail","huc8":"13010004","huc8Name":"Saguache","lineageKey":"rioGrande","lineage":"rioGrande","historic":"rioGrande","current":"rioGrande","recovery":"recoveryWatch","lineageLabel":"Rio Grande lineage","atlas_context":"cutthroat_lineage_context"}},{"type":"Feature","geometry":{"type":"LineString","coordinates":[[-106.381,37.9447],[-106.381,37.9442]]},"properties":{"name":"Sawlog Creek","display_name":"Sawlog Creek","source_name":"Sawlog Creek","state":"CO","atlas_class":"named_natural_stream_detail","huc8":"13010004","huc8Name":"Saguache","lineageKey":"rioGrande","lineage":"rioGrande","historic":"rioGrande","current":"rioGrande","recovery":"recoveryWatch","lineageLabel":"Rio Grande lineage","atlas_context":"cutthroat_lineage_context"}},{"type":"Feature","geometry":{"type":"LineString","coordinates":[[-106.3639,37.9929],[-106.364,37.9898]]},"properties":{"name":"North Fork Carnero Creek","display_name":"North Fork Carnero Creek","source_name":"North Fork Carnero Creek","state":"CO","atlas_class":"named_natural_stream_detail","huc8":"13010004","huc8Name":"Saguache","lineageKey":"rioGrande","lineage":"rioGrande","historic":"rioGrande","current":"rioGrande","recovery":"recoveryWatch","lineageLabel":"Rio Grande lineage","atlas_context":"cutthroat_lineage_context"}},{"type":"Feature","geometry":{"type":"LineString","coordinates":[[-106.3825,37.8924],[-106.3817,37.8916]]},"properties":{"name":"Carnero Creek","display_name":"Carnero Creek","source_name":"Carnero Creek","state":"CO","atlas_class":"named_natural_stream_detail","huc8":"13010004","huc8Name":"Saguache","lineageKey":"rioGrande","lineage":"rioGrande","historic":"rioGrande","current":"rioGrande","recovery":"recoveryWatch","lineageLabel":"Rio Grande lineage","atlas_context":"cutthroat_lineage_context"}},{"type":"Feature","geometry":{"type":"LineString","coordinates":[[-106.2891,37.9147],[-106.2894,37.9138]]},"properties":{"name":"Biedell Creek","display_name":"Biedell Creek","source_name":"Biedell Creek","state":"CO","atlas_class":"named_natural_stream_detail","huc8":"13010004","huc8Name":"Saguache","lineageKey":"rioGrande","lineage":"rioGrande","historic":"rioGrande","current":"rioGrande","recovery":"recoveryWatch","lineageLabel":"Rio Grande lineage","atlas_context":"cutthroat_lineage_context"}},{"type":"Feature","geometry":{"type":"LineString","coordinates":[[-106.3668,37.8435],[-106.3653,37.8408]]},"properties":{"name":"Castor Creek","display_name":"Castor Creek","source_name":"Castor Creek","state":"CO","atlas_class":"named_natural_stream_detail","huc8":"13010004","huc8Name":"Saguache","lineageKey":"rioGrande","lineage":"rioGrande","historic":"rioGrande","current":"rioGrande","recovery":"recoveryWatch","lineageLabel":"Rio Grande lineage","atlas_context":"cutthroat_lineage_context"}},{"type":"Feature","geometry":{"type":"LineString","coordinates":[[-106.2583,37.8858],[-106.2506,37.8852],[-106.2452,37.8884]]},"properties":{"name":"Biedell Creek","display_name":"Biedell Creek","source_name":"Biedell Creek","state":"CO","atlas_class":"named_natural_stream_detail","huc8":"13010004","huc8Name":"Saguache","lineageKey":"rioGrande","lineage":"rioGrande","historic":"rioGrande","current":"rioGrande","recovery":"recoveryWatch","lineageLabel":"Rio Grande lineage","atlas_context":"cutthroat_lineage_context"}},{"type":"Feature","geometry":{"type":"LineString","coordinates":[[-106.2748,37.8543],[-106.2712,37.8538]]},"properties":{"name":"Carnero Creek","display_name":"Carnero Creek","source_name":"Carnero Creek","state":"CO","atlas_class":"named_natural_stream_detail","huc8":"13010004","huc8Name":"Saguache","lineageKey":"rioGrande","lineage":"rioGrande","historic":"rioGrande","current":"rioGrande","recovery":"recoveryWatch","lineageLabel":"Rio Grande lineage","atlas_context":"cutthroat_lineage_context"}},{"type":"Feature","geometry":{"type":"LineString","coordinates":[[-106.3516,37.8666],[-106.3491,37.8641],[-106.3442,37.8629]]},"properties":{"name":"Carnero Creek","display_name":"Carnero Creek","source_name":"Carnero Creek","state":"CO","atlas_class":"named_natural_stream_detail","huc8":"13010004","huc8Name":"Saguache","lineageKey":"rioGrande","lineage":"rioGrande","historic":"rioGrande","current":"rioGrande","recovery":"recoveryWatch","lineageLabel":"Rio Grande lineage","atlas_context":"cutthroat_lineage_context"}},{"type":"Feature","geometry":{"type":"LineString","coordinates":[[-106.3136,37.9768],[-106.3117,37.9743],[-106.3042,37.9704]]},"properties":{"name":"Cottonwood Creek","display_name":"Cottonwood Creek","source_name":"Cottonwood Creek","state":"CO","atlas_class":"named_natural_stream_detail","huc8":"13010004","huc8Name":"Saguache","lineageKey":"rioGrande","lineage":"rioGrande","historic":"rioGrande","current":"rioGrande","recovery":"recoveryWatch","lineageLabel":"Rio Grande lineage","atlas_context":"cutthroat_lineage_context"}},{"type":"Feature","geometry":{"type":"LineString","coordinates":[[-106.3628,37.9982],[-106.3641,37.9963]]},"properties":{"name":"North Fork Carnero Creek","display_name":"North Fork Carnero Creek","source_name":"North Fork Carnero Creek","state":"CO","atlas_class":"named_natural_stream_detail","huc8":"13010004","huc8Name":"Saguache","lineageKey":"rioGrande","lineage":"rioGrande","historic":"rioGrande","current":"rioGrande","recovery":"recoveryWatch","lineageLabel":"Rio Grande lineage","atlas_context":"cutthroat_lineage_context"}},{"type":"Feature","geometry":{"type":"LineString","coordinates":[[-106.3427,37.9607],[-106.3456,37.9589]]},"properties":{"name":"Sawlog Creek","display_name":"Sawlog Creek","source_name":"Sawlog Creek","state":"CO","atlas_class":"named_natural_stream_detail","huc8":"13010004","huc8Name":"Saguache","lineageKey":"rioGrande","lineage":"rioGrande","historic":"rioGrande","current":"rioGrande","recovery":"recoveryWatch","lineageLabel":"Rio Grande lineage","atlas_context":"cutthroat_lineage_context"}},{"type":"Feature","geometry":{"type":"LineString","coordinates":[[-106.2373,37.8896],[-106.2351,37.8892],[-106.2283,37.8919],[-106.2094,37.8933]]},"properties":{"name":"Biedell Creek","display_name":"Biedell Creek","source_name":"Biedell Creek","state":"CO","atlas_class":"named_natural_stream_detail","huc8":"13010004","huc8Name":"Saguache","lineageKey":"rioGrande","lineage":"rioGrande","historic":"rioGrande","current":"rioGrande","recovery":"recoveryWatch","lineageLabel":"Rio Grande lineage","atlas_context":"cutthroat_lineage_context"}},{"type":"Feature","geometry":{"type":"LineString","coordinates":[[-106.389,37.841],[-106.3858,37.841]]},"properties":{"name":"La Garita Creek","display_name":"La Garita Creek","source_name":"La Garita Creek","state":"CO","atlas_class":"named_natural_stream_detail","huc8":"13010004","huc8Name":"Saguache","lineageKey":"rioGrande","lineage":"rioGrande","historic":"rioGrande","current":"rioGrande","recovery":"recoveryWatch","lineageLabel":"Rio Grande lineage","atlas_context":"cutthroat_lineage_context"}},{"type":"Feature","geometry":{"type":"LineString","coordinates":[[-106.3681,37.8382],[-106.3648,37.8375]]},"properties":{"name":"La Garita Creek","display_name":"La Garita Creek","source_name":"La Garita Creek","state":"CO","atlas_class":"named_natural_stream_detail","huc8":"13010004","huc8Name":"Saguache","lineageKey":"rioGrande","lineage":"rioGrande","historic":"rioGrande","current":"rioGrande","recovery":"recoveryWatch","lineageLabel":"Rio Grande lineage","atlas_context":"cutthroat_lineage_context"}},{"type":"Feature","geometry":{"type":"LineString","coordinates":[[-106.3612,37.8724],[-106.3608,37.8723]]},"properties":{"name":"Carnero Creek","display_name":"Carnero Creek","source_name":"Carnero Creek","state":"CO","atlas_class":"named_natural_stream_detail","huc8":"13010004","huc8Name":"Saguache","lineageKey":"rioGrande","lineage":"rioGrande","historic":"rioGrande","current":"rioGrande","recovery":"recoveryWatch","lineageLabel":"Rio Grande lineage","atlas_context":"cutthroat_lineage_context"}},{"type":"Feature","geometry":{"type":"LineString","coordinates":[[-106.2081,37.8787],[-106.205,37.8792],[-106.201,37.8781],[-106.1954,37.8794]]},"properties":{"name":"Mogotas Arroyo","display_name":"Mogotas Arroyo","source_name":"Mogotas Arroyo","state":"CO","atlas_class":"named_natural_stream_detail","huc8":"13010004","huc8Name":"Saguache","lineageKey":"rioGrande","lineage":"rioGrande","historic":"rioGrande","current":"rioGrande","recovery":"recoveryWatch","lineageLabel":"Rio Grande lineage","atlas_context":"cutthroat_lineage_context"}},{"type":"Feature","geometry":{"type":"LineString","coordinates":[[-106.3906,37.9112],[-106.3905,37.9108]]},"properties":{"name":"North Fork Carnero Creek","display_name":"North Fork Carnero Creek","source_name":"North Fork Carnero Creek","state":"CO","atlas_class":"named_natural_stream_detail","huc8":"13010004","huc8Name":"Saguache","lineageKey":"rioGrande","lineage":"rioGrande","historic":"rioGrande","current":"rioGrande","recovery":"recoveryWatch","lineageLabel":"Rio Grande lineage","atlas_context":"cutthroat_lineage_context"}},{"type":"Feature","geometry":{"type":"LineString","coordinates":[[-106.3465,37.8273],[-106.3456,37.8266]]},"properties":{"name":"La Garita Creek","display_name":"La Garita Creek","source_name":"La Garita Creek","state":"CO","atlas_class":"named_natural_stream_detail","huc8":"13010004","huc8Name":"Saguache","lineageKey":"rioGrande","lineage":"rioGrande","historic":"rioGrande","current":"rioGrande","recovery":"recoveryWatch","lineageLabel":"Rio Grande lineage","atlas_context":"cutthroat_lineage_context"}},{"type":"Feature","geometry":{"type":"LineString","coordinates":[[-106.3423,37.8248],[-106.3394,37.8217],[-106.3377,37.8216]]},"properties":{"name":"La Garita Creek","display_name":"La Garita Creek","source_name":"La Garita Creek","state":"CO","atlas_class":"named_natural_stream_detail","huc8":"13010004","huc8Name":"Saguache","lineageKey":"rioGrande","lineage":"rioGrande","historic":"rioGrande","current":"rioGrande","recovery":"recoveryWatch","lineageLabel":"Rio Grande lineage","atlas_context":"cutthroat_lineage_context"}},{"type":"Feature","geometry":{"type":"LineString","coordinates":[[-106.3734,37.8379],[-106.3725,37.838]]},"properties":{"name":"La Garita Creek","display_name":"La Garita Creek","source_name":"La Garita Creek","state":"CO","atlas_class":"named_natural_stream_detail","huc8":"13010004","huc8Name":"Saguache","lineageKey":"rioGrande","lineage":"rioGrande","historic":"rioGrande","current":"rioGrande","recovery":"recoveryWatch","lineageLabel":"Rio Grande lineage","atlas_context":"cutthroat_lineage_context"}},{"type":"Feature","geometry":{"type":"LineString","coordinates":[[-106.3473,37.9587],[-106.3502,37.9578],[-106.355,37.9589]]},"properties":{"name":"Sawlog Creek","display_name":"Sawlog Creek","source_name":"Sawlog Creek","state":"CO","atlas_class":"named_natural_stream_detail","huc8":"13010004","huc8Name":"Saguache","lineageKey":"rioGrande","lineage":"rioGrande","historic":"rioGrande","current":"rioGrande","recovery":"recoveryWatch","lineageLabel":"Rio Grande lineage","atlas_context":"cutthroat_lineage_context"}},{"type":"Feature","geometry":{"type":"LineString","coordinates":[[-106.3905,37.9106],[-106.3906,37.9092]]},"properties":{"name":"North Fork Carnero Creek","display_name":"North Fork Carnero Creek","source_name":"North Fork Carnero Creek","state":"CO","atlas_class":"named_natural_stream_detail","huc8":"13010004","huc8Name":"Saguache","lineageKey":"rioGrande","lineage":"rioGrande","historic":"rioGrande","current":"rioGrande","recovery":"recoveryWatch","lineageLabel":"Rio Grande lineage","atlas_context":"cutthroat_lineage_context"}},{"type":"Feature","geometry":{"type":"LineString","coordinates":[[-106.3889,37.935],[-106.3898,37.9324]]},"properties":{"name":"North Fork Carnero Creek","display_name":"North Fork Carnero Creek","source_name":"North Fork Carnero Creek","state":"CO","atlas_class":"named_natural_stream_detail","huc8":"13010004","huc8Name":"Saguache","lineageKey":"rioGrande","lineage":"rioGrande","historic":"rioGrande","current":"rioGrande","recovery":"recoveryWatch","lineageLabel":"Rio Grande lineage","atlas_context":"cutthroat_lineage_context"}},{"type":"Feature","geometry":{"type":"LineString","coordinates":[[-106.2594,37.9464],[-106.2582,37.9461]]},"properties":{"name":"Cottonwood Creek","display_name":"Cottonwood Creek","source_name":"Cottonwood Creek","state":"CO","atlas_class":"named_natural_stream_detail","huc8":"13010004","huc8Name":"Saguache","lineageKey":"rioGrande","lineage":"rioGrande","historic":"rioGrande","current":"rioGrande","recovery":"recoveryWatch","lineageLabel":"Rio Grande lineage","atlas_context":"cutthroat_lineage_context"}},{"type":"Feature","geometry":{"type":"LineString","coordinates":[[-106.3919,37.849],[-106.3916,37.8485]]},"properties":{"name":"Little La Garita Creek","display_name":"Little La Garita Creek","source_name":"Little La Garita Creek","state":"CO","atlas_class":"named_natural_stream_detail","huc8":"13010004","huc8Name":"Saguache","lineageKey":"rioGrande","lineage":"rioGrande","historic":"rioGrande","current":"rioGrande","recovery":"recoveryWatch","lineageLabel":"Rio Grande lineage","atlas_context":"cutthroat_lineage_context"}},{"type":"Feature","geometry":{"type":"LineString","coordinates":[[-106.399,37.8567],[-106.3982,37.8566]]},"properties":{"name":"Little La Garita Creek","display_name":"Little La Garita Creek","source_name":"Little La Garita Creek","state":"CO","atlas_class":"named_natural_stream_detail","huc8":"13010004","huc8Name":"Saguache","lineageKey":"rioGrande","lineage":"rioGrande","historic":"rioGrande","current":"rioGrande","recovery":"recoveryWatch","lineageLabel":"Rio Grande lineage","atlas_context":"cutthroat_lineage_context"}},{"type":"Feature","geometry":{"type":"LineString","coordinates":[[-106.37,37.9811],[-106.3721,37.977]]},"properties":{"name":"North Fork Carnero Creek","display_name":"North Fork Carnero Creek","source_name":"North Fork Carnero Creek","state":"CO","atlas_class":"named_natural_stream_detail","huc8":"13010004","huc8Name":"Saguache","lineageKey":"rioGrande","lineage":"rioGrande","historic":"rioGrande","current":"rioGrande","recovery":"recoveryWatch","lineageLabel":"Rio Grande lineage","atlas_context":"cutthroat_lineage_context"}},{"type":"Feature","geometry":{"type":"LineString","coordinates":[[-106.2507,37.9593],[-106.249,37.9563],[-106.2452,37.9533]]},"properties":{"name":"Little Cottonwood Creek","display_name":"Little Cottonwood Creek","source_name":"Little Cottonwood Creek","state":"CO","atlas_class":"named_natural_stream_detail","huc8":"13010004","huc8Name":"Saguache","lineageKey":"rioGrande","lineage":"rioGrande","historic":"rioGrande","current":"rioGrande","recovery":"recoveryWatch","lineageLabel":"Rio Grande lineage","atlas_context":"cutthroat_lineage_context"}},{"type":"Feature","geometry":{"type":"LineString","coordinates":[[-106.3213,37.9563],[-106.3193,37.9553]]},"properties":{"name":"Biedell Creek","display_name":"Biedell Creek","source_name":"Biedell Creek","state":"CO","atlas_class":"named_natural_stream_detail","huc8":"13010004","huc8Name":"Saguache","lineageKey":"rioGrande","lineage":"rioGrande","historic":"rioGrande","current":"rioGrande","recovery":"recoveryWatch","lineageLabel":"Rio Grande lineage","atlas_context":"cutthroat_lineage_context"}},{"type":"Feature","geometry":{"type":"LineString","coordinates":[[-106.3944,37.8405],[-106.3912,37.8402],[-106.389,37.841]]},"properties":{"name":"La Garita Creek","display_name":"La Garita Creek","source_name":"La Garita Creek","state":"CO","atlas_class":"named_natural_stream_detail","huc8":"13010004","huc8Name":"Saguache","lineageKey":"rioGrande","lineage":"rioGrande","historic":"rioGrande","current":"rioGrande","recovery":"recoveryWatch","lineageLabel":"Rio Grande lineage","atlas_context":"cutthroat_lineage_context"}},{"type":"Feature","geometry":{"type":"LineString","coordinates":[[-106.3894,37.9569],[-106.3889,37.955]]},"properties":{"name":"North Fork Carnero Creek","display_name":"North Fork Carnero Creek","source_name":"North Fork Carnero Creek","state":"CO","atlas_class":"named_natural_stream_detail","huc8":"13010004","huc8Name":"Saguache","lineageKey":"rioGrande","lineage":"rioGrande","historic":"rioGrande","current":"rioGrande","recovery":"recoveryWatch","lineageLabel":"Rio Grande lineage","atlas_context":"cutthroat_lineage_context"}},{"type":"Feature","geometry":{"type":"LineString","coordinates":[[-106.391,37.9451],[-106.3911,37.9447]]},"properties":{"name":"North Fork Carnero Creek","display_name":"North Fork Carnero Creek","source_name":"North Fork Carnero Creek","state":"CO","atlas_class":"named_natural_stream_detail","huc8":"13010004","huc8Name":"Saguache","lineageKey":"rioGrande","lineage":"rioGrande","historic":"rioGrande","current":"rioGrande","recovery":"recoveryWatch","lineageLabel":"Rio Grande lineage","atlas_context":"cutthroat_lineage_context"}},{"type":"Feature","geometry":{"type":"LineString","coordinates":[[-106.3846,37.9961],[-106.3848,37.9958]]},"properties":{"name":"Masauernez Creek","display_name":"Masauernez Creek","source_name":"Masauernez Creek","state":"CO","atlas_class":"named_natural_stream_detail","huc8":"13010004","huc8Name":"Saguache","lineageKey":"rioGrande","lineage":"rioGrande","historic":"rioGrande","current":"rioGrande","recovery":"recoveryWatch","lineageLabel":"Rio Grande lineage","atlas_context":"cutthroat_lineage_context"}},{"type":"Feature","geometry":{"type":"LineString","coordinates":[[-106.3684,37.8452],[-106.3668,37.8435]]},"properties":{"name":"Castor Creek","display_name":"Castor Creek","source_name":"Castor Creek","state":"CO","atlas_class":"named_natural_stream_detail","huc8":"13010004","huc8Name":"Saguache","lineageKey":"rioGrande","lineage":"rioGrande","historic":"rioGrande","current":"rioGrande","recovery":"recoveryWatch","lineageLabel":"Rio Grande lineage","atlas_context":"cutthroat_lineage_context"}},{"type":"Feature","geometry":{"type":"LineString","coordinates":[[-106.3358,37.9351],[-106.3286,37.9317]]},"properties":{"name":"Lime Creek","display_name":"Lime Creek","source_name":"Lime Creek","state":"CO","atlas_class":"named_natural_stream_detail","huc8":"13010004","huc8Name":"Saguache","lineageKey":"rioGrande","lineage":"rioGrande","historic":"rioGrande","current":"rioGrande","recovery":"recoveryWatch","lineageLabel":"Rio Grande lineage","atlas_context":"cutthroat_lineage_context"}},{"type":"Feature","geometry":{"type":"LineString","coordinates":[[-106.3588,38.0039],[-106.3599,38.0004],[-106.3628,37.9982]]},"properties":{"name":"North Fork Carnero Creek","display_name":"North Fork Carnero Creek","source_name":"North Fork Carnero Creek","state":"CO","atlas_class":"named_natural_stream_detail","huc8":"13010004","huc8Name":"Saguache","lineageKey":"rioGrande","lineage":"rioGrande","historic":"rioGrande","current":"rioGrande","recovery":"recoveryWatch","lineageLabel":"Rio Grande lineage","atlas_context":"cutthroat_lineage_context"}},{"type":"Feature","geometry":{"type":"LineString","coordinates":[[-106.3846,37.8406],[-106.3756,37.8384]]},"properties":{"name":"La Garita Creek","display_name":"La Garita Creek","source_name":"La Garita Creek","state":"CO","atlas_class":"named_natural_stream_detail","huc8":"13010004","huc8Name":"Saguache","lineageKey":"rioGrande","lineage":"rioGrande","historic":"rioGrande","current":"rioGrande","recovery":"recoveryWatch","lineageLabel":"Rio Grande lineage","atlas_context":"cutthroat_lineage_context"}},{"type":"Feature","geometry":{"type":"LineString","coordinates":[[-106.3909,37.9044],[-106.3908,37.9034]]},"properties":{"name":"Carnero Creek","display_name":"Carnero Creek","source_name":"Carnero Creek","state":"CO","atlas_class":"named_natural_stream_detail","huc8":"13010004","huc8Name":"Saguache","lineageKey":"rioGrande","lineage":"rioGrande","historic":"rioGrande","current":"rioGrande","recovery":"recoveryWatch","lineageLabel":"Rio Grande lineage","atlas_context":"cutthroat_lineage_context"}},{"type":"Feature","geometry":{"type":"LineString","coordinates":[[-106.2589,37.8599],[-106.2582,37.8603]]},"properties":{"name":"Mogotas Arroyo","display_name":"Mogotas Arroyo","source_name":"Mogotas Arroyo","state":"CO","atlas_class":"named_natural_stream_detail","huc8":"13010004","huc8Name":"Saguache","lineageKey":"rioGrande","lineage":"rioGrande","historic":"rioGrande","current":"rioGrande","recovery":"recoveryWatch","lineageLabel":"Rio Grande lineage","atlas_context":"cutthroat_lineage_context"}},{"type":"Feature","geometry":{"type":"LineString","coordinates":[[-106.3812,37.8912],[-106.3808,37.8908]]},"properties":{"name":"Carnero Creek","display_name":"Carnero Creek","source_name":"Carnero Creek","state":"CO","atlas_class":"named_natural_stream_detail","huc8":"13010004","huc8Name":"Saguache","lineageKey":"rioGrande","lineage":"rioGrande","historic":"rioGrande","current":"rioGrande","recovery":"recoveryWatch","lineageLabel":"Rio Grande lineage","atlas_context":"cutthroat_lineage_context"}},{"type":"Feature","geometry":{"type":"LineString","coordinates":[[-106.2649,37.8512],[-106.2634,37.8513]]},"properties":{"name":"Carnero Creek","display_name":"Carnero Creek","source_name":"Carnero Creek","state":"CO","atlas_class":"named_natural_stream_detail","huc8":"13010004","huc8Name":"Saguache","lineageKey":"rioGrande","lineage":"rioGrande","historic":"rioGrande","current":"rioGrande","recovery":"recoveryWatch","lineageLabel":"Rio Grande lineage","atlas_context":"cutthroat_lineage_context"}},{"type":"Feature","geometry":{"type":"LineString","coordinates":[[-106.3653,37.8408],[-106.3644,37.8396],[-106.3648,37.8375]]},"properties":{"name":"Castor Creek","display_name":"Castor Creek","source_name":"Castor Creek","state":"CO","atlas_class":"named_natural_stream_detail","huc8":"13010004","huc8Name":"Saguache","lineageKey":"rioGrande","lineage":"rioGrande","historic":"rioGrande","current":"rioGrande","recovery":"recoveryWatch","lineageLabel":"Rio Grande lineage","atlas_context":"cutthroat_lineage_context"}},{"type":"Feature","geometry":{"type":"LineString","coordinates":[[-106.2842,37.9768],[-106.2836,37.9768]]},"properties":{"name":"Little Cottonwood Creek","display_name":"Little Cottonwood Creek","source_name":"Little Cottonwood Creek","state":"CO","atlas_class":"named_natural_stream_detail","huc8":"13010004","huc8Name":"Saguache","lineageKey":"rioGrande","lineage":"rioGrande","historic":"rioGrande","current":"rioGrande","recovery":"recoveryWatch","lineageLabel":"Rio Grande lineage","atlas_context":"cutthroat_lineage_context"}},{"type":"Feature","geometry":{"type":"LineString","coordinates":[[-106.2922,37.9951],[-106.289,37.9918]]},"properties":{"name":"San Juan Creek","display_name":"San Juan Creek","source_name":"San Juan Creek","state":"CO","atlas_class":"named_natural_stream_detail","huc8":"13010004","huc8Name":"Saguache","lineageKey":"rioGrande","lineage":"rioGrande","historic":"rioGrande","current":"rioGrande","recovery":"recoveryWatch","lineageLabel":"Rio Grande lineage","atlas_context":"cutthroat_lineage_context"}},{"type":"Feature","geometry":{"type":"LineString","coordinates":[[-106.289,37.9918],[-106.2874,37.9904]]},"properties":{"name":"San Juan Creek","display_name":"San Juan Creek","source_name":"San Juan Creek","state":"CO","atlas_class":"named_natural_stream_detail","huc8":"13010004","huc8Name":"Saguache","lineageKey":"rioGrande","lineage":"rioGrande","historic":"rioGrande","current":"rioGrande","recovery":"recoveryWatch","lineageLabel":"Rio Grande lineage","atlas_context":"cutthroat_lineage_context"}},{"type":"Feature","geometry":{"type":"LineString","coordinates":[[-106.2555,37.9457],[-106.2553,37.9458]]},"properties":{"name":"Cottonwood Creek","display_name":"Cottonwood Creek","source_name":"Cottonwood Creek","state":"CO","atlas_class":"named_natural_stream_detail","huc8":"13010004","huc8Name":"Saguache","lineageKey":"rioGrande","lineage":"rioGrande","historic":"rioGrande","current":"rioGrande","recovery":"recoveryWatch","lineageLabel":"Rio Grande lineage","atlas_context":"cutthroat_lineage_context"}},{"type":"Feature","geometry":{"type":"LineString","coordinates":[[-106.4008,37.8572],[-106.3995,37.8569]]},"properties":{"name":"Little La Garita Creek","display_name":"Little La Garita Creek","source_name":"Little La Garita Creek","state":"CO","atlas_class":"named_natural_stream_detail","huc8":"13010004","huc8Name":"Saguache","lineageKey":"rioGrande","lineage":"rioGrande","historic":"rioGrande","current":"rioGrande","recovery":"recoveryWatch","lineageLabel":"Rio Grande lineage","atlas_context":"cutthroat_lineage_context"}},{"type":"Feature","geometry":{"type":"LineString","coordinates":[[-106.3528,37.8679],[-106.3516,37.8666]]},"properties":{"name":"Carnero Creek","display_name":"Carnero Creek","source_name":"Carnero Creek","state":"CO","atlas_class":"named_natural_stream_detail","huc8":"13010004","huc8Name":"Saguache","lineageKey":"rioGrande","lineage":"rioGrande","historic":"rioGrande","current":"rioGrande","recovery":"recoveryWatch","lineageLabel":"Rio Grande lineage","atlas_context":"cutthroat_lineage_context"}},{"type":"Feature","geometry":{"type":"LineString","coordinates":[[-106.28,37.9616],[-106.2755,37.9587]]},"properties":{"name":"Cottonwood Creek","display_name":"Cottonwood Creek","source_name":"Cottonwood Creek","state":"CO","atlas_class":"named_natural_stream_detail","huc8":"13010004","huc8Name":"Saguache","lineageKey":"rioGrande","lineage":"rioGrande","historic":"rioGrande","current":"rioGrande","recovery":"recoveryWatch","lineageLabel":"Rio Grande lineage","atlas_context":"cutthroat_lineage_context"}},{"type":"Feature","geometry":{"type":"LineString","coordinates":[[-106.4013,37.9134],[-106.3999,37.9122]]},"properties":{"name":"Middle Fork Carnero Creek","display_name":"Middle Fork Carnero Creek","source_name":"Middle Fork Carnero Creek","state":"CO","atlas_class":"named_natural_stream_detail","huc8":"13010004","huc8Name":"Saguache","lineageKey":"rioGrande","lineage":"rioGrande","historic":"rioGrande","current":"rioGrande","recovery":"recoveryWatch","lineageLabel":"Rio Grande lineage","atlas_context":"cutthroat_lineage_context"}},{"type":"Feature","geometry":{"type":"LineString","coordinates":[[-106.267,37.8552],[-106.2658,37.8558]]},"properties":{"name":"Mogotas Arroyo","display_name":"Mogotas Arroyo","source_name":"Mogotas Arroyo","state":"CO","atlas_class":"named_natural_stream_detail","huc8":"13010004","huc8Name":"Saguache","lineageKey":"rioGrande","lineage":"rioGrande","historic":"rioGrande","current":"rioGrande","recovery":"recoveryWatch","lineageLabel":"Rio Grande lineage","atlas_context":"cutthroat_lineage_context"}},{"type":"Feature","geometry":{"type":"LineString","coordinates":[[-106.2523,37.9603],[-106.2512,37.9594]]},"properties":{"name":"Little Cottonwood Creek","display_name":"Little Cottonwood Creek","source_name":"Little Cottonwood Creek","state":"CO","atlas_class":"named_natural_stream_detail","huc8":"13010004","huc8Name":"Saguache","lineageKey":"rioGrande","lineage":"rioGrande","historic":"rioGrande","current":"rioGrande","recovery":"recoveryWatch","lineageLabel":"Rio Grande lineage","atlas_context":"cutthroat_lineage_context"}},{"type":"Feature","geometry":{"type":"LineString","coordinates":[[-106.305,37.9858],[-106.301,37.9814],[-106.2882,37.9786],[-106.2842,37.9768]]},"properties":{"name":"Little Cottonwood Creek","display_name":"Little Cottonwood Creek","source_name":"Little Cottonwood Creek","state":"CO","atlas_class":"named_natural_stream_detail","huc8":"13010004","huc8Name":"Saguache","lineageKey":"rioGrande","lineage":"rioGrande","historic":"rioGrande","current":"rioGrande","recovery":"recoveryWatch","lineageLabel":"Rio Grande lineage","atlas_context":"cutthroat_lineage_context"}},{"type":"Feature","geometry":{"type":"LineString","coordinates":[[-106.3538,37.8689],[-106.3532,37.8679]]},"properties":{"name":"Carnero Creek","display_name":"Carnero Creek","source_name":"Carnero Creek","state":"CO","atlas_class":"named_natural_stream_detail","huc8":"13010004","huc8Name":"Saguache","lineageKey":"rioGrande","lineage":"rioGrande","historic":"rioGrande","current":"rioGrande","recovery":"recoveryWatch","lineageLabel":"Rio Grande lineage","atlas_context":"cutthroat_lineage_context"}},{"type":"Feature","geometry":{"type":"LineString","coordinates":[[-106.395,37.907],[-106.3933,37.9052]]},"properties":{"name":"Middle Fork Carnero Creek","display_name":"Middle Fork Carnero Creek","source_name":"Middle Fork Carnero Creek","state":"CO","atlas_class":"named_natural_stream_detail","huc8":"13010004","huc8Name":"Saguache","lineageKey":"rioGrande","lineage":"rioGrande","historic":"rioGrande","current":"rioGrande","recovery":"recoveryWatch","lineageLabel":"Rio Grande lineage","atlas_context":"cutthroat_lineage_context"}},{"type":"Feature","geometry":{"type":"LineString","coordinates":[[-106.3893,37.9584],[-106.3894,37.9569]]},"properties":{"name":"North Fork Carnero Creek","display_name":"North Fork Carnero Creek","source_name":"North Fork Carnero Creek","state":"CO","atlas_class":"named_natural_stream_detail","huc8":"13010004","huc8Name":"Saguache","lineageKey":"rioGrande","lineage":"rioGrande","historic":"rioGrande","current":"rioGrande","recovery":"recoveryWatch","lineageLabel":"Rio Grande lineage","atlas_context":"cutthroat_lineage_context"}},{"type":"Feature","geometry":{"type":"LineString","coordinates":[[-106.3933,37.8512],[-106.3923,37.85]]},"properties":{"name":"Little La Garita Creek","display_name":"Little La Garita Creek","source_name":"Little La Garita Creek","state":"CO","atlas_class":"named_natural_stream_detail","huc8":"13010004","huc8Name":"Saguache","lineageKey":"rioGrande","lineage":"rioGrande","historic":"rioGrande","current":"rioGrande","recovery":"recoveryWatch","lineageLabel":"Rio Grande lineage","atlas_context":"cutthroat_lineage_context"}},{"type":"Feature","geometry":{"type":"LineString","coordinates":[[-106.3796,37.8893],[-106.3789,37.8883]]},"properties":{"name":"Carnero Creek","display_name":"Carnero Creek","source_name":"Carnero Creek","state":"CO","atlas_class":"named_natural_stream_detail","huc8":"13010004","huc8Name":"Saguache","lineageKey":"rioGrande","lineage":"rioGrande","historic":"rioGrande","current":"rioGrande","recovery":"recoveryWatch","lineageLabel":"Rio Grande lineage","atlas_context":"cutthroat_lineage_context"}},{"type":"Feature","geometry":{"type":"LineString","coordinates":[[-106.2773,37.9744],[-106.2757,37.9709],[-106.2737,37.9691]]},"properties":{"name":"Little Cottonwood Creek","display_name":"Little Cottonwood Creek","source_name":"Little Cottonwood Creek","state":"CO","atlas_class":"named_natural_stream_detail","huc8":"13010004","huc8Name":"Saguache","lineageKey":"rioGrande","lineage":"rioGrande","historic":"rioGrande","current":"rioGrande","recovery":"recoveryWatch","lineageLabel":"Rio Grande lineage","atlas_context":"cutthroat_lineage_context"}},{"type":"Feature","geometry":{"type":"LineString","coordinates":[[-106.2717,37.9681],[-106.2687,37.9671]]},"properties":{"name":"Little Cottonwood Creek","display_name":"Little Cottonwood Creek","source_name":"Little Cottonwood Creek","state":"CO","atlas_class":"named_natural_stream_detail","huc8":"13010004","huc8Name":"Saguache","lineageKey":"rioGrande","lineage":"rioGrande","historic":"rioGrande","current":"rioGrande","recovery":"recoveryWatch","lineageLabel":"Rio Grande lineage","atlas_context":"cutthroat_lineage_context"}},{"type":"Feature","geometry":{"type":"LineString","coordinates":[[-106.3657,37.9865],[-106.3674,37.9837]]},"properties":{"name":"North Fork Carnero Creek","display_name":"North Fork Carnero Creek","source_name":"North Fork Carnero Creek","state":"CO","atlas_class":"named_natural_stream_detail","huc8":"13010004","huc8Name":"Saguache","lineageKey":"rioGrande","lineage":"rioGrande","historic":"rioGrande","current":"rioGrande","recovery":"recoveryWatch","lineageLabel":"Rio Grande lineage","atlas_context":"cutthroat_lineage_context"}},{"type":"Feature","geometry":{"type":"LineString","coordinates":[[-106.3898,37.9303],[-106.3901,37.9265]]},"properties":{"name":"North Fork Carnero Creek","display_name":"North Fork Carnero Creek","source_name":"North Fork Carnero Creek","state":"CO","atlas_class":"named_natural_stream_detail","huc8":"13010004","huc8Name":"Saguache","lineageKey":"rioGrande","lineage":"rioGrande","historic":"rioGrande","current":"rioGrande","recovery":"recoveryWatch","lineageLabel":"Rio Grande lineage","atlas_context":"cutthroat_lineage_context"}},{"type":"Feature","geometry":{"type":"LineString","coordinates":[[-106.3901,37.9657],[-106.3892,37.9649]]},"properties":{"name":"Mann Creek","display_name":"Mann Creek","source_name":"Mann Creek","state":"CO","atlas_class":"named_natural_stream_detail","huc8":"13010004","huc8Name":"Saguache","lineageKey":"rioGrande","lineage":"rioGrande","historic":"rioGrande","current":"rioGrande","recovery":"recoveryWatch","lineageLabel":"Rio Grande lineage","atlas_context":"cutthroat_lineage_context"}},{"type":"Feature","geometry":{"type":"LineString","coordinates":[[-106.3889,37.9596],[-106.3893,37.9584]]},"properties":{"name":"North Fork Carnero Creek","display_name":"North Fork Carnero Creek","source_name":"North Fork Carnero Creek","state":"CO","atlas_class":"named_natural_stream_detail","huc8":"13010004","huc8Name":"Saguache","lineageKey":"rioGrande","lineage":"rioGrande","historic":"rioGrande","current":"rioGrande","recovery":"recoveryWatch","lineageLabel":"Rio Grande lineage","atlas_context":"cutthroat_lineage_context"}},{"type":"Feature","geometry":{"type":"LineString","coordinates":[[-106.2582,37.9461],[-106.2555,37.9457]]},"properties":{"name":"Cottonwood Creek","display_name":"Cottonwood Creek","source_name":"Cottonwood Creek","state":"CO","atlas_class":"named_natural_stream_detail","huc8":"13010004","huc8Name":"Saguache","lineageKey":"rioGrande","lineage":"rioGrande","historic":"rioGrande","current":"rioGrande","recovery":"recoveryWatch","lineageLabel":"Rio Grande lineage","atlas_context":"cutthroat_lineage_context"}},{"type":"Feature","geometry":{"type":"LineString","coordinates":[[-106.3975,37.9092],[-106.395,37.907]]},"properties":{"name":"Middle Fork Carnero Creek","display_name":"Middle Fork Carnero Creek","source_name":"Middle Fork Carnero Creek","state":"CO","atlas_class":"named_natural_stream_detail","huc8":"13010004","huc8Name":"Saguache","lineageKey":"rioGrande","lineage":"rioGrande","historic":"rioGrande","current":"rioGrande","recovery":"recoveryWatch","lineageLabel":"Rio Grande lineage","atlas_context":"cutthroat_lineage_context"}},{"type":"Feature","geometry":{"type":"LineString","coordinates":[[-106.3896,37.9773],[-106.3893,37.977]]},"properties":{"name":"Mann Creek","display_name":"Mann Creek","source_name":"Mann Creek","state":"CO","atlas_class":"named_natural_stream_detail","huc8":"13010004","huc8Name":"Saguache","lineageKey":"rioGrande","lineage":"rioGrande","historic":"rioGrande","current":"rioGrande","recovery":"recoveryWatch","lineageLabel":"Rio Grande lineage","atlas_context":"cutthroat_lineage_context"}},{"type":"Feature","geometry":{"type":"LineString","coordinates":[[-106.3227,37.8603],[-106.3183,37.8588]]},"properties":{"name":"Carnero Creek","display_name":"Carnero Creek","source_name":"Carnero Creek","state":"CO","atlas_class":"named_natural_stream_detail","huc8":"13010004","huc8Name":"Saguache","lineageKey":"rioGrande","lineage":"rioGrande","historic":"rioGrande","current":"rioGrande","recovery":"recoveryWatch","lineageLabel":"Rio Grande lineage","atlas_context":"cutthroat_lineage_context"}},{"type":"Feature","geometry":{"type":"LineString","coordinates":[[-106.3183,37.9774],[-106.3144,37.9776]]},"properties":{"name":"Cottonwood Creek","display_name":"Cottonwood Creek","source_name":"Cottonwood Creek","state":"CO","atlas_class":"named_natural_stream_detail","huc8":"13010004","huc8Name":"Saguache","lineageKey":"rioGrande","lineage":"rioGrande","historic":"rioGrande","current":"rioGrande","recovery":"recoveryWatch","lineageLabel":"Rio Grande lineage","atlas_context":"cutthroat_lineage_context"}},{"type":"Feature","geometry":{"type":"LineString","coordinates":[[-106.381,37.9442],[-106.3819,37.9431]]},"properties":{"name":"Sawlog Creek","display_name":"Sawlog Creek","source_name":"Sawlog Creek","state":"CO","atlas_class":"named_natural_stream_detail","huc8":"13010004","huc8Name":"Saguache","lineageKey":"rioGrande","lineage":"rioGrande","historic":"rioGrande","current":"rioGrande","recovery":"recoveryWatch","lineageLabel":"Rio Grande lineage","atlas_context":"cutthroat_lineage_context"}},{"type":"Feature","geometry":{"type":"LineString","coordinates":[[-106.3447,37.8264],[-106.3423,37.8248]]},"properties":{"name":"La Garita Creek","display_name":"La Garita Creek","source_name":"La Garita Creek","state":"CO","atlas_class":"named_natural_stream_detail","huc8":"13010004","huc8Name":"Saguache","lineageKey":"rioGrande","lineage":"rioGrande","historic":"rioGrande","current":"rioGrande","recovery":"recoveryWatch","lineageLabel":"Rio Grande lineage","atlas_context":"cutthroat_lineage_context"}},{"type":"Feature","geometry":{"type":"LineString","coordinates":[[-106.373,37.884],[-106.3708,37.8825]]},"properties":{"name":"Carnero Creek","display_name":"Carnero Creek","source_name":"Carnero Creek","state":"CO","atlas_class":"named_natural_stream_detail","huc8":"13010004","huc8Name":"Saguache","lineageKey":"rioGrande","lineage":"rioGrande","historic":"rioGrande","current":"rioGrande","recovery":"recoveryWatch","lineageLabel":"Rio Grande lineage","atlas_context":"cutthroat_lineage_context"}},{"type":"Feature","geometry":{"type":"LineString","coordinates":[[-106.3674,37.9837],[-106.3699,37.9816]]},"properties":{"name":"North Fork Carnero Creek","display_name":"North Fork Carnero Creek","source_name":"North Fork Carnero Creek","state":"CO","atlas_class":"named_natural_stream_detail","huc8":"13010004","huc8Name":"Saguache","lineageKey":"rioGrande","lineage":"rioGrande","historic":"rioGrande","current":"rioGrande","recovery":"recoveryWatch","lineageLabel":"Rio Grande lineage","atlas_context":"cutthroat_lineage_context"}},{"type":"Feature","geometry":{"type":"LineString","coordinates":[[-106.335,37.8202],[-106.3347,37.8201]]},"properties":{"name":"La Garita Creek","display_name":"La Garita Creek","source_name":"La Garita Creek","state":"CO","atlas_class":"named_natural_stream_detail","huc8":"13010004","huc8Name":"Saguache","lineageKey":"rioGrande","lineage":"rioGrande","historic":"rioGrande","current":"rioGrande","recovery":"recoveryWatch","lineageLabel":"Rio Grande lineage","atlas_context":"cutthroat_lineage_context"}},{"type":"Feature","geometry":{"type":"LineString","coordinates":[[-106.3895,37.9397],[-106.3886,37.9384],[-106.3888,37.9352]]},"properties":{"name":"North Fork Carnero Creek","display_name":"North Fork Carnero Creek","source_name":"North Fork Carnero Creek","state":"CO","atlas_class":"named_natural_stream_detail","huc8":"13010004","huc8Name":"Saguache","lineageKey":"rioGrande","lineage":"rioGrande","historic":"rioGrande","current":"rioGrande","recovery":"recoveryWatch","lineageLabel":"Rio Grande lineage","atlas_context":"cutthroat_lineage_context"}},{"type":"Feature","geometry":{"type":"LineString","coordinates":[[-106.3537,37.8337],[-106.3533,37.8338]]},"properties":{"name":"La Garita Creek","display_name":"La Garita Creek","source_name":"La Garita Creek","state":"CO","atlas_class":"named_natural_stream_detail","huc8":"13010004","huc8Name":"Saguache","lineageKey":"rioGrande","lineage":"rioGrande","historic":"rioGrande","current":"rioGrande","recovery":"recoveryWatch","lineageLabel":"Rio Grande lineage","atlas_context":"cutthroat_lineage_context"}},{"type":"Feature","geometry":{"type":"LineString","coordinates":[[-106.3105,37.8133],[-106.3072,37.8133],[-106.3068,37.8141]]},"properties":{"name":"La Garita Creek","display_name":"La Garita Creek","source_name":"La Garita Creek","state":"CO","atlas_class":"named_natural_stream_detail","huc8":"13010004","huc8Name":"Saguache","lineageKey":"rioGrande","lineage":"rioGrande","historic":"rioGrande","current":"rioGrande","recovery":"recoveryWatch","lineageLabel":"Rio Grande lineage","atlas_context":"cutthroat_lineage_context"}},{"type":"Feature","geometry":{"type":"LineString","coordinates":[[-106.2649,37.8512],[-106.2624,37.8504],[-106.2613,37.8484],[-106.2538,37.8448],[-106.2486,37.8291]]},"properties":{"name":"Wilson Arroyo","display_name":"Wilson Arroyo","source_name":"Wilson Arroyo","state":"CO","atlas_class":"named_natural_stream_detail","huc8":"13010004","huc8Name":"Saguache","lineageKey":"rioGrande","lineage":"rioGrande","historic":"rioGrande","current":"rioGrande","recovery":"recoveryWatch","lineageLabel":"Rio Grande lineage","atlas_context":"cutthroat_lineage_context"}}]}