{"type":"FeatureCollection","metadata":{"source":"C:\\ct-atlas-data\\processed\\geojson\\interpreted\\colorado_named_natural_streams_complete_v1.geojson","tier":"tier1","tile_size_degrees":0.25,"x":-430,"y":154,"bounds":{"west":-107.5,"south":38.5,"east":-107.25,"north":38.75}},"features":[{"type":"Feature","geometry":{"type":"LineString","coordinates":[[-107.2839,38.6945],[-107.2846,38.6936]]},"properties":{"source_id":"co_named_stream_086011","name":"Soap Creek","display_name":"Soap Creek","mapped_name":"Soap Creek","source_name":"Soap Creek","state":"CO","atlas_class":"named_natural_stream","huc8":"14020002","huc8Name":"Upper Gunnison","huc8States":"CO","lineageKey":"coloradoRiver","lineage":"coloradoRiver","historic":"coloradoRiver","current":"coloradoRiver","recovery":"recoveryWatch","lineageLabel":"Colorado River green lineage","lineageBasin":"Upper Gunnison","lineageNote":"Gunnison green-lineage context","atlas_context":"cutthroat_lineage_context","confidence":"Watershed-level lineage context; expert review recommended","geometryStatus":"Named natural stream segment from statewide hydrography","note":"This named natural stream falls within a HUC8 assigned to a cutthroat lineage context.","source_segment_id":"co_named_stream_086011","water_id":"co_soap_creek_14020002_coloradoRiver_001","occurrence_id":"co_soap_creek_14020002_coloradoRiver_001","occurrence_number":"001","segment_count":97,"disambiguator":"Upper Gunnison · Colorado River green lineage · occurrence 001","basin":"Upper Gunnison","atlas_layer":"named_water_occurrence","object_role":"named_water_occurrence","historic_label":"Colorado River green lineage","current_label":"Colorado River green lineage","recovery_label":"Recovery watch / review area","tier":"tier1","minZoom":10,"confidence_public":"Watershed-level lineage context; expert review recommended","geometry_status_public":"Named natural stream occurrence from statewide hydrography","geometry_source_public":"Grouped public hydrography segments","trout_source_public":"Compiled public recovery and lineage context; expert review recommended","public_notes":"Soap Creek is shown as a named-water occurrence within watershed-level cutthroat lineage context. This is not a precise biological boundary."}},{"type":"Feature","geometry":{"type":"LineString","coordinates":[[-107.273,38.7211],[-107.2781,38.7194]]},"properties":{"source_id":"co_named_stream_086012","name":"Soap Creek","display_name":"Soap Creek","mapped_name":"Soap Creek","source_name":"Soap Creek","state":"CO","atlas_class":"named_natural_stream","huc8":"14020002","huc8Name":"Upper Gunnison","huc8States":"CO","lineageKey":"coloradoRiver","lineage":"coloradoRiver","historic":"coloradoRiver","current":"coloradoRiver","recovery":"recoveryWatch","lineageLabel":"Colorado River green lineage","lineageBasin":"Upper Gunnison","lineageNote":"Gunnison green-lineage context","atlas_context":"cutthroat_lineage_context","confidence":"Watershed-level lineage context; expert review recommended","geometryStatus":"Named natural stream segment from statewide hydrography","note":"This named natural stream falls within a HUC8 assigned to a cutthroat lineage context.","source_segment_id":"co_named_stream_086012","water_id":"co_soap_creek_14020002_coloradoRiver_001","occurrence_id":"co_soap_creek_14020002_coloradoRiver_001","occurrence_number":"001","segment_count":97,"disambiguator":"Upper Gunnison · Colorado River green lineage · occurrence 001","basin":"Upper Gunnison","atlas_layer":"named_water_occurrence","object_role":"named_water_occurrence","historic_label":"Colorado River green lineage","current_label":"Colorado River green lineage","recovery_label":"Recovery watch / review area","tier":"tier1","minZoom":10,"confidence_public":"Watershed-level lineage context; expert review recommended","geometry_status_public":"Named natural stream occurrence from statewide hydrography","geometry_source_public":"Grouped public hydrography segments","trout_source_public":"Compiled public recovery and lineage context; expert review recommended","public_notes":"Soap Creek is shown as a named-water occurrence within watershed-level cutthroat lineage context. This is not a precise biological boundary."}},{"type":"Feature","geometry":{"type":"LineString","coordinates":[[-107.2781,38.7194],[-107.2795,38.718],[-107.2802,38.7151]]},"properties":{"source_id":"co_named_stream_086014","name":"Soap Creek","display_name":"Soap Creek","mapped_name":"Soap Creek","source_name":"Soap Creek","state":"CO","atlas_class":"named_natural_stream","huc8":"14020002","huc8Name":"Upper Gunnison","huc8States":"CO","lineageKey":"coloradoRiver","lineage":"coloradoRiver","historic":"coloradoRiver","current":"coloradoRiver","recovery":"recoveryWatch","lineageLabel":"Colorado River green lineage","lineageBasin":"Upper Gunnison","lineageNote":"Gunnison green-lineage context","atlas_context":"cutthroat_lineage_context","confidence":"Watershed-level lineage context; expert review recommended","geometryStatus":"Named natural stream segment from statewide hydrography","note":"This named natural stream falls within a HUC8 assigned to a cutthroat lineage context.","source_segment_id":"co_named_stream_086014","water_id":"co_soap_creek_14020002_coloradoRiver_001","occurrence_id":"co_soap_creek_14020002_coloradoRiver_001","occurrence_number":"001","segment_count":97,"disambiguator":"Upper Gunnison · Colorado River green lineage · occurrence 001","basin":"Upper Gunnison","atlas_layer":"named_water_occurrence","object_role":"named_water_occurrence","historic_label":"Colorado River green lineage","current_label":"Colorado River green lineage","recovery_label":"Recovery watch / review area","tier":"tier1","minZoom":10,"confidence_public":"Watershed-level lineage context; expert review recommended","geometry_status_public":"Named natural stream occurrence from statewide hydrography","geometry_source_public":"Grouped public hydrography segments","trout_source_public":"Compiled public recovery and lineage context; expert review recommended","public_notes":"Soap Creek is shown as a named-water occurrence within watershed-level cutthroat lineage context. This is not a precise biological boundary."}},{"type":"Feature","geometry":{"type":"LineString","coordinates":[[-107.2806,38.714],[-107.2829,38.7081]]},"properties":{"source_id":"co_named_stream_086017","name":"Soap Creek","display_name":"Soap Creek","mapped_name":"Soap Creek","source_name":"Soap Creek","state":"CO","atlas_class":"named_natural_stream","huc8":"14020002","huc8Name":"Upper Gunnison","huc8States":"CO","lineageKey":"coloradoRiver","lineage":"coloradoRiver","historic":"coloradoRiver","current":"coloradoRiver","recovery":"recoveryWatch","lineageLabel":"Colorado River green lineage","lineageBasin":"Upper Gunnison","lineageNote":"Gunnison green-lineage context","atlas_context":"cutthroat_lineage_context","confidence":"Watershed-level lineage context; expert review recommended","geometryStatus":"Named natural stream segment from statewide hydrography","note":"This named natural stream falls within a HUC8 assigned to a cutthroat lineage context.","source_segment_id":"co_named_stream_086017","water_id":"co_soap_creek_14020002_coloradoRiver_001","occurrence_id":"co_soap_creek_14020002_coloradoRiver_001","occurrence_number":"001","segment_count":97,"disambiguator":"Upper Gunnison · Colorado River green lineage · occurrence 001","basin":"Upper Gunnison","atlas_layer":"named_water_occurrence","object_role":"named_water_occurrence","historic_label":"Colorado River green lineage","current_label":"Colorado River green lineage","recovery_label":"Recovery watch / review area","tier":"tier1","minZoom":10,"confidence_public":"Watershed-level lineage context; expert review recommended","geometry_status_public":"Named natural stream occurrence from statewide hydrography","geometry_source_public":"Grouped public hydrography segments","trout_source_public":"Compiled public recovery and lineage context; expert review recommended","public_notes":"Soap Creek is shown as a named-water occurrence within watershed-level cutthroat lineage context. This is not a precise biological boundary."}},{"type":"Feature","geometry":{"type":"LineString","coordinates":[[-107.2829,38.7081],[-107.2832,38.7078]]},"properties":{"source_id":"co_named_stream_086019","name":"Soap Creek","display_name":"Soap Creek","mapped_name":"Soap Creek","source_name":"Soap Creek","state":"CO","atlas_class":"named_natural_stream","huc8":"14020002","huc8Name":"Upper Gunnison","huc8States":"CO","lineageKey":"coloradoRiver","lineage":"coloradoRiver","historic":"coloradoRiver","current":"coloradoRiver","recovery":"recoveryWatch","lineageLabel":"Colorado River green lineage","lineageBasin":"Upper Gunnison","lineageNote":"Gunnison green-lineage context","atlas_context":"cutthroat_lineage_context","confidence":"Watershed-level lineage context; expert review recommended","geometryStatus":"Named natural stream segment from statewide hydrography","note":"This named natural stream falls within a HUC8 assigned to a cutthroat lineage context.","source_segment_id":"co_named_stream_086019","water_id":"co_soap_creek_14020002_coloradoRiver_001","occurrence_id":"co_soap_creek_14020002_coloradoRiver_001","occurrence_number":"001","segment_count":97,"disambiguator":"Upper Gunnison · Colorado River green lineage · occurrence 001","basin":"Upper Gunnison","atlas_layer":"named_water_occurrence","object_role":"named_water_occurrence","historic_label":"Colorado River green lineage","current_label":"Colorado River green lineage","recovery_label":"Recovery watch / review area","tier":"tier1","minZoom":10,"confidence_public":"Watershed-level lineage context; expert review recommended","geometry_status_public":"Named natural stream occurrence from statewide hydrography","geometry_source_public":"Grouped public hydrography segments","trout_source_public":"Compiled public recovery and lineage context; expert review recommended","public_notes":"Soap Creek is shown as a named-water occurrence within watershed-level cutthroat lineage context. This is not a precise biological boundary."}},{"type":"Feature","geometry":{"type":"LineString","coordinates":[[-107.2832,38.7078],[-107.284,38.705]]},"properties":{"source_id":"co_named_stream_086022","name":"Soap Creek","display_name":"Soap Creek","mapped_name":"Soap Creek","source_name":"Soap Creek","state":"CO","atlas_class":"named_natural_stream","huc8":"14020002","huc8Name":"Upper Gunnison","huc8States":"CO","lineageKey":"coloradoRiver","lineage":"coloradoRiver","historic":"coloradoRiver","current":"coloradoRiver","recovery":"recoveryWatch","lineageLabel":"Colorado River green lineage","lineageBasin":"Upper Gunnison","lineageNote":"Gunnison green-lineage context","atlas_context":"cutthroat_lineage_context","confidence":"Watershed-level lineage context; expert review recommended","geometryStatus":"Named natural stream segment from statewide hydrography","note":"This named natural stream falls within a HUC8 assigned to a cutthroat lineage context.","source_segment_id":"co_named_stream_086022","water_id":"co_soap_creek_14020002_coloradoRiver_001","occurrence_id":"co_soap_creek_14020002_coloradoRiver_001","occurrence_number":"001","segment_count":97,"disambiguator":"Upper Gunnison · Colorado River green lineage · occurrence 001","basin":"Upper Gunnison","atlas_layer":"named_water_occurrence","object_role":"named_water_occurrence","historic_label":"Colorado River green lineage","current_label":"Colorado River green lineage","recovery_label":"Recovery watch / review area","tier":"tier1","minZoom":10,"confidence_public":"Watershed-level lineage context; expert review recommended","geometry_status_public":"Named natural stream occurrence from statewide hydrography","geometry_source_public":"Grouped public hydrography segments","trout_source_public":"Compiled public recovery and lineage context; expert review recommended","public_notes":"Soap Creek is shown as a named-water occurrence within watershed-level cutthroat lineage context. This is not a precise biological boundary."}},{"type":"Feature","geometry":{"type":"LineString","coordinates":[[-107.2855,38.6987],[-107.2853,38.6984]]},"properties":{"source_id":"co_named_stream_086024","name":"Soap Creek","display_name":"Soap Creek","mapped_name":"Soap Creek","source_name":"Soap Creek","state":"CO","atlas_class":"named_natural_stream","huc8":"14020002","huc8Name":"Upper Gunnison","huc8States":"CO","lineageKey":"coloradoRiver","lineage":"coloradoRiver","historic":"coloradoRiver","current":"coloradoRiver","recovery":"recoveryWatch","lineageLabel":"Colorado River green lineage","lineageBasin":"Upper Gunnison","lineageNote":"Gunnison green-lineage context","atlas_context":"cutthroat_lineage_context","confidence":"Watershed-level lineage context; expert review recommended","geometryStatus":"Named natural stream segment from statewide hydrography","note":"This named natural stream falls within a HUC8 assigned to a cutthroat lineage context.","source_segment_id":"co_named_stream_086024","water_id":"co_soap_creek_14020002_coloradoRiver_001","occurrence_id":"co_soap_creek_14020002_coloradoRiver_001","occurrence_number":"001","segment_count":97,"disambiguator":"Upper Gunnison · Colorado River green lineage · occurrence 001","basin":"Upper Gunnison","atlas_layer":"named_water_occurrence","object_role":"named_water_occurrence","historic_label":"Colorado River green lineage","current_label":"Colorado River green lineage","recovery_label":"Recovery watch / review area","tier":"tier1","minZoom":10,"confidence_public":"Watershed-level lineage context; expert review recommended","geometry_status_public":"Named natural stream occurrence from statewide hydrography","geometry_source_public":"Grouped public hydrography segments","trout_source_public":"Compiled public recovery and lineage context; expert review recommended","public_notes":"Soap Creek is shown as a named-water occurrence within watershed-level cutthroat lineage context. This is not a precise biological boundary."}},{"type":"Feature","geometry":{"type":"LineString","coordinates":[[-107.2841,38.7045],[-107.2842,38.7037]]},"properties":{"source_id":"co_named_stream_086025","name":"Soap Creek","display_name":"Soap Creek","mapped_name":"Soap Creek","source_name":"Soap Creek","state":"CO","atlas_class":"named_natural_stream","huc8":"14020002","huc8Name":"Upper Gunnison","huc8States":"CO","lineageKey":"coloradoRiver","lineage":"coloradoRiver","historic":"coloradoRiver","current":"coloradoRiver","recovery":"recoveryWatch","lineageLabel":"Colorado River green lineage","lineageBasin":"Upper Gunnison","lineageNote":"Gunnison green-lineage context","atlas_context":"cutthroat_lineage_context","confidence":"Watershed-level lineage context; expert review recommended","geometryStatus":"Named natural stream segment from statewide hydrography","note":"This named natural stream falls within a HUC8 assigned to a cutthroat lineage context.","source_segment_id":"co_named_stream_086025","water_id":"co_soap_creek_14020002_coloradoRiver_001","occurrence_id":"co_soap_creek_14020002_coloradoRiver_001","occurrence_number":"001","segment_count":97,"disambiguator":"Upper Gunnison · Colorado River green lineage · occurrence 001","basin":"Upper Gunnison","atlas_layer":"named_water_occurrence","object_role":"named_water_occurrence","historic_label":"Colorado River green lineage","current_label":"Colorado River green lineage","recovery_label":"Recovery watch / review area","tier":"tier1","minZoom":10,"confidence_public":"Watershed-level lineage context; expert review recommended","geometry_status_public":"Named natural stream occurrence from statewide hydrography","geometry_source_public":"Grouped public hydrography segments","trout_source_public":"Compiled public recovery and lineage context; expert review recommended","public_notes":"Soap Creek is shown as a named-water occurrence within watershed-level cutthroat lineage context. This is not a precise biological boundary."}},{"type":"Feature","geometry":{"type":"LineString","coordinates":[[-107.2853,38.6984],[-107.2839,38.6945]]},"properties":{"source_id":"co_named_stream_086027","name":"Soap Creek","display_name":"Soap Creek","mapped_name":"Soap Creek","source_name":"Soap Creek","state":"CO","atlas_class":"named_natural_stream","huc8":"14020002","huc8Name":"Upper Gunnison","huc8States":"CO","lineageKey":"coloradoRiver","lineage":"coloradoRiver","historic":"coloradoRiver","current":"coloradoRiver","recovery":"recoveryWatch","lineageLabel":"Colorado River green lineage","lineageBasin":"Upper Gunnison","lineageNote":"Gunnison green-lineage context","atlas_context":"cutthroat_lineage_context","confidence":"Watershed-level lineage context; expert review recommended","geometryStatus":"Named natural stream segment from statewide hydrography","note":"This named natural stream falls within a HUC8 assigned to a cutthroat lineage context.","source_segment_id":"co_named_stream_086027","water_id":"co_soap_creek_14020002_coloradoRiver_001","occurrence_id":"co_soap_creek_14020002_coloradoRiver_001","occurrence_number":"001","segment_count":97,"disambiguator":"Upper Gunnison · Colorado River green lineage · occurrence 001","basin":"Upper Gunnison","atlas_layer":"named_water_occurrence","object_role":"named_water_occurrence","historic_label":"Colorado River green lineage","current_label":"Colorado River green lineage","recovery_label":"Recovery watch / review area","tier":"tier1","minZoom":10,"confidence_public":"Watershed-level lineage context; expert review recommended","geometry_status_public":"Named natural stream occurrence from statewide hydrography","geometry_source_public":"Grouped public hydrography segments","trout_source_public":"Compiled public recovery and lineage context; expert review recommended","public_notes":"Soap Creek is shown as a named-water occurrence within watershed-level cutthroat lineage context. This is not a precise biological boundary."}},{"type":"Feature","geometry":{"type":"LineString","coordinates":[[-107.284,38.705],[-107.2841,38.7045]]},"properties":{"source_id":"co_named_stream_086028","name":"Soap Creek","display_name":"Soap Creek","mapped_name":"Soap Creek","source_name":"Soap Creek","state":"CO","atlas_class":"named_natural_stream","huc8":"14020002","huc8Name":"Upper Gunnison","huc8States":"CO","lineageKey":"coloradoRiver","lineage":"coloradoRiver","historic":"coloradoRiver","current":"coloradoRiver","recovery":"recoveryWatch","lineageLabel":"Colorado River green lineage","lineageBasin":"Upper Gunnison","lineageNote":"Gunnison green-lineage context","atlas_context":"cutthroat_lineage_context","confidence":"Watershed-level lineage context; expert review recommended","geometryStatus":"Named natural stream segment from statewide hydrography","note":"This named natural stream falls within a HUC8 assigned to a cutthroat lineage context.","source_segment_id":"co_named_stream_086028","water_id":"co_soap_creek_14020002_coloradoRiver_001","occurrence_id":"co_soap_creek_14020002_coloradoRiver_001","occurrence_number":"001","segment_count":97,"disambiguator":"Upper Gunnison · Colorado River green lineage · occurrence 001","basin":"Upper Gunnison","atlas_layer":"named_water_occurrence","object_role":"named_water_occurrence","historic_label":"Colorado River green lineage","current_label":"Colorado River green lineage","recovery_label":"Recovery watch / review area","tier":"tier1","minZoom":10,"confidence_public":"Watershed-level lineage context; expert review recommended","geometry_status_public":"Named natural stream occurrence from statewide hydrography","geometry_source_public":"Grouped public hydrography segments","trout_source_public":"Compiled public recovery and lineage context; expert review recommended","public_notes":"Soap Creek is shown as a named-water occurrence within watershed-level cutthroat lineage context. This is not a precise biological boundary."}},{"type":"Feature","geometry":{"type":"LineString","coordinates":[[-107.2846,38.6936],[-107.2877,38.6889]]},"properties":{"source_id":"co_named_stream_086031","name":"Soap Creek","display_name":"Soap Creek","mapped_name":"Soap Creek","source_name":"Soap Creek","state":"CO","atlas_class":"named_natural_stream","huc8":"14020002","huc8Name":"Upper Gunnison","huc8States":"CO","lineageKey":"coloradoRiver","lineage":"coloradoRiver","historic":"coloradoRiver","current":"coloradoRiver","recovery":"recoveryWatch","lineageLabel":"Colorado River green lineage","lineageBasin":"Upper Gunnison","lineageNote":"Gunnison green-lineage context","atlas_context":"cutthroat_lineage_context","confidence":"Watershed-level lineage context; expert review recommended","geometryStatus":"Named natural stream segment from statewide hydrography","note":"This named natural stream falls within a HUC8 assigned to a cutthroat lineage context.","source_segment_id":"co_named_stream_086031","water_id":"co_soap_creek_14020002_coloradoRiver_001","occurrence_id":"co_soap_creek_14020002_coloradoRiver_001","occurrence_number":"001","segment_count":97,"disambiguator":"Upper Gunnison · Colorado River green lineage · occurrence 001","basin":"Upper Gunnison","atlas_layer":"named_water_occurrence","object_role":"named_water_occurrence","historic_label":"Colorado River green lineage","current_label":"Colorado River green lineage","recovery_label":"Recovery watch / review area","tier":"tier1","minZoom":10,"confidence_public":"Watershed-level lineage context; expert review recommended","geometry_status_public":"Named natural stream occurrence from statewide hydrography","geometry_source_public":"Grouped public hydrography segments","trout_source_public":"Compiled public recovery and lineage context; expert review recommended","public_notes":"Soap Creek is shown as a named-water occurrence within watershed-level cutthroat lineage context. This is not a precise biological boundary."}},{"type":"Feature","geometry":{"type":"LineString","coordinates":[[-107.2687,38.726],[-107.273,38.7211]]},"properties":{"source_id":"co_named_stream_086032","name":"Soap Creek","display_name":"Soap Creek","mapped_name":"Soap Creek","source_name":"Soap Creek","state":"CO","atlas_class":"named_natural_stream","huc8":"14020002","huc8Name":"Upper Gunnison","huc8States":"CO","lineageKey":"coloradoRiver","lineage":"coloradoRiver","historic":"coloradoRiver","current":"coloradoRiver","recovery":"recoveryWatch","lineageLabel":"Colorado River green lineage","lineageBasin":"Upper Gunnison","lineageNote":"Gunnison green-lineage context","atlas_context":"cutthroat_lineage_context","confidence":"Watershed-level lineage context; expert review recommended","geometryStatus":"Named natural stream segment from statewide hydrography","note":"This named natural stream falls within a HUC8 assigned to a cutthroat lineage context.","source_segment_id":"co_named_stream_086032","water_id":"co_soap_creek_14020002_coloradoRiver_001","occurrence_id":"co_soap_creek_14020002_coloradoRiver_001","occurrence_number":"001","segment_count":97,"disambiguator":"Upper Gunnison · Colorado River green lineage · occurrence 001","basin":"Upper Gunnison","atlas_layer":"named_water_occurrence","object_role":"named_water_occurrence","historic_label":"Colorado River green lineage","current_label":"Colorado River green lineage","recovery_label":"Recovery watch / review area","tier":"tier1","minZoom":10,"confidence_public":"Watershed-level lineage context; expert review recommended","geometry_status_public":"Named natural stream occurrence from statewide hydrography","geometry_source_public":"Grouped public hydrography segments","trout_source_public":"Compiled public recovery and lineage context; expert review recommended","public_notes":"Soap Creek is shown as a named-water occurrence within watershed-level cutthroat lineage context. This is not a precise biological boundary."}},{"type":"Feature","geometry":{"type":"LineString","coordinates":[[-107.2842,38.7037],[-107.284,38.6999],[-107.2855,38.6987]]},"properties":{"source_id":"co_named_stream_086033","name":"Soap Creek","display_name":"Soap Creek","mapped_name":"Soap Creek","source_name":"Soap Creek","state":"CO","atlas_class":"named_natural_stream","huc8":"14020002","huc8Name":"Upper Gunnison","huc8States":"CO","lineageKey":"coloradoRiver","lineage":"coloradoRiver","historic":"coloradoRiver","current":"coloradoRiver","recovery":"recoveryWatch","lineageLabel":"Colorado River green lineage","lineageBasin":"Upper Gunnison","lineageNote":"Gunnison green-lineage context","atlas_context":"cutthroat_lineage_context","confidence":"Watershed-level lineage context; expert review recommended","geometryStatus":"Named natural stream segment from statewide hydrography","note":"This named natural stream falls within a HUC8 assigned to a cutthroat lineage context.","source_segment_id":"co_named_stream_086033","water_id":"co_soap_creek_14020002_coloradoRiver_001","occurrence_id":"co_soap_creek_14020002_coloradoRiver_001","occurrence_number":"001","segment_count":97,"disambiguator":"Upper Gunnison · Colorado River green lineage · occurrence 001","basin":"Upper Gunnison","atlas_layer":"named_water_occurrence","object_role":"named_water_occurrence","historic_label":"Colorado River green lineage","current_label":"Colorado River green lineage","recovery_label":"Recovery watch / review area","tier":"tier1","minZoom":10,"confidence_public":"Watershed-level lineage context; expert review recommended","geometry_status_public":"Named natural stream occurrence from statewide hydrography","geometry_source_public":"Grouped public hydrography segments","trout_source_public":"Compiled public recovery and lineage context; expert review recommended","public_notes":"Soap Creek is shown as a named-water occurrence within watershed-level cutthroat lineage context. This is not a precise biological boundary."}},{"type":"Feature","geometry":{"type":"LineString","coordinates":[[-107.2802,38.7151],[-107.2806,38.714]]},"properties":{"source_id":"co_named_stream_086034","name":"Soap Creek","display_name":"Soap Creek","mapped_name":"Soap Creek","source_name":"Soap Creek","state":"CO","atlas_class":"named_natural_stream","huc8":"14020002","huc8Name":"Upper Gunnison","huc8States":"CO","lineageKey":"coloradoRiver","lineage":"coloradoRiver","historic":"coloradoRiver","current":"coloradoRiver","recovery":"recoveryWatch","lineageLabel":"Colorado River green lineage","lineageBasin":"Upper Gunnison","lineageNote":"Gunnison green-lineage context","atlas_context":"cutthroat_lineage_context","confidence":"Watershed-level lineage context; expert review recommended","geometryStatus":"Named natural stream segment from statewide hydrography","note":"This named natural stream falls within a HUC8 assigned to a cutthroat lineage context.","source_segment_id":"co_named_stream_086034","water_id":"co_soap_creek_14020002_coloradoRiver_001","occurrence_id":"co_soap_creek_14020002_coloradoRiver_001","occurrence_number":"001","segment_count":97,"disambiguator":"Upper Gunnison · Colorado River green lineage · occurrence 001","basin":"Upper Gunnison","atlas_layer":"named_water_occurrence","object_role":"named_water_occurrence","historic_label":"Colorado River green lineage","current_label":"Colorado River green lineage","recovery_label":"Recovery watch / review area","tier":"tier1","minZoom":10,"confidence_public":"Watershed-level lineage context; expert review recommended","geometry_status_public":"Named natural stream occurrence from statewide hydrography","geometry_source_public":"Grouped public hydrography segments","trout_source_public":"Compiled public recovery and lineage context; expert review recommended","public_notes":"Soap Creek is shown as a named-water occurrence within watershed-level cutthroat lineage context. This is not a precise biological boundary."}},{"type":"Feature","geometry":{"type":"LineString","coordinates":[[-107.2864,38.6866],[-107.2862,38.6861]]},"properties":{"source_id":"co_named_stream_086035","name":"Soap Creek","display_name":"Soap Creek","mapped_name":"Soap Creek","source_name":"Soap Creek","state":"CO","atlas_class":"named_natural_stream","huc8":"14020002","huc8Name":"Upper Gunnison","huc8States":"CO","lineageKey":"coloradoRiver","lineage":"coloradoRiver","historic":"coloradoRiver","current":"coloradoRiver","recovery":"recoveryWatch","lineageLabel":"Colorado River green lineage","lineageBasin":"Upper Gunnison","lineageNote":"Gunnison green-lineage context","atlas_context":"cutthroat_lineage_context","confidence":"Watershed-level lineage context; expert review recommended","geometryStatus":"Named natural stream segment from statewide hydrography","note":"This named natural stream falls within a HUC8 assigned to a cutthroat lineage context.","source_segment_id":"co_named_stream_086035","water_id":"co_soap_creek_14020002_coloradoRiver_001","occurrence_id":"co_soap_creek_14020002_coloradoRiver_001","occurrence_number":"001","segment_count":97,"disambiguator":"Upper Gunnison · Colorado River green lineage · occurrence 001","basin":"Upper Gunnison","atlas_layer":"named_water_occurrence","object_role":"named_water_occurrence","historic_label":"Colorado River green lineage","current_label":"Colorado River green lineage","recovery_label":"Recovery watch / review area","tier":"tier1","minZoom":10,"confidence_public":"Watershed-level lineage context; expert review recommended","geometry_status_public":"Named natural stream occurrence from statewide hydrography","geometry_source_public":"Grouped public hydrography segments","trout_source_public":"Compiled public recovery and lineage context; expert review recommended","public_notes":"Soap Creek is shown as a named-water occurrence within watershed-level cutthroat lineage context. This is not a precise biological boundary."}},{"type":"Feature","geometry":{"type":"LineString","coordinates":[[-107.2642,38.7386],[-107.2644,38.7358],[-107.2671,38.7338]]},"properties":{"source_id":"co_named_stream_086057","name":"Soap Creek","display_name":"Soap Creek","mapped_name":"Soap Creek","source_name":"Soap Creek","state":"CO","atlas_class":"named_natural_stream","huc8":"14020002","huc8Name":"Upper Gunnison","huc8States":"CO","lineageKey":"coloradoRiver","lineage":"coloradoRiver","historic":"coloradoRiver","current":"coloradoRiver","recovery":"recoveryWatch","lineageLabel":"Colorado River green lineage","lineageBasin":"Upper Gunnison","lineageNote":"Gunnison green-lineage context","atlas_context":"cutthroat_lineage_context","confidence":"Watershed-level lineage context; expert review recommended","geometryStatus":"Named natural stream segment from statewide hydrography","note":"This named natural stream falls within a HUC8 assigned to a cutthroat lineage context.","source_segment_id":"co_named_stream_086057","water_id":"co_soap_creek_14020002_coloradoRiver_001","occurrence_id":"co_soap_creek_14020002_coloradoRiver_001","occurrence_number":"001","segment_count":97,"disambiguator":"Upper Gunnison · Colorado River green lineage · occurrence 001","basin":"Upper Gunnison","atlas_layer":"named_water_occurrence","object_role":"named_water_occurrence","historic_label":"Colorado River green lineage","current_label":"Colorado River green lineage","recovery_label":"Recovery watch / review area","tier":"tier1","minZoom":10,"confidence_public":"Watershed-level lineage context; expert review recommended","geometry_status_public":"Named natural stream occurrence from statewide hydrography","geometry_source_public":"Grouped public hydrography segments","trout_source_public":"Compiled public recovery and lineage context; expert review recommended","public_notes":"Soap Creek is shown as a named-water occurrence within watershed-level cutthroat lineage context. This is not a precise biological boundary."}},{"type":"Feature","geometry":{"type":"LineString","coordinates":[[-107.2524,38.75],[-107.2554,38.7464],[-107.2554,38.7441]]},"properties":{"source_id":"co_named_stream_086059","name":"Soap Creek","display_name":"Soap Creek","mapped_name":"Soap Creek","source_name":"Soap Creek","state":"CO","atlas_class":"named_natural_stream","huc8":"14020002","huc8Name":"Upper Gunnison","huc8States":"CO","lineageKey":"coloradoRiver","lineage":"coloradoRiver","historic":"coloradoRiver","current":"coloradoRiver","recovery":"recoveryWatch","lineageLabel":"Colorado River green lineage","lineageBasin":"Upper Gunnison","lineageNote":"Gunnison green-lineage context","atlas_context":"cutthroat_lineage_context","confidence":"Watershed-level lineage context; expert review recommended","geometryStatus":"Named natural stream segment from statewide hydrography","note":"This named natural stream falls within a HUC8 assigned to a cutthroat lineage context.","source_segment_id":"co_named_stream_086059","water_id":"co_soap_creek_14020002_coloradoRiver_001","occurrence_id":"co_soap_creek_14020002_coloradoRiver_001","occurrence_number":"001","segment_count":97,"disambiguator":"Upper Gunnison · Colorado River green lineage · occurrence 001","basin":"Upper Gunnison","atlas_layer":"named_water_occurrence","object_role":"named_water_occurrence","historic_label":"Colorado River green lineage","current_label":"Colorado River green lineage","recovery_label":"Recovery watch / review area","tier":"tier1","minZoom":10,"confidence_public":"Watershed-level lineage context; expert review recommended","geometry_status_public":"Named natural stream occurrence from statewide hydrography","geometry_source_public":"Grouped public hydrography segments","trout_source_public":"Compiled public recovery and lineage context; expert review recommended","public_notes":"Soap Creek is shown as a named-water occurrence within watershed-level cutthroat lineage context. This is not a precise biological boundary."}},{"type":"Feature","geometry":{"type":"LineString","coordinates":[[-107.2666,38.7288],[-107.2678,38.7273]]},"properties":{"source_id":"co_named_stream_086061","name":"Soap Creek","display_name":"Soap Creek","mapped_name":"Soap Creek","source_name":"Soap Creek","state":"CO","atlas_class":"named_natural_stream","huc8":"14020002","huc8Name":"Upper Gunnison","huc8States":"CO","lineageKey":"coloradoRiver","lineage":"coloradoRiver","historic":"coloradoRiver","current":"coloradoRiver","recovery":"recoveryWatch","lineageLabel":"Colorado River green lineage","lineageBasin":"Upper Gunnison","lineageNote":"Gunnison green-lineage context","atlas_context":"cutthroat_lineage_context","confidence":"Watershed-level lineage context; expert review recommended","geometryStatus":"Named natural stream segment from statewide hydrography","note":"This named natural stream falls within a HUC8 assigned to a cutthroat lineage context.","source_segment_id":"co_named_stream_086061","water_id":"co_soap_creek_14020002_coloradoRiver_001","occurrence_id":"co_soap_creek_14020002_coloradoRiver_001","occurrence_number":"001","segment_count":97,"disambiguator":"Upper Gunnison · Colorado River green lineage · occurrence 001","basin":"Upper Gunnison","atlas_layer":"named_water_occurrence","object_role":"named_water_occurrence","historic_label":"Colorado River green lineage","current_label":"Colorado River green lineage","recovery_label":"Recovery watch / review area","tier":"tier1","minZoom":10,"confidence_public":"Watershed-level lineage context; expert review recommended","geometry_status_public":"Named natural stream occurrence from statewide hydrography","geometry_source_public":"Grouped public hydrography segments","trout_source_public":"Compiled public recovery and lineage context; expert review recommended","public_notes":"Soap Creek is shown as a named-water occurrence within watershed-level cutthroat lineage context. This is not a precise biological boundary."}},{"type":"Feature","geometry":{"type":"LineString","coordinates":[[-107.2596,38.741],[-107.2629,38.7403]]},"properties":{"source_id":"co_named_stream_086062","name":"Soap Creek","display_name":"Soap Creek","mapped_name":"Soap Creek","source_name":"Soap Creek","state":"CO","atlas_class":"named_natural_stream","huc8":"14020002","huc8Name":"Upper Gunnison","huc8States":"CO","lineageKey":"coloradoRiver","lineage":"coloradoRiver","historic":"coloradoRiver","current":"coloradoRiver","recovery":"recoveryWatch","lineageLabel":"Colorado River green lineage","lineageBasin":"Upper Gunnison","lineageNote":"Gunnison green-lineage context","atlas_context":"cutthroat_lineage_context","confidence":"Watershed-level lineage context; expert review recommended","geometryStatus":"Named natural stream segment from statewide hydrography","note":"This named natural stream falls within a HUC8 assigned to a cutthroat lineage context.","source_segment_id":"co_named_stream_086062","water_id":"co_soap_creek_14020002_coloradoRiver_001","occurrence_id":"co_soap_creek_14020002_coloradoRiver_001","occurrence_number":"001","segment_count":97,"disambiguator":"Upper Gunnison · Colorado River green lineage · occurrence 001","basin":"Upper Gunnison","atlas_layer":"named_water_occurrence","object_role":"named_water_occurrence","historic_label":"Colorado River green lineage","current_label":"Colorado River green lineage","recovery_label":"Recovery watch / review area","tier":"tier1","minZoom":10,"confidence_public":"Watershed-level lineage context; expert review recommended","geometry_status_public":"Named natural stream occurrence from statewide hydrography","geometry_source_public":"Grouped public hydrography segments","trout_source_public":"Compiled public recovery and lineage context; expert review recommended","public_notes":"Soap Creek is shown as a named-water occurrence within watershed-level cutthroat lineage context. This is not a precise biological boundary."}},{"type":"Feature","geometry":{"type":"LineString","coordinates":[[-107.2671,38.7338],[-107.2673,38.7328],[-107.2658,38.7308],[-107.2666,38.7288]]},"properties":{"source_id":"co_named_stream_086063","name":"Soap Creek","display_name":"Soap Creek","mapped_name":"Soap Creek","source_name":"Soap Creek","state":"CO","atlas_class":"named_natural_stream","huc8":"14020002","huc8Name":"Upper Gunnison","huc8States":"CO","lineageKey":"coloradoRiver","lineage":"coloradoRiver","historic":"coloradoRiver","current":"coloradoRiver","recovery":"recoveryWatch","lineageLabel":"Colorado River green lineage","lineageBasin":"Upper Gunnison","lineageNote":"Gunnison green-lineage context","atlas_context":"cutthroat_lineage_context","confidence":"Watershed-level lineage context; expert review recommended","geometryStatus":"Named natural stream segment from statewide hydrography","note":"This named natural stream falls within a HUC8 assigned to a cutthroat lineage context.","source_segment_id":"co_named_stream_086063","water_id":"co_soap_creek_14020002_coloradoRiver_001","occurrence_id":"co_soap_creek_14020002_coloradoRiver_001","occurrence_number":"001","segment_count":97,"disambiguator":"Upper Gunnison · Colorado River green lineage · occurrence 001","basin":"Upper Gunnison","atlas_layer":"named_water_occurrence","object_role":"named_water_occurrence","historic_label":"Colorado River green lineage","current_label":"Colorado River green lineage","recovery_label":"Recovery watch / review area","tier":"tier1","minZoom":10,"confidence_public":"Watershed-level lineage context; expert review recommended","geometry_status_public":"Named natural stream occurrence from statewide hydrography","geometry_source_public":"Grouped public hydrography segments","trout_source_public":"Compiled public recovery and lineage context; expert review recommended","public_notes":"Soap Creek is shown as a named-water occurrence within watershed-level cutthroat lineage context. This is not a precise biological boundary."}},{"type":"Feature","geometry":{"type":"LineString","coordinates":[[-107.2678,38.7273],[-107.2687,38.726]]},"properties":{"source_id":"co_named_stream_086064","name":"Soap Creek","display_name":"Soap Creek","mapped_name":"Soap Creek","source_name":"Soap Creek","state":"CO","atlas_class":"named_natural_stream","huc8":"14020002","huc8Name":"Upper Gunnison","huc8States":"CO","lineageKey":"coloradoRiver","lineage":"coloradoRiver","historic":"coloradoRiver","current":"coloradoRiver","recovery":"recoveryWatch","lineageLabel":"Colorado River green lineage","lineageBasin":"Upper Gunnison","lineageNote":"Gunnison green-lineage context","atlas_context":"cutthroat_lineage_context","confidence":"Watershed-level lineage context; expert review recommended","geometryStatus":"Named natural stream segment from statewide hydrography","note":"This named natural stream falls within a HUC8 assigned to a cutthroat lineage context.","source_segment_id":"co_named_stream_086064","water_id":"co_soap_creek_14020002_coloradoRiver_001","occurrence_id":"co_soap_creek_14020002_coloradoRiver_001","occurrence_number":"001","segment_count":97,"disambiguator":"Upper Gunnison · Colorado River green lineage · occurrence 001","basin":"Upper Gunnison","atlas_layer":"named_water_occurrence","object_role":"named_water_occurrence","historic_label":"Colorado River green lineage","current_label":"Colorado River green lineage","recovery_label":"Recovery watch / review area","tier":"tier1","minZoom":10,"confidence_public":"Watershed-level lineage context; expert review recommended","geometry_status_public":"Named natural stream occurrence from statewide hydrography","geometry_source_public":"Grouped public hydrography segments","trout_source_public":"Compiled public recovery and lineage context; expert review recommended","public_notes":"Soap Creek is shown as a named-water occurrence within watershed-level cutthroat lineage context. This is not a precise biological boundary."}},{"type":"Feature","geometry":{"type":"LineString","coordinates":[[-107.2554,38.7441],[-107.2565,38.7422]]},"properties":{"source_id":"co_named_stream_086065","name":"Soap Creek","display_name":"Soap Creek","mapped_name":"Soap Creek","source_name":"Soap Creek","state":"CO","atlas_class":"named_natural_stream","huc8":"14020002","huc8Name":"Upper Gunnison","huc8States":"CO","lineageKey":"coloradoRiver","lineage":"coloradoRiver","historic":"coloradoRiver","current":"coloradoRiver","recovery":"recoveryWatch","lineageLabel":"Colorado River green lineage","lineageBasin":"Upper Gunnison","lineageNote":"Gunnison green-lineage context","atlas_context":"cutthroat_lineage_context","confidence":"Watershed-level lineage context; expert review recommended","geometryStatus":"Named natural stream segment from statewide hydrography","note":"This named natural stream falls within a HUC8 assigned to a cutthroat lineage context.","source_segment_id":"co_named_stream_086065","water_id":"co_soap_creek_14020002_coloradoRiver_001","occurrence_id":"co_soap_creek_14020002_coloradoRiver_001","occurrence_number":"001","segment_count":97,"disambiguator":"Upper Gunnison · Colorado River green lineage · occurrence 001","basin":"Upper Gunnison","atlas_layer":"named_water_occurrence","object_role":"named_water_occurrence","historic_label":"Colorado River green lineage","current_label":"Colorado River green lineage","recovery_label":"Recovery watch / review area","tier":"tier1","minZoom":10,"confidence_public":"Watershed-level lineage context; expert review recommended","geometry_status_public":"Named natural stream occurrence from statewide hydrography","geometry_source_public":"Grouped public hydrography segments","trout_source_public":"Compiled public recovery and lineage context; expert review recommended","public_notes":"Soap Creek is shown as a named-water occurrence within watershed-level cutthroat lineage context. This is not a precise biological boundary."}},{"type":"Feature","geometry":{"type":"LineString","coordinates":[[-107.2629,38.7403],[-107.2642,38.7386]]},"properties":{"source_id":"co_named_stream_086066","name":"Soap Creek","display_name":"Soap Creek","mapped_name":"Soap Creek","source_name":"Soap Creek","state":"CO","atlas_class":"named_natural_stream","huc8":"14020002","huc8Name":"Upper Gunnison","huc8States":"CO","lineageKey":"coloradoRiver","lineage":"coloradoRiver","historic":"coloradoRiver","current":"coloradoRiver","recovery":"recoveryWatch","lineageLabel":"Colorado River green lineage","lineageBasin":"Upper Gunnison","lineageNote":"Gunnison green-lineage context","atlas_context":"cutthroat_lineage_context","confidence":"Watershed-level lineage context; expert review recommended","geometryStatus":"Named natural stream segment from statewide hydrography","note":"This named natural stream falls within a HUC8 assigned to a cutthroat lineage context.","source_segment_id":"co_named_stream_086066","water_id":"co_soap_creek_14020002_coloradoRiver_001","occurrence_id":"co_soap_creek_14020002_coloradoRiver_001","occurrence_number":"001","segment_count":97,"disambiguator":"Upper Gunnison · Colorado River green lineage · occurrence 001","basin":"Upper Gunnison","atlas_layer":"named_water_occurrence","object_role":"named_water_occurrence","historic_label":"Colorado River green lineage","current_label":"Colorado River green lineage","recovery_label":"Recovery watch / review area","tier":"tier1","minZoom":10,"confidence_public":"Watershed-level lineage context; expert review recommended","geometry_status_public":"Named natural stream occurrence from statewide hydrography","geometry_source_public":"Grouped public hydrography segments","trout_source_public":"Compiled public recovery and lineage context; expert review recommended","public_notes":"Soap Creek is shown as a named-water occurrence within watershed-level cutthroat lineage context. This is not a precise biological boundary."}},{"type":"Feature","geometry":{"type":"LineString","coordinates":[[-107.2565,38.7422],[-107.2596,38.741]]},"properties":{"source_id":"co_named_stream_086068","name":"Soap Creek","display_name":"Soap Creek","mapped_name":"Soap Creek","source_name":"Soap Creek","state":"CO","atlas_class":"named_natural_stream","huc8":"14020002","huc8Name":"Upper Gunnison","huc8States":"CO","lineageKey":"coloradoRiver","lineage":"coloradoRiver","historic":"coloradoRiver","current":"coloradoRiver","recovery":"recoveryWatch","lineageLabel":"Colorado River green lineage","lineageBasin":"Upper Gunnison","lineageNote":"Gunnison green-lineage context","atlas_context":"cutthroat_lineage_context","confidence":"Watershed-level lineage context; expert review recommended","geometryStatus":"Named natural stream segment from statewide hydrography","note":"This named natural stream falls within a HUC8 assigned to a cutthroat lineage context.","source_segment_id":"co_named_stream_086068","water_id":"co_soap_creek_14020002_coloradoRiver_001","occurrence_id":"co_soap_creek_14020002_coloradoRiver_001","occurrence_number":"001","segment_count":97,"disambiguator":"Upper Gunnison · Colorado River green lineage · occurrence 001","basin":"Upper Gunnison","atlas_layer":"named_water_occurrence","object_role":"named_water_occurrence","historic_label":"Colorado River green lineage","current_label":"Colorado River green lineage","recovery_label":"Recovery watch / review area","tier":"tier1","minZoom":10,"confidence_public":"Watershed-level lineage context; expert review recommended","geometry_status_public":"Named natural stream occurrence from statewide hydrography","geometry_source_public":"Grouped public hydrography segments","trout_source_public":"Compiled public recovery and lineage context; expert review recommended","public_notes":"Soap Creek is shown as a named-water occurrence within watershed-level cutthroat lineage context. This is not a precise biological boundary."}},{"type":"Feature","geometry":{"type":"LineString","coordinates":[[-107.3246,38.6316],[-107.3248,38.6295],[-107.3259,38.6288]]},"properties":{"source_id":"co_named_stream_086177","name":"Soap Creek","display_name":"Soap Creek","mapped_name":"Soap Creek","source_name":"Soap Creek","state":"CO","atlas_class":"named_natural_stream","huc8":"14020002","huc8Name":"Upper Gunnison","huc8States":"CO","lineageKey":"coloradoRiver","lineage":"coloradoRiver","historic":"coloradoRiver","current":"coloradoRiver","recovery":"recoveryWatch","lineageLabel":"Colorado River green lineage","lineageBasin":"Upper Gunnison","lineageNote":"Gunnison green-lineage context","atlas_context":"cutthroat_lineage_context","confidence":"Watershed-level lineage context; expert review recommended","geometryStatus":"Named natural stream segment from statewide hydrography","note":"This named natural stream falls within a HUC8 assigned to a cutthroat lineage context.","source_segment_id":"co_named_stream_086177","water_id":"co_soap_creek_14020002_coloradoRiver_001","occurrence_id":"co_soap_creek_14020002_coloradoRiver_001","occurrence_number":"001","segment_count":97,"disambiguator":"Upper Gunnison · Colorado River green lineage · occurrence 001","basin":"Upper Gunnison","atlas_layer":"named_water_occurrence","object_role":"named_water_occurrence","historic_label":"Colorado River green lineage","current_label":"Colorado River green lineage","recovery_label":"Recovery watch / review area","tier":"tier1","minZoom":10,"confidence_public":"Watershed-level lineage context; expert review recommended","geometry_status_public":"Named natural stream occurrence from statewide hydrography","geometry_source_public":"Grouped public hydrography segments","trout_source_public":"Compiled public recovery and lineage context; expert review recommended","public_notes":"Soap Creek is shown as a named-water occurrence within watershed-level cutthroat lineage context. This is not a precise biological boundary."}},{"type":"Feature","geometry":{"type":"LineString","coordinates":[[-107.3331,38.5963],[-107.3344,38.5937]]},"properties":{"source_id":"co_named_stream_086178","name":"Soap Creek","display_name":"Soap Creek","mapped_name":"Soap Creek","source_name":"Soap Creek","state":"CO","atlas_class":"named_natural_stream","huc8":"14020002","huc8Name":"Upper Gunnison","huc8States":"CO","lineageKey":"coloradoRiver","lineage":"coloradoRiver","historic":"coloradoRiver","current":"coloradoRiver","recovery":"recoveryWatch","lineageLabel":"Colorado River green lineage","lineageBasin":"Upper Gunnison","lineageNote":"Gunnison green-lineage context","atlas_context":"cutthroat_lineage_context","confidence":"Watershed-level lineage context; expert review recommended","geometryStatus":"Named natural stream segment from statewide hydrography","note":"This named natural stream falls within a HUC8 assigned to a cutthroat lineage context.","source_segment_id":"co_named_stream_086178","water_id":"co_soap_creek_14020002_coloradoRiver_001","occurrence_id":"co_soap_creek_14020002_coloradoRiver_001","occurrence_number":"001","segment_count":97,"disambiguator":"Upper Gunnison · Colorado River green lineage · occurrence 001","basin":"Upper Gunnison","atlas_layer":"named_water_occurrence","object_role":"named_water_occurrence","historic_label":"Colorado River green lineage","current_label":"Colorado River green lineage","recovery_label":"Recovery watch / review area","tier":"tier1","minZoom":10,"confidence_public":"Watershed-level lineage context; expert review recommended","geometry_status_public":"Named natural stream occurrence from statewide hydrography","geometry_source_public":"Grouped public hydrography segments","trout_source_public":"Compiled public recovery and lineage context; expert review recommended","public_notes":"Soap Creek is shown as a named-water occurrence within watershed-level cutthroat lineage context. This is not a precise biological boundary."}},{"type":"Feature","geometry":{"type":"LineString","coordinates":[[-107.3335,38.5973],[-107.3331,38.5963]]},"properties":{"source_id":"co_named_stream_086179","name":"Soap Creek","display_name":"Soap Creek","mapped_name":"Soap Creek","source_name":"Soap Creek","state":"CO","atlas_class":"named_natural_stream","huc8":"14020002","huc8Name":"Upper Gunnison","huc8States":"CO","lineageKey":"coloradoRiver","lineage":"coloradoRiver","historic":"coloradoRiver","current":"coloradoRiver","recovery":"recoveryWatch","lineageLabel":"Colorado River green lineage","lineageBasin":"Upper Gunnison","lineageNote":"Gunnison green-lineage context","atlas_context":"cutthroat_lineage_context","confidence":"Watershed-level lineage context; expert review recommended","geometryStatus":"Named natural stream segment from statewide hydrography","note":"This named natural stream falls within a HUC8 assigned to a cutthroat lineage context.","source_segment_id":"co_named_stream_086179","water_id":"co_soap_creek_14020002_coloradoRiver_001","occurrence_id":"co_soap_creek_14020002_coloradoRiver_001","occurrence_number":"001","segment_count":97,"disambiguator":"Upper Gunnison · Colorado River green lineage · occurrence 001","basin":"Upper Gunnison","atlas_layer":"named_water_occurrence","object_role":"named_water_occurrence","historic_label":"Colorado River green lineage","current_label":"Colorado River green lineage","recovery_label":"Recovery watch / review area","tier":"tier1","minZoom":10,"confidence_public":"Watershed-level lineage context; expert review recommended","geometry_status_public":"Named natural stream occurrence from statewide hydrography","geometry_source_public":"Grouped public hydrography segments","trout_source_public":"Compiled public recovery and lineage context; expert review recommended","public_notes":"Soap Creek is shown as a named-water occurrence within watershed-level cutthroat lineage context. This is not a precise biological boundary."}},{"type":"Feature","geometry":{"type":"LineString","coordinates":[[-107.33,38.6181],[-107.3322,38.6151]]},"properties":{"source_id":"co_named_stream_086180","name":"Soap Creek","display_name":"Soap Creek","mapped_name":"Soap Creek","source_name":"Soap Creek","state":"CO","atlas_class":"named_natural_stream","huc8":"14020002","huc8Name":"Upper Gunnison","huc8States":"CO","lineageKey":"coloradoRiver","lineage":"coloradoRiver","historic":"coloradoRiver","current":"coloradoRiver","recovery":"recoveryWatch","lineageLabel":"Colorado River green lineage","lineageBasin":"Upper Gunnison","lineageNote":"Gunnison green-lineage context","atlas_context":"cutthroat_lineage_context","confidence":"Watershed-level lineage context; expert review recommended","geometryStatus":"Named natural stream segment from statewide hydrography","note":"This named natural stream falls within a HUC8 assigned to a cutthroat lineage context.","source_segment_id":"co_named_stream_086180","water_id":"co_soap_creek_14020002_coloradoRiver_001","occurrence_id":"co_soap_creek_14020002_coloradoRiver_001","occurrence_number":"001","segment_count":97,"disambiguator":"Upper Gunnison · Colorado River green lineage · occurrence 001","basin":"Upper Gunnison","atlas_layer":"named_water_occurrence","object_role":"named_water_occurrence","historic_label":"Colorado River green lineage","current_label":"Colorado River green lineage","recovery_label":"Recovery watch / review area","tier":"tier1","minZoom":10,"confidence_public":"Watershed-level lineage context; expert review recommended","geometry_status_public":"Named natural stream occurrence from statewide hydrography","geometry_source_public":"Grouped public hydrography segments","trout_source_public":"Compiled public recovery and lineage context; expert review recommended","public_notes":"Soap Creek is shown as a named-water occurrence within watershed-level cutthroat lineage context. This is not a precise biological boundary."}},{"type":"Feature","geometry":{"type":"LineString","coordinates":[[-107.3259,38.6288],[-107.3272,38.6281]]},"properties":{"source_id":"co_named_stream_086181","name":"Soap Creek","display_name":"Soap Creek","mapped_name":"Soap Creek","source_name":"Soap Creek","state":"CO","atlas_class":"named_natural_stream","huc8":"14020002","huc8Name":"Upper Gunnison","huc8States":"CO","lineageKey":"coloradoRiver","lineage":"coloradoRiver","historic":"coloradoRiver","current":"coloradoRiver","recovery":"recoveryWatch","lineageLabel":"Colorado River green lineage","lineageBasin":"Upper Gunnison","lineageNote":"Gunnison green-lineage context","atlas_context":"cutthroat_lineage_context","confidence":"Watershed-level lineage context; expert review recommended","geometryStatus":"Named natural stream segment from statewide hydrography","note":"This named natural stream falls within a HUC8 assigned to a cutthroat lineage context.","source_segment_id":"co_named_stream_086181","water_id":"co_soap_creek_14020002_coloradoRiver_001","occurrence_id":"co_soap_creek_14020002_coloradoRiver_001","occurrence_number":"001","segment_count":97,"disambiguator":"Upper Gunnison · Colorado River green lineage · occurrence 001","basin":"Upper Gunnison","atlas_layer":"named_water_occurrence","object_role":"named_water_occurrence","historic_label":"Colorado River green lineage","current_label":"Colorado River green lineage","recovery_label":"Recovery watch / review area","tier":"tier1","minZoom":10,"confidence_public":"Watershed-level lineage context; expert review recommended","geometry_status_public":"Named natural stream occurrence from statewide hydrography","geometry_source_public":"Grouped public hydrography segments","trout_source_public":"Compiled public recovery and lineage context; expert review recommended","public_notes":"Soap Creek is shown as a named-water occurrence within watershed-level cutthroat lineage context. This is not a precise biological boundary."}},{"type":"Feature","geometry":{"type":"LineString","coordinates":[[-107.3272,38.6281],[-107.3283,38.6277],[-107.3282,38.6261]]},"properties":{"source_id":"co_named_stream_086182","name":"Soap Creek","display_name":"Soap Creek","mapped_name":"Soap Creek","source_name":"Soap Creek","state":"CO","atlas_class":"named_natural_stream","huc8":"14020002","huc8Name":"Upper Gunnison","huc8States":"CO","lineageKey":"coloradoRiver","lineage":"coloradoRiver","historic":"coloradoRiver","current":"coloradoRiver","recovery":"recoveryWatch","lineageLabel":"Colorado River green lineage","lineageBasin":"Upper Gunnison","lineageNote":"Gunnison green-lineage context","atlas_context":"cutthroat_lineage_context","confidence":"Watershed-level lineage context; expert review recommended","geometryStatus":"Named natural stream segment from statewide hydrography","note":"This named natural stream falls within a HUC8 assigned to a cutthroat lineage context.","source_segment_id":"co_named_stream_086182","water_id":"co_soap_creek_14020002_coloradoRiver_001","occurrence_id":"co_soap_creek_14020002_coloradoRiver_001","occurrence_number":"001","segment_count":97,"disambiguator":"Upper Gunnison · Colorado River green lineage · occurrence 001","basin":"Upper Gunnison","atlas_layer":"named_water_occurrence","object_role":"named_water_occurrence","historic_label":"Colorado River green lineage","current_label":"Colorado River green lineage","recovery_label":"Recovery watch / review area","tier":"tier1","minZoom":10,"confidence_public":"Watershed-level lineage context; expert review recommended","geometry_status_public":"Named natural stream occurrence from statewide hydrography","geometry_source_public":"Grouped public hydrography segments","trout_source_public":"Compiled public recovery and lineage context; expert review recommended","public_notes":"Soap Creek is shown as a named-water occurrence within watershed-level cutthroat lineage context. This is not a precise biological boundary."}},{"type":"Feature","geometry":{"type":"LineString","coordinates":[[-107.3344,38.5937],[-107.3346,38.5915]]},"properties":{"source_id":"co_named_stream_086183","name":"Soap Creek","display_name":"Soap Creek","mapped_name":"Soap Creek","source_name":"Soap Creek","state":"CO","atlas_class":"named_natural_stream","huc8":"14020002","huc8Name":"Upper Gunnison","huc8States":"CO","lineageKey":"coloradoRiver","lineage":"coloradoRiver","historic":"coloradoRiver","current":"coloradoRiver","recovery":"recoveryWatch","lineageLabel":"Colorado River green lineage","lineageBasin":"Upper Gunnison","lineageNote":"Gunnison green-lineage context","atlas_context":"cutthroat_lineage_context","confidence":"Watershed-level lineage context; expert review recommended","geometryStatus":"Named natural stream segment from statewide hydrography","note":"This named natural stream falls within a HUC8 assigned to a cutthroat lineage context.","source_segment_id":"co_named_stream_086183","water_id":"co_soap_creek_14020002_coloradoRiver_001","occurrence_id":"co_soap_creek_14020002_coloradoRiver_001","occurrence_number":"001","segment_count":97,"disambiguator":"Upper Gunnison · Colorado River green lineage · occurrence 001","basin":"Upper Gunnison","atlas_layer":"named_water_occurrence","object_role":"named_water_occurrence","historic_label":"Colorado River green lineage","current_label":"Colorado River green lineage","recovery_label":"Recovery watch / review area","tier":"tier1","minZoom":10,"confidence_public":"Watershed-level lineage context; expert review recommended","geometry_status_public":"Named natural stream occurrence from statewide hydrography","geometry_source_public":"Grouped public hydrography segments","trout_source_public":"Compiled public recovery and lineage context; expert review recommended","public_notes":"Soap Creek is shown as a named-water occurrence within watershed-level cutthroat lineage context. This is not a precise biological boundary."}},{"type":"Feature","geometry":{"type":"LineString","coordinates":[[-107.329,38.6194],[-107.3299,38.6183]]},"properties":{"source_id":"co_named_stream_086184","name":"Soap Creek","display_name":"Soap Creek","mapped_name":"Soap Creek","source_name":"Soap Creek","state":"CO","atlas_class":"named_natural_stream","huc8":"14020002","huc8Name":"Upper Gunnison","huc8States":"CO","lineageKey":"coloradoRiver","lineage":"coloradoRiver","historic":"coloradoRiver","current":"coloradoRiver","recovery":"recoveryWatch","lineageLabel":"Colorado River green lineage","lineageBasin":"Upper Gunnison","lineageNote":"Gunnison green-lineage context","atlas_context":"cutthroat_lineage_context","confidence":"Watershed-level lineage context; expert review recommended","geometryStatus":"Named natural stream segment from statewide hydrography","note":"This named natural stream falls within a HUC8 assigned to a cutthroat lineage context.","source_segment_id":"co_named_stream_086184","water_id":"co_soap_creek_14020002_coloradoRiver_001","occurrence_id":"co_soap_creek_14020002_coloradoRiver_001","occurrence_number":"001","segment_count":97,"disambiguator":"Upper Gunnison · Colorado River green lineage · occurrence 001","basin":"Upper Gunnison","atlas_layer":"named_water_occurrence","object_role":"named_water_occurrence","historic_label":"Colorado River green lineage","current_label":"Colorado River green lineage","recovery_label":"Recovery watch / review area","tier":"tier1","minZoom":10,"confidence_public":"Watershed-level lineage context; expert review recommended","geometry_status_public":"Named natural stream occurrence from statewide hydrography","geometry_source_public":"Grouped public hydrography segments","trout_source_public":"Compiled public recovery and lineage context; expert review recommended","public_notes":"Soap Creek is shown as a named-water occurrence within watershed-level cutthroat lineage context. This is not a precise biological boundary."}},{"type":"Feature","geometry":{"type":"LineString","coordinates":[[-107.3322,38.6019],[-107.3335,38.5973]]},"properties":{"source_id":"co_named_stream_086185","name":"Soap Creek","display_name":"Soap Creek","mapped_name":"Soap Creek","source_name":"Soap Creek","state":"CO","atlas_class":"named_natural_stream","huc8":"14020002","huc8Name":"Upper Gunnison","huc8States":"CO","lineageKey":"coloradoRiver","lineage":"coloradoRiver","historic":"coloradoRiver","current":"coloradoRiver","recovery":"recoveryWatch","lineageLabel":"Colorado River green lineage","lineageBasin":"Upper Gunnison","lineageNote":"Gunnison green-lineage context","atlas_context":"cutthroat_lineage_context","confidence":"Watershed-level lineage context; expert review recommended","geometryStatus":"Named natural stream segment from statewide hydrography","note":"This named natural stream falls within a HUC8 assigned to a cutthroat lineage context.","source_segment_id":"co_named_stream_086185","water_id":"co_soap_creek_14020002_coloradoRiver_001","occurrence_id":"co_soap_creek_14020002_coloradoRiver_001","occurrence_number":"001","segment_count":97,"disambiguator":"Upper Gunnison · Colorado River green lineage · occurrence 001","basin":"Upper Gunnison","atlas_layer":"named_water_occurrence","object_role":"named_water_occurrence","historic_label":"Colorado River green lineage","current_label":"Colorado River green lineage","recovery_label":"Recovery watch / review area","tier":"tier1","minZoom":10,"confidence_public":"Watershed-level lineage context; expert review recommended","geometry_status_public":"Named natural stream occurrence from statewide hydrography","geometry_source_public":"Grouped public hydrography segments","trout_source_public":"Compiled public recovery and lineage context; expert review recommended","public_notes":"Soap Creek is shown as a named-water occurrence within watershed-level cutthroat lineage context. This is not a precise biological boundary."}},{"type":"Feature","geometry":{"type":"LineString","coordinates":[[-107.3346,38.5915],[-107.3348,38.5895]]},"properties":{"source_id":"co_named_stream_086186","name":"Soap Creek","display_name":"Soap Creek","mapped_name":"Soap Creek","source_name":"Soap Creek","state":"CO","atlas_class":"named_natural_stream","huc8":"14020002","huc8Name":"Upper Gunnison","huc8States":"CO","lineageKey":"coloradoRiver","lineage":"coloradoRiver","historic":"coloradoRiver","current":"coloradoRiver","recovery":"recoveryWatch","lineageLabel":"Colorado River green lineage","lineageBasin":"Upper Gunnison","lineageNote":"Gunnison green-lineage context","atlas_context":"cutthroat_lineage_context","confidence":"Watershed-level lineage context; expert review recommended","geometryStatus":"Named natural stream segment from statewide hydrography","note":"This named natural stream falls within a HUC8 assigned to a cutthroat lineage context.","source_segment_id":"co_named_stream_086186","water_id":"co_soap_creek_14020002_coloradoRiver_001","occurrence_id":"co_soap_creek_14020002_coloradoRiver_001","occurrence_number":"001","segment_count":97,"disambiguator":"Upper Gunnison · Colorado River green lineage · occurrence 001","basin":"Upper Gunnison","atlas_layer":"named_water_occurrence","object_role":"named_water_occurrence","historic_label":"Colorado River green lineage","current_label":"Colorado River green lineage","recovery_label":"Recovery watch / review area","tier":"tier1","minZoom":10,"confidence_public":"Watershed-level lineage context; expert review recommended","geometry_status_public":"Named natural stream occurrence from statewide hydrography","geometry_source_public":"Grouped public hydrography segments","trout_source_public":"Compiled public recovery and lineage context; expert review recommended","public_notes":"Soap Creek is shown as a named-water occurrence within watershed-level cutthroat lineage context. This is not a precise biological boundary."}},{"type":"Feature","geometry":{"type":"LineString","coordinates":[[-107.3322,38.6027],[-107.3322,38.6019]]},"properties":{"source_id":"co_named_stream_086187","name":"Soap Creek","display_name":"Soap Creek","mapped_name":"Soap Creek","source_name":"Soap Creek","state":"CO","atlas_class":"named_natural_stream","huc8":"14020002","huc8Name":"Upper Gunnison","huc8States":"CO","lineageKey":"coloradoRiver","lineage":"coloradoRiver","historic":"coloradoRiver","current":"coloradoRiver","recovery":"recoveryWatch","lineageLabel":"Colorado River green lineage","lineageBasin":"Upper Gunnison","lineageNote":"Gunnison green-lineage context","atlas_context":"cutthroat_lineage_context","confidence":"Watershed-level lineage context; expert review recommended","geometryStatus":"Named natural stream segment from statewide hydrography","note":"This named natural stream falls within a HUC8 assigned to a cutthroat lineage context.","source_segment_id":"co_named_stream_086187","water_id":"co_soap_creek_14020002_coloradoRiver_001","occurrence_id":"co_soap_creek_14020002_coloradoRiver_001","occurrence_number":"001","segment_count":97,"disambiguator":"Upper Gunnison · Colorado River green lineage · occurrence 001","basin":"Upper Gunnison","atlas_layer":"named_water_occurrence","object_role":"named_water_occurrence","historic_label":"Colorado River green lineage","current_label":"Colorado River green lineage","recovery_label":"Recovery watch / review area","tier":"tier1","minZoom":10,"confidence_public":"Watershed-level lineage context; expert review recommended","geometry_status_public":"Named natural stream occurrence from statewide hydrography","geometry_source_public":"Grouped public hydrography segments","trout_source_public":"Compiled public recovery and lineage context; expert review recommended","public_notes":"Soap Creek is shown as a named-water occurrence within watershed-level cutthroat lineage context. This is not a precise biological boundary."}},{"type":"Feature","geometry":{"type":"LineString","coordinates":[[-107.3282,38.6261],[-107.3276,38.6256]]},"properties":{"source_id":"co_named_stream_086188","name":"Soap Creek","display_name":"Soap Creek","mapped_name":"Soap Creek","source_name":"Soap Creek","state":"CO","atlas_class":"named_natural_stream","huc8":"14020002","huc8Name":"Upper Gunnison","huc8States":"CO","lineageKey":"coloradoRiver","lineage":"coloradoRiver","historic":"coloradoRiver","current":"coloradoRiver","recovery":"recoveryWatch","lineageLabel":"Colorado River green lineage","lineageBasin":"Upper Gunnison","lineageNote":"Gunnison green-lineage context","atlas_context":"cutthroat_lineage_context","confidence":"Watershed-level lineage context; expert review recommended","geometryStatus":"Named natural stream segment from statewide hydrography","note":"This named natural stream falls within a HUC8 assigned to a cutthroat lineage context.","source_segment_id":"co_named_stream_086188","water_id":"co_soap_creek_14020002_coloradoRiver_001","occurrence_id":"co_soap_creek_14020002_coloradoRiver_001","occurrence_number":"001","segment_count":97,"disambiguator":"Upper Gunnison · Colorado River green lineage · occurrence 001","basin":"Upper Gunnison","atlas_layer":"named_water_occurrence","object_role":"named_water_occurrence","historic_label":"Colorado River green lineage","current_label":"Colorado River green lineage","recovery_label":"Recovery watch / review area","tier":"tier1","minZoom":10,"confidence_public":"Watershed-level lineage context; expert review recommended","geometry_status_public":"Named natural stream occurrence from statewide hydrography","geometry_source_public":"Grouped public hydrography segments","trout_source_public":"Compiled public recovery and lineage context; expert review recommended","public_notes":"Soap Creek is shown as a named-water occurrence within watershed-level cutthroat lineage context. This is not a precise biological boundary."}},{"type":"Feature","geometry":{"type":"LineString","coordinates":[[-107.309,38.6588],[-107.311,38.653],[-107.3135,38.6511]]},"properties":{"source_id":"co_named_stream_094337","name":"Soap Creek","display_name":"Soap Creek","mapped_name":"Soap Creek","source_name":"Soap Creek","state":"CO","atlas_class":"named_natural_stream","huc8":"14020002","huc8Name":"Upper Gunnison","huc8States":"CO","lineageKey":"coloradoRiver","lineage":"coloradoRiver","historic":"coloradoRiver","current":"coloradoRiver","recovery":"recoveryWatch","lineageLabel":"Colorado River green lineage","lineageBasin":"Upper Gunnison","lineageNote":"Gunnison green-lineage context","atlas_context":"cutthroat_lineage_context","confidence":"Watershed-level lineage context; expert review recommended","geometryStatus":"Named natural stream segment from statewide hydrography","note":"This named natural stream falls within a HUC8 assigned to a cutthroat lineage context.","source_segment_id":"co_named_stream_094337","water_id":"co_soap_creek_14020002_coloradoRiver_001","occurrence_id":"co_soap_creek_14020002_coloradoRiver_001","occurrence_number":"001","segment_count":97,"disambiguator":"Upper Gunnison · Colorado River green lineage · occurrence 001","basin":"Upper Gunnison","atlas_layer":"named_water_occurrence","object_role":"named_water_occurrence","historic_label":"Colorado River green lineage","current_label":"Colorado River green lineage","recovery_label":"Recovery watch / review area","tier":"tier1","minZoom":10,"confidence_public":"Watershed-level lineage context; expert review recommended","geometry_status_public":"Named natural stream occurrence from statewide hydrography","geometry_source_public":"Grouped public hydrography segments","trout_source_public":"Compiled public recovery and lineage context; expert review recommended","public_notes":"Soap Creek is shown as a named-water occurrence within watershed-level cutthroat lineage context. This is not a precise biological boundary."}},{"type":"Feature","geometry":{"type":"LineString","coordinates":[[-107.2876,38.6755],[-107.2885,38.6746]]},"properties":{"source_id":"co_named_stream_094341","name":"Soap Creek","display_name":"Soap Creek","mapped_name":"Soap Creek","source_name":"Soap Creek","state":"CO","atlas_class":"named_natural_stream","huc8":"14020002","huc8Name":"Upper Gunnison","huc8States":"CO","lineageKey":"coloradoRiver","lineage":"coloradoRiver","historic":"coloradoRiver","current":"coloradoRiver","recovery":"recoveryWatch","lineageLabel":"Colorado River green lineage","lineageBasin":"Upper Gunnison","lineageNote":"Gunnison green-lineage context","atlas_context":"cutthroat_lineage_context","confidence":"Watershed-level lineage context; expert review recommended","geometryStatus":"Named natural stream segment from statewide hydrography","note":"This named natural stream falls within a HUC8 assigned to a cutthroat lineage context.","source_segment_id":"co_named_stream_094341","water_id":"co_soap_creek_14020002_coloradoRiver_001","occurrence_id":"co_soap_creek_14020002_coloradoRiver_001","occurrence_number":"001","segment_count":97,"disambiguator":"Upper Gunnison · Colorado River green lineage · occurrence 001","basin":"Upper Gunnison","atlas_layer":"named_water_occurrence","object_role":"named_water_occurrence","historic_label":"Colorado River green lineage","current_label":"Colorado River green lineage","recovery_label":"Recovery watch / review area","tier":"tier1","minZoom":10,"confidence_public":"Watershed-level lineage context; expert review recommended","geometry_status_public":"Named natural stream occurrence from statewide hydrography","geometry_source_public":"Grouped public hydrography segments","trout_source_public":"Compiled public recovery and lineage context; expert review recommended","public_notes":"Soap Creek is shown as a named-water occurrence within watershed-level cutthroat lineage context. This is not a precise biological boundary."}},{"type":"Feature","geometry":{"type":"LineString","coordinates":[[-107.2993,38.6647],[-107.2995,38.6643]]},"properties":{"source_id":"co_named_stream_094342","name":"Soap Creek","display_name":"Soap Creek","mapped_name":"Soap Creek","source_name":"Soap Creek","state":"CO","atlas_class":"named_natural_stream","huc8":"14020002","huc8Name":"Upper Gunnison","huc8States":"CO","lineageKey":"coloradoRiver","lineage":"coloradoRiver","historic":"coloradoRiver","current":"coloradoRiver","recovery":"recoveryWatch","lineageLabel":"Colorado River green lineage","lineageBasin":"Upper Gunnison","lineageNote":"Gunnison green-lineage context","atlas_context":"cutthroat_lineage_context","confidence":"Watershed-level lineage context; expert review recommended","geometryStatus":"Named natural stream segment from statewide hydrography","note":"This named natural stream falls within a HUC8 assigned to a cutthroat lineage context.","source_segment_id":"co_named_stream_094342","water_id":"co_soap_creek_14020002_coloradoRiver_001","occurrence_id":"co_soap_creek_14020002_coloradoRiver_001","occurrence_number":"001","segment_count":97,"disambiguator":"Upper Gunnison · Colorado River green lineage · occurrence 001","basin":"Upper Gunnison","atlas_layer":"named_water_occurrence","object_role":"named_water_occurrence","historic_label":"Colorado River green lineage","current_label":"Colorado River green lineage","recovery_label":"Recovery watch / review area","tier":"tier1","minZoom":10,"confidence_public":"Watershed-level lineage context; expert review recommended","geometry_status_public":"Named natural stream occurrence from statewide hydrography","geometry_source_public":"Grouped public hydrography segments","trout_source_public":"Compiled public recovery and lineage context; expert review recommended","public_notes":"Soap Creek is shown as a named-water occurrence within watershed-level cutthroat lineage context. This is not a precise biological boundary."}},{"type":"Feature","geometry":{"type":"LineString","coordinates":[[-107.2874,38.6773],[-107.2877,38.6764]]},"properties":{"source_id":"co_named_stream_094345","name":"Soap Creek","display_name":"Soap Creek","mapped_name":"Soap Creek","source_name":"Soap Creek","state":"CO","atlas_class":"named_natural_stream","huc8":"14020002","huc8Name":"Upper Gunnison","huc8States":"CO","lineageKey":"coloradoRiver","lineage":"coloradoRiver","historic":"coloradoRiver","current":"coloradoRiver","recovery":"recoveryWatch","lineageLabel":"Colorado River green lineage","lineageBasin":"Upper Gunnison","lineageNote":"Gunnison green-lineage context","atlas_context":"cutthroat_lineage_context","confidence":"Watershed-level lineage context; expert review recommended","geometryStatus":"Named natural stream segment from statewide hydrography","note":"This named natural stream falls within a HUC8 assigned to a cutthroat lineage context.","source_segment_id":"co_named_stream_094345","water_id":"co_soap_creek_14020002_coloradoRiver_001","occurrence_id":"co_soap_creek_14020002_coloradoRiver_001","occurrence_number":"001","segment_count":97,"disambiguator":"Upper Gunnison · Colorado River green lineage · occurrence 001","basin":"Upper Gunnison","atlas_layer":"named_water_occurrence","object_role":"named_water_occurrence","historic_label":"Colorado River green lineage","current_label":"Colorado River green lineage","recovery_label":"Recovery watch / review area","tier":"tier1","minZoom":10,"confidence_public":"Watershed-level lineage context; expert review recommended","geometry_status_public":"Named natural stream occurrence from statewide hydrography","geometry_source_public":"Grouped public hydrography segments","trout_source_public":"Compiled public recovery and lineage context; expert review recommended","public_notes":"Soap Creek is shown as a named-water occurrence within watershed-level cutthroat lineage context. This is not a precise biological boundary."}},{"type":"Feature","geometry":{"type":"LineString","coordinates":[[-107.2877,38.6889],[-107.2872,38.6881]]},"properties":{"source_id":"co_named_stream_094348","name":"Soap Creek","display_name":"Soap Creek","mapped_name":"Soap Creek","source_name":"Soap Creek","state":"CO","atlas_class":"named_natural_stream","huc8":"14020002","huc8Name":"Upper Gunnison","huc8States":"CO","lineageKey":"coloradoRiver","lineage":"coloradoRiver","historic":"coloradoRiver","current":"coloradoRiver","recovery":"recoveryWatch","lineageLabel":"Colorado River green lineage","lineageBasin":"Upper Gunnison","lineageNote":"Gunnison green-lineage context","atlas_context":"cutthroat_lineage_context","confidence":"Watershed-level lineage context; expert review recommended","geometryStatus":"Named natural stream segment from statewide hydrography","note":"This named natural stream falls within a HUC8 assigned to a cutthroat lineage context.","source_segment_id":"co_named_stream_094348","water_id":"co_soap_creek_14020002_coloradoRiver_001","occurrence_id":"co_soap_creek_14020002_coloradoRiver_001","occurrence_number":"001","segment_count":97,"disambiguator":"Upper Gunnison · Colorado River green lineage · occurrence 001","basin":"Upper Gunnison","atlas_layer":"named_water_occurrence","object_role":"named_water_occurrence","historic_label":"Colorado River green lineage","current_label":"Colorado River green lineage","recovery_label":"Recovery watch / review area","tier":"tier1","minZoom":10,"confidence_public":"Watershed-level lineage context; expert review recommended","geometry_status_public":"Named natural stream occurrence from statewide hydrography","geometry_source_public":"Grouped public hydrography segments","trout_source_public":"Compiled public recovery and lineage context; expert review recommended","public_notes":"Soap Creek is shown as a named-water occurrence within watershed-level cutthroat lineage context. This is not a precise biological boundary."}},{"type":"Feature","geometry":{"type":"LineString","coordinates":[[-107.2995,38.6643],[-107.3009,38.6639]]},"properties":{"source_id":"co_named_stream_094350","name":"Soap Creek","display_name":"Soap Creek","mapped_name":"Soap Creek","source_name":"Soap Creek","state":"CO","atlas_class":"named_natural_stream","huc8":"14020002","huc8Name":"Upper Gunnison","huc8States":"CO","lineageKey":"coloradoRiver","lineage":"coloradoRiver","historic":"coloradoRiver","current":"coloradoRiver","recovery":"recoveryWatch","lineageLabel":"Colorado River green lineage","lineageBasin":"Upper Gunnison","lineageNote":"Gunnison green-lineage context","atlas_context":"cutthroat_lineage_context","confidence":"Watershed-level lineage context; expert review recommended","geometryStatus":"Named natural stream segment from statewide hydrography","note":"This named natural stream falls within a HUC8 assigned to a cutthroat lineage context.","source_segment_id":"co_named_stream_094350","water_id":"co_soap_creek_14020002_coloradoRiver_001","occurrence_id":"co_soap_creek_14020002_coloradoRiver_001","occurrence_number":"001","segment_count":97,"disambiguator":"Upper Gunnison · Colorado River green lineage · occurrence 001","basin":"Upper Gunnison","atlas_layer":"named_water_occurrence","object_role":"named_water_occurrence","historic_label":"Colorado River green lineage","current_label":"Colorado River green lineage","recovery_label":"Recovery watch / review area","tier":"tier1","minZoom":10,"confidence_public":"Watershed-level lineage context; expert review recommended","geometry_status_public":"Named natural stream occurrence from statewide hydrography","geometry_source_public":"Grouped public hydrography segments","trout_source_public":"Compiled public recovery and lineage context; expert review recommended","public_notes":"Soap Creek is shown as a named-water occurrence within watershed-level cutthroat lineage context. This is not a precise biological boundary."}},{"type":"Feature","geometry":{"type":"LineString","coordinates":[[-107.2885,38.6746],[-107.2916,38.6704],[-107.293,38.6698]]},"properties":{"source_id":"co_named_stream_094357","name":"Soap Creek","display_name":"Soap Creek","mapped_name":"Soap Creek","source_name":"Soap Creek","state":"CO","atlas_class":"named_natural_stream","huc8":"14020002","huc8Name":"Upper Gunnison","huc8States":"CO","lineageKey":"coloradoRiver","lineage":"coloradoRiver","historic":"coloradoRiver","current":"coloradoRiver","recovery":"recoveryWatch","lineageLabel":"Colorado River green lineage","lineageBasin":"Upper Gunnison","lineageNote":"Gunnison green-lineage context","atlas_context":"cutthroat_lineage_context","confidence":"Watershed-level lineage context; expert review recommended","geometryStatus":"Named natural stream segment from statewide hydrography","note":"This named natural stream falls within a HUC8 assigned to a cutthroat lineage context.","source_segment_id":"co_named_stream_094357","water_id":"co_soap_creek_14020002_coloradoRiver_001","occurrence_id":"co_soap_creek_14020002_coloradoRiver_001","occurrence_number":"001","segment_count":97,"disambiguator":"Upper Gunnison · Colorado River green lineage · occurrence 001","basin":"Upper Gunnison","atlas_layer":"named_water_occurrence","object_role":"named_water_occurrence","historic_label":"Colorado River green lineage","current_label":"Colorado River green lineage","recovery_label":"Recovery watch / review area","tier":"tier1","minZoom":10,"confidence_public":"Watershed-level lineage context; expert review recommended","geometry_status_public":"Named natural stream occurrence from statewide hydrography","geometry_source_public":"Grouped public hydrography segments","trout_source_public":"Compiled public recovery and lineage context; expert review recommended","public_notes":"Soap Creek is shown as a named-water occurrence within watershed-level cutthroat lineage context. This is not a precise biological boundary."}},{"type":"Feature","geometry":{"type":"LineString","coordinates":[[-107.2869,38.6793],[-107.2874,38.6773]]},"properties":{"source_id":"co_named_stream_094363","name":"Soap Creek","display_name":"Soap Creek","mapped_name":"Soap Creek","source_name":"Soap Creek","state":"CO","atlas_class":"named_natural_stream","huc8":"14020002","huc8Name":"Upper Gunnison","huc8States":"CO","lineageKey":"coloradoRiver","lineage":"coloradoRiver","historic":"coloradoRiver","current":"coloradoRiver","recovery":"recoveryWatch","lineageLabel":"Colorado River green lineage","lineageBasin":"Upper Gunnison","lineageNote":"Gunnison green-lineage context","atlas_context":"cutthroat_lineage_context","confidence":"Watershed-level lineage context; expert review recommended","geometryStatus":"Named natural stream segment from statewide hydrography","note":"This named natural stream falls within a HUC8 assigned to a cutthroat lineage context.","source_segment_id":"co_named_stream_094363","water_id":"co_soap_creek_14020002_coloradoRiver_001","occurrence_id":"co_soap_creek_14020002_coloradoRiver_001","occurrence_number":"001","segment_count":97,"disambiguator":"Upper Gunnison · Colorado River green lineage · occurrence 001","basin":"Upper Gunnison","atlas_layer":"named_water_occurrence","object_role":"named_water_occurrence","historic_label":"Colorado River green lineage","current_label":"Colorado River green lineage","recovery_label":"Recovery watch / review area","tier":"tier1","minZoom":10,"confidence_public":"Watershed-level lineage context; expert review recommended","geometry_status_public":"Named natural stream occurrence from statewide hydrography","geometry_source_public":"Grouped public hydrography segments","trout_source_public":"Compiled public recovery and lineage context; expert review recommended","public_notes":"Soap Creek is shown as a named-water occurrence within watershed-level cutthroat lineage context. This is not a precise biological boundary."}},{"type":"Feature","geometry":{"type":"LineString","coordinates":[[-107.3009,38.6639],[-107.3068,38.6606]]},"properties":{"source_id":"co_named_stream_094364","name":"Soap Creek","display_name":"Soap Creek","mapped_name":"Soap Creek","source_name":"Soap Creek","state":"CO","atlas_class":"named_natural_stream","huc8":"14020002","huc8Name":"Upper Gunnison","huc8States":"CO","lineageKey":"coloradoRiver","lineage":"coloradoRiver","historic":"coloradoRiver","current":"coloradoRiver","recovery":"recoveryWatch","lineageLabel":"Colorado River green lineage","lineageBasin":"Upper Gunnison","lineageNote":"Gunnison green-lineage context","atlas_context":"cutthroat_lineage_context","confidence":"Watershed-level lineage context; expert review recommended","geometryStatus":"Named natural stream segment from statewide hydrography","note":"This named natural stream falls within a HUC8 assigned to a cutthroat lineage context.","source_segment_id":"co_named_stream_094364","water_id":"co_soap_creek_14020002_coloradoRiver_001","occurrence_id":"co_soap_creek_14020002_coloradoRiver_001","occurrence_number":"001","segment_count":97,"disambiguator":"Upper Gunnison · Colorado River green lineage · occurrence 001","basin":"Upper Gunnison","atlas_layer":"named_water_occurrence","object_role":"named_water_occurrence","historic_label":"Colorado River green lineage","current_label":"Colorado River green lineage","recovery_label":"Recovery watch / review area","tier":"tier1","minZoom":10,"confidence_public":"Watershed-level lineage context; expert review recommended","geometry_status_public":"Named natural stream occurrence from statewide hydrography","geometry_source_public":"Grouped public hydrography segments","trout_source_public":"Compiled public recovery and lineage context; expert review recommended","public_notes":"Soap Creek is shown as a named-water occurrence within watershed-level cutthroat lineage context. This is not a precise biological boundary."}},{"type":"Feature","geometry":{"type":"LineString","coordinates":[[-107.2872,38.6881],[-107.2864,38.6866]]},"properties":{"source_id":"co_named_stream_094365","name":"Soap Creek","display_name":"Soap Creek","mapped_name":"Soap Creek","source_name":"Soap Creek","state":"CO","atlas_class":"named_natural_stream","huc8":"14020002","huc8Name":"Upper Gunnison","huc8States":"CO","lineageKey":"coloradoRiver","lineage":"coloradoRiver","historic":"coloradoRiver","current":"coloradoRiver","recovery":"recoveryWatch","lineageLabel":"Colorado River green lineage","lineageBasin":"Upper Gunnison","lineageNote":"Gunnison green-lineage context","atlas_context":"cutthroat_lineage_context","confidence":"Watershed-level lineage context; expert review recommended","geometryStatus":"Named natural stream segment from statewide hydrography","note":"This named natural stream falls within a HUC8 assigned to a cutthroat lineage context.","source_segment_id":"co_named_stream_094365","water_id":"co_soap_creek_14020002_coloradoRiver_001","occurrence_id":"co_soap_creek_14020002_coloradoRiver_001","occurrence_number":"001","segment_count":97,"disambiguator":"Upper Gunnison · Colorado River green lineage · occurrence 001","basin":"Upper Gunnison","atlas_layer":"named_water_occurrence","object_role":"named_water_occurrence","historic_label":"Colorado River green lineage","current_label":"Colorado River green lineage","recovery_label":"Recovery watch / review area","tier":"tier1","minZoom":10,"confidence_public":"Watershed-level lineage context; expert review recommended","geometry_status_public":"Named natural stream occurrence from statewide hydrography","geometry_source_public":"Grouped public hydrography segments","trout_source_public":"Compiled public recovery and lineage context; expert review recommended","public_notes":"Soap Creek is shown as a named-water occurrence within watershed-level cutthroat lineage context. This is not a precise biological boundary."}},{"type":"Feature","geometry":{"type":"LineString","coordinates":[[-107.293,38.6698],[-107.2993,38.6647]]},"properties":{"source_id":"co_named_stream_094367","name":"Soap Creek","display_name":"Soap Creek","mapped_name":"Soap Creek","source_name":"Soap Creek","state":"CO","atlas_class":"named_natural_stream","huc8":"14020002","huc8Name":"Upper Gunnison","huc8States":"CO","lineageKey":"coloradoRiver","lineage":"coloradoRiver","historic":"coloradoRiver","current":"coloradoRiver","recovery":"recoveryWatch","lineageLabel":"Colorado River green lineage","lineageBasin":"Upper Gunnison","lineageNote":"Gunnison green-lineage context","atlas_context":"cutthroat_lineage_context","confidence":"Watershed-level lineage context; expert review recommended","geometryStatus":"Named natural stream segment from statewide hydrography","note":"This named natural stream falls within a HUC8 assigned to a cutthroat lineage context.","source_segment_id":"co_named_stream_094367","water_id":"co_soap_creek_14020002_coloradoRiver_001","occurrence_id":"co_soap_creek_14020002_coloradoRiver_001","occurrence_number":"001","segment_count":97,"disambiguator":"Upper Gunnison · Colorado River green lineage · occurrence 001","basin":"Upper Gunnison","atlas_layer":"named_water_occurrence","object_role":"named_water_occurrence","historic_label":"Colorado River green lineage","current_label":"Colorado River green lineage","recovery_label":"Recovery watch / review area","tier":"tier1","minZoom":10,"confidence_public":"Watershed-level lineage context; expert review recommended","geometry_status_public":"Named natural stream occurrence from statewide hydrography","geometry_source_public":"Grouped public hydrography segments","trout_source_public":"Compiled public recovery and lineage context; expert review recommended","public_notes":"Soap Creek is shown as a named-water occurrence within watershed-level cutthroat lineage context. This is not a precise biological boundary."}},{"type":"Feature","geometry":{"type":"LineString","coordinates":[[-107.3068,38.6606],[-107.309,38.6588]]},"properties":{"source_id":"co_named_stream_094368","name":"Soap Creek","display_name":"Soap Creek","mapped_name":"Soap Creek","source_name":"Soap Creek","state":"CO","atlas_class":"named_natural_stream","huc8":"14020002","huc8Name":"Upper Gunnison","huc8States":"CO","lineageKey":"coloradoRiver","lineage":"coloradoRiver","historic":"coloradoRiver","current":"coloradoRiver","recovery":"recoveryWatch","lineageLabel":"Colorado River green lineage","lineageBasin":"Upper Gunnison","lineageNote":"Gunnison green-lineage context","atlas_context":"cutthroat_lineage_context","confidence":"Watershed-level lineage context; expert review recommended","geometryStatus":"Named natural stream segment from statewide hydrography","note":"This named natural stream falls within a HUC8 assigned to a cutthroat lineage context.","source_segment_id":"co_named_stream_094368","water_id":"co_soap_creek_14020002_coloradoRiver_001","occurrence_id":"co_soap_creek_14020002_coloradoRiver_001","occurrence_number":"001","segment_count":97,"disambiguator":"Upper Gunnison · Colorado River green lineage · occurrence 001","basin":"Upper Gunnison","atlas_layer":"named_water_occurrence","object_role":"named_water_occurrence","historic_label":"Colorado River green lineage","current_label":"Colorado River green lineage","recovery_label":"Recovery watch / review area","tier":"tier1","minZoom":10,"confidence_public":"Watershed-level lineage context; expert review recommended","geometry_status_public":"Named natural stream occurrence from statewide hydrography","geometry_source_public":"Grouped public hydrography segments","trout_source_public":"Compiled public recovery and lineage context; expert review recommended","public_notes":"Soap Creek is shown as a named-water occurrence within watershed-level cutthroat lineage context. This is not a precise biological boundary."}},{"type":"Feature","geometry":{"type":"LineString","coordinates":[[-107.2877,38.6764],[-107.2876,38.6755]]},"properties":{"source_id":"co_named_stream_094369","name":"Soap Creek","display_name":"Soap Creek","mapped_name":"Soap Creek","source_name":"Soap Creek","state":"CO","atlas_class":"named_natural_stream","huc8":"14020002","huc8Name":"Upper Gunnison","huc8States":"CO","lineageKey":"coloradoRiver","lineage":"coloradoRiver","historic":"coloradoRiver","current":"coloradoRiver","recovery":"recoveryWatch","lineageLabel":"Colorado River green lineage","lineageBasin":"Upper Gunnison","lineageNote":"Gunnison green-lineage context","atlas_context":"cutthroat_lineage_context","confidence":"Watershed-level lineage context; expert review recommended","geometryStatus":"Named natural stream segment from statewide hydrography","note":"This named natural stream falls within a HUC8 assigned to a cutthroat lineage context.","source_segment_id":"co_named_stream_094369","water_id":"co_soap_creek_14020002_coloradoRiver_001","occurrence_id":"co_soap_creek_14020002_coloradoRiver_001","occurrence_number":"001","segment_count":97,"disambiguator":"Upper Gunnison · Colorado River green lineage · occurrence 001","basin":"Upper Gunnison","atlas_layer":"named_water_occurrence","object_role":"named_water_occurrence","historic_label":"Colorado River green lineage","current_label":"Colorado River green lineage","recovery_label":"Recovery watch / review area","tier":"tier1","minZoom":10,"confidence_public":"Watershed-level lineage context; expert review recommended","geometry_status_public":"Named natural stream occurrence from statewide hydrography","geometry_source_public":"Grouped public hydrography segments","trout_source_public":"Compiled public recovery and lineage context; expert review recommended","public_notes":"Soap Creek is shown as a named-water occurrence within watershed-level cutthroat lineage context. This is not a precise biological boundary."}},{"type":"Feature","geometry":{"type":"LineString","coordinates":[[-107.2857,38.6857],[-107.2869,38.6793]]},"properties":{"source_id":"co_named_stream_094370","name":"Soap Creek","display_name":"Soap Creek","mapped_name":"Soap Creek","source_name":"Soap Creek","state":"CO","atlas_class":"named_natural_stream","huc8":"14020002","huc8Name":"Upper Gunnison","huc8States":"CO","lineageKey":"coloradoRiver","lineage":"coloradoRiver","historic":"coloradoRiver","current":"coloradoRiver","recovery":"recoveryWatch","lineageLabel":"Colorado River green lineage","lineageBasin":"Upper Gunnison","lineageNote":"Gunnison green-lineage context","atlas_context":"cutthroat_lineage_context","confidence":"Watershed-level lineage context; expert review recommended","geometryStatus":"Named natural stream segment from statewide hydrography","note":"This named natural stream falls within a HUC8 assigned to a cutthroat lineage context.","source_segment_id":"co_named_stream_094370","water_id":"co_soap_creek_14020002_coloradoRiver_001","occurrence_id":"co_soap_creek_14020002_coloradoRiver_001","occurrence_number":"001","segment_count":97,"disambiguator":"Upper Gunnison · Colorado River green lineage · occurrence 001","basin":"Upper Gunnison","atlas_layer":"named_water_occurrence","object_role":"named_water_occurrence","historic_label":"Colorado River green lineage","current_label":"Colorado River green lineage","recovery_label":"Recovery watch / review area","tier":"tier1","minZoom":10,"confidence_public":"Watershed-level lineage context; expert review recommended","geometry_status_public":"Named natural stream occurrence from statewide hydrography","geometry_source_public":"Grouped public hydrography segments","trout_source_public":"Compiled public recovery and lineage context; expert review recommended","public_notes":"Soap Creek is shown as a named-water occurrence within watershed-level cutthroat lineage context. This is not a precise biological boundary."}},{"type":"Feature","geometry":{"type":"LineString","coordinates":[[-107.2862,38.6861],[-107.2857,38.6857]]},"properties":{"source_id":"co_named_stream_094372","name":"Soap Creek","display_name":"Soap Creek","mapped_name":"Soap Creek","source_name":"Soap Creek","state":"CO","atlas_class":"named_natural_stream","huc8":"14020002","huc8Name":"Upper Gunnison","huc8States":"CO","lineageKey":"coloradoRiver","lineage":"coloradoRiver","historic":"coloradoRiver","current":"coloradoRiver","recovery":"recoveryWatch","lineageLabel":"Colorado River green lineage","lineageBasin":"Upper Gunnison","lineageNote":"Gunnison green-lineage context","atlas_context":"cutthroat_lineage_context","confidence":"Watershed-level lineage context; expert review recommended","geometryStatus":"Named natural stream segment from statewide hydrography","note":"This named natural stream falls within a HUC8 assigned to a cutthroat lineage context.","source_segment_id":"co_named_stream_094372","water_id":"co_soap_creek_14020002_coloradoRiver_001","occurrence_id":"co_soap_creek_14020002_coloradoRiver_001","occurrence_number":"001","segment_count":97,"disambiguator":"Upper Gunnison · Colorado River green lineage · occurrence 001","basin":"Upper Gunnison","atlas_layer":"named_water_occurrence","object_role":"named_water_occurrence","historic_label":"Colorado River green lineage","current_label":"Colorado River green lineage","recovery_label":"Recovery watch / review area","tier":"tier1","minZoom":10,"confidence_public":"Watershed-level lineage context; expert review recommended","geometry_status_public":"Named natural stream occurrence from statewide hydrography","geometry_source_public":"Grouped public hydrography segments","trout_source_public":"Compiled public recovery and lineage context; expert review recommended","public_notes":"Soap Creek is shown as a named-water occurrence within watershed-level cutthroat lineage context. This is not a precise biological boundary."}},{"type":"Feature","geometry":{"type":"LineString","coordinates":[[-107.3221,38.6387],[-107.3236,38.6369],[-107.3231,38.6351]]},"properties":{"source_id":"co_named_stream_094374","name":"Soap Creek","display_name":"Soap Creek","mapped_name":"Soap Creek","source_name":"Soap Creek","state":"CO","atlas_class":"named_natural_stream","huc8":"14020002","huc8Name":"Upper Gunnison","huc8States":"CO","lineageKey":"coloradoRiver","lineage":"coloradoRiver","historic":"coloradoRiver","current":"coloradoRiver","recovery":"recoveryWatch","lineageLabel":"Colorado River green lineage","lineageBasin":"Upper Gunnison","lineageNote":"Gunnison green-lineage context","atlas_context":"cutthroat_lineage_context","confidence":"Watershed-level lineage context; expert review recommended","geometryStatus":"Named natural stream segment from statewide hydrography","note":"This named natural stream falls within a HUC8 assigned to a cutthroat lineage context.","source_segment_id":"co_named_stream_094374","water_id":"co_soap_creek_14020002_coloradoRiver_001","occurrence_id":"co_soap_creek_14020002_coloradoRiver_001","occurrence_number":"001","segment_count":97,"disambiguator":"Upper Gunnison · Colorado River green lineage · occurrence 001","basin":"Upper Gunnison","atlas_layer":"named_water_occurrence","object_role":"named_water_occurrence","historic_label":"Colorado River green lineage","current_label":"Colorado River green lineage","recovery_label":"Recovery watch / review area","tier":"tier1","minZoom":10,"confidence_public":"Watershed-level lineage context; expert review recommended","geometry_status_public":"Named natural stream occurrence from statewide hydrography","geometry_source_public":"Grouped public hydrography segments","trout_source_public":"Compiled public recovery and lineage context; expert review recommended","public_notes":"Soap Creek is shown as a named-water occurrence within watershed-level cutthroat lineage context. This is not a precise biological boundary."}},{"type":"Feature","geometry":{"type":"LineString","coordinates":[[-107.3197,38.6447],[-107.3196,38.6438]]},"properties":{"source_id":"co_named_stream_094378","name":"Soap Creek","display_name":"Soap Creek","mapped_name":"Soap Creek","source_name":"Soap Creek","state":"CO","atlas_class":"named_natural_stream","huc8":"14020002","huc8Name":"Upper Gunnison","huc8States":"CO","lineageKey":"coloradoRiver","lineage":"coloradoRiver","historic":"coloradoRiver","current":"coloradoRiver","recovery":"recoveryWatch","lineageLabel":"Colorado River green lineage","lineageBasin":"Upper Gunnison","lineageNote":"Gunnison green-lineage context","atlas_context":"cutthroat_lineage_context","confidence":"Watershed-level lineage context; expert review recommended","geometryStatus":"Named natural stream segment from statewide hydrography","note":"This named natural stream falls within a HUC8 assigned to a cutthroat lineage context.","source_segment_id":"co_named_stream_094378","water_id":"co_soap_creek_14020002_coloradoRiver_001","occurrence_id":"co_soap_creek_14020002_coloradoRiver_001","occurrence_number":"001","segment_count":97,"disambiguator":"Upper Gunnison · Colorado River green lineage · occurrence 001","basin":"Upper Gunnison","atlas_layer":"named_water_occurrence","object_role":"named_water_occurrence","historic_label":"Colorado River green lineage","current_label":"Colorado River green lineage","recovery_label":"Recovery watch / review area","tier":"tier1","minZoom":10,"confidence_public":"Watershed-level lineage context; expert review recommended","geometry_status_public":"Named natural stream occurrence from statewide hydrography","geometry_source_public":"Grouped public hydrography segments","trout_source_public":"Compiled public recovery and lineage context; expert review recommended","public_notes":"Soap Creek is shown as a named-water occurrence within watershed-level cutthroat lineage context. This is not a precise biological boundary."}},{"type":"Feature","geometry":{"type":"LineString","coordinates":[[-107.3164,38.6488],[-107.3194,38.6462]]},"properties":{"source_id":"co_named_stream_094383","name":"Soap Creek","display_name":"Soap Creek","mapped_name":"Soap Creek","source_name":"Soap Creek","state":"CO","atlas_class":"named_natural_stream","huc8":"14020002","huc8Name":"Upper Gunnison","huc8States":"CO","lineageKey":"coloradoRiver","lineage":"coloradoRiver","historic":"coloradoRiver","current":"coloradoRiver","recovery":"recoveryWatch","lineageLabel":"Colorado River green lineage","lineageBasin":"Upper Gunnison","lineageNote":"Gunnison green-lineage context","atlas_context":"cutthroat_lineage_context","confidence":"Watershed-level lineage context; expert review recommended","geometryStatus":"Named natural stream segment from statewide hydrography","note":"This named natural stream falls within a HUC8 assigned to a cutthroat lineage context.","source_segment_id":"co_named_stream_094383","water_id":"co_soap_creek_14020002_coloradoRiver_001","occurrence_id":"co_soap_creek_14020002_coloradoRiver_001","occurrence_number":"001","segment_count":97,"disambiguator":"Upper Gunnison · Colorado River green lineage · occurrence 001","basin":"Upper Gunnison","atlas_layer":"named_water_occurrence","object_role":"named_water_occurrence","historic_label":"Colorado River green lineage","current_label":"Colorado River green lineage","recovery_label":"Recovery watch / review area","tier":"tier1","minZoom":10,"confidence_public":"Watershed-level lineage context; expert review recommended","geometry_status_public":"Named natural stream occurrence from statewide hydrography","geometry_source_public":"Grouped public hydrography segments","trout_source_public":"Compiled public recovery and lineage context; expert review recommended","public_notes":"Soap Creek is shown as a named-water occurrence within watershed-level cutthroat lineage context. This is not a precise biological boundary."}},{"type":"Feature","geometry":{"type":"LineString","coordinates":[[-107.3197,38.6453],[-107.3197,38.6447]]},"properties":{"source_id":"co_named_stream_094384","name":"Soap Creek","display_name":"Soap Creek","mapped_name":"Soap Creek","source_name":"Soap Creek","state":"CO","atlas_class":"named_natural_stream","huc8":"14020002","huc8Name":"Upper Gunnison","huc8States":"CO","lineageKey":"coloradoRiver","lineage":"coloradoRiver","historic":"coloradoRiver","current":"coloradoRiver","recovery":"recoveryWatch","lineageLabel":"Colorado River green lineage","lineageBasin":"Upper Gunnison","lineageNote":"Gunnison green-lineage context","atlas_context":"cutthroat_lineage_context","confidence":"Watershed-level lineage context; expert review recommended","geometryStatus":"Named natural stream segment from statewide hydrography","note":"This named natural stream falls within a HUC8 assigned to a cutthroat lineage context.","source_segment_id":"co_named_stream_094384","water_id":"co_soap_creek_14020002_coloradoRiver_001","occurrence_id":"co_soap_creek_14020002_coloradoRiver_001","occurrence_number":"001","segment_count":97,"disambiguator":"Upper Gunnison · Colorado River green lineage · occurrence 001","basin":"Upper Gunnison","atlas_layer":"named_water_occurrence","object_role":"named_water_occurrence","historic_label":"Colorado River green lineage","current_label":"Colorado River green lineage","recovery_label":"Recovery watch / review area","tier":"tier1","minZoom":10,"confidence_public":"Watershed-level lineage context; expert review recommended","geometry_status_public":"Named natural stream occurrence from statewide hydrography","geometry_source_public":"Grouped public hydrography segments","trout_source_public":"Compiled public recovery and lineage context; expert review recommended","public_notes":"Soap Creek is shown as a named-water occurrence within watershed-level cutthroat lineage context. This is not a precise biological boundary."}},{"type":"Feature","geometry":{"type":"LineString","coordinates":[[-107.3135,38.6511],[-107.3164,38.6488]]},"properties":{"source_id":"co_named_stream_094394","name":"Soap Creek","display_name":"Soap Creek","mapped_name":"Soap Creek","source_name":"Soap Creek","state":"CO","atlas_class":"named_natural_stream","huc8":"14020002","huc8Name":"Upper Gunnison","huc8States":"CO","lineageKey":"coloradoRiver","lineage":"coloradoRiver","historic":"coloradoRiver","current":"coloradoRiver","recovery":"recoveryWatch","lineageLabel":"Colorado River green lineage","lineageBasin":"Upper Gunnison","lineageNote":"Gunnison green-lineage context","atlas_context":"cutthroat_lineage_context","confidence":"Watershed-level lineage context; expert review recommended","geometryStatus":"Named natural stream segment from statewide hydrography","note":"This named natural stream falls within a HUC8 assigned to a cutthroat lineage context.","source_segment_id":"co_named_stream_094394","water_id":"co_soap_creek_14020002_coloradoRiver_001","occurrence_id":"co_soap_creek_14020002_coloradoRiver_001","occurrence_number":"001","segment_count":97,"disambiguator":"Upper Gunnison · Colorado River green lineage · occurrence 001","basin":"Upper Gunnison","atlas_layer":"named_water_occurrence","object_role":"named_water_occurrence","historic_label":"Colorado River green lineage","current_label":"Colorado River green lineage","recovery_label":"Recovery watch / review area","tier":"tier1","minZoom":10,"confidence_public":"Watershed-level lineage context; expert review recommended","geometry_status_public":"Named natural stream occurrence from statewide hydrography","geometry_source_public":"Grouped public hydrography segments","trout_source_public":"Compiled public recovery and lineage context; expert review recommended","public_notes":"Soap Creek is shown as a named-water occurrence within watershed-level cutthroat lineage context. This is not a precise biological boundary."}},{"type":"Feature","geometry":{"type":"LineString","coordinates":[[-107.3231,38.6351],[-107.3231,38.6348]]},"properties":{"source_id":"co_named_stream_094398","name":"Soap Creek","display_name":"Soap Creek","mapped_name":"Soap Creek","source_name":"Soap Creek","state":"CO","atlas_class":"named_natural_stream","huc8":"14020002","huc8Name":"Upper Gunnison","huc8States":"CO","lineageKey":"coloradoRiver","lineage":"coloradoRiver","historic":"coloradoRiver","current":"coloradoRiver","recovery":"recoveryWatch","lineageLabel":"Colorado River green lineage","lineageBasin":"Upper Gunnison","lineageNote":"Gunnison green-lineage context","atlas_context":"cutthroat_lineage_context","confidence":"Watershed-level lineage context; expert review recommended","geometryStatus":"Named natural stream segment from statewide hydrography","note":"This named natural stream falls within a HUC8 assigned to a cutthroat lineage context.","source_segment_id":"co_named_stream_094398","water_id":"co_soap_creek_14020002_coloradoRiver_001","occurrence_id":"co_soap_creek_14020002_coloradoRiver_001","occurrence_number":"001","segment_count":97,"disambiguator":"Upper Gunnison · Colorado River green lineage · occurrence 001","basin":"Upper Gunnison","atlas_layer":"named_water_occurrence","object_role":"named_water_occurrence","historic_label":"Colorado River green lineage","current_label":"Colorado River green lineage","recovery_label":"Recovery watch / review area","tier":"tier1","minZoom":10,"confidence_public":"Watershed-level lineage context; expert review recommended","geometry_status_public":"Named natural stream occurrence from statewide hydrography","geometry_source_public":"Grouped public hydrography segments","trout_source_public":"Compiled public recovery and lineage context; expert review recommended","public_notes":"Soap Creek is shown as a named-water occurrence within watershed-level cutthroat lineage context. This is not a precise biological boundary."}},{"type":"Feature","geometry":{"type":"LineString","coordinates":[[-107.3231,38.6348],[-107.3228,38.6336],[-107.3246,38.6316]]},"properties":{"source_id":"co_named_stream_094403","name":"Soap Creek","display_name":"Soap Creek","mapped_name":"Soap Creek","source_name":"Soap Creek","state":"CO","atlas_class":"named_natural_stream","huc8":"14020002","huc8Name":"Upper Gunnison","huc8States":"CO","lineageKey":"coloradoRiver","lineage":"coloradoRiver","historic":"coloradoRiver","current":"coloradoRiver","recovery":"recoveryWatch","lineageLabel":"Colorado River green lineage","lineageBasin":"Upper Gunnison","lineageNote":"Gunnison green-lineage context","atlas_context":"cutthroat_lineage_context","confidence":"Watershed-level lineage context; expert review recommended","geometryStatus":"Named natural stream segment from statewide hydrography","note":"This named natural stream falls within a HUC8 assigned to a cutthroat lineage context.","source_segment_id":"co_named_stream_094403","water_id":"co_soap_creek_14020002_coloradoRiver_001","occurrence_id":"co_soap_creek_14020002_coloradoRiver_001","occurrence_number":"001","segment_count":97,"disambiguator":"Upper Gunnison · Colorado River green lineage · occurrence 001","basin":"Upper Gunnison","atlas_layer":"named_water_occurrence","object_role":"named_water_occurrence","historic_label":"Colorado River green lineage","current_label":"Colorado River green lineage","recovery_label":"Recovery watch / review area","tier":"tier1","minZoom":10,"confidence_public":"Watershed-level lineage context; expert review recommended","geometry_status_public":"Named natural stream occurrence from statewide hydrography","geometry_source_public":"Grouped public hydrography segments","trout_source_public":"Compiled public recovery and lineage context; expert review recommended","public_notes":"Soap Creek is shown as a named-water occurrence within watershed-level cutthroat lineage context. This is not a precise biological boundary."}},{"type":"Feature","geometry":{"type":"LineString","coordinates":[[-107.3196,38.6438],[-107.3186,38.6421],[-107.3202,38.6399]]},"properties":{"source_id":"co_named_stream_094411","name":"Soap Creek","display_name":"Soap Creek","mapped_name":"Soap Creek","source_name":"Soap Creek","state":"CO","atlas_class":"named_natural_stream","huc8":"14020002","huc8Name":"Upper Gunnison","huc8States":"CO","lineageKey":"coloradoRiver","lineage":"coloradoRiver","historic":"coloradoRiver","current":"coloradoRiver","recovery":"recoveryWatch","lineageLabel":"Colorado River green lineage","lineageBasin":"Upper Gunnison","lineageNote":"Gunnison green-lineage context","atlas_context":"cutthroat_lineage_context","confidence":"Watershed-level lineage context; expert review recommended","geometryStatus":"Named natural stream segment from statewide hydrography","note":"This named natural stream falls within a HUC8 assigned to a cutthroat lineage context.","source_segment_id":"co_named_stream_094411","water_id":"co_soap_creek_14020002_coloradoRiver_001","occurrence_id":"co_soap_creek_14020002_coloradoRiver_001","occurrence_number":"001","segment_count":97,"disambiguator":"Upper Gunnison · Colorado River green lineage · occurrence 001","basin":"Upper Gunnison","atlas_layer":"named_water_occurrence","object_role":"named_water_occurrence","historic_label":"Colorado River green lineage","current_label":"Colorado River green lineage","recovery_label":"Recovery watch / review area","tier":"tier1","minZoom":10,"confidence_public":"Watershed-level lineage context; expert review recommended","geometry_status_public":"Named natural stream occurrence from statewide hydrography","geometry_source_public":"Grouped public hydrography segments","trout_source_public":"Compiled public recovery and lineage context; expert review recommended","public_notes":"Soap Creek is shown as a named-water occurrence within watershed-level cutthroat lineage context. This is not a precise biological boundary."}},{"type":"Feature","geometry":{"type":"LineString","coordinates":[[-107.3202,38.6399],[-107.3221,38.6387]]},"properties":{"source_id":"co_named_stream_094413","name":"Soap Creek","display_name":"Soap Creek","mapped_name":"Soap Creek","source_name":"Soap Creek","state":"CO","atlas_class":"named_natural_stream","huc8":"14020002","huc8Name":"Upper Gunnison","huc8States":"CO","lineageKey":"coloradoRiver","lineage":"coloradoRiver","historic":"coloradoRiver","current":"coloradoRiver","recovery":"recoveryWatch","lineageLabel":"Colorado River green lineage","lineageBasin":"Upper Gunnison","lineageNote":"Gunnison green-lineage context","atlas_context":"cutthroat_lineage_context","confidence":"Watershed-level lineage context; expert review recommended","geometryStatus":"Named natural stream segment from statewide hydrography","note":"This named natural stream falls within a HUC8 assigned to a cutthroat lineage context.","source_segment_id":"co_named_stream_094413","water_id":"co_soap_creek_14020002_coloradoRiver_001","occurrence_id":"co_soap_creek_14020002_coloradoRiver_001","occurrence_number":"001","segment_count":97,"disambiguator":"Upper Gunnison · Colorado River green lineage · occurrence 001","basin":"Upper Gunnison","atlas_layer":"named_water_occurrence","object_role":"named_water_occurrence","historic_label":"Colorado River green lineage","current_label":"Colorado River green lineage","recovery_label":"Recovery watch / review area","tier":"tier1","minZoom":10,"confidence_public":"Watershed-level lineage context; expert review recommended","geometry_status_public":"Named natural stream occurrence from statewide hydrography","geometry_source_public":"Grouped public hydrography segments","trout_source_public":"Compiled public recovery and lineage context; expert review recommended","public_notes":"Soap Creek is shown as a named-water occurrence within watershed-level cutthroat lineage context. This is not a precise biological boundary."}},{"type":"Feature","geometry":{"type":"LineString","coordinates":[[-107.3194,38.6462],[-107.3197,38.6453]]},"properties":{"source_id":"co_named_stream_094417","name":"Soap Creek","display_name":"Soap Creek","mapped_name":"Soap Creek","source_name":"Soap Creek","state":"CO","atlas_class":"named_natural_stream","huc8":"14020002","huc8Name":"Upper Gunnison","huc8States":"CO","lineageKey":"coloradoRiver","lineage":"coloradoRiver","historic":"coloradoRiver","current":"coloradoRiver","recovery":"recoveryWatch","lineageLabel":"Colorado River green lineage","lineageBasin":"Upper Gunnison","lineageNote":"Gunnison green-lineage context","atlas_context":"cutthroat_lineage_context","confidence":"Watershed-level lineage context; expert review recommended","geometryStatus":"Named natural stream segment from statewide hydrography","note":"This named natural stream falls within a HUC8 assigned to a cutthroat lineage context.","source_segment_id":"co_named_stream_094417","water_id":"co_soap_creek_14020002_coloradoRiver_001","occurrence_id":"co_soap_creek_14020002_coloradoRiver_001","occurrence_number":"001","segment_count":97,"disambiguator":"Upper Gunnison · Colorado River green lineage · occurrence 001","basin":"Upper Gunnison","atlas_layer":"named_water_occurrence","object_role":"named_water_occurrence","historic_label":"Colorado River green lineage","current_label":"Colorado River green lineage","recovery_label":"Recovery watch / review area","tier":"tier1","minZoom":10,"confidence_public":"Watershed-level lineage context; expert review recommended","geometry_status_public":"Named natural stream occurrence from statewide hydrography","geometry_source_public":"Grouped public hydrography segments","trout_source_public":"Compiled public recovery and lineage context; expert review recommended","public_notes":"Soap Creek is shown as a named-water occurrence within watershed-level cutthroat lineage context. This is not a precise biological boundary."}},{"type":"Feature","geometry":{"type":"LineString","coordinates":[[-107.3294,38.5774],[-107.3298,38.5764]]},"properties":{"source_id":"co_named_stream_095332","name":"Soap Creek","display_name":"Soap Creek","mapped_name":"Soap Creek","source_name":"Soap Creek","state":"CO","atlas_class":"named_natural_stream","huc8":"14020002","huc8Name":"Upper Gunnison","huc8States":"CO","lineageKey":"coloradoRiver","lineage":"coloradoRiver","historic":"coloradoRiver","current":"coloradoRiver","recovery":"recoveryWatch","lineageLabel":"Colorado River green lineage","lineageBasin":"Upper Gunnison","lineageNote":"Gunnison green-lineage context","atlas_context":"cutthroat_lineage_context","confidence":"Watershed-level lineage context; expert review recommended","geometryStatus":"Named natural stream segment from statewide hydrography","note":"This named natural stream falls within a HUC8 assigned to a cutthroat lineage context.","source_segment_id":"co_named_stream_095332","water_id":"co_soap_creek_14020002_coloradoRiver_001","occurrence_id":"co_soap_creek_14020002_coloradoRiver_001","occurrence_number":"001","segment_count":97,"disambiguator":"Upper Gunnison · Colorado River green lineage · occurrence 001","basin":"Upper Gunnison","atlas_layer":"named_water_occurrence","object_role":"named_water_occurrence","historic_label":"Colorado River green lineage","current_label":"Colorado River green lineage","recovery_label":"Recovery watch / review area","tier":"tier1","minZoom":10,"confidence_public":"Watershed-level lineage context; expert review recommended","geometry_status_public":"Named natural stream occurrence from statewide hydrography","geometry_source_public":"Grouped public hydrography segments","trout_source_public":"Compiled public recovery and lineage context; expert review recommended","public_notes":"Soap Creek is shown as a named-water occurrence within watershed-level cutthroat lineage context. This is not a precise biological boundary."}},{"type":"Feature","geometry":{"type":"LineString","coordinates":[[-107.3293,38.578],[-107.3293,38.5777]]},"properties":{"source_id":"co_named_stream_095334","name":"Soap Creek","display_name":"Soap Creek","mapped_name":"Soap Creek","source_name":"Soap Creek","state":"CO","atlas_class":"named_natural_stream","huc8":"14020002","huc8Name":"Upper Gunnison","huc8States":"CO","lineageKey":"coloradoRiver","lineage":"coloradoRiver","historic":"coloradoRiver","current":"coloradoRiver","recovery":"recoveryWatch","lineageLabel":"Colorado River green lineage","lineageBasin":"Upper Gunnison","lineageNote":"Gunnison green-lineage context","atlas_context":"cutthroat_lineage_context","confidence":"Watershed-level lineage context; expert review recommended","geometryStatus":"Named natural stream segment from statewide hydrography","note":"This named natural stream falls within a HUC8 assigned to a cutthroat lineage context.","source_segment_id":"co_named_stream_095334","water_id":"co_soap_creek_14020002_coloradoRiver_001","occurrence_id":"co_soap_creek_14020002_coloradoRiver_001","occurrence_number":"001","segment_count":97,"disambiguator":"Upper Gunnison · Colorado River green lineage · occurrence 001","basin":"Upper Gunnison","atlas_layer":"named_water_occurrence","object_role":"named_water_occurrence","historic_label":"Colorado River green lineage","current_label":"Colorado River green lineage","recovery_label":"Recovery watch / review area","tier":"tier1","minZoom":10,"confidence_public":"Watershed-level lineage context; expert review recommended","geometry_status_public":"Named natural stream occurrence from statewide hydrography","geometry_source_public":"Grouped public hydrography segments","trout_source_public":"Compiled public recovery and lineage context; expert review recommended","public_notes":"Soap Creek is shown as a named-water occurrence within watershed-level cutthroat lineage context. This is not a precise biological boundary."}},{"type":"Feature","geometry":{"type":"LineString","coordinates":[[-107.3234,38.5567],[-107.3215,38.5557],[-107.3212,38.5544]]},"properties":{"source_id":"co_named_stream_095336","name":"Soap Creek","display_name":"Soap Creek","mapped_name":"Soap Creek","source_name":"Soap Creek","state":"CO","atlas_class":"named_natural_stream","huc8":"14020002","huc8Name":"Upper Gunnison","huc8States":"CO","lineageKey":"coloradoRiver","lineage":"coloradoRiver","historic":"coloradoRiver","current":"coloradoRiver","recovery":"recoveryWatch","lineageLabel":"Colorado River green lineage","lineageBasin":"Upper Gunnison","lineageNote":"Gunnison green-lineage context","atlas_context":"cutthroat_lineage_context","confidence":"Watershed-level lineage context; expert review recommended","geometryStatus":"Named natural stream segment from statewide hydrography","note":"This named natural stream falls within a HUC8 assigned to a cutthroat lineage context.","source_segment_id":"co_named_stream_095336","water_id":"co_soap_creek_14020002_coloradoRiver_001","occurrence_id":"co_soap_creek_14020002_coloradoRiver_001","occurrence_number":"001","segment_count":97,"disambiguator":"Upper Gunnison · Colorado River green lineage · occurrence 001","basin":"Upper Gunnison","atlas_layer":"named_water_occurrence","object_role":"named_water_occurrence","historic_label":"Colorado River green lineage","current_label":"Colorado River green lineage","recovery_label":"Recovery watch / review area","tier":"tier1","minZoom":10,"confidence_public":"Watershed-level lineage context; expert review recommended","geometry_status_public":"Named natural stream occurrence from statewide hydrography","geometry_source_public":"Grouped public hydrography segments","trout_source_public":"Compiled public recovery and lineage context; expert review recommended","public_notes":"Soap Creek is shown as a named-water occurrence within watershed-level cutthroat lineage context. This is not a precise biological boundary."}},{"type":"Feature","geometry":{"type":"LineString","coordinates":[[-107.3322,38.5838],[-107.3318,38.5835]]},"properties":{"source_id":"co_named_stream_095339","name":"Soap Creek","display_name":"Soap Creek","mapped_name":"Soap Creek","source_name":"Soap Creek","state":"CO","atlas_class":"named_natural_stream","huc8":"14020002","huc8Name":"Upper Gunnison","huc8States":"CO","lineageKey":"coloradoRiver","lineage":"coloradoRiver","historic":"coloradoRiver","current":"coloradoRiver","recovery":"recoveryWatch","lineageLabel":"Colorado River green lineage","lineageBasin":"Upper Gunnison","lineageNote":"Gunnison green-lineage context","atlas_context":"cutthroat_lineage_context","confidence":"Watershed-level lineage context; expert review recommended","geometryStatus":"Named natural stream segment from statewide hydrography","note":"This named natural stream falls within a HUC8 assigned to a cutthroat lineage context.","source_segment_id":"co_named_stream_095339","water_id":"co_soap_creek_14020002_coloradoRiver_001","occurrence_id":"co_soap_creek_14020002_coloradoRiver_001","occurrence_number":"001","segment_count":97,"disambiguator":"Upper Gunnison · Colorado River green lineage · occurrence 001","basin":"Upper Gunnison","atlas_layer":"named_water_occurrence","object_role":"named_water_occurrence","historic_label":"Colorado River green lineage","current_label":"Colorado River green lineage","recovery_label":"Recovery watch / review area","tier":"tier1","minZoom":10,"confidence_public":"Watershed-level lineage context; expert review recommended","geometry_status_public":"Named natural stream occurrence from statewide hydrography","geometry_source_public":"Grouped public hydrography segments","trout_source_public":"Compiled public recovery and lineage context; expert review recommended","public_notes":"Soap Creek is shown as a named-water occurrence within watershed-level cutthroat lineage context. This is not a precise biological boundary."}},{"type":"Feature","geometry":{"type":"LineString","coordinates":[[-107.3321,38.583],[-107.333,38.5806],[-107.3302,38.5786]]},"properties":{"source_id":"co_named_stream_095340","name":"Soap Creek","display_name":"Soap Creek","mapped_name":"Soap Creek","source_name":"Soap Creek","state":"CO","atlas_class":"named_natural_stream","huc8":"14020002","huc8Name":"Upper Gunnison","huc8States":"CO","lineageKey":"coloradoRiver","lineage":"coloradoRiver","historic":"coloradoRiver","current":"coloradoRiver","recovery":"recoveryWatch","lineageLabel":"Colorado River green lineage","lineageBasin":"Upper Gunnison","lineageNote":"Gunnison green-lineage context","atlas_context":"cutthroat_lineage_context","confidence":"Watershed-level lineage context; expert review recommended","geometryStatus":"Named natural stream segment from statewide hydrography","note":"This named natural stream falls within a HUC8 assigned to a cutthroat lineage context.","source_segment_id":"co_named_stream_095340","water_id":"co_soap_creek_14020002_coloradoRiver_001","occurrence_id":"co_soap_creek_14020002_coloradoRiver_001","occurrence_number":"001","segment_count":97,"disambiguator":"Upper Gunnison · Colorado River green lineage · occurrence 001","basin":"Upper Gunnison","atlas_layer":"named_water_occurrence","object_role":"named_water_occurrence","historic_label":"Colorado River green lineage","current_label":"Colorado River green lineage","recovery_label":"Recovery watch / review area","tier":"tier1","minZoom":10,"confidence_public":"Watershed-level lineage context; expert review recommended","geometry_status_public":"Named natural stream occurrence from statewide hydrography","geometry_source_public":"Grouped public hydrography segments","trout_source_public":"Compiled public recovery and lineage context; expert review recommended","public_notes":"Soap Creek is shown as a named-water occurrence within watershed-level cutthroat lineage context. This is not a precise biological boundary."}},{"type":"Feature","geometry":{"type":"LineString","coordinates":[[-107.3298,38.5764],[-107.3317,38.5726]]},"properties":{"source_id":"co_named_stream_095341","name":"Soap Creek","display_name":"Soap Creek","mapped_name":"Soap Creek","source_name":"Soap Creek","state":"CO","atlas_class":"named_natural_stream","huc8":"14020002","huc8Name":"Upper Gunnison","huc8States":"CO","lineageKey":"coloradoRiver","lineage":"coloradoRiver","historic":"coloradoRiver","current":"coloradoRiver","recovery":"recoveryWatch","lineageLabel":"Colorado River green lineage","lineageBasin":"Upper Gunnison","lineageNote":"Gunnison green-lineage context","atlas_context":"cutthroat_lineage_context","confidence":"Watershed-level lineage context; expert review recommended","geometryStatus":"Named natural stream segment from statewide hydrography","note":"This named natural stream falls within a HUC8 assigned to a cutthroat lineage context.","source_segment_id":"co_named_stream_095341","water_id":"co_soap_creek_14020002_coloradoRiver_001","occurrence_id":"co_soap_creek_14020002_coloradoRiver_001","occurrence_number":"001","segment_count":97,"disambiguator":"Upper Gunnison · Colorado River green lineage · occurrence 001","basin":"Upper Gunnison","atlas_layer":"named_water_occurrence","object_role":"named_water_occurrence","historic_label":"Colorado River green lineage","current_label":"Colorado River green lineage","recovery_label":"Recovery watch / review area","tier":"tier1","minZoom":10,"confidence_public":"Watershed-level lineage context; expert review recommended","geometry_status_public":"Named natural stream occurrence from statewide hydrography","geometry_source_public":"Grouped public hydrography segments","trout_source_public":"Compiled public recovery and lineage context; expert review recommended","public_notes":"Soap Creek is shown as a named-water occurrence within watershed-level cutthroat lineage context. This is not a precise biological boundary."}},{"type":"Feature","geometry":{"type":"LineString","coordinates":[[-107.3317,38.5726],[-107.3319,38.5718],[-107.3308,38.5713]]},"properties":{"source_id":"co_named_stream_095342","name":"Soap Creek","display_name":"Soap Creek","mapped_name":"Soap Creek","source_name":"Soap Creek","state":"CO","atlas_class":"named_natural_stream","huc8":"14020002","huc8Name":"Upper Gunnison","huc8States":"CO","lineageKey":"coloradoRiver","lineage":"coloradoRiver","historic":"coloradoRiver","current":"coloradoRiver","recovery":"recoveryWatch","lineageLabel":"Colorado River green lineage","lineageBasin":"Upper Gunnison","lineageNote":"Gunnison green-lineage context","atlas_context":"cutthroat_lineage_context","confidence":"Watershed-level lineage context; expert review recommended","geometryStatus":"Named natural stream segment from statewide hydrography","note":"This named natural stream falls within a HUC8 assigned to a cutthroat lineage context.","source_segment_id":"co_named_stream_095342","water_id":"co_soap_creek_14020002_coloradoRiver_001","occurrence_id":"co_soap_creek_14020002_coloradoRiver_001","occurrence_number":"001","segment_count":97,"disambiguator":"Upper Gunnison · Colorado River green lineage · occurrence 001","basin":"Upper Gunnison","atlas_layer":"named_water_occurrence","object_role":"named_water_occurrence","historic_label":"Colorado River green lineage","current_label":"Colorado River green lineage","recovery_label":"Recovery watch / review area","tier":"tier1","minZoom":10,"confidence_public":"Watershed-level lineage context; expert review recommended","geometry_status_public":"Named natural stream occurrence from statewide hydrography","geometry_source_public":"Grouped public hydrography segments","trout_source_public":"Compiled public recovery and lineage context; expert review recommended","public_notes":"Soap Creek is shown as a named-water occurrence within watershed-level cutthroat lineage context. This is not a precise biological boundary."}},{"type":"Feature","geometry":{"type":"LineString","coordinates":[[-107.3293,38.5777],[-107.3294,38.5774]]},"properties":{"source_id":"co_named_stream_095345","name":"Soap Creek","display_name":"Soap Creek","mapped_name":"Soap Creek","source_name":"Soap Creek","state":"CO","atlas_class":"named_natural_stream","huc8":"14020002","huc8Name":"Upper Gunnison","huc8States":"CO","lineageKey":"coloradoRiver","lineage":"coloradoRiver","historic":"coloradoRiver","current":"coloradoRiver","recovery":"recoveryWatch","lineageLabel":"Colorado River green lineage","lineageBasin":"Upper Gunnison","lineageNote":"Gunnison green-lineage context","atlas_context":"cutthroat_lineage_context","confidence":"Watershed-level lineage context; expert review recommended","geometryStatus":"Named natural stream segment from statewide hydrography","note":"This named natural stream falls within a HUC8 assigned to a cutthroat lineage context.","source_segment_id":"co_named_stream_095345","water_id":"co_soap_creek_14020002_coloradoRiver_001","occurrence_id":"co_soap_creek_14020002_coloradoRiver_001","occurrence_number":"001","segment_count":97,"disambiguator":"Upper Gunnison · Colorado River green lineage · occurrence 001","basin":"Upper Gunnison","atlas_layer":"named_water_occurrence","object_role":"named_water_occurrence","historic_label":"Colorado River green lineage","current_label":"Colorado River green lineage","recovery_label":"Recovery watch / review area","tier":"tier1","minZoom":10,"confidence_public":"Watershed-level lineage context; expert review recommended","geometry_status_public":"Named natural stream occurrence from statewide hydrography","geometry_source_public":"Grouped public hydrography segments","trout_source_public":"Compiled public recovery and lineage context; expert review recommended","public_notes":"Soap Creek is shown as a named-water occurrence within watershed-level cutthroat lineage context. This is not a precise biological boundary."}},{"type":"Feature","geometry":{"type":"LineString","coordinates":[[-107.3347,38.5873],[-107.3334,38.587],[-107.3331,38.5858]]},"properties":{"source_id":"co_named_stream_095346","name":"Soap Creek","display_name":"Soap Creek","mapped_name":"Soap Creek","source_name":"Soap Creek","state":"CO","atlas_class":"named_natural_stream","huc8":"14020002","huc8Name":"Upper Gunnison","huc8States":"CO","lineageKey":"coloradoRiver","lineage":"coloradoRiver","historic":"coloradoRiver","current":"coloradoRiver","recovery":"recoveryWatch","lineageLabel":"Colorado River green lineage","lineageBasin":"Upper Gunnison","lineageNote":"Gunnison green-lineage context","atlas_context":"cutthroat_lineage_context","confidence":"Watershed-level lineage context; expert review recommended","geometryStatus":"Named natural stream segment from statewide hydrography","note":"This named natural stream falls within a HUC8 assigned to a cutthroat lineage context.","source_segment_id":"co_named_stream_095346","water_id":"co_soap_creek_14020002_coloradoRiver_001","occurrence_id":"co_soap_creek_14020002_coloradoRiver_001","occurrence_number":"001","segment_count":97,"disambiguator":"Upper Gunnison · Colorado River green lineage · occurrence 001","basin":"Upper Gunnison","atlas_layer":"named_water_occurrence","object_role":"named_water_occurrence","historic_label":"Colorado River green lineage","current_label":"Colorado River green lineage","recovery_label":"Recovery watch / review area","tier":"tier1","minZoom":10,"confidence_public":"Watershed-level lineage context; expert review recommended","geometry_status_public":"Named natural stream occurrence from statewide hydrography","geometry_source_public":"Grouped public hydrography segments","trout_source_public":"Compiled public recovery and lineage context; expert review recommended","public_notes":"Soap Creek is shown as a named-water occurrence within watershed-level cutthroat lineage context. This is not a precise biological boundary."}},{"type":"Feature","geometry":{"type":"LineString","coordinates":[[-107.3318,38.5835],[-107.3321,38.583]]},"properties":{"source_id":"co_named_stream_095347","name":"Soap Creek","display_name":"Soap Creek","mapped_name":"Soap Creek","source_name":"Soap Creek","state":"CO","atlas_class":"named_natural_stream","huc8":"14020002","huc8Name":"Upper Gunnison","huc8States":"CO","lineageKey":"coloradoRiver","lineage":"coloradoRiver","historic":"coloradoRiver","current":"coloradoRiver","recovery":"recoveryWatch","lineageLabel":"Colorado River green lineage","lineageBasin":"Upper Gunnison","lineageNote":"Gunnison green-lineage context","atlas_context":"cutthroat_lineage_context","confidence":"Watershed-level lineage context; expert review recommended","geometryStatus":"Named natural stream segment from statewide hydrography","note":"This named natural stream falls within a HUC8 assigned to a cutthroat lineage context.","source_segment_id":"co_named_stream_095347","water_id":"co_soap_creek_14020002_coloradoRiver_001","occurrence_id":"co_soap_creek_14020002_coloradoRiver_001","occurrence_number":"001","segment_count":97,"disambiguator":"Upper Gunnison · Colorado River green lineage · occurrence 001","basin":"Upper Gunnison","atlas_layer":"named_water_occurrence","object_role":"named_water_occurrence","historic_label":"Colorado River green lineage","current_label":"Colorado River green lineage","recovery_label":"Recovery watch / review area","tier":"tier1","minZoom":10,"confidence_public":"Watershed-level lineage context; expert review recommended","geometry_status_public":"Named natural stream occurrence from statewide hydrography","geometry_source_public":"Grouped public hydrography segments","trout_source_public":"Compiled public recovery and lineage context; expert review recommended","public_notes":"Soap Creek is shown as a named-water occurrence within watershed-level cutthroat lineage context. This is not a precise biological boundary."}},{"type":"Feature","geometry":{"type":"LineString","coordinates":[[-107.3324,38.5843],[-107.3322,38.5838]]},"properties":{"source_id":"co_named_stream_095349","name":"Soap Creek","display_name":"Soap Creek","mapped_name":"Soap Creek","source_name":"Soap Creek","state":"CO","atlas_class":"named_natural_stream","huc8":"14020002","huc8Name":"Upper Gunnison","huc8States":"CO","lineageKey":"coloradoRiver","lineage":"coloradoRiver","historic":"coloradoRiver","current":"coloradoRiver","recovery":"recoveryWatch","lineageLabel":"Colorado River green lineage","lineageBasin":"Upper Gunnison","lineageNote":"Gunnison green-lineage context","atlas_context":"cutthroat_lineage_context","confidence":"Watershed-level lineage context; expert review recommended","geometryStatus":"Named natural stream segment from statewide hydrography","note":"This named natural stream falls within a HUC8 assigned to a cutthroat lineage context.","source_segment_id":"co_named_stream_095349","water_id":"co_soap_creek_14020002_coloradoRiver_001","occurrence_id":"co_soap_creek_14020002_coloradoRiver_001","occurrence_number":"001","segment_count":97,"disambiguator":"Upper Gunnison · Colorado River green lineage · occurrence 001","basin":"Upper Gunnison","atlas_layer":"named_water_occurrence","object_role":"named_water_occurrence","historic_label":"Colorado River green lineage","current_label":"Colorado River green lineage","recovery_label":"Recovery watch / review area","tier":"tier1","minZoom":10,"confidence_public":"Watershed-level lineage context; expert review recommended","geometry_status_public":"Named natural stream occurrence from statewide hydrography","geometry_source_public":"Grouped public hydrography segments","trout_source_public":"Compiled public recovery and lineage context; expert review recommended","public_notes":"Soap Creek is shown as a named-water occurrence within watershed-level cutthroat lineage context. This is not a precise biological boundary."}},{"type":"Feature","geometry":{"type":"LineString","coordinates":[[-107.3283,38.5651],[-107.3259,38.5621]]},"properties":{"source_id":"co_named_stream_095354","name":"Soap Creek","display_name":"Soap Creek","mapped_name":"Soap Creek","source_name":"Soap Creek","state":"CO","atlas_class":"named_natural_stream","huc8":"14020002","huc8Name":"Upper Gunnison","huc8States":"CO","lineageKey":"coloradoRiver","lineage":"coloradoRiver","historic":"coloradoRiver","current":"coloradoRiver","recovery":"recoveryWatch","lineageLabel":"Colorado River green lineage","lineageBasin":"Upper Gunnison","lineageNote":"Gunnison green-lineage context","atlas_context":"cutthroat_lineage_context","confidence":"Watershed-level lineage context; expert review recommended","geometryStatus":"Named natural stream segment from statewide hydrography","note":"This named natural stream falls within a HUC8 assigned to a cutthroat lineage context.","source_segment_id":"co_named_stream_095354","water_id":"co_soap_creek_14020002_coloradoRiver_001","occurrence_id":"co_soap_creek_14020002_coloradoRiver_001","occurrence_number":"001","segment_count":97,"disambiguator":"Upper Gunnison · Colorado River green lineage · occurrence 001","basin":"Upper Gunnison","atlas_layer":"named_water_occurrence","object_role":"named_water_occurrence","historic_label":"Colorado River green lineage","current_label":"Colorado River green lineage","recovery_label":"Recovery watch / review area","tier":"tier1","minZoom":10,"confidence_public":"Watershed-level lineage context; expert review recommended","geometry_status_public":"Named natural stream occurrence from statewide hydrography","geometry_source_public":"Grouped public hydrography segments","trout_source_public":"Compiled public recovery and lineage context; expert review recommended","public_notes":"Soap Creek is shown as a named-water occurrence within watershed-level cutthroat lineage context. This is not a precise biological boundary."}},{"type":"Feature","geometry":{"type":"LineString","coordinates":[[-107.329,38.567],[-107.3283,38.5651]]},"properties":{"source_id":"co_named_stream_095361","name":"Soap Creek","display_name":"Soap Creek","mapped_name":"Soap Creek","source_name":"Soap Creek","state":"CO","atlas_class":"named_natural_stream","huc8":"14020002","huc8Name":"Upper Gunnison","huc8States":"CO","lineageKey":"coloradoRiver","lineage":"coloradoRiver","historic":"coloradoRiver","current":"coloradoRiver","recovery":"recoveryWatch","lineageLabel":"Colorado River green lineage","lineageBasin":"Upper Gunnison","lineageNote":"Gunnison green-lineage context","atlas_context":"cutthroat_lineage_context","confidence":"Watershed-level lineage context; expert review recommended","geometryStatus":"Named natural stream segment from statewide hydrography","note":"This named natural stream falls within a HUC8 assigned to a cutthroat lineage context.","source_segment_id":"co_named_stream_095361","water_id":"co_soap_creek_14020002_coloradoRiver_001","occurrence_id":"co_soap_creek_14020002_coloradoRiver_001","occurrence_number":"001","segment_count":97,"disambiguator":"Upper Gunnison · Colorado River green lineage · occurrence 001","basin":"Upper Gunnison","atlas_layer":"named_water_occurrence","object_role":"named_water_occurrence","historic_label":"Colorado River green lineage","current_label":"Colorado River green lineage","recovery_label":"Recovery watch / review area","tier":"tier1","minZoom":10,"confidence_public":"Watershed-level lineage context; expert review recommended","geometry_status_public":"Named natural stream occurrence from statewide hydrography","geometry_source_public":"Grouped public hydrography segments","trout_source_public":"Compiled public recovery and lineage context; expert review recommended","public_notes":"Soap Creek is shown as a named-water occurrence within watershed-level cutthroat lineage context. This is not a precise biological boundary."}},{"type":"Feature","geometry":{"type":"LineString","coordinates":[[-107.3302,38.5786],[-107.3293,38.578]]},"properties":{"source_id":"co_named_stream_095367","name":"Soap Creek","display_name":"Soap Creek","mapped_name":"Soap Creek","source_name":"Soap Creek","state":"CO","atlas_class":"named_natural_stream","huc8":"14020002","huc8Name":"Upper Gunnison","huc8States":"CO","lineageKey":"coloradoRiver","lineage":"coloradoRiver","historic":"coloradoRiver","current":"coloradoRiver","recovery":"recoveryWatch","lineageLabel":"Colorado River green lineage","lineageBasin":"Upper Gunnison","lineageNote":"Gunnison green-lineage context","atlas_context":"cutthroat_lineage_context","confidence":"Watershed-level lineage context; expert review recommended","geometryStatus":"Named natural stream segment from statewide hydrography","note":"This named natural stream falls within a HUC8 assigned to a cutthroat lineage context.","source_segment_id":"co_named_stream_095367","water_id":"co_soap_creek_14020002_coloradoRiver_001","occurrence_id":"co_soap_creek_14020002_coloradoRiver_001","occurrence_number":"001","segment_count":97,"disambiguator":"Upper Gunnison · Colorado River green lineage · occurrence 001","basin":"Upper Gunnison","atlas_layer":"named_water_occurrence","object_role":"named_water_occurrence","historic_label":"Colorado River green lineage","current_label":"Colorado River green lineage","recovery_label":"Recovery watch / review area","tier":"tier1","minZoom":10,"confidence_public":"Watershed-level lineage context; expert review recommended","geometry_status_public":"Named natural stream occurrence from statewide hydrography","geometry_source_public":"Grouped public hydrography segments","trout_source_public":"Compiled public recovery and lineage context; expert review recommended","public_notes":"Soap Creek is shown as a named-water occurrence within watershed-level cutthroat lineage context. This is not a precise biological boundary."}},{"type":"Feature","geometry":{"type":"LineString","coordinates":[[-107.3259,38.5621],[-107.3245,38.5604],[-107.3247,38.5587]]},"properties":{"source_id":"co_named_stream_095368","name":"Soap Creek","display_name":"Soap Creek","mapped_name":"Soap Creek","source_name":"Soap Creek","state":"CO","atlas_class":"named_natural_stream","huc8":"14020002","huc8Name":"Upper Gunnison","huc8States":"CO","lineageKey":"coloradoRiver","lineage":"coloradoRiver","historic":"coloradoRiver","current":"coloradoRiver","recovery":"recoveryWatch","lineageLabel":"Colorado River green lineage","lineageBasin":"Upper Gunnison","lineageNote":"Gunnison green-lineage context","atlas_context":"cutthroat_lineage_context","confidence":"Watershed-level lineage context; expert review recommended","geometryStatus":"Named natural stream segment from statewide hydrography","note":"This named natural stream falls within a HUC8 assigned to a cutthroat lineage context.","source_segment_id":"co_named_stream_095368","water_id":"co_soap_creek_14020002_coloradoRiver_001","occurrence_id":"co_soap_creek_14020002_coloradoRiver_001","occurrence_number":"001","segment_count":97,"disambiguator":"Upper Gunnison · Colorado River green lineage · occurrence 001","basin":"Upper Gunnison","atlas_layer":"named_water_occurrence","object_role":"named_water_occurrence","historic_label":"Colorado River green lineage","current_label":"Colorado River green lineage","recovery_label":"Recovery watch / review area","tier":"tier1","minZoom":10,"confidence_public":"Watershed-level lineage context; expert review recommended","geometry_status_public":"Named natural stream occurrence from statewide hydrography","geometry_source_public":"Grouped public hydrography segments","trout_source_public":"Compiled public recovery and lineage context; expert review recommended","public_notes":"Soap Creek is shown as a named-water occurrence within watershed-level cutthroat lineage context. This is not a precise biological boundary."}},{"type":"Feature","geometry":{"type":"LineString","coordinates":[[-107.3348,38.5895],[-107.3353,38.5878]]},"properties":{"source_id":"co_named_stream_095369","name":"Soap Creek","display_name":"Soap Creek","mapped_name":"Soap Creek","source_name":"Soap Creek","state":"CO","atlas_class":"named_natural_stream","huc8":"14020002","huc8Name":"Upper Gunnison","huc8States":"CO","lineageKey":"coloradoRiver","lineage":"coloradoRiver","historic":"coloradoRiver","current":"coloradoRiver","recovery":"recoveryWatch","lineageLabel":"Colorado River green lineage","lineageBasin":"Upper Gunnison","lineageNote":"Gunnison green-lineage context","atlas_context":"cutthroat_lineage_context","confidence":"Watershed-level lineage context; expert review recommended","geometryStatus":"Named natural stream segment from statewide hydrography","note":"This named natural stream falls within a HUC8 assigned to a cutthroat lineage context.","source_segment_id":"co_named_stream_095369","water_id":"co_soap_creek_14020002_coloradoRiver_001","occurrence_id":"co_soap_creek_14020002_coloradoRiver_001","occurrence_number":"001","segment_count":97,"disambiguator":"Upper Gunnison · Colorado River green lineage · occurrence 001","basin":"Upper Gunnison","atlas_layer":"named_water_occurrence","object_role":"named_water_occurrence","historic_label":"Colorado River green lineage","current_label":"Colorado River green lineage","recovery_label":"Recovery watch / review area","tier":"tier1","minZoom":10,"confidence_public":"Watershed-level lineage context; expert review recommended","geometry_status_public":"Named natural stream occurrence from statewide hydrography","geometry_source_public":"Grouped public hydrography segments","trout_source_public":"Compiled public recovery and lineage context; expert review recommended","public_notes":"Soap Creek is shown as a named-water occurrence within watershed-level cutthroat lineage context. This is not a precise biological boundary."}},{"type":"Feature","geometry":{"type":"LineString","coordinates":[[-107.3212,38.5544],[-107.3197,38.5527]]},"properties":{"source_id":"co_named_stream_095370","name":"Soap Creek","display_name":"Soap Creek","mapped_name":"Soap Creek","source_name":"Soap Creek","state":"CO","atlas_class":"named_natural_stream","huc8":"14020002","huc8Name":"Upper Gunnison","huc8States":"CO","lineageKey":"coloradoRiver","lineage":"coloradoRiver","historic":"coloradoRiver","current":"coloradoRiver","recovery":"recoveryWatch","lineageLabel":"Colorado River green lineage","lineageBasin":"Upper Gunnison","lineageNote":"Gunnison green-lineage context","atlas_context":"cutthroat_lineage_context","confidence":"Watershed-level lineage context; expert review recommended","geometryStatus":"Named natural stream segment from statewide hydrography","note":"This named natural stream falls within a HUC8 assigned to a cutthroat lineage context.","source_segment_id":"co_named_stream_095370","water_id":"co_soap_creek_14020002_coloradoRiver_001","occurrence_id":"co_soap_creek_14020002_coloradoRiver_001","occurrence_number":"001","segment_count":97,"disambiguator":"Upper Gunnison · Colorado River green lineage · occurrence 001","basin":"Upper Gunnison","atlas_layer":"named_water_occurrence","object_role":"named_water_occurrence","historic_label":"Colorado River green lineage","current_label":"Colorado River green lineage","recovery_label":"Recovery watch / review area","tier":"tier1","minZoom":10,"confidence_public":"Watershed-level lineage context; expert review recommended","geometry_status_public":"Named natural stream occurrence from statewide hydrography","geometry_source_public":"Grouped public hydrography segments","trout_source_public":"Compiled public recovery and lineage context; expert review recommended","public_notes":"Soap Creek is shown as a named-water occurrence within watershed-level cutthroat lineage context. This is not a precise biological boundary."}},{"type":"Feature","geometry":{"type":"LineString","coordinates":[[-107.3247,38.5587],[-107.3234,38.5567]]},"properties":{"source_id":"co_named_stream_095371","name":"Soap Creek","display_name":"Soap Creek","mapped_name":"Soap Creek","source_name":"Soap Creek","state":"CO","atlas_class":"named_natural_stream","huc8":"14020002","huc8Name":"Upper Gunnison","huc8States":"CO","lineageKey":"coloradoRiver","lineage":"coloradoRiver","historic":"coloradoRiver","current":"coloradoRiver","recovery":"recoveryWatch","lineageLabel":"Colorado River green lineage","lineageBasin":"Upper Gunnison","lineageNote":"Gunnison green-lineage context","atlas_context":"cutthroat_lineage_context","confidence":"Watershed-level lineage context; expert review recommended","geometryStatus":"Named natural stream segment from statewide hydrography","note":"This named natural stream falls within a HUC8 assigned to a cutthroat lineage context.","source_segment_id":"co_named_stream_095371","water_id":"co_soap_creek_14020002_coloradoRiver_001","occurrence_id":"co_soap_creek_14020002_coloradoRiver_001","occurrence_number":"001","segment_count":97,"disambiguator":"Upper Gunnison · Colorado River green lineage · occurrence 001","basin":"Upper Gunnison","atlas_layer":"named_water_occurrence","object_role":"named_water_occurrence","historic_label":"Colorado River green lineage","current_label":"Colorado River green lineage","recovery_label":"Recovery watch / review area","tier":"tier1","minZoom":10,"confidence_public":"Watershed-level lineage context; expert review recommended","geometry_status_public":"Named natural stream occurrence from statewide hydrography","geometry_source_public":"Grouped public hydrography segments","trout_source_public":"Compiled public recovery and lineage context; expert review recommended","public_notes":"Soap Creek is shown as a named-water occurrence within watershed-level cutthroat lineage context. This is not a precise biological boundary."}},{"type":"Feature","geometry":{"type":"LineString","coordinates":[[-107.3308,38.5705],[-107.3295,38.5676]]},"properties":{"source_id":"co_named_stream_095372","name":"Soap Creek","display_name":"Soap Creek","mapped_name":"Soap Creek","source_name":"Soap Creek","state":"CO","atlas_class":"named_natural_stream","huc8":"14020002","huc8Name":"Upper Gunnison","huc8States":"CO","lineageKey":"coloradoRiver","lineage":"coloradoRiver","historic":"coloradoRiver","current":"coloradoRiver","recovery":"recoveryWatch","lineageLabel":"Colorado River green lineage","lineageBasin":"Upper Gunnison","lineageNote":"Gunnison green-lineage context","atlas_context":"cutthroat_lineage_context","confidence":"Watershed-level lineage context; expert review recommended","geometryStatus":"Named natural stream segment from statewide hydrography","note":"This named natural stream falls within a HUC8 assigned to a cutthroat lineage context.","source_segment_id":"co_named_stream_095372","water_id":"co_soap_creek_14020002_coloradoRiver_001","occurrence_id":"co_soap_creek_14020002_coloradoRiver_001","occurrence_number":"001","segment_count":97,"disambiguator":"Upper Gunnison · Colorado River green lineage · occurrence 001","basin":"Upper Gunnison","atlas_layer":"named_water_occurrence","object_role":"named_water_occurrence","historic_label":"Colorado River green lineage","current_label":"Colorado River green lineage","recovery_label":"Recovery watch / review area","tier":"tier1","minZoom":10,"confidence_public":"Watershed-level lineage context; expert review recommended","geometry_status_public":"Named natural stream occurrence from statewide hydrography","geometry_source_public":"Grouped public hydrography segments","trout_source_public":"Compiled public recovery and lineage context; expert review recommended","public_notes":"Soap Creek is shown as a named-water occurrence within watershed-level cutthroat lineage context. This is not a precise biological boundary."}},{"type":"Feature","geometry":{"type":"LineString","coordinates":[[-107.3308,38.5713],[-107.3308,38.5705]]},"properties":{"source_id":"co_named_stream_095375","name":"Soap Creek","display_name":"Soap Creek","mapped_name":"Soap Creek","source_name":"Soap Creek","state":"CO","atlas_class":"named_natural_stream","huc8":"14020002","huc8Name":"Upper Gunnison","huc8States":"CO","lineageKey":"coloradoRiver","lineage":"coloradoRiver","historic":"coloradoRiver","current":"coloradoRiver","recovery":"recoveryWatch","lineageLabel":"Colorado River green lineage","lineageBasin":"Upper Gunnison","lineageNote":"Gunnison green-lineage context","atlas_context":"cutthroat_lineage_context","confidence":"Watershed-level lineage context; expert review recommended","geometryStatus":"Named natural stream segment from statewide hydrography","note":"This named natural stream falls within a HUC8 assigned to a cutthroat lineage context.","source_segment_id":"co_named_stream_095375","water_id":"co_soap_creek_14020002_coloradoRiver_001","occurrence_id":"co_soap_creek_14020002_coloradoRiver_001","occurrence_number":"001","segment_count":97,"disambiguator":"Upper Gunnison · Colorado River green lineage · occurrence 001","basin":"Upper Gunnison","atlas_layer":"named_water_occurrence","object_role":"named_water_occurrence","historic_label":"Colorado River green lineage","current_label":"Colorado River green lineage","recovery_label":"Recovery watch / review area","tier":"tier1","minZoom":10,"confidence_public":"Watershed-level lineage context; expert review recommended","geometry_status_public":"Named natural stream occurrence from statewide hydrography","geometry_source_public":"Grouped public hydrography segments","trout_source_public":"Compiled public recovery and lineage context; expert review recommended","public_notes":"Soap Creek is shown as a named-water occurrence within watershed-level cutthroat lineage context. This is not a precise biological boundary."}},{"type":"Feature","geometry":{"type":"LineString","coordinates":[[-107.3331,38.5858],[-107.3332,38.5848],[-107.3324,38.5843]]},"properties":{"source_id":"co_named_stream_095379","name":"Soap Creek","display_name":"Soap Creek","mapped_name":"Soap Creek","source_name":"Soap Creek","state":"CO","atlas_class":"named_natural_stream","huc8":"14020002","huc8Name":"Upper Gunnison","huc8States":"CO","lineageKey":"coloradoRiver","lineage":"coloradoRiver","historic":"coloradoRiver","current":"coloradoRiver","recovery":"recoveryWatch","lineageLabel":"Colorado River green lineage","lineageBasin":"Upper Gunnison","lineageNote":"Gunnison green-lineage context","atlas_context":"cutthroat_lineage_context","confidence":"Watershed-level lineage context; expert review recommended","geometryStatus":"Named natural stream segment from statewide hydrography","note":"This named natural stream falls within a HUC8 assigned to a cutthroat lineage context.","source_segment_id":"co_named_stream_095379","water_id":"co_soap_creek_14020002_coloradoRiver_001","occurrence_id":"co_soap_creek_14020002_coloradoRiver_001","occurrence_number":"001","segment_count":97,"disambiguator":"Upper Gunnison · Colorado River green lineage · occurrence 001","basin":"Upper Gunnison","atlas_layer":"named_water_occurrence","object_role":"named_water_occurrence","historic_label":"Colorado River green lineage","current_label":"Colorado River green lineage","recovery_label":"Recovery watch / review area","tier":"tier1","minZoom":10,"confidence_public":"Watershed-level lineage context; expert review recommended","geometry_status_public":"Named natural stream occurrence from statewide hydrography","geometry_source_public":"Grouped public hydrography segments","trout_source_public":"Compiled public recovery and lineage context; expert review recommended","public_notes":"Soap Creek is shown as a named-water occurrence within watershed-level cutthroat lineage context. This is not a precise biological boundary."}},{"type":"Feature","geometry":{"type":"LineString","coordinates":[[-107.3295,38.5676],[-107.329,38.567]]},"properties":{"source_id":"co_named_stream_095380","name":"Soap Creek","display_name":"Soap Creek","mapped_name":"Soap Creek","source_name":"Soap Creek","state":"CO","atlas_class":"named_natural_stream","huc8":"14020002","huc8Name":"Upper Gunnison","huc8States":"CO","lineageKey":"coloradoRiver","lineage":"coloradoRiver","historic":"coloradoRiver","current":"coloradoRiver","recovery":"recoveryWatch","lineageLabel":"Colorado River green lineage","lineageBasin":"Upper Gunnison","lineageNote":"Gunnison green-lineage context","atlas_context":"cutthroat_lineage_context","confidence":"Watershed-level lineage context; expert review recommended","geometryStatus":"Named natural stream segment from statewide hydrography","note":"This named natural stream falls within a HUC8 assigned to a cutthroat lineage context.","source_segment_id":"co_named_stream_095380","water_id":"co_soap_creek_14020002_coloradoRiver_001","occurrence_id":"co_soap_creek_14020002_coloradoRiver_001","occurrence_number":"001","segment_count":97,"disambiguator":"Upper Gunnison · Colorado River green lineage · occurrence 001","basin":"Upper Gunnison","atlas_layer":"named_water_occurrence","object_role":"named_water_occurrence","historic_label":"Colorado River green lineage","current_label":"Colorado River green lineage","recovery_label":"Recovery watch / review area","tier":"tier1","minZoom":10,"confidence_public":"Watershed-level lineage context; expert review recommended","geometry_status_public":"Named natural stream occurrence from statewide hydrography","geometry_source_public":"Grouped public hydrography segments","trout_source_public":"Compiled public recovery and lineage context; expert review recommended","public_notes":"Soap Creek is shown as a named-water occurrence within watershed-level cutthroat lineage context. This is not a precise biological boundary."}},{"type":"Feature","geometry":{"type":"LineString","coordinates":[[-107.3117,38.5364],[-107.3121,38.5324]]},"properties":{"source_id":"co_named_stream_096209","name":"Soap Creek","display_name":"Soap Creek","mapped_name":"Soap Creek","source_name":"Soap Creek","state":"CO","atlas_class":"named_natural_stream","huc8":"14020002","huc8Name":"Upper Gunnison","huc8States":"CO","lineageKey":"coloradoRiver","lineage":"coloradoRiver","historic":"coloradoRiver","current":"coloradoRiver","recovery":"recoveryWatch","lineageLabel":"Colorado River green lineage","lineageBasin":"Upper Gunnison","lineageNote":"Gunnison green-lineage context","atlas_context":"cutthroat_lineage_context","confidence":"Watershed-level lineage context; expert review recommended","geometryStatus":"Named natural stream segment from statewide hydrography","note":"This named natural stream falls within a HUC8 assigned to a cutthroat lineage context.","source_segment_id":"co_named_stream_096209","water_id":"co_soap_creek_14020002_coloradoRiver_001","occurrence_id":"co_soap_creek_14020002_coloradoRiver_001","occurrence_number":"001","segment_count":97,"disambiguator":"Upper Gunnison · Colorado River green lineage · occurrence 001","basin":"Upper Gunnison","atlas_layer":"named_water_occurrence","object_role":"named_water_occurrence","historic_label":"Colorado River green lineage","current_label":"Colorado River green lineage","recovery_label":"Recovery watch / review area","tier":"tier1","minZoom":10,"confidence_public":"Watershed-level lineage context; expert review recommended","geometry_status_public":"Named natural stream occurrence from statewide hydrography","geometry_source_public":"Grouped public hydrography segments","trout_source_public":"Compiled public recovery and lineage context; expert review recommended","public_notes":"Soap Creek is shown as a named-water occurrence within watershed-level cutthroat lineage context. This is not a precise biological boundary."}},{"type":"Feature","geometry":{"type":"LineString","coordinates":[[-107.314,38.5446],[-107.3136,38.5441]]},"properties":{"source_id":"co_named_stream_096210","name":"Soap Creek","display_name":"Soap Creek","mapped_name":"Soap Creek","source_name":"Soap Creek","state":"CO","atlas_class":"named_natural_stream","huc8":"14020002","huc8Name":"Upper Gunnison","huc8States":"CO","lineageKey":"coloradoRiver","lineage":"coloradoRiver","historic":"coloradoRiver","current":"coloradoRiver","recovery":"recoveryWatch","lineageLabel":"Colorado River green lineage","lineageBasin":"Upper Gunnison","lineageNote":"Gunnison green-lineage context","atlas_context":"cutthroat_lineage_context","confidence":"Watershed-level lineage context; expert review recommended","geometryStatus":"Named natural stream segment from statewide hydrography","note":"This named natural stream falls within a HUC8 assigned to a cutthroat lineage context.","source_segment_id":"co_named_stream_096210","water_id":"co_soap_creek_14020002_coloradoRiver_001","occurrence_id":"co_soap_creek_14020002_coloradoRiver_001","occurrence_number":"001","segment_count":97,"disambiguator":"Upper Gunnison · Colorado River green lineage · occurrence 001","basin":"Upper Gunnison","atlas_layer":"named_water_occurrence","object_role":"named_water_occurrence","historic_label":"Colorado River green lineage","current_label":"Colorado River green lineage","recovery_label":"Recovery watch / review area","tier":"tier1","minZoom":10,"confidence_public":"Watershed-level lineage context; expert review recommended","geometry_status_public":"Named natural stream occurrence from statewide hydrography","geometry_source_public":"Grouped public hydrography segments","trout_source_public":"Compiled public recovery and lineage context; expert review recommended","public_notes":"Soap Creek is shown as a named-water occurrence within watershed-level cutthroat lineage context. This is not a precise biological boundary."}},{"type":"Feature","geometry":{"type":"LineString","coordinates":[[-107.3154,38.5465],[-107.314,38.5446]]},"properties":{"source_id":"co_named_stream_096211","name":"Soap Creek","display_name":"Soap Creek","mapped_name":"Soap Creek","source_name":"Soap Creek","state":"CO","atlas_class":"named_natural_stream","huc8":"14020002","huc8Name":"Upper Gunnison","huc8States":"CO","lineageKey":"coloradoRiver","lineage":"coloradoRiver","historic":"coloradoRiver","current":"coloradoRiver","recovery":"recoveryWatch","lineageLabel":"Colorado River green lineage","lineageBasin":"Upper Gunnison","lineageNote":"Gunnison green-lineage context","atlas_context":"cutthroat_lineage_context","confidence":"Watershed-level lineage context; expert review recommended","geometryStatus":"Named natural stream segment from statewide hydrography","note":"This named natural stream falls within a HUC8 assigned to a cutthroat lineage context.","source_segment_id":"co_named_stream_096211","water_id":"co_soap_creek_14020002_coloradoRiver_001","occurrence_id":"co_soap_creek_14020002_coloradoRiver_001","occurrence_number":"001","segment_count":97,"disambiguator":"Upper Gunnison · Colorado River green lineage · occurrence 001","basin":"Upper Gunnison","atlas_layer":"named_water_occurrence","object_role":"named_water_occurrence","historic_label":"Colorado River green lineage","current_label":"Colorado River green lineage","recovery_label":"Recovery watch / review area","tier":"tier1","minZoom":10,"confidence_public":"Watershed-level lineage context; expert review recommended","geometry_status_public":"Named natural stream occurrence from statewide hydrography","geometry_source_public":"Grouped public hydrography segments","trout_source_public":"Compiled public recovery and lineage context; expert review recommended","public_notes":"Soap Creek is shown as a named-water occurrence within watershed-level cutthroat lineage context. This is not a precise biological boundary."}},{"type":"Feature","geometry":{"type":"LineString","coordinates":[[-107.3121,38.5324],[-107.3124,38.5318]]},"properties":{"source_id":"co_named_stream_096212","name":"Soap Creek","display_name":"Soap Creek","mapped_name":"Soap Creek","source_name":"Soap Creek","state":"CO","atlas_class":"named_natural_stream","huc8":"14020002","huc8Name":"Upper Gunnison","huc8States":"CO","lineageKey":"coloradoRiver","lineage":"coloradoRiver","historic":"coloradoRiver","current":"coloradoRiver","recovery":"recoveryWatch","lineageLabel":"Colorado River green lineage","lineageBasin":"Upper Gunnison","lineageNote":"Gunnison green-lineage context","atlas_context":"cutthroat_lineage_context","confidence":"Watershed-level lineage context; expert review recommended","geometryStatus":"Named natural stream segment from statewide hydrography","note":"This named natural stream falls within a HUC8 assigned to a cutthroat lineage context.","source_segment_id":"co_named_stream_096212","water_id":"co_soap_creek_14020002_coloradoRiver_001","occurrence_id":"co_soap_creek_14020002_coloradoRiver_001","occurrence_number":"001","segment_count":97,"disambiguator":"Upper Gunnison · Colorado River green lineage · occurrence 001","basin":"Upper Gunnison","atlas_layer":"named_water_occurrence","object_role":"named_water_occurrence","historic_label":"Colorado River green lineage","current_label":"Colorado River green lineage","recovery_label":"Recovery watch / review area","tier":"tier1","minZoom":10,"confidence_public":"Watershed-level lineage context; expert review recommended","geometry_status_public":"Named natural stream occurrence from statewide hydrography","geometry_source_public":"Grouped public hydrography segments","trout_source_public":"Compiled public recovery and lineage context; expert review recommended","public_notes":"Soap Creek is shown as a named-water occurrence within watershed-level cutthroat lineage context. This is not a precise biological boundary."}},{"type":"Feature","geometry":{"type":"LineString","coordinates":[[-107.3159,38.5476],[-107.3154,38.5465]]},"properties":{"source_id":"co_named_stream_096214","name":"Soap Creek","display_name":"Soap Creek","mapped_name":"Soap Creek","source_name":"Soap Creek","state":"CO","atlas_class":"named_natural_stream","huc8":"14020002","huc8Name":"Upper Gunnison","huc8States":"CO","lineageKey":"coloradoRiver","lineage":"coloradoRiver","historic":"coloradoRiver","current":"coloradoRiver","recovery":"recoveryWatch","lineageLabel":"Colorado River green lineage","lineageBasin":"Upper Gunnison","lineageNote":"Gunnison green-lineage context","atlas_context":"cutthroat_lineage_context","confidence":"Watershed-level lineage context; expert review recommended","geometryStatus":"Named natural stream segment from statewide hydrography","note":"This named natural stream falls within a HUC8 assigned to a cutthroat lineage context.","source_segment_id":"co_named_stream_096214","water_id":"co_soap_creek_14020002_coloradoRiver_001","occurrence_id":"co_soap_creek_14020002_coloradoRiver_001","occurrence_number":"001","segment_count":97,"disambiguator":"Upper Gunnison · Colorado River green lineage · occurrence 001","basin":"Upper Gunnison","atlas_layer":"named_water_occurrence","object_role":"named_water_occurrence","historic_label":"Colorado River green lineage","current_label":"Colorado River green lineage","recovery_label":"Recovery watch / review area","tier":"tier1","minZoom":10,"confidence_public":"Watershed-level lineage context; expert review recommended","geometry_status_public":"Named natural stream occurrence from statewide hydrography","geometry_source_public":"Grouped public hydrography segments","trout_source_public":"Compiled public recovery and lineage context; expert review recommended","public_notes":"Soap Creek is shown as a named-water occurrence within watershed-level cutthroat lineage context. This is not a precise biological boundary."}},{"type":"Feature","geometry":{"type":"LineString","coordinates":[[-107.3197,38.5527],[-107.3201,38.5518]]},"properties":{"source_id":"co_named_stream_096215","name":"Soap Creek","display_name":"Soap Creek","mapped_name":"Soap Creek","source_name":"Soap Creek","state":"CO","atlas_class":"named_natural_stream","huc8":"14020002","huc8Name":"Upper Gunnison","huc8States":"CO","lineageKey":"coloradoRiver","lineage":"coloradoRiver","historic":"coloradoRiver","current":"coloradoRiver","recovery":"recoveryWatch","lineageLabel":"Colorado River green lineage","lineageBasin":"Upper Gunnison","lineageNote":"Gunnison green-lineage context","atlas_context":"cutthroat_lineage_context","confidence":"Watershed-level lineage context; expert review recommended","geometryStatus":"Named natural stream segment from statewide hydrography","note":"This named natural stream falls within a HUC8 assigned to a cutthroat lineage context.","source_segment_id":"co_named_stream_096215","water_id":"co_soap_creek_14020002_coloradoRiver_001","occurrence_id":"co_soap_creek_14020002_coloradoRiver_001","occurrence_number":"001","segment_count":97,"disambiguator":"Upper Gunnison · Colorado River green lineage · occurrence 001","basin":"Upper Gunnison","atlas_layer":"named_water_occurrence","object_role":"named_water_occurrence","historic_label":"Colorado River green lineage","current_label":"Colorado River green lineage","recovery_label":"Recovery watch / review area","tier":"tier1","minZoom":10,"confidence_public":"Watershed-level lineage context; expert review recommended","geometry_status_public":"Named natural stream occurrence from statewide hydrography","geometry_source_public":"Grouped public hydrography segments","trout_source_public":"Compiled public recovery and lineage context; expert review recommended","public_notes":"Soap Creek is shown as a named-water occurrence within watershed-level cutthroat lineage context. This is not a precise biological boundary."}},{"type":"Feature","geometry":{"type":"LineString","coordinates":[[-107.3163,38.5485],[-107.3159,38.5476]]},"properties":{"source_id":"co_named_stream_096217","name":"Soap Creek","display_name":"Soap Creek","mapped_name":"Soap Creek","source_name":"Soap Creek","state":"CO","atlas_class":"named_natural_stream","huc8":"14020002","huc8Name":"Upper Gunnison","huc8States":"CO","lineageKey":"coloradoRiver","lineage":"coloradoRiver","historic":"coloradoRiver","current":"coloradoRiver","recovery":"recoveryWatch","lineageLabel":"Colorado River green lineage","lineageBasin":"Upper Gunnison","lineageNote":"Gunnison green-lineage context","atlas_context":"cutthroat_lineage_context","confidence":"Watershed-level lineage context; expert review recommended","geometryStatus":"Named natural stream segment from statewide hydrography","note":"This named natural stream falls within a HUC8 assigned to a cutthroat lineage context.","source_segment_id":"co_named_stream_096217","water_id":"co_soap_creek_14020002_coloradoRiver_001","occurrence_id":"co_soap_creek_14020002_coloradoRiver_001","occurrence_number":"001","segment_count":97,"disambiguator":"Upper Gunnison · Colorado River green lineage · occurrence 001","basin":"Upper Gunnison","atlas_layer":"named_water_occurrence","object_role":"named_water_occurrence","historic_label":"Colorado River green lineage","current_label":"Colorado River green lineage","recovery_label":"Recovery watch / review area","tier":"tier1","minZoom":10,"confidence_public":"Watershed-level lineage context; expert review recommended","geometry_status_public":"Named natural stream occurrence from statewide hydrography","geometry_source_public":"Grouped public hydrography segments","trout_source_public":"Compiled public recovery and lineage context; expert review recommended","public_notes":"Soap Creek is shown as a named-water occurrence within watershed-level cutthroat lineage context. This is not a precise biological boundary."}},{"type":"Feature","geometry":{"type":"LineString","coordinates":[[-107.3138,38.5396],[-107.3143,38.5386],[-107.3117,38.5364]]},"properties":{"source_id":"co_named_stream_096218","name":"Soap Creek","display_name":"Soap Creek","mapped_name":"Soap Creek","source_name":"Soap Creek","state":"CO","atlas_class":"named_natural_stream","huc8":"14020002","huc8Name":"Upper Gunnison","huc8States":"CO","lineageKey":"coloradoRiver","lineage":"coloradoRiver","historic":"coloradoRiver","current":"coloradoRiver","recovery":"recoveryWatch","lineageLabel":"Colorado River green lineage","lineageBasin":"Upper Gunnison","lineageNote":"Gunnison green-lineage context","atlas_context":"cutthroat_lineage_context","confidence":"Watershed-level lineage context; expert review recommended","geometryStatus":"Named natural stream segment from statewide hydrography","note":"This named natural stream falls within a HUC8 assigned to a cutthroat lineage context.","source_segment_id":"co_named_stream_096218","water_id":"co_soap_creek_14020002_coloradoRiver_001","occurrence_id":"co_soap_creek_14020002_coloradoRiver_001","occurrence_number":"001","segment_count":97,"disambiguator":"Upper Gunnison · Colorado River green lineage · occurrence 001","basin":"Upper Gunnison","atlas_layer":"named_water_occurrence","object_role":"named_water_occurrence","historic_label":"Colorado River green lineage","current_label":"Colorado River green lineage","recovery_label":"Recovery watch / review area","tier":"tier1","minZoom":10,"confidence_public":"Watershed-level lineage context; expert review recommended","geometry_status_public":"Named natural stream occurrence from statewide hydrography","geometry_source_public":"Grouped public hydrography segments","trout_source_public":"Compiled public recovery and lineage context; expert review recommended","public_notes":"Soap Creek is shown as a named-water occurrence within watershed-level cutthroat lineage context. This is not a precise biological boundary."}},{"type":"Feature","geometry":{"type":"LineString","coordinates":[[-107.3136,38.5441],[-107.3139,38.5412]]},"properties":{"source_id":"co_named_stream_096220","name":"Soap Creek","display_name":"Soap Creek","mapped_name":"Soap Creek","source_name":"Soap Creek","state":"CO","atlas_class":"named_natural_stream","huc8":"14020002","huc8Name":"Upper Gunnison","huc8States":"CO","lineageKey":"coloradoRiver","lineage":"coloradoRiver","historic":"coloradoRiver","current":"coloradoRiver","recovery":"recoveryWatch","lineageLabel":"Colorado River green lineage","lineageBasin":"Upper Gunnison","lineageNote":"Gunnison green-lineage context","atlas_context":"cutthroat_lineage_context","confidence":"Watershed-level lineage context; expert review recommended","geometryStatus":"Named natural stream segment from statewide hydrography","note":"This named natural stream falls within a HUC8 assigned to a cutthroat lineage context.","source_segment_id":"co_named_stream_096220","water_id":"co_soap_creek_14020002_coloradoRiver_001","occurrence_id":"co_soap_creek_14020002_coloradoRiver_001","occurrence_number":"001","segment_count":97,"disambiguator":"Upper Gunnison · Colorado River green lineage · occurrence 001","basin":"Upper Gunnison","atlas_layer":"named_water_occurrence","object_role":"named_water_occurrence","historic_label":"Colorado River green lineage","current_label":"Colorado River green lineage","recovery_label":"Recovery watch / review area","tier":"tier1","minZoom":10,"confidence_public":"Watershed-level lineage context; expert review recommended","geometry_status_public":"Named natural stream occurrence from statewide hydrography","geometry_source_public":"Grouped public hydrography segments","trout_source_public":"Compiled public recovery and lineage context; expert review recommended","public_notes":"Soap Creek is shown as a named-water occurrence within watershed-level cutthroat lineage context. This is not a precise biological boundary."}},{"type":"Feature","geometry":{"type":"LineString","coordinates":[[-107.3201,38.5518],[-107.3165,38.5496],[-107.3163,38.5485]]},"properties":{"source_id":"co_named_stream_096223","name":"Soap Creek","display_name":"Soap Creek","mapped_name":"Soap Creek","source_name":"Soap Creek","state":"CO","atlas_class":"named_natural_stream","huc8":"14020002","huc8Name":"Upper Gunnison","huc8States":"CO","lineageKey":"coloradoRiver","lineage":"coloradoRiver","historic":"coloradoRiver","current":"coloradoRiver","recovery":"recoveryWatch","lineageLabel":"Colorado River green lineage","lineageBasin":"Upper Gunnison","lineageNote":"Gunnison green-lineage context","atlas_context":"cutthroat_lineage_context","confidence":"Watershed-level lineage context; expert review recommended","geometryStatus":"Named natural stream segment from statewide hydrography","note":"This named natural stream falls within a HUC8 assigned to a cutthroat lineage context.","source_segment_id":"co_named_stream_096223","water_id":"co_soap_creek_14020002_coloradoRiver_001","occurrence_id":"co_soap_creek_14020002_coloradoRiver_001","occurrence_number":"001","segment_count":97,"disambiguator":"Upper Gunnison · Colorado River green lineage · occurrence 001","basin":"Upper Gunnison","atlas_layer":"named_water_occurrence","object_role":"named_water_occurrence","historic_label":"Colorado River green lineage","current_label":"Colorado River green lineage","recovery_label":"Recovery watch / review area","tier":"tier1","minZoom":10,"confidence_public":"Watershed-level lineage context; expert review recommended","geometry_status_public":"Named natural stream occurrence from statewide hydrography","geometry_source_public":"Grouped public hydrography segments","trout_source_public":"Compiled public recovery and lineage context; expert review recommended","public_notes":"Soap Creek is shown as a named-water occurrence within watershed-level cutthroat lineage context. This is not a precise biological boundary."}},{"type":"Feature","geometry":{"type":"LineString","coordinates":[[-107.3106,38.5287],[-107.3108,38.527],[-107.3086,38.5265]]},"properties":{"source_id":"co_named_stream_096224","name":"Soap Creek","display_name":"Soap Creek","mapped_name":"Soap Creek","source_name":"Soap Creek","state":"CO","atlas_class":"named_natural_stream","huc8":"14020002","huc8Name":"Upper Gunnison","huc8States":"CO","lineageKey":"coloradoRiver","lineage":"coloradoRiver","historic":"coloradoRiver","current":"coloradoRiver","recovery":"recoveryWatch","lineageLabel":"Colorado River green lineage","lineageBasin":"Upper Gunnison","lineageNote":"Gunnison green-lineage context","atlas_context":"cutthroat_lineage_context","confidence":"Watershed-level lineage context; expert review recommended","geometryStatus":"Named natural stream segment from statewide hydrography","note":"This named natural stream falls within a HUC8 assigned to a cutthroat lineage context.","source_segment_id":"co_named_stream_096224","water_id":"co_soap_creek_14020002_coloradoRiver_001","occurrence_id":"co_soap_creek_14020002_coloradoRiver_001","occurrence_number":"001","segment_count":97,"disambiguator":"Upper Gunnison · Colorado River green lineage · occurrence 001","basin":"Upper Gunnison","atlas_layer":"named_water_occurrence","object_role":"named_water_occurrence","historic_label":"Colorado River green lineage","current_label":"Colorado River green lineage","recovery_label":"Recovery watch / review area","tier":"tier1","minZoom":10,"confidence_public":"Watershed-level lineage context; expert review recommended","geometry_status_public":"Named natural stream occurrence from statewide hydrography","geometry_source_public":"Grouped public hydrography segments","trout_source_public":"Compiled public recovery and lineage context; expert review recommended","public_notes":"Soap Creek is shown as a named-water occurrence within watershed-level cutthroat lineage context. This is not a precise biological boundary."}},{"type":"Feature","geometry":{"type":"LineString","coordinates":[[-107.3139,38.5412],[-107.3138,38.5396]]},"properties":{"source_id":"co_named_stream_096228","name":"Soap Creek","display_name":"Soap Creek","mapped_name":"Soap Creek","source_name":"Soap Creek","state":"CO","atlas_class":"named_natural_stream","huc8":"14020002","huc8Name":"Upper Gunnison","huc8States":"CO","lineageKey":"coloradoRiver","lineage":"coloradoRiver","historic":"coloradoRiver","current":"coloradoRiver","recovery":"recoveryWatch","lineageLabel":"Colorado River green lineage","lineageBasin":"Upper Gunnison","lineageNote":"Gunnison green-lineage context","atlas_context":"cutthroat_lineage_context","confidence":"Watershed-level lineage context; expert review recommended","geometryStatus":"Named natural stream segment from statewide hydrography","note":"This named natural stream falls within a HUC8 assigned to a cutthroat lineage context.","source_segment_id":"co_named_stream_096228","water_id":"co_soap_creek_14020002_coloradoRiver_001","occurrence_id":"co_soap_creek_14020002_coloradoRiver_001","occurrence_number":"001","segment_count":97,"disambiguator":"Upper Gunnison · Colorado River green lineage · occurrence 001","basin":"Upper Gunnison","atlas_layer":"named_water_occurrence","object_role":"named_water_occurrence","historic_label":"Colorado River green lineage","current_label":"Colorado River green lineage","recovery_label":"Recovery watch / review area","tier":"tier1","minZoom":10,"confidence_public":"Watershed-level lineage context; expert review recommended","geometry_status_public":"Named natural stream occurrence from statewide hydrography","geometry_source_public":"Grouped public hydrography segments","trout_source_public":"Compiled public recovery and lineage context; expert review recommended","public_notes":"Soap Creek is shown as a named-water occurrence within watershed-level cutthroat lineage context. This is not a precise biological boundary."}},{"type":"Feature","geometry":{"type":"LineString","coordinates":[[-107.3124,38.5318],[-107.3124,38.5295],[-107.3106,38.5287]]},"properties":{"source_id":"co_named_stream_096229","name":"Soap Creek","display_name":"Soap Creek","mapped_name":"Soap Creek","source_name":"Soap Creek","state":"CO","atlas_class":"named_natural_stream","huc8":"14020002","huc8Name":"Upper Gunnison","huc8States":"CO","lineageKey":"coloradoRiver","lineage":"coloradoRiver","historic":"coloradoRiver","current":"coloradoRiver","recovery":"recoveryWatch","lineageLabel":"Colorado River green lineage","lineageBasin":"Upper Gunnison","lineageNote":"Gunnison green-lineage context","atlas_context":"cutthroat_lineage_context","confidence":"Watershed-level lineage context; expert review recommended","geometryStatus":"Named natural stream segment from statewide hydrography","note":"This named natural stream falls within a HUC8 assigned to a cutthroat lineage context.","source_segment_id":"co_named_stream_096229","water_id":"co_soap_creek_14020002_coloradoRiver_001","occurrence_id":"co_soap_creek_14020002_coloradoRiver_001","occurrence_number":"001","segment_count":97,"disambiguator":"Upper Gunnison · Colorado River green lineage · occurrence 001","basin":"Upper Gunnison","atlas_layer":"named_water_occurrence","object_role":"named_water_occurrence","historic_label":"Colorado River green lineage","current_label":"Colorado River green lineage","recovery_label":"Recovery watch / review area","tier":"tier1","minZoom":10,"confidence_public":"Watershed-level lineage context; expert review recommended","geometry_status_public":"Named natural stream occurrence from statewide hydrography","geometry_source_public":"Grouped public hydrography segments","trout_source_public":"Compiled public recovery and lineage context; expert review recommended","public_notes":"Soap Creek is shown as a named-water occurrence within watershed-level cutthroat lineage context. This is not a precise biological boundary."}},{"type":"Feature","geometry":{"type":"LineString","coordinates":[[-107.3086,38.5265],[-107.3069,38.526]]},"properties":{"source_id":"co_named_stream_096230","name":"Soap Creek","display_name":"Soap Creek","mapped_name":"Soap Creek","source_name":"Soap Creek","state":"CO","atlas_class":"named_natural_stream","huc8":"14020002","huc8Name":"Upper Gunnison","huc8States":"CO","lineageKey":"coloradoRiver","lineage":"coloradoRiver","historic":"coloradoRiver","current":"coloradoRiver","recovery":"recoveryWatch","lineageLabel":"Colorado River green lineage","lineageBasin":"Upper Gunnison","lineageNote":"Gunnison green-lineage context","atlas_context":"cutthroat_lineage_context","confidence":"Watershed-level lineage context; expert review recommended","geometryStatus":"Named natural stream segment from statewide hydrography","note":"This named natural stream falls within a HUC8 assigned to a cutthroat lineage context.","source_segment_id":"co_named_stream_096230","water_id":"co_soap_creek_14020002_coloradoRiver_001","occurrence_id":"co_soap_creek_14020002_coloradoRiver_001","occurrence_number":"001","segment_count":97,"disambiguator":"Upper Gunnison · Colorado River green lineage · occurrence 001","basin":"Upper Gunnison","atlas_layer":"named_water_occurrence","object_role":"named_water_occurrence","historic_label":"Colorado River green lineage","current_label":"Colorado River green lineage","recovery_label":"Recovery watch / review area","tier":"tier1","minZoom":10,"confidence_public":"Watershed-level lineage context; expert review recommended","geometry_status_public":"Named natural stream occurrence from statewide hydrography","geometry_source_public":"Grouped public hydrography segments","trout_source_public":"Compiled public recovery and lineage context; expert review recommended","public_notes":"Soap Creek is shown as a named-water occurrence within watershed-level cutthroat lineage context. This is not a precise biological boundary."}},{"type":"Feature","geometry":{"type":"LineString","coordinates":[[-107.3777,38.7127],[-107.3762,38.7131]]},"properties":{"source_id":"co_named_stream_087415","name":"Coal Creek","display_name":"Coal Creek","mapped_name":"Coal Creek","source_name":"Coal Creek","state":"CO","atlas_class":"named_natural_stream","huc8":"14020004","huc8Name":"North Fork Gunnison","huc8States":"CO","lineageKey":"coloradoRiver","lineage":"coloradoRiver","historic":"coloradoRiver","current":"coloradoRiver","recovery":"recoveryWatch","lineageLabel":"Colorado River green lineage","lineageBasin":"North Fork Gunnison","lineageNote":"Gunnison green-lineage context","atlas_context":"cutthroat_lineage_context","confidence":"Watershed-level lineage context; expert review recommended","geometryStatus":"Named natural stream segment from statewide hydrography","note":"This named natural stream falls within a HUC8 assigned to a cutthroat lineage context.","source_segment_id":"co_named_stream_087415","water_id":"co_coal_creek_14020004_coloradoRiver_002","occurrence_id":"co_coal_creek_14020004_coloradoRiver_002","occurrence_number":"002","segment_count":96,"disambiguator":"North Fork Gunnison · Colorado River green lineage · occurrence 002","basin":"North Fork Gunnison","atlas_layer":"named_water_occurrence","object_role":"named_water_occurrence","historic_label":"Colorado River green lineage","current_label":"Colorado River green lineage","recovery_label":"Recovery watch / review area","tier":"tier1","minZoom":10,"confidence_public":"Watershed-level lineage context; expert review recommended","geometry_status_public":"Named natural stream occurrence from statewide hydrography","geometry_source_public":"Grouped public hydrography segments","trout_source_public":"Compiled public recovery and lineage context; expert review recommended","public_notes":"Coal Creek is shown as a named-water occurrence within watershed-level cutthroat lineage context. This is not a precise biological boundary."}},{"type":"Feature","geometry":{"type":"LineString","coordinates":[[-107.3369,38.7435],[-107.3342,38.7454],[-107.3342,38.7475]]},"properties":{"source_id":"co_named_stream_087438","name":"Coal Creek","display_name":"Coal Creek","mapped_name":"Coal Creek","source_name":"Coal Creek","state":"CO","atlas_class":"named_natural_stream","huc8":"14020004","huc8Name":"North Fork Gunnison","huc8States":"CO","lineageKey":"coloradoRiver","lineage":"coloradoRiver","historic":"coloradoRiver","current":"coloradoRiver","recovery":"recoveryWatch","lineageLabel":"Colorado River green lineage","lineageBasin":"North Fork Gunnison","lineageNote":"Gunnison green-lineage context","atlas_context":"cutthroat_lineage_context","confidence":"Watershed-level lineage context; expert review recommended","geometryStatus":"Named natural stream segment from statewide hydrography","note":"This named natural stream falls within a HUC8 assigned to a cutthroat lineage context.","source_segment_id":"co_named_stream_087438","water_id":"co_coal_creek_14020004_coloradoRiver_002","occurrence_id":"co_coal_creek_14020004_coloradoRiver_002","occurrence_number":"002","segment_count":96,"disambiguator":"North Fork Gunnison · Colorado River green lineage · occurrence 002","basin":"North Fork Gunnison","atlas_layer":"named_water_occurrence","object_role":"named_water_occurrence","historic_label":"Colorado River green lineage","current_label":"Colorado River green lineage","recovery_label":"Recovery watch / review area","tier":"tier1","minZoom":10,"confidence_public":"Watershed-level lineage context; expert review recommended","geometry_status_public":"Named natural stream occurrence from statewide hydrography","geometry_source_public":"Grouped public hydrography segments","trout_source_public":"Compiled public recovery and lineage context; expert review recommended","public_notes":"Coal Creek is shown as a named-water occurrence within watershed-level cutthroat lineage context. This is not a precise biological boundary."}},{"type":"Feature","geometry":{"type":"LineString","coordinates":[[-107.3434,38.7386],[-107.3403,38.7394]]},"properties":{"source_id":"co_named_stream_087440","name":"Coal Creek","display_name":"Coal Creek","mapped_name":"Coal Creek","source_name":"Coal Creek","state":"CO","atlas_class":"named_natural_stream","huc8":"14020004","huc8Name":"North Fork Gunnison","huc8States":"CO","lineageKey":"coloradoRiver","lineage":"coloradoRiver","historic":"coloradoRiver","current":"coloradoRiver","recovery":"recoveryWatch","lineageLabel":"Colorado River green lineage","lineageBasin":"North Fork Gunnison","lineageNote":"Gunnison green-lineage context","atlas_context":"cutthroat_lineage_context","confidence":"Watershed-level lineage context; expert review recommended","geometryStatus":"Named natural stream segment from statewide hydrography","note":"This named natural stream falls within a HUC8 assigned to a cutthroat lineage context.","source_segment_id":"co_named_stream_087440","water_id":"co_coal_creek_14020004_coloradoRiver_002","occurrence_id":"co_coal_creek_14020004_coloradoRiver_002","occurrence_number":"002","segment_count":96,"disambiguator":"North Fork Gunnison · Colorado River green lineage · occurrence 002","basin":"North Fork Gunnison","atlas_layer":"named_water_occurrence","object_role":"named_water_occurrence","historic_label":"Colorado River green lineage","current_label":"Colorado River green lineage","recovery_label":"Recovery watch / review area","tier":"tier1","minZoom":10,"confidence_public":"Watershed-level lineage context; expert review recommended","geometry_status_public":"Named natural stream occurrence from statewide hydrography","geometry_source_public":"Grouped public hydrography segments","trout_source_public":"Compiled public recovery and lineage context; expert review recommended","public_notes":"Coal Creek is shown as a named-water occurrence within watershed-level cutthroat lineage context. This is not a precise biological boundary."}},{"type":"Feature","geometry":{"type":"LineString","coordinates":[[-107.3658,38.7137],[-107.3644,38.714]]},"properties":{"source_id":"co_named_stream_087444","name":"Coal Creek","display_name":"Coal Creek","mapped_name":"Coal Creek","source_name":"Coal Creek","state":"CO","atlas_class":"named_natural_stream","huc8":"14020004","huc8Name":"North Fork Gunnison","huc8States":"CO","lineageKey":"coloradoRiver","lineage":"coloradoRiver","historic":"coloradoRiver","current":"coloradoRiver","recovery":"recoveryWatch","lineageLabel":"Colorado River green lineage","lineageBasin":"North Fork Gunnison","lineageNote":"Gunnison green-lineage context","atlas_context":"cutthroat_lineage_context","confidence":"Watershed-level lineage context; expert review recommended","geometryStatus":"Named natural stream segment from statewide hydrography","note":"This named natural stream falls within a HUC8 assigned to a cutthroat lineage context.","source_segment_id":"co_named_stream_087444","water_id":"co_coal_creek_14020004_coloradoRiver_002","occurrence_id":"co_coal_creek_14020004_coloradoRiver_002","occurrence_number":"002","segment_count":96,"disambiguator":"North Fork Gunnison · Colorado River green lineage · occurrence 002","basin":"North Fork Gunnison","atlas_layer":"named_water_occurrence","object_role":"named_water_occurrence","historic_label":"Colorado River green lineage","current_label":"Colorado River green lineage","recovery_label":"Recovery watch / review area","tier":"tier1","minZoom":10,"confidence_public":"Watershed-level lineage context; expert review recommended","geometry_status_public":"Named natural stream occurrence from statewide hydrography","geometry_source_public":"Grouped public hydrography segments","trout_source_public":"Compiled public recovery and lineage context; expert review recommended","public_notes":"Coal Creek is shown as a named-water occurrence within watershed-level cutthroat lineage context. This is not a precise biological boundary."}},{"type":"Feature","geometry":{"type":"LineString","coordinates":[[-107.3504,38.7286],[-107.3502,38.7298]]},"properties":{"source_id":"co_named_stream_087445","name":"Coal Creek","display_name":"Coal Creek","mapped_name":"Coal Creek","source_name":"Coal Creek","state":"CO","atlas_class":"named_natural_stream","huc8":"14020004","huc8Name":"North Fork Gunnison","huc8States":"CO","lineageKey":"coloradoRiver","lineage":"coloradoRiver","historic":"coloradoRiver","current":"coloradoRiver","recovery":"recoveryWatch","lineageLabel":"Colorado River green lineage","lineageBasin":"North Fork Gunnison","lineageNote":"Gunnison green-lineage context","atlas_context":"cutthroat_lineage_context","confidence":"Watershed-level lineage context; expert review recommended","geometryStatus":"Named natural stream segment from statewide hydrography","note":"This named natural stream falls within a HUC8 assigned to a cutthroat lineage context.","source_segment_id":"co_named_stream_087445","water_id":"co_coal_creek_14020004_coloradoRiver_002","occurrence_id":"co_coal_creek_14020004_coloradoRiver_002","occurrence_number":"002","segment_count":96,"disambiguator":"North Fork Gunnison · Colorado River green lineage · occurrence 002","basin":"North Fork Gunnison","atlas_layer":"named_water_occurrence","object_role":"named_water_occurrence","historic_label":"Colorado River green lineage","current_label":"Colorado River green lineage","recovery_label":"Recovery watch / review area","tier":"tier1","minZoom":10,"confidence_public":"Watershed-level lineage context; expert review recommended","geometry_status_public":"Named natural stream occurrence from statewide hydrography","geometry_source_public":"Grouped public hydrography segments","trout_source_public":"Compiled public recovery and lineage context; expert review recommended","public_notes":"Coal Creek is shown as a named-water occurrence within watershed-level cutthroat lineage context. This is not a precise biological boundary."}},{"type":"Feature","geometry":{"type":"LineString","coordinates":[[-107.3502,38.7298],[-107.3493,38.7344],[-107.3475,38.7353]]},"properties":{"source_id":"co_named_stream_087446","name":"Coal Creek","display_name":"Coal Creek","mapped_name":"Coal Creek","source_name":"Coal Creek","state":"CO","atlas_class":"named_natural_stream","huc8":"14020004","huc8Name":"North Fork Gunnison","huc8States":"CO","lineageKey":"coloradoRiver","lineage":"coloradoRiver","historic":"coloradoRiver","current":"coloradoRiver","recovery":"recoveryWatch","lineageLabel":"Colorado River green lineage","lineageBasin":"North Fork Gunnison","lineageNote":"Gunnison green-lineage context","atlas_context":"cutthroat_lineage_context","confidence":"Watershed-level lineage context; expert review recommended","geometryStatus":"Named natural stream segment from statewide hydrography","note":"This named natural stream falls within a HUC8 assigned to a cutthroat lineage context.","source_segment_id":"co_named_stream_087446","water_id":"co_coal_creek_14020004_coloradoRiver_002","occurrence_id":"co_coal_creek_14020004_coloradoRiver_002","occurrence_number":"002","segment_count":96,"disambiguator":"North Fork Gunnison · Colorado River green lineage · occurrence 002","basin":"North Fork Gunnison","atlas_layer":"named_water_occurrence","object_role":"named_water_occurrence","historic_label":"Colorado River green lineage","current_label":"Colorado River green lineage","recovery_label":"Recovery watch / review area","tier":"tier1","minZoom":10,"confidence_public":"Watershed-level lineage context; expert review recommended","geometry_status_public":"Named natural stream occurrence from statewide hydrography","geometry_source_public":"Grouped public hydrography segments","trout_source_public":"Compiled public recovery and lineage context; expert review recommended","public_notes":"Coal Creek is shown as a named-water occurrence within watershed-level cutthroat lineage context. This is not a precise biological boundary."}},{"type":"Feature","geometry":{"type":"LineString","coordinates":[[-107.3539,38.7217],[-107.3534,38.7233]]},"properties":{"source_id":"co_named_stream_087447","name":"Coal Creek","display_name":"Coal Creek","mapped_name":"Coal Creek","source_name":"Coal Creek","state":"CO","atlas_class":"named_natural_stream","huc8":"14020004","huc8Name":"North Fork Gunnison","huc8States":"CO","lineageKey":"coloradoRiver","lineage":"coloradoRiver","historic":"coloradoRiver","current":"coloradoRiver","recovery":"recoveryWatch","lineageLabel":"Colorado River green lineage","lineageBasin":"North Fork Gunnison","lineageNote":"Gunnison green-lineage context","atlas_context":"cutthroat_lineage_context","confidence":"Watershed-level lineage context; expert review recommended","geometryStatus":"Named natural stream segment from statewide hydrography","note":"This named natural stream falls within a HUC8 assigned to a cutthroat lineage context.","source_segment_id":"co_named_stream_087447","water_id":"co_coal_creek_14020004_coloradoRiver_002","occurrence_id":"co_coal_creek_14020004_coloradoRiver_002","occurrence_number":"002","segment_count":96,"disambiguator":"North Fork Gunnison · Colorado River green lineage · occurrence 002","basin":"North Fork Gunnison","atlas_layer":"named_water_occurrence","object_role":"named_water_occurrence","historic_label":"Colorado River green lineage","current_label":"Colorado River green lineage","recovery_label":"Recovery watch / review area","tier":"tier1","minZoom":10,"confidence_public":"Watershed-level lineage context; expert review recommended","geometry_status_public":"Named natural stream occurrence from statewide hydrography","geometry_source_public":"Grouped public hydrography segments","trout_source_public":"Compiled public recovery and lineage context; expert review recommended","public_notes":"Coal Creek is shown as a named-water occurrence within watershed-level cutthroat lineage context. This is not a precise biological boundary."}},{"type":"Feature","geometry":{"type":"LineString","coordinates":[[-107.3556,38.7194],[-107.3539,38.7217]]},"properties":{"source_id":"co_named_stream_087451","name":"Coal Creek","display_name":"Coal Creek","mapped_name":"Coal Creek","source_name":"Coal Creek","state":"CO","atlas_class":"named_natural_stream","huc8":"14020004","huc8Name":"North Fork Gunnison","huc8States":"CO","lineageKey":"coloradoRiver","lineage":"coloradoRiver","historic":"coloradoRiver","current":"coloradoRiver","recovery":"recoveryWatch","lineageLabel":"Colorado River green lineage","lineageBasin":"North Fork Gunnison","lineageNote":"Gunnison green-lineage context","atlas_context":"cutthroat_lineage_context","confidence":"Watershed-level lineage context; expert review recommended","geometryStatus":"Named natural stream segment from statewide hydrography","note":"This named natural stream falls within a HUC8 assigned to a cutthroat lineage context.","source_segment_id":"co_named_stream_087451","water_id":"co_coal_creek_14020004_coloradoRiver_002","occurrence_id":"co_coal_creek_14020004_coloradoRiver_002","occurrence_number":"002","segment_count":96,"disambiguator":"North Fork Gunnison · Colorado River green lineage · occurrence 002","basin":"North Fork Gunnison","atlas_layer":"named_water_occurrence","object_role":"named_water_occurrence","historic_label":"Colorado River green lineage","current_label":"Colorado River green lineage","recovery_label":"Recovery watch / review area","tier":"tier1","minZoom":10,"confidence_public":"Watershed-level lineage context; expert review recommended","geometry_status_public":"Named natural stream occurrence from statewide hydrography","geometry_source_public":"Grouped public hydrography segments","trout_source_public":"Compiled public recovery and lineage context; expert review recommended","public_notes":"Coal Creek is shown as a named-water occurrence within watershed-level cutthroat lineage context. This is not a precise biological boundary."}},{"type":"Feature","geometry":{"type":"LineString","coordinates":[[-107.3574,38.7184],[-107.356,38.7192]]},"properties":{"source_id":"co_named_stream_087453","name":"Coal Creek","display_name":"Coal Creek","mapped_name":"Coal Creek","source_name":"Coal Creek","state":"CO","atlas_class":"named_natural_stream","huc8":"14020004","huc8Name":"North Fork Gunnison","huc8States":"CO","lineageKey":"coloradoRiver","lineage":"coloradoRiver","historic":"coloradoRiver","current":"coloradoRiver","recovery":"recoveryWatch","lineageLabel":"Colorado River green lineage","lineageBasin":"North Fork Gunnison","lineageNote":"Gunnison green-lineage context","atlas_context":"cutthroat_lineage_context","confidence":"Watershed-level lineage context; expert review recommended","geometryStatus":"Named natural stream segment from statewide hydrography","note":"This named natural stream falls within a HUC8 assigned to a cutthroat lineage context.","source_segment_id":"co_named_stream_087453","water_id":"co_coal_creek_14020004_coloradoRiver_002","occurrence_id":"co_coal_creek_14020004_coloradoRiver_002","occurrence_number":"002","segment_count":96,"disambiguator":"North Fork Gunnison · Colorado River green lineage · occurrence 002","basin":"North Fork Gunnison","atlas_layer":"named_water_occurrence","object_role":"named_water_occurrence","historic_label":"Colorado River green lineage","current_label":"Colorado River green lineage","recovery_label":"Recovery watch / review area","tier":"tier1","minZoom":10,"confidence_public":"Watershed-level lineage context; expert review recommended","geometry_status_public":"Named natural stream occurrence from statewide hydrography","geometry_source_public":"Grouped public hydrography segments","trout_source_public":"Compiled public recovery and lineage context; expert review recommended","public_notes":"Coal Creek is shown as a named-water occurrence within watershed-level cutthroat lineage context. This is not a precise biological boundary."}},{"type":"Feature","geometry":{"type":"LineString","coordinates":[[-107.3762,38.7131],[-107.3706,38.7143],[-107.3658,38.7137]]},"properties":{"source_id":"co_named_stream_087454","name":"Coal Creek","display_name":"Coal Creek","mapped_name":"Coal Creek","source_name":"Coal Creek","state":"CO","atlas_class":"named_natural_stream","huc8":"14020004","huc8Name":"North Fork Gunnison","huc8States":"CO","lineageKey":"coloradoRiver","lineage":"coloradoRiver","historic":"coloradoRiver","current":"coloradoRiver","recovery":"recoveryWatch","lineageLabel":"Colorado River green lineage","lineageBasin":"North Fork Gunnison","lineageNote":"Gunnison green-lineage context","atlas_context":"cutthroat_lineage_context","confidence":"Watershed-level lineage context; expert review recommended","geometryStatus":"Named natural stream segment from statewide hydrography","note":"This named natural stream falls within a HUC8 assigned to a cutthroat lineage context.","source_segment_id":"co_named_stream_087454","water_id":"co_coal_creek_14020004_coloradoRiver_002","occurrence_id":"co_coal_creek_14020004_coloradoRiver_002","occurrence_number":"002","segment_count":96,"disambiguator":"North Fork Gunnison · Colorado River green lineage · occurrence 002","basin":"North Fork Gunnison","atlas_layer":"named_water_occurrence","object_role":"named_water_occurrence","historic_label":"Colorado River green lineage","current_label":"Colorado River green lineage","recovery_label":"Recovery watch / review area","tier":"tier1","minZoom":10,"confidence_public":"Watershed-level lineage context; expert review recommended","geometry_status_public":"Named natural stream occurrence from statewide hydrography","geometry_source_public":"Grouped public hydrography segments","trout_source_public":"Compiled public recovery and lineage context; expert review recommended","public_notes":"Coal Creek is shown as a named-water occurrence within watershed-level cutthroat lineage context. This is not a precise biological boundary."}},{"type":"Feature","geometry":{"type":"LineString","coordinates":[[-107.356,38.7192],[-107.3556,38.7194]]},"properties":{"source_id":"co_named_stream_087455","name":"Coal Creek","display_name":"Coal Creek","mapped_name":"Coal Creek","source_name":"Coal Creek","state":"CO","atlas_class":"named_natural_stream","huc8":"14020004","huc8Name":"North Fork Gunnison","huc8States":"CO","lineageKey":"coloradoRiver","lineage":"coloradoRiver","historic":"coloradoRiver","current":"coloradoRiver","recovery":"recoveryWatch","lineageLabel":"Colorado River green lineage","lineageBasin":"North Fork Gunnison","lineageNote":"Gunnison green-lineage context","atlas_context":"cutthroat_lineage_context","confidence":"Watershed-level lineage context; expert review recommended","geometryStatus":"Named natural stream segment from statewide hydrography","note":"This named natural stream falls within a HUC8 assigned to a cutthroat lineage context.","source_segment_id":"co_named_stream_087455","water_id":"co_coal_creek_14020004_coloradoRiver_002","occurrence_id":"co_coal_creek_14020004_coloradoRiver_002","occurrence_number":"002","segment_count":96,"disambiguator":"North Fork Gunnison · Colorado River green lineage · occurrence 002","basin":"North Fork Gunnison","atlas_layer":"named_water_occurrence","object_role":"named_water_occurrence","historic_label":"Colorado River green lineage","current_label":"Colorado River green lineage","recovery_label":"Recovery watch / review area","tier":"tier1","minZoom":10,"confidence_public":"Watershed-level lineage context; expert review recommended","geometry_status_public":"Named natural stream occurrence from statewide hydrography","geometry_source_public":"Grouped public hydrography segments","trout_source_public":"Compiled public recovery and lineage context; expert review recommended","public_notes":"Coal Creek is shown as a named-water occurrence within watershed-level cutthroat lineage context. This is not a precise biological boundary."}},{"type":"Feature","geometry":{"type":"LineString","coordinates":[[-107.362,38.7158],[-107.3574,38.7184]]},"properties":{"source_id":"co_named_stream_087456","name":"Coal Creek","display_name":"Coal Creek","mapped_name":"Coal Creek","source_name":"Coal Creek","state":"CO","atlas_class":"named_natural_stream","huc8":"14020004","huc8Name":"North Fork Gunnison","huc8States":"CO","lineageKey":"coloradoRiver","lineage":"coloradoRiver","historic":"coloradoRiver","current":"coloradoRiver","recovery":"recoveryWatch","lineageLabel":"Colorado River green lineage","lineageBasin":"North Fork Gunnison","lineageNote":"Gunnison green-lineage context","atlas_context":"cutthroat_lineage_context","confidence":"Watershed-level lineage context; expert review recommended","geometryStatus":"Named natural stream segment from statewide hydrography","note":"This named natural stream falls within a HUC8 assigned to a cutthroat lineage context.","source_segment_id":"co_named_stream_087456","water_id":"co_coal_creek_14020004_coloradoRiver_002","occurrence_id":"co_coal_creek_14020004_coloradoRiver_002","occurrence_number":"002","segment_count":96,"disambiguator":"North Fork Gunnison · Colorado River green lineage · occurrence 002","basin":"North Fork Gunnison","atlas_layer":"named_water_occurrence","object_role":"named_water_occurrence","historic_label":"Colorado River green lineage","current_label":"Colorado River green lineage","recovery_label":"Recovery watch / review area","tier":"tier1","minZoom":10,"confidence_public":"Watershed-level lineage context; expert review recommended","geometry_status_public":"Named natural stream occurrence from statewide hydrography","geometry_source_public":"Grouped public hydrography segments","trout_source_public":"Compiled public recovery and lineage context; expert review recommended","public_notes":"Coal Creek is shown as a named-water occurrence within watershed-level cutthroat lineage context. This is not a precise biological boundary."}},{"type":"Feature","geometry":{"type":"LineString","coordinates":[[-107.3377,38.7432],[-107.3369,38.7435]]},"properties":{"source_id":"co_named_stream_087459","name":"Coal Creek","display_name":"Coal Creek","mapped_name":"Coal Creek","source_name":"Coal Creek","state":"CO","atlas_class":"named_natural_stream","huc8":"14020004","huc8Name":"North Fork Gunnison","huc8States":"CO","lineageKey":"coloradoRiver","lineage":"coloradoRiver","historic":"coloradoRiver","current":"coloradoRiver","recovery":"recoveryWatch","lineageLabel":"Colorado River green lineage","lineageBasin":"North Fork Gunnison","lineageNote":"Gunnison green-lineage context","atlas_context":"cutthroat_lineage_context","confidence":"Watershed-level lineage context; expert review recommended","geometryStatus":"Named natural stream segment from statewide hydrography","note":"This named natural stream falls within a HUC8 assigned to a cutthroat lineage context.","source_segment_id":"co_named_stream_087459","water_id":"co_coal_creek_14020004_coloradoRiver_002","occurrence_id":"co_coal_creek_14020004_coloradoRiver_002","occurrence_number":"002","segment_count":96,"disambiguator":"North Fork Gunnison · Colorado River green lineage · occurrence 002","basin":"North Fork Gunnison","atlas_layer":"named_water_occurrence","object_role":"named_water_occurrence","historic_label":"Colorado River green lineage","current_label":"Colorado River green lineage","recovery_label":"Recovery watch / review area","tier":"tier1","minZoom":10,"confidence_public":"Watershed-level lineage context; expert review recommended","geometry_status_public":"Named natural stream occurrence from statewide hydrography","geometry_source_public":"Grouped public hydrography segments","trout_source_public":"Compiled public recovery and lineage context; expert review recommended","public_notes":"Coal Creek is shown as a named-water occurrence within watershed-level cutthroat lineage context. This is not a precise biological boundary."}},{"type":"Feature","geometry":{"type":"LineString","coordinates":[[-107.3342,38.7475],[-107.3347,38.7491]]},"properties":{"source_id":"co_named_stream_087461","name":"Coal Creek","display_name":"Coal Creek","mapped_name":"Coal Creek","source_name":"Coal Creek","state":"CO","atlas_class":"named_natural_stream","huc8":"14020004","huc8Name":"North Fork Gunnison","huc8States":"CO","lineageKey":"coloradoRiver","lineage":"coloradoRiver","historic":"coloradoRiver","current":"coloradoRiver","recovery":"recoveryWatch","lineageLabel":"Colorado River green lineage","lineageBasin":"North Fork Gunnison","lineageNote":"Gunnison green-lineage context","atlas_context":"cutthroat_lineage_context","confidence":"Watershed-level lineage context; expert review recommended","geometryStatus":"Named natural stream segment from statewide hydrography","note":"This named natural stream falls within a HUC8 assigned to a cutthroat lineage context.","source_segment_id":"co_named_stream_087461","water_id":"co_coal_creek_14020004_coloradoRiver_002","occurrence_id":"co_coal_creek_14020004_coloradoRiver_002","occurrence_number":"002","segment_count":96,"disambiguator":"North Fork Gunnison · Colorado River green lineage · occurrence 002","basin":"North Fork Gunnison","atlas_layer":"named_water_occurrence","object_role":"named_water_occurrence","historic_label":"Colorado River green lineage","current_label":"Colorado River green lineage","recovery_label":"Recovery watch / review area","tier":"tier1","minZoom":10,"confidence_public":"Watershed-level lineage context; expert review recommended","geometry_status_public":"Named natural stream occurrence from statewide hydrography","geometry_source_public":"Grouped public hydrography segments","trout_source_public":"Compiled public recovery and lineage context; expert review recommended","public_notes":"Coal Creek is shown as a named-water occurrence within watershed-level cutthroat lineage context. This is not a precise biological boundary."}},{"type":"Feature","geometry":{"type":"LineString","coordinates":[[-107.3644,38.714],[-107.3633,38.7149]]},"properties":{"source_id":"co_named_stream_087463","name":"Coal Creek","display_name":"Coal Creek","mapped_name":"Coal Creek","source_name":"Coal Creek","state":"CO","atlas_class":"named_natural_stream","huc8":"14020004","huc8Name":"North Fork Gunnison","huc8States":"CO","lineageKey":"coloradoRiver","lineage":"coloradoRiver","historic":"coloradoRiver","current":"coloradoRiver","recovery":"recoveryWatch","lineageLabel":"Colorado River green lineage","lineageBasin":"North Fork Gunnison","lineageNote":"Gunnison green-lineage context","atlas_context":"cutthroat_lineage_context","confidence":"Watershed-level lineage context; expert review recommended","geometryStatus":"Named natural stream segment from statewide hydrography","note":"This named natural stream falls within a HUC8 assigned to a cutthroat lineage context.","source_segment_id":"co_named_stream_087463","water_id":"co_coal_creek_14020004_coloradoRiver_002","occurrence_id":"co_coal_creek_14020004_coloradoRiver_002","occurrence_number":"002","segment_count":96,"disambiguator":"North Fork Gunnison · Colorado River green lineage · occurrence 002","basin":"North Fork Gunnison","atlas_layer":"named_water_occurrence","object_role":"named_water_occurrence","historic_label":"Colorado River green lineage","current_label":"Colorado River green lineage","recovery_label":"Recovery watch / review area","tier":"tier1","minZoom":10,"confidence_public":"Watershed-level lineage context; expert review recommended","geometry_status_public":"Named natural stream occurrence from statewide hydrography","geometry_source_public":"Grouped public hydrography segments","trout_source_public":"Compiled public recovery and lineage context; expert review recommended","public_notes":"Coal Creek is shown as a named-water occurrence within watershed-level cutthroat lineage context. This is not a precise biological boundary."}},{"type":"Feature","geometry":{"type":"LineString","coordinates":[[-107.3534,38.7233],[-107.3509,38.727]]},"properties":{"source_id":"co_named_stream_087465","name":"Coal Creek","display_name":"Coal Creek","mapped_name":"Coal Creek","source_name":"Coal Creek","state":"CO","atlas_class":"named_natural_stream","huc8":"14020004","huc8Name":"North Fork Gunnison","huc8States":"CO","lineageKey":"coloradoRiver","lineage":"coloradoRiver","historic":"coloradoRiver","current":"coloradoRiver","recovery":"recoveryWatch","lineageLabel":"Colorado River green lineage","lineageBasin":"North Fork Gunnison","lineageNote":"Gunnison green-lineage context","atlas_context":"cutthroat_lineage_context","confidence":"Watershed-level lineage context; expert review recommended","geometryStatus":"Named natural stream segment from statewide hydrography","note":"This named natural stream falls within a HUC8 assigned to a cutthroat lineage context.","source_segment_id":"co_named_stream_087465","water_id":"co_coal_creek_14020004_coloradoRiver_002","occurrence_id":"co_coal_creek_14020004_coloradoRiver_002","occurrence_number":"002","segment_count":96,"disambiguator":"North Fork Gunnison · Colorado River green lineage · occurrence 002","basin":"North Fork Gunnison","atlas_layer":"named_water_occurrence","object_role":"named_water_occurrence","historic_label":"Colorado River green lineage","current_label":"Colorado River green lineage","recovery_label":"Recovery watch / review area","tier":"tier1","minZoom":10,"confidence_public":"Watershed-level lineage context; expert review recommended","geometry_status_public":"Named natural stream occurrence from statewide hydrography","geometry_source_public":"Grouped public hydrography segments","trout_source_public":"Compiled public recovery and lineage context; expert review recommended","public_notes":"Coal Creek is shown as a named-water occurrence within watershed-level cutthroat lineage context. This is not a precise biological boundary."}},{"type":"Feature","geometry":{"type":"LineString","coordinates":[[-107.3403,38.7394],[-107.3377,38.7432]]},"properties":{"source_id":"co_named_stream_087470","name":"Coal Creek","display_name":"Coal Creek","mapped_name":"Coal Creek","source_name":"Coal Creek","state":"CO","atlas_class":"named_natural_stream","huc8":"14020004","huc8Name":"North Fork Gunnison","huc8States":"CO","lineageKey":"coloradoRiver","lineage":"coloradoRiver","historic":"coloradoRiver","current":"coloradoRiver","recovery":"recoveryWatch","lineageLabel":"Colorado River green lineage","lineageBasin":"North Fork Gunnison","lineageNote":"Gunnison green-lineage context","atlas_context":"cutthroat_lineage_context","confidence":"Watershed-level lineage context; expert review recommended","geometryStatus":"Named natural stream segment from statewide hydrography","note":"This named natural stream falls within a HUC8 assigned to a cutthroat lineage context.","source_segment_id":"co_named_stream_087470","water_id":"co_coal_creek_14020004_coloradoRiver_002","occurrence_id":"co_coal_creek_14020004_coloradoRiver_002","occurrence_number":"002","segment_count":96,"disambiguator":"North Fork Gunnison · Colorado River green lineage · occurrence 002","basin":"North Fork Gunnison","atlas_layer":"named_water_occurrence","object_role":"named_water_occurrence","historic_label":"Colorado River green lineage","current_label":"Colorado River green lineage","recovery_label":"Recovery watch / review area","tier":"tier1","minZoom":10,"confidence_public":"Watershed-level lineage context; expert review recommended","geometry_status_public":"Named natural stream occurrence from statewide hydrography","geometry_source_public":"Grouped public hydrography segments","trout_source_public":"Compiled public recovery and lineage context; expert review recommended","public_notes":"Coal Creek is shown as a named-water occurrence within watershed-level cutthroat lineage context. This is not a precise biological boundary."}},{"type":"Feature","geometry":{"type":"LineString","coordinates":[[-107.3445,38.7373],[-107.3434,38.7386]]},"properties":{"source_id":"co_named_stream_087475","name":"Coal Creek","display_name":"Coal Creek","mapped_name":"Coal Creek","source_name":"Coal Creek","state":"CO","atlas_class":"named_natural_stream","huc8":"14020004","huc8Name":"North Fork Gunnison","huc8States":"CO","lineageKey":"coloradoRiver","lineage":"coloradoRiver","historic":"coloradoRiver","current":"coloradoRiver","recovery":"recoveryWatch","lineageLabel":"Colorado River green lineage","lineageBasin":"North Fork Gunnison","lineageNote":"Gunnison green-lineage context","atlas_context":"cutthroat_lineage_context","confidence":"Watershed-level lineage context; expert review recommended","geometryStatus":"Named natural stream segment from statewide hydrography","note":"This named natural stream falls within a HUC8 assigned to a cutthroat lineage context.","source_segment_id":"co_named_stream_087475","water_id":"co_coal_creek_14020004_coloradoRiver_002","occurrence_id":"co_coal_creek_14020004_coloradoRiver_002","occurrence_number":"002","segment_count":96,"disambiguator":"North Fork Gunnison · Colorado River green lineage · occurrence 002","basin":"North Fork Gunnison","atlas_layer":"named_water_occurrence","object_role":"named_water_occurrence","historic_label":"Colorado River green lineage","current_label":"Colorado River green lineage","recovery_label":"Recovery watch / review area","tier":"tier1","minZoom":10,"confidence_public":"Watershed-level lineage context; expert review recommended","geometry_status_public":"Named natural stream occurrence from statewide hydrography","geometry_source_public":"Grouped public hydrography segments","trout_source_public":"Compiled public recovery and lineage context; expert review recommended","public_notes":"Coal Creek is shown as a named-water occurrence within watershed-level cutthroat lineage context. This is not a precise biological boundary."}},{"type":"Feature","geometry":{"type":"LineString","coordinates":[[-107.3509,38.727],[-107.3504,38.7286]]},"properties":{"source_id":"co_named_stream_087476","name":"Coal Creek","display_name":"Coal Creek","mapped_name":"Coal Creek","source_name":"Coal Creek","state":"CO","atlas_class":"named_natural_stream","huc8":"14020004","huc8Name":"North Fork Gunnison","huc8States":"CO","lineageKey":"coloradoRiver","lineage":"coloradoRiver","historic":"coloradoRiver","current":"coloradoRiver","recovery":"recoveryWatch","lineageLabel":"Colorado River green lineage","lineageBasin":"North Fork Gunnison","lineageNote":"Gunnison green-lineage context","atlas_context":"cutthroat_lineage_context","confidence":"Watershed-level lineage context; expert review recommended","geometryStatus":"Named natural stream segment from statewide hydrography","note":"This named natural stream falls within a HUC8 assigned to a cutthroat lineage context.","source_segment_id":"co_named_stream_087476","water_id":"co_coal_creek_14020004_coloradoRiver_002","occurrence_id":"co_coal_creek_14020004_coloradoRiver_002","occurrence_number":"002","segment_count":96,"disambiguator":"North Fork Gunnison · Colorado River green lineage · occurrence 002","basin":"North Fork Gunnison","atlas_layer":"named_water_occurrence","object_role":"named_water_occurrence","historic_label":"Colorado River green lineage","current_label":"Colorado River green lineage","recovery_label":"Recovery watch / review area","tier":"tier1","minZoom":10,"confidence_public":"Watershed-level lineage context; expert review recommended","geometry_status_public":"Named natural stream occurrence from statewide hydrography","geometry_source_public":"Grouped public hydrography segments","trout_source_public":"Compiled public recovery and lineage context; expert review recommended","public_notes":"Coal Creek is shown as a named-water occurrence within watershed-level cutthroat lineage context. This is not a precise biological boundary."}},{"type":"Feature","geometry":{"type":"LineString","coordinates":[[-107.3633,38.7149],[-107.362,38.7158]]},"properties":{"source_id":"co_named_stream_087482","name":"Coal Creek","display_name":"Coal Creek","mapped_name":"Coal Creek","source_name":"Coal Creek","state":"CO","atlas_class":"named_natural_stream","huc8":"14020004","huc8Name":"North Fork Gunnison","huc8States":"CO","lineageKey":"coloradoRiver","lineage":"coloradoRiver","historic":"coloradoRiver","current":"coloradoRiver","recovery":"recoveryWatch","lineageLabel":"Colorado River green lineage","lineageBasin":"North Fork Gunnison","lineageNote":"Gunnison green-lineage context","atlas_context":"cutthroat_lineage_context","confidence":"Watershed-level lineage context; expert review recommended","geometryStatus":"Named natural stream segment from statewide hydrography","note":"This named natural stream falls within a HUC8 assigned to a cutthroat lineage context.","source_segment_id":"co_named_stream_087482","water_id":"co_coal_creek_14020004_coloradoRiver_002","occurrence_id":"co_coal_creek_14020004_coloradoRiver_002","occurrence_number":"002","segment_count":96,"disambiguator":"North Fork Gunnison · Colorado River green lineage · occurrence 002","basin":"North Fork Gunnison","atlas_layer":"named_water_occurrence","object_role":"named_water_occurrence","historic_label":"Colorado River green lineage","current_label":"Colorado River green lineage","recovery_label":"Recovery watch / review area","tier":"tier1","minZoom":10,"confidence_public":"Watershed-level lineage context; expert review recommended","geometry_status_public":"Named natural stream occurrence from statewide hydrography","geometry_source_public":"Grouped public hydrography segments","trout_source_public":"Compiled public recovery and lineage context; expert review recommended","public_notes":"Coal Creek is shown as a named-water occurrence within watershed-level cutthroat lineage context. This is not a precise biological boundary."}},{"type":"Feature","geometry":{"type":"LineString","coordinates":[[-107.3475,38.7353],[-107.3445,38.7373]]},"properties":{"source_id":"co_named_stream_087485","name":"Coal Creek","display_name":"Coal Creek","mapped_name":"Coal Creek","source_name":"Coal Creek","state":"CO","atlas_class":"named_natural_stream","huc8":"14020004","huc8Name":"North Fork Gunnison","huc8States":"CO","lineageKey":"coloradoRiver","lineage":"coloradoRiver","historic":"coloradoRiver","current":"coloradoRiver","recovery":"recoveryWatch","lineageLabel":"Colorado River green lineage","lineageBasin":"North Fork Gunnison","lineageNote":"Gunnison green-lineage context","atlas_context":"cutthroat_lineage_context","confidence":"Watershed-level lineage context; expert review recommended","geometryStatus":"Named natural stream segment from statewide hydrography","note":"This named natural stream falls within a HUC8 assigned to a cutthroat lineage context.","source_segment_id":"co_named_stream_087485","water_id":"co_coal_creek_14020004_coloradoRiver_002","occurrence_id":"co_coal_creek_14020004_coloradoRiver_002","occurrence_number":"002","segment_count":96,"disambiguator":"North Fork Gunnison · Colorado River green lineage · occurrence 002","basin":"North Fork Gunnison","atlas_layer":"named_water_occurrence","object_role":"named_water_occurrence","historic_label":"Colorado River green lineage","current_label":"Colorado River green lineage","recovery_label":"Recovery watch / review area","tier":"tier1","minZoom":10,"confidence_public":"Watershed-level lineage context; expert review recommended","geometry_status_public":"Named natural stream occurrence from statewide hydrography","geometry_source_public":"Grouped public hydrography segments","trout_source_public":"Compiled public recovery and lineage context; expert review recommended","public_notes":"Coal Creek is shown as a named-water occurrence within watershed-level cutthroat lineage context. This is not a precise biological boundary."}},{"type":"Feature","geometry":{"type":"LineString","coordinates":[[-107.3347,38.7491],[-107.3345,38.7495]]},"properties":{"source_id":"co_named_stream_087646","name":"Coal Creek","display_name":"Coal Creek","mapped_name":"Coal Creek","source_name":"Coal Creek","state":"CO","atlas_class":"named_natural_stream","huc8":"14020004","huc8Name":"North Fork Gunnison","huc8States":"CO","lineageKey":"coloradoRiver","lineage":"coloradoRiver","historic":"coloradoRiver","current":"coloradoRiver","recovery":"recoveryWatch","lineageLabel":"Colorado River green lineage","lineageBasin":"North Fork Gunnison","lineageNote":"Gunnison green-lineage context","atlas_context":"cutthroat_lineage_context","confidence":"Watershed-level lineage context; expert review recommended","geometryStatus":"Named natural stream segment from statewide hydrography","note":"This named natural stream falls within a HUC8 assigned to a cutthroat lineage context.","source_segment_id":"co_named_stream_087646","water_id":"co_coal_creek_14020004_coloradoRiver_002","occurrence_id":"co_coal_creek_14020004_coloradoRiver_002","occurrence_number":"002","segment_count":96,"disambiguator":"North Fork Gunnison · Colorado River green lineage · occurrence 002","basin":"North Fork Gunnison","atlas_layer":"named_water_occurrence","object_role":"named_water_occurrence","historic_label":"Colorado River green lineage","current_label":"Colorado River green lineage","recovery_label":"Recovery watch / review area","tier":"tier1","minZoom":10,"confidence_public":"Watershed-level lineage context; expert review recommended","geometry_status_public":"Named natural stream occurrence from statewide hydrography","geometry_source_public":"Grouped public hydrography segments","trout_source_public":"Compiled public recovery and lineage context; expert review recommended","public_notes":"Coal Creek is shown as a named-water occurrence within watershed-level cutthroat lineage context. This is not a precise biological boundary."}},{"type":"Feature","geometry":{"type":"LineString","coordinates":[[-107.3345,38.7495],[-107.3347,38.7513]]},"properties":{"source_id":"co_named_stream_087655","name":"Coal Creek","display_name":"Coal Creek","mapped_name":"Coal Creek","source_name":"Coal Creek","state":"CO","atlas_class":"named_natural_stream","huc8":"14020004","huc8Name":"North Fork Gunnison","huc8States":"CO","lineageKey":"coloradoRiver","lineage":"coloradoRiver","historic":"coloradoRiver","current":"coloradoRiver","recovery":"recoveryWatch","lineageLabel":"Colorado River green lineage","lineageBasin":"North Fork Gunnison","lineageNote":"Gunnison green-lineage context","atlas_context":"cutthroat_lineage_context","confidence":"Watershed-level lineage context; expert review recommended","geometryStatus":"Named natural stream segment from statewide hydrography","note":"This named natural stream falls within a HUC8 assigned to a cutthroat lineage context.","source_segment_id":"co_named_stream_087655","water_id":"co_coal_creek_14020004_coloradoRiver_002","occurrence_id":"co_coal_creek_14020004_coloradoRiver_002","occurrence_number":"002","segment_count":96,"disambiguator":"North Fork Gunnison · Colorado River green lineage · occurrence 002","basin":"North Fork Gunnison","atlas_layer":"named_water_occurrence","object_role":"named_water_occurrence","historic_label":"Colorado River green lineage","current_label":"Colorado River green lineage","recovery_label":"Recovery watch / review area","tier":"tier1","minZoom":10,"confidence_public":"Watershed-level lineage context; expert review recommended","geometry_status_public":"Named natural stream occurrence from statewide hydrography","geometry_source_public":"Grouped public hydrography segments","trout_source_public":"Compiled public recovery and lineage context; expert review recommended","public_notes":"Coal Creek is shown as a named-water occurrence within watershed-level cutthroat lineage context. This is not a precise biological boundary."}},{"type":"Feature","geometry":{"type":"LineString","coordinates":[[-107.2504,38.5862],[-107.2487,38.583]]},"properties":{"source_id":"co_named_stream_086798","name":"West Elk Creek","display_name":"West Elk Creek","mapped_name":"West Elk Creek","source_name":"West Elk Creek","state":"CO","atlas_class":"named_natural_stream","huc8":"14020002","huc8Name":"Upper Gunnison","huc8States":"CO","lineageKey":"coloradoRiver","lineage":"coloradoRiver","historic":"coloradoRiver","current":"coloradoRiver","recovery":"recoveryWatch","lineageLabel":"Colorado River green lineage","lineageBasin":"Upper Gunnison","lineageNote":"Gunnison green-lineage context","atlas_context":"cutthroat_lineage_context","confidence":"Watershed-level lineage context; expert review recommended","geometryStatus":"Named natural stream segment from statewide hydrography","note":"This named natural stream falls within a HUC8 assigned to a cutthroat lineage context.","source_segment_id":"co_named_stream_086798","water_id":"co_west_elk_creek_14020002_coloradoRiver_001","occurrence_id":"co_west_elk_creek_14020002_coloradoRiver_001","occurrence_number":"001","segment_count":86,"disambiguator":"Upper Gunnison · Colorado River green lineage · occurrence 001","basin":"Upper Gunnison","atlas_layer":"named_water_occurrence","object_role":"named_water_occurrence","historic_label":"Colorado River green lineage","current_label":"Colorado River green lineage","recovery_label":"Recovery watch / review area","tier":"tier1","minZoom":10,"confidence_public":"Watershed-level lineage context; expert review recommended","geometry_status_public":"Named natural stream occurrence from statewide hydrography","geometry_source_public":"Grouped public hydrography segments","trout_source_public":"Compiled public recovery and lineage context; expert review recommended","public_notes":"West Elk Creek is shown as a named-water occurrence within watershed-level cutthroat lineage context. This is not a precise biological boundary."}},{"type":"Feature","geometry":{"type":"LineString","coordinates":[[-107.2537,38.5922],[-107.2534,38.5912]]},"properties":{"source_id":"co_named_stream_088720","name":"West Elk Creek","display_name":"West Elk Creek","mapped_name":"West Elk Creek","source_name":"West Elk Creek","state":"CO","atlas_class":"named_natural_stream","huc8":"14020002","huc8Name":"Upper Gunnison","huc8States":"CO","lineageKey":"coloradoRiver","lineage":"coloradoRiver","historic":"coloradoRiver","current":"coloradoRiver","recovery":"recoveryWatch","lineageLabel":"Colorado River green lineage","lineageBasin":"Upper Gunnison","lineageNote":"Gunnison green-lineage context","atlas_context":"cutthroat_lineage_context","confidence":"Watershed-level lineage context; expert review recommended","geometryStatus":"Named natural stream segment from statewide hydrography","note":"This named natural stream falls within a HUC8 assigned to a cutthroat lineage context.","source_segment_id":"co_named_stream_088720","water_id":"co_west_elk_creek_14020002_coloradoRiver_001","occurrence_id":"co_west_elk_creek_14020002_coloradoRiver_001","occurrence_number":"001","segment_count":86,"disambiguator":"Upper Gunnison · Colorado River green lineage · occurrence 001","basin":"Upper Gunnison","atlas_layer":"named_water_occurrence","object_role":"named_water_occurrence","historic_label":"Colorado River green lineage","current_label":"Colorado River green lineage","recovery_label":"Recovery watch / review area","tier":"tier1","minZoom":10,"confidence_public":"Watershed-level lineage context; expert review recommended","geometry_status_public":"Named natural stream occurrence from statewide hydrography","geometry_source_public":"Grouped public hydrography segments","trout_source_public":"Compiled public recovery and lineage context; expert review recommended","public_notes":"West Elk Creek is shown as a named-water occurrence within watershed-level cutthroat lineage context. This is not a precise biological boundary."}},{"type":"Feature","geometry":{"type":"LineString","coordinates":[[-107.2534,38.5912],[-107.2505,38.5875],[-107.2504,38.5862]]},"properties":{"source_id":"co_named_stream_088722","name":"West Elk Creek","display_name":"West Elk Creek","mapped_name":"West Elk Creek","source_name":"West Elk Creek","state":"CO","atlas_class":"named_natural_stream","huc8":"14020002","huc8Name":"Upper Gunnison","huc8States":"CO","lineageKey":"coloradoRiver","lineage":"coloradoRiver","historic":"coloradoRiver","current":"coloradoRiver","recovery":"recoveryWatch","lineageLabel":"Colorado River green lineage","lineageBasin":"Upper Gunnison","lineageNote":"Gunnison green-lineage context","atlas_context":"cutthroat_lineage_context","confidence":"Watershed-level lineage context; expert review recommended","geometryStatus":"Named natural stream segment from statewide hydrography","note":"This named natural stream falls within a HUC8 assigned to a cutthroat lineage context.","source_segment_id":"co_named_stream_088722","water_id":"co_west_elk_creek_14020002_coloradoRiver_001","occurrence_id":"co_west_elk_creek_14020002_coloradoRiver_001","occurrence_number":"001","segment_count":86,"disambiguator":"Upper Gunnison · Colorado River green lineage · occurrence 001","basin":"Upper Gunnison","atlas_layer":"named_water_occurrence","object_role":"named_water_occurrence","historic_label":"Colorado River green lineage","current_label":"Colorado River green lineage","recovery_label":"Recovery watch / review area","tier":"tier1","minZoom":10,"confidence_public":"Watershed-level lineage context; expert review recommended","geometry_status_public":"Named natural stream occurrence from statewide hydrography","geometry_source_public":"Grouped public hydrography segments","trout_source_public":"Compiled public recovery and lineage context; expert review recommended","public_notes":"West Elk Creek is shown as a named-water occurrence within watershed-level cutthroat lineage context. This is not a precise biological boundary."}},{"type":"Feature","geometry":{"type":"LineString","coordinates":[[-107.2535,38.6062],[-107.2529,38.6027]]},"properties":{"source_id":"co_named_stream_088724","name":"West Elk Creek","display_name":"West Elk Creek","mapped_name":"West Elk Creek","source_name":"West Elk Creek","state":"CO","atlas_class":"named_natural_stream","huc8":"14020002","huc8Name":"Upper Gunnison","huc8States":"CO","lineageKey":"coloradoRiver","lineage":"coloradoRiver","historic":"coloradoRiver","current":"coloradoRiver","recovery":"recoveryWatch","lineageLabel":"Colorado River green lineage","lineageBasin":"Upper Gunnison","lineageNote":"Gunnison green-lineage context","atlas_context":"cutthroat_lineage_context","confidence":"Watershed-level lineage context; expert review recommended","geometryStatus":"Named natural stream segment from statewide hydrography","note":"This named natural stream falls within a HUC8 assigned to a cutthroat lineage context.","source_segment_id":"co_named_stream_088724","water_id":"co_west_elk_creek_14020002_coloradoRiver_001","occurrence_id":"co_west_elk_creek_14020002_coloradoRiver_001","occurrence_number":"001","segment_count":86,"disambiguator":"Upper Gunnison · Colorado River green lineage · occurrence 001","basin":"Upper Gunnison","atlas_layer":"named_water_occurrence","object_role":"named_water_occurrence","historic_label":"Colorado River green lineage","current_label":"Colorado River green lineage","recovery_label":"Recovery watch / review area","tier":"tier1","minZoom":10,"confidence_public":"Watershed-level lineage context; expert review recommended","geometry_status_public":"Named natural stream occurrence from statewide hydrography","geometry_source_public":"Grouped public hydrography segments","trout_source_public":"Compiled public recovery and lineage context; expert review recommended","public_notes":"West Elk Creek is shown as a named-water occurrence within watershed-level cutthroat lineage context. This is not a precise biological boundary."}},{"type":"Feature","geometry":{"type":"LineString","coordinates":[[-107.2537,38.5942],[-107.2537,38.5922]]},"properties":{"source_id":"co_named_stream_088725","name":"West Elk Creek","display_name":"West Elk Creek","mapped_name":"West Elk Creek","source_name":"West Elk Creek","state":"CO","atlas_class":"named_natural_stream","huc8":"14020002","huc8Name":"Upper Gunnison","huc8States":"CO","lineageKey":"coloradoRiver","lineage":"coloradoRiver","historic":"coloradoRiver","current":"coloradoRiver","recovery":"recoveryWatch","lineageLabel":"Colorado River green lineage","lineageBasin":"Upper Gunnison","lineageNote":"Gunnison green-lineage context","atlas_context":"cutthroat_lineage_context","confidence":"Watershed-level lineage context; expert review recommended","geometryStatus":"Named natural stream segment from statewide hydrography","note":"This named natural stream falls within a HUC8 assigned to a cutthroat lineage context.","source_segment_id":"co_named_stream_088725","water_id":"co_west_elk_creek_14020002_coloradoRiver_001","occurrence_id":"co_west_elk_creek_14020002_coloradoRiver_001","occurrence_number":"001","segment_count":86,"disambiguator":"Upper Gunnison · Colorado River green lineage · occurrence 001","basin":"Upper Gunnison","atlas_layer":"named_water_occurrence","object_role":"named_water_occurrence","historic_label":"Colorado River green lineage","current_label":"Colorado River green lineage","recovery_label":"Recovery watch / review area","tier":"tier1","minZoom":10,"confidence_public":"Watershed-level lineage context; expert review recommended","geometry_status_public":"Named natural stream occurrence from statewide hydrography","geometry_source_public":"Grouped public hydrography segments","trout_source_public":"Compiled public recovery and lineage context; expert review recommended","public_notes":"West Elk Creek is shown as a named-water occurrence within watershed-level cutthroat lineage context. This is not a precise biological boundary."}},{"type":"Feature","geometry":{"type":"LineString","coordinates":[[-107.2551,38.5961],[-107.2539,38.5945]]},"properties":{"source_id":"co_named_stream_088727","name":"West Elk Creek","display_name":"West Elk Creek","mapped_name":"West Elk Creek","source_name":"West Elk Creek","state":"CO","atlas_class":"named_natural_stream","huc8":"14020002","huc8Name":"Upper Gunnison","huc8States":"CO","lineageKey":"coloradoRiver","lineage":"coloradoRiver","historic":"coloradoRiver","current":"coloradoRiver","recovery":"recoveryWatch","lineageLabel":"Colorado River green lineage","lineageBasin":"Upper Gunnison","lineageNote":"Gunnison green-lineage context","atlas_context":"cutthroat_lineage_context","confidence":"Watershed-level lineage context; expert review recommended","geometryStatus":"Named natural stream segment from statewide hydrography","note":"This named natural stream falls within a HUC8 assigned to a cutthroat lineage context.","source_segment_id":"co_named_stream_088727","water_id":"co_west_elk_creek_14020002_coloradoRiver_001","occurrence_id":"co_west_elk_creek_14020002_coloradoRiver_001","occurrence_number":"001","segment_count":86,"disambiguator":"Upper Gunnison · Colorado River green lineage · occurrence 001","basin":"Upper Gunnison","atlas_layer":"named_water_occurrence","object_role":"named_water_occurrence","historic_label":"Colorado River green lineage","current_label":"Colorado River green lineage","recovery_label":"Recovery watch / review area","tier":"tier1","minZoom":10,"confidence_public":"Watershed-level lineage context; expert review recommended","geometry_status_public":"Named natural stream occurrence from statewide hydrography","geometry_source_public":"Grouped public hydrography segments","trout_source_public":"Compiled public recovery and lineage context; expert review recommended","public_notes":"West Elk Creek is shown as a named-water occurrence within watershed-level cutthroat lineage context. This is not a precise biological boundary."}},{"type":"Feature","geometry":{"type":"LineString","coordinates":[[-107.2519,38.6177],[-107.2519,38.6171]]},"properties":{"source_id":"co_named_stream_088729","name":"West Elk Creek","display_name":"West Elk Creek","mapped_name":"West Elk Creek","source_name":"West Elk Creek","state":"CO","atlas_class":"named_natural_stream","huc8":"14020002","huc8Name":"Upper Gunnison","huc8States":"CO","lineageKey":"coloradoRiver","lineage":"coloradoRiver","historic":"coloradoRiver","current":"coloradoRiver","recovery":"recoveryWatch","lineageLabel":"Colorado River green lineage","lineageBasin":"Upper Gunnison","lineageNote":"Gunnison green-lineage context","atlas_context":"cutthroat_lineage_context","confidence":"Watershed-level lineage context; expert review recommended","geometryStatus":"Named natural stream segment from statewide hydrography","note":"This named natural stream falls within a HUC8 assigned to a cutthroat lineage context.","source_segment_id":"co_named_stream_088729","water_id":"co_west_elk_creek_14020002_coloradoRiver_001","occurrence_id":"co_west_elk_creek_14020002_coloradoRiver_001","occurrence_number":"001","segment_count":86,"disambiguator":"Upper Gunnison · Colorado River green lineage · occurrence 001","basin":"Upper Gunnison","atlas_layer":"named_water_occurrence","object_role":"named_water_occurrence","historic_label":"Colorado River green lineage","current_label":"Colorado River green lineage","recovery_label":"Recovery watch / review area","tier":"tier1","minZoom":10,"confidence_public":"Watershed-level lineage context; expert review recommended","geometry_status_public":"Named natural stream occurrence from statewide hydrography","geometry_source_public":"Grouped public hydrography segments","trout_source_public":"Compiled public recovery and lineage context; expert review recommended","public_notes":"West Elk Creek is shown as a named-water occurrence within watershed-level cutthroat lineage context. This is not a precise biological boundary."}},{"type":"Feature","geometry":{"type":"LineString","coordinates":[[-107.2495,38.6227],[-107.2506,38.6199]]},"properties":{"source_id":"co_named_stream_088732","name":"West Elk Creek","display_name":"West Elk Creek","mapped_name":"West Elk Creek","source_name":"West Elk Creek","state":"CO","atlas_class":"named_natural_stream","huc8":"14020002","huc8Name":"Upper Gunnison","huc8States":"CO","lineageKey":"coloradoRiver","lineage":"coloradoRiver","historic":"coloradoRiver","current":"coloradoRiver","recovery":"recoveryWatch","lineageLabel":"Colorado River green lineage","lineageBasin":"Upper Gunnison","lineageNote":"Gunnison green-lineage context","atlas_context":"cutthroat_lineage_context","confidence":"Watershed-level lineage context; expert review recommended","geometryStatus":"Named natural stream segment from statewide hydrography","note":"This named natural stream falls within a HUC8 assigned to a cutthroat lineage context.","source_segment_id":"co_named_stream_088732","water_id":"co_west_elk_creek_14020002_coloradoRiver_001","occurrence_id":"co_west_elk_creek_14020002_coloradoRiver_001","occurrence_number":"001","segment_count":86,"disambiguator":"Upper Gunnison · Colorado River green lineage · occurrence 001","basin":"Upper Gunnison","atlas_layer":"named_water_occurrence","object_role":"named_water_occurrence","historic_label":"Colorado River green lineage","current_label":"Colorado River green lineage","recovery_label":"Recovery watch / review area","tier":"tier1","minZoom":10,"confidence_public":"Watershed-level lineage context; expert review recommended","geometry_status_public":"Named natural stream occurrence from statewide hydrography","geometry_source_public":"Grouped public hydrography segments","trout_source_public":"Compiled public recovery and lineage context; expert review recommended","public_notes":"West Elk Creek is shown as a named-water occurrence within watershed-level cutthroat lineage context. This is not a precise biological boundary."}},{"type":"Feature","geometry":{"type":"LineString","coordinates":[[-107.2531,38.6076],[-107.2535,38.6062]]},"properties":{"source_id":"co_named_stream_088733","name":"West Elk Creek","display_name":"West Elk Creek","mapped_name":"West Elk Creek","source_name":"West Elk Creek","state":"CO","atlas_class":"named_natural_stream","huc8":"14020002","huc8Name":"Upper Gunnison","huc8States":"CO","lineageKey":"coloradoRiver","lineage":"coloradoRiver","historic":"coloradoRiver","current":"coloradoRiver","recovery":"recoveryWatch","lineageLabel":"Colorado River green lineage","lineageBasin":"Upper Gunnison","lineageNote":"Gunnison green-lineage context","atlas_context":"cutthroat_lineage_context","confidence":"Watershed-level lineage context; expert review recommended","geometryStatus":"Named natural stream segment from statewide hydrography","note":"This named natural stream falls within a HUC8 assigned to a cutthroat lineage context.","source_segment_id":"co_named_stream_088733","water_id":"co_west_elk_creek_14020002_coloradoRiver_001","occurrence_id":"co_west_elk_creek_14020002_coloradoRiver_001","occurrence_number":"001","segment_count":86,"disambiguator":"Upper Gunnison · Colorado River green lineage · occurrence 001","basin":"Upper Gunnison","atlas_layer":"named_water_occurrence","object_role":"named_water_occurrence","historic_label":"Colorado River green lineage","current_label":"Colorado River green lineage","recovery_label":"Recovery watch / review area","tier":"tier1","minZoom":10,"confidence_public":"Watershed-level lineage context; expert review recommended","geometry_status_public":"Named natural stream occurrence from statewide hydrography","geometry_source_public":"Grouped public hydrography segments","trout_source_public":"Compiled public recovery and lineage context; expert review recommended","public_notes":"West Elk Creek is shown as a named-water occurrence within watershed-level cutthroat lineage context. This is not a precise biological boundary."}},{"type":"Feature","geometry":{"type":"LineString","coordinates":[[-107.2557,38.5992],[-107.2557,38.5981]]},"properties":{"source_id":"co_named_stream_088735","name":"West Elk Creek","display_name":"West Elk Creek","mapped_name":"West Elk Creek","source_name":"West Elk Creek","state":"CO","atlas_class":"named_natural_stream","huc8":"14020002","huc8Name":"Upper Gunnison","huc8States":"CO","lineageKey":"coloradoRiver","lineage":"coloradoRiver","historic":"coloradoRiver","current":"coloradoRiver","recovery":"recoveryWatch","lineageLabel":"Colorado River green lineage","lineageBasin":"Upper Gunnison","lineageNote":"Gunnison green-lineage context","atlas_context":"cutthroat_lineage_context","confidence":"Watershed-level lineage context; expert review recommended","geometryStatus":"Named natural stream segment from statewide hydrography","note":"This named natural stream falls within a HUC8 assigned to a cutthroat lineage context.","source_segment_id":"co_named_stream_088735","water_id":"co_west_elk_creek_14020002_coloradoRiver_001","occurrence_id":"co_west_elk_creek_14020002_coloradoRiver_001","occurrence_number":"001","segment_count":86,"disambiguator":"Upper Gunnison · Colorado River green lineage · occurrence 001","basin":"Upper Gunnison","atlas_layer":"named_water_occurrence","object_role":"named_water_occurrence","historic_label":"Colorado River green lineage","current_label":"Colorado River green lineage","recovery_label":"Recovery watch / review area","tier":"tier1","minZoom":10,"confidence_public":"Watershed-level lineage context; expert review recommended","geometry_status_public":"Named natural stream occurrence from statewide hydrography","geometry_source_public":"Grouped public hydrography segments","trout_source_public":"Compiled public recovery and lineage context; expert review recommended","public_notes":"West Elk Creek is shown as a named-water occurrence within watershed-level cutthroat lineage context. This is not a precise biological boundary."}},{"type":"Feature","geometry":{"type":"LineString","coordinates":[[-107.2539,38.5945],[-107.2537,38.5942]]},"properties":{"source_id":"co_named_stream_088736","name":"West Elk Creek","display_name":"West Elk Creek","mapped_name":"West Elk Creek","source_name":"West Elk Creek","state":"CO","atlas_class":"named_natural_stream","huc8":"14020002","huc8Name":"Upper Gunnison","huc8States":"CO","lineageKey":"coloradoRiver","lineage":"coloradoRiver","historic":"coloradoRiver","current":"coloradoRiver","recovery":"recoveryWatch","lineageLabel":"Colorado River green lineage","lineageBasin":"Upper Gunnison","lineageNote":"Gunnison green-lineage context","atlas_context":"cutthroat_lineage_context","confidence":"Watershed-level lineage context; expert review recommended","geometryStatus":"Named natural stream segment from statewide hydrography","note":"This named natural stream falls within a HUC8 assigned to a cutthroat lineage context.","source_segment_id":"co_named_stream_088736","water_id":"co_west_elk_creek_14020002_coloradoRiver_001","occurrence_id":"co_west_elk_creek_14020002_coloradoRiver_001","occurrence_number":"001","segment_count":86,"disambiguator":"Upper Gunnison · Colorado River green lineage · occurrence 001","basin":"Upper Gunnison","atlas_layer":"named_water_occurrence","object_role":"named_water_occurrence","historic_label":"Colorado River green lineage","current_label":"Colorado River green lineage","recovery_label":"Recovery watch / review area","tier":"tier1","minZoom":10,"confidence_public":"Watershed-level lineage context; expert review recommended","geometry_status_public":"Named natural stream occurrence from statewide hydrography","geometry_source_public":"Grouped public hydrography segments","trout_source_public":"Compiled public recovery and lineage context; expert review recommended","public_notes":"West Elk Creek is shown as a named-water occurrence within watershed-level cutthroat lineage context. This is not a precise biological boundary."}},{"type":"Feature","geometry":{"type":"LineString","coordinates":[[-107.254,38.6115],[-107.2529,38.6092]]},"properties":{"source_id":"co_named_stream_088737","name":"West Elk Creek","display_name":"West Elk Creek","mapped_name":"West Elk Creek","source_name":"West Elk Creek","state":"CO","atlas_class":"named_natural_stream","huc8":"14020002","huc8Name":"Upper Gunnison","huc8States":"CO","lineageKey":"coloradoRiver","lineage":"coloradoRiver","historic":"coloradoRiver","current":"coloradoRiver","recovery":"recoveryWatch","lineageLabel":"Colorado River green lineage","lineageBasin":"Upper Gunnison","lineageNote":"Gunnison green-lineage context","atlas_context":"cutthroat_lineage_context","confidence":"Watershed-level lineage context; expert review recommended","geometryStatus":"Named natural stream segment from statewide hydrography","note":"This named natural stream falls within a HUC8 assigned to a cutthroat lineage context.","source_segment_id":"co_named_stream_088737","water_id":"co_west_elk_creek_14020002_coloradoRiver_001","occurrence_id":"co_west_elk_creek_14020002_coloradoRiver_001","occurrence_number":"001","segment_count":86,"disambiguator":"Upper Gunnison · Colorado River green lineage · occurrence 001","basin":"Upper Gunnison","atlas_layer":"named_water_occurrence","object_role":"named_water_occurrence","historic_label":"Colorado River green lineage","current_label":"Colorado River green lineage","recovery_label":"Recovery watch / review area","tier":"tier1","minZoom":10,"confidence_public":"Watershed-level lineage context; expert review recommended","geometry_status_public":"Named natural stream occurrence from statewide hydrography","geometry_source_public":"Grouped public hydrography segments","trout_source_public":"Compiled public recovery and lineage context; expert review recommended","public_notes":"West Elk Creek is shown as a named-water occurrence within watershed-level cutthroat lineage context. This is not a precise biological boundary."}},{"type":"Feature","geometry":{"type":"LineString","coordinates":[[-107.2539,38.6118],[-107.254,38.6115]]},"properties":{"source_id":"co_named_stream_088739","name":"West Elk Creek","display_name":"West Elk Creek","mapped_name":"West Elk Creek","source_name":"West Elk Creek","state":"CO","atlas_class":"named_natural_stream","huc8":"14020002","huc8Name":"Upper Gunnison","huc8States":"CO","lineageKey":"coloradoRiver","lineage":"coloradoRiver","historic":"coloradoRiver","current":"coloradoRiver","recovery":"recoveryWatch","lineageLabel":"Colorado River green lineage","lineageBasin":"Upper Gunnison","lineageNote":"Gunnison green-lineage context","atlas_context":"cutthroat_lineage_context","confidence":"Watershed-level lineage context; expert review recommended","geometryStatus":"Named natural stream segment from statewide hydrography","note":"This named natural stream falls within a HUC8 assigned to a cutthroat lineage context.","source_segment_id":"co_named_stream_088739","water_id":"co_west_elk_creek_14020002_coloradoRiver_001","occurrence_id":"co_west_elk_creek_14020002_coloradoRiver_001","occurrence_number":"001","segment_count":86,"disambiguator":"Upper Gunnison · Colorado River green lineage · occurrence 001","basin":"Upper Gunnison","atlas_layer":"named_water_occurrence","object_role":"named_water_occurrence","historic_label":"Colorado River green lineage","current_label":"Colorado River green lineage","recovery_label":"Recovery watch / review area","tier":"tier1","minZoom":10,"confidence_public":"Watershed-level lineage context; expert review recommended","geometry_status_public":"Named natural stream occurrence from statewide hydrography","geometry_source_public":"Grouped public hydrography segments","trout_source_public":"Compiled public recovery and lineage context; expert review recommended","public_notes":"West Elk Creek is shown as a named-water occurrence within watershed-level cutthroat lineage context. This is not a precise biological boundary."}},{"type":"Feature","geometry":{"type":"LineString","coordinates":[[-107.253,38.6079],[-107.2531,38.6076]]},"properties":{"source_id":"co_named_stream_088740","name":"West Elk Creek","display_name":"West Elk Creek","mapped_name":"West Elk Creek","source_name":"West Elk Creek","state":"CO","atlas_class":"named_natural_stream","huc8":"14020002","huc8Name":"Upper Gunnison","huc8States":"CO","lineageKey":"coloradoRiver","lineage":"coloradoRiver","historic":"coloradoRiver","current":"coloradoRiver","recovery":"recoveryWatch","lineageLabel":"Colorado River green lineage","lineageBasin":"Upper Gunnison","lineageNote":"Gunnison green-lineage context","atlas_context":"cutthroat_lineage_context","confidence":"Watershed-level lineage context; expert review recommended","geometryStatus":"Named natural stream segment from statewide hydrography","note":"This named natural stream falls within a HUC8 assigned to a cutthroat lineage context.","source_segment_id":"co_named_stream_088740","water_id":"co_west_elk_creek_14020002_coloradoRiver_001","occurrence_id":"co_west_elk_creek_14020002_coloradoRiver_001","occurrence_number":"001","segment_count":86,"disambiguator":"Upper Gunnison · Colorado River green lineage · occurrence 001","basin":"Upper Gunnison","atlas_layer":"named_water_occurrence","object_role":"named_water_occurrence","historic_label":"Colorado River green lineage","current_label":"Colorado River green lineage","recovery_label":"Recovery watch / review area","tier":"tier1","minZoom":10,"confidence_public":"Watershed-level lineage context; expert review recommended","geometry_status_public":"Named natural stream occurrence from statewide hydrography","geometry_source_public":"Grouped public hydrography segments","trout_source_public":"Compiled public recovery and lineage context; expert review recommended","public_notes":"West Elk Creek is shown as a named-water occurrence within watershed-level cutthroat lineage context. This is not a precise biological boundary."}},{"type":"Feature","geometry":{"type":"LineString","coordinates":[[-107.2506,38.6199],[-107.2519,38.6177]]},"properties":{"source_id":"co_named_stream_088741","name":"West Elk Creek","display_name":"West Elk Creek","mapped_name":"West Elk Creek","source_name":"West Elk Creek","state":"CO","atlas_class":"named_natural_stream","huc8":"14020002","huc8Name":"Upper Gunnison","huc8States":"CO","lineageKey":"coloradoRiver","lineage":"coloradoRiver","historic":"coloradoRiver","current":"coloradoRiver","recovery":"recoveryWatch","lineageLabel":"Colorado River green lineage","lineageBasin":"Upper Gunnison","lineageNote":"Gunnison green-lineage context","atlas_context":"cutthroat_lineage_context","confidence":"Watershed-level lineage context; expert review recommended","geometryStatus":"Named natural stream segment from statewide hydrography","note":"This named natural stream falls within a HUC8 assigned to a cutthroat lineage context.","source_segment_id":"co_named_stream_088741","water_id":"co_west_elk_creek_14020002_coloradoRiver_001","occurrence_id":"co_west_elk_creek_14020002_coloradoRiver_001","occurrence_number":"001","segment_count":86,"disambiguator":"Upper Gunnison · Colorado River green lineage · occurrence 001","basin":"Upper Gunnison","atlas_layer":"named_water_occurrence","object_role":"named_water_occurrence","historic_label":"Colorado River green lineage","current_label":"Colorado River green lineage","recovery_label":"Recovery watch / review area","tier":"tier1","minZoom":10,"confidence_public":"Watershed-level lineage context; expert review recommended","geometry_status_public":"Named natural stream occurrence from statewide hydrography","geometry_source_public":"Grouped public hydrography segments","trout_source_public":"Compiled public recovery and lineage context; expert review recommended","public_notes":"West Elk Creek is shown as a named-water occurrence within watershed-level cutthroat lineage context. This is not a precise biological boundary."}},{"type":"Feature","geometry":{"type":"LineString","coordinates":[[-107.2529,38.6027],[-107.2528,38.6015],[-107.2557,38.5992]]},"properties":{"source_id":"co_named_stream_088742","name":"West Elk Creek","display_name":"West Elk Creek","mapped_name":"West Elk Creek","source_name":"West Elk Creek","state":"CO","atlas_class":"named_natural_stream","huc8":"14020002","huc8Name":"Upper Gunnison","huc8States":"CO","lineageKey":"coloradoRiver","lineage":"coloradoRiver","historic":"coloradoRiver","current":"coloradoRiver","recovery":"recoveryWatch","lineageLabel":"Colorado River green lineage","lineageBasin":"Upper Gunnison","lineageNote":"Gunnison green-lineage context","atlas_context":"cutthroat_lineage_context","confidence":"Watershed-level lineage context; expert review recommended","geometryStatus":"Named natural stream segment from statewide hydrography","note":"This named natural stream falls within a HUC8 assigned to a cutthroat lineage context.","source_segment_id":"co_named_stream_088742","water_id":"co_west_elk_creek_14020002_coloradoRiver_001","occurrence_id":"co_west_elk_creek_14020002_coloradoRiver_001","occurrence_number":"001","segment_count":86,"disambiguator":"Upper Gunnison · Colorado River green lineage · occurrence 001","basin":"Upper Gunnison","atlas_layer":"named_water_occurrence","object_role":"named_water_occurrence","historic_label":"Colorado River green lineage","current_label":"Colorado River green lineage","recovery_label":"Recovery watch / review area","tier":"tier1","minZoom":10,"confidence_public":"Watershed-level lineage context; expert review recommended","geometry_status_public":"Named natural stream occurrence from statewide hydrography","geometry_source_public":"Grouped public hydrography segments","trout_source_public":"Compiled public recovery and lineage context; expert review recommended","public_notes":"West Elk Creek is shown as a named-water occurrence within watershed-level cutthroat lineage context. This is not a precise biological boundary."}},{"type":"Feature","geometry":{"type":"LineString","coordinates":[[-107.2557,38.5981],[-107.2551,38.5961]]},"properties":{"source_id":"co_named_stream_088744","name":"West Elk Creek","display_name":"West Elk Creek","mapped_name":"West Elk Creek","source_name":"West Elk Creek","state":"CO","atlas_class":"named_natural_stream","huc8":"14020002","huc8Name":"Upper Gunnison","huc8States":"CO","lineageKey":"coloradoRiver","lineage":"coloradoRiver","historic":"coloradoRiver","current":"coloradoRiver","recovery":"recoveryWatch","lineageLabel":"Colorado River green lineage","lineageBasin":"Upper Gunnison","lineageNote":"Gunnison green-lineage context","atlas_context":"cutthroat_lineage_context","confidence":"Watershed-level lineage context; expert review recommended","geometryStatus":"Named natural stream segment from statewide hydrography","note":"This named natural stream falls within a HUC8 assigned to a cutthroat lineage context.","source_segment_id":"co_named_stream_088744","water_id":"co_west_elk_creek_14020002_coloradoRiver_001","occurrence_id":"co_west_elk_creek_14020002_coloradoRiver_001","occurrence_number":"001","segment_count":86,"disambiguator":"Upper Gunnison · Colorado River green lineage · occurrence 001","basin":"Upper Gunnison","atlas_layer":"named_water_occurrence","object_role":"named_water_occurrence","historic_label":"Colorado River green lineage","current_label":"Colorado River green lineage","recovery_label":"Recovery watch / review area","tier":"tier1","minZoom":10,"confidence_public":"Watershed-level lineage context; expert review recommended","geometry_status_public":"Named natural stream occurrence from statewide hydrography","geometry_source_public":"Grouped public hydrography segments","trout_source_public":"Compiled public recovery and lineage context; expert review recommended","public_notes":"West Elk Creek is shown as a named-water occurrence within watershed-level cutthroat lineage context. This is not a precise biological boundary."}},{"type":"Feature","geometry":{"type":"LineString","coordinates":[[-107.2519,38.6171],[-107.2521,38.6169]]},"properties":{"source_id":"co_named_stream_088746","name":"West Elk Creek","display_name":"West Elk Creek","mapped_name":"West Elk Creek","source_name":"West Elk Creek","state":"CO","atlas_class":"named_natural_stream","huc8":"14020002","huc8Name":"Upper Gunnison","huc8States":"CO","lineageKey":"coloradoRiver","lineage":"coloradoRiver","historic":"coloradoRiver","current":"coloradoRiver","recovery":"recoveryWatch","lineageLabel":"Colorado River green lineage","lineageBasin":"Upper Gunnison","lineageNote":"Gunnison green-lineage context","atlas_context":"cutthroat_lineage_context","confidence":"Watershed-level lineage context; expert review recommended","geometryStatus":"Named natural stream segment from statewide hydrography","note":"This named natural stream falls within a HUC8 assigned to a cutthroat lineage context.","source_segment_id":"co_named_stream_088746","water_id":"co_west_elk_creek_14020002_coloradoRiver_001","occurrence_id":"co_west_elk_creek_14020002_coloradoRiver_001","occurrence_number":"001","segment_count":86,"disambiguator":"Upper Gunnison · Colorado River green lineage · occurrence 001","basin":"Upper Gunnison","atlas_layer":"named_water_occurrence","object_role":"named_water_occurrence","historic_label":"Colorado River green lineage","current_label":"Colorado River green lineage","recovery_label":"Recovery watch / review area","tier":"tier1","minZoom":10,"confidence_public":"Watershed-level lineage context; expert review recommended","geometry_status_public":"Named natural stream occurrence from statewide hydrography","geometry_source_public":"Grouped public hydrography segments","trout_source_public":"Compiled public recovery and lineage context; expert review recommended","public_notes":"West Elk Creek is shown as a named-water occurrence within watershed-level cutthroat lineage context. This is not a precise biological boundary."}},{"type":"Feature","geometry":{"type":"LineString","coordinates":[[-107.2521,38.6169],[-107.2534,38.6122]]},"properties":{"source_id":"co_named_stream_088747","name":"West Elk Creek","display_name":"West Elk Creek","mapped_name":"West Elk Creek","source_name":"West Elk Creek","state":"CO","atlas_class":"named_natural_stream","huc8":"14020002","huc8Name":"Upper Gunnison","huc8States":"CO","lineageKey":"coloradoRiver","lineage":"coloradoRiver","historic":"coloradoRiver","current":"coloradoRiver","recovery":"recoveryWatch","lineageLabel":"Colorado River green lineage","lineageBasin":"Upper Gunnison","lineageNote":"Gunnison green-lineage context","atlas_context":"cutthroat_lineage_context","confidence":"Watershed-level lineage context; expert review recommended","geometryStatus":"Named natural stream segment from statewide hydrography","note":"This named natural stream falls within a HUC8 assigned to a cutthroat lineage context.","source_segment_id":"co_named_stream_088747","water_id":"co_west_elk_creek_14020002_coloradoRiver_001","occurrence_id":"co_west_elk_creek_14020002_coloradoRiver_001","occurrence_number":"001","segment_count":86,"disambiguator":"Upper Gunnison · Colorado River green lineage · occurrence 001","basin":"Upper Gunnison","atlas_layer":"named_water_occurrence","object_role":"named_water_occurrence","historic_label":"Colorado River green lineage","current_label":"Colorado River green lineage","recovery_label":"Recovery watch / review area","tier":"tier1","minZoom":10,"confidence_public":"Watershed-level lineage context; expert review recommended","geometry_status_public":"Named natural stream occurrence from statewide hydrography","geometry_source_public":"Grouped public hydrography segments","trout_source_public":"Compiled public recovery and lineage context; expert review recommended","public_notes":"West Elk Creek is shown as a named-water occurrence within watershed-level cutthroat lineage context. This is not a precise biological boundary."}},{"type":"Feature","geometry":{"type":"LineString","coordinates":[[-107.2529,38.6092],[-107.253,38.6079]]},"properties":{"source_id":"co_named_stream_088748","name":"West Elk Creek","display_name":"West Elk Creek","mapped_name":"West Elk Creek","source_name":"West Elk Creek","state":"CO","atlas_class":"named_natural_stream","huc8":"14020002","huc8Name":"Upper Gunnison","huc8States":"CO","lineageKey":"coloradoRiver","lineage":"coloradoRiver","historic":"coloradoRiver","current":"coloradoRiver","recovery":"recoveryWatch","lineageLabel":"Colorado River green lineage","lineageBasin":"Upper Gunnison","lineageNote":"Gunnison green-lineage context","atlas_context":"cutthroat_lineage_context","confidence":"Watershed-level lineage context; expert review recommended","geometryStatus":"Named natural stream segment from statewide hydrography","note":"This named natural stream falls within a HUC8 assigned to a cutthroat lineage context.","source_segment_id":"co_named_stream_088748","water_id":"co_west_elk_creek_14020002_coloradoRiver_001","occurrence_id":"co_west_elk_creek_14020002_coloradoRiver_001","occurrence_number":"001","segment_count":86,"disambiguator":"Upper Gunnison · Colorado River green lineage · occurrence 001","basin":"Upper Gunnison","atlas_layer":"named_water_occurrence","object_role":"named_water_occurrence","historic_label":"Colorado River green lineage","current_label":"Colorado River green lineage","recovery_label":"Recovery watch / review area","tier":"tier1","minZoom":10,"confidence_public":"Watershed-level lineage context; expert review recommended","geometry_status_public":"Named natural stream occurrence from statewide hydrography","geometry_source_public":"Grouped public hydrography segments","trout_source_public":"Compiled public recovery and lineage context; expert review recommended","public_notes":"West Elk Creek is shown as a named-water occurrence within watershed-level cutthroat lineage context. This is not a precise biological boundary."}},{"type":"Feature","geometry":{"type":"LineString","coordinates":[[-107.2534,38.6122],[-107.2539,38.6118]]},"properties":{"source_id":"co_named_stream_088749","name":"West Elk Creek","display_name":"West Elk Creek","mapped_name":"West Elk Creek","source_name":"West Elk Creek","state":"CO","atlas_class":"named_natural_stream","huc8":"14020002","huc8Name":"Upper Gunnison","huc8States":"CO","lineageKey":"coloradoRiver","lineage":"coloradoRiver","historic":"coloradoRiver","current":"coloradoRiver","recovery":"recoveryWatch","lineageLabel":"Colorado River green lineage","lineageBasin":"Upper Gunnison","lineageNote":"Gunnison green-lineage context","atlas_context":"cutthroat_lineage_context","confidence":"Watershed-level lineage context; expert review recommended","geometryStatus":"Named natural stream segment from statewide hydrography","note":"This named natural stream falls within a HUC8 assigned to a cutthroat lineage context.","source_segment_id":"co_named_stream_088749","water_id":"co_west_elk_creek_14020002_coloradoRiver_001","occurrence_id":"co_west_elk_creek_14020002_coloradoRiver_001","occurrence_number":"001","segment_count":86,"disambiguator":"Upper Gunnison · Colorado River green lineage · occurrence 001","basin":"Upper Gunnison","atlas_layer":"named_water_occurrence","object_role":"named_water_occurrence","historic_label":"Colorado River green lineage","current_label":"Colorado River green lineage","recovery_label":"Recovery watch / review area","tier":"tier1","minZoom":10,"confidence_public":"Watershed-level lineage context; expert review recommended","geometry_status_public":"Named natural stream occurrence from statewide hydrography","geometry_source_public":"Grouped public hydrography segments","trout_source_public":"Compiled public recovery and lineage context; expert review recommended","public_notes":"West Elk Creek is shown as a named-water occurrence within watershed-level cutthroat lineage context. This is not a precise biological boundary."}},{"type":"Feature","geometry":{"type":"LineString","coordinates":[[-107.2467,38.5513],[-107.2486,38.5486],[-107.2531,38.5472]]},"properties":{"source_id":"co_named_stream_096054","name":"West Elk Creek","display_name":"West Elk Creek","mapped_name":"West Elk Creek","source_name":"West Elk Creek","state":"CO","atlas_class":"named_natural_stream","huc8":"14020002","huc8Name":"Upper Gunnison","huc8States":"CO","lineageKey":"coloradoRiver","lineage":"coloradoRiver","historic":"coloradoRiver","current":"coloradoRiver","recovery":"recoveryWatch","lineageLabel":"Colorado River green lineage","lineageBasin":"Upper Gunnison","lineageNote":"Gunnison green-lineage context","atlas_context":"cutthroat_lineage_context","confidence":"Watershed-level lineage context; expert review recommended","geometryStatus":"Named natural stream segment from statewide hydrography","note":"This named natural stream falls within a HUC8 assigned to a cutthroat lineage context.","source_segment_id":"co_named_stream_096054","water_id":"co_west_elk_creek_14020002_coloradoRiver_001","occurrence_id":"co_west_elk_creek_14020002_coloradoRiver_001","occurrence_number":"001","segment_count":86,"disambiguator":"Upper Gunnison · Colorado River green lineage · occurrence 001","basin":"Upper Gunnison","atlas_layer":"named_water_occurrence","object_role":"named_water_occurrence","historic_label":"Colorado River green lineage","current_label":"Colorado River green lineage","recovery_label":"Recovery watch / review area","tier":"tier1","minZoom":10,"confidence_public":"Watershed-level lineage context; expert review recommended","geometry_status_public":"Named natural stream occurrence from statewide hydrography","geometry_source_public":"Grouped public hydrography segments","trout_source_public":"Compiled public recovery and lineage context; expert review recommended","public_notes":"West Elk Creek is shown as a named-water occurrence within watershed-level cutthroat lineage context. This is not a precise biological boundary."}},{"type":"Feature","geometry":{"type":"LineString","coordinates":[[-107.2622,38.5351],[-107.2626,38.5344],[-107.2617,38.5335],[-107.2631,38.5284]]},"properties":{"source_id":"co_named_stream_096057","name":"West Elk Creek","display_name":"West Elk Creek","mapped_name":"West Elk Creek","source_name":"West Elk Creek","state":"CO","atlas_class":"named_natural_stream","huc8":"14020002","huc8Name":"Upper Gunnison","huc8States":"CO","lineageKey":"coloradoRiver","lineage":"coloradoRiver","historic":"coloradoRiver","current":"coloradoRiver","recovery":"recoveryWatch","lineageLabel":"Colorado River green lineage","lineageBasin":"Upper Gunnison","lineageNote":"Gunnison green-lineage context","atlas_context":"cutthroat_lineage_context","confidence":"Watershed-level lineage context; expert review recommended","geometryStatus":"Named natural stream segment from statewide hydrography","note":"This named natural stream falls within a HUC8 assigned to a cutthroat lineage context.","source_segment_id":"co_named_stream_096057","water_id":"co_west_elk_creek_14020002_coloradoRiver_001","occurrence_id":"co_west_elk_creek_14020002_coloradoRiver_001","occurrence_number":"001","segment_count":86,"disambiguator":"Upper Gunnison · Colorado River green lineage · occurrence 001","basin":"Upper Gunnison","atlas_layer":"named_water_occurrence","object_role":"named_water_occurrence","historic_label":"Colorado River green lineage","current_label":"Colorado River green lineage","recovery_label":"Recovery watch / review area","tier":"tier1","minZoom":10,"confidence_public":"Watershed-level lineage context; expert review recommended","geometry_status_public":"Named natural stream occurrence from statewide hydrography","geometry_source_public":"Grouped public hydrography segments","trout_source_public":"Compiled public recovery and lineage context; expert review recommended","public_notes":"West Elk Creek is shown as a named-water occurrence within watershed-level cutthroat lineage context. This is not a precise biological boundary."}},{"type":"Feature","geometry":{"type":"LineString","coordinates":[[-107.2533,38.5472],[-107.2552,38.5443]]},"properties":{"source_id":"co_named_stream_096058","name":"West Elk Creek","display_name":"West Elk Creek","mapped_name":"West Elk Creek","source_name":"West Elk Creek","state":"CO","atlas_class":"named_natural_stream","huc8":"14020002","huc8Name":"Upper Gunnison","huc8States":"CO","lineageKey":"coloradoRiver","lineage":"coloradoRiver","historic":"coloradoRiver","current":"coloradoRiver","recovery":"recoveryWatch","lineageLabel":"Colorado River green lineage","lineageBasin":"Upper Gunnison","lineageNote":"Gunnison green-lineage context","atlas_context":"cutthroat_lineage_context","confidence":"Watershed-level lineage context; expert review recommended","geometryStatus":"Named natural stream segment from statewide hydrography","note":"This named natural stream falls within a HUC8 assigned to a cutthroat lineage context.","source_segment_id":"co_named_stream_096058","water_id":"co_west_elk_creek_14020002_coloradoRiver_001","occurrence_id":"co_west_elk_creek_14020002_coloradoRiver_001","occurrence_number":"001","segment_count":86,"disambiguator":"Upper Gunnison · Colorado River green lineage · occurrence 001","basin":"Upper Gunnison","atlas_layer":"named_water_occurrence","object_role":"named_water_occurrence","historic_label":"Colorado River green lineage","current_label":"Colorado River green lineage","recovery_label":"Recovery watch / review area","tier":"tier1","minZoom":10,"confidence_public":"Watershed-level lineage context; expert review recommended","geometry_status_public":"Named natural stream occurrence from statewide hydrography","geometry_source_public":"Grouped public hydrography segments","trout_source_public":"Compiled public recovery and lineage context; expert review recommended","public_notes":"West Elk Creek is shown as a named-water occurrence within watershed-level cutthroat lineage context. This is not a precise biological boundary."}},{"type":"Feature","geometry":{"type":"LineString","coordinates":[[-107.2584,38.5417],[-107.2609,38.5384]]},"properties":{"source_id":"co_named_stream_096060","name":"West Elk Creek","display_name":"West Elk Creek","mapped_name":"West Elk Creek","source_name":"West Elk Creek","state":"CO","atlas_class":"named_natural_stream","huc8":"14020002","huc8Name":"Upper Gunnison","huc8States":"CO","lineageKey":"coloradoRiver","lineage":"coloradoRiver","historic":"coloradoRiver","current":"coloradoRiver","recovery":"recoveryWatch","lineageLabel":"Colorado River green lineage","lineageBasin":"Upper Gunnison","lineageNote":"Gunnison green-lineage context","atlas_context":"cutthroat_lineage_context","confidence":"Watershed-level lineage context; expert review recommended","geometryStatus":"Named natural stream segment from statewide hydrography","note":"This named natural stream falls within a HUC8 assigned to a cutthroat lineage context.","source_segment_id":"co_named_stream_096060","water_id":"co_west_elk_creek_14020002_coloradoRiver_001","occurrence_id":"co_west_elk_creek_14020002_coloradoRiver_001","occurrence_number":"001","segment_count":86,"disambiguator":"Upper Gunnison · Colorado River green lineage · occurrence 001","basin":"Upper Gunnison","atlas_layer":"named_water_occurrence","object_role":"named_water_occurrence","historic_label":"Colorado River green lineage","current_label":"Colorado River green lineage","recovery_label":"Recovery watch / review area","tier":"tier1","minZoom":10,"confidence_public":"Watershed-level lineage context; expert review recommended","geometry_status_public":"Named natural stream occurrence from statewide hydrography","geometry_source_public":"Grouped public hydrography segments","trout_source_public":"Compiled public recovery and lineage context; expert review recommended","public_notes":"West Elk Creek is shown as a named-water occurrence within watershed-level cutthroat lineage context. This is not a precise biological boundary."}},{"type":"Feature","geometry":{"type":"LineString","coordinates":[[-107.2531,38.5472],[-107.2533,38.5472]]},"properties":{"source_id":"co_named_stream_096062","name":"West Elk Creek","display_name":"West Elk Creek","mapped_name":"West Elk Creek","source_name":"West Elk Creek","state":"CO","atlas_class":"named_natural_stream","huc8":"14020002","huc8Name":"Upper Gunnison","huc8States":"CO","lineageKey":"coloradoRiver","lineage":"coloradoRiver","historic":"coloradoRiver","current":"coloradoRiver","recovery":"recoveryWatch","lineageLabel":"Colorado River green lineage","lineageBasin":"Upper Gunnison","lineageNote":"Gunnison green-lineage context","atlas_context":"cutthroat_lineage_context","confidence":"Watershed-level lineage context; expert review recommended","geometryStatus":"Named natural stream segment from statewide hydrography","note":"This named natural stream falls within a HUC8 assigned to a cutthroat lineage context.","source_segment_id":"co_named_stream_096062","water_id":"co_west_elk_creek_14020002_coloradoRiver_001","occurrence_id":"co_west_elk_creek_14020002_coloradoRiver_001","occurrence_number":"001","segment_count":86,"disambiguator":"Upper Gunnison · Colorado River green lineage · occurrence 001","basin":"Upper Gunnison","atlas_layer":"named_water_occurrence","object_role":"named_water_occurrence","historic_label":"Colorado River green lineage","current_label":"Colorado River green lineage","recovery_label":"Recovery watch / review area","tier":"tier1","minZoom":10,"confidence_public":"Watershed-level lineage context; expert review recommended","geometry_status_public":"Named natural stream occurrence from statewide hydrography","geometry_source_public":"Grouped public hydrography segments","trout_source_public":"Compiled public recovery and lineage context; expert review recommended","public_notes":"West Elk Creek is shown as a named-water occurrence within watershed-level cutthroat lineage context. This is not a precise biological boundary."}},{"type":"Feature","geometry":{"type":"LineString","coordinates":[[-107.2721,38.5111],[-107.274,38.5086],[-107.2733,38.5064]]},"properties":{"source_id":"co_named_stream_096065","name":"West Elk Creek","display_name":"West Elk Creek","mapped_name":"West Elk Creek","source_name":"West Elk Creek","state":"CO","atlas_class":"named_natural_stream","huc8":"14020002","huc8Name":"Upper Gunnison","huc8States":"CO","lineageKey":"coloradoRiver","lineage":"coloradoRiver","historic":"coloradoRiver","current":"coloradoRiver","recovery":"recoveryWatch","lineageLabel":"Colorado River green lineage","lineageBasin":"Upper Gunnison","lineageNote":"Gunnison green-lineage context","atlas_context":"cutthroat_lineage_context","confidence":"Watershed-level lineage context; expert review recommended","geometryStatus":"Named natural stream segment from statewide hydrography","note":"This named natural stream falls within a HUC8 assigned to a cutthroat lineage context.","source_segment_id":"co_named_stream_096065","water_id":"co_west_elk_creek_14020002_coloradoRiver_001","occurrence_id":"co_west_elk_creek_14020002_coloradoRiver_001","occurrence_number":"001","segment_count":86,"disambiguator":"Upper Gunnison · Colorado River green lineage · occurrence 001","basin":"Upper Gunnison","atlas_layer":"named_water_occurrence","object_role":"named_water_occurrence","historic_label":"Colorado River green lineage","current_label":"Colorado River green lineage","recovery_label":"Recovery watch / review area","tier":"tier1","minZoom":10,"confidence_public":"Watershed-level lineage context; expert review recommended","geometry_status_public":"Named natural stream occurrence from statewide hydrography","geometry_source_public":"Grouped public hydrography segments","trout_source_public":"Compiled public recovery and lineage context; expert review recommended","public_notes":"West Elk Creek is shown as a named-water occurrence within watershed-level cutthroat lineage context. This is not a precise biological boundary."}},{"type":"Feature","geometry":{"type":"LineString","coordinates":[[-107.2609,38.5384],[-107.2622,38.5373],[-107.2622,38.5351]]},"properties":{"source_id":"co_named_stream_096069","name":"West Elk Creek","display_name":"West Elk Creek","mapped_name":"West Elk Creek","source_name":"West Elk Creek","state":"CO","atlas_class":"named_natural_stream","huc8":"14020002","huc8Name":"Upper Gunnison","huc8States":"CO","lineageKey":"coloradoRiver","lineage":"coloradoRiver","historic":"coloradoRiver","current":"coloradoRiver","recovery":"recoveryWatch","lineageLabel":"Colorado River green lineage","lineageBasin":"Upper Gunnison","lineageNote":"Gunnison green-lineage context","atlas_context":"cutthroat_lineage_context","confidence":"Watershed-level lineage context; expert review recommended","geometryStatus":"Named natural stream segment from statewide hydrography","note":"This named natural stream falls within a HUC8 assigned to a cutthroat lineage context.","source_segment_id":"co_named_stream_096069","water_id":"co_west_elk_creek_14020002_coloradoRiver_001","occurrence_id":"co_west_elk_creek_14020002_coloradoRiver_001","occurrence_number":"001","segment_count":86,"disambiguator":"Upper Gunnison · Colorado River green lineage · occurrence 001","basin":"Upper Gunnison","atlas_layer":"named_water_occurrence","object_role":"named_water_occurrence","historic_label":"Colorado River green lineage","current_label":"Colorado River green lineage","recovery_label":"Recovery watch / review area","tier":"tier1","minZoom":10,"confidence_public":"Watershed-level lineage context; expert review recommended","geometry_status_public":"Named natural stream occurrence from statewide hydrography","geometry_source_public":"Grouped public hydrography segments","trout_source_public":"Compiled public recovery and lineage context; expert review recommended","public_notes":"West Elk Creek is shown as a named-water occurrence within watershed-level cutthroat lineage context. This is not a precise biological boundary."}},{"type":"Feature","geometry":{"type":"LineString","coordinates":[[-107.2631,38.5284],[-107.2635,38.5271],[-107.2629,38.5264]]},"properties":{"source_id":"co_named_stream_096072","name":"West Elk Creek","display_name":"West Elk Creek","mapped_name":"West Elk Creek","source_name":"West Elk Creek","state":"CO","atlas_class":"named_natural_stream","huc8":"14020002","huc8Name":"Upper Gunnison","huc8States":"CO","lineageKey":"coloradoRiver","lineage":"coloradoRiver","historic":"coloradoRiver","current":"coloradoRiver","recovery":"recoveryWatch","lineageLabel":"Colorado River green lineage","lineageBasin":"Upper Gunnison","lineageNote":"Gunnison green-lineage context","atlas_context":"cutthroat_lineage_context","confidence":"Watershed-level lineage context; expert review recommended","geometryStatus":"Named natural stream segment from statewide hydrography","note":"This named natural stream falls within a HUC8 assigned to a cutthroat lineage context.","source_segment_id":"co_named_stream_096072","water_id":"co_west_elk_creek_14020002_coloradoRiver_001","occurrence_id":"co_west_elk_creek_14020002_coloradoRiver_001","occurrence_number":"001","segment_count":86,"disambiguator":"Upper Gunnison · Colorado River green lineage · occurrence 001","basin":"Upper Gunnison","atlas_layer":"named_water_occurrence","object_role":"named_water_occurrence","historic_label":"Colorado River green lineage","current_label":"Colorado River green lineage","recovery_label":"Recovery watch / review area","tier":"tier1","minZoom":10,"confidence_public":"Watershed-level lineage context; expert review recommended","geometry_status_public":"Named natural stream occurrence from statewide hydrography","geometry_source_public":"Grouped public hydrography segments","trout_source_public":"Compiled public recovery and lineage context; expert review recommended","public_notes":"West Elk Creek is shown as a named-water occurrence within watershed-level cutthroat lineage context. This is not a precise biological boundary."}},{"type":"Feature","geometry":{"type":"LineString","coordinates":[[-107.2629,38.5264],[-107.2661,38.5232]]},"properties":{"source_id":"co_named_stream_096074","name":"West Elk Creek","display_name":"West Elk Creek","mapped_name":"West Elk Creek","source_name":"West Elk Creek","state":"CO","atlas_class":"named_natural_stream","huc8":"14020002","huc8Name":"Upper Gunnison","huc8States":"CO","lineageKey":"coloradoRiver","lineage":"coloradoRiver","historic":"coloradoRiver","current":"coloradoRiver","recovery":"recoveryWatch","lineageLabel":"Colorado River green lineage","lineageBasin":"Upper Gunnison","lineageNote":"Gunnison green-lineage context","atlas_context":"cutthroat_lineage_context","confidence":"Watershed-level lineage context; expert review recommended","geometryStatus":"Named natural stream segment from statewide hydrography","note":"This named natural stream falls within a HUC8 assigned to a cutthroat lineage context.","source_segment_id":"co_named_stream_096074","water_id":"co_west_elk_creek_14020002_coloradoRiver_001","occurrence_id":"co_west_elk_creek_14020002_coloradoRiver_001","occurrence_number":"001","segment_count":86,"disambiguator":"Upper Gunnison · Colorado River green lineage · occurrence 001","basin":"Upper Gunnison","atlas_layer":"named_water_occurrence","object_role":"named_water_occurrence","historic_label":"Colorado River green lineage","current_label":"Colorado River green lineage","recovery_label":"Recovery watch / review area","tier":"tier1","minZoom":10,"confidence_public":"Watershed-level lineage context; expert review recommended","geometry_status_public":"Named natural stream occurrence from statewide hydrography","geometry_source_public":"Grouped public hydrography segments","trout_source_public":"Compiled public recovery and lineage context; expert review recommended","public_notes":"West Elk Creek is shown as a named-water occurrence within watershed-level cutthroat lineage context. This is not a precise biological boundary."}},{"type":"Feature","geometry":{"type":"LineString","coordinates":[[-107.2688,38.5126],[-107.2721,38.5111]]},"properties":{"source_id":"co_named_stream_096075","name":"West Elk Creek","display_name":"West Elk Creek","mapped_name":"West Elk Creek","source_name":"West Elk Creek","state":"CO","atlas_class":"named_natural_stream","huc8":"14020002","huc8Name":"Upper Gunnison","huc8States":"CO","lineageKey":"coloradoRiver","lineage":"coloradoRiver","historic":"coloradoRiver","current":"coloradoRiver","recovery":"recoveryWatch","lineageLabel":"Colorado River green lineage","lineageBasin":"Upper Gunnison","lineageNote":"Gunnison green-lineage context","atlas_context":"cutthroat_lineage_context","confidence":"Watershed-level lineage context; expert review recommended","geometryStatus":"Named natural stream segment from statewide hydrography","note":"This named natural stream falls within a HUC8 assigned to a cutthroat lineage context.","source_segment_id":"co_named_stream_096075","water_id":"co_west_elk_creek_14020002_coloradoRiver_001","occurrence_id":"co_west_elk_creek_14020002_coloradoRiver_001","occurrence_number":"001","segment_count":86,"disambiguator":"Upper Gunnison · Colorado River green lineage · occurrence 001","basin":"Upper Gunnison","atlas_layer":"named_water_occurrence","object_role":"named_water_occurrence","historic_label":"Colorado River green lineage","current_label":"Colorado River green lineage","recovery_label":"Recovery watch / review area","tier":"tier1","minZoom":10,"confidence_public":"Watershed-level lineage context; expert review recommended","geometry_status_public":"Named natural stream occurrence from statewide hydrography","geometry_source_public":"Grouped public hydrography segments","trout_source_public":"Compiled public recovery and lineage context; expert review recommended","public_notes":"West Elk Creek is shown as a named-water occurrence within watershed-level cutthroat lineage context. This is not a precise biological boundary."}},{"type":"Feature","geometry":{"type":"LineString","coordinates":[[-107.2552,38.5443],[-107.2569,38.5439],[-107.2584,38.5417]]},"properties":{"source_id":"co_named_stream_096076","name":"West Elk Creek","display_name":"West Elk Creek","mapped_name":"West Elk Creek","source_name":"West Elk Creek","state":"CO","atlas_class":"named_natural_stream","huc8":"14020002","huc8Name":"Upper Gunnison","huc8States":"CO","lineageKey":"coloradoRiver","lineage":"coloradoRiver","historic":"coloradoRiver","current":"coloradoRiver","recovery":"recoveryWatch","lineageLabel":"Colorado River green lineage","lineageBasin":"Upper Gunnison","lineageNote":"Gunnison green-lineage context","atlas_context":"cutthroat_lineage_context","confidence":"Watershed-level lineage context; expert review recommended","geometryStatus":"Named natural stream segment from statewide hydrography","note":"This named natural stream falls within a HUC8 assigned to a cutthroat lineage context.","source_segment_id":"co_named_stream_096076","water_id":"co_west_elk_creek_14020002_coloradoRiver_001","occurrence_id":"co_west_elk_creek_14020002_coloradoRiver_001","occurrence_number":"001","segment_count":86,"disambiguator":"Upper Gunnison · Colorado River green lineage · occurrence 001","basin":"Upper Gunnison","atlas_layer":"named_water_occurrence","object_role":"named_water_occurrence","historic_label":"Colorado River green lineage","current_label":"Colorado River green lineage","recovery_label":"Recovery watch / review area","tier":"tier1","minZoom":10,"confidence_public":"Watershed-level lineage context; expert review recommended","geometry_status_public":"Named natural stream occurrence from statewide hydrography","geometry_source_public":"Grouped public hydrography segments","trout_source_public":"Compiled public recovery and lineage context; expert review recommended","public_notes":"West Elk Creek is shown as a named-water occurrence within watershed-level cutthroat lineage context. This is not a precise biological boundary."}},{"type":"Feature","geometry":{"type":"LineString","coordinates":[[-107.2661,38.5232],[-107.267,38.5228],[-107.2664,38.5218],[-107.2677,38.5185],[-107.2672,38.5178],[-107.2701,38.5149],[-107.2688,38.5126]]},"properties":{"source_id":"co_named_stream_096078","name":"West Elk Creek","display_name":"West Elk Creek","mapped_name":"West Elk Creek","source_name":"West Elk Creek","state":"CO","atlas_class":"named_natural_stream","huc8":"14020002","huc8Name":"Upper Gunnison","huc8States":"CO","lineageKey":"coloradoRiver","lineage":"coloradoRiver","historic":"coloradoRiver","current":"coloradoRiver","recovery":"recoveryWatch","lineageLabel":"Colorado River green lineage","lineageBasin":"Upper Gunnison","lineageNote":"Gunnison green-lineage context","atlas_context":"cutthroat_lineage_context","confidence":"Watershed-level lineage context; expert review recommended","geometryStatus":"Named natural stream segment from statewide hydrography","note":"This named natural stream falls within a HUC8 assigned to a cutthroat lineage context.","source_segment_id":"co_named_stream_096078","water_id":"co_west_elk_creek_14020002_coloradoRiver_001","occurrence_id":"co_west_elk_creek_14020002_coloradoRiver_001","occurrence_number":"001","segment_count":86,"disambiguator":"Upper Gunnison · Colorado River green lineage · occurrence 001","basin":"Upper Gunnison","atlas_layer":"named_water_occurrence","object_role":"named_water_occurrence","historic_label":"Colorado River green lineage","current_label":"Colorado River green lineage","recovery_label":"Recovery watch / review area","tier":"tier1","minZoom":10,"confidence_public":"Watershed-level lineage context; expert review recommended","geometry_status_public":"Named natural stream occurrence from statewide hydrography","geometry_source_public":"Grouped public hydrography segments","trout_source_public":"Compiled public recovery and lineage context; expert review recommended","public_notes":"West Elk Creek is shown as a named-water occurrence within watershed-level cutthroat lineage context. This is not a precise biological boundary."}}]}